gene	library	entry	c_grade	ctx_papers	candidates	verified_n	all_status
AQP5	face_v6	face_v6/face_increment::Conj_epithelium_basal	C_strong	9	40838019,42510603,39560701,38514716,28733649	5	{"40838019": "in_corpus", "42510603": "in_corpus", "39560701": "in_corpus", "38514716": "in_corpus", "28733649": "in_corpus"}
CXCL17	face_v6	face_v6/face_increment::Conj_epithelium_basal	C_strong	6	34741068,35750043,37443842,39532995,32502616	5	{"34741068": "in_corpus", "35750043": "in_corpus", "37443842": "in_corpus", "39532995": "in_corpus", "32502616": "in_corpus"}
KRT13	face_v6	face_v6/face_increment::Conj_epithelium_basal	C_strong	14	33865984,40813888,34741068,36078126,32374427	5	{"33865984": "in_corpus", "40813888": "in_corpus", "34741068": "in_corpus", "36078126": "in_corpus", "32374427": "in_corpus"}
KRT19	face_v6	face_v6/face_increment::Conj_epithelium_basal	C_strong	20	33865984,40813888,37856539,40238113,37443842	5	{"33865984": "in_corpus", "40813888": "in_corpus", "37856539": "in_corpus", "40238113": "in_corpus", "37443842": "in_corpus"}
KRT4	face_v6	face_v6/face_increment::Conj_epithelium_basal	C_strong	11	33865984,40813888,36078126,34827649,38514716	5	{"33865984": "in_corpus", "40813888": "in_corpus", "36078126": "in_corpus", "34827649": "in_corpus", "38514716": "in_corpus"}
LCN2	face_v6	face_v6/face_increment::Conj_epithelium_basal	C_strong	4	37443842,42450352,39532995,42589107	4	{"37443842": "in_corpus", "42450352": "in_corpus", "39532995": "in_corpus", "42589107": "in_corpus"}
FDCSP	face_v6	face_v6/face_increment::Conj_epithelium_superficial	C_mid	1	42589107	1	{"42589107": "in_corpus"}
SCGB3A1	face_v6	face_v6/face_increment::Conj_epithelium_superficial	C_mid	2	42589107,34769520	2	{"42589107": "in_corpus", "34769520": "in_corpus"}
COX4I2	face_v6	face_v6/stromal_repair::Pericyte	C_mid	1	36671500	1	{"36671500": "in_corpus"}
NOTCH3	face_v6	face_v6/stromal_repair::Pericyte	C_strong	4	38383070,41261164,37443842,40838019	4	{"38383070": "in_corpus", "41261164": "in_corpus", "37443842": "in_corpus", "40838019": "in_corpus"}
DES	face_v6	face_v6/stromal_repair::SMC	C_strong	5	38379013,41551761,33057006,41153332,42278250	5	{"38379013": "in_corpus", "41551761": "in_corpus", "33057006": "in_corpus", "41153332": "in_corpus", "42278250": "in_corpus"}
MYH11	face_v6	face_v6/stromal_repair::SMC	C_mid	1	40576432	1	{"40576432": "in_corpus"}
MYL9	face_v6	face_v6/stromal_repair::SMC	C_strong	4	40838019,38862482,39101028,42620929	4	{"40838019": "in_corpus", "38862482": "in_corpus", "39101028": "in_corpus", "42620929": "in_corpus"}
KRT4	kb9	kb9/new_terms::Conj_epithelium_suprabasal	C_strong	12	33865984,35858321,40813888,36078126,34827649	5	{"33865984": "in_corpus", "35858321": "in_corpus", "40813888": "in_corpus", "36078126": "in_corpus", "34827649": "in_corpus"}
S100A8	kb9	kb9/new_terms::Conj_epithelium_suprabasal	C_strong	10	33865984,34741068,40390022,40238113,36671500	5	{"33865984": "in_corpus", "34741068": "in_corpus", "40390022": "in_corpus", "40238113": "in_corpus", "36671500": "in_corpus"}
S100A9	kb9	kb9/new_terms::Conj_epithelium_suprabasal	C_strong	14	33865984,40390022,40238113,37443842,34381080	5	{"33865984": "in_corpus", "40390022": "in_corpus", "40238113": "in_corpus", "37443842": "in_corpus", "34381080": "in_corpus"}
DPT	kb9	kb9/new_terms::Limbus_Sclera_fibroblast_C1	C_mid	1	35517867	1	{"35517867": "in_corpus"}
LAMA2	kb9	kb9/new_terms::Limbus_Sclera_fibroblast_C1	C_mid	1	35858321	1	{"35858321": "in_corpus"}
ABCB5	kb9	kb9/new_terms::Melanocyte	C_strong	22	33865984,34677208,37626899,34930437,37443842	5	{"33865984": "in_corpus", "34677208": "in_corpus", "37626899": "in_corpus", "34930437": "in_corpus", "37443842": "in_corpus"}
DCT	kb9	kb9/new_terms::Melanocyte	C_strong	11	35858321,34381080,40112840,40778698,39532995	5	{"35858321": "in_corpus", "34381080": "in_corpus", "40112840": "in_corpus", "40778698": "in_corpus", "39532995": "in_corpus"}
MLANA	kb9	kb9/new_terms::Melanocyte	C_strong	14	33865984,35858321,38961590,40131296,40778698	5	{"33865984": "in_corpus", "35858321": "in_corpus", "38961590": "in_corpus", "40131296": "in_corpus", "40778698": "in_corpus"}
PMEL	kb9	kb9/new_terms::Melanocyte	C_strong	9	33865984,35517867,34381080,40778698,39532995	5	{"33865984": "in_corpus", "35517867": "in_corpus", "34381080": "in_corpus", "40778698": "in_corpus", "39532995": "in_corpus"}
SLC24A5	kb9	kb9/new_terms::Melanocyte	C_mid	1	35858321	1	{"35858321": "in_corpus"}
TRPM1	kb9	kb9/new_terms::Melanocyte	C_mid	1	36712326	1	{"36712326": "in_corpus"}
TYR	kb9	kb9/new_terms::Melanocyte	C_strong	7	33865984,35858321,40131296,39532995,36712326	5	{"33865984": "in_corpus", "35858321": "in_corpus", "40131296": "in_corpus", "39532995": "in_corpus", "36712326": "in_corpus"}
TYRP1	kb9	kb9/new_terms::Melanocyte	C_strong	9	33865984,34381080,40131296,39532995,40838019	5	{"33865984": "in_corpus", "34381080": "in_corpus", "40131296": "in_corpus", "39532995": "in_corpus", "40838019": "in_corpus"}
MPZ	kb9	kb9/new_terms::Schwann	C_mid	2	34249924,40576432	2	{"34249924": "in_corpus", "40576432": "in_corpus"}
NRXN1	kb9	kb9/new_terms::Schwann	C_mid	1	36712326	1	{"36712326": "in_corpus"}
SCN7A	kb9	kb9/new_terms::Schwann	C_mid	2	35858321,40838019	2	{"35858321": "in_corpus", "40838019": "in_corpus"}
SOX2	kb9	kb9/new_terms::Schwann	C_strong	26	34809716,35628593,39639354,36497012,41301117	5	{"34809716": "in_corpus", "35628593": "in_corpus", "39639354": "in_corpus", "36497012": "in_corpus", "41301117": "in_corpus"}
CD74	membrane_v1	membrane_v1/APC_MHCII_high	C_strong	36	33799827,40882639,40251274,PPR_PPR1218776,40858363	5	{"33799827": "in_corpus", "40882639": "in_corpus", "40251274": "in_corpus", "PPR_PPR1218776": "in_corpus", "40858363": "in_corpus"}
FCGR1A	membrane_v1	membrane_v1/APC_MHCII_high	C_strong	5	34341398,40952055,34769520,41152974,36163311	5	{"34341398": "in_corpus", "40952055": "in_corpus", "34769520": "in_corpus", "41152974": "in_corpus", "36163311": "in_corpus"}
HLA-DMB	membrane_v1	membrane_v1/APC_MHCII_high	C_mid	2	41651377,40136389	2	{"41651377": "in_corpus", "40136389": "in_corpus"}
HLA-DPA1	membrane_v1	membrane_v1/APC_MHCII_high	C_strong	5	36645183,39466230,40160813,40858363,40136389	5	{"36645183": "in_corpus", "39466230": "in_corpus", "40160813": "in_corpus", "40858363": "in_corpus", "40136389": "in_corpus"}
HLA-DPB1	membrane_v1	membrane_v1/APC_MHCII_high	C_strong	5	39466230,32668747,40858363,35280984,27641646	5	{"39466230": "in_corpus", "32668747": "in_corpus", "40858363": "in_corpus", "35280984": "in_corpus", "27641646": "in_corpus"}
HLA-DQA1	membrane_v1	membrane_v1/APC_MHCII_high	C_strong	5	36645183,40136389,34638643,35181781,36712326	5	{"36645183": "in_corpus", "40136389": "in_corpus", "34638643": "in_corpus", "35181781": "in_corpus", "36712326": "in_corpus"}
HLA-DQB1	membrane_v1	membrane_v1/APC_MHCII_high	C_strong	6	36645183,35882847,32668747,42294804,32870927	5	{"36645183": "in_corpus", "35882847": "in_corpus", "32668747": "in_corpus", "42294804": "in_corpus", "32870927": "in_corpus"}
HLA-DRA	membrane_v1	membrane_v1/APC_MHCII_high	C_strong	15	36645183,39466230,34015102,28514956,PPR_PPR900856	5	{"36645183": "in_corpus", "39466230": "in_corpus", "34015102": "in_corpus", "28514956": "in_corpus", "PPR_PPR900856": "in_corpus"}
HLA-DRB1	membrane_v1	membrane_v1/APC_MHCII_high	C_strong	9	38999396,39466230,32668747,38394392,36712326	5	{"38999396": "in_corpus", "39466230": "in_corpus", "32668747": "in_corpus", "38394392": "in_corpus", "36712326": "in_corpus"}
RGS1	membrane_v1	membrane_v1/APC_MHCII_high	C_mid	1	36267780	1	{"36267780": "in_corpus"}
BANK1	membrane_v1	membrane_v1/B	C_mid	1	41528844	1	{"41528844": "in_corpus"}
CD79A	membrane_v1	membrane_v1/B	C_strong	8	36645183,34508129,31712411,38862482,40778698	5	{"36645183": "in_corpus", "34508129": "in_corpus", "31712411": "in_corpus", "38862482": "in_corpus", "40778698": "in_corpus"}
CD79B	membrane_v1	membrane_v1/B	C_mid	2	41769942,41407891	2	{"41769942": "in_corpus", "41407891": "in_corpus"}
IGKC	membrane_v1	membrane_v1/B	C_strong	4	36408112,34750957,34769520,34439995	4	{"36408112": "in_corpus", "34750957": "in_corpus", "34769520": "in_corpus", "34439995": "in_corpus"}
MS4A1	membrane_v1	membrane_v1/B	C_strong	4	39936988,38862482,40778698,36671500	4	{"39936988": "in_corpus", "38862482": "in_corpus", "40778698": "in_corpus", "36671500": "in_corpus"}
PAX5	membrane_v1	membrane_v1/B	C_strong	9	36830851,38670973,35882984,39117640,40216818	5	{"36830851": "in_corpus", "38670973": "in_corpus", "35882984": "in_corpus", "39117640": "in_corpus", "40216818": "in_corpus"}
TCL1A	membrane_v1	membrane_v1/B	C_mid	2	33176797,42450352	2	{"33176797": "in_corpus", "42450352": "in_corpus"}
CA3	membrane_v1	membrane_v1/Corneal Endothelium	C_strong	18	34206213,35858321,34977041,35474956,38729157	5	{"34206213": "in_corpus", "35858321": "in_corpus", "34977041": "in_corpus", "35474956": "in_corpus", "38729157": "in_corpus"}
CDH2	membrane_v1	membrane_v1/Corneal Endothelium	C_strong	35	35705015,33934486,39859409,37794584,37522516	5	{"35705015": "in_corpus", "33934486": "in_corpus", "39859409": "in_corpus", "37794584": "in_corpus", "37522516": "in_corpus"}
SLC4A11	membrane_v1	membrane_v1/Corneal Endothelium	C_strong	21	37528478,35858321,41931904,27484837,38366188	5	{"37528478": "in_corpus", "35858321": "in_corpus", "41931904": "in_corpus", "27484837": "in_corpus", "38366188": "in_corpus"}
ADGRL4	membrane_v1	membrane_v1/Endo	C_mid	2	42589107,42450352	2	{"42589107": "in_corpus", "42450352": "in_corpus"}
CDH5	membrane_v1	membrane_v1/Endo	C_strong	15	38115754,41071880,36220082,32967716,40136401	5	{"38115754": "in_corpus", "41071880": "in_corpus", "36220082": "in_corpus", "32967716": "in_corpus", "40136401": "in_corpus"}
CLDN5	membrane_v1	membrane_v1/Endo	C_strong	14	34341398,34249924,34783308,37856539,31712411	5	{"34341398": "in_corpus", "34249924": "in_corpus", "34783308": "in_corpus", "37856539": "in_corpus", "31712411": "in_corpus"}
ECSCR	membrane_v1	membrane_v1/Endo	C_mid	2	41071880,40131296	2	{"41071880": "in_corpus", "40131296": "in_corpus"}
ESAM	membrane_v1	membrane_v1/Endo	C_mid	1	41989229	1	{"41989229": "in_corpus"}
FLT1	membrane_v1	membrane_v1/Endo	C_strong	15	41528844,34206213,32439707,34779136,33640465	5	{"41528844": "in_corpus", "34206213": "in_corpus", "32439707": "in_corpus", "34779136": "in_corpus", "33640465": "in_corpus"}
GNG11	membrane_v1	membrane_v1/Endo	C_mid	1	33792620	1	{"33792620": "in_corpus"}
KDR	membrane_v1	membrane_v1/Endo	C_strong	39	36645183,36408112,33865984,37175646,39056772	5	{"36645183": "in_corpus", "36408112": "in_corpus", "33865984": "in_corpus", "37175646": "in_corpus", "39056772": "in_corpus"}
PECAM1	membrane_v1	membrane_v1/Endo	C_strong	38	35858321,36877514,41577708,32439707,35212809	5	{"35858321": "in_corpus", "36877514": "in_corpus", "41577708": "in_corpus", "32439707": "in_corpus", "35212809": "in_corpus"}
PLVAP	membrane_v1	membrane_v1/Endo	C_strong	19	31712411,40238113,36320068,41432545,35181781	5	{"31712411": "in_corpus", "40238113": "in_corpus", "36320068": "in_corpus", "41432545": "in_corpus", "35181781": "in_corpus"}
RAMP2	membrane_v1	membrane_v1/Endo	C_mid	1	39521855	1	{"39521855": "in_corpus"}
TM4SF1	membrane_v1	membrane_v1/Endo	C_strong	3	39532995,33572787,35280984	3	{"39532995": "in_corpus", "33572787": "in_corpus", "35280984": "in_corpus"}
VWF	membrane_v1	membrane_v1/Endo	C_strong	26	36645183,36408112,34677208,32678293,31712411	5	{"36645183": "in_corpus", "36408112": "in_corpus", "34677208": "in_corpus", "32678293": "in_corpus", "31712411": "in_corpus"}
DLL4	membrane_v1	membrane_v1/Endo_Patho	C_strong	18	35181781,34055784,39518910,39448874,37253747	5	{"35181781": "in_corpus", "34055784": "in_corpus", "39518910": "in_corpus", "39448874": "in_corpus", "37253747": "in_corpus"}
HIF1A	membrane_v1	membrane_v1/Endo_Patho	C_strong	28	35030321,40806731,34779136,34823561,40390022	5	{"35030321": "in_corpus", "40806731": "in_corpus", "34779136": "in_corpus", "34823561": "in_corpus", "40390022": "in_corpus"}
ICAM1	membrane_v1	membrane_v1/Endo_Patho	C_strong	41	41960189,36877514,29415988,31712411,42587300	5	{"41960189": "in_corpus", "36877514": "in_corpus", "29415988": "in_corpus", "31712411": "in_corpus", "42587300": "in_corpus"}
NDUFA4L2	membrane_v1	membrane_v1/Endo_Patho	C_strong	3	33307245,38670973,39952952	3	{"33307245": "in_corpus", "38670973": "in_corpus", "39952952": "in_corpus"}
PLVAP	membrane_v1	membrane_v1/Endo_Patho	C_strong	19	31712411,40238113,36320068,41432545,35181781	5	{"31712411": "in_corpus", "40238113": "in_corpus", "36320068": "in_corpus", "41432545": "in_corpus", "35181781": "in_corpus"}
VCAM1	membrane_v1	membrane_v1/Endo_Patho	C_strong	21	36877514,42717497,31712411,40303324,36077073	5	{"36877514": "in_corpus", "42717497": "in_corpus", "31712411": "in_corpus", "40303324": "in_corpus", "36077073": "in_corpus"}
COL1A1	membrane_v1	membrane_v1/Fibroblast	C_strong	99	36645183,33865984,35705015,36899910,35517867	5	{"36645183": "in_corpus", "33865984": "in_corpus", "35705015": "in_corpus", "36899910": "in_corpus", "35517867": "in_corpus"}
COL1A2	membrane_v1	membrane_v1/Fibroblast	C_strong	39	36645183,36544284,33865984,42717497,35752290	5	{"36645183": "in_corpus", "36544284": "in_corpus", "33865984": "in_corpus", "42717497": "in_corpus", "35752290": "in_corpus"}
COL3A1	membrane_v1	membrane_v1/Fibroblast	C_strong	34	36645183,36408112,33865984,38670973,34830490	5	{"36645183": "in_corpus", "36408112": "in_corpus", "33865984": "in_corpus", "38670973": "in_corpus", "34830490": "in_corpus"}
DCN	membrane_v1	membrane_v1/Fibroblast	C_strong	44	36645183,38670973,32439707,35858321,35517867	5	{"36645183": "in_corpus", "38670973": "in_corpus", "32439707": "in_corpus", "35858321": "in_corpus", "35517867": "in_corpus"}
FBN1	membrane_v1	membrane_v1/Fibroblast	C_strong	24	36408112,35858321,35752290,33646289,42450352	5	{"36408112": "in_corpus", "35858321": "in_corpus", "35752290": "in_corpus", "33646289": "in_corpus", "42450352": "in_corpus"}
FN1	membrane_v1	membrane_v1/Fibroblast	C_strong	96	36408112,41366246,34544421,36185374,33865984	5	{"36408112": "in_corpus", "41366246": "in_corpus", "34544421": "in_corpus", "36185374": "in_corpus", "33865984": "in_corpus"}
LUM	membrane_v1	membrane_v1/Fibroblast	C_strong	22	33865984,37443842,34381080,40437144,42030193	5	{"33865984": "in_corpus", "37443842": "in_corpus", "34381080": "in_corpus", "40437144": "in_corpus", "42030193": "in_corpus"}
MMP2	membrane_v1	membrane_v1/Fibroblast	C_strong	100	40331961,39734536,35882847,39506758,40598610	5	{"40331961": "in_corpus", "39734536": "in_corpus", "35882847": "in_corpus", "39506758": "in_corpus", "40598610": "in_corpus"}
PTGDS	membrane_v1	membrane_v1/Fibroblast	C_strong	17	33307245,36830851,37339216,35882847,35298655	5	{"33307245": "in_corpus", "36830851": "in_corpus", "37339216": "in_corpus", "35882847": "in_corpus", "35298655": "in_corpus"}
THY1	membrane_v1	membrane_v1/Fibroblast	C_strong	38	36645183,39734233,38670973,33393903,37540379	5	{"36645183": "in_corpus", "39734233": "in_corpus", "38670973": "in_corpus", "33393903": "in_corpus", "37540379": "in_corpus"}
ANXA1	membrane_v1	membrane_v1/Granulocyte	C_strong	19	42652099,36231108,33865984,34750957,41327293	5	{"42652099": "in_corpus", "36231108": "in_corpus", "33865984": "in_corpus", "34750957": "in_corpus", "41327293": "in_corpus"}
C5AR1	membrane_v1	membrane_v1/Granulocyte	C_strong	9	40994539,33918210,35831910,42756340,35280984	5	{"40994539": "in_corpus", "33918210": "in_corpus", "35831910": "in_corpus", "42756340": "in_corpus", "35280984": "in_corpus"}
CAMP	membrane_v1	membrane_v1/Granulocyte	C_strong	3	40653679,35722307,40423739	3	{"40653679": "in_corpus", "35722307": "in_corpus", "40423739": "in_corpus"}
CD36	membrane_v1	membrane_v1/Granulocyte	C_strong	26	36899910,38528525,39734536,38334673,34819832	5	{"36899910": "in_corpus", "38528525": "in_corpus", "39734536": "in_corpus", "38334673": "in_corpus", "34819832": "in_corpus"}
CSF3R	membrane_v1	membrane_v1/Granulocyte	C_strong	4	39641748,38214685,36821388,38862482	4	{"39641748": "in_corpus", "38214685": "in_corpus", "36821388": "in_corpus", "38862482": "in_corpus"}
CXCR2	membrane_v1	membrane_v1/Granulocyte	C_strong	14	33934486,37670124,39461953,39790557,35884862	5	{"33934486": "in_corpus", "37670124": "in_corpus", "39461953": "in_corpus", "39790557": "in_corpus", "35884862": "in_corpus"}
FCGR3B	membrane_v1	membrane_v1/Granulocyte	C_mid	1	38862482	1	{"38862482": "in_corpus"}
IL1RN	membrane_v1	membrane_v1/Granulocyte	C_strong	9	42100661,32437405,34769520,36671500,36213538	5	{"42100661": "in_corpus", "32437405": "in_corpus", "34769520": "in_corpus", "36671500": "in_corpus", "36213538": "in_corpus"}
LTF	membrane_v1	membrane_v1/Granulocyte	C_strong	7	34439995,40761516,28733649,36262888,42589107	5	{"34439995": "in_corpus", "40761516": "in_corpus", "28733649": "in_corpus", "36262888": "in_corpus", "42589107": "in_corpus"}
MPO	membrane_v1	membrane_v1/Granulocyte	C_strong	18	40172766,32426498,35965828,34439995,32905166	5	{"40172766": "in_corpus", "32426498": "in_corpus", "35965828": "in_corpus", "34439995": "in_corpus", "32905166": "in_corpus"}
TGFBI	membrane_v1	membrane_v1/Granulocyte	C_strong	18	33865984,35858321,35517867,36577775,26052939	5	{"33865984": "in_corpus", "35858321": "in_corpus", "35517867": "in_corpus", "36577775": "in_corpus", "26052939": "in_corpus"}
TIMP1	membrane_v1	membrane_v1/Granulocyte	C_strong	34	36877514,32539133,40243577,38394161,37443842	5	{"36877514": "in_corpus", "32539133": "in_corpus", "40243577": "in_corpus", "38394161": "in_corpus", "37443842": "in_corpus"}
ALDH3A1	membrane_v1	membrane_v1/Keratocytes	C_strong	33	33865984,34677208,40813888,41186354,41224754	5	{"33865984": "in_corpus", "34677208": "in_corpus", "40813888": "in_corpus", "41186354": "in_corpus", "41224754": "in_corpus"}
KERA	membrane_v1	membrane_v1/Keratocytes	C_strong	22	33865984,35858321,35517867,40390022,39859409	5	{"33865984": "in_corpus", "35858321": "in_corpus", "35517867": "in_corpus", "40390022": "in_corpus", "39859409": "in_corpus"}
NNMT	membrane_v1	membrane_v1/Keratocytes	C_strong	3	34741068,41636427,35280984	3	{"34741068": "in_corpus", "41636427": "in_corpus", "35280984": "in_corpus"}
APOE	membrane_v1	membrane_v1/Mac_DAM_LAM	C_strong	73	36645183,41528844,38670973,35882847,36899910	5	{"36645183": "in_corpus", "41528844": "in_corpus", "38670973": "in_corpus", "35882847": "in_corpus", "36899910": "in_corpus"}
ASAH1	membrane_v1	membrane_v1/Mac_DAM_LAM	C_strong	3	39433211,38502591,35280984	3	{"39433211": "in_corpus", "38502591": "in_corpus", "35280984": "in_corpus"}
CCL3	membrane_v1	membrane_v1/Mac_DAM_LAM	C_strong	28	39641748,33865984,36408381,32373289,39461953	5	{"39641748": "in_corpus", "33865984": "in_corpus", "36408381": "in_corpus", "32373289": "in_corpus", "39461953": "in_corpus"}
CCL4	membrane_v1	membrane_v1/Mac_DAM_LAM	C_strong	24	39641748,36408381,32437405,42294804,42450352	5	{"39641748": "in_corpus", "36408381": "in_corpus", "32437405": "in_corpus", "42294804": "in_corpus", "42450352": "in_corpus"}
CD9	membrane_v1	membrane_v1/Mac_DAM_LAM	C_strong	48	33047885,35882847,42232161,36544284,32373289	5	{"33047885": "in_corpus", "35882847": "in_corpus", "42232161": "in_corpus", "36544284": "in_corpus", "32373289": "in_corpus"}
CTSD	membrane_v1	membrane_v1/Mac_DAM_LAM	C_strong	15	34750957,42030193,34674604,38722314,32815311	5	{"34750957": "in_corpus", "42030193": "in_corpus", "34674604": "in_corpus", "38722314": "in_corpus", "32815311": "in_corpus"}
FTH1	membrane_v1	membrane_v1/Mac_DAM_LAM	C_strong	18	41960189,33307245,42652099,40703032,39953740	5	{"41960189": "in_corpus", "33307245": "in_corpus", "42652099": "in_corpus", "40703032": "in_corpus", "39953740": "in_corpus"}
FTL	membrane_v1	membrane_v1/Mac_DAM_LAM	C_strong	17	41960189,39663766,35517867,40131364,35371110	5	{"41960189": "in_corpus", "39663766": "in_corpus", "35517867": "in_corpus", "40131364": "in_corpus", "35371110": "in_corpus"}
GPNMB	membrane_v1	membrane_v1/Mac_DAM_LAM	C_strong	4	34735454,36035999,42666080,35280984	4	{"34735454": "in_corpus", "36035999": "in_corpus", "42666080": "in_corpus", "35280984": "in_corpus"}
HMOX1	membrane_v1	membrane_v1/Mac_DAM_LAM	C_strong	27	41960189,34977041,41516321,36413373,41655020	5	{"41960189": "in_corpus", "34977041": "in_corpus", "41516321": "in_corpus", "36413373": "in_corpus", "41655020": "in_corpus"}
LIPA	membrane_v1	membrane_v1/Mac_DAM_LAM	C_mid	2	42584788,37316554	2	{"42584788": "in_corpus", "37316554": "in_corpus"}
MMP9	membrane_v1	membrane_v1/Mac_DAM_LAM	C_strong	100	41528844,40331961,39506758,40722628,33759344	5	{"41528844": "in_corpus", "40331961": "in_corpus", "39506758": "in_corpus", "40722628": "in_corpus", "33759344": "in_corpus"}
OLR1	membrane_v1	membrane_v1/Mac_DAM_LAM	C_mid	2	37389178,42589107	2	{"37389178": "in_corpus", "42589107": "in_corpus"}
PLD3	membrane_v1	membrane_v1/Mac_DAM_LAM	C_mid	1	35280984	1	{"35280984": "in_corpus"}
SPP1	membrane_v1	membrane_v1/Mac_DAM_LAM	C_strong	48	37624696,42652099,34544421,36899910,33307245	5	{"37624696": "in_corpus", "42652099": "in_corpus", "34544421": "in_corpus", "36899910": "in_corpus", "33307245": "in_corpus"}
TREM2	membrane_v1	membrane_v1/Mac_DAM_LAM	C_strong	21	33585455,36644817,38289348,42666080,39514271	5	{"33585455": "in_corpus", "36644817": "in_corpus", "38289348": "in_corpus", "42666080": "in_corpus", "39514271": "in_corpus"}
C1QA	membrane_v1	membrane_v1/Mac_Tissue	C_strong	20	36408381,34830490,35212809,34445064,40858363	5	{"36408381": "in_corpus", "34830490": "in_corpus", "35212809": "in_corpus", "34445064": "in_corpus", "40858363": "in_corpus"}
C1QB	membrane_v1	membrane_v1/Mac_Tissue	C_strong	12	32439707,34341398,35371110,41810892,34445064	5	{"32439707": "in_corpus", "34341398": "in_corpus", "35371110": "in_corpus", "41810892": "in_corpus", "34445064": "in_corpus"}
C1QC	membrane_v1	membrane_v1/Mac_Tissue	C_strong	8	35517867,34830490,41071880,34445064,35805159	5	{"35517867": "in_corpus", "34830490": "in_corpus", "41071880": "in_corpus", "34445064": "in_corpus", "35805159": "in_corpus"}
CD163	membrane_v1	membrane_v1/Mac_Tissue	C_strong	36	40994539,34544421,35986368,35858321,40976555	5	{"40994539": "in_corpus", "34544421": "in_corpus", "35986368": "in_corpus", "35858321": "in_corpus", "40976555": "in_corpus"}
F13A1	membrane_v1	membrane_v1/Mac_Tissue	C_strong	3	41528844,35858321,35181781	3	{"41528844": "in_corpus", "35858321": "in_corpus", "35181781": "in_corpus"}
FOLR2	membrane_v1	membrane_v1/Mac_Tissue	C_mid	2	42152120,35181781	2	{"42152120": "in_corpus", "35181781": "in_corpus"}
ITM2B	membrane_v1	membrane_v1/Mac_Tissue	C_strong	3	35557957,35371110,33673358	3	{"35557957": "in_corpus", "35371110": "in_corpus", "33673358": "in_corpus"}
LYVE1	membrane_v1	membrane_v1/Mac_Tissue	C_strong	21	33865984,35858321,32439707,32917640,33053795	5	{"33865984": "in_corpus", "35858321": "in_corpus", "32439707": "in_corpus", "32917640": "in_corpus", "33053795": "in_corpus"}
MAF	membrane_v1	membrane_v1/Mac_Tissue	C_strong	55	35882847,37371607,41632798,38195602,28827829	5	{"35882847": "in_corpus", "37371607": "in_corpus", "41632798": "in_corpus", "38195602": "in_corpus", "28827829": "in_corpus"}
MRC1	membrane_v1	membrane_v1/Mac_Tissue	C_strong	9	33046735,41979250,41007615,40243577,40238113	5	{"33046735": "in_corpus", "41979250": "in_corpus", "41007615": "in_corpus", "40243577": "in_corpus", "40238113": "in_corpus"}
SELENOP	membrane_v1	membrane_v1/Mac_Tissue	C_mid	1	35859009	1	{"35859009": "in_corpus"}
SLC40A1	membrane_v1	membrane_v1/Mac_Tissue	C_strong	7	40234585,39796164,32183063,32792522,35185447	5	{"40234585": "in_corpus", "39796164": "in_corpus", "32183063": "in_corpus", "32792522": "in_corpus", "35185447": "in_corpus"}
STAB1	membrane_v1	membrane_v1/Mac_Tissue	C_mid	1	35858321	1	{"35858321": "in_corpus"}
VSIG4	membrane_v1	membrane_v1/Mac_Tissue	C_strong	5	34439995,36110094,34381080,35784369,39198892	5	{"34439995": "in_corpus", "36110094": "in_corpus", "34381080": "in_corpus", "35784369": "in_corpus", "39198892": "in_corpus"}
AIF1	membrane_v1	membrane_v1/Microglia	C_strong	26	40994539,35212809,40126507,31712411,35806438	5	{"40994539": "in_corpus", "35212809": "in_corpus", "40126507": "in_corpus", "31712411": "in_corpus", "35806438": "in_corpus"}
CX3CR1	membrane_v1	membrane_v1/Microglia	C_strong	67	35309305,33585455,37605279,40882639,36662852	5	{"35309305": "in_corpus", "33585455": "in_corpus", "37605279": "in_corpus", "40882639": "in_corpus", "36662852": "in_corpus"}
FCER1G	membrane_v1	membrane_v1/Microglia	C_mid	2	41651377,35280984	2	{"41651377": "in_corpus", "35280984": "in_corpus"}
HEXB	membrane_v1	membrane_v1/Microglia	C_mid	2	38564108,42584788	2	{"38564108": "in_corpus", "42584788": "in_corpus"}
IRF8	membrane_v1	membrane_v1/Microglia	C_strong	10	34544421,36611829,41071880,35922863,39324238	5	{"34544421": "in_corpus", "36611829": "in_corpus", "41071880": "in_corpus", "35922863": "in_corpus", "39324238": "in_corpus"}
P2RY12	membrane_v1	membrane_v1/Microglia	C_strong	24	40994539,34544421,35309305,37838654,39340587	5	{"40994539": "in_corpus", "34544421": "in_corpus", "35309305": "in_corpus", "37838654": "in_corpus", "39340587": "in_corpus"}
SALL1	membrane_v1	membrane_v1/Microglia	C_strong	4	34544421,34613793,41516321,41270749	4	{"34544421": "in_corpus", "34613793": "in_corpus", "41516321": "in_corpus", "41270749": "in_corpus"}
TMEM119	membrane_v1	membrane_v1/Microglia	C_strong	33	40994539,34544421,35309305,36644817,38289348	5	{"40994539": "in_corpus", "34544421": "in_corpus", "35309305": "in_corpus", "36644817": "in_corpus", "38289348": "in_corpus"}
TYROBP	membrane_v1	membrane_v1/Microglia	C_strong	8	32439707,32450896,40576432,35432302,35280984	5	{"32439707": "in_corpus", "32450896": "in_corpus", "40576432": "in_corpus", "35432302": "in_corpus", "35280984": "in_corpus"}
CD14	membrane_v1	membrane_v1/Mono_Classical	C_strong	50	36645183,41871103,36408381,36644817,39560701	5	{"36645183": "in_corpus", "41871103": "in_corpus", "36408381": "in_corpus", "36644817": "in_corpus", "39560701": "in_corpus"}
CTSS	membrane_v1	membrane_v1/Mono_Classical	C_strong	10	40557874,35309305,42584788,35718942,37794584	5	{"40557874": "in_corpus", "35309305": "in_corpus", "42584788": "in_corpus", "35718942": "in_corpus", "37794584": "in_corpus"}
FCN1	membrane_v1	membrane_v1/Mono_Classical	C_strong	4	35181781,34830490,35784369,40226626	4	{"35181781": "in_corpus", "34830490": "in_corpus", "35784369": "in_corpus", "40226626": "in_corpus"}
LYZ	membrane_v1	membrane_v1/Mono_Classical	C_strong	6	42030193,34439995,40761516,28733649,35280984	5	{"42030193": "in_corpus", "34439995": "in_corpus", "40761516": "in_corpus", "28733649": "in_corpus", "35280984": "in_corpus"}
S100A8	membrane_v1	membrane_v1/Mono_Classical	C_strong	17	33865984,34750957,39466230,34741068,40390022	5	{"33865984": "in_corpus", "34750957": "in_corpus", "39466230": "in_corpus", "34741068": "in_corpus", "40390022": "in_corpus"}
S100A9	membrane_v1	membrane_v1/Mono_Classical	C_strong	29	33865984,34750957,34830490,40390022,40238113	5	{"33865984": "in_corpus", "34750957": "in_corpus", "34830490": "in_corpus", "40390022": "in_corpus", "40238113": "in_corpus"}
SELL	membrane_v1	membrane_v1/Mono_Classical	C_strong	6	36877514,38862482,37507439,42493528,38190125	5	{"36877514": "in_corpus", "38862482": "in_corpus", "37507439": "in_corpus", "42493528": "in_corpus", "38190125": "in_corpus"}
SERPINA1	membrane_v1	membrane_v1/Mono_Classical	C_strong	9	40499779,42030193,34439995,26990160,40136389	5	{"40499779": "in_corpus", "42030193": "in_corpus", "34439995": "in_corpus", "26990160": "in_corpus", "40136389": "in_corpus"}
VCAN	membrane_v1	membrane_v1/Mono_Classical	C_strong	18	36877514,41810892,38862482,38760655,38394161	5	{"36877514": "in_corpus", "41810892": "in_corpus", "38862482": "in_corpus", "38760655": "in_corpus", "38394161": "in_corpus"}
CX3CR1	membrane_v1	membrane_v1/Mono_Nonclassical	C_strong	67	35309305,33585455,37605279,40882639,36662852	5	{"35309305": "in_corpus", "33585455": "in_corpus", "37605279": "in_corpus", "40882639": "in_corpus", "36662852": "in_corpus"}
FCGR3A	membrane_v1	membrane_v1/Mono_Nonclassical	C_mid	1	34769520	1	{"34769520": "in_corpus"}
IL1B	membrane_v1	membrane_v1/Mono_Nonclassical	C_strong	46	36901754,41960189,33865984,40758602,41224754	5	{"36901754": "in_corpus", "41960189": "in_corpus", "33865984": "in_corpus", "40758602": "in_corpus", "41224754": "in_corpus"}
LST1	membrane_v1	membrane_v1/Mono_Nonclassical	C_mid	1	32946783	1	{"32946783": "in_corpus"}
MS4A7	membrane_v1	membrane_v1/Mono_Nonclassical	C_mid	1	35280984	1	{"35280984": "in_corpus"}
ACTA2	membrane_v1	membrane_v1/Myofibroblast	C_strong	70	36645183,41528844,35705015,32751632,33307245	5	{"36645183": "in_corpus", "41528844": "in_corpus", "35705015": "in_corpus", "32751632": "in_corpus", "33307245": "in_corpus"}
COL1A1	membrane_v1	membrane_v1/Myofibroblast	C_strong	99	36645183,33865984,35705015,36899910,35517867	5	{"36645183": "in_corpus", "33865984": "in_corpus", "35705015": "in_corpus", "36899910": "in_corpus", "35517867": "in_corpus"}
COL1A2	membrane_v1	membrane_v1/Myofibroblast	C_strong	39	36645183,36544284,33865984,42717497,35752290	5	{"36645183": "in_corpus", "36544284": "in_corpus", "33865984": "in_corpus", "42717497": "in_corpus", "35752290": "in_corpus"}
CTHRC1	membrane_v1	membrane_v1/Myofibroblast	C_mid	2	42589107,39936988	2	{"42589107": "in_corpus", "39936988": "in_corpus"}
FN1	membrane_v1	membrane_v1/Myofibroblast	C_strong	96	36408112,41366246,34544421,36185374,33865984	5	{"36408112": "in_corpus", "41366246": "in_corpus", "34544421": "in_corpus", "36185374": "in_corpus", "33865984": "in_corpus"}
MYL9	membrane_v1	membrane_v1/Myofibroblast	C_strong	12	36645183,33307245,40838019,41309590,42717497	5	{"36645183": "in_corpus", "33307245": "in_corpus", "40838019": "in_corpus", "41309590": "in_corpus", "42717497": "in_corpus"}
POSTN	membrane_v1	membrane_v1/Myofibroblast	C_strong	20	36645183,36899910,33865984,35858321,41373691	5	{"36645183": "in_corpus", "36899910": "in_corpus", "33865984": "in_corpus", "35858321": "in_corpus", "41373691": "in_corpus"}
PRRX1	membrane_v1	membrane_v1/Myofibroblast	C_strong	6	35858321,37339216,42256007,37665325,41230906	5	{"35858321": "in_corpus", "37339216": "in_corpus", "42256007": "in_corpus", "37665325": "in_corpus", "41230906": "in_corpus"}
TAGLN	membrane_v1	membrane_v1/Myofibroblast	C_strong	21	36645183,42652099,33307245,33865984,32439707	5	{"36645183": "in_corpus", "42652099": "in_corpus", "33307245": "in_corpus", "33865984": "in_corpus", "32439707": "in_corpus"}
TIMP1	membrane_v1	membrane_v1/Myofibroblast	C_strong	34	36877514,32539133,40243577,38394161,37443842	5	{"36877514": "in_corpus", "32539133": "in_corpus", "40243577": "in_corpus", "38394161": "in_corpus", "37443842": "in_corpus"}
TPM1	membrane_v1	membrane_v1/Myofibroblast	C_strong	11	33307245,36142331,42149027,38862482,33572787	5	{"33307245": "in_corpus", "36142331": "in_corpus", "42149027": "in_corpus", "38862482": "in_corpus", "33572787": "in_corpus"}
TPM2	membrane_v1	membrane_v1/Myofibroblast	C_strong	10	38670973,41851243,33994920,38862482,40859055	5	{"38670973": "in_corpus", "41851243": "in_corpus", "33994920": "in_corpus", "38862482": "in_corpus", "40859055": "in_corpus"}
GNLY	membrane_v1	membrane_v1/NK	C_mid	2	40653679,42717487	2	{"40653679": "in_corpus", "42717487": "in_corpus"}
KLRD1	membrane_v1	membrane_v1/NK	C_mid	1	40994539	1	{"40994539": "in_corpus"}
NKG7	membrane_v1	membrane_v1/NK	C_strong	5	40994539,39466230,40778698,33187533,39952952	5	{"40994539": "in_corpus", "39466230": "in_corpus", "40778698": "in_corpus", "33187533": "in_corpus", "39952952": "in_corpus"}
PRF1	membrane_v1	membrane_v1/NK	C_mid	2	42717487,35280984	2	{"42717487": "in_corpus", "35280984": "in_corpus"}
CALD1	membrane_v1	membrane_v1/Pericyte	C_strong	6	33307245,34439995,38195602,33572787,38214685	5	{"33307245": "in_corpus", "34439995": "in_corpus", "38195602": "in_corpus", "33572787": "in_corpus", "38214685": "in_corpus"}
COL1A2	membrane_v1	membrane_v1/Pericyte	C_strong	39	36645183,36544284,33865984,42717497,35752290	5	{"36645183": "in_corpus", "36544284": "in_corpus", "33865984": "in_corpus", "42717497": "in_corpus", "35752290": "in_corpus"}
IGFBP7	membrane_v1	membrane_v1/Pericyte	C_strong	8	42256007,39732756,42149027,42587300,33572787	5	{"42256007": "in_corpus", "39732756": "in_corpus", "42149027": "in_corpus", "42587300": "in_corpus", "33572787": "in_corpus"}
ITGA1	membrane_v1	membrane_v1/Pericyte	C_strong	6	36645183,40882639,36877514,36536086,41152974	5	{"36645183": "in_corpus", "40882639": "in_corpus", "36877514": "in_corpus", "36536086": "in_corpus", "41152974": "in_corpus"}
MGP	membrane_v1	membrane_v1/Pericyte	C_strong	42	36645183,36899910,35858321,34677208,34603044	5	{"36645183": "in_corpus", "36899910": "in_corpus", "35858321": "in_corpus", "34677208": "in_corpus", "34603044": "in_corpus"}
NOTCH3	membrane_v1	membrane_v1/Pericyte	C_strong	9	35858321,36977817,34301870,38366188,38383070	5	{"35858321": "in_corpus", "36977817": "in_corpus", "34301870": "in_corpus", "38366188": "in_corpus", "38383070": "in_corpus"}
PDGFRB	membrane_v1	membrane_v1/Pericyte	C_strong	21	36645183,35705015,32231223,35858321,37794584	5	{"36645183": "in_corpus", "35705015": "in_corpus", "32231223": "in_corpus", "35858321": "in_corpus", "37794584": "in_corpus"}
PRRX1	membrane_v1	membrane_v1/Pericyte	C_strong	6	35858321,37339216,42256007,37665325,41230906	5	{"35858321": "in_corpus", "37339216": "in_corpus", "42256007": "in_corpus", "37665325": "in_corpus", "41230906": "in_corpus"}
RGS4	membrane_v1	membrane_v1/Pericyte	C_mid	2	39732756,42342706	2	{"39732756": "in_corpus", "42342706": "in_corpus"}
RGS5	membrane_v1	membrane_v1/Pericyte	C_strong	11	37670124,31712411,36797232,34006945,38214685	5	{"37670124": "in_corpus", "31712411": "in_corpus", "36797232": "in_corpus", "34006945": "in_corpus", "38214685": "in_corpus"}
THY1	membrane_v1	membrane_v1/Pericyte	C_strong	38	36645183,39734233,38670973,33393903,37540379	5	{"36645183": "in_corpus", "39734233": "in_corpus", "38670973": "in_corpus", "33393903": "in_corpus", "37540379": "in_corpus"}
IGHG1	membrane_v1	membrane_v1/Plasma	C_strong	3	34750957,40136389,34769520	3	{"34750957": "in_corpus", "40136389": "in_corpus", "34769520": "in_corpus"}
JCHAIN	membrane_v1	membrane_v1/Plasma	C_strong	5	32946783,40778698,38366188,38002955,42450352	5	{"32946783": "in_corpus", "40778698": "in_corpus", "38366188": "in_corpus", "38002955": "in_corpus", "42450352": "in_corpus"}
MZB1	membrane_v1	membrane_v1/Plasma	C_mid	2	39952952,40778698	2	{"39952952": "in_corpus", "40778698": "in_corpus"}
SEC11C	membrane_v1	membrane_v1/Plasma	C_mid	1	35371110	1	{"35371110": "in_corpus"}
SLAMF7	membrane_v1	membrane_v1/Plasma	C_mid	1	38232696	1	{"38232696": "in_corpus"}
TNFRSF17	membrane_v1	membrane_v1/Plasma	C_mid	1	38862482	1	{"38862482": "in_corpus"}
XBP1	membrane_v1	membrane_v1/Plasma	C_strong	26	34977041,40131364,35298655,37097227,40806731	5	{"34977041": "in_corpus", "40131364": "in_corpus", "35298655": "in_corpus", "37097227": "in_corpus", "40806731": "in_corpus"}
BIRC5	membrane_v1	membrane_v1/Proliferating	C_strong	13	35858321,36645044,34741068,42278250,40598599	5	{"35858321": "in_corpus", "36645044": "in_corpus", "34741068": "in_corpus", "42278250": "in_corpus", "40598599": "in_corpus"}
CENPF	membrane_v1	membrane_v1/Proliferating	C_strong	12	40598599,42510807,37057399,33572787,38510120	5	{"40598599": "in_corpus", "42510807": "in_corpus", "37057399": "in_corpus", "33572787": "in_corpus", "38510120": "in_corpus"}
H2AFZ	membrane_v1	membrane_v1/Proliferating	C_mid	1	39389360	1	{"39389360": "in_corpus"}
MKI67	membrane_v1	membrane_v1/Proliferating	C_strong	49	35705015,40994539,36231108,33307245,35858321	5	{"35705015": "in_corpus", "40994539": "in_corpus", "36231108": "in_corpus", "33307245": "in_corpus", "35858321": "in_corpus"}
NUSAP1	membrane_v1	membrane_v1/Proliferating	C_strong	3	35325233,33572787,32557945	3	{"35325233": "in_corpus", "33572787": "in_corpus", "32557945": "in_corpus"}
PTTG1	membrane_v1	membrane_v1/Proliferating	C_strong	6	33307245,37057399,34946963,42139353,37291161	5	{"33307245": "in_corpus", "37057399": "in_corpus", "34946963": "in_corpus", "42139353": "in_corpus", "37291161": "in_corpus"}
STMN1	membrane_v1	membrane_v1/Proliferating	C_strong	6	34741068,41851243,37057399,37443842,40016767	5	{"34741068": "in_corpus", "41851243": "in_corpus", "37057399": "in_corpus", "37443842": "in_corpus", "40016767": "in_corpus"}
TOP2A	membrane_v1	membrane_v1/Proliferating	C_strong	35	36645183,35705015,40994539,33307245,35858321	5	{"36645183": "in_corpus", "35705015": "in_corpus", "40994539": "in_corpus", "33307245": "in_corpus", "35858321": "in_corpus"}
ACTA2	membrane_v1	membrane_v1/SMC	C_strong	70	36645183,41528844,35705015,32751632,33307245	5	{"36645183": "in_corpus", "41528844": "in_corpus", "35705015": "in_corpus", "32751632": "in_corpus", "33307245": "in_corpus"}
CALD1	membrane_v1	membrane_v1/SMC	C_strong	6	33307245,34439995,38195602,33572787,38214685	5	{"33307245": "in_corpus", "34439995": "in_corpus", "38195602": "in_corpus", "33572787": "in_corpus", "38214685": "in_corpus"}
CNN1	membrane_v1	membrane_v1/SMC	C_strong	4	39952952,31284269,41609173,31992794	4	{"39952952": "in_corpus", "31284269": "in_corpus", "41609173": "in_corpus", "31992794": "in_corpus"}
DES	membrane_v1	membrane_v1/SMC	C_strong	15	36645183,41366246,35858321,41309590,41294008	5	{"36645183": "in_corpus", "41366246": "in_corpus", "35858321": "in_corpus", "41309590": "in_corpus", "41294008": "in_corpus"}
LMOD1	membrane_v1	membrane_v1/SMC	C_strong	3	40728983,35557957,33072724	3	{"40728983": "in_corpus", "35557957": "in_corpus", "33072724": "in_corpus"}
MYH11	membrane_v1	membrane_v1/SMC	C_strong	14	36645183,35858321,32439707,42030193,34783308	5	{"36645183": "in_corpus", "35858321": "in_corpus", "32439707": "in_corpus", "42030193": "in_corpus", "34783308": "in_corpus"}
MYL9	membrane_v1	membrane_v1/SMC	C_strong	12	36645183,33307245,40838019,41309590,42717497	5	{"36645183": "in_corpus", "33307245": "in_corpus", "40838019": "in_corpus", "41309590": "in_corpus", "42717497": "in_corpus"}
TAGLN	membrane_v1	membrane_v1/SMC	C_strong	21	36645183,42652099,33307245,33865984,32439707	5	{"36645183": "in_corpus", "42652099": "in_corpus", "33307245": "in_corpus", "33865984": "in_corpus", "32439707": "in_corpus"}
CCL5	membrane_v1	membrane_v1/T	C_strong	44	35309305,39641748,33865984,38548335,40557874	5	{"35309305": "in_corpus", "39641748": "in_corpus", "33865984": "in_corpus", "38548335": "in_corpus", "40557874": "in_corpus"}
CD2	membrane_v1	membrane_v1/T	C_strong	14	40994539,32946783,35882984,34508129,31712411	5	{"40994539": "in_corpus", "32946783": "in_corpus", "35882984": "in_corpus", "34508129": "in_corpus", "31712411": "in_corpus"}
CD3D	membrane_v1	membrane_v1/T	C_strong	8	40994539,38862482,40778698,35280984,38214685	5	{"40994539": "in_corpus", "38862482": "in_corpus", "40778698": "in_corpus", "35280984": "in_corpus", "38214685": "in_corpus"}
CD3E	membrane_v1	membrane_v1/T	C_strong	5	34508129,38862482,40778698,35280984,41432545	5	{"34508129": "in_corpus", "38862482": "in_corpus", "40778698": "in_corpus", "35280984": "in_corpus", "41432545": "in_corpus"}
CD3G	membrane_v1	membrane_v1/T	C_mid	2	PPR_PPR863459,40140459	2	{"PPR_PPR863459": "in_corpus", "40140459": "in_corpus"}
CD69	membrane_v1	membrane_v1/T	C_strong	16	36645183,35858321,39953740,35027657,36877515	5	{"36645183": "in_corpus", "35858321": "in_corpus", "39953740": "in_corpus", "35027657": "in_corpus", "36877515": "in_corpus"}
IL7R	membrane_v1	membrane_v1/T	C_strong	10	40994539,39466230,40160813,38862482,38232696	5	{"40994539": "in_corpus", "39466230": "in_corpus", "40160813": "in_corpus", "38862482": "in_corpus", "38232696": "in_corpus"}
LCK	membrane_v1	membrane_v1/T	C_strong	3	33817299,42717487,35280984	3	{"33817299": "in_corpus", "42717487": "in_corpus", "35280984": "in_corpus"}
TRAC	membrane_v1	membrane_v1/T	C_mid	1	39952952	1	{"39952952": "in_corpus"}
C1R	membrane_v1	membrane_v1/cDC1	C_strong	9	36899910,35882847,31840941,40576432,38722314	5	{"36899910": "in_corpus", "35882847": "in_corpus", "31840941": "in_corpus", "40576432": "in_corpus", "38722314": "in_corpus"}
C1S	membrane_v1	membrane_v1/cDC1	C_strong	10	36899910,34750957,35882847,31840941,34830490	5	{"36899910": "in_corpus", "34750957": "in_corpus", "35882847": "in_corpus", "31840941": "in_corpus", "34830490": "in_corpus"}
CADM1	membrane_v1	membrane_v1/cDC1	C_strong	6	33934486,35517867,42149027,38623325,40136389	5	{"33934486": "in_corpus", "35517867": "in_corpus", "42149027": "in_corpus", "38623325": "in_corpus", "40136389": "in_corpus"}
CLEC9A	membrane_v1	membrane_v1/cDC1	C_mid	1	40778698	1	{"40778698": "in_corpus"}
FLT3	membrane_v1	membrane_v1/cDC1	C_strong	4	39466230,37998352,41626869,35453537	4	{"39466230": "in_corpus", "37998352": "in_corpus", "41626869": "in_corpus", "35453537": "in_corpus"}
IRF8	membrane_v1	membrane_v1/cDC1	C_strong	10	34544421,36611829,41071880,35922863,39324238	5	{"34544421": "in_corpus", "36611829": "in_corpus", "41071880": "in_corpus", "35922863": "in_corpus", "39324238": "in_corpus"}
ZBTB46	membrane_v1	membrane_v1/cDC1	C_mid	1	28514956	1	{"28514956": "in_corpus"}
CD1C	membrane_v1	membrane_v1/cDC2	C_mid	2	40994539,40778698	2	{"40994539": "in_corpus", "40778698": "in_corpus"}
CD4	membrane_v1	membrane_v1/cDC2	C_strong	142	39953740,41866494,41403938,41871103,34446787	5	{"39953740": "in_corpus", "41866494": "in_corpus", "41403938": "in_corpus", "41871103": "in_corpus", "34446787": "in_corpus"}
FCER1A	membrane_v1	membrane_v1/cDC2	C_mid	1	40994539	1	{"40994539": "in_corpus"}
HLA-DRA	membrane_v1	membrane_v1/cDC2	C_strong	15	36645183,39466230,34015102,28514956,PPR_PPR900856	5	{"36645183": "in_corpus", "39466230": "in_corpus", "34015102": "in_corpus", "28514956": "in_corpus", "PPR_PPR900856": "in_corpus"}
S100A10	membrane_v1	membrane_v1/cDC2	C_strong	11	33865984,34750957,35298655,39117640,41810892	5	{"33865984": "in_corpus", "34750957": "in_corpus", "35298655": "in_corpus", "39117640": "in_corpus", "41810892": "in_corpus"}
GZMB	membrane_v1	membrane_v1/pDC	C_strong	3	41871103,38214685,35280984	3	{"41871103": "in_corpus", "38214685": "in_corpus", "35280984": "in_corpus"}
IL3RA	membrane_v1	membrane_v1/pDC	C_mid	1	35280984	1	{"35280984": "in_corpus"}
IRF7	membrane_v1	membrane_v1/pDC	C_strong	8	40920489,30046058,40131296,37819938,41717290	5	{"40920489": "in_corpus", "30046058": "in_corpus", "40131296": "in_corpus", "37819938": "in_corpus", "41717290": "in_corpus"}
JCHAIN	membrane_v1	membrane_v1/pDC	C_strong	5	32946783,40778698,38366188,38002955,42450352	5	{"32946783": "in_corpus", "40778698": "in_corpus", "38366188": "in_corpus", "38002955": "in_corpus", "42450352": "in_corpus"}
SERPINF1	membrane_v1	membrane_v1/pDC	C_strong	21	36408112,35705015,36231108,35030321,35882847	5	{"36408112": "in_corpus", "35705015": "in_corpus", "36231108": "in_corpus", "35030321": "in_corpus", "35882847": "in_corpus"}
TCF4	membrane_v1	membrane_v1/pDC	C_strong	32	33664479,41931904,37794584,35974097,39574940	5	{"33664479": "in_corpus", "41931904": "in_corpus", "37794584": "in_corpus", "35974097": "in_corpus", "39574940": "in_corpus"}
CD74	membrane_v1:prov	membrane_v1:prov/APC_MHCII_high	C_strong	36	33799827,40882639,40251274,PPR_PPR1218776,40858363	5	{"33799827": "in_corpus", "40882639": "in_corpus", "40251274": "in_corpus", "PPR_PPR1218776": "in_corpus", "40858363": "in_corpus"}
FCGR1A	membrane_v1:prov	membrane_v1:prov/APC_MHCII_high	C_strong	5	34341398,40952055,34769520,41152974,36163311	5	{"34341398": "in_corpus", "40952055": "in_corpus", "34769520": "in_corpus", "41152974": "in_corpus", "36163311": "in_corpus"}
HLA-DMB	membrane_v1:prov	membrane_v1:prov/APC_MHCII_high	C_mid	2	41651377,40136389	2	{"41651377": "in_corpus", "40136389": "in_corpus"}
HLA-DPA1	membrane_v1:prov	membrane_v1:prov/APC_MHCII_high	C_strong	5	36645183,39466230,40160813,40858363,40136389	5	{"36645183": "in_corpus", "39466230": "in_corpus", "40160813": "in_corpus", "40858363": "in_corpus", "40136389": "in_corpus"}
HLA-DPB1	membrane_v1:prov	membrane_v1:prov/APC_MHCII_high	C_strong	5	39466230,32668747,40858363,35280984,27641646	5	{"39466230": "in_corpus", "32668747": "in_corpus", "40858363": "in_corpus", "35280984": "in_corpus", "27641646": "in_corpus"}
HLA-DQA1	membrane_v1:prov	membrane_v1:prov/APC_MHCII_high	C_strong	5	36645183,40136389,34638643,35181781,36712326	5	{"36645183": "in_corpus", "40136389": "in_corpus", "34638643": "in_corpus", "35181781": "in_corpus", "36712326": "in_corpus"}
HLA-DQB1	membrane_v1:prov	membrane_v1:prov/APC_MHCII_high	C_strong	6	36645183,35882847,32668747,42294804,32870927	5	{"36645183": "in_corpus", "35882847": "in_corpus", "32668747": "in_corpus", "42294804": "in_corpus", "32870927": "in_corpus"}
HLA-DRA	membrane_v1:prov	membrane_v1:prov/APC_MHCII_high	C_strong	15	36645183,39466230,34015102,28514956,PPR_PPR900856	5	{"36645183": "in_corpus", "39466230": "in_corpus", "34015102": "in_corpus", "28514956": "in_corpus", "PPR_PPR900856": "in_corpus"}
HLA-DRB1	membrane_v1:prov	membrane_v1:prov/APC_MHCII_high	C_strong	9	38999396,39466230,32668747,38394392,36712326	5	{"38999396": "in_corpus", "39466230": "in_corpus", "32668747": "in_corpus", "38394392": "in_corpus", "36712326": "in_corpus"}
RGS1	membrane_v1:prov	membrane_v1:prov/APC_MHCII_high	C_mid	1	36267780	1	{"36267780": "in_corpus"}
BANK1	membrane_v1:prov	membrane_v1:prov/B	C_mid	1	41528844	1	{"41528844": "in_corpus"}
CD79A	membrane_v1:prov	membrane_v1:prov/B	C_strong	8	36645183,34508129,31712411,38862482,40778698	5	{"36645183": "in_corpus", "34508129": "in_corpus", "31712411": "in_corpus", "38862482": "in_corpus", "40778698": "in_corpus"}
CD79B	membrane_v1:prov	membrane_v1:prov/B	C_mid	2	41769942,41407891	2	{"41769942": "in_corpus", "41407891": "in_corpus"}
IGKC	membrane_v1:prov	membrane_v1:prov/B	C_strong	4	36408112,34750957,34769520,34439995	4	{"36408112": "in_corpus", "34750957": "in_corpus", "34769520": "in_corpus", "34439995": "in_corpus"}
MS4A1	membrane_v1:prov	membrane_v1:prov/B	C_strong	4	39936988,38862482,40778698,36671500	4	{"39936988": "in_corpus", "38862482": "in_corpus", "40778698": "in_corpus", "36671500": "in_corpus"}
PAX5	membrane_v1:prov	membrane_v1:prov/B	C_strong	9	36830851,38670973,35882984,39117640,40216818	5	{"36830851": "in_corpus", "38670973": "in_corpus", "35882984": "in_corpus", "39117640": "in_corpus", "40216818": "in_corpus"}
TCL1A	membrane_v1:prov	membrane_v1:prov/B	C_mid	2	33176797,42450352	2	{"33176797": "in_corpus", "42450352": "in_corpus"}
CA3	membrane_v1:prov	membrane_v1:prov/Corneal Endothelium	C_strong	18	34206213,35858321,34977041,35474956,38729157	5	{"34206213": "in_corpus", "35858321": "in_corpus", "34977041": "in_corpus", "35474956": "in_corpus", "38729157": "in_corpus"}
CDH2	membrane_v1:prov	membrane_v1:prov/Corneal Endothelium	C_strong	35	35705015,33934486,39859409,37794584,37522516	5	{"35705015": "in_corpus", "33934486": "in_corpus", "39859409": "in_corpus", "37794584": "in_corpus", "37522516": "in_corpus"}
ADGRL4	membrane_v1:prov	membrane_v1:prov/Endo	C_mid	2	42589107,42450352	2	{"42589107": "in_corpus", "42450352": "in_corpus"}
CDH5	membrane_v1:prov	membrane_v1:prov/Endo	C_strong	15	38115754,41071880,36220082,32967716,40136401	5	{"38115754": "in_corpus", "41071880": "in_corpus", "36220082": "in_corpus", "32967716": "in_corpus", "40136401": "in_corpus"}
CLDN5	membrane_v1:prov	membrane_v1:prov/Endo	C_strong	14	34341398,34249924,34783308,37856539,31712411	5	{"34341398": "in_corpus", "34249924": "in_corpus", "34783308": "in_corpus", "37856539": "in_corpus", "31712411": "in_corpus"}
ECSCR	membrane_v1:prov	membrane_v1:prov/Endo	C_mid	2	41071880,40131296	2	{"41071880": "in_corpus", "40131296": "in_corpus"}
ESAM	membrane_v1:prov	membrane_v1:prov/Endo	C_mid	1	41989229	1	{"41989229": "in_corpus"}
FLT1	membrane_v1:prov	membrane_v1:prov/Endo	C_strong	15	41528844,34206213,32439707,34779136,33640465	5	{"41528844": "in_corpus", "34206213": "in_corpus", "32439707": "in_corpus", "34779136": "in_corpus", "33640465": "in_corpus"}
GNG11	membrane_v1:prov	membrane_v1:prov/Endo	C_mid	1	33792620	1	{"33792620": "in_corpus"}
KDR	membrane_v1:prov	membrane_v1:prov/Endo	C_strong	39	36645183,36408112,33865984,37175646,39056772	5	{"36645183": "in_corpus", "36408112": "in_corpus", "33865984": "in_corpus", "37175646": "in_corpus", "39056772": "in_corpus"}
PECAM1	membrane_v1:prov	membrane_v1:prov/Endo	C_strong	38	35858321,36877514,41577708,32439707,35212809	5	{"35858321": "in_corpus", "36877514": "in_corpus", "41577708": "in_corpus", "32439707": "in_corpus", "35212809": "in_corpus"}
PLVAP	membrane_v1:prov	membrane_v1:prov/Endo	C_strong	19	31712411,40238113,36320068,41432545,35181781	5	{"31712411": "in_corpus", "40238113": "in_corpus", "36320068": "in_corpus", "41432545": "in_corpus", "35181781": "in_corpus"}
RAMP2	membrane_v1:prov	membrane_v1:prov/Endo	C_mid	1	39521855	1	{"39521855": "in_corpus"}
TM4SF1	membrane_v1:prov	membrane_v1:prov/Endo	C_strong	3	39532995,33572787,35280984	3	{"39532995": "in_corpus", "33572787": "in_corpus", "35280984": "in_corpus"}
VWF	membrane_v1:prov	membrane_v1:prov/Endo	C_strong	26	36645183,36408112,34677208,32678293,31712411	5	{"36645183": "in_corpus", "36408112": "in_corpus", "34677208": "in_corpus", "32678293": "in_corpus", "31712411": "in_corpus"}
DLL4	membrane_v1:prov	membrane_v1:prov/Endo_Patho	C_strong	18	35181781,34055784,39518910,39448874,37253747	5	{"35181781": "in_corpus", "34055784": "in_corpus", "39518910": "in_corpus", "39448874": "in_corpus", "37253747": "in_corpus"}
HIF1A	membrane_v1:prov	membrane_v1:prov/Endo_Patho	C_strong	28	35030321,40806731,34779136,34823561,40390022	5	{"35030321": "in_corpus", "40806731": "in_corpus", "34779136": "in_corpus", "34823561": "in_corpus", "40390022": "in_corpus"}
ICAM1	membrane_v1:prov	membrane_v1:prov/Endo_Patho	C_strong	41	41960189,36877514,29415988,31712411,42587300	5	{"41960189": "in_corpus", "36877514": "in_corpus", "29415988": "in_corpus", "31712411": "in_corpus", "42587300": "in_corpus"}
NDUFA4L2	membrane_v1:prov	membrane_v1:prov/Endo_Patho	C_strong	3	33307245,38670973,39952952	3	{"33307245": "in_corpus", "38670973": "in_corpus", "39952952": "in_corpus"}
PLVAP	membrane_v1:prov	membrane_v1:prov/Endo_Patho	C_strong	19	31712411,40238113,36320068,41432545,35181781	5	{"31712411": "in_corpus", "40238113": "in_corpus", "36320068": "in_corpus", "41432545": "in_corpus", "35181781": "in_corpus"}
VCAM1	membrane_v1:prov	membrane_v1:prov/Endo_Patho	C_strong	21	36877514,42717497,31712411,40303324,36077073	5	{"36877514": "in_corpus", "42717497": "in_corpus", "31712411": "in_corpus", "40303324": "in_corpus", "36077073": "in_corpus"}
COL1A1	membrane_v1:prov	membrane_v1:prov/Fibroblast	C_strong	99	36645183,33865984,35705015,36899910,35517867	5	{"36645183": "in_corpus", "33865984": "in_corpus", "35705015": "in_corpus", "36899910": "in_corpus", "35517867": "in_corpus"}
COL1A2	membrane_v1:prov	membrane_v1:prov/Fibroblast	C_strong	39	36645183,36544284,33865984,42717497,35752290	5	{"36645183": "in_corpus", "36544284": "in_corpus", "33865984": "in_corpus", "42717497": "in_corpus", "35752290": "in_corpus"}
COL3A1	membrane_v1:prov	membrane_v1:prov/Fibroblast	C_strong	34	36645183,36408112,33865984,38670973,34830490	5	{"36645183": "in_corpus", "36408112": "in_corpus", "33865984": "in_corpus", "38670973": "in_corpus", "34830490": "in_corpus"}
DCN	membrane_v1:prov	membrane_v1:prov/Fibroblast	C_strong	44	36645183,38670973,32439707,35858321,35517867	5	{"36645183": "in_corpus", "38670973": "in_corpus", "32439707": "in_corpus", "35858321": "in_corpus", "35517867": "in_corpus"}
FBN1	membrane_v1:prov	membrane_v1:prov/Fibroblast	C_strong	24	36408112,35858321,35752290,33646289,42450352	5	{"36408112": "in_corpus", "35858321": "in_corpus", "35752290": "in_corpus", "33646289": "in_corpus", "42450352": "in_corpus"}
FN1	membrane_v1:prov	membrane_v1:prov/Fibroblast	C_strong	96	36408112,41366246,34544421,36185374,33865984	5	{"36408112": "in_corpus", "41366246": "in_corpus", "34544421": "in_corpus", "36185374": "in_corpus", "33865984": "in_corpus"}
LUM	membrane_v1:prov	membrane_v1:prov/Fibroblast	C_strong	22	33865984,37443842,34381080,40437144,42030193	5	{"33865984": "in_corpus", "37443842": "in_corpus", "34381080": "in_corpus", "40437144": "in_corpus", "42030193": "in_corpus"}
MMP2	membrane_v1:prov	membrane_v1:prov/Fibroblast	C_strong	100	40331961,39734536,35882847,39506758,40598610	5	{"40331961": "in_corpus", "39734536": "in_corpus", "35882847": "in_corpus", "39506758": "in_corpus", "40598610": "in_corpus"}
PTGDS	membrane_v1:prov	membrane_v1:prov/Fibroblast	C_strong	17	33307245,36830851,37339216,35882847,35298655	5	{"33307245": "in_corpus", "36830851": "in_corpus", "37339216": "in_corpus", "35882847": "in_corpus", "35298655": "in_corpus"}
THY1	membrane_v1:prov	membrane_v1:prov/Fibroblast	C_strong	38	36645183,39734233,38670973,33393903,37540379	5	{"36645183": "in_corpus", "39734233": "in_corpus", "38670973": "in_corpus", "33393903": "in_corpus", "37540379": "in_corpus"}
ANXA1	membrane_v1:prov	membrane_v1:prov/Granulocyte	C_strong	19	42652099,36231108,33865984,34750957,41327293	5	{"42652099": "in_corpus", "36231108": "in_corpus", "33865984": "in_corpus", "34750957": "in_corpus", "41327293": "in_corpus"}
C5AR1	membrane_v1:prov	membrane_v1:prov/Granulocyte	C_strong	9	40994539,33918210,35831910,42756340,35280984	5	{"40994539": "in_corpus", "33918210": "in_corpus", "35831910": "in_corpus", "42756340": "in_corpus", "35280984": "in_corpus"}
CAMP	membrane_v1:prov	membrane_v1:prov/Granulocyte	C_strong	3	40653679,35722307,40423739	3	{"40653679": "in_corpus", "35722307": "in_corpus", "40423739": "in_corpus"}
CD36	membrane_v1:prov	membrane_v1:prov/Granulocyte	C_strong	26	36899910,38528525,39734536,38334673,34819832	5	{"36899910": "in_corpus", "38528525": "in_corpus", "39734536": "in_corpus", "38334673": "in_corpus", "34819832": "in_corpus"}
CSF3R	membrane_v1:prov	membrane_v1:prov/Granulocyte	C_strong	4	39641748,38214685,36821388,38862482	4	{"39641748": "in_corpus", "38214685": "in_corpus", "36821388": "in_corpus", "38862482": "in_corpus"}
CXCR2	membrane_v1:prov	membrane_v1:prov/Granulocyte	C_strong	14	33934486,37670124,39461953,39790557,35884862	5	{"33934486": "in_corpus", "37670124": "in_corpus", "39461953": "in_corpus", "39790557": "in_corpus", "35884862": "in_corpus"}
FCGR3B	membrane_v1:prov	membrane_v1:prov/Granulocyte	C_mid	1	38862482	1	{"38862482": "in_corpus"}
IL1RN	membrane_v1:prov	membrane_v1:prov/Granulocyte	C_strong	9	42100661,32437405,34769520,36671500,36213538	5	{"42100661": "in_corpus", "32437405": "in_corpus", "34769520": "in_corpus", "36671500": "in_corpus", "36213538": "in_corpus"}
LTF	membrane_v1:prov	membrane_v1:prov/Granulocyte	C_strong	7	34439995,40761516,28733649,36262888,42589107	5	{"34439995": "in_corpus", "40761516": "in_corpus", "28733649": "in_corpus", "36262888": "in_corpus", "42589107": "in_corpus"}
MPO	membrane_v1:prov	membrane_v1:prov/Granulocyte	C_strong	18	40172766,32426498,35965828,34439995,32905166	5	{"40172766": "in_corpus", "32426498": "in_corpus", "35965828": "in_corpus", "34439995": "in_corpus", "32905166": "in_corpus"}
TGFBI	membrane_v1:prov	membrane_v1:prov/Granulocyte	C_strong	18	33865984,35858321,35517867,36577775,26052939	5	{"33865984": "in_corpus", "35858321": "in_corpus", "35517867": "in_corpus", "36577775": "in_corpus", "26052939": "in_corpus"}
TIMP1	membrane_v1:prov	membrane_v1:prov/Granulocyte	C_strong	34	36877514,32539133,40243577,38394161,37443842	5	{"36877514": "in_corpus", "32539133": "in_corpus", "40243577": "in_corpus", "38394161": "in_corpus", "37443842": "in_corpus"}
APOE	membrane_v1:prov	membrane_v1:prov/Mac_DAM_LAM	C_strong	73	36645183,41528844,38670973,35882847,36899910	5	{"36645183": "in_corpus", "41528844": "in_corpus", "38670973": "in_corpus", "35882847": "in_corpus", "36899910": "in_corpus"}
ASAH1	membrane_v1:prov	membrane_v1:prov/Mac_DAM_LAM	C_strong	3	39433211,38502591,35280984	3	{"39433211": "in_corpus", "38502591": "in_corpus", "35280984": "in_corpus"}
CCL3	membrane_v1:prov	membrane_v1:prov/Mac_DAM_LAM	C_strong	28	39641748,33865984,36408381,32373289,39461953	5	{"39641748": "in_corpus", "33865984": "in_corpus", "36408381": "in_corpus", "32373289": "in_corpus", "39461953": "in_corpus"}
CCL4	membrane_v1:prov	membrane_v1:prov/Mac_DAM_LAM	C_strong	24	39641748,36408381,32437405,42294804,42450352	5	{"39641748": "in_corpus", "36408381": "in_corpus", "32437405": "in_corpus", "42294804": "in_corpus", "42450352": "in_corpus"}
CD9	membrane_v1:prov	membrane_v1:prov/Mac_DAM_LAM	C_strong	48	33047885,35882847,42232161,36544284,32373289	5	{"33047885": "in_corpus", "35882847": "in_corpus", "42232161": "in_corpus", "36544284": "in_corpus", "32373289": "in_corpus"}
CTSD	membrane_v1:prov	membrane_v1:prov/Mac_DAM_LAM	C_strong	15	34750957,42030193,34674604,38722314,32815311	5	{"34750957": "in_corpus", "42030193": "in_corpus", "34674604": "in_corpus", "38722314": "in_corpus", "32815311": "in_corpus"}
FTH1	membrane_v1:prov	membrane_v1:prov/Mac_DAM_LAM	C_strong	18	41960189,33307245,42652099,40703032,39953740	5	{"41960189": "in_corpus", "33307245": "in_corpus", "42652099": "in_corpus", "40703032": "in_corpus", "39953740": "in_corpus"}
FTL	membrane_v1:prov	membrane_v1:prov/Mac_DAM_LAM	C_strong	17	41960189,39663766,35517867,40131364,35371110	5	{"41960189": "in_corpus", "39663766": "in_corpus", "35517867": "in_corpus", "40131364": "in_corpus", "35371110": "in_corpus"}
GPNMB	membrane_v1:prov	membrane_v1:prov/Mac_DAM_LAM	C_strong	4	34735454,36035999,42666080,35280984	4	{"34735454": "in_corpus", "36035999": "in_corpus", "42666080": "in_corpus", "35280984": "in_corpus"}
HMOX1	membrane_v1:prov	membrane_v1:prov/Mac_DAM_LAM	C_strong	27	41960189,34977041,41516321,36413373,41655020	5	{"41960189": "in_corpus", "34977041": "in_corpus", "41516321": "in_corpus", "36413373": "in_corpus", "41655020": "in_corpus"}
LIPA	membrane_v1:prov	membrane_v1:prov/Mac_DAM_LAM	C_mid	2	42584788,37316554	2	{"42584788": "in_corpus", "37316554": "in_corpus"}
MMP9	membrane_v1:prov	membrane_v1:prov/Mac_DAM_LAM	C_strong	100	41528844,40331961,39506758,40722628,33759344	5	{"41528844": "in_corpus", "40331961": "in_corpus", "39506758": "in_corpus", "40722628": "in_corpus", "33759344": "in_corpus"}
OLR1	membrane_v1:prov	membrane_v1:prov/Mac_DAM_LAM	C_mid	2	37389178,42589107	2	{"37389178": "in_corpus", "42589107": "in_corpus"}
PLD3	membrane_v1:prov	membrane_v1:prov/Mac_DAM_LAM	C_mid	1	35280984	1	{"35280984": "in_corpus"}
SPP1	membrane_v1:prov	membrane_v1:prov/Mac_DAM_LAM	C_strong	48	37624696,42652099,34544421,36899910,33307245	5	{"37624696": "in_corpus", "42652099": "in_corpus", "34544421": "in_corpus", "36899910": "in_corpus", "33307245": "in_corpus"}
TREM2	membrane_v1:prov	membrane_v1:prov/Mac_DAM_LAM	C_strong	21	33585455,36644817,38289348,42666080,39514271	5	{"33585455": "in_corpus", "36644817": "in_corpus", "38289348": "in_corpus", "42666080": "in_corpus", "39514271": "in_corpus"}
C1QA	membrane_v1:prov	membrane_v1:prov/Mac_Tissue	C_strong	20	36408381,34830490,35212809,34445064,40858363	5	{"36408381": "in_corpus", "34830490": "in_corpus", "35212809": "in_corpus", "34445064": "in_corpus", "40858363": "in_corpus"}
C1QB	membrane_v1:prov	membrane_v1:prov/Mac_Tissue	C_strong	12	32439707,34341398,35371110,41810892,34445064	5	{"32439707": "in_corpus", "34341398": "in_corpus", "35371110": "in_corpus", "41810892": "in_corpus", "34445064": "in_corpus"}
C1QC	membrane_v1:prov	membrane_v1:prov/Mac_Tissue	C_strong	8	35517867,34830490,41071880,34445064,35805159	5	{"35517867": "in_corpus", "34830490": "in_corpus", "41071880": "in_corpus", "34445064": "in_corpus", "35805159": "in_corpus"}
CD163	membrane_v1:prov	membrane_v1:prov/Mac_Tissue	C_strong	36	40994539,34544421,35986368,35858321,40976555	5	{"40994539": "in_corpus", "34544421": "in_corpus", "35986368": "in_corpus", "35858321": "in_corpus", "40976555": "in_corpus"}
F13A1	membrane_v1:prov	membrane_v1:prov/Mac_Tissue	C_strong	3	41528844,35858321,35181781	3	{"41528844": "in_corpus", "35858321": "in_corpus", "35181781": "in_corpus"}
FOLR2	membrane_v1:prov	membrane_v1:prov/Mac_Tissue	C_mid	2	42152120,35181781	2	{"42152120": "in_corpus", "35181781": "in_corpus"}
ITM2B	membrane_v1:prov	membrane_v1:prov/Mac_Tissue	C_strong	3	35557957,35371110,33673358	3	{"35557957": "in_corpus", "35371110": "in_corpus", "33673358": "in_corpus"}
LYVE1	membrane_v1:prov	membrane_v1:prov/Mac_Tissue	C_strong	21	33865984,35858321,32439707,32917640,33053795	5	{"33865984": "in_corpus", "35858321": "in_corpus", "32439707": "in_corpus", "32917640": "in_corpus", "33053795": "in_corpus"}
MAF	membrane_v1:prov	membrane_v1:prov/Mac_Tissue	C_strong	55	35882847,37371607,41632798,38195602,28827829	5	{"35882847": "in_corpus", "37371607": "in_corpus", "41632798": "in_corpus", "38195602": "in_corpus", "28827829": "in_corpus"}
MRC1	membrane_v1:prov	membrane_v1:prov/Mac_Tissue	C_strong	9	33046735,41979250,41007615,40243577,40238113	5	{"33046735": "in_corpus", "41979250": "in_corpus", "41007615": "in_corpus", "40243577": "in_corpus", "40238113": "in_corpus"}
SELENOP	membrane_v1:prov	membrane_v1:prov/Mac_Tissue	C_mid	1	35859009	1	{"35859009": "in_corpus"}
SLC40A1	membrane_v1:prov	membrane_v1:prov/Mac_Tissue	C_strong	7	40234585,39796164,32183063,32792522,35185447	5	{"40234585": "in_corpus", "39796164": "in_corpus", "32183063": "in_corpus", "32792522": "in_corpus", "35185447": "in_corpus"}
STAB1	membrane_v1:prov	membrane_v1:prov/Mac_Tissue	C_mid	1	35858321	1	{"35858321": "in_corpus"}
VSIG4	membrane_v1:prov	membrane_v1:prov/Mac_Tissue	C_strong	5	34439995,36110094,34381080,35784369,39198892	5	{"34439995": "in_corpus", "36110094": "in_corpus", "34381080": "in_corpus", "35784369": "in_corpus", "39198892": "in_corpus"}
AIF1	membrane_v1:prov	membrane_v1:prov/Microglia	C_strong	26	40994539,35212809,40126507,31712411,35806438	5	{"40994539": "in_corpus", "35212809": "in_corpus", "40126507": "in_corpus", "31712411": "in_corpus", "35806438": "in_corpus"}
CX3CR1	membrane_v1:prov	membrane_v1:prov/Microglia	C_strong	67	35309305,33585455,37605279,40882639,36662852	5	{"35309305": "in_corpus", "33585455": "in_corpus", "37605279": "in_corpus", "40882639": "in_corpus", "36662852": "in_corpus"}
FCER1G	membrane_v1:prov	membrane_v1:prov/Microglia	C_mid	2	41651377,35280984	2	{"41651377": "in_corpus", "35280984": "in_corpus"}
HEXB	membrane_v1:prov	membrane_v1:prov/Microglia	C_mid	2	38564108,42584788	2	{"38564108": "in_corpus", "42584788": "in_corpus"}
IRF8	membrane_v1:prov	membrane_v1:prov/Microglia	C_strong	10	34544421,36611829,41071880,35922863,39324238	5	{"34544421": "in_corpus", "36611829": "in_corpus", "41071880": "in_corpus", "35922863": "in_corpus", "39324238": "in_corpus"}
P2RY12	membrane_v1:prov	membrane_v1:prov/Microglia	C_strong	24	40994539,34544421,35309305,37838654,39340587	5	{"40994539": "in_corpus", "34544421": "in_corpus", "35309305": "in_corpus", "37838654": "in_corpus", "39340587": "in_corpus"}
SALL1	membrane_v1:prov	membrane_v1:prov/Microglia	C_strong	4	34544421,34613793,41516321,41270749	4	{"34544421": "in_corpus", "34613793": "in_corpus", "41516321": "in_corpus", "41270749": "in_corpus"}
TMEM119	membrane_v1:prov	membrane_v1:prov/Microglia	C_strong	33	40994539,34544421,35309305,36644817,38289348	5	{"40994539": "in_corpus", "34544421": "in_corpus", "35309305": "in_corpus", "36644817": "in_corpus", "38289348": "in_corpus"}
TYROBP	membrane_v1:prov	membrane_v1:prov/Microglia	C_strong	8	32439707,32450896,40576432,35432302,35280984	5	{"32439707": "in_corpus", "32450896": "in_corpus", "40576432": "in_corpus", "35432302": "in_corpus", "35280984": "in_corpus"}
CD14	membrane_v1:prov	membrane_v1:prov/Mono_Classical	C_strong	50	36645183,41871103,36408381,36644817,39560701	5	{"36645183": "in_corpus", "41871103": "in_corpus", "36408381": "in_corpus", "36644817": "in_corpus", "39560701": "in_corpus"}
CTSS	membrane_v1:prov	membrane_v1:prov/Mono_Classical	C_strong	10	40557874,35309305,42584788,35718942,37794584	5	{"40557874": "in_corpus", "35309305": "in_corpus", "42584788": "in_corpus", "35718942": "in_corpus", "37794584": "in_corpus"}
FCN1	membrane_v1:prov	membrane_v1:prov/Mono_Classical	C_strong	4	35181781,34830490,35784369,40226626	4	{"35181781": "in_corpus", "34830490": "in_corpus", "35784369": "in_corpus", "40226626": "in_corpus"}
LYZ	membrane_v1:prov	membrane_v1:prov/Mono_Classical	C_strong	6	42030193,34439995,40761516,28733649,35280984	5	{"42030193": "in_corpus", "34439995": "in_corpus", "40761516": "in_corpus", "28733649": "in_corpus", "35280984": "in_corpus"}
S100A8	membrane_v1:prov	membrane_v1:prov/Mono_Classical	C_strong	17	33865984,34750957,39466230,34741068,40390022	5	{"33865984": "in_corpus", "34750957": "in_corpus", "39466230": "in_corpus", "34741068": "in_corpus", "40390022": "in_corpus"}
S100A9	membrane_v1:prov	membrane_v1:prov/Mono_Classical	C_strong	29	33865984,34750957,34830490,40390022,40238113	5	{"33865984": "in_corpus", "34750957": "in_corpus", "34830490": "in_corpus", "40390022": "in_corpus", "40238113": "in_corpus"}
SELL	membrane_v1:prov	membrane_v1:prov/Mono_Classical	C_strong	6	36877514,38862482,37507439,42493528,38190125	5	{"36877514": "in_corpus", "38862482": "in_corpus", "37507439": "in_corpus", "42493528": "in_corpus", "38190125": "in_corpus"}
SERPINA1	membrane_v1:prov	membrane_v1:prov/Mono_Classical	C_strong	9	40499779,42030193,34439995,26990160,40136389	5	{"40499779": "in_corpus", "42030193": "in_corpus", "34439995": "in_corpus", "26990160": "in_corpus", "40136389": "in_corpus"}
VCAN	membrane_v1:prov	membrane_v1:prov/Mono_Classical	C_strong	18	36877514,41810892,38862482,38760655,38394161	5	{"36877514": "in_corpus", "41810892": "in_corpus", "38862482": "in_corpus", "38760655": "in_corpus", "38394161": "in_corpus"}
CX3CR1	membrane_v1:prov	membrane_v1:prov/Mono_Nonclassical	C_strong	67	35309305,33585455,37605279,40882639,36662852	5	{"35309305": "in_corpus", "33585455": "in_corpus", "37605279": "in_corpus", "40882639": "in_corpus", "36662852": "in_corpus"}
FCGR3A	membrane_v1:prov	membrane_v1:prov/Mono_Nonclassical	C_mid	1	34769520	1	{"34769520": "in_corpus"}
IL1B	membrane_v1:prov	membrane_v1:prov/Mono_Nonclassical	C_strong	46	36901754,41960189,33865984,40758602,41224754	5	{"36901754": "in_corpus", "41960189": "in_corpus", "33865984": "in_corpus", "40758602": "in_corpus", "41224754": "in_corpus"}
LST1	membrane_v1:prov	membrane_v1:prov/Mono_Nonclassical	C_mid	1	32946783	1	{"32946783": "in_corpus"}
MS4A7	membrane_v1:prov	membrane_v1:prov/Mono_Nonclassical	C_mid	1	35280984	1	{"35280984": "in_corpus"}
ACTA2	membrane_v1:prov	membrane_v1:prov/Myofibroblast	C_strong	70	36645183,41528844,35705015,32751632,33307245	5	{"36645183": "in_corpus", "41528844": "in_corpus", "35705015": "in_corpus", "32751632": "in_corpus", "33307245": "in_corpus"}
COL1A1	membrane_v1:prov	membrane_v1:prov/Myofibroblast	C_strong	99	36645183,33865984,35705015,36899910,35517867	5	{"36645183": "in_corpus", "33865984": "in_corpus", "35705015": "in_corpus", "36899910": "in_corpus", "35517867": "in_corpus"}
COL1A2	membrane_v1:prov	membrane_v1:prov/Myofibroblast	C_strong	39	36645183,36544284,33865984,42717497,35752290	5	{"36645183": "in_corpus", "36544284": "in_corpus", "33865984": "in_corpus", "42717497": "in_corpus", "35752290": "in_corpus"}
CTHRC1	membrane_v1:prov	membrane_v1:prov/Myofibroblast	C_mid	2	42589107,39936988	2	{"42589107": "in_corpus", "39936988": "in_corpus"}
FN1	membrane_v1:prov	membrane_v1:prov/Myofibroblast	C_strong	96	36408112,41366246,34544421,36185374,33865984	5	{"36408112": "in_corpus", "41366246": "in_corpus", "34544421": "in_corpus", "36185374": "in_corpus", "33865984": "in_corpus"}
MYL9	membrane_v1:prov	membrane_v1:prov/Myofibroblast	C_strong	12	36645183,33307245,40838019,41309590,42717497	5	{"36645183": "in_corpus", "33307245": "in_corpus", "40838019": "in_corpus", "41309590": "in_corpus", "42717497": "in_corpus"}
POSTN	membrane_v1:prov	membrane_v1:prov/Myofibroblast	C_strong	20	36645183,36899910,33865984,35858321,41373691	5	{"36645183": "in_corpus", "36899910": "in_corpus", "33865984": "in_corpus", "35858321": "in_corpus", "41373691": "in_corpus"}
PRRX1	membrane_v1:prov	membrane_v1:prov/Myofibroblast	C_strong	6	35858321,37339216,42256007,37665325,41230906	5	{"35858321": "in_corpus", "37339216": "in_corpus", "42256007": "in_corpus", "37665325": "in_corpus", "41230906": "in_corpus"}
TAGLN	membrane_v1:prov	membrane_v1:prov/Myofibroblast	C_strong	21	36645183,42652099,33307245,33865984,32439707	5	{"36645183": "in_corpus", "42652099": "in_corpus", "33307245": "in_corpus", "33865984": "in_corpus", "32439707": "in_corpus"}
TIMP1	membrane_v1:prov	membrane_v1:prov/Myofibroblast	C_strong	34	36877514,32539133,40243577,38394161,37443842	5	{"36877514": "in_corpus", "32539133": "in_corpus", "40243577": "in_corpus", "38394161": "in_corpus", "37443842": "in_corpus"}
TPM1	membrane_v1:prov	membrane_v1:prov/Myofibroblast	C_strong	11	33307245,36142331,42149027,38862482,33572787	5	{"33307245": "in_corpus", "36142331": "in_corpus", "42149027": "in_corpus", "38862482": "in_corpus", "33572787": "in_corpus"}
TPM2	membrane_v1:prov	membrane_v1:prov/Myofibroblast	C_strong	10	38670973,41851243,33994920,38862482,40859055	5	{"38670973": "in_corpus", "41851243": "in_corpus", "33994920": "in_corpus", "38862482": "in_corpus", "40859055": "in_corpus"}
GNLY	membrane_v1:prov	membrane_v1:prov/NK	C_mid	2	40653679,42717487	2	{"40653679": "in_corpus", "42717487": "in_corpus"}
KLRD1	membrane_v1:prov	membrane_v1:prov/NK	C_mid	1	40994539	1	{"40994539": "in_corpus"}
NKG7	membrane_v1:prov	membrane_v1:prov/NK	C_strong	5	40994539,39466230,40778698,33187533,39952952	5	{"40994539": "in_corpus", "39466230": "in_corpus", "40778698": "in_corpus", "33187533": "in_corpus", "39952952": "in_corpus"}
PRF1	membrane_v1:prov	membrane_v1:prov/NK	C_mid	2	42717487,35280984	2	{"42717487": "in_corpus", "35280984": "in_corpus"}
CALD1	membrane_v1:prov	membrane_v1:prov/Pericyte	C_strong	6	33307245,34439995,38195602,33572787,38214685	5	{"33307245": "in_corpus", "34439995": "in_corpus", "38195602": "in_corpus", "33572787": "in_corpus", "38214685": "in_corpus"}
COL1A2	membrane_v1:prov	membrane_v1:prov/Pericyte	C_strong	39	36645183,36544284,33865984,42717497,35752290	5	{"36645183": "in_corpus", "36544284": "in_corpus", "33865984": "in_corpus", "42717497": "in_corpus", "35752290": "in_corpus"}
IGFBP7	membrane_v1:prov	membrane_v1:prov/Pericyte	C_strong	8	42256007,39732756,42149027,42587300,33572787	5	{"42256007": "in_corpus", "39732756": "in_corpus", "42149027": "in_corpus", "42587300": "in_corpus", "33572787": "in_corpus"}
ITGA1	membrane_v1:prov	membrane_v1:prov/Pericyte	C_strong	6	36645183,40882639,36877514,36536086,41152974	5	{"36645183": "in_corpus", "40882639": "in_corpus", "36877514": "in_corpus", "36536086": "in_corpus", "41152974": "in_corpus"}
MGP	membrane_v1:prov	membrane_v1:prov/Pericyte	C_strong	42	36645183,36899910,35858321,34677208,34603044	5	{"36645183": "in_corpus", "36899910": "in_corpus", "35858321": "in_corpus", "34677208": "in_corpus", "34603044": "in_corpus"}
NOTCH3	membrane_v1:prov	membrane_v1:prov/Pericyte	C_strong	9	35858321,36977817,34301870,38366188,38383070	5	{"35858321": "in_corpus", "36977817": "in_corpus", "34301870": "in_corpus", "38366188": "in_corpus", "38383070": "in_corpus"}
PDGFRB	membrane_v1:prov	membrane_v1:prov/Pericyte	C_strong	21	36645183,35705015,32231223,35858321,37794584	5	{"36645183": "in_corpus", "35705015": "in_corpus", "32231223": "in_corpus", "35858321": "in_corpus", "37794584": "in_corpus"}
PRRX1	membrane_v1:prov	membrane_v1:prov/Pericyte	C_strong	6	35858321,37339216,42256007,37665325,41230906	5	{"35858321": "in_corpus", "37339216": "in_corpus", "42256007": "in_corpus", "37665325": "in_corpus", "41230906": "in_corpus"}
RGS4	membrane_v1:prov	membrane_v1:prov/Pericyte	C_mid	2	39732756,42342706	2	{"39732756": "in_corpus", "42342706": "in_corpus"}
RGS5	membrane_v1:prov	membrane_v1:prov/Pericyte	C_strong	11	37670124,31712411,36797232,34006945,38214685	5	{"37670124": "in_corpus", "31712411": "in_corpus", "36797232": "in_corpus", "34006945": "in_corpus", "38214685": "in_corpus"}
THY1	membrane_v1:prov	membrane_v1:prov/Pericyte	C_strong	38	36645183,39734233,38670973,33393903,37540379	5	{"36645183": "in_corpus", "39734233": "in_corpus", "38670973": "in_corpus", "33393903": "in_corpus", "37540379": "in_corpus"}
IGHG1	membrane_v1:prov	membrane_v1:prov/Plasma	C_strong	3	34750957,40136389,34769520	3	{"34750957": "in_corpus", "40136389": "in_corpus", "34769520": "in_corpus"}
JCHAIN	membrane_v1:prov	membrane_v1:prov/Plasma	C_strong	5	32946783,40778698,38366188,38002955,42450352	5	{"32946783": "in_corpus", "40778698": "in_corpus", "38366188": "in_corpus", "38002955": "in_corpus", "42450352": "in_corpus"}
MZB1	membrane_v1:prov	membrane_v1:prov/Plasma	C_mid	2	39952952,40778698	2	{"39952952": "in_corpus", "40778698": "in_corpus"}
SEC11C	membrane_v1:prov	membrane_v1:prov/Plasma	C_mid	1	35371110	1	{"35371110": "in_corpus"}
SLAMF7	membrane_v1:prov	membrane_v1:prov/Plasma	C_mid	1	38232696	1	{"38232696": "in_corpus"}
TNFRSF17	membrane_v1:prov	membrane_v1:prov/Plasma	C_mid	1	38862482	1	{"38862482": "in_corpus"}
XBP1	membrane_v1:prov	membrane_v1:prov/Plasma	C_strong	26	34977041,40131364,35298655,37097227,40806731	5	{"34977041": "in_corpus", "40131364": "in_corpus", "35298655": "in_corpus", "37097227": "in_corpus", "40806731": "in_corpus"}
BIRC5	membrane_v1:prov	membrane_v1:prov/Proliferating	C_strong	13	35858321,36645044,34741068,42278250,40598599	5	{"35858321": "in_corpus", "36645044": "in_corpus", "34741068": "in_corpus", "42278250": "in_corpus", "40598599": "in_corpus"}
CENPF	membrane_v1:prov	membrane_v1:prov/Proliferating	C_strong	12	40598599,42510807,37057399,33572787,38510120	5	{"40598599": "in_corpus", "42510807": "in_corpus", "37057399": "in_corpus", "33572787": "in_corpus", "38510120": "in_corpus"}
H2AFZ	membrane_v1:prov	membrane_v1:prov/Proliferating	C_mid	1	39389360	1	{"39389360": "in_corpus"}
MKI67	membrane_v1:prov	membrane_v1:prov/Proliferating	C_strong	49	35705015,40994539,36231108,33307245,35858321	5	{"35705015": "in_corpus", "40994539": "in_corpus", "36231108": "in_corpus", "33307245": "in_corpus", "35858321": "in_corpus"}
NUSAP1	membrane_v1:prov	membrane_v1:prov/Proliferating	C_strong	3	35325233,33572787,32557945	3	{"35325233": "in_corpus", "33572787": "in_corpus", "32557945": "in_corpus"}
PTTG1	membrane_v1:prov	membrane_v1:prov/Proliferating	C_strong	6	33307245,37057399,34946963,42139353,37291161	5	{"33307245": "in_corpus", "37057399": "in_corpus", "34946963": "in_corpus", "42139353": "in_corpus", "37291161": "in_corpus"}
STMN1	membrane_v1:prov	membrane_v1:prov/Proliferating	C_strong	6	34741068,41851243,37057399,37443842,40016767	5	{"34741068": "in_corpus", "41851243": "in_corpus", "37057399": "in_corpus", "37443842": "in_corpus", "40016767": "in_corpus"}
TOP2A	membrane_v1:prov	membrane_v1:prov/Proliferating	C_strong	35	36645183,35705015,40994539,33307245,35858321	5	{"36645183": "in_corpus", "35705015": "in_corpus", "40994539": "in_corpus", "33307245": "in_corpus", "35858321": "in_corpus"}
ACTA2	membrane_v1:prov	membrane_v1:prov/SMC	C_strong	70	36645183,41528844,35705015,32751632,33307245	5	{"36645183": "in_corpus", "41528844": "in_corpus", "35705015": "in_corpus", "32751632": "in_corpus", "33307245": "in_corpus"}
CALD1	membrane_v1:prov	membrane_v1:prov/SMC	C_strong	6	33307245,34439995,38195602,33572787,38214685	5	{"33307245": "in_corpus", "34439995": "in_corpus", "38195602": "in_corpus", "33572787": "in_corpus", "38214685": "in_corpus"}
CNN1	membrane_v1:prov	membrane_v1:prov/SMC	C_strong	4	39952952,31284269,41609173,31992794	4	{"39952952": "in_corpus", "31284269": "in_corpus", "41609173": "in_corpus", "31992794": "in_corpus"}
DES	membrane_v1:prov	membrane_v1:prov/SMC	C_strong	15	36645183,41366246,35858321,41309590,41294008	5	{"36645183": "in_corpus", "41366246": "in_corpus", "35858321": "in_corpus", "41309590": "in_corpus", "41294008": "in_corpus"}
LMOD1	membrane_v1:prov	membrane_v1:prov/SMC	C_strong	3	40728983,35557957,33072724	3	{"40728983": "in_corpus", "35557957": "in_corpus", "33072724": "in_corpus"}
MYH11	membrane_v1:prov	membrane_v1:prov/SMC	C_strong	14	36645183,35858321,32439707,42030193,34783308	5	{"36645183": "in_corpus", "35858321": "in_corpus", "32439707": "in_corpus", "42030193": "in_corpus", "34783308": "in_corpus"}
MYL9	membrane_v1:prov	membrane_v1:prov/SMC	C_strong	12	36645183,33307245,40838019,41309590,42717497	5	{"36645183": "in_corpus", "33307245": "in_corpus", "40838019": "in_corpus", "41309590": "in_corpus", "42717497": "in_corpus"}
TAGLN	membrane_v1:prov	membrane_v1:prov/SMC	C_strong	21	36645183,42652099,33307245,33865984,32439707	5	{"36645183": "in_corpus", "42652099": "in_corpus", "33307245": "in_corpus", "33865984": "in_corpus", "32439707": "in_corpus"}
CCL5	membrane_v1:prov	membrane_v1:prov/T	C_strong	44	35309305,39641748,33865984,38548335,40557874	5	{"35309305": "in_corpus", "39641748": "in_corpus", "33865984": "in_corpus", "38548335": "in_corpus", "40557874": "in_corpus"}
CD2	membrane_v1:prov	membrane_v1:prov/T	C_strong	14	40994539,32946783,35882984,34508129,31712411	5	{"40994539": "in_corpus", "32946783": "in_corpus", "35882984": "in_corpus", "34508129": "in_corpus", "31712411": "in_corpus"}
CD3D	membrane_v1:prov	membrane_v1:prov/T	C_strong	8	40994539,38862482,40778698,35280984,38214685	5	{"40994539": "in_corpus", "38862482": "in_corpus", "40778698": "in_corpus", "35280984": "in_corpus", "38214685": "in_corpus"}
CD3E	membrane_v1:prov	membrane_v1:prov/T	C_strong	5	34508129,38862482,40778698,35280984,41432545	5	{"34508129": "in_corpus", "38862482": "in_corpus", "40778698": "in_corpus", "35280984": "in_corpus", "41432545": "in_corpus"}
CD3G	membrane_v1:prov	membrane_v1:prov/T	C_mid	2	PPR_PPR863459,40140459	2	{"PPR_PPR863459": "in_corpus", "40140459": "in_corpus"}
CD69	membrane_v1:prov	membrane_v1:prov/T	C_strong	16	36645183,35858321,39953740,35027657,36877515	5	{"36645183": "in_corpus", "35858321": "in_corpus", "39953740": "in_corpus", "35027657": "in_corpus", "36877515": "in_corpus"}
IL7R	membrane_v1:prov	membrane_v1:prov/T	C_strong	10	40994539,39466230,40160813,38862482,38232696	5	{"40994539": "in_corpus", "39466230": "in_corpus", "40160813": "in_corpus", "38862482": "in_corpus", "38232696": "in_corpus"}
LCK	membrane_v1:prov	membrane_v1:prov/T	C_strong	3	33817299,42717487,35280984	3	{"33817299": "in_corpus", "42717487": "in_corpus", "35280984": "in_corpus"}
TRAC	membrane_v1:prov	membrane_v1:prov/T	C_mid	1	39952952	1	{"39952952": "in_corpus"}
C1R	membrane_v1:prov	membrane_v1:prov/cDC1	C_strong	9	36899910,35882847,31840941,40576432,38722314	5	{"36899910": "in_corpus", "35882847": "in_corpus", "31840941": "in_corpus", "40576432": "in_corpus", "38722314": "in_corpus"}
C1S	membrane_v1:prov	membrane_v1:prov/cDC1	C_strong	10	36899910,34750957,35882847,31840941,34830490	5	{"36899910": "in_corpus", "34750957": "in_corpus", "35882847": "in_corpus", "31840941": "in_corpus", "34830490": "in_corpus"}
CADM1	membrane_v1:prov	membrane_v1:prov/cDC1	C_strong	6	33934486,35517867,42149027,38623325,40136389	5	{"33934486": "in_corpus", "35517867": "in_corpus", "42149027": "in_corpus", "38623325": "in_corpus", "40136389": "in_corpus"}
CLEC9A	membrane_v1:prov	membrane_v1:prov/cDC1	C_mid	1	40778698	1	{"40778698": "in_corpus"}
FLT3	membrane_v1:prov	membrane_v1:prov/cDC1	C_strong	4	39466230,37998352,41626869,35453537	4	{"39466230": "in_corpus", "37998352": "in_corpus", "41626869": "in_corpus", "35453537": "in_corpus"}
IRF8	membrane_v1:prov	membrane_v1:prov/cDC1	C_strong	10	34544421,36611829,41071880,35922863,39324238	5	{"34544421": "in_corpus", "36611829": "in_corpus", "41071880": "in_corpus", "35922863": "in_corpus", "39324238": "in_corpus"}
ZBTB46	membrane_v1:prov	membrane_v1:prov/cDC1	C_mid	1	28514956	1	{"28514956": "in_corpus"}
CD1C	membrane_v1:prov	membrane_v1:prov/cDC2	C_mid	2	40994539,40778698	2	{"40994539": "in_corpus", "40778698": "in_corpus"}
CD4	membrane_v1:prov	membrane_v1:prov/cDC2	C_strong	142	39953740,41866494,41403938,41871103,34446787	5	{"39953740": "in_corpus", "41866494": "in_corpus", "41403938": "in_corpus", "41871103": "in_corpus", "34446787": "in_corpus"}
FCER1A	membrane_v1:prov	membrane_v1:prov/cDC2	C_mid	1	40994539	1	{"40994539": "in_corpus"}
HLA-DRA	membrane_v1:prov	membrane_v1:prov/cDC2	C_strong	15	36645183,39466230,34015102,28514956,PPR_PPR900856	5	{"36645183": "in_corpus", "39466230": "in_corpus", "34015102": "in_corpus", "28514956": "in_corpus", "PPR_PPR900856": "in_corpus"}
S100A10	membrane_v1:prov	membrane_v1:prov/cDC2	C_strong	11	33865984,34750957,35298655,39117640,41810892	5	{"33865984": "in_corpus", "34750957": "in_corpus", "35298655": "in_corpus", "39117640": "in_corpus", "41810892": "in_corpus"}
GZMB	membrane_v1:prov	membrane_v1:prov/pDC	C_strong	3	41871103,38214685,35280984	3	{"41871103": "in_corpus", "38214685": "in_corpus", "35280984": "in_corpus"}
IL3RA	membrane_v1:prov	membrane_v1:prov/pDC	C_mid	1	35280984	1	{"35280984": "in_corpus"}
IRF7	membrane_v1:prov	membrane_v1:prov/pDC	C_strong	8	40920489,30046058,40131296,37819938,41717290	5	{"40920489": "in_corpus", "30046058": "in_corpus", "40131296": "in_corpus", "37819938": "in_corpus", "41717290": "in_corpus"}
JCHAIN	membrane_v1:prov	membrane_v1:prov/pDC	C_strong	5	32946783,40778698,38366188,38002955,42450352	5	{"32946783": "in_corpus", "40778698": "in_corpus", "38366188": "in_corpus", "38002955": "in_corpus", "42450352": "in_corpus"}
SERPINF1	membrane_v1:prov	membrane_v1:prov/pDC	C_strong	21	36408112,35705015,36231108,35030321,35882847	5	{"36408112": "in_corpus", "35705015": "in_corpus", "36231108": "in_corpus", "35030321": "in_corpus", "35882847": "in_corpus"}
TCF4	membrane_v1:prov	membrane_v1:prov/pDC	C_strong	32	33664479,41931904,37794584,35974097,39574940	5	{"33664479": "in_corpus", "41931904": "in_corpus", "37794584": "in_corpus", "35974097": "in_corpus", "39574940": "in_corpus"}
GAD1	retina_v4.1	retina_v4.1/AC	C_strong	20	33665228,37773257,35212809,33393903,34445064	5	{"33665228": "in_corpus", "37773257": "in_corpus", "35212809": "in_corpus", "33393903": "in_corpus", "34445064": "in_corpus"}
GAD2	retina_v4.1	retina_v4.1/AC	C_strong	13	40054472,38089586,33393903,34445064,37686457	5	{"40054472": "in_corpus", "38089586": "in_corpus", "33393903": "in_corpus", "34445064": "in_corpus", "37686457": "in_corpus"}
ONECUT2	retina_v4.1	retina_v4.1/AC	C_strong	20	38670973,38101398,34055784,35212809,34445064	5	{"38670973": "in_corpus", "38101398": "in_corpus", "34055784": "in_corpus", "35212809": "in_corpus", "34445064": "in_corpus"}
SLC6A9	retina_v4.1	retina_v4.1/AC	C_strong	12	32946783,35095414,42600003,37794584,38214685	5	{"32946783": "in_corpus", "35095414": "in_corpus", "42600003": "in_corpus", "37794584": "in_corpus", "38214685": "in_corpus"}
TFAP2A	retina_v4.1	retina_v4.1/AC	C_strong	35	36645183,41366246,34809716,38670973,38101398	5	{"36645183": "in_corpus", "41366246": "in_corpus", "34809716": "in_corpus", "38670973": "in_corpus", "38101398": "in_corpus"}
AQP4	retina_v4.1	retina_v4.1/Astro	C_strong	52	40172766,PPR_PPR1167042,PPR_PPR927497,41227356,34830490	5	{"40172766": "in_corpus", "PPR_PPR1167042": "in_corpus", "PPR_PPR927497": "in_corpus", "41227356": "in_corpus", "34830490": "in_corpus"}
GFAP	retina_v4.1	retina_v4.1/Astro	C_strong	453	35619185,PPR_PPR289133,36544284,41787550,33027920	5	{"35619185": "in_corpus", "PPR_PPR289133": "in_corpus", "36544284": "in_corpus", "41787550": "in_corpus", "33027920": "in_corpus"}
S100B	retina_v4.1	retina_v4.1/Astro	C_strong	21	35859009,37773257,34445064,39461953,36977817	5	{"35859009": "in_corpus", "37773257": "in_corpus", "34445064": "in_corpus", "39461953": "in_corpus", "36977817": "in_corpus"}
SLC1A3	retina_v4.1	retina_v4.1/Astro	C_strong	18	38670973,36291646,39117640,37773257,34445064	5	{"38670973": "in_corpus", "36291646": "in_corpus", "39117640": "in_corpus", "37773257": "in_corpus", "34445064": "in_corpus"}
VIM	retina_v4.1	retina_v4.1/Astro	C_strong	38	38670973,33307245,34809716,37185874,35298655	5	{"38670973": "in_corpus", "33307245": "in_corpus", "34809716": "in_corpus", "37185874": "in_corpus", "35298655": "in_corpus"}
CACNA1S	retina_v4.1	retina_v4.1/BC	C_mid	2	41810892,38303059	2	{"41810892": "in_corpus", "38303059": "in_corpus"}
GRM6	retina_v4.1	retina_v4.1/BC	C_strong	19	38705389,33665228,33393903,34445064,37794584	5	{"38705389": "in_corpus", "33665228": "in_corpus", "33393903": "in_corpus", "34445064": "in_corpus", "37794584": "in_corpus"}
ISL1	retina_v4.1	retina_v4.1/BC	C_strong	42	35705015,38101398,34055784,37665325,37773257	5	{"35705015": "in_corpus", "38101398": "in_corpus", "34055784": "in_corpus", "37665325": "in_corpus", "37773257": "in_corpus"}
OTX2	retina_v4.1	retina_v4.1/BC	C_strong	138	37528478,41424614,33307245,37185874,34750957	5	{"37528478": "in_corpus", "41424614": "in_corpus", "33307245": "in_corpus", "37185874": "in_corpus", "34750957": "in_corpus"}
VSX2	retina_v4.1	retina_v4.1/BC	C_strong	104	41366246,34750957,36231108,35705015,32231223	5	{"41366246": "in_corpus", "34750957": "in_corpus", "36231108": "in_corpus", "35705015": "in_corpus", "32231223": "in_corpus"}
ARR3	retina_v4.1	retina_v4.1/Cone	C_strong	50	37773257,37691820,34445064,33400844,36331259	5	{"37773257": "in_corpus", "37691820": "in_corpus", "34445064": "in_corpus", "33400844": "in_corpus", "36331259": "in_corpus"}
GNAT2	retina_v4.1	retina_v4.1/Cone	C_strong	36	36231108,35297555,35212809,41010033,39574940	5	{"36231108": "in_corpus", "35297555": "in_corpus", "35212809": "in_corpus", "41010033": "in_corpus", "39574940": "in_corpus"}
OPN1MW	retina_v4.1	retina_v4.1/Cone	C_strong	33	35298655,37691820,35212809,34445064,33400844	5	{"35298655": "in_corpus", "37691820": "in_corpus", "35212809": "in_corpus", "34445064": "in_corpus", "33400844": "in_corpus"}
OPN1SW	retina_v4.1	retina_v4.1/Cone	C_strong	41	36231108,41190718,35298655,37691820,35212809	5	{"36231108": "in_corpus", "41190718": "in_corpus", "35298655": "in_corpus", "37691820": "in_corpus", "35212809": "in_corpus"}
PDE6H	retina_v4.1	retina_v4.1/Cone	C_strong	32	34445064,33400844,36331259,41010033,39574940	5	{"34445064": "in_corpus", "33400844": "in_corpus", "36331259": "in_corpus", "41010033": "in_corpus", "39574940": "in_corpus"}
CX3CR1	retina_v4.1	retina_v4.1/HC	C_strong	61	35309305,33585455,37605279,40882639,36662852	5	{"35309305": "in_corpus", "33585455": "in_corpus", "37605279": "in_corpus", "40882639": "in_corpus", "36662852": "in_corpus"}
GAD1	retina_v4.1	retina_v4.1/HC	C_strong	20	33665228,37773257,35212809,33393903,34445064	5	{"33665228": "in_corpus", "37773257": "in_corpus", "35212809": "in_corpus", "33393903": "in_corpus", "34445064": "in_corpus"}
ISL1	retina_v4.1	retina_v4.1/HC	C_strong	42	35705015,38101398,34055784,37665325,37773257	5	{"35705015": "in_corpus", "38101398": "in_corpus", "34055784": "in_corpus", "37665325": "in_corpus", "37773257": "in_corpus"}
ONECUT1	retina_v4.1	retina_v4.1/HC	C_strong	26	38670973,35212809,34445064,37794584,37017569	5	{"38670973": "in_corpus", "35212809": "in_corpus", "34445064": "in_corpus", "37794584": "in_corpus", "37017569": "in_corpus"}
ONECUT3	retina_v4.1	retina_v4.1/HC	C_strong	8	38670973,39117640,33393903,34445064,32347797	5	{"38670973": "in_corpus", "39117640": "in_corpus", "33393903": "in_corpus", "34445064": "in_corpus", "32347797": "in_corpus"}
GLUL	retina_v4.1	retina_v4.1/MG	C_strong	24	40994539,33665228,35212809,34445064,36977817	5	{"40994539": "in_corpus", "33665228": "in_corpus", "35212809": "in_corpus", "34445064": "in_corpus", "36977817": "in_corpus"}
RLBP1	retina_v4.1	retina_v4.1/MG	C_strong	84	38670973,33307245,35297555,37339216,40552921	5	{"38670973": "in_corpus", "33307245": "in_corpus", "35297555": "in_corpus", "37339216": "in_corpus", "40552921": "in_corpus"}
S100B	retina_v4.1	retina_v4.1/MG	C_strong	21	35859009,37773257,34445064,39461953,36977817	5	{"35859009": "in_corpus", "37773257": "in_corpus", "34445064": "in_corpus", "39461953": "in_corpus", "36977817": "in_corpus"}
SOX9	retina_v4.1	retina_v4.1/MG	C_strong	55	40722628,32826201,33934486,32319201,35030321	5	{"40722628": "in_corpus", "32826201": "in_corpus", "33934486": "in_corpus", "32319201": "in_corpus", "35030321": "in_corpus"}
VIM	retina_v4.1	retina_v4.1/MG	C_strong	38	38670973,33307245,34809716,37185874,35298655	5	{"38670973": "in_corpus", "33307245": "in_corpus", "34809716": "in_corpus", "37185874": "in_corpus", "35298655": "in_corpus"}
C1QB	retina_v4.1	retina_v4.1/Micro	C_strong	9	34341398,35371110,41810892,34445064,38214685	5	{"34341398": "in_corpus", "35371110": "in_corpus", "41810892": "in_corpus", "34445064": "in_corpus", "38214685": "in_corpus"}
NEFL	retina_v4.1	retina_v4.1/RGC	C_strong	23	41972858,38670973,38101398,37773257,35212809	5	{"41972858": "in_corpus", "38670973": "in_corpus", "38101398": "in_corpus", "37773257": "in_corpus", "35212809": "in_corpus"}
POU4F1	retina_v4.1	retina_v4.1/RGC	C_strong	23	37773257,34445064,37540379,37017569,41595581	5	{"37773257": "in_corpus", "34445064": "in_corpus", "37540379": "in_corpus", "37017569": "in_corpus", "41595581": "in_corpus"}
POU4F2	retina_v4.1	retina_v4.1/RGC	C_strong	37	35705015,38101398,34055784,37665325,37773257	5	{"35705015": "in_corpus", "38101398": "in_corpus", "34055784": "in_corpus", "37665325": "in_corpus", "37773257": "in_corpus"}
RBPMS	retina_v4.1	retina_v4.1/RGC	C_strong	199	35619185,PPR_PPR406177,39695101,37735444,36261683	5	{"35619185": "in_corpus", "PPR_PPR406177": "in_corpus", "39695101": "in_corpus", "37735444": "in_corpus", "36261683": "in_corpus"}
SLC17A6	retina_v4.1	retina_v4.1/RGC	C_strong	9	32946783,34445064,37540379,37794584,38214685	5	{"32946783": "in_corpus", "34445064": "in_corpus", "37540379": "in_corpus", "37794584": "in_corpus", "38214685": "in_corpus"}
BEST1	retina_v4.1	retina_v4.1/RPE	C_strong	110	37528478,33784255,41366246,41168502,41424614	5	{"37528478": "in_corpus", "33784255": "in_corpus", "41366246": "in_corpus", "41168502": "in_corpus", "41424614": "in_corpus"}
LRAT	retina_v4.1	retina_v4.1/RPE	C_strong	36	33934486,36142331,35882847,36899910,41424614	5	{"33934486": "in_corpus", "36142331": "in_corpus", "35882847": "in_corpus", "36899910": "in_corpus", "41424614": "in_corpus"}
MITF	retina_v4.1	retina_v4.1/RPE	C_strong	122	37528478,36645183,41366246,33377455,32319201	5	{"37528478": "in_corpus", "36645183": "in_corpus", "41366246": "in_corpus", "33377455": "in_corpus", "32319201": "in_corpus"}
RDH5	retina_v4.1	retina_v4.1/RPE	C_strong	27	33934486,36899910,35297555,40552921,41632798	5	{"33934486": "in_corpus", "36899910": "in_corpus", "35297555": "in_corpus", "40552921": "in_corpus", "41632798": "in_corpus"}
RPE65	retina_v4.1	retina_v4.1/RPE	C_strong	309	41528844,37528478,36408112,36645183,38528525	5	{"41528844": "in_corpus", "37528478": "in_corpus", "36408112": "in_corpus", "36645183": "in_corpus", "38528525": "in_corpus"}
TTR	retina_v4.1	retina_v4.1/RPE	C_strong	25	36408112,35705015,33934486,36231108,36142331	5	{"36408112": "in_corpus", "35705015": "in_corpus", "33934486": "in_corpus", "36231108": "in_corpus", "36142331": "in_corpus"}
GNAT1	retina_v4.1	retina_v4.1/Rod	C_strong	35	33934486,40994539,38334673,38670973,35298655	5	{"33934486": "in_corpus", "40994539": "in_corpus", "38334673": "in_corpus", "38670973": "in_corpus", "35298655": "in_corpus"}
NR2E3	retina_v4.1	retina_v4.1/Rod	C_strong	57	36231108,34809716,35176707,40956390,38670973	5	{"36231108": "in_corpus", "34809716": "in_corpus", "35176707": "in_corpus", "40956390": "in_corpus", "38670973": "in_corpus"}
NRL	retina_v4.1	retina_v4.1/Rod	C_strong	93	36645183,36231108,34809716,35974011,38334673	5	{"36645183": "in_corpus", "36231108": "in_corpus", "34809716": "in_corpus", "35974011": "in_corpus", "38334673": "in_corpus"}
PDE6B	retina_v4.1	retina_v4.1/Rod	C_strong	51	33934486,38670973,38705389,33393903,34445064	5	{"33934486": "in_corpus", "38670973": "in_corpus", "38705389": "in_corpus", "33393903": "in_corpus", "34445064": "in_corpus"}
RHO	retina_v4.1	retina_v4.1/Rod	C_strong	148	38670973,32963317,35297555,40994539,42652099	5	{"38670973": "in_corpus", "32963317": "in_corpus", "35297555": "in_corpus", "40994539": "in_corpus", "42652099": "in_corpus"}
C1QL2	retina_v5	retina_v5/AC	C_mid	2	38214685,41810892	2	{"38214685": "in_corpus", "41810892": "in_corpus"}
CACNA1E	retina_v5	retina_v5/AC	C_strong	3	37773257,39451253,36969199	3	{"37773257": "in_corpus", "39451253": "in_corpus", "36969199": "in_corpus"}
CHRM2	retina_v5	retina_v5/AC	C_mid	1	32319662	1	{"32319662": "in_corpus"}
CUX2	retina_v5	retina_v5/AC	C_mid	1	39117640	1	{"39117640": "in_corpus"}
DACH2	retina_v5	retina_v5/AC	C_mid	2	39324238,36750914	2	{"39324238": "in_corpus", "36750914": "in_corpus"}
DCC	retina_v5	retina_v5/AC	C_strong	11	41960189,39117640,37773257,41810892,33816648	5	{"41960189": "in_corpus", "39117640": "in_corpus", "37773257": "in_corpus", "41810892": "in_corpus", "33816648": "in_corpus"}
EYA4	retina_v5	retina_v5/AC	C_mid	1	36750914	1	{"36750914": "in_corpus"}
FGF13	retina_v5	retina_v5/AC	C_mid	2	39324238,28680125	2	{"39324238": "in_corpus", "28680125": "in_corpus"}
GABRA2	retina_v5	retina_v5/AC	C_mid	1	37880369	1	{"37880369": "in_corpus"}
GABRA3	retina_v5	retina_v5/AC	C_mid	1	37773257	1	{"37773257": "in_corpus"}
GABRG1	retina_v5	retina_v5/AC	C_mid	1	38816767	1	{"38816767": "in_corpus"}
GAD1	retina_v5	retina_v5/AC	C_strong	20	33665228,37773257,35212809,33393903,34445064	5	{"33665228": "in_corpus", "37773257": "in_corpus", "35212809": "in_corpus", "33393903": "in_corpus", "34445064": "in_corpus"}
GAD2	retina_v5	retina_v5/AC	C_strong	13	40054472,38089586,33393903,34445064,37686457	5	{"40054472": "in_corpus", "38089586": "in_corpus", "33393903": "in_corpus", "34445064": "in_corpus", "37686457": "in_corpus"}
GRIK2	retina_v5	retina_v5/AC	C_strong	3	35685368,35241647,39737973	3	{"35685368": "in_corpus", "35241647": "in_corpus", "39737973": "in_corpus"}
GRIN3A	retina_v5	retina_v5/AC	C_mid	1	36332025	1	{"36332025": "in_corpus"}
GRM8	retina_v5	retina_v5/AC	C_strong	3	39574940,37741839,39737973	3	{"39574940": "in_corpus", "37741839": "in_corpus", "39737973": "in_corpus"}
ITGA11	retina_v5	retina_v5/AC	C_mid	1	42063159	1	{"42063159": "in_corpus"}
LRRN3	retina_v5	retina_v5/AC	C_mid	1	35298655	1	{"35298655": "in_corpus"}
MAF	retina_v5	retina_v5/AC	C_strong	28	35882847,37371607,41632798,38195602,38012720	5	{"35882847": "in_corpus", "37371607": "in_corpus", "41632798": "in_corpus", "38195602": "in_corpus", "38012720": "in_corpus"}
NXPH2	retina_v5	retina_v5/AC	C_mid	1	42600003	1	{"42600003": "in_corpus"}
OLFM3	retina_v5	retina_v5/AC	C_mid	2	42600003,35298655	2	{"42600003": "in_corpus", "35298655": "in_corpus"}
ONECUT2	retina_v5	retina_v5/AC	C_strong	20	38670973,38101398,34055784,35212809,34445064	5	{"38670973": "in_corpus", "38101398": "in_corpus", "34055784": "in_corpus", "35212809": "in_corpus", "34445064": "in_corpus"}
RASGRF1	retina_v5	retina_v5/AC	C_mid	2	41477839,36750914	2	{"41477839": "in_corpus", "36750914": "in_corpus"}
ROBO1	retina_v5	retina_v5/AC	C_strong	3	32879763,39574940,33072724	3	{"32879763": "in_corpus", "39574940": "in_corpus", "33072724": "in_corpus"}
SCN3B	retina_v5	retina_v5/AC	C_mid	1	37773257	1	{"37773257": "in_corpus"}
SLC6A1	retina_v5	retina_v5/AC	C_strong	6	37773257,35095414,33393903,34445064,42600003	5	{"37773257": "in_corpus", "35095414": "in_corpus", "33393903": "in_corpus", "34445064": "in_corpus", "42600003": "in_corpus"}
SLC6A9	retina_v5	retina_v5/AC	C_strong	12	32946783,35095414,42600003,37794584,38214685	5	{"32946783": "in_corpus", "35095414": "in_corpus", "42600003": "in_corpus", "37794584": "in_corpus", "38214685": "in_corpus"}
SPHKAP	retina_v5	retina_v5/AC	C_mid	1	40250432	1	{"40250432": "in_corpus"}
TFAP2A	retina_v5	retina_v5/AC	C_strong	35	36645183,41366246,34809716,38670973,38101398	5	{"36645183": "in_corpus", "41366246": "in_corpus", "34809716": "in_corpus", "38670973": "in_corpus", "38101398": "in_corpus"}
TFAP2C	retina_v5	retina_v5/AC	C_strong	3	37773257,37665325,37017569	3	{"37773257": "in_corpus", "37665325": "in_corpus", "37017569": "in_corpus"}
TMEM132D	retina_v5	retina_v5/AC	C_mid	1	40227169	1	{"40227169": "in_corpus"}
ZFPM2	retina_v5	retina_v5/AC	C_mid	1	39117640	1	{"39117640": "in_corpus"}
ZNF804A	retina_v5	retina_v5/AC	C_mid	2	42600003,40531615	2	{"42600003": "in_corpus", "40531615": "in_corpus"}
AQP4	retina_v5	retina_v5/Astro	C_strong	52	40172766,PPR_PPR1167042,PPR_PPR927497,41227356,34830490	5	{"40172766": "in_corpus", "PPR_PPR1167042": "in_corpus", "PPR_PPR927497": "in_corpus", "41227356": "in_corpus", "34830490": "in_corpus"}
GFAP	retina_v5	retina_v5/Astro	C_strong	453	35619185,PPR_PPR289133,36544284,41787550,33027920	5	{"35619185": "in_corpus", "PPR_PPR289133": "in_corpus", "36544284": "in_corpus", "41787550": "in_corpus", "33027920": "in_corpus"}
S100B	retina_v5	retina_v5/Astro	C_strong	21	35859009,37773257,34445064,39461953,36977817	5	{"35859009": "in_corpus", "37773257": "in_corpus", "34445064": "in_corpus", "39461953": "in_corpus", "36977817": "in_corpus"}
SLC1A3	retina_v5	retina_v5/Astro	C_strong	18	38670973,36291646,39117640,37773257,34445064	5	{"38670973": "in_corpus", "36291646": "in_corpus", "39117640": "in_corpus", "37773257": "in_corpus", "34445064": "in_corpus"}
VIM	retina_v5	retina_v5/Astro	C_strong	38	38670973,33307245,34809716,37185874,35298655	5	{"38670973": "in_corpus", "33307245": "in_corpus", "34809716": "in_corpus", "37185874": "in_corpus", "35298655": "in_corpus"}
BACH1	retina_v5	retina_v5/BC	C_strong	3	38016059,37522516,33072724	3	{"38016059": "in_corpus", "37522516": "in_corpus", "33072724": "in_corpus"}
BCAT1	retina_v5	retina_v5/BC	C_mid	1	33934486	1	{"33934486": "in_corpus"}
CA10	retina_v5	retina_v5/BC	C_strong	5	40054472,34445064,41152974,39574940,40706588	5	{"40054472": "in_corpus", "34445064": "in_corpus", "41152974": "in_corpus", "39574940": "in_corpus", "40706588": "in_corpus"}
CACNA1S	retina_v5	retina_v5/BC	C_mid	2	41810892,38303059	2	{"41810892": "in_corpus", "38303059": "in_corpus"}
GABRR1	retina_v5	retina_v5/BC	C_mid	1	40820958	1	{"40820958": "in_corpus"}
GABRR2	retina_v5	retina_v5/BC	C_mid	2	40820958,34638582	2	{"40820958": "in_corpus", "34638582": "in_corpus"}
GRIK1	retina_v5	retina_v5/BC	C_strong	16	33934486,38705389,32946783,37746666,35594404	5	{"33934486": "in_corpus", "38705389": "in_corpus", "32946783": "in_corpus", "37746666": "in_corpus", "35594404": "in_corpus"}
GRM6	retina_v5	retina_v5/BC	C_strong	19	38705389,33665228,33393903,34445064,37794584	5	{"38705389": "in_corpus", "33665228": "in_corpus", "33393903": "in_corpus", "34445064": "in_corpus", "37794584": "in_corpus"}
IGF1	retina_v5	retina_v5/BC	C_strong	49	36645183,36231108,34207050,41424614,34809716	5	{"36645183": "in_corpus", "36231108": "in_corpus", "34207050": "in_corpus", "41424614": "in_corpus", "34809716": "in_corpus"}
ISL1	retina_v5	retina_v5/BC	C_strong	42	35705015,38101398,34055784,37665325,37773257	5	{"35705015": "in_corpus", "38101398": "in_corpus", "34055784": "in_corpus", "37665325": "in_corpus", "37773257": "in_corpus"}
LAMA3	retina_v5	retina_v5/BC	C_mid	1	36638800	1	{"36638800": "in_corpus"}
MCC	retina_v5	retina_v5/BC	C_strong	12	41366246,41565785,36077073,41301852,40531615	5	{"41366246": "in_corpus", "41565785": "in_corpus", "36077073": "in_corpus", "41301852": "in_corpus", "40531615": "in_corpus"}
NETO1	retina_v5	retina_v5/BC	C_strong	7	40054472,37773257,34445064,39592612,39574940	5	{"40054472": "in_corpus", "37773257": "in_corpus", "34445064": "in_corpus", "39592612": "in_corpus", "39574940": "in_corpus"}
NPHS1	retina_v5	retina_v5/BC	C_mid	1	31769495	1	{"31769495": "in_corpus"}
NTNG1	retina_v5	retina_v5/BC	C_strong	5	28680125,33792620,39574940,40250432,34072522	5	{"28680125": "in_corpus", "33792620": "in_corpus", "39574940": "in_corpus", "40250432": "in_corpus", "34072522": "in_corpus"}
NXPH2	retina_v5	retina_v5/BC	C_mid	1	42600003	1	{"42600003": "in_corpus"}
OTX2	retina_v5	retina_v5/BC	C_strong	138	37528478,41424614,33307245,37185874,34750957	5	{"37528478": "in_corpus", "41424614": "in_corpus", "33307245": "in_corpus", "37185874": "in_corpus", "34750957": "in_corpus"}
PDE1A	retina_v5	retina_v5/BC	C_mid	2	33934486,35659263	2	{"33934486": "in_corpus", "35659263": "in_corpus"}
PLXDC1	retina_v5	retina_v5/BC	C_mid	2	39728690,34445064	2	{"39728690": "in_corpus", "34445064": "in_corpus"}
PRKCA	retina_v5	retina_v5/BC	C_strong	21	33665228,33393903,35752290,40425564,41595581	5	{"33665228": "in_corpus", "33393903": "in_corpus", "35752290": "in_corpus", "40425564": "in_corpus", "41595581": "in_corpus"}
RELN	retina_v5	retina_v5/BC	C_strong	9	36544284,33393903,33572787,38048222,39574940	5	{"36544284": "in_corpus", "33393903": "in_corpus", "33572787": "in_corpus", "38048222": "in_corpus", "39574940": "in_corpus"}
SDK1	retina_v5	retina_v5/BC	C_strong	3	42600003,33393903,37794584	3	{"42600003": "in_corpus", "33393903": "in_corpus", "37794584": "in_corpus"}
ST18	retina_v5	retina_v5/BC	C_strong	4	39117640,34445064,42600003,38092908	4	{"39117640": "in_corpus", "34445064": "in_corpus", "42600003": "in_corpus", "38092908": "in_corpus"}
TACR3	retina_v5	retina_v5/BC	C_strong	3	33665228,41731009,32937137	3	{"33665228": "in_corpus", "41731009": "in_corpus", "32937137": "in_corpus"}
TENM3	retina_v5	retina_v5/BC	C_strong	6	40806731,33393903,35752290,42600003,39737973	5	{"40806731": "in_corpus", "33393903": "in_corpus", "35752290": "in_corpus", "42600003": "in_corpus", "39737973": "in_corpus"}
TMEM215	retina_v5	retina_v5/BC	C_strong	4	39592612,37017569,34434927,34445064	4	{"39592612": "in_corpus", "37017569": "in_corpus", "34434927": "in_corpus", "34445064": "in_corpus"}
TRPM1	retina_v5	retina_v5/BC	C_strong	32	38999396,35030321,38705389,38670973,35298655	5	{"38999396": "in_corpus", "35030321": "in_corpus", "38705389": "in_corpus", "38670973": "in_corpus", "35298655": "in_corpus"}
VSX1	retina_v5	retina_v5/BC	C_strong	23	36645183,38670973,34055784,34445064,36331259	5	{"36645183": "in_corpus", "38670973": "in_corpus", "34055784": "in_corpus", "34445064": "in_corpus", "36331259": "in_corpus"}
VSX2	retina_v5	retina_v5/BC	C_strong	104	41366246,34750957,36231108,35705015,32231223	5	{"41366246": "in_corpus", "34750957": "in_corpus", "36231108": "in_corpus", "35705015": "in_corpus", "32231223": "in_corpus"}
WFDC1	retina_v5	retina_v5/BC	C_strong	7	36645183,41528844,38334673,33307245,36830851	5	{"36645183": "in_corpus", "41528844": "in_corpus", "38334673": "in_corpus", "33307245": "in_corpus", "36830851": "in_corpus"}
ARR3	retina_v5	retina_v5/Cone	C_strong	50	37773257,37691820,34445064,33400844,36331259	5	{"37773257": "in_corpus", "37691820": "in_corpus", "34445064": "in_corpus", "33400844": "in_corpus", "36331259": "in_corpus"}
GNAT2	retina_v5	retina_v5/Cone	C_strong	36	36231108,35297555,35212809,41010033,39574940	5	{"36231108": "in_corpus", "35297555": "in_corpus", "35212809": "in_corpus", "41010033": "in_corpus", "39574940": "in_corpus"}
OPN1MW	retina_v5	retina_v5/Cone	C_strong	33	35298655,37691820,35212809,34445064,33400844	5	{"35298655": "in_corpus", "37691820": "in_corpus", "35212809": "in_corpus", "34445064": "in_corpus", "33400844": "in_corpus"}
OPN1SW	retina_v5	retina_v5/Cone	C_strong	41	36231108,41190718,35298655,37691820,35212809	5	{"36231108": "in_corpus", "41190718": "in_corpus", "35298655": "in_corpus", "37691820": "in_corpus", "35212809": "in_corpus"}
PDE6H	retina_v5	retina_v5/Cone	C_strong	32	34445064,33400844,36331259,41010033,39574940	5	{"34445064": "in_corpus", "33400844": "in_corpus", "36331259": "in_corpus", "41010033": "in_corpus", "39574940": "in_corpus"}
ADAMTS17	retina_v5	retina_v5/HC	C_strong	3	30406200,36148008,35739142	3	{"30406200": "in_corpus", "36148008": "in_corpus", "35739142": "in_corpus"}
CACNA1C	retina_v5	retina_v5/HC	C_mid	2	41290721,40531615	2	{"41290721": "in_corpus", "40531615": "in_corpus"}
CX3CR1	retina_v5	retina_v5/HC	C_strong	61	35309305,33585455,37605279,40882639,36662852	5	{"35309305": "in_corpus", "33585455": "in_corpus", "37605279": "in_corpus", "40882639": "in_corpus", "36662852": "in_corpus"}
FRMPD4	retina_v5	retina_v5/HC	C_mid	1	39324238	1	{"39324238": "in_corpus"}
GAD1	retina_v5	retina_v5/HC	C_strong	20	33665228,37773257,35212809,33393903,34445064	5	{"33665228": "in_corpus", "37773257": "in_corpus", "35212809": "in_corpus", "33393903": "in_corpus", "34445064": "in_corpus"}
ISL1	retina_v5	retina_v5/HC	C_strong	42	35705015,38101398,34055784,37665325,37773257	5	{"35705015": "in_corpus", "38101398": "in_corpus", "34055784": "in_corpus", "37665325": "in_corpus", "37773257": "in_corpus"}
LHX1	retina_v5	retina_v5/HC	C_strong	17	38670973,32946783,37773257,35212809,33393903	5	{"38670973": "in_corpus", "32946783": "in_corpus", "37773257": "in_corpus", "35212809": "in_corpus", "33393903": "in_corpus"}
MEGF11	retina_v5	retina_v5/HC	C_mid	2	39574940,32620864	2	{"39574940": "in_corpus", "32620864": "in_corpus"}
NAALAD2	retina_v5	retina_v5/HC	C_mid	1	42652099	1	{"42652099": "in_corpus"}
ONECUT1	retina_v5	retina_v5/HC	C_strong	26	38670973,35212809,34445064,37794584,37017569	5	{"38670973": "in_corpus", "35212809": "in_corpus", "34445064": "in_corpus", "37794584": "in_corpus", "37017569": "in_corpus"}
ONECUT2	retina_v5	retina_v5/HC	C_strong	20	38670973,38101398,34055784,35212809,34445064	5	{"38670973": "in_corpus", "38101398": "in_corpus", "34055784": "in_corpus", "35212809": "in_corpus", "34445064": "in_corpus"}
ONECUT3	retina_v5	retina_v5/HC	C_strong	8	38670973,39117640,33393903,34445064,32347797	5	{"38670973": "in_corpus", "39117640": "in_corpus", "33393903": "in_corpus", "34445064": "in_corpus", "32347797": "in_corpus"}
TNR	retina_v5	retina_v5/HC	C_mid	2	40660409,39737973	2	{"40660409": "in_corpus", "39737973": "in_corpus"}
TPM3	retina_v5	retina_v5/HC	C_strong	3	41571675,33572787,34445064	3	{"41571675": "in_corpus", "33572787": "in_corpus", "34445064": "in_corpus"}
VAT1L	retina_v5	retina_v5/HC	C_mid	1	32946783	1	{"32946783": "in_corpus"}
GLUL	retina_v5	retina_v5/MG	C_strong	24	40994539,33665228,35212809,34445064,36977817	5	{"40994539": "in_corpus", "33665228": "in_corpus", "35212809": "in_corpus", "34445064": "in_corpus", "36977817": "in_corpus"}
RLBP1	retina_v5	retina_v5/MG	C_strong	84	38670973,33307245,35297555,37339216,40552921	5	{"38670973": "in_corpus", "33307245": "in_corpus", "35297555": "in_corpus", "37339216": "in_corpus", "40552921": "in_corpus"}
S100B	retina_v5	retina_v5/MG	C_strong	21	35859009,37773257,34445064,39461953,36977817	5	{"35859009": "in_corpus", "37773257": "in_corpus", "34445064": "in_corpus", "39461953": "in_corpus", "36977817": "in_corpus"}
SOX9	retina_v5	retina_v5/MG	C_strong	55	40722628,32826201,33934486,32319201,35030321	5	{"40722628": "in_corpus", "32826201": "in_corpus", "33934486": "in_corpus", "32319201": "in_corpus", "35030321": "in_corpus"}
VIM	retina_v5	retina_v5/MG	C_strong	38	38670973,33307245,34809716,37185874,35298655	5	{"38670973": "in_corpus", "33307245": "in_corpus", "34809716": "in_corpus", "37185874": "in_corpus", "35298655": "in_corpus"}
C1QB	retina_v5	retina_v5/Micro	C_strong	9	34341398,35371110,41810892,34445064,38214685	5	{"34341398": "in_corpus", "35371110": "in_corpus", "41810892": "in_corpus", "34445064": "in_corpus", "38214685": "in_corpus"}
NEFL	retina_v5	retina_v5/RGC	C_strong	23	41972858,38670973,38101398,37773257,35212809	5	{"41972858": "in_corpus", "38670973": "in_corpus", "38101398": "in_corpus", "37773257": "in_corpus", "35212809": "in_corpus"}
POU4F1	retina_v5	retina_v5/RGC	C_strong	23	37773257,34445064,37540379,37017569,41595581	5	{"37773257": "in_corpus", "34445064": "in_corpus", "37540379": "in_corpus", "37017569": "in_corpus", "41595581": "in_corpus"}
POU4F2	retina_v5	retina_v5/RGC	C_strong	37	35705015,38101398,34055784,37665325,37773257	5	{"35705015": "in_corpus", "38101398": "in_corpus", "34055784": "in_corpus", "37665325": "in_corpus", "37773257": "in_corpus"}
RBPMS	retina_v5	retina_v5/RGC	C_strong	199	35619185,PPR_PPR406177,39695101,37735444,36261683	5	{"35619185": "in_corpus", "PPR_PPR406177": "in_corpus", "39695101": "in_corpus", "37735444": "in_corpus", "36261683": "in_corpus"}
SLC17A6	retina_v5	retina_v5/RGC	C_strong	9	32946783,34445064,37540379,37794584,38214685	5	{"32946783": "in_corpus", "34445064": "in_corpus", "37540379": "in_corpus", "37794584": "in_corpus", "38214685": "in_corpus"}
BEST1	retina_v5	retina_v5/RPE	C_strong	110	37528478,33784255,41366246,41168502,41424614	5	{"37528478": "in_corpus", "33784255": "in_corpus", "41366246": "in_corpus", "41168502": "in_corpus", "41424614": "in_corpus"}
LRAT	retina_v5	retina_v5/RPE	C_strong	36	33934486,36142331,35882847,36899910,41424614	5	{"33934486": "in_corpus", "36142331": "in_corpus", "35882847": "in_corpus", "36899910": "in_corpus", "41424614": "in_corpus"}
MITF	retina_v5	retina_v5/RPE	C_strong	122	37528478,36645183,41366246,33377455,32319201	5	{"37528478": "in_corpus", "36645183": "in_corpus", "41366246": "in_corpus", "33377455": "in_corpus", "32319201": "in_corpus"}
RDH5	retina_v5	retina_v5/RPE	C_strong	27	33934486,36899910,35297555,40552921,41632798	5	{"33934486": "in_corpus", "36899910": "in_corpus", "35297555": "in_corpus", "40552921": "in_corpus", "41632798": "in_corpus"}
RPE65	retina_v5	retina_v5/RPE	C_strong	309	41528844,37528478,36408112,36645183,38528525	5	{"41528844": "in_corpus", "37528478": "in_corpus", "36408112": "in_corpus", "36645183": "in_corpus", "38528525": "in_corpus"}
TTR	retina_v5	retina_v5/RPE	C_strong	25	36408112,35705015,33934486,36231108,36142331	5	{"36408112": "in_corpus", "35705015": "in_corpus", "33934486": "in_corpus", "36231108": "in_corpus", "36142331": "in_corpus"}
GNAT1	retina_v5	retina_v5/Rod	C_strong	35	33934486,40994539,38334673,38670973,35298655	5	{"33934486": "in_corpus", "40994539": "in_corpus", "38334673": "in_corpus", "38670973": "in_corpus", "35298655": "in_corpus"}
NR2E3	retina_v5	retina_v5/Rod	C_strong	57	36231108,34809716,35176707,40956390,38670973	5	{"36231108": "in_corpus", "34809716": "in_corpus", "35176707": "in_corpus", "40956390": "in_corpus", "38670973": "in_corpus"}
NRL	retina_v5	retina_v5/Rod	C_strong	93	36645183,36231108,34809716,35974011,38334673	5	{"36645183": "in_corpus", "36231108": "in_corpus", "34809716": "in_corpus", "35974011": "in_corpus", "38334673": "in_corpus"}
PDE6B	retina_v5	retina_v5/Rod	C_strong	51	33934486,38670973,38705389,33393903,34445064	5	{"33934486": "in_corpus", "38670973": "in_corpus", "38705389": "in_corpus", "33393903": "in_corpus", "34445064": "in_corpus"}
RHO	retina_v5	retina_v5/Rod	C_strong	148	38670973,32963317,35297555,40994539,42652099	5	{"38670973": "in_corpus", "32963317": "in_corpus", "35297555": "in_corpus", "40994539": "in_corpus", "42652099": "in_corpus"}
C1QL2	retina_v5:prov	retina_v5:prov/AC	C_mid	2	38214685,41810892	2	{"38214685": "in_corpus", "41810892": "in_corpus"}
CACNA1E	retina_v5:prov	retina_v5:prov/AC	C_strong	3	37773257,39451253,36969199	3	{"37773257": "in_corpus", "39451253": "in_corpus", "36969199": "in_corpus"}
CHRM2	retina_v5:prov	retina_v5:prov/AC	C_mid	1	32319662	1	{"32319662": "in_corpus"}
CUX2	retina_v5:prov	retina_v5:prov/AC	C_mid	1	39117640	1	{"39117640": "in_corpus"}
DACH2	retina_v5:prov	retina_v5:prov/AC	C_mid	2	39324238,36750914	2	{"39324238": "in_corpus", "36750914": "in_corpus"}
DCC	retina_v5:prov	retina_v5:prov/AC	C_strong	11	41960189,39117640,37773257,41810892,33816648	5	{"41960189": "in_corpus", "39117640": "in_corpus", "37773257": "in_corpus", "41810892": "in_corpus", "33816648": "in_corpus"}
EYA4	retina_v5:prov	retina_v5:prov/AC	C_mid	1	36750914	1	{"36750914": "in_corpus"}
FGF13	retina_v5:prov	retina_v5:prov/AC	C_mid	2	39324238,28680125	2	{"39324238": "in_corpus", "28680125": "in_corpus"}
GABRA2	retina_v5:prov	retina_v5:prov/AC	C_mid	1	37880369	1	{"37880369": "in_corpus"}
GABRA3	retina_v5:prov	retina_v5:prov/AC	C_mid	1	37773257	1	{"37773257": "in_corpus"}
GABRG1	retina_v5:prov	retina_v5:prov/AC	C_mid	1	38816767	1	{"38816767": "in_corpus"}
GAD1	retina_v5:prov	retina_v5:prov/AC	C_strong	20	33665228,37773257,35212809,33393903,34445064	5	{"33665228": "in_corpus", "37773257": "in_corpus", "35212809": "in_corpus", "33393903": "in_corpus", "34445064": "in_corpus"}
GAD2	retina_v5:prov	retina_v5:prov/AC	C_strong	13	40054472,38089586,33393903,34445064,37686457	5	{"40054472": "in_corpus", "38089586": "in_corpus", "33393903": "in_corpus", "34445064": "in_corpus", "37686457": "in_corpus"}
GRIK2	retina_v5:prov	retina_v5:prov/AC	C_strong	3	35685368,35241647,39737973	3	{"35685368": "in_corpus", "35241647": "in_corpus", "39737973": "in_corpus"}
GRIN3A	retina_v5:prov	retina_v5:prov/AC	C_mid	1	36332025	1	{"36332025": "in_corpus"}
GRM8	retina_v5:prov	retina_v5:prov/AC	C_strong	3	39574940,37741839,39737973	3	{"39574940": "in_corpus", "37741839": "in_corpus", "39737973": "in_corpus"}
ITGA11	retina_v5:prov	retina_v5:prov/AC	C_mid	1	42063159	1	{"42063159": "in_corpus"}
LRRN3	retina_v5:prov	retina_v5:prov/AC	C_mid	1	35298655	1	{"35298655": "in_corpus"}
MAF	retina_v5:prov	retina_v5:prov/AC	C_strong	28	35882847,37371607,41632798,38195602,38012720	5	{"35882847": "in_corpus", "37371607": "in_corpus", "41632798": "in_corpus", "38195602": "in_corpus", "38012720": "in_corpus"}
NXPH2	retina_v5:prov	retina_v5:prov/AC	C_mid	1	42600003	1	{"42600003": "in_corpus"}
OLFM3	retina_v5:prov	retina_v5:prov/AC	C_mid	2	42600003,35298655	2	{"42600003": "in_corpus", "35298655": "in_corpus"}
ONECUT2	retina_v5:prov	retina_v5:prov/AC	C_strong	20	38670973,38101398,34055784,35212809,34445064	5	{"38670973": "in_corpus", "38101398": "in_corpus", "34055784": "in_corpus", "35212809": "in_corpus", "34445064": "in_corpus"}
RASGRF1	retina_v5:prov	retina_v5:prov/AC	C_mid	2	41477839,36750914	2	{"41477839": "in_corpus", "36750914": "in_corpus"}
ROBO1	retina_v5:prov	retina_v5:prov/AC	C_strong	3	32879763,39574940,33072724	3	{"32879763": "in_corpus", "39574940": "in_corpus", "33072724": "in_corpus"}
SCN3B	retina_v5:prov	retina_v5:prov/AC	C_mid	1	37773257	1	{"37773257": "in_corpus"}
SLC6A1	retina_v5:prov	retina_v5:prov/AC	C_strong	6	37773257,35095414,33393903,34445064,42600003	5	{"37773257": "in_corpus", "35095414": "in_corpus", "33393903": "in_corpus", "34445064": "in_corpus", "42600003": "in_corpus"}
SLC6A9	retina_v5:prov	retina_v5:prov/AC	C_strong	12	32946783,35095414,42600003,37794584,38214685	5	{"32946783": "in_corpus", "35095414": "in_corpus", "42600003": "in_corpus", "37794584": "in_corpus", "38214685": "in_corpus"}
SPHKAP	retina_v5:prov	retina_v5:prov/AC	C_mid	1	40250432	1	{"40250432": "in_corpus"}
TFAP2A	retina_v5:prov	retina_v5:prov/AC	C_strong	35	36645183,41366246,34809716,38670973,38101398	5	{"36645183": "in_corpus", "41366246": "in_corpus", "34809716": "in_corpus", "38670973": "in_corpus", "38101398": "in_corpus"}
TFAP2C	retina_v5:prov	retina_v5:prov/AC	C_strong	3	37773257,37665325,37017569	3	{"37773257": "in_corpus", "37665325": "in_corpus", "37017569": "in_corpus"}
TMEM132D	retina_v5:prov	retina_v5:prov/AC	C_mid	1	40227169	1	{"40227169": "in_corpus"}
ZFPM2	retina_v5:prov	retina_v5:prov/AC	C_mid	1	39117640	1	{"39117640": "in_corpus"}
ZNF804A	retina_v5:prov	retina_v5:prov/AC	C_mid	2	42600003,40531615	2	{"42600003": "in_corpus", "40531615": "in_corpus"}
BACH1	retina_v5:prov	retina_v5:prov/BC	C_strong	3	38016059,37522516,33072724	3	{"38016059": "in_corpus", "37522516": "in_corpus", "33072724": "in_corpus"}
BCAT1	retina_v5:prov	retina_v5:prov/BC	C_mid	1	33934486	1	{"33934486": "in_corpus"}
CA10	retina_v5:prov	retina_v5:prov/BC	C_strong	5	40054472,34445064,41152974,39574940,40706588	5	{"40054472": "in_corpus", "34445064": "in_corpus", "41152974": "in_corpus", "39574940": "in_corpus", "40706588": "in_corpus"}
CACNA1S	retina_v5:prov	retina_v5:prov/BC	C_mid	2	41810892,38303059	2	{"41810892": "in_corpus", "38303059": "in_corpus"}
GABRR1	retina_v5:prov	retina_v5:prov/BC	C_mid	1	40820958	1	{"40820958": "in_corpus"}
GABRR2	retina_v5:prov	retina_v5:prov/BC	C_mid	2	40820958,34638582	2	{"40820958": "in_corpus", "34638582": "in_corpus"}
GRIK1	retina_v5:prov	retina_v5:prov/BC	C_strong	16	33934486,38705389,32946783,37746666,35594404	5	{"33934486": "in_corpus", "38705389": "in_corpus", "32946783": "in_corpus", "37746666": "in_corpus", "35594404": "in_corpus"}
GRM6	retina_v5:prov	retina_v5:prov/BC	C_strong	19	38705389,33665228,33393903,34445064,37794584	5	{"38705389": "in_corpus", "33665228": "in_corpus", "33393903": "in_corpus", "34445064": "in_corpus", "37794584": "in_corpus"}
IGF1	retina_v5:prov	retina_v5:prov/BC	C_strong	49	36645183,36231108,34207050,41424614,34809716	5	{"36645183": "in_corpus", "36231108": "in_corpus", "34207050": "in_corpus", "41424614": "in_corpus", "34809716": "in_corpus"}
ISL1	retina_v5:prov	retina_v5:prov/BC	C_strong	42	35705015,38101398,34055784,37665325,37773257	5	{"35705015": "in_corpus", "38101398": "in_corpus", "34055784": "in_corpus", "37665325": "in_corpus", "37773257": "in_corpus"}
LAMA3	retina_v5:prov	retina_v5:prov/BC	C_mid	1	36638800	1	{"36638800": "in_corpus"}
MCC	retina_v5:prov	retina_v5:prov/BC	C_strong	12	41366246,41565785,36077073,41301852,40531615	5	{"41366246": "in_corpus", "41565785": "in_corpus", "36077073": "in_corpus", "41301852": "in_corpus", "40531615": "in_corpus"}
NETO1	retina_v5:prov	retina_v5:prov/BC	C_strong	7	40054472,37773257,34445064,39592612,39574940	5	{"40054472": "in_corpus", "37773257": "in_corpus", "34445064": "in_corpus", "39592612": "in_corpus", "39574940": "in_corpus"}
NPHS1	retina_v5:prov	retina_v5:prov/BC	C_mid	1	31769495	1	{"31769495": "in_corpus"}
NTNG1	retina_v5:prov	retina_v5:prov/BC	C_strong	5	28680125,33792620,39574940,40250432,34072522	5	{"28680125": "in_corpus", "33792620": "in_corpus", "39574940": "in_corpus", "40250432": "in_corpus", "34072522": "in_corpus"}
NXPH2	retina_v5:prov	retina_v5:prov/BC	C_mid	1	42600003	1	{"42600003": "in_corpus"}
OTX2	retina_v5:prov	retina_v5:prov/BC	C_strong	138	37528478,41424614,33307245,37185874,34750957	5	{"37528478": "in_corpus", "41424614": "in_corpus", "33307245": "in_corpus", "37185874": "in_corpus", "34750957": "in_corpus"}
PDE1A	retina_v5:prov	retina_v5:prov/BC	C_mid	2	33934486,35659263	2	{"33934486": "in_corpus", "35659263": "in_corpus"}
PLXDC1	retina_v5:prov	retina_v5:prov/BC	C_mid	2	39728690,34445064	2	{"39728690": "in_corpus", "34445064": "in_corpus"}
PRKCA	retina_v5:prov	retina_v5:prov/BC	C_strong	21	33665228,33393903,35752290,40425564,41595581	5	{"33665228": "in_corpus", "33393903": "in_corpus", "35752290": "in_corpus", "40425564": "in_corpus", "41595581": "in_corpus"}
RELN	retina_v5:prov	retina_v5:prov/BC	C_strong	9	36544284,33393903,33572787,38048222,39574940	5	{"36544284": "in_corpus", "33393903": "in_corpus", "33572787": "in_corpus", "38048222": "in_corpus", "39574940": "in_corpus"}
SDK1	retina_v5:prov	retina_v5:prov/BC	C_strong	3	42600003,33393903,37794584	3	{"42600003": "in_corpus", "33393903": "in_corpus", "37794584": "in_corpus"}
ST18	retina_v5:prov	retina_v5:prov/BC	C_strong	4	39117640,34445064,42600003,38092908	4	{"39117640": "in_corpus", "34445064": "in_corpus", "42600003": "in_corpus", "38092908": "in_corpus"}
TACR3	retina_v5:prov	retina_v5:prov/BC	C_strong	3	33665228,41731009,32937137	3	{"33665228": "in_corpus", "41731009": "in_corpus", "32937137": "in_corpus"}
TENM3	retina_v5:prov	retina_v5:prov/BC	C_strong	6	40806731,33393903,35752290,42600003,39737973	5	{"40806731": "in_corpus", "33393903": "in_corpus", "35752290": "in_corpus", "42600003": "in_corpus", "39737973": "in_corpus"}
TMEM215	retina_v5:prov	retina_v5:prov/BC	C_strong	4	39592612,37017569,34434927,34445064	4	{"39592612": "in_corpus", "37017569": "in_corpus", "34434927": "in_corpus", "34445064": "in_corpus"}
TRPM1	retina_v5:prov	retina_v5:prov/BC	C_strong	32	38999396,35030321,38705389,38670973,35298655	5	{"38999396": "in_corpus", "35030321": "in_corpus", "38705389": "in_corpus", "38670973": "in_corpus", "35298655": "in_corpus"}
VSX1	retina_v5:prov	retina_v5:prov/BC	C_strong	23	36645183,38670973,34055784,34445064,36331259	5	{"36645183": "in_corpus", "38670973": "in_corpus", "34055784": "in_corpus", "34445064": "in_corpus", "36331259": "in_corpus"}
VSX2	retina_v5:prov	retina_v5:prov/BC	C_strong	104	41366246,34750957,36231108,35705015,32231223	5	{"41366246": "in_corpus", "34750957": "in_corpus", "36231108": "in_corpus", "35705015": "in_corpus", "32231223": "in_corpus"}
WFDC1	retina_v5:prov	retina_v5:prov/BC	C_strong	7	36645183,41528844,38334673,33307245,36830851	5	{"36645183": "in_corpus", "41528844": "in_corpus", "38334673": "in_corpus", "33307245": "in_corpus", "36830851": "in_corpus"}
ADAMTS17	retina_v5:prov	retina_v5:prov/HC	C_strong	3	30406200,36148008,35739142	3	{"30406200": "in_corpus", "36148008": "in_corpus", "35739142": "in_corpus"}
CACNA1C	retina_v5:prov	retina_v5:prov/HC	C_mid	2	41290721,40531615	2	{"41290721": "in_corpus", "40531615": "in_corpus"}
CX3CR1	retina_v5:prov	retina_v5:prov/HC	C_strong	61	35309305,33585455,37605279,40882639,36662852	5	{"35309305": "in_corpus", "33585455": "in_corpus", "37605279": "in_corpus", "40882639": "in_corpus", "36662852": "in_corpus"}
FRMPD4	retina_v5:prov	retina_v5:prov/HC	C_mid	1	39324238	1	{"39324238": "in_corpus"}
GAD1	retina_v5:prov	retina_v5:prov/HC	C_strong	20	33665228,37773257,35212809,33393903,34445064	5	{"33665228": "in_corpus", "37773257": "in_corpus", "35212809": "in_corpus", "33393903": "in_corpus", "34445064": "in_corpus"}
ISL1	retina_v5:prov	retina_v5:prov/HC	C_strong	42	35705015,38101398,34055784,37665325,37773257	5	{"35705015": "in_corpus", "38101398": "in_corpus", "34055784": "in_corpus", "37665325": "in_corpus", "37773257": "in_corpus"}
LHX1	retina_v5:prov	retina_v5:prov/HC	C_strong	17	38670973,32946783,37773257,35212809,33393903	5	{"38670973": "in_corpus", "32946783": "in_corpus", "37773257": "in_corpus", "35212809": "in_corpus", "33393903": "in_corpus"}
MEGF11	retina_v5:prov	retina_v5:prov/HC	C_mid	2	39574940,32620864	2	{"39574940": "in_corpus", "32620864": "in_corpus"}
NAALAD2	retina_v5:prov	retina_v5:prov/HC	C_mid	1	42652099	1	{"42652099": "in_corpus"}
ONECUT1	retina_v5:prov	retina_v5:prov/HC	C_strong	26	38670973,35212809,34445064,37794584,37017569	5	{"38670973": "in_corpus", "35212809": "in_corpus", "34445064": "in_corpus", "37794584": "in_corpus", "37017569": "in_corpus"}
ONECUT2	retina_v5:prov	retina_v5:prov/HC	C_strong	20	38670973,38101398,34055784,35212809,34445064	5	{"38670973": "in_corpus", "38101398": "in_corpus", "34055784": "in_corpus", "35212809": "in_corpus", "34445064": "in_corpus"}
ONECUT3	retina_v5:prov	retina_v5:prov/HC	C_strong	8	38670973,39117640,33393903,34445064,32347797	5	{"38670973": "in_corpus", "39117640": "in_corpus", "33393903": "in_corpus", "34445064": "in_corpus", "32347797": "in_corpus"}
TNR	retina_v5:prov	retina_v5:prov/HC	C_mid	2	40660409,39737973	2	{"40660409": "in_corpus", "39737973": "in_corpus"}
TPM3	retina_v5:prov	retina_v5:prov/HC	C_strong	3	41571675,33572787,34445064	3	{"41571675": "in_corpus", "33572787": "in_corpus", "34445064": "in_corpus"}
VAT1L	retina_v5:prov	retina_v5:prov/HC	C_mid	1	32946783	1	{"32946783": "in_corpus"}
C1QL2	retina_v6	retina_v6/AC	C_mid	2	38214685,41810892	2	{"38214685": "in_corpus", "41810892": "in_corpus"}
CACNA1E	retina_v6	retina_v6/AC	C_strong	3	37773257,39451253,36969199	3	{"37773257": "in_corpus", "39451253": "in_corpus", "36969199": "in_corpus"}
CHRM2	retina_v6	retina_v6/AC	C_mid	1	32319662	1	{"32319662": "in_corpus"}
DCC	retina_v6	retina_v6/AC	C_strong	11	41960189,39117640,37773257,41810892,33816648	5	{"41960189": "in_corpus", "39117640": "in_corpus", "37773257": "in_corpus", "41810892": "in_corpus", "33816648": "in_corpus"}
EYA4	retina_v6	retina_v6/AC	C_mid	1	36750914	1	{"36750914": "in_corpus"}
FGF13	retina_v6	retina_v6/AC	C_mid	2	39324238,28680125	2	{"39324238": "in_corpus", "28680125": "in_corpus"}
GABRA2	retina_v6	retina_v6/AC	C_mid	1	37880369	1	{"37880369": "in_corpus"}
GABRA3	retina_v6	retina_v6/AC	C_mid	1	37773257	1	{"37773257": "in_corpus"}
GABRG1	retina_v6	retina_v6/AC	C_mid	1	38816767	1	{"38816767": "in_corpus"}
GAD1	retina_v6	retina_v6/AC	C_strong	20	33665228,37773257,35212809,33393903,34445064	5	{"33665228": "in_corpus", "37773257": "in_corpus", "35212809": "in_corpus", "33393903": "in_corpus", "34445064": "in_corpus"}
GAD2	retina_v6	retina_v6/AC	C_strong	13	40054472,38089586,33393903,34445064,37686457	5	{"40054472": "in_corpus", "38089586": "in_corpus", "33393903": "in_corpus", "34445064": "in_corpus", "37686457": "in_corpus"}
GRIK2	retina_v6	retina_v6/AC	C_strong	3	35685368,35241647,39737973	3	{"35685368": "in_corpus", "35241647": "in_corpus", "39737973": "in_corpus"}
GRIN3A	retina_v6	retina_v6/AC	C_mid	1	36332025	1	{"36332025": "in_corpus"}
GRM8	retina_v6	retina_v6/AC	C_strong	3	39574940,37741839,39737973	3	{"39574940": "in_corpus", "37741839": "in_corpus", "39737973": "in_corpus"}
ITGA11	retina_v6	retina_v6/AC	C_mid	1	42063159	1	{"42063159": "in_corpus"}
LRRN3	retina_v6	retina_v6/AC	C_mid	1	35298655	1	{"35298655": "in_corpus"}
OLFM3	retina_v6	retina_v6/AC	C_mid	2	42600003,35298655	2	{"42600003": "in_corpus", "35298655": "in_corpus"}
RASGRF1	retina_v6	retina_v6/AC	C_mid	2	41477839,36750914	2	{"41477839": "in_corpus", "36750914": "in_corpus"}
SCN3B	retina_v6	retina_v6/AC	C_mid	1	37773257	1	{"37773257": "in_corpus"}
SLC6A9	retina_v6	retina_v6/AC	C_strong	12	32946783,35095414,42600003,37794584,38214685	5	{"32946783": "in_corpus", "35095414": "in_corpus", "42600003": "in_corpus", "37794584": "in_corpus", "38214685": "in_corpus"}
SPHKAP	retina_v6	retina_v6/AC	C_mid	1	40250432	1	{"40250432": "in_corpus"}
TFAP2A	retina_v6	retina_v6/AC	C_strong	35	36645183,41366246,34809716,38670973,38101398	5	{"36645183": "in_corpus", "41366246": "in_corpus", "34809716": "in_corpus", "38670973": "in_corpus", "38101398": "in_corpus"}
TFAP2C	retina_v6	retina_v6/AC	C_strong	3	37773257,37665325,37017569	3	{"37773257": "in_corpus", "37665325": "in_corpus", "37017569": "in_corpus"}
ZFPM2	retina_v6	retina_v6/AC	C_mid	1	39117640	1	{"39117640": "in_corpus"}
GFAP	retina_v6	retina_v6/Astro	C_strong	453	35619185,PPR_PPR289133,36544284,41787550,33027920	5	{"35619185": "in_corpus", "PPR_PPR289133": "in_corpus", "36544284": "in_corpus", "41787550": "in_corpus", "33027920": "in_corpus"}
S100B	retina_v6	retina_v6/Astro	C_strong	21	35859009,37773257,34445064,39461953,36977817	5	{"35859009": "in_corpus", "37773257": "in_corpus", "34445064": "in_corpus", "39461953": "in_corpus", "36977817": "in_corpus"}
TNC	retina_v6	retina_v6/Astro	C_strong	5	36012314,34072522,41810892,34439995,35365237	5	{"36012314": "in_corpus", "34072522": "in_corpus", "41810892": "in_corpus", "34439995": "in_corpus", "35365237": "in_corpus"}
BACH1	retina_v6	retina_v6/BC	C_strong	3	38016059,37522516,33072724	3	{"38016059": "in_corpus", "37522516": "in_corpus", "33072724": "in_corpus"}
BCAT1	retina_v6	retina_v6/BC	C_mid	1	33934486	1	{"33934486": "in_corpus"}
CA10	retina_v6	retina_v6/BC	C_strong	5	40054472,34445064,41152974,39574940,40706588	5	{"40054472": "in_corpus", "34445064": "in_corpus", "41152974": "in_corpus", "39574940": "in_corpus", "40706588": "in_corpus"}
GABRR1	retina_v6	retina_v6/BC	C_mid	1	40820958	1	{"40820958": "in_corpus"}
GABRR2	retina_v6	retina_v6/BC	C_mid	2	40820958,34638582	2	{"40820958": "in_corpus", "34638582": "in_corpus"}
GPR179	retina_v6	retina_v6/BC	C_strong	4	41152974,33673358,32973430,32937137	4	{"41152974": "in_corpus", "33673358": "in_corpus", "32973430": "in_corpus", "32937137": "in_corpus"}
GRIK1	retina_v6	retina_v6/BC	C_strong	16	33934486,38705389,32946783,37746666,35594404	5	{"33934486": "in_corpus", "38705389": "in_corpus", "32946783": "in_corpus", "37746666": "in_corpus", "35594404": "in_corpus"}
GRM6	retina_v6	retina_v6/BC	C_strong	19	38705389,33665228,33393903,34445064,37794584	5	{"38705389": "in_corpus", "33665228": "in_corpus", "33393903": "in_corpus", "34445064": "in_corpus", "37794584": "in_corpus"}
IGF1	retina_v6	retina_v6/BC	C_strong	49	36645183,36231108,34207050,41424614,34809716	5	{"36645183": "in_corpus", "36231108": "in_corpus", "34207050": "in_corpus", "41424614": "in_corpus", "34809716": "in_corpus"}
ISL1	retina_v6	retina_v6/BC	C_strong	42	35705015,38101398,34055784,37665325,37773257	5	{"35705015": "in_corpus", "38101398": "in_corpus", "34055784": "in_corpus", "37665325": "in_corpus", "37773257": "in_corpus"}
MCC	retina_v6	retina_v6/BC	C_strong	12	41366246,41565785,36077073,41301852,40531615	5	{"41366246": "in_corpus", "41565785": "in_corpus", "36077073": "in_corpus", "41301852": "in_corpus", "40531615": "in_corpus"}
NETO1	retina_v6	retina_v6/BC	C_strong	7	40054472,37773257,34445064,39592612,39574940	5	{"40054472": "in_corpus", "37773257": "in_corpus", "34445064": "in_corpus", "39592612": "in_corpus", "39574940": "in_corpus"}
NPHS1	retina_v6	retina_v6/BC	C_mid	1	31769495	1	{"31769495": "in_corpus"}
PDE1A	retina_v6	retina_v6/BC	C_mid	2	33934486,35659263	2	{"33934486": "in_corpus", "35659263": "in_corpus"}
PLXDC1	retina_v6	retina_v6/BC	C_mid	2	39728690,34445064	2	{"39728690": "in_corpus", "34445064": "in_corpus"}
PRKCA	retina_v6	retina_v6/BC	C_strong	21	33665228,33393903,35752290,40425564,41595581	5	{"33665228": "in_corpus", "33393903": "in_corpus", "35752290": "in_corpus", "40425564": "in_corpus", "41595581": "in_corpus"}
SDK1	retina_v6	retina_v6/BC	C_strong	3	42600003,33393903,37794584	3	{"42600003": "in_corpus", "33393903": "in_corpus", "37794584": "in_corpus"}
TACR3	retina_v6	retina_v6/BC	C_strong	3	33665228,41731009,32937137	3	{"33665228": "in_corpus", "41731009": "in_corpus", "32937137": "in_corpus"}
TMEM215	retina_v6	retina_v6/BC	C_strong	4	39592612,37017569,34434927,34445064	4	{"39592612": "in_corpus", "37017569": "in_corpus", "34434927": "in_corpus", "34445064": "in_corpus"}
TRPM1	retina_v6	retina_v6/BC	C_strong	32	38999396,35030321,38705389,38670973,35298655	5	{"38999396": "in_corpus", "35030321": "in_corpus", "38705389": "in_corpus", "38670973": "in_corpus", "35298655": "in_corpus"}
VSX1	retina_v6	retina_v6/BC	C_strong	23	36645183,38670973,34055784,34445064,36331259	5	{"36645183": "in_corpus", "38670973": "in_corpus", "34055784": "in_corpus", "34445064": "in_corpus", "36331259": "in_corpus"}
VSX2	retina_v6	retina_v6/BC	C_strong	104	41366246,34750957,36231108,35705015,32231223	5	{"41366246": "in_corpus", "34750957": "in_corpus", "36231108": "in_corpus", "35705015": "in_corpus", "32231223": "in_corpus"}
WFDC1	retina_v6	retina_v6/BC	C_strong	7	36645183,41528844,38334673,33307245,36830851	5	{"36645183": "in_corpus", "41528844": "in_corpus", "38334673": "in_corpus", "33307245": "in_corpus", "36830851": "in_corpus"}
ARR3	retina_v6	retina_v6/Cone	C_strong	50	37773257,37691820,34445064,33400844,36331259	5	{"37773257": "in_corpus", "37691820": "in_corpus", "34445064": "in_corpus", "33400844": "in_corpus", "36331259": "in_corpus"}
GNAT2	retina_v6	retina_v6/Cone	C_strong	36	36231108,35297555,35212809,41010033,39574940	5	{"36231108": "in_corpus", "35297555": "in_corpus", "35212809": "in_corpus", "41010033": "in_corpus", "39574940": "in_corpus"}
OPN1MW	retina_v6	retina_v6/Cone	C_strong	33	35298655,37691820,35212809,34445064,33400844	5	{"35298655": "in_corpus", "37691820": "in_corpus", "35212809": "in_corpus", "34445064": "in_corpus", "33400844": "in_corpus"}
OPN1SW	retina_v6	retina_v6/Cone	C_strong	41	36231108,41190718,35298655,37691820,35212809	5	{"36231108": "in_corpus", "41190718": "in_corpus", "35298655": "in_corpus", "37691820": "in_corpus", "35212809": "in_corpus"}
PDE6H	retina_v6	retina_v6/Cone	C_strong	32	34445064,33400844,36331259,41010033,39574940	5	{"34445064": "in_corpus", "33400844": "in_corpus", "36331259": "in_corpus", "41010033": "in_corpus", "39574940": "in_corpus"}
ADAMTS17	retina_v6	retina_v6/HC	C_strong	3	30406200,36148008,35739142	3	{"30406200": "in_corpus", "36148008": "in_corpus", "35739142": "in_corpus"}
CACNA1C	retina_v6	retina_v6/HC	C_mid	2	41290721,40531615	2	{"41290721": "in_corpus", "40531615": "in_corpus"}
FRMPD4	retina_v6	retina_v6/HC	C_mid	1	39324238	1	{"39324238": "in_corpus"}
LHX1	retina_v6	retina_v6/HC	C_strong	17	38670973,32946783,37773257,35212809,33393903	5	{"38670973": "in_corpus", "32946783": "in_corpus", "37773257": "in_corpus", "35212809": "in_corpus", "33393903": "in_corpus"}
MEGF11	retina_v6	retina_v6/HC	C_mid	2	39574940,32620864	2	{"39574940": "in_corpus", "32620864": "in_corpus"}
NAALAD2	retina_v6	retina_v6/HC	C_mid	1	42652099	1	{"42652099": "in_corpus"}
ONECUT1	retina_v6	retina_v6/HC	C_strong	26	38670973,35212809,34445064,37794584,37017569	5	{"38670973": "in_corpus", "35212809": "in_corpus", "34445064": "in_corpus", "37794584": "in_corpus", "37017569": "in_corpus"}
ONECUT2	retina_v6	retina_v6/HC	C_strong	20	38670973,38101398,34055784,35212809,34445064	5	{"38670973": "in_corpus", "38101398": "in_corpus", "34055784": "in_corpus", "35212809": "in_corpus", "34445064": "in_corpus"}
ONECUT3	retina_v6	retina_v6/HC	C_strong	8	38670973,39117640,33393903,34445064,32347797	5	{"38670973": "in_corpus", "39117640": "in_corpus", "33393903": "in_corpus", "34445064": "in_corpus", "32347797": "in_corpus"}
TNR	retina_v6	retina_v6/HC	C_mid	2	40660409,39737973	2	{"40660409": "in_corpus", "39737973": "in_corpus"}
TPM3	retina_v6	retina_v6/HC	C_strong	3	41571675,33572787,34445064	3	{"41571675": "in_corpus", "33572787": "in_corpus", "34445064": "in_corpus"}
VAT1L	retina_v6	retina_v6/HC	C_mid	1	32946783	1	{"32946783": "in_corpus"}
PRSS56	retina_v6	retina_v6/MG	C_strong	4	41746734,37691820,35315776,39759766	4	{"41746734": "in_corpus", "37691820": "in_corpus", "35315776": "in_corpus", "39759766": "in_corpus"}
RLBP1	retina_v6	retina_v6/MG	C_strong	84	38670973,33307245,35297555,37339216,40552921	5	{"38670973": "in_corpus", "33307245": "in_corpus", "35297555": "in_corpus", "37339216": "in_corpus", "40552921": "in_corpus"}
C1QB	retina_v6	retina_v6/Micro	C_strong	9	34341398,35371110,41810892,34445064,38214685	5	{"34341398": "in_corpus", "35371110": "in_corpus", "41810892": "in_corpus", "34445064": "in_corpus", "38214685": "in_corpus"}
NEFL	retina_v6	retina_v6/RGC	C_strong	23	41972858,38670973,38101398,37773257,35212809	5	{"41972858": "in_corpus", "38670973": "in_corpus", "38101398": "in_corpus", "37773257": "in_corpus", "35212809": "in_corpus"}
POU4F1	retina_v6	retina_v6/RGC	C_strong	23	37773257,34445064,37540379,37017569,41595581	5	{"37773257": "in_corpus", "34445064": "in_corpus", "37540379": "in_corpus", "37017569": "in_corpus", "41595581": "in_corpus"}
POU4F2	retina_v6	retina_v6/RGC	C_strong	37	35705015,38101398,34055784,37665325,37773257	5	{"35705015": "in_corpus", "38101398": "in_corpus", "34055784": "in_corpus", "37665325": "in_corpus", "37773257": "in_corpus"}
RBPMS	retina_v6	retina_v6/RGC	C_strong	199	35619185,PPR_PPR406177,39695101,37735444,36261683	5	{"35619185": "in_corpus", "PPR_PPR406177": "in_corpus", "39695101": "in_corpus", "37735444": "in_corpus", "36261683": "in_corpus"}
SLC17A6	retina_v6	retina_v6/RGC	C_strong	9	32946783,34445064,37540379,37794584,38214685	5	{"32946783": "in_corpus", "34445064": "in_corpus", "37540379": "in_corpus", "37794584": "in_corpus", "38214685": "in_corpus"}
UCHL1	retina_v6	retina_v6/RGC	C_strong	3	33572787,42666080,32987810	3	{"33572787": "in_corpus", "42666080": "in_corpus", "32987810": "in_corpus"}
BEST1	retina_v6	retina_v6/RPE	C_strong	110	37528478,33784255,41366246,41168502,41424614	5	{"37528478": "in_corpus", "33784255": "in_corpus", "41366246": "in_corpus", "41168502": "in_corpus", "41424614": "in_corpus"}
CLIC6	retina_v6	retina_v6/RPE	C_mid	2	42055007,33072724	2	{"42055007": "in_corpus", "33072724": "in_corpus"}
HMGCS2	retina_v6	retina_v6/RPE	C_strong	5	38528525,37289546,34321516,33654266,41963383	5	{"38528525": "in_corpus", "37289546": "in_corpus", "34321516": "in_corpus", "33654266": "in_corpus", "41963383": "in_corpus"}
LRAT	retina_v6	retina_v6/RPE	C_strong	36	33934486,36142331,35882847,36899910,41424614	5	{"33934486": "in_corpus", "36142331": "in_corpus", "35882847": "in_corpus", "36899910": "in_corpus", "41424614": "in_corpus"}
MFRP	retina_v6	retina_v6/RPE	C_strong	8	34207050,41746734,PPR_PPR1061856,39759766,36088481	5	{"34207050": "in_corpus", "41746734": "in_corpus", "PPR_PPR1061856": "in_corpus", "39759766": "in_corpus", "36088481": "in_corpus"}
OR51E2	retina_v6	retina_v6/RPE	C_mid	1	29249973	1	{"29249973": "in_corpus"}
RDH5	retina_v6	retina_v6/RPE	C_strong	27	33934486,36899910,35297555,40552921,41632798	5	{"33934486": "in_corpus", "36899910": "in_corpus", "35297555": "in_corpus", "40552921": "in_corpus", "41632798": "in_corpus"}
RPE65	retina_v6	retina_v6/RPE	C_strong	309	41528844,37528478,36408112,36645183,38528525	5	{"41528844": "in_corpus", "37528478": "in_corpus", "36408112": "in_corpus", "36645183": "in_corpus", "38528525": "in_corpus"}
TTR	retina_v6	retina_v6/RPE	C_strong	25	36408112,35705015,33934486,36231108,36142331	5	{"36408112": "in_corpus", "35705015": "in_corpus", "33934486": "in_corpus", "36231108": "in_corpus", "36142331": "in_corpus"}
GNAT1	retina_v6	retina_v6/Rod	C_strong	35	33934486,40994539,38334673,38670973,35298655	5	{"33934486": "in_corpus", "40994539": "in_corpus", "38334673": "in_corpus", "38670973": "in_corpus", "35298655": "in_corpus"}
NR2E3	retina_v6	retina_v6/Rod	C_strong	57	36231108,34809716,35176707,40956390,38670973	5	{"36231108": "in_corpus", "34809716": "in_corpus", "35176707": "in_corpus", "40956390": "in_corpus", "38670973": "in_corpus"}
NRL	retina_v6	retina_v6/Rod	C_strong	93	36645183,36231108,34809716,35974011,38334673	5	{"36645183": "in_corpus", "36231108": "in_corpus", "34809716": "in_corpus", "35974011": "in_corpus", "38334673": "in_corpus"}
PDE6B	retina_v6	retina_v6/Rod	C_strong	51	33934486,38670973,38705389,33393903,34445064	5	{"33934486": "in_corpus", "38670973": "in_corpus", "38705389": "in_corpus", "33393903": "in_corpus", "34445064": "in_corpus"}
RHO	retina_v6	retina_v6/Rod	C_strong	148	38670973,32963317,35297555,40994539,42652099	5	{"38670973": "in_corpus", "32963317": "in_corpus", "35297555": "in_corpus", "40994539": "in_corpus", "42652099": "in_corpus"}
ADAMTS17	retina_v6	retina_v6/marker_blocks	C_strong	3	30406200,36148008,35739142	3	{"30406200": "in_corpus", "36148008": "in_corpus", "35739142": "in_corpus"}
BACH1	retina_v6	retina_v6/marker_blocks	C_strong	3	38016059,37522516,33072724	3	{"38016059": "in_corpus", "37522516": "in_corpus", "33072724": "in_corpus"}
BCAT1	retina_v6	retina_v6/marker_blocks	C_mid	1	33934486	1	{"33934486": "in_corpus"}
BEST1	retina_v6	retina_v6/marker_blocks	C_strong	110	37528478,33784255,41366246,41168502,41424614	5	{"37528478": "in_corpus", "33784255": "in_corpus", "41366246": "in_corpus", "41168502": "in_corpus", "41424614": "in_corpus"}
C1QL2	retina_v6	retina_v6/marker_blocks	C_mid	2	38214685,41810892	2	{"38214685": "in_corpus", "41810892": "in_corpus"}
CA10	retina_v6	retina_v6/marker_blocks	C_strong	5	40054472,34445064,41152974,39574940,40706588	5	{"40054472": "in_corpus", "34445064": "in_corpus", "41152974": "in_corpus", "39574940": "in_corpus", "40706588": "in_corpus"}
CACNA1C	retina_v6	retina_v6/marker_blocks	C_mid	2	41290721,40531615	2	{"41290721": "in_corpus", "40531615": "in_corpus"}
CACNA1E	retina_v6	retina_v6/marker_blocks	C_strong	3	37773257,39451253,36969199	3	{"37773257": "in_corpus", "39451253": "in_corpus", "36969199": "in_corpus"}
CHRM2	retina_v6	retina_v6/marker_blocks	C_mid	1	32319662	1	{"32319662": "in_corpus"}
CLIC6	retina_v6	retina_v6/marker_blocks	C_mid	2	42055007,33072724	2	{"42055007": "in_corpus", "33072724": "in_corpus"}
DCC	retina_v6	retina_v6/marker_blocks	C_strong	11	41960189,39117640,37773257,41810892,33816648	5	{"41960189": "in_corpus", "39117640": "in_corpus", "37773257": "in_corpus", "41810892": "in_corpus", "33816648": "in_corpus"}
EYA4	retina_v6	retina_v6/marker_blocks	C_mid	1	36750914	1	{"36750914": "in_corpus"}
FGF13	retina_v6	retina_v6/marker_blocks	C_mid	2	39324238,28680125	2	{"39324238": "in_corpus", "28680125": "in_corpus"}
FRMPD4	retina_v6	retina_v6/marker_blocks	C_mid	1	39324238	1	{"39324238": "in_corpus"}
GABRA2	retina_v6	retina_v6/marker_blocks	C_mid	1	37880369	1	{"37880369": "in_corpus"}
GABRA3	retina_v6	retina_v6/marker_blocks	C_mid	1	37773257	1	{"37773257": "in_corpus"}
GABRG1	retina_v6	retina_v6/marker_blocks	C_mid	1	38816767	1	{"38816767": "in_corpus"}
GABRR1	retina_v6	retina_v6/marker_blocks	C_mid	1	40820958	1	{"40820958": "in_corpus"}
GABRR2	retina_v6	retina_v6/marker_blocks	C_mid	2	40820958,34638582	2	{"40820958": "in_corpus", "34638582": "in_corpus"}
GAD1	retina_v6	retina_v6/marker_blocks	C_strong	20	33665228,37773257,35212809,33393903,34445064	5	{"33665228": "in_corpus", "37773257": "in_corpus", "35212809": "in_corpus", "33393903": "in_corpus", "34445064": "in_corpus"}
GAD2	retina_v6	retina_v6/marker_blocks	C_strong	13	40054472,38089586,33393903,34445064,37686457	5	{"40054472": "in_corpus", "38089586": "in_corpus", "33393903": "in_corpus", "34445064": "in_corpus", "37686457": "in_corpus"}
GFAP	retina_v6	retina_v6/marker_blocks	C_strong	453	35619185,PPR_PPR289133,36544284,41787550,33027920	5	{"35619185": "in_corpus", "PPR_PPR289133": "in_corpus", "36544284": "in_corpus", "41787550": "in_corpus", "33027920": "in_corpus"}
GPR179	retina_v6	retina_v6/marker_blocks	C_strong	4	41152974,33673358,32973430,32937137	4	{"41152974": "in_corpus", "33673358": "in_corpus", "32973430": "in_corpus", "32937137": "in_corpus"}
GRIK1	retina_v6	retina_v6/marker_blocks	C_strong	16	33934486,38705389,32946783,37746666,35594404	5	{"33934486": "in_corpus", "38705389": "in_corpus", "32946783": "in_corpus", "37746666": "in_corpus", "35594404": "in_corpus"}
GRIK2	retina_v6	retina_v6/marker_blocks	C_strong	3	35685368,35241647,39737973	3	{"35685368": "in_corpus", "35241647": "in_corpus", "39737973": "in_corpus"}
GRIN3A	retina_v6	retina_v6/marker_blocks	C_mid	1	36332025	1	{"36332025": "in_corpus"}
GRM6	retina_v6	retina_v6/marker_blocks	C_strong	19	38705389,33665228,33393903,34445064,37794584	5	{"38705389": "in_corpus", "33665228": "in_corpus", "33393903": "in_corpus", "34445064": "in_corpus", "37794584": "in_corpus"}
GRM8	retina_v6	retina_v6/marker_blocks	C_strong	3	39574940,37741839,39737973	3	{"39574940": "in_corpus", "37741839": "in_corpus", "39737973": "in_corpus"}
HMGCS2	retina_v6	retina_v6/marker_blocks	C_strong	5	38528525,37289546,34321516,33654266,41963383	5	{"38528525": "in_corpus", "37289546": "in_corpus", "34321516": "in_corpus", "33654266": "in_corpus", "41963383": "in_corpus"}
IGF1	retina_v6	retina_v6/marker_blocks	C_strong	49	36645183,36231108,34207050,41424614,34809716	5	{"36645183": "in_corpus", "36231108": "in_corpus", "34207050": "in_corpus", "41424614": "in_corpus", "34809716": "in_corpus"}
ISL1	retina_v6	retina_v6/marker_blocks	C_strong	42	35705015,38101398,34055784,37665325,37773257	5	{"35705015": "in_corpus", "38101398": "in_corpus", "34055784": "in_corpus", "37665325": "in_corpus", "37773257": "in_corpus"}
ITGA11	retina_v6	retina_v6/marker_blocks	C_mid	1	42063159	1	{"42063159": "in_corpus"}
LHX1	retina_v6	retina_v6/marker_blocks	C_strong	17	38670973,32946783,37773257,35212809,33393903	5	{"38670973": "in_corpus", "32946783": "in_corpus", "37773257": "in_corpus", "35212809": "in_corpus", "33393903": "in_corpus"}
LRAT	retina_v6	retina_v6/marker_blocks	C_strong	36	33934486,36142331,35882847,36899910,41424614	5	{"33934486": "in_corpus", "36142331": "in_corpus", "35882847": "in_corpus", "36899910": "in_corpus", "41424614": "in_corpus"}
LRRN3	retina_v6	retina_v6/marker_blocks	C_mid	1	35298655	1	{"35298655": "in_corpus"}
MCC	retina_v6	retina_v6/marker_blocks	C_strong	12	41366246,41565785,36077073,41301852,40531615	5	{"41366246": "in_corpus", "41565785": "in_corpus", "36077073": "in_corpus", "41301852": "in_corpus", "40531615": "in_corpus"}
MEGF11	retina_v6	retina_v6/marker_blocks	C_mid	2	39574940,32620864	2	{"39574940": "in_corpus", "32620864": "in_corpus"}
MFRP	retina_v6	retina_v6/marker_blocks	C_strong	8	34207050,41746734,PPR_PPR1061856,39759766,36088481	5	{"34207050": "in_corpus", "41746734": "in_corpus", "PPR_PPR1061856": "in_corpus", "39759766": "in_corpus", "36088481": "in_corpus"}
NAALAD2	retina_v6	retina_v6/marker_blocks	C_mid	1	42652099	1	{"42652099": "in_corpus"}
NEFL	retina_v6	retina_v6/marker_blocks	C_strong	23	41972858,38670973,38101398,37773257,35212809	5	{"41972858": "in_corpus", "38670973": "in_corpus", "38101398": "in_corpus", "37773257": "in_corpus", "35212809": "in_corpus"}
NETO1	retina_v6	retina_v6/marker_blocks	C_strong	7	40054472,37773257,34445064,39592612,39574940	5	{"40054472": "in_corpus", "37773257": "in_corpus", "34445064": "in_corpus", "39592612": "in_corpus", "39574940": "in_corpus"}
NPHS1	retina_v6	retina_v6/marker_blocks	C_mid	1	31769495	1	{"31769495": "in_corpus"}
OLFM3	retina_v6	retina_v6/marker_blocks	C_mid	2	42600003,35298655	2	{"42600003": "in_corpus", "35298655": "in_corpus"}
ONECUT1	retina_v6	retina_v6/marker_blocks	C_strong	26	38670973,35212809,34445064,37794584,37017569	5	{"38670973": "in_corpus", "35212809": "in_corpus", "34445064": "in_corpus", "37794584": "in_corpus", "37017569": "in_corpus"}
ONECUT2	retina_v6	retina_v6/marker_blocks	C_strong	20	38670973,38101398,34055784,35212809,34445064	5	{"38670973": "in_corpus", "38101398": "in_corpus", "34055784": "in_corpus", "35212809": "in_corpus", "34445064": "in_corpus"}
ONECUT3	retina_v6	retina_v6/marker_blocks	C_strong	8	38670973,39117640,33393903,34445064,32347797	5	{"38670973": "in_corpus", "39117640": "in_corpus", "33393903": "in_corpus", "34445064": "in_corpus", "32347797": "in_corpus"}
OR51E2	retina_v6	retina_v6/marker_blocks	C_mid	1	29249973	1	{"29249973": "in_corpus"}
PDE1A	retina_v6	retina_v6/marker_blocks	C_mid	2	33934486,35659263	2	{"33934486": "in_corpus", "35659263": "in_corpus"}
PLXDC1	retina_v6	retina_v6/marker_blocks	C_mid	2	39728690,34445064	2	{"39728690": "in_corpus", "34445064": "in_corpus"}
POU4F1	retina_v6	retina_v6/marker_blocks	C_strong	23	37773257,34445064,37540379,37017569,41595581	5	{"37773257": "in_corpus", "34445064": "in_corpus", "37540379": "in_corpus", "37017569": "in_corpus", "41595581": "in_corpus"}
POU4F2	retina_v6	retina_v6/marker_blocks	C_strong	37	35705015,38101398,34055784,37665325,37773257	5	{"35705015": "in_corpus", "38101398": "in_corpus", "34055784": "in_corpus", "37665325": "in_corpus", "37773257": "in_corpus"}
PRKCA	retina_v6	retina_v6/marker_blocks	C_strong	21	33665228,33393903,35752290,40425564,41595581	5	{"33665228": "in_corpus", "33393903": "in_corpus", "35752290": "in_corpus", "40425564": "in_corpus", "41595581": "in_corpus"}
PRSS56	retina_v6	retina_v6/marker_blocks	C_strong	4	41746734,37691820,35315776,39759766	4	{"41746734": "in_corpus", "37691820": "in_corpus", "35315776": "in_corpus", "39759766": "in_corpus"}
RASGRF1	retina_v6	retina_v6/marker_blocks	C_mid	2	41477839,36750914	2	{"41477839": "in_corpus", "36750914": "in_corpus"}
RBPMS	retina_v6	retina_v6/marker_blocks	C_strong	199	35619185,PPR_PPR406177,39695101,37735444,36261683	5	{"35619185": "in_corpus", "PPR_PPR406177": "in_corpus", "39695101": "in_corpus", "37735444": "in_corpus", "36261683": "in_corpus"}
RDH5	retina_v6	retina_v6/marker_blocks	C_strong	27	33934486,36899910,35297555,40552921,41632798	5	{"33934486": "in_corpus", "36899910": "in_corpus", "35297555": "in_corpus", "40552921": "in_corpus", "41632798": "in_corpus"}
RLBP1	retina_v6	retina_v6/marker_blocks	C_strong	84	38670973,33307245,35297555,37339216,40552921	5	{"38670973": "in_corpus", "33307245": "in_corpus", "35297555": "in_corpus", "37339216": "in_corpus", "40552921": "in_corpus"}
RPE65	retina_v6	retina_v6/marker_blocks	C_strong	309	41528844,37528478,36408112,36645183,38528525	5	{"41528844": "in_corpus", "37528478": "in_corpus", "36408112": "in_corpus", "36645183": "in_corpus", "38528525": "in_corpus"}
S100B	retina_v6	retina_v6/marker_blocks	C_strong	21	35859009,37773257,34445064,39461953,36977817	5	{"35859009": "in_corpus", "37773257": "in_corpus", "34445064": "in_corpus", "39461953": "in_corpus", "36977817": "in_corpus"}
SCN3B	retina_v6	retina_v6/marker_blocks	C_mid	1	37773257	1	{"37773257": "in_corpus"}
SDK1	retina_v6	retina_v6/marker_blocks	C_strong	3	42600003,33393903,37794584	3	{"42600003": "in_corpus", "33393903": "in_corpus", "37794584": "in_corpus"}
SLC17A6	retina_v6	retina_v6/marker_blocks	C_strong	9	32946783,34445064,37540379,37794584,38214685	5	{"32946783": "in_corpus", "34445064": "in_corpus", "37540379": "in_corpus", "37794584": "in_corpus", "38214685": "in_corpus"}
SLC6A9	retina_v6	retina_v6/marker_blocks	C_strong	12	32946783,35095414,42600003,37794584,38214685	5	{"32946783": "in_corpus", "35095414": "in_corpus", "42600003": "in_corpus", "37794584": "in_corpus", "38214685": "in_corpus"}
SPHKAP	retina_v6	retina_v6/marker_blocks	C_mid	1	40250432	1	{"40250432": "in_corpus"}
TACR3	retina_v6	retina_v6/marker_blocks	C_strong	3	33665228,41731009,32937137	3	{"33665228": "in_corpus", "41731009": "in_corpus", "32937137": "in_corpus"}
TFAP2A	retina_v6	retina_v6/marker_blocks	C_strong	35	36645183,41366246,34809716,38670973,38101398	5	{"36645183": "in_corpus", "41366246": "in_corpus", "34809716": "in_corpus", "38670973": "in_corpus", "38101398": "in_corpus"}
TFAP2C	retina_v6	retina_v6/marker_blocks	C_strong	3	37773257,37665325,37017569	3	{"37773257": "in_corpus", "37665325": "in_corpus", "37017569": "in_corpus"}
TMEM215	retina_v6	retina_v6/marker_blocks	C_strong	4	39592612,37017569,34434927,34445064	4	{"39592612": "in_corpus", "37017569": "in_corpus", "34434927": "in_corpus", "34445064": "in_corpus"}
TNC	retina_v6	retina_v6/marker_blocks	C_strong	5	36012314,34072522,41810892,34439995,35365237	5	{"36012314": "in_corpus", "34072522": "in_corpus", "41810892": "in_corpus", "34439995": "in_corpus", "35365237": "in_corpus"}
TNR	retina_v6	retina_v6/marker_blocks	C_mid	2	40660409,39737973	2	{"40660409": "in_corpus", "39737973": "in_corpus"}
TPM3	retina_v6	retina_v6/marker_blocks	C_strong	3	41571675,33572787,34445064	3	{"41571675": "in_corpus", "33572787": "in_corpus", "34445064": "in_corpus"}
TRPM1	retina_v6	retina_v6/marker_blocks	C_strong	32	38999396,35030321,38705389,38670973,35298655	5	{"38999396": "in_corpus", "35030321": "in_corpus", "38705389": "in_corpus", "38670973": "in_corpus", "35298655": "in_corpus"}
TTR	retina_v6	retina_v6/marker_blocks	C_strong	25	36408112,35705015,33934486,36231108,36142331	5	{"36408112": "in_corpus", "35705015": "in_corpus", "33934486": "in_corpus", "36231108": "in_corpus", "36142331": "in_corpus"}
UCHL1	retina_v6	retina_v6/marker_blocks	C_strong	3	33572787,42666080,32987810	3	{"33572787": "in_corpus", "42666080": "in_corpus", "32987810": "in_corpus"}
VAT1L	retina_v6	retina_v6/marker_blocks	C_mid	1	32946783	1	{"32946783": "in_corpus"}
VSX1	retina_v6	retina_v6/marker_blocks	C_strong	23	36645183,38670973,34055784,34445064,36331259	5	{"36645183": "in_corpus", "38670973": "in_corpus", "34055784": "in_corpus", "34445064": "in_corpus", "36331259": "in_corpus"}
VSX2	retina_v6	retina_v6/marker_blocks	C_strong	104	41366246,34750957,36231108,35705015,32231223	5	{"41366246": "in_corpus", "34750957": "in_corpus", "36231108": "in_corpus", "35705015": "in_corpus", "32231223": "in_corpus"}
WFDC1	retina_v6	retina_v6/marker_blocks	C_strong	7	36645183,41528844,38334673,33307245,36830851	5	{"36645183": "in_corpus", "41528844": "in_corpus", "38334673": "in_corpus", "33307245": "in_corpus", "36830851": "in_corpus"}
ZFPM2	retina_v6	retina_v6/marker_blocks	C_mid	1	39117640	1	{"39117640": "in_corpus"}
AIF1	retina_v6	retina_v6/microglia_repair	C_strong	23	40994539,35212809,40126507,31712411,35806438	5	{"40994539": "in_corpus", "35212809": "in_corpus", "40126507": "in_corpus", "31712411": "in_corpus", "35806438": "in_corpus"}
CLEC7A	retina_v6	retina_v6/microglia_repair	C_mid	2	34100385,37099020	2	{"34100385": "in_corpus", "37099020": "in_corpus"}
CX3CR1	retina_v6	retina_v6/microglia_repair	C_strong	61	35309305,33585455,37605279,40882639,36662852	5	{"35309305": "in_corpus", "33585455": "in_corpus", "37605279": "in_corpus", "40882639": "in_corpus", "36662852": "in_corpus"}
IRF8	retina_v6	retina_v6/microglia_repair	C_strong	9	34544421,41071880,35922863,39324238,34628463	5	{"34544421": "in_corpus", "41071880": "in_corpus", "35922863": "in_corpus", "39324238": "in_corpus", "34628463": "in_corpus"}
ITGAX	retina_v6	retina_v6/microglia_repair	C_strong	9	41810892,42756340,42666080,37794584,36077073	5	{"41810892": "in_corpus", "42756340": "in_corpus", "42666080": "in_corpus", "37794584": "in_corpus", "36077073": "in_corpus"}
P2RY12	retina_v6	retina_v6/microglia_repair	C_strong	24	40994539,34544421,35309305,37838654,39340587	5	{"40994539": "in_corpus", "34544421": "in_corpus", "35309305": "in_corpus", "37838654": "in_corpus", "39340587": "in_corpus"}
SALL1	retina_v6	retina_v6/microglia_repair	C_strong	3	34544421,41516321,41270749	3	{"34544421": "in_corpus", "41516321": "in_corpus", "41270749": "in_corpus"}
TAL1	retina_v6	retina_v6/microglia_repair	C_mid	2	38670973,38510120	2	{"38670973": "in_corpus", "38510120": "in_corpus"}
TMEM119	retina_v6	retina_v6/microglia_repair	C_strong	33	40994539,34544421,35309305,36644817,38289348	5	{"40994539": "in_corpus", "34544421": "in_corpus", "35309305": "in_corpus", "36644817": "in_corpus", "38289348": "in_corpus"}
TYROBP	retina_v6	retina_v6/microglia_repair	C_strong	4	32450896,40025497,36077073,40660409	4	{"32450896": "in_corpus", "40025497": "in_corpus", "36077073": "in_corpus", "40660409": "in_corpus"}
CHAT	retina_v6	retina_v6/subtype_anchor_layer	C_strong	16	40082403,33393903,37794584,39574940,36816119	5	{"40082403": "in_corpus", "33393903": "in_corpus", "37794584": "in_corpus", "39574940": "in_corpus", "36816119": "in_corpus"}
VIP	retina_v6	retina_v6/subtype_anchor_layer	C_strong	32	41424614,40233131,37582959,39574940,36277849	5	{"41424614": "in_corpus", "40233131": "in_corpus", "37582959": "in_corpus", "39574940": "in_corpus", "36277849": "in_corpus"}
