row_idx	paper_id	extra_genes
7	36899910	COL1A1
11	36899910	COL1A1
18	36899910	APOE
19	36899910	C1R;C1S
20	36899910	APOE;CD36
21	36899910	COL1A1;MGP;POSTN;SPP1
22	36899910	DCT;SLC24A5;TYR;TYRP1
25	36899910	COL1A1
31	36899910	APOE;C1R
32	36899910	APOE;COL1A1;POSTN
33	36899910	DCT;GPR143;TYR;TYRP1
38	36638800	LAMA2;LAMA3
41	36638800	MITF
42	36638800	MITF
53	36638800	LAMA3
54	36638800	LAMA3
55	36638800	MITF
103	36715342	CHAT;SOX2
105	36715342	SOX2
109	36715342	SOX2
111	36715342	DLL4
113	36715342	DLL4;SOX2
115	36715342	DCC
128	36977817	VIM
131	36977817	SOX2
132	36977817	VIM
139	36977817	POSTN
142	36977817	DLL4;NOTCH3
143	36977817	S100B;VIM
147	36977817	VIM
149	36977817	APOE;FTL;SLC1A3;SOX2;VIM
150	36977817	DLL4;NOTCH3
151	36977817	APOE;S100B;VIM
192	37029422	CX3CR1;RELN
194	37029422	GPR34;MMP9;OLFML3
195	37029422	APOE
215	37063422	PECAM1
228	37063422	PECAM1
332	37099020	C1S
335	37099020	C1S
349	37099020	S100B
351	37099020	C1S
353	37099020	C1S;CLEC7A;S100B
355	37099020	C1S
356	37099020	C1S
376	37138703	KERA
377	37138703	MMP9
394	36645183	ACTA2;COL1A1;DCN;DCT;DES;ITGA1;MGP;MLANA;MYH11;MYL9;PMEL;POSTN;TAGLN;THY1;TOP2A;TYR;VSX1
395	36645183	DES;MYH11;MYL9;PMEL;TYR;VWF
396	36645183	HLA-DRA;IGF1;MITF
397	36645183	PMEL;TYRP1
398	36645183	ACTA2;CD14;CD69;CD79A;MLANA;MPZ;SCN7A;TAGLN;VWF
399	36645183	COL1A1;COL1A2;COL3A1;HLA-DPA1;HLA-DQA1;HLA-DQB1;HLA-DRA;KDR;PDGFRB
400	36645183	APOE;DCN;WFDC1
402	36645183	MGP
420	37039265	SPP1
429	37039265	SOX2
430	37039265	THY1
455	36912000	CDH5
456	36912000	CDH5
457	36912000	CDH5
500	37180103	CXCL17
501	37180103	C5AR1
538	37126699	CAMP
544	37126699	CAMP
616	37217935	IRF7
623	37217935	AIF1;CD163;CX3CR1;HEXB;P2RY12;TMEM119;TREM2
648	37217935	IRF7
823	37163980	S100B
841	37226256	APOE;CD163;CSF3R;FLT3;FN1;MRC1;MS4A7;P2RY12;S100A9;SALL1
842	37226256	GPNMB;MS4A7;P2RY12;SALL1;TMEM119
843	37226256	APOE;IGF1;MS4A7;SPP1
844	37226256	CAMP;CX3CR1
845	37226256	CX3CR1
846	37226256	CX3CR1
848	37226256	MS4A7;SALL1
849	37226256	CX3CR1;GPNMB;HEXB;HIF1A;TREM2
850	37226256	IGF1;SPP1
852	37226256	IGF1;SPP1
855	37226256	HIF1A;IGF1;SPP1
856	37226256	CX3CR1
857	37226256	CX3CR1
859	37226256	CAMP;IGF1;SPP1
860	37226256	CX3CR1
863	37226256	CSF3R;MS4A7;P2RY12;S100A8;S100A9
865	37226256	IGF1
866	37226256	TYR
874	37017569	DCN;MGP;PECAM1;PMEL;SOX2;TMEM215;TYRP1;VSX1
877	37017569	PTGDS
878	37017569	MKI67;SPP1
880	37017569	TFAP2C
881	37017569	LHX1
882	37017569	VSX1
883	37017569	APOE;KDR
884	37017569	SPP1
885	37017569	SPP1
924	37272764	APOE
972	37339216	DCT;MITF;PMEL;PTGDS
974	37339216	PRRX1
1010	37371607	MAF
1011	37371607	MAF
1012	37371607	MAF
1022	37371607	SOX2
1023	37371607	MAF
1024	37371607	MAF
1030	37371607	MAF
1052	37371607	MAF
1060	37371607	MAF
1109	37388908	CD74;NETO1
1118	37388908	TCF4
1387	37084144	PAX5
1453	37441592	AIF1
1469	37441592	AIF1;CD74;FN1;IGF1;P2RY12;SPP1;TMEM119
1493	37433773	XBP1
1513	37433773	XBP1
1760	36930538	CAMP
1895	37526616	APOE;C1QL2;CHAT;CLDN5;GRIK1;LHX1;MYL9;PRKCA;S100B;SAMSN1;TMEM119
1900	37526616	APOE
1906	37526616	TMEM119
1907	37526616	S100B
1914	37545752	CCL5
1915	37545752	CCL5;CD9
1917	37545752	HLA-DRA
1924	37545752	APOE
1928	37545752	SLC1A3
1932	37545752	THY1
2180	37545752	SPP1
2182	37545752	CCL5
2184	37545752	SLC1A3
2189	37545752	APOE
2211	37545752	APOE
2230	37545752	SPP1
2232	37545752	CCL5
2234	37545752	SLC1A3
2239	37545752	APOE
2261	37545752	APOE
2264	37550343	MMP9
2270	37550343	CDH5;KDR;VWF
2273	37550343	MMP9
2288	37550343	MMP9
2308	37559903	CDH5
2309	37559903	CDH5
2310	37559903	PLVAP
2312	37559903	CLDN5;PLVAP
2313	37559903	TCF4
2315	37559903	CLDN5;PLVAP
2317	37559903	CDH5;PECAM1;PLVAP
2320	37559903	CDH5
2323	37559903	PECAM1;PLVAP
2339	37559903	PLVAP
2342	37559903	PECAM1
2355	37559903	CDH5
2388	37559903	PLVAP
2391	37559903	PECAM1
2404	37559903	CDH5
2455	37575968	NOTCH3
2456	37575968	NUSAP1
2471	37575968	NOTCH3
2482	37569464	CD4
2487	37569464	CD36;CX3CR1
2492	37569464	CX3CR1;IL1B
2493	37569464	CX3CR1
2496	37569464	CCL5
2497	37569464	CAMP
2498	37569464	CAMP
2512	37569464	CCL5
2552	37569464	CCL5
2590	37582959	VIM
2591	37582959	GRIK1;KDR;LHX1;VIM
2592	37582959	GRIK1;PRKCA;SLC6A1
2596	37582959	VIP
2597	37582959	PRKCA
2599	37582959	APOE
2601	37582959	CNTN5;TENM3
2602	37582959	TCF4
2609	37582959	PRKCA
2627	37491367	CHAT
2628	37491367	CHAT
2634	37491367	CHAT
2636	37491367	CHAT
2651	37491367	CHAT
2653	37491367	CHAT
2662	37289546	HMGCS2
2700	37084724	SOX2
2701	37084724	SOX2;VIM
2704	37084724	CHAT
2707	37084724	CHAT
2720	37084724	CHAT
2745	37621717	CA3
2773	37643867	SOX2
3074	37665325	MITF
3081	37665325	PRRX1
3082	37665325	DCT;MITF;PMEL
3084	37665325	TFAP2C
3085	37665325	TFAP2C
3086	37665325	TFAP2C
3096	37665325	THY1
3205	37670124	ACTA2;MYH11;PDGFRB;RGS5
3211	37670124	CXCR2
3213	37670124	PECAM1
3224	37670124	PDGFRB;RGS5
3241	37522516	MITF
3242	37522516	MITF
3243	37522516	DCT
3244	37522516	COL3A1;DCT;MITF
3245	37522516	DCT;SLC24A5;TYR;TYRP1
3247	37522516	BACH1;MITF
3248	37522516	HIF1A
3249	37522516	CDH2
3250	37522516	CDH2;MKI67
3251	37522516	MITF
3255	37522516	COL3A1;MITF
3256	37522516	MITF
3257	37522516	MITF;MKI67
3259	37522516	DCT
3268	37522516	LUM;MKI67
3276	37691820	DCN;MGP;MITF
3287	37691820	MITF;PRSS56
3288	37691820	DCN;MGP
3319	37686457	CAMP
3320	37686457	THY1
3328	37686457	CHAT;MITF
3330	37686457	SOX2;THY1
3332	37686457	SPP1
3335	37686457	THY1
3339	37686457	MITF
3347	37686457	MITF
3355	37686457	CAMP;THY1
3356	37686457	THY1
3357	37686457	SPP1
3359	37686457	CAMP;SOX2;THY1
3360	37686457	THY1
3361	37686457	CAMP;THY1
3362	37686457	CAMP;THY1
3365	37686457	CAMP;THY1
3366	37686457	THY1
3367	37686457	SPP1
3369	37686457	CAMP;SOX2;THY1
3370	37686457	THY1
3371	37686457	CAMP;THY1
3372	37686457	CAMP;THY1
3458	37746666	APOE
3462	37746666	AIF1;CDH5;DES;SLC1A3;TRPM1;VWF
3463	37746666	APOE
3464	37746666	MMP2
3465	37746666	GRIK1;PRKCA
3468	37746666	APOE;IGF1
3470	37746666	APOE;GRIK1;MMP2
3471	37746666	GRIK1
3482	37746666	GRIK1;MMP2
3483	37746666	APOE;PRKCA
3544	37735444	THY1
3659	37741839	CHAT
3660	37741839	CHAT
3665	37741839	GRM8
3666	37741839	GRM8
3672	37741839	CHAT
3682	37741839	CHAT
3683	37741839	GRM8
3684	37741839	GRM8
4079	37762541	APOE;P2RY12;TREM2
4083	37762541	P2RY12
4086	37762541	APOE;CX3CR1;TREM2
4087	37762541	P2RY12
4088	37762541	P2RY12;TMEM119
4090	37762541	APOE
4091	37762541	APOE;P2RY12;TREM2
4097	37762541	CX3CR1
4098	37762541	APOE;TREM2
4105	37762541	P2RY12
4109	37762541	TREM2
4114	37762541	P2RY12
4118	37762541	TREM2
4122	37762541	APOE
4123	37762541	TREM2
4130	37762541	APOE
4131	37762541	TREM2
4144	37758715	SOX2
4146	37758715	S100B;SOX2
4153	37758715	MGP
4160	37758715	ADARB2
4169	37758715	CENPF;MKI67;NUSAP1;TOP2A
4187	37773257	SOX2
4193	37773257	CAMP
4194	37773257	DCC
4195	37773257	CCL5;S100B;SLC1A3;SOX2;VIM
4196	37773257	LHX1;NETO1;S100B;TFAP2C
4197	37773257	CACNA1E;SCN3B;SLC6A1
4198	37773257	GABRA3
4199	37773257	LHX1;SPP1
4217	37773257	VIM
4444	37642150	CLDN5;PLVAP
4446	37642150	CLDN5;FLT1
4447	37642150	CLDN5;PLVAP
4453	37642150	PLVAP
4480	37642150	CLDN5
4485	37642150	PLVAP
4494	37642150	CLDN5
4499	37642150	PLVAP
4506	37642150	PLVAP
4528	37642150	PLVAP
4547	37838654	P2RY12
4549	37838654	P2RY12
4557	37838654	P2RY12
4559	37838654	P2RY12
4563	37838654	P2RY12
4572	37838654	P2RY12
4573	37838654	P2RY12
4591	37846362	NOTCH3
4593	37846362	IGF1
4596	37846362	NOTCH3
4597	37846362	SOX2
4598	37846362	SOX2
4599	37846362	NOTCH3
4610	37868194	SOX2
4634	37868194	VSX1
4655	37868194	SOX2
4656	37868194	SOX2
4657	37868194	SOX2
4658	37868194	SOX2
4659	37868194	SOX2
4660	37868194	SOX2
4661	37868194	SOX2
4663	37868194	SOX2
4664	37868194	SOX2
4665	37868194	SOX2
4666	37868194	SOX2
4667	37868194	SOX2
4668	37868194	SOX2
4669	37868194	SOX2
4711	37864169	CAMP
4750	37624696	SPP1
4751	37624696	SPP1
4752	37624696	SPP1
4753	37624696	THY1
4755	37624696	SPP1
4756	37624696	SPP1;THY1
4757	37624696	SPP1
4758	37624696	SPP1
4759	37624696	SPP1
4760	37624696	SPP1
4761	37624696	SPP1
4764	37624696	SPP1;THY1
4769	37624696	SPP1
4771	37624696	SPP1
4780	37624696	SPP1
4799	37624696	SPP1
4823	37624696	THY1
4824	37624696	SPP1
4836	37624696	SPP1
4855	37624696	SPP1
4879	37624696	THY1
4880	37624696	SPP1
4895	37819938	IRF7
4900	37819938	IRF7;LGMN
4901	37819938	IRF7
4970	37923392	SOX2
4971	37923392	CHAT
4988	37880369	GABRA2
4992	37880369	CHAT
4994	37880369	GABRA2
5000	37880369	CHAT
5001	37880369	CHAT
5007	37880369	GABRA2
5011	37880369	CHAT
5012	37880369	CHAT
5013	37880369	CHAT
5033	37930995	CD2
5059	37930995	NOTCH3
5060	37930995	NOTCH3
5063	37930995	SOX2
5081	37979052	CACNA1C;XBP1
5086	37979052	DCT
5088	37979052	PRKCA
5092	37979052	CD74;TRAC
5094	37979052	TOP2A
5095	37979052	CAMP
5114	37988404	SOX2
5121	37988404	MMP9
5124	37988404	MKI67
5125	37988404	VSX1
5128	37988404	SOX2;VSX1
5129	37988404	MMP9
5134	37988404	MKI67
5144	37988404	CENPF;MKI67;NUSAP1;TOP2A
5227	37998361	AIF1
5238	37998361	IL1B
5265	38008788	CAMK2A;CHAT
5266	38008788	CAMK2A;CHAT
5267	38008788	CAMK2A
5271	38008788	CAMK2A
5272	38008788	CAMK2A
5273	38008788	CAMK2A
5276	38008788	CAMK2A
5277	38008788	CAMK2A
5286	38008788	CAMK2A;THY1
5289	38008788	CHAT
5307	37802075	APOE;SOX2;VIM
5323	37802075	THY1
5376	38012720	MAF
5418	38012786	MITF
5652	38089586	SOX2
5655	38089586	LHX1;PRKCA
5656	38089586	LHX1;PRKCA
5657	38089586	GRIK1;NRXN1;VSX1
5658	38089586	LHX1
5661	38089586	PRKCA
5662	38089586	CAMP;CENPF
5663	38089586	CAMP
5667	38089586	CAMP;SOX2
5682	38089586	C1QC;CCL3;S100B;SOX2
5706	38089586	SOX2
5710	38089586	LHX1
5718	38089586	PRKCA
5769	38089586	CENPF
5805	38089586	SOX2
5809	38089586	LHX1
5817	38089586	PRKCA
5868	38089586	CENPF
5909	37937828	CAMP
5961	37156914	PRKCA
5963	37156914	MKI67
5993	37156914	DCN
6089	38082266	CX3CR1;IL1B;S100A8;S100A9;TREM2
6094	38082266	S100A9
6104	38092908	ST18;TCF4
6105	38092908	GRIK1;PRKCA
6106	38092908	PRKCA
6122	38092908	APOE;GRIK1;LHX1;TFAP2C;VSX1
6140	38092908	TCF4
6153	38048369	CAMP;KRT4
6183	38048369	DCT
6184	38048369	DES
6187	38048369	DCT
6190	38123561	MMP9
6195	38123561	MKI67;TFAP2C;VSX1
6197	38123561	MMP9
6198	38123561	MMP9
6199	38123561	MMP9
6201	38123561	IL1B;MMP9
6204	38123561	MMP9
6205	38123561	MMP9
6207	38123561	MMP9;SOX2
6209	38123561	MMP9
6210	38123561	MMP9
6211	38123561	IL1B;MMP9
6212	38123561	MMP9
6215	38123561	MMP9
6217	38123561	MMP9
6262	38153753	COL1A1
6268	38153753	COL1A1
6291	38190125	SELL
6310	38190125	VWF
6311	38190125	PDGFRB
6326	37935630	C1QC
6329	37935630	SOX2
6338	37935630	DLL4;TOP2A
6339	37935630	DLL4;IGSF21
6340	37935630	SOX2
6343	37935630	SOX2
6364	38048222	RELN
6368	38048222	SOX2
6591	38214685	ACTA2;C1QL2;CALD1;CCL5;CD163;CD3D;CLDN5;CSF3R;GZMB;RGS5;S100A8;S100A9;TRPM1
6599	38252153	IGF1
6602	38252153	IGF1
6605	38252153	IGF1
6606	38252153	CLDN5;LHX1;S100A8;S100A9
6607	38252153	IGF1
6608	38252153	IGF1
6609	38252153	IGF1
6610	38252153	IGF1
6611	38252153	IGF1
6612	38252153	IGF1
6614	38252153	IGF1;S100A8
6615	38252153	IGF1
6616	38252153	IGF1
6617	38252153	IGF1
6620	38252153	IGF1
6622	38252153	IGF1
6623	38252153	IGF1
6636	38252153	LHX1
6637	38252153	CLDN5
6651	38252153	LHX1
6652	38252153	CLDN5
6688	38289348	APOE
6689	38289348	CX3CR1;GPNMB;P2RY12;TMEM119;VIM
6691	38289348	CX3CR1
6693	38289348	APOE;CX3CR1;TREM2
6694	38289348	TREM2
6695	38289348	TREM2
6696	38289348	TREM2
6697	38289348	AIF1;CX3CR1;LYVE1;TMEM119;TREM2
6699	38289348	TREM2
6700	38289348	TREM2
6701	38289348	CX3CR1;TREM2
6702	38289348	TREM2
6703	38289348	CX3CR1;TREM2
6705	38289348	CX3CR1
6707	38289348	CX3CR1;TREM2
6708	38289348	TREM2
6716	38289348	CX3CR1;TREM2
6718	38289348	TREM2
6719	38289348	TREM2
6721	38289348	AIF1
6722	38289348	TREM2
6724	38289348	TREM2
6729	38101398	SOX2
6731	38101398	MKI67;SOX2
6733	38101398	SOX2
6736	38101398	MKI67;TOP2A
6799	38321224	TMEM119
6807	38321224	TMEM119
6817	38321224	TMEM119
6836	37740641	THY1
6839	37740641	THY1
6840	37740641	THY1
6843	37740641	FN1;VIM
6844	37740641	COL1A1;COL1A2;MMP2;STMN1;VIM
6845	37740641	THY1
6876	38334673	TYRP1
6877	38334673	DCT
6879	38334673	CD36;LCN2
6882	38334673	SOX2
6883	38334673	SOX2
6884	38334673	MITF;SOX2
6885	38334673	SOX2
6886	38334673	MITF
6888	38334673	MITF
6893	38334673	SOX2
6894	38334673	SOX2
6911	38334673	WFDC1
6926	38334673	TYRP1
6941	38334673	WFDC1
6956	38334673	TYRP1
7036	38348116	P2RY12
7037	38348116	P2RY12
7042	38348116	APOE;TREM2
7043	38348116	TREM2
7046	38348116	P2RY12;TMEM119
7058	38348116	P2RY12
7066	38348116	P2RY12
7071	38278154	SOX2
7072	38278154	SOX2
7075	38278154	SOX2
7076	38278154	RELN
7077	38278154	RELN
7078	38278154	RELN
7079	38278154	RELN
7080	38278154	RELN
7081	38278154	SOX2
7083	38278154	RELN
7096	38278154	RELN
7169	38378796	CAMP
7170	38378796	CTSS
7173	38378796	HMOX1;IL1B
7176	38378796	CTSS
7191	38383453	MAF
7193	38383453	GPR143
7197	38383453	SOX2
7205	38383453	MAF
7206	38383453	MAF
7257	38409074	CCL3
7261	38409074	CCL3
7266	38409074	CCL3;CCL4;CCL5
7268	38409074	ICAM1;MMP2
7271	38409074	ICAM1
7288	38414848	ACTA2;APOE;CDH5;CNTN5;CX3CR1;ECSCR;PDGFRB;PECAM1;RGS5;TMEM119;TRPM1
7289	38414848	CCL3;CCL4;CTSS;CX3CR1
7292	38414848	C5AR1;CCL4;FLT1
7299	38414848	C5AR1;CCL4;CD74;CST1;CX3CR1;FLT1
7441	38414051	SLC1A3
7465	38414051	APOE;LCN2;TIMP1
7468	38414051	MKI67;TOP2A;VIM
7469	38414051	APOE
7476	38414051	CAMP
7492	38439910	TRPM1
7505	38363811	SOX2
7506	38363811	CHAT;SOX2
7507	38363811	SOX2
7508	38363811	CHAT;SOX2
7509	38363811	CHAT;SOX2
7510	38363811	SOX2
7511	38363811	SOX2
7512	38363811	SOX2
7513	38363811	SOX2
7514	38363811	SOX2
7515	38363811	SOX2
7516	38363811	SOX2
7517	38363811	SOX2
7518	38363811	CHAT;SOX2
7519	38363811	SOX2
7520	38363811	SOX2
7523	38363811	SOX2
7524	38363811	SOX2
7526	38363811	SOX2
7527	38363811	CHAT;SOX2
7528	38363811	SOX2
7531	38363811	SOX2
7533	38363811	SOX2
7534	38363811	SOX2
7536	38363811	SOX2
7589	38474133	MITF
7648	38510120	KRT19;MITF;MKI67;PMEL;TOP2A;VIM
7649	38510120	VSX1
7650	38510120	PMEL;TYRP1
7651	38510120	DCT
7652	38510120	COL1A1;COL1A2;COL3A1;KRT13;LUM;POSTN;TAGLN
7653	38510120	SLC1A3
7655	38510120	CENPF;MKI67;TOP2A
7656	38510120	DCT;SPP1;VSX1
7658	38510120	SLC1A3;TAL1;VSX1
7659	38510120	VIM
7663	38510120	VIM
7677	38510120	KRT13
7692	38510120	KRT13
7804	38510120	KRT13
7918	38540760	CD36
7928	38542059	SOX2
7930	38542059	SOX2
7933	38542059	SOX2
7961	38542059	SOX2
7973	38542059	SOX2
7981	38552022	DCN;F13A1;FLT1;RGS5
8026	38546584	IL1B
8027	38546584	IL1B
8029	38546584	IL1B
8030	38546584	IL1B
8031	38546584	IL1B
8035	38546584	IL1B
8039	38585235	CCL5;CD74
8040	38585235	CCL5;CD74
8041	38585235	CCL5;CD74
8042	38585235	TMEM119
8043	38585235	CD3D;CD3G;LGMN;MZB1;P2RY12;TMEM119;TREM2
8044	38585235	APOE;CCL5;CD74;FTH1;P2RY12;TMEM119
8045	38585235	APOE;CCL5;CD74
8046	38585235	CCL5;CD74
8047	38585235	CCL5;CD74
8048	38585235	CCL5;CD74;TMEM119
8049	38585235	CCL5;CD74
8050	38585235	CCL5;CD74
8051	38585235	CCL5;CD74
8052	38585235	CD74;TMEM119
8064	38585235	CCL5;CD74;TMEM119
8066	38585235	CCL5
8067	38585235	CCL5
8068	38585235	CD74
8069	38585235	CD74
8078	38596358	CX3CR1;LYVE1
8079	38596358	LYVE1
8080	38596358	CX3CR1
8082	38596358	CX3CR1;LYVE1
8083	38596358	CLDN5;CX3CR1;LHX1;TRPM1;VIM;VWF
8084	38596358	CD4
8086	38596358	CX3CR1
8087	38596358	CX3CR1
8088	38596358	CX3CR1
8089	38596358	CX3CR1;LYVE1
8090	38596358	CX3CR1;LYVE1
8091	38596358	CX3CR1;ICAM1
8092	38596358	CX3CR1;LYVE1
8093	38596358	CX3CR1
8094	38596358	CX3CR1;LYVE1
8095	38596358	LYVE1
8108	38612560	CLEC7A;HLA-DRA;ICAM1
8196	38612560	HLA-DRA
8197	38612560	ICAM1
8200	38612560	CLEC7A
8204	38612560	CCL5
8208	38612560	HLA-DRA
8209	38612560	ICAM1
8212	38612560	CLEC7A
8216	38612560	CCL5
8219	38612560	CLEC7A
8220	38612560	CCL5
8221	38612560	HLA-DQA1
8222	38612560	CD74
8223	38612560	RGS1
8231	38612560	CLEC7A
8232	38612560	CCL5
8233	38612560	HLA-DQA1
8234	38612560	CD74
8235	38612560	RGS1
8281	38623325	TRPM1
8282	38623325	CADM1
8290	38623325	GRIK1
8489	38650003	CD4
8491	38650003	CD4
8557	38670973	COL1A1;COL3A1;DCN;TOP2A
8558	38670973	MITF;PMEL;TYRP1
8559	38670973	APOE;MKI67;SLC1A3;SOX2;TOP2A;VIM
8560	38670973	LHX1;VIM;VSX1
8562	38670973	DCT;MLANA;PAX5;PMEL;SOX2;THY1;TPM2;TYR;TYRP1
8566	38670973	SOX2;TAL1
8569	38670973	LHX1;TRPM1
8571	38670973	NDUFA4L2
8572	38670973	SOX2
8602	38514178	CHAT
8623	38514178	CHAT
8625	38514178	PCDH11X;PTPRK
8626	38514178	PTPRK;TENM3
8627	38514178	DCC;NRXN1;VIP
8634	38514178	TENM3
8635	38514178	TENM3
8636	38514178	DCC;VIP
8637	38514178	TENM3
8655	38698014	CHAT;THY1
8656	38698014	CHAT
8664	38698014	THY1
8672	38698014	THY1
8674	38698014	THY1
8685	38698014	THY1
8693	38698014	CHAT
8696	38698014	THY1
8704	38698014	CHAT
8709	38698014	CHAT
8749	38698014	THY1
8777	38698014	CHAT
8817	38698014	THY1
8845	38657052	CCL3;IL1B
8848	38657052	APOE;CTSD;GPNMB;SPP1;TREM2
8849	38657052	THY1
8853	38657052	DLL4
8866	38504518	SPP1
8868	38504518	SPP1
8871	38504518	CX3CR1;GPR34;HEXB;LYVE1;MS4A7;OLFML3;P2RY12;SALL1;TMEM119
8872	38504518	CD3D;CD3E;CD3G;CD79A;CD79B;CX3CR1;MS4A1;P2RY12;S100A8;S100A9;TMEM119;TRBC2;TREM2
8873	38504518	SPP1;TOP2A
8875	38504518	SPP1
8876	38504518	CX3CR1;FLT1;KDR;SPP1;TMEM119
8877	38504518	SPP1
8878	38504518	SPP1
8879	38504518	SPP1
8880	38504518	SPP1
8881	38504518	SPP1
8882	38504518	SPP1
8883	38504518	SPP1
8884	38504518	SPP1
8885	38504518	APOE;CD14;CTSS;CX3CR1;FN1;HEXB;IL1B;ITGAX;P2RY12;SPP1;TMEM119;TREM2
8886	38504518	CX3CR1;SPP1
8887	38504518	SPP1
8888	38504518	SPP1
8889	38504518	SPP1
8891	38504518	SPP1
8901	38504518	SPP1
8902	38504518	SPP1
8916	38526288	CX3CR1;LUM;RGS5;SOX2;VWF
8917	38526288	B3GAT2;SPP1;STMN1
8918	38526288	CCL4;FCER1G;GPNMB;IL1B;SPP1;VIM
8919	38526288	ACTA2;APOE;COL1A1;COL3A1;DES;ICAM1;MYH11;POSTN;TAGLN;TPM1;TPM2
8922	38526288	S100B
8983	38755602	MPO
8990	38755602	MPO
8992	38755602	MPO
9003	38755602	MPO
9043	38773545	THY1
9053	38773545	THY1
9057	38773545	THY1
9268	38799448	P2RY12;TMEM119
9271	38799448	P2RY12;TMEM119
9275	38799448	APOE;FOLR2;LYVE1;P2RY12;TMEM119
9276	38799448	APOE
9277	38799448	CD3D;CD4;CD79A;CXCR2;IGKC;MRC1;NKG7;P2RY12;TMEM119;TOP2A
9278	38799448	CCL3;CCL4;IRF7;P2RY12;TMEM119
9279	38799448	CCL3;CCL4;CD4;CD74;IL1B;TMEM119
9282	38799448	APOE
9284	38799448	TMEM119
9286	38799448	CD4
9287	38799448	AIF1;CD163;MRC1;MS4A7;P2RY12;TMEM119
9289	38799448	TMEM119
9309	38799448	CD4
9314	38799448	CX3CR1
9335	38799448	CD4
9340	38799448	CX3CR1
9363	38786093	SLC1A3
9382	38786093	MITF
9427	38812536	THY1
9444	38812536	THY1
9560	38705389	TRPM1
9564	38705389	TRPM1
9567	38705389	TRPM1
9580	38705389	GRIK1
9619	38816767	GABRG1
9713	38729157	SOX2
9720	38729157	THY1
9724	38729157	CA3;ROBO1
9740	38729157	THY1
9753	38729157	VIP
9938	38560893	IGF1
9963	38858683	SLC1A3;VIM
9965	38858683	VIM
9973	38858683	FTH1
10093	38938553	IL1B
10102	38938553	VIM
10103	38938553	VIM
10143	38938553	VIM
10144	38938553	VIM
10180	38938553	VIM
10181	38938553	VIM
10195	38947520	MKI67
10197	38947520	MKI67
10199	38947520	VIM
10200	38947520	MKI67
10217	38947520	MKI67
10236	38947520	MKI67
10361	38996013	NOTCH3;SLC1A3
10365	38996013	APOE
10368	38996013	TACR3
10369	38996013	MKI67;TRPM1
10371	38996013	SOX2
10434	39045516	CD74;GRIK1;PECAM1;PTGDS;SLC1A3
10558	38994775	SOX2
10562	38994775	DCT;MITF;TYR
10564	38994775	GRIK1
10793	39056772	MKI67;TYR
10794	39056772	IGF1;KDR
10798	39056772	IGF1;KDR
10966	39018199	TYR
10991	39080269	MMP2
11013	39080269	ACTA2;CD3D;CD79A;NKG7;S100A8;S100A9
11065	38564108	CX3CR1;P2RY12
11066	38564108	APOE;P2RY12;TMEM119;TREM2
11067	38564108	HEXB;P2RY12;TMEM119
11071	38564108	DLL4
11075	38564108	P2RY12;TMEM119
11078	38564108	SPP1
11080	38564108	CX3CR1
11169	39117640	HIF1A;ZFPM2
11173	39117640	MPZ;S100A10
11189	39117640	SLC1A3;SOX2
11229	39117640	ST18
11230	39117640	VSX1
11231	39117640	CUX2
11232	39117640	ZFPM2
11233	39117640	PAX5
11234	39117640	MITF
11236	39117640	ST18
11237	39117640	VSX1
11238	39117640	CUX2
11239	39117640	ZFPM2
11240	39117640	PAX5
11241	39117640	MITF
11267	39117640	COL1A1;LUM
11268	39117640	COL1A1;LUM;S100A10
11270	39117640	DCC
11271	39117640	DCC
11272	39117640	DCC
11276	39117640	COL1A1;LUM
11277	39117640	COL1A1;LUM;S100A10
11279	39117640	DCC
11280	39117640	DCC
11281	39117640	DCC
11286	39125582	CD9
11295	39125582	CD9
11308	39121095	MITF
11310	39121095	MITF
11312	39121095	MITF
11313	39121095	MITF
11323	38742929	TYR
11327	38742929	AIF1;C1QC
11328	38742929	MKI67
11329	38742929	TCF4
11343	38742929	LUM
11367	39012348	MKI67
11371	39012348	CD14
11378	39169121	MFRP
11387	39169121	ANXA1;C1QC;SERPINA1
11395	39169121	AIF1;PRKCA;S100B;TMEM119
11406	39169121	C1QC;SERPINA1
11408	39169121	ANXA1
11409	39169121	SERPINA1
11410	39169121	ANXA1
11415	39169121	C1QC;SERPINA1
11417	39169121	ANXA1
11418	39169121	SERPINA1
11419	39169121	ANXA1
11449	39196935	THY1
11459	39196935	CA3
11475	39198470	PRKCA;SLC1A3;TRPM1
11476	39198470	CD14;CD3D;CD4;CSF3R;FN1;GZMB;P2RY12;S100A8;TCF4;TMEM119
11477	39198470	IRF8
11478	39198470	CD4;CD74;ICAM1;VCAM1
11479	39198470	CD4
11480	39198470	CD4
11481	39198470	CD4;MGP;VCAM1;VIM
11482	39198470	CD4;MGP;SPP1;VCAM1;VIM
11483	39198470	CXCR2
11484	39198470	CD4
11502	39007397	SOX2
11503	39007397	SOX2;VSX1
11505	39007397	SOX2;TYR;XBP1
11506	39007397	MMP9;SOX2
11507	39007397	SOX2;VSX1
11509	39007397	LEPR;SOX2
11510	39007397	SOX2
11511	39007397	SOX2
11539	38964324	CTSD
11542	38964324	CTSD
11543	38964324	CTSD
11544	38964324	CTSD
11562	39271703	SOX2
11628	39273559	CSF3R
11645	39273559	CSF3R
11719	39260891	PRKCA
11727	39260891	PRKCA
11814	39318470	PECAM1
11818	39318470	CD3E
11975	39298490	CX3CR1
11981	39298490	CX3CR1
11983	39298490	CX3CR1
12009	39356769	CD74;CTSS;ITGAX;TIMP1
12025	39356769	DES
12037	39356769	DES
12044	39316084	LYVE1
12105	39394614	LAMA3
12125	39207852	CD14
12126	39207852	TMEM119
12127	39207852	CX3CR1;TMEM119
12128	39207852	AIF1;MRC1;P2RY12;TMEM119
12129	39207852	AIF1;FCER1A;FLT3;GPNMB;MRC1;P2RY12;TMEM119
12130	39207852	C5AR1;CCL3;CCL4;GPR143;TMEM119
12133	39207852	CD163
12137	39207852	TMEM119
12206	38639863	CAMP
12210	38639863	BIRC5
12242	38639863	BIRC5
12326	38639863	BIRC5
12390	39446806	SOX2
12399	39446806	TFAP2C
12400	39446806	DCT;MITF;TRPM1
12402	39446806	DCT
12405	39446806	DCT;SOX2
12407	39446806	SOX2
12408	39446806	DCT
12446	39451224	CDH2
12483	39446354	SOX2
12492	39446354	SOX2
12493	39446354	SOX2
12497	39446354	SOX2
12501	39446354	SOX2
12588	39466230	BIRC5;CD14;CD3D;CD3E;CD3G;CD79A;CLEC9A;FLT3;FN1;GZMB;IL1B;IL3RA;S100A8;S100A9;XCR1;ZBTB46
12589	39466230	CCL5;CD4;GZMB;IL7R;NKG7
12590	39466230	C1QC;CCL5;CD14;CD163;CD3D;CD3E;CD3G;CD4;CD74;CD79A;CLEC10A;FLT3;FN1;IL7R;LYVE1;MRC1;MS4A7;NKG7;PRF1;STAB1
12591	39466230	AIF1;APOE;CD74
12592	39466230	CD36;CSF3R;CXCR2;FN1;IL1B;MRC1;S100A8;S100A9
12593	39466230	BANK1;CCL5;CD69;CD79A;CD79B;GZMB;IGKC;IL7R;ITGA1;KLRD1;MS4A1;NKG7
12595	39466230	CD14;CD4;CD74;FLT3;HLA-DPA1;HLA-DPB1;HLA-DRA;HLA-DRB1;IL7R;NKG7;S100A8;S100A9
12596	39466230	CD163
12598	39466230	CD69
12599	39466230	CD74
12767	39506758	MMP2;MMP9
12769	39506758	MMP2;MMP9
12821	39534499	DPT
12827	39534499	TFAP2C
12828	39534499	MAF
12831	39534499	TFAP2C
12832	39534499	DACH2
12929	39569377	PCDH11X
12939	39569377	THY1
13036	39565860	AIF1;CD74
13068	39574940	CA10;MEGF11;SPP1
13071	39574940	CA10;CX3CR1;GRIK1;GRM8;NETO1;THY1;TRPM1
13073	39574940	CADM1
13075	39574940	CA10;GRIK1;NETO1;TRPM1
13077	39574940	CHAT;MEGF11;RELN;SLC6A1;TCF4
13078	39574940	ROBO1;SPP1;THY1
13079	39574940	LHX1;MEGF11
13080	39574940	AIF1;CX3CR1
13081	39574940	RELN;VIP
13083	39574940	IGF1;NTNG1
13086	39574940	CA10;CHAT;MEGF11;NETO1
13087	39574940	ROBO1;SPP1
13132	39572588	SLC1A3
13139	39572588	DES
13191	39514271	P2RY12;TMEM119
13197	39514271	AIF1;CTSS;CX3CR1;GPR34;P2RY12;TREM2
13198	39514271	IL1B
13199	39514271	IL1B
13202	39514271	P2RY12
13204	39514271	IL1B;P2RY12
13206	39514271	TMEM119
13208	39514271	SOX2
13210	39514271	P2RY12
13211	39514271	CCL3;CCL4;IL1B
13214	39514271	CX3CR1;P2RY12;TMEM119;TREM2
13235	39514271	TMEM119
13239	39514271	CX3CR1
13243	39514271	TMEM119
13247	39514271	TREM2
13256	39514271	P2RY12
13257	39514271	P2RY12
13357	39514271	TMEM119
13361	39514271	CX3CR1
13365	39514271	TMEM119
13369	39514271	TREM2
13378	39514271	P2RY12
13379	39514271	P2RY12
13474	39592612	SOX2
13486	39592612	GRIK1;NETO1;S100B;SOX2;TMEM215;VSX1
13527	39389360	CAMP
13547	39389360	APOE;VIM
13548	39389360	VIM
13549	39389360	H2AFZ
13552	39389360	CAMP
13553	39389360	CAMP
13556	39389360	APOE;VIM
13560	39389360	CAMP
13609	39616175	ANXA1
13610	39616175	SPP1
13612	39616175	CCL4;ICAM1;IL1B
13617	39616175	THY1
13648	39633708	IL1B;MMP9
13679	39633708	IL1B
13684	39633708	MMP9
13699	39633708	IL1B
13704	39633708	MMP9
13761	39495936	CHAT;SOX2
13762	39495936	CHAT
13763	39495936	CHAT
13764	39495936	CHAT
13765	39495936	CHAT
13778	39495936	CNTN5
13779	39495936	CHAT;SOX2
13780	39495936	CHAT
13782	39495936	CHAT
13786	39495936	CHAT
13788	39495936	CHAT
13789	39495936	CHAT
13798	38467611	ANXA1
13799	38467611	ANXA1;CADM1;LAMA2;SLC1A3;TNC
13800	38467611	ANXA1;SPP1
13801	38467611	FGF13;FN1
13805	38467611	SPP1
13823	38467611	ANXA1;SLC1A3;SPP1
13852	39695101	THY1
13862	39695101	CAMP
13893	39703720	SOX2
13905	39374262	VIM
13940	39448874	IGF1
13942	39448874	MMP9
13943	39448874	DLL4;NOTCH3
13950	39448874	MMP2;MMP9
13960	39448874	TOP2A
13961	39448874	IGF1
13962	39448874	NOTCH3
13972	39693351	CLDN5;CTHRC1
13973	39693351	PLVAP
13974	39693351	PLVAP
13975	39693351	CLDN5
13976	39693351	CLDN5;PLVAP
13978	39693351	PLVAP
13979	39693351	CTHRC1
13980	39693351	CLDN5;CTHRC1;PLVAP
13982	39693351	PLVAP
14002	39734536	MITF
14010	39734536	MMP2
14014	39734536	APOE;CD36
14020	39734536	APOE
14046	39765914	IL1B;XBP1
14053	39765914	IL1B
14096	39728690	SERPINF1
14097	39728690	PLXDC1
14109	39728690	CX3CR1
14112	39728690	PLXDC1
14131	39734233	THY1
14141	39734233	THY1
14142	39734233	THY1
14145	39734233	CCL3;CD163;CD69
14147	39734233	CAMP
14165	39737973	MAF
14166	39737973	GRIK1;GRIK2;GRM8;PRKCA;TRPM1
14167	39737973	PRKCA
14169	39737973	CHAT;LHX1
14171	39737973	CHAT;SOX2
14172	39737973	TNR
14179	39737973	PRKCA
14181	39737973	GRIK1;GRIK2;GRM8;TENM3;TRPM1
14280	39759766	MFRP;PRSS56
14303	39503290	CTSS
14331	39790557	CDH5
14337	39790557	CXCR2;ICAM1
14338	39790557	ICAM1
14345	39790557	CDH5
14349	39790557	PECAM1
14376	39790557	ICAM1
14390	39790557	ICAM1
14399	39790557	PECAM1
14470	39790557	CDH5
14502	39790557	PECAM1
14573	39790557	CDH5
14644	39804630	CCL3;CCL4;IL1B
14656	39804630	CD74;SOX2
14658	39804630	IL1B
14678	39833899	DCN
14692	39833899	TMEM119;VWF
14707	39833899	AIF1;PECAM1;TMEM119;VWF
14718	39823300	SOX2
15071	39422807	THY1
15072	39422807	THY1
15073	39422807	THY1
15075	39422807	THY1
15103	39422807	THY1
15104	39422807	THY1
15105	39422807	THY1
15107	39422807	THY1
15234	39888634	CX3CR1;LHX1;PECAM1;THY1;VIM
15246	39908128	SPP1
15247	39908128	SPP1
15248	39908128	SPP1
15249	39908128	SPP1
15251	39908128	SPP1
15258	39908128	SPP1
15260	39908128	SPP1
15261	39908128	SPP1
15265	39908128	SPP1
15276	39908128	SPP1
15300	39920165	VSX1
15301	39920165	MKI67
15407	39930455	TMEM119
15410	39930455	CD74;LCN2;TIMP1
15413	39930455	TMEM119
15414	39930455	CD4
15416	39930455	CD4;IRF8
15428	39540305	VSX1
15429	39540305	VSX1
15442	39540305	VSX1
15446	39540305	VSX1
15453	39946136	CDH5
15455	39946136	CDH5
15458	39946136	CDH5
15467	39946136	CDH5
15534	39779923	SOX2
15550	39971915	IGF1
15558	39971915	IGF1
15560	39971915	MAF
15565	39971915	IGF1
15570	39971915	MAF
15575	39971915	IGF1
15576	39971915	IGF1
15577	39971915	MAF
15632	40016767	CX3CR1;P2RY12;TMEM119
15641	40016767	CX3CR1;P2RY12;TMEM119
15645	40016767	CCL3;CCL4;CD9;IL1B;ITGAX;P2RY12;SPP1;STMN1;TOP2A
15647	40016767	TMEM119
15650	40016767	CCL3
15668	40025497	IRF7
15695	40025497	HEXB;OLFML3;P2RY12;TMEM119;TREM2
15699	40025497	APOE;CD74;FN1;SPP1
15701	40025497	SPP1
15703	40025497	IRF7
15707	40025497	SPP1;TREM2
15721	40055379	SOX2
15726	40055379	SOX2
15849	40082403	CHAT
15867	40082403	VIP
15901	39916387	CD74
15911	39916387	CCL4;GRIK1;THY1;TOP2A;TRPM1;VIM;VSX1
15914	39916387	SOX2
15916	39916387	CD74
15917	39916387	CD74
15922	39916387	SOX2
15924	39916387	PRKCA
15927	39916387	ITGA1;NRXN1
15945	39916387	SOX2
15955	39916387	SOX2
15965	40133314	SOX2
15968	40133314	SOX2
15970	40133314	SOX2
15978	40133314	SLC1A3
15981	40133314	SOX2
15982	40133314	SOX2
16017	40137771	LHX1;MKI67;PRKCA
16019	40137771	MKI67
16020	40137771	CD4
16034	40137771	MKI67
16039	40137771	LHX1
16041	40137771	PRKCA
16052	40137771	MKI67
16057	40137771	LHX1
16059	40137771	PRKCA
16075	40137771	LHX1
16076	40137771	MKI67
16079	40137771	PRKCA
16097	40137771	LHX1
16098	40137771	MKI67
16101	40137771	PRKCA
16126	40137771	LHX1
16127	40137771	MKI67
16130	40137771	PRKCA
16155	40137771	LHX1
16156	40137771	MKI67
16159	40137771	PRKCA
16179	40140485	NETO1;SOX2
16180	40140485	VSX1
16210	40178080	VIM
16226	40178080	SOX2
16254	38934409	CD79A;LCK;LYZ
16255	38934409	NOTCH3
16257	38934409	PDGFRB;SOX2
16258	38934409	IL1B;MKI67;P2RY12
16259	38934409	IL1B;MMP9
16278	38934409	IL1B
16303	38934409	IL1B
16345	40206798	CD9
16362	40231248	MITF;SOX2
16409	40116022	AIF1;APOE;C1QL2;CD163;CDH5;LHX1;RGS5;TMEM119;TMEM215;TRPM1
16432	40247316	APOE
16435	40247316	VIP
16438	40247316	DGKB
16446	40247316	TMEM119
16452	40247316	VIP
16472	40227169	VCAN
16482	40227169	TMEM132D
16485	40227169	APOE
16616	40274966	ICAM1
16668	40266594	IL1B
16669	40266594	IL1B
16685	40266594	IL1B
16708	40266594	IL1B
16741	40331961	APOE
16762	40331961	MMP2;MMP9
16764	40331961	APOE
16769	40331961	MMP2;MMP9
16771	40331961	APOE
16850	40308558	MMP9
16852	40308558	MMP9
16853	40308558	MMP9
16855	40308558	MMP9
16857	40308558	MMP9;SOX2
16858	40308558	MMP9
16859	40308558	MMP9
16962	40233131	MITF
16964	40233131	MITF
16969	40233131	CDH2;CTSD;DCT;LUM;MGP;PMEL;RAMP2;SLC24A5;TYRP1
16971	40233131	MITF
16973	40233131	MFRP
16974	40233131	PMEL;TYRP1
16975	40233131	MITF
16979	40233131	VIP
16991	40343286	SOX2
16992	40343286	SOX2
16994	40343286	APOE
16995	40343286	SOX2
16997	40343286	SOX2
16998	40343286	SOX2
17000	40343286	SOX2
17001	40343286	SOX2
17009	40343286	SOX2
17021	40343286	SOX2
17029	40343286	SOX2
17076	40343286	SOX2
17124	40054472	SOX2
17125	40054472	CA10;NETO1
17183	40419664	APOE
17184	40419664	CAMP
17197	40419664	AIF1
17199	40419664	CAMP;PMEL;PTGDS;S100A8;TYR;TYRP1
17200	40419664	CAMP
17272	40425564	PRKCA;TYR
17464	40239758	CD36
17497	40239758	CD36
17870	40526494	TCF4
17874	40526494	HIF1A;SLC1A3
17875	40526494	SOX2
17877	40526494	SOX2
17895	40538981	SOX2
17905	40538981	THY1
17906	40538981	SOX2
17907	40538981	SOX2
17918	40499265	MAF
17935	40499265	MAF
17991	40531615	RELN
17994	40531615	RELN
18012	40531615	MCC
18016	40531615	RELN
18017	40531615	RELN
18018	40531615	RELN
18022	40531615	ZNF804A
18023	40531615	CACNA1C
18025	40531615	RELN;SOX2
18026	40531615	SOX2
18027	40531615	RELN
18028	40531615	RELN
18029	40531615	ZNF804A
18030	40531615	RELN
18052	40531615	MCC
18061	40531615	MCC
18206	40531615	RELN
18226	40531615	RELN
18245	40531615	ZNF804A
18254	40531615	CACNA1C
18255	40531615	CACNA1C
18270	40531615	ZNF804A
18279	40531615	CACNA1C
18280	40531615	CACNA1C
18350	40558514	TRPM1
18351	40558514	THY1
18355	40558514	VSX1
18365	40558514	TRPM1
18366	40558514	THY1
18370	40558514	VSX1
18379	40558514	THY1;TRPM1;VSX1
18381	40558514	THY1;TRPM1;VSX1
18383	40558514	TRPM1;VSX1
18384	40558514	THY1
18388	40558514	TRPM1;VSX1
18389	40558514	THY1
18400	40598610	COL1A1
18401	40598610	MMP2
18407	40598610	COL1A1;MMP2
18408	40598610	COL1A1;MMP2
18410	40598610	COL1A1;MMP2
18414	40598610	COL1A1;MMP2
18416	40598610	COL1A1;MMP2
18417	40598610	COL1A1;MMP2
18419	40598610	COL1A1;MMP2
18420	40598610	MMP2
18479	40655949	VIP
18480	40655949	VIP
18488	40655949	MMP9
18489	40655949	CX3CR1
18520	40643481	AIF1
18522	40643481	AIF1
18563	40660409	CD3D;CD69;CD74;LHX1;NETO1;TNR
18568	40660409	PRKCA
18571	40660409	CDH2
18574	40660409	CD3D;CD69;CD74;LHX1
18625	40668916	APOE;SPP1
18626	40668916	APOE
18635	40668916	IL1B;S100A8;SPP1
18776	40722628	SOX2
18780	40722628	MITF
18781	40722628	SOX2
18793	40722628	MMP9
18794	40722628	MMP9
18802	40722628	SOX2
18805	40722628	SOX2
18807	40722628	MMP9
18932	40663603	THY1
18992	39340587	TYR
18998	39340587	HEXB;IGF1;IL1B
19010	39340587	P2RY12
19015	39340587	HEXB;IL1B
19017	39340587	P2RY12
19021	39340587	TYR
19023	39340587	TYR
19029	39340587	P2RY12
19079	39340587	P2RY12
19169	39953740	CD79A
19170	39953740	CD4
19172	39953740	CD4
19173	39953740	CD4;CD69
19184	39953740	CD4;CD69
19186	39953740	FTH1
19187	39953740	C1QC
19188	39953740	CD4
19189	39953740	CD4
19190	39953740	C1QC
19215	40374315	CX3CR1
19217	40374315	AIF1;CDH5;PECAM1;S100B;SLC1A3;TM4SF1;TMEM119;TREM2
19219	40374315	CX3CR1
19220	40374315	APOE;CD74;MS4A7
19221	40374315	CX3CR1;DOCK10
19223	40374315	CX3CR1
19225	40374315	CX3CR1
19226	40374315	CX3CR1
19227	40374315	DOCK10
19294	40448612	ANXA1;IGF1
19297	40448612	CX3CR1
19299	40448612	CDH5
19300	40448612	IGF1;MMP9
19307	40448612	IGF1
19314	40448612	CX3CR1
19337	40868180	BIRC5
19354	40868180	BIRC5
19355	40868180	BIRC5;TAL1
19376	40758714	LHX1;SLC1A3
19413	40918114	CD4
19418	40918114	CD4
19421	40918114	CD4
19424	40918114	CD4
19427	40918114	CD4
19434	40918114	CD4
19438	40918114	CD4;CD74;IL1B
19440	40918114	CD4
19463	40918114	IL1B
19477	40918114	IL1B
19484	40918114	LCN2
19486	40918114	JCHAIN
19505	40918114	LCN2
19507	40918114	JCHAIN
19566	40653679	CAMP;GNLY
19579	40653679	CAMP;GNLY
19580	40653679	CAMP;GNLY
19581	40653679	CAMP;GNLY
19585	40653679	CAMP;GNLY;LYZ
19586	40653679	CAMP
19596	40653679	GNLY
19602	40653679	CAMP
19622	40653679	CAMP
19635	40653679	GNLY
19641	40653679	CAMP
19661	40653679	CAMP
19677	40653679	GNLY
19686	40653679	GNLY
19755	40706588	CA10
19782	40706588	SOX2
19951	40882639	ITGA1
19956	40882639	ITGA1
19961	40882639	CD74;CX3CR1
19985	40965436	THY1
19987	40965436	THY1
19998	40965436	THY1
19999	40965436	THY1
20026	40994539	C5AR1
20029	40994539	C5AR1
20033	40994539	C1R
20052	40994539	AIF1;CD163;CD1C;CD2;CD3D;FCER1A;IL7R;KLRD1;MKI67;NKG7;P2RY12;TMEM119;TOP2A
20054	40994539	C5AR1;FLT1
20058	40994539	C5AR1
20059	40994539	CX3CR1
20060	40994539	C5AR1
20087	40971959	FAM107B
20098	40971959	SOX2
20109	40971959	VSX1
20122	41007615	CD163;CD74;IL1B;MRC1
20139	41007615	CD4
20142	41007615	AIF1;CD163;CD74;CX3CR1;IL1B;MRC1;P2RY12;TMEM119
20144	41007615	P2RY12;TMEM119
20145	41007615	CD163;CD74;IL1B;MRC1
20146	41007615	CCL5;CD74
20173	41010033	IGF1
20174	41010033	NOTCH3
20209	41010033	IGF1
20211	41010033	NOTCH3
20237	41010033	IGF1
20239	41010033	NOTCH3
20509	41028711	CHAT
20532	40858363	CD74;CX3CR1;HLA-DPA1;HLA-DPB1;HLA-DRA;P2RY12
20539	40858363	APOE
20562	40999978	P2RY12;SPP1;TMEM119
20709	40905097	SOX2
20710	40905097	LHX1
20712	40905097	SOX2
20715	40905097	APOE
20735	41104017	CDH5
20736	41104017	CDH5
20750	41104017	CDH5
20756	41104017	DLL4
20812	41088409	APOE
20815	41088409	APOE
20818	41088409	S100B
20820	41088409	CAMP
20847	41088409	SOX2
20856	41088409	SOX2
20861	41088409	SPP1
20862	41088409	SPP1
20863	41088409	SPP1
20870	41088409	CCL5
20879	41088409	CAMP
20886	41088409	SPP1
20887	41088409	SPP1
20888	41088409	SPP1
20895	41088409	CCL5
20904	41088409	CAMP
20937	41088409	APOE
20946	41088409	APOE
20995	41146204	IRF7
21006	41146204	AIF1;CX3CR1;P2RY12
21071	41152974	SOX2
21073	41152974	MKI67;SOX2
21074	41152974	CA10;GRIK1;MKI67;SOX2;VSX1
21075	41152974	GPR179
21076	41152974	VSX1
21077	41152974	CD4;FCGR1A;ICAM1;ITGA1;KDR;THY1;VCAM1
21079	41152974	THY1
21080	41152974	ICAM1
21116	41170746	CAMP
21191	41190718	KRT13;KRT19;KRT4;MKI67;TOP2A
21203	41210974	MKI67
21204	41210974	MKI67
21205	41210974	ROBO1
21207	41210974	ROBO1
21208	41210974	ROBO1
21384	41196411	PLVAP
21385	41196411	PLVAP
21389	41196411	PLVAP
21392	41196411	PLVAP
21395	41196411	PLVAP
21396	41196411	PLVAP
21397	41196411	PLVAP
21404	41244583	SOX2
21405	41244583	SOX2
21406	41244583	SOX2
21407	41244583	MKI67;SLC1A3
21408	41244583	TMEM215;VSX1
21409	41244583	SOX2
21410	41244583	SOX2
21415	41244583	PRKCA;TRPM1
21417	41244583	SLC6A1
21418	41244583	CHAT
21421	41244583	SOX2
21425	41244583	SOX2
21429	41244583	SOX2
21430	41244583	CHAT;SOX2
21440	41244583	CHAT;SOX2
21473	41244583	SOX2
21480	41244583	CHAT
21591	41244583	SOX2
21598	41244583	CHAT
21702	41230906	PRRX1
21703	41230906	PRRX1
21704	41230906	PRRX1
21705	41230906	PRRX1
21706	41230906	PRRX1
21709	41230906	PRRX1
21712	41230906	PDGFRB
21713	41230906	PRRX1
21715	41230906	PRRX1
21717	41230906	PRRX1
21719	41230906	PRRX1
21720	41230906	COL1A1
21722	41230906	ACTA2;FN1;PRRX1;TAGLN;TOP2A
21723	41230906	FN1;HIF1A;MKI67;PDGFRB;POSTN;PRRX1;TOP2A
21724	41230906	MKI67;MYL9;PDGFRB;POSTN;PRRX1;RGS5;TAGLN;TOP2A
21725	41230906	ACTA2;CLDN5;COL1A1;MYH11;PRRX1;TAGLN;THY1
21726	41230906	COL1A1;PRRX1
21727	41230906	PRRX1
21728	41230906	PRRX1
21754	41254671	MAF
21779	40884260	TNC
21831	41266494	GABRR1;GABRR2;GPR179;PRKCA
21832	41266494	PRKCA
21833	41266494	GABRR1;GABRR2
21844	41266494	PRKCA
21850	41301488	CAMP
21851	41301488	CAMP
21852	41301488	CAMP
21870	41301488	CAMP
21877	41301488	CAMP
21969	41342897	THY1
21970	41342897	THY1
21972	41342897	APOE
21983	41342897	THY1
22013	41325489	MAF
22276	41317324	SOX2
22545	41403938	CD4
22547	41403938	CD4
22552	41403938	CD4
22645	41427445	CX3CR1
22669	41427445	CX3CR1
22689	41427445	CX3CR1
22724	41424614	MITF;TYR
22730	41424614	IGF1;VIP
22739	41424614	MITF;TYR
22746	41424614	IGF1;VIP
22757	41424614	IGF1;VIP
22775	41533933	THY1
22782	41533933	THY1
22787	41533933	CAMP
22794	41390488	CAMP
22818	41390488	TOP2A
22851	41467179	IGF1
22852	41467179	MITF
22855	41467179	SOX2
22856	41467179	SOX2
22865	41467179	SOX2
22877	41467179	SOX2
22898	41467179	SOX2
22904	41467179	SOX2
22921	41467179	SOX2
23017	41467179	SOX2
23113	41270749	SOX2
23117	41270749	SALL1
23120	41270749	SALL1
23141	41423516	DLL4;NOTCH3
23158	41423516	MMP2;MMP9
23159	41423516	DLL4;NOTCH3
23164	41423516	DLL4
23165	41423516	DLL4
23200	41272236	SOX2
23209	41272236	SOX2
23220	41477839	MITF;SLC24A5
23224	41477839	DCT;MAF;TYR;TYRP1
23228	41477839	LAMA2;TYR
23229	41477839	TYR
23230	41477839	LAMA2
23240	41477839	MAF
23267	41477839	LAMA2
23276	41477839	TYRP1
23281	41477839	TYR
23285	41477839	DCT
23291	41477839	RASGRF1
23296	41477839	TCF4
23310	41477839	LAMA2
23319	41477839	TYRP1
23324	41477839	TYR
23328	41477839	DCT
23334	41477839	RASGRF1
23339	41477839	TCF4
23403	41389328	CCL5
23409	41389328	CCL5
23499	41389328	CCL5
23579	41389328	CCL5
23675	41455767	CD74
23689	41455767	CCL3;CCL4
23690	41455767	APOE;CD74
23691	41455767	SLC1A3
23692	41455767	CCL3;CCL4
23694	41455767	APOE;CD74
23696	41455767	CD74
23697	41455767	CD74
23729	41339603	CHAT
23736	41339603	CHAT
23745	41339603	CHAT
23756	41516321	HMOX1
23759	41516321	SALL1
23855	41331083	MKI67
23866	41381741	VIP
23872	41381741	VIP
23875	41381741	SOX2;VIP
23876	41381741	VIP
23877	41381741	VIP
23879	41381741	VIP
23880	41381741	VIP
23882	41381741	VIP
23884	41381741	VIP
23891	41381741	VIP
23902	41366246	MITF;PMEL;SOX2;TYR
23904	41366246	MITF
23906	41366246	FN1;ITGA11;MLANA;PMEL;SLC24A5;SOX2;TYR
23908	41366246	MKI67;TOP2A
23909	41366246	MCC;SOX2
23911	41366246	MITF
23912	41366246	DES;FN1;MITF;TYR
23913	41366246	MITF
23916	41366246	SOX2
23964	41366246	MCC
23981	41535675	MKI67
23985	41535675	MKI67;TOP2A
24119	41562588	SOX2
24122	41562588	MKI67
24131	41562588	NOTCH3
24134	41562588	NOTCH3
24140	41562588	MKI67;VSX1
24280	41576160	LRRN3
24310	41577708	PECAM1
24318	41577708	PECAM1
24358	41594869	FLT1
24360	41594869	HMOX1
24417	41595581	SOX2
24424	41595581	APOE;PRKCA;S100B;SLC1A3;SOX2;THY1;TRPM1;VIM
24427	41595581	S100B
24429	41595581	SLC1A3;VIM
24430	41595581	S100B
24431	41595581	TRPM1
24437	41190783	LEPR
24455	41190783	LEPR
24543	41252217	TYR
24547	41252217	TYR
24548	41252217	THY1;TYR
24559	41252217	THY1
24569	41535549	CX3CR1
24570	41535549	CX3CR1
24571	41535549	CX3CR1
24572	41535549	CX3CR1
24573	41535549	CX3CR1
24574	41535549	CX3CR1
24579	41535549	CX3CR1
24580	41535549	CX3CR1
24581	41535549	CX3CR1
24582	41535549	CCL3;CCL4;CX3CR1
24583	41535549	CX3CR1
24584	41535549	CX3CR1
24587	41535549	CX3CR1
24591	41535549	CX3CR1
24592	41535549	CCL3;CCL4;CX3CR1
24595	41535549	CX3CR1
24599	41535549	CX3CR1;IL1B
24600	41535549	CD14;CX3CR1;IL1B
24601	41535549	CX3CR1
24602	41535549	CX3CR1
24603	41535549	CX3CR1
24604	41535549	CX3CR1;S100A10
24605	41535549	CX3CR1
24606	41535549	CX3CR1
24607	41535549	CX3CR1
24609	41535549	CCL3;CCL4;CX3CR1
24610	41535549	CCL3;CCL4
24611	41535549	CD74;CX3CR1;P2RY12;TMEM119
24612	41535549	CX3CR1
24613	41535549	CCL3;CCL4;CD74;CX3CR1
24614	41535549	CX3CR1;FTH1;P2RY12;S100B;TMEM119
24615	41535549	CX3CR1;FTH1
24616	41535549	CCL3;CCL4;CX3CR1
24617	41535549	CX3CR1;IL1B
24618	41535549	CX3CR1
24619	41535549	CX3CR1
24620	41535549	CX3CR1
24621	41535549	CX3CR1
24637	41657893	DPT
24641	41657893	DPT
24644	41657893	DPT
24645	41657893	CAMP
24646	41657893	DPT
24684	41649260	LHX1
24717	41649260	LHX1
24783	41649260	LHX1
24844	41632798	MAF;TYR
24845	41632798	MAF
24850	41632798	MITF
24851	41632798	MITF
24855	41632798	MITF
24856	41632798	MITF
24865	41632798	MAF
24869	41632798	MITF
24910	41684508	FTH1;HLA-DRA
24912	41684508	S100A10
24914	41684508	FTH1;FTL
24916	41684508	HLA-DRA;MITF;TCF4;XBP1
24985	41684508	HLA-DRA
24990	41684508	FTH1;FTL
24994	41684508	HLA-DRA
24999	41684508	FTH1;FTL
25094	41361249	THY1
25096	41361249	THY1
25098	41361249	THY1
25103	41361249	THY1
25104	41361249	THY1
25105	41361249	THY1
25109	41361249	DCC;SPP1;THY1
25110	41361249	SPP1
25138	41361249	THY1
25148	41361249	THY1
25152	41361249	THY1
25153	41361249	THY1
25154	41361249	THY1
25157	41361249	THY1
25161	41361249	THY1
25168	41361249	THY1
25169	41361249	THY1
25170	41361249	THY1
25173	41361249	THY1
25177	41361249	THY1
25185	41361249	SPP1
25186	41361249	SPP1
25187	41361249	SPP1
25190	41361249	SPP1
25191	41361249	SPP1
25192	41361249	SPP1
25203	41560519	P2RY12
25208	41560519	HIF1A
25237	41717290	DLL4;KDR;MKI67
25238	41717290	DLL4;FLT1
25240	41717290	CLDN5
25241	41717290	CLDN5
25242	41717290	FLT1;KDR;PECAM1
25243	41717290	FLT1;KDR;PECAM1
25245	41717290	FLT1;IRF7;KDR
25246	41717290	KDR
25247	41717290	FLT1
25249	41717290	FLT1;KDR
25253	41717290	COL3A1;DLL4;FLT1;ICAM1;IRF7;KDR;LUM;MKI67;MMP2;OLR1;POSTN;SPP1;TIMP1;VCAN
25266	41717290	ICAM1;IRF7
25267	41717290	FLT1;KDR;MMP2
25268	41717290	COL3A1;LUM;OLR1;POSTN;SPP1;TIMP1;VCAN
25269	41717290	DLL4;MKI67
25271	41717290	ICAM1;IRF7
25272	41717290	FLT1;KDR;MMP2
25273	41717290	COL3A1;LUM;OLR1;POSTN;SPP1;TIMP1;VCAN
25274	41717290	DLL4;MKI67
25290	41706861	THY1
25395	41593663	CNTN5
25403	41593663	GRIK1
25404	41593663	GRIK1
25405	41629618	LCN2;TIMP1
25409	41629618	LCN2;TIMP1
25412	41629618	LCN2;MCC;TIMP1
25416	41629618	LCN2;TIMP1
25417	41629618	TIMP1
25418	41629618	LCN2
25419	41629618	LCN2;TIMP1
25423	41629618	MCC
25428	41629618	CX3CR1;SLC1A3;VSX1;VWF
25442	41629618	TIMP1
25444	41629618	LCN2
25451	41629618	TIMP1
25453	41629618	LCN2
25473	41743907	THY1
25479	41743907	THY1
25560	41744788	CTSD
25567	41744788	CTSD
25569	41744788	APOE
25625	41744788	APOE
25630	41744788	CTSD
25676	41744788	TREM2
25684	41744788	APOE
25689	41744788	CTSD
25735	41744788	TREM2
25775	41789631	PLVAP
25782	41789631	PLVAP
25796	41777802	SPP1
25806	41777802	CHAT
25811	41777802	SPP1
25819	41777802	IGF1;THY1
25821	41777802	IGF1
25822	41777802	THY1
25852	41777802	SPP1;THY1
25853	41777802	SPP1;THY1
25860	41777802	SPP1
25864	41777802	SPP1;THY1
25865	41777802	SPP1;THY1
25872	41777802	SPP1
25876	41528844	ACTA2;BANK1;F13A1;FLT1;SCN7A;TYR
25877	41528844	WFDC1
25880	41528844	APOE
25884	41528844	MMP9
25912	41528844	DCC
26077	41816091	APOE;RELN
26078	41816091	APOE;RELN
26080	41816091	APOE;RELN
26146	41816091	APOE
26150	41816091	RELN
26157	41816091	APOE
26161	41816091	RELN
26189	41816091	APOE
26197	41816091	RELN
26210	41816091	APOE
26218	41816091	RELN
26229	41691075	MMP9;VIM
26233	41691075	C1QC;P2RY12
26236	41691075	MMP9;VIM
26238	41691075	P2RY12
26239	41691075	APOE;P2RY12;TMEM119
26247	41691075	VIM
26287	41691075	VIM
26288	41691075	VIM
26306	41691075	VIM
26307	41691075	VIM
26319	41849358	SOX2
26326	41849358	VIM
26331	41849358	TCF4
26332	41849358	MKI67;SOX2;TOP2A
26333	41849358	MKI67;SOX2;TOP2A
26337	41849358	SLC1A3
26339	41849358	SLC1A3
26346	41849358	SLC1A3
26350	41849358	MKI67
26384	41909700	APOE
26391	41909700	APOE
26437	41709213	SPP1
26445	41709213	SPP1
26452	41709213	SPP1
26453	41709213	SPP1
26454	41709213	CAMP
26455	41709213	APOE;CX3CR1;HEXB;P2RY12;TMEM119
26475	41899448	IGF1
26479	41899448	NRXN1
26503	41892278	LCN2
26516	41892278	CCL5
26517	41892278	SPP1
26520	41892278	SPP1
26527	41892278	MMP9
26528	41892278	DCN
26537	41892278	SPP1
26550	41892278	MMP9
26551	41892278	DCN
26560	41892278	SPP1
26591	41892278	SPP1
26600	41892278	SPP1
26610	41731009	TACR3
26614	41731009	TACR3
26639	41746734	MITF
26641	41746734	COL1A1;COL1A2
26642	41746734	TCF4
26644	41746734	MFRP;PRSS56
26649	41746734	MFRP;PRSS56
26650	41746734	PRSS56
26691	41960189	DCC
26710	41960189	ICAM1;IL1B
26716	41960189	FTH1;HMOX1
26717	41960189	FTL;HMOX1;ICAM1
26720	41960189	FTH1;FTL
26747	41954328	THY1;UCHL1
26761	41791386	MITF
26767	41791386	PRKCA
26768	41791386	PRKCA
26792	41881262	XBP1
27001	41922167	VSX1
27003	41922167	VSX1
27004	41922167	NETO1;VSX1
27005	41922167	VSX1
27006	41922167	VSX1
27010	41922167	VSX1
27011	41922167	VSX1
27012	41922167	VSX1
27013	41922167	VSX1
27015	41922167	PRKCA;VSX1
27016	41922167	VSX1
27017	41922167	VSX1
27018	41922167	VSX1
27019	41922167	VSX1
27020	41922167	VSX1
27024	41922167	VSX1
27029	41922167	VSX1
27044	41803887	APOE;GPNMB
27048	41803887	APOE;CX3CR1;HEXB;TMEM119
27049	41803887	APOE
27050	41803887	APOE;CX3CR1
27054	41803887	CX3CR1
27055	41803887	GPNMB
27056	41803887	APOE;P2RY12
27061	41803887	APOE;CX3CR1;GPNMB;P2RY12;TMEM119
27062	41803887	APOE;GPNMB
27063	41803887	APOE;GPNMB
27064	41803887	APOE;GPNMB
27065	41803887	APOE
27066	41803887	APOE;GPNMB
27067	41803887	APOE;CX3CR1
27068	41803887	APOE;P2RY12
27069	41803887	APOE;CX3CR1;P2RY12;TREM2
27070	41803887	APOE;GPNMB
27071	41803887	APOE;GPNMB
27072	41803887	APOE
27107	41927968	CAMP
27109	41927968	CAMP
27110	41927968	CAMP
27117	41927968	THY1
27118	41927968	THY1
27122	41927968	CAMP
27148	41927968	THY1
27152	41927968	CAMP
27153	41927968	CAMP
27154	41927968	CAMP
27157	41927968	THY1
27166	41927968	CAMP
27168	41927968	CAMP
27169	41927968	CAMP
27193	41866494	CD4
27197	41866494	MITF
27249	41866494	MITF
27256	41866494	MITF
27278	41866494	CD4
27295	41866494	CD4
27503	41851144	MITF;TYR
27542	42080790	KDR
27544	42080790	FN1;HIF1A;MMP2
27549	42080790	FN1;HIF1A;KDR;MMP2
27550	42080790	HIF1A;MMP2;MMP9
27551	42080790	MMP9
27555	42080790	MMP9
27563	42080790	MMP9
27575	42080790	ICAM1
27576	42080790	CHAT
27597	42080790	ICAM1
27598	42080790	CHAT
27621	42080790	MMP9
27636	42080790	MMP9
27644	42080790	MMP9
27666	42080790	MMP9
27706	42080790	CCL5;MMP2;MMP9
27710	42080790	FLT1
27711	42080790	FN1
27712	42080790	FN1;HIF1A
27713	42080790	CXCR2;MMP2;MMP9
27714	42080790	FN1
27715	42080790	FN1;MMP2;MMP9
27716	42080790	CCL5
27717	42080790	CXCR2
27718	42080790	FN1
27720	42080790	FLT1
27722	42080790	FN1;KDR
27725	42080790	FN1
27731	42080790	CCL5;MMP2;MMP9
27735	42080790	FLT1
27736	42080790	FN1
27737	42080790	FN1;HIF1A
27738	42080790	CXCR2;MMP2;MMP9
27739	42080790	FN1
27740	42080790	FN1;MMP2;MMP9
27741	42080790	CCL5
27742	42080790	CXCR2
27743	42080790	FN1
27745	42080790	FLT1
27747	42080790	FN1;KDR
27750	42080790	FN1
27806	42136644	MCC
27811	42136644	APOE;C1QC;CTSS;FLT1;MGP;PDGFRB;PECAM1;PRKCA;RGS5;S100A8;S100A9;THY1
27813	42136644	APOE;SLC1A3
27814	42136644	APOE
27817	42136644	VCAM1
27824	42136644	IL1B
27867	42096223	TMEM119
27870	42096223	TMEM119
27883	42096223	TMEM119
27895	42096223	TMEM119
27900	42096223	TCF4
27901	42096223	TCF4
27902	42096223	TMEM119
27910	41872221	MCC;PLVAP
27911	41872221	MCC
27912	41872221	MKI67;PLVAP
27913	41872221	PLVAP
27917	41872221	HMOX1
27942	41872221	MCC
27960	42139353	PTTG1
27961	42139353	PTTG1
27962	42139353	PTTG1
27963	42139353	ACTA2;PTTG1;TAGLN;TPM2
27964	42139353	PTTG1
27965	42139353	PTTG1
27966	42139353	PTTG1
27967	42139353	PTTG1
27968	42139353	PTTG1
27969	42139353	PTTG1
27970	42139353	PTTG1
27971	42139353	PTTG1
27972	42139353	PTTG1
27973	42139353	PTTG1
27980	42139353	PTTG1
27981	42139353	PTTG1
27983	42139353	PTTG1
28004	41996242	CHAT
28049	41996242	CHAT
28133	41996242	CHAT
28222	42138518	CX3CR1;LHX1;SLC1A3;THY1;VWF
28223	42138518	CAMP
28225	42138518	GRIK1;PRKCA
28227	42138518	SLC6A1;VIP
28273	42149032	MKI67
28295	41957682	MAF;SOX2
28298	41957682	CADM1
28329	42212336	CDH5
28353	42212336	MYL9
28354	42212336	MYL9
28358	42212336	DLL4
28359	42212336	DLL4
28375	42200769	S100A9
28379	42200769	PDGFRB
28381	42200769	S100A9
28382	42200769	S100A9
28384	42200769	S100A9
28395	40669155	HIF1A
28409	40669155	ROBO1
28420	40669155	ROBO1
28427	40976555	CAMP
28431	40976555	CAMP
28432	40976555	CAMP
28442	40976555	KDR
28448	40976555	CAMP
28450	40976555	CD163
28453	40976555	NDUFA4L2;PRSS56;PTGDS;TIMP1
28454	40976555	KDR
28455	40976555	KDR
28457	40976555	CAMP
28482	40355064	MMP9
28484	40355064	MMP9
28504	40355064	MMP9
28514	40355064	MMP9
28519	42069589	CX3CR1
28527	42069589	CD74;IL1B;S100A8;S100A9
28529	42069589	CD74;S100A8;S100A9
28530	42069589	MCC;S100A8;S100A9
28538	42069589	CX3CR1
28569	42069589	CX3CR1
28585	31936811	DLL4
28591	31936811	SOX2;VSX1
28601	31936811	THY1
28617	32081919	DCT
28619	32081919	VSX1
28621	32081919	VSX1
28629	32081919	SOX2
28657	32211407	SOX2
28659	32211407	SOX2
28683	32069977	ANXA1
28689	32069977	ANXA1;SERPINF1
28693	32069977	ANXA1
28694	32069977	ANXA1
28877	32111086	MITF
28880	32111086	PAX5
28883	32111086	MITF
28891	32111086	VSX1
28892	32111086	VSX1
28893	32111086	MITF;VSX1
28900	32111086	SOX2
28902	32111086	SOX2
28924	32111086	VSX1
28944	32111086	VSX1
28964	32111086	VSX1
28984	32111086	VSX1
28988	32231223	PDGFRB
28989	32231223	TYR
28991	32231223	MITF;TYR
28992	32231223	MITF
28994	32231223	MITF;PMEL;TYR
28995	32231223	MITF;PMEL;TYR
28996	32231223	MITF;PMEL
28999	32231223	PDGFRB
29005	32231223	MITF;PDGFRB;PMEL;TYR
29007	32231223	MITF;PDGFRB
29008	32231223	PDGFRB
29030	32183063	LCN2
29039	32183063	LCN2
29055	32183063	LCN2
29056	32183063	LCN2
29058	32183063	SLC40A1
29082	32183063	LCN2
29083	32183063	LCN2
29085	32183063	SLC40A1
29150	32313077	CCL3;CCL4
29159	32313077	APOE;MMP9
29206	32347797	LHX1
29210	32347797	LHX1
29211	32347797	LHX1
29213	32347797	LHX1
29228	32347797	LHX1
29322	32396062	DLL4
29325	32396062	DLL4
29327	32396062	TGFBI
29333	32396062	DLL4
29408	32523990	THY1
29409	32523990	SOX2
29410	32523990	SOX2
29412	32523990	COL1A1
29415	32523990	THY1
29417	32523990	THY1
29418	32523990	MMP2;POSTN;THY1
29419	32523990	THY1
29420	32523990	COL1A1
29426	32523990	THY1
29429	32523990	SOX2
29432	32523990	THY1
29452	32547367	FN1
29455	32547367	CHAT
29460	32547367	CAMP
29490	32555229	LHX1
29491	32555229	GRIK1
29492	32555229	VIP
29498	32555229	TRPM1
29500	32555229	APOE
29586	32670023	CD9
29593	32670023	CD9
29614	32670023	CD9
29625	32670023	CD9
29654	32620864	NRXN1
29656	32620864	MEGF11
29657	32620864	NRXN1
29660	32620864	MEGF11
29661	32620864	MEGF11
29672	32620864	MEGF11
29682	32620864	MEGF11
29683	32620864	MEGF11
29693	32620864	MEGF11
29695	32620864	MEGF11
29706	32620864	MEGF11
29716	32678240	IGF1
29718	32678240	IGF1
29719	32678240	CAMP
29720	32678240	THY1
29721	32678240	SOX2;THY1
29726	32678240	IGF1;SOX2
29728	32678240	CAMP;THY1
29731	32678240	MITF
29732	32678240	THY1
29733	32678240	THY1
29746	32319201	MITF;PMEL;TYR
29766	32319201	MITF;PMEL;TYR
29773	32319201	MITF;PMEL;SOX2;TYR
29883	32191288	PRKCA;VSX1
29887	32191288	TRPM1
29898	32191288	CHAT
29909	32191288	CHAT
29922	32922261	IGF1
29923	32922261	MITF
29964	32870927	HLA-DQB1;HLA-DRB1
29968	32870927	MAF
29972	32870927	MAF
30020	32699896	VSX1
30022	32699896	VSX1
30023	32699896	VSX1
30024	32699896	VSX1
30026	32699896	VSX1
30027	32699896	CUX2;VSX1
30028	32699896	VSX1
30030	32699896	VSX1
30033	32699896	VSX1
30039	32699896	VSX1
30050	32699896	MKI67;VSX1
30052	32699896	VSX1
30053	32699896	VSX1
30054	32699896	VSX1
30064	32699896	VSX1
30070	32699896	VSX1
30103	32946783	CAMP
30114	32946783	PMEL
30116	32946783	PRKCA
30128	32946783	SOX2
30159	32946783	ACTA2;AIF1;CD2;COL1A2;CX3CR1;GRIK1;JCHAIN;LHX1;LST1;MITF;MLANA;PDGFRB;PRKCA;THY1;TRPM1;VAT1L;VSX1;VWF
30165	32946783	WFDC1
30185	32946783	CHAT
30191	32946783	MITF
30201	32946783	PRKCA
30202	32946783	PRKCA
30203	32946783	PRKCA
30208	32946783	SOX2
30211	32946783	TRPM1
30374	32946783	CHAT
30380	32946783	MITF
30390	32946783	PRKCA
30391	32946783	PRKCA
30392	32946783	PRKCA
30397	32946783	SOX2
30400	32946783	TRPM1
30561	33043015	SOX2
30579	32960171	TRPM1
30588	32960171	TRPM1
30596	32960171	TRPM1
30703	32960171	TRPM1
30711	32960171	TRPM1
30718	32986815	LHX1
30720	32986815	DES;LHX1
30721	32986815	THY1
30722	32986815	LHX1
30723	32986815	LHX1
30724	32986815	LHX1
30726	32986815	LHX1
30727	32986815	LHX1
30728	32986815	THY1
30750	33072724	LHX1;LMOD1;PMEL;TRPM1;TYRP1
30751	33072724	BACH1
30754	33072724	CD74;COL1A1;COL3A1;FBN1;ROBO1
30755	33072724	CLIC6
30757	33072724	FBN1
30758	33072724	CLIC6
30826	32557945	SOX2
30827	32557945	CAMP
30833	32557945	CENPF;MKI67;NUSAP1;TOP2A
30834	32557945	SLC1A3;VSX1
30835	32557945	DCC
30842	32557945	SPP1
30923	40043699	GRIK1
31050	33096050	SOX2;VSX1
31065	33022222	MAF
31072	33022222	MAF
31086	33022222	DCN
31236	33246504	IL1B
31238	33246504	IL1B
31239	33246504	IL1B
31240	33246504	IL1B
31244	33246504	CX3CR1
31253	33246504	CX3CR1;IL1B
31262	33246504	IL1B
31263	33246504	CX3CR1;IL1B
31266	33246504	IL1B
31270	33246504	IL1B
31280	33246504	IL1B
31286	33246504	IL1B
31296	33047885	CD9
31310	33047885	CD9
31365	33288502	KDR
31369	33288502	ROBO1
31372	33288502	CHAT
31418	33361444	IGF1
31419	33361444	IGF1
31421	33361444	DCT;MITF;TYR
31422	33361444	MITF
31426	33361444	VSX1
31441	33393903	THY1
31446	33393903	LHX1
31447	33393903	GRIK1;PRKCA;TRPM1
31448	33393903	GRIK1;PRKCA;TRPM1
31449	33393903	CHAT;SLC5A7;SLC6A1;TENM3
31450	33393903	SDK1
31451	33393903	RELN;SDK1;THY1
31507	33393903	THY1
31565	33393903	THY1
31736	33563331	SOX2
31737	33563331	VSX1
31740	33563331	SOX2
31778	33585455	CX3CR1;SPP1
31779	33585455	CX3CR1;SPP1
31781	33585455	APOE;SPP1
31782	33585455	SPP1
31783	33585455	APOE;CD74;FN1;SPP1
31784	33585455	CX3CR1;SPP1
31785	33585455	SPP1
31786	33585455	APOE;CD74;FN1;SPP1;TREM2
31787	33585455	SPP1
31788	33585455	CX3CR1;SPP1
31789	33585455	SPP1
31790	33585455	CX3CR1
31791	33585455	CX3CR1
31793	33585455	CX3CR1;SPP1
31794	33585455	SPP1
31795	33585455	SPP1
31796	33585455	CX3CR1
31799	33585455	SPP1
31828	33598455	VSX1
31831	33598455	VSX1
31833	33598455	VSX1
31834	33598455	VSX1
31839	33598455	VSX1
31841	33598455	VSX1
31844	33598455	VSX1
31846	33598455	VSX1
31854	33598455	VSX1
31855	33598455	VSX1
31861	33598455	VSX1
31862	33598455	VSX1
31865	33598455	VSX1
31866	33598455	VSX1
31867	33598455	VSX1
31868	33598455	VSX1
31891	33598455	VSX1
31892	33598455	VSX1
31920	33598455	VSX1
31921	33598455	VSX1
31946	33598455	VSX1
31957	33598455	VSX1
31977	33598455	VSX1
31979	33598455	VSX1
31980	33598455	VSX1
31986	33598455	VSX1
31988	33598455	VSX1
31989	33598455	VSX1
31995	33598455	VSX1
31999	33598455	VSX1
32005	33598455	VSX1
32009	33598455	VSX1
32017	33665228	PRKCA;TACR3
32019	33665228	PRKCA;TACR3
32074	32859800	SOX2
32077	32859800	SOX2
32090	32859800	SOX2
32101	32859800	SOX2
32106	32859800	GABRR1
32115	32859800	GABRR1
32126	32023475	MKI67;SOX2
32127	32023475	SOX2
32128	32023475	SOX2
32131	32023475	SOX2
32132	32023475	SLC1A3;SOX2
32133	32023475	VSX1
32137	32023475	MKI67
32158	32023475	CHAT
32175	32023475	SOX2
32176	32023475	SOX2
32231	32023475	CHAT
32248	32023475	SOX2
32249	32023475	SOX2
32308	33627831	S100B
32309	33627831	LEPR
32337	33627831	LEPR
32551	33673358	GPR179
32575	33673358	ITM2B
32593	33673358	MFRP
32710	33673358	TRPM1
32723	33673358	VCAN
32840	33673358	GPR179
32864	33673358	ITM2B
32882	33673358	MFRP
32999	33673358	TRPM1
33012	33673358	VCAN
33052	33654266	MAF
33053	33654266	MAF
33059	33654266	HMGCS2
33065	33654266	MAF
33066	33654266	HMGCS2
33073	33654266	MAF
33091	33654266	HMGCS2
33092	33654266	HMGCS2
33103	33654266	HMGCS2
33104	33654266	HMGCS2
33130	33654266	HMGCS2
33141	33654266	HMGCS2
33170	33674582	CHAT
33172	33674582	SOX2
33175	33674582	DPT
33176	33674582	DPT
33181	33674582	DLL4
33186	33674582	DLL4
33189	33674582	UCHL1
33192	33674582	SOX2
33200	33674582	DPT
33201	33674582	UCHL1
33289	33712461	TYR
33306	33816648	THY1
33307	33816648	THY1
33308	33816648	THY1
33309	33816648	THY1
33310	33816648	THY1
33311	33816648	THY1
33312	33816648	SPP1;THY1
33313	33816648	THY1
33314	33816648	THY1
33315	33816648	THY1
33316	33816648	THY1
33317	33816648	THY1
33318	33816648	THY1
33320	33816648	THY1
33321	33816648	THY1
33322	33816648	THY1
33324	33816648	THY1
33325	33816648	THY1
33326	33816648	THY1
33328	33816648	DCC;THY1
33331	33816648	SOX2;THY1
33333	33816648	THY1
33334	33816648	THY1
33341	33816648	THY1
33368	33799353	TYR
33394	33799827	CD74
33396	33799827	CD74
33398	33799827	CD74
33400	33799827	C1S
33423	33799827	THY1
33432	33799827	RGS4
33474	33799827	THY1
33483	33799827	RGS4
33513	33799827	CD74
33514	33799827	CD74
33524	33799827	KRT19
33529	33799827	C1S
33535	33799827	TIMP1
33564	33799827	CD74
33565	33799827	CD74
33575	33799827	KRT19
33580	33799827	C1S
33586	33799827	TIMP1
33616	33799827	CD74
33625	33799827	CD74
33642	33799827	THY1
33643	33799827	RGS4
33660	33799827	THY1
33661	33799827	RGS4
33671	33799827	KRT13
33675	33799827	ANXA1;KRT13
33679	33799827	KRT13
33683	33799827	ANXA1;KRT13
33698	33662384	CD36
33700	33662384	CD36
33703	33662384	CD36
33725	33662384	CD36
33726	33662384	CD36
33730	33662384	CD36
33731	33662384	APOE
33741	33981252	CD74
33744	33981252	CD74
33747	33981252	CD74
33754	33981252	CD74
33755	33981252	C1S
33756	33981252	ICAM1
33758	33981252	CD74
33759	33981252	ICAM1
33760	33981252	CD74
33775	33981252	LCN2
33779	33981252	ICAM1
33783	33981252	C1S
33791	33981252	LCN2
33795	33981252	ICAM1
33799	33981252	C1S
33807	34006945	RGS5
33849	34006945	CAMP
33863	34006945	CAMP
33880	34025363	MITF
33882	34025363	MITF
33893	34040115	VIP
33900	34040115	CENPF;MKI67
33930	34055784	SOX2;TOP2A;VIM
33932	34055784	DLL4
33934	34055784	DLL4;SOX2;TOP2A
33935	34055784	VSX1
33967	33934486	CXCR2
33968	33934486	CADM1;CDH2;NRXN1
33980	33934486	CXCR2
33984	33934486	BCAT1
33989	33934486	CXCR2
33993	33934486	BCAT1
33998	33934486	CADM1;CDH2;NRXN1
33999	33934486	GRIK1
34000	33934486	PDE1A
34001	33934486	GRIK1
34002	33934486	PDE1A
34004	33934486	CAMP
34008	33934486	CADM1;CDH2;NRXN1
34009	33934486	GRIK1
34010	33934486	PDE1A
34011	33934486	GRIK1
34012	33934486	PDE1A
34014	33934486	CAMP
34085	34207050	SOX2
34086	34207050	SOX2
34087	34207050	SOX2
34096	34207050	SOX2
34098	34207050	IGF1
34101	34207050	MFRP;PRSS56
34106	34207050	PRSS56
34123	34207050	PRSS56
34140	34207050	PRSS56
34141	34100385	CX3CR1
34146	34100385	CX3CR1
34148	34100385	CX3CR1
34149	34100385	CX3CR1
34151	34100385	CLEC7A
34156	34100385	CX3CR1
34160	34100385	CX3CR1
34224	34209272	MAF
34229	34209272	DLL4;NOTCH3
34233	34209272	IGF1
34237	34209272	IGF1
34244	34209272	IGF1
34246	34209272	IGF1
34247	34209272	IGF1
34248	34209272	IGF1;MITF
34249	34209272	MITF
34252	34209272	IGF1
34254	34209272	IGF1
34258	34209272	IGF1
34311	34209272	IGF1
34420	34209272	IGF1
34482	34209272	IGF1
34492	34209272	IGF1
34664	34691611	LHX1
34665	34691611	CALD1
34688	34356611	THY1
34689	34356611	THY1
34692	34356611	SOX2
34696	34356611	CAMP
34732	34356611	IGF1
34747	34356611	IGF1
34762	34356611	SOX2
34766	34356611	SOX2
34784	33019822	APOE;CLEC7A;CX3CR1;GPR34;P2RY12;TREM2
34786	33019822	DCT;LAMA2;LAMA3;TYR;TYRP1
34791	33019822	APOE;TREM2
34792	33019822	DCT;TYR;TYRP1
34822	34315877	SOX2
34826	34315877	SOX2
34837	34315877	SOX2
34874	34321516	FN1;IGFBP7
34876	34321516	CCL3;CX3CR1;FCER1G;FN1;PDGFRB;PECAM1
34877	34321516	CCL3;CX3CR1
34879	34321516	SOX2
34880	34321516	HMGCS2;SOX2
34881	34321516	HMGCS2;PECAM1
34883	34321516	IGFBP7
34884	34321516	SOX2
34885	34321516	CD4
34902	34341398	CCL3;CLDN5;FCGR1A;PECAM1;TRPM1;VSX1
34905	34341398	PRKCA
34941	34360929	CHAT
34951	34360929	CHAT
34958	34360929	CHAT
35014	33516874	CHAT
35021	33516874	CHAT
35042	33516874	RELN
35043	33516874	CHAT;GABRA3;RASGRF1
35044	33516874	CHAT;GABRA3;RASGRF1
35045	33516874	GABRA3;RASGRF1
35046	33516874	GABRA3
35056	33516874	RELN
35057	33516874	CHAT;GABRA3;RASGRF1
35058	33516874	CHAT;GABRA3;RASGRF1
35059	33516874	GABRA3;RASGRF1
35060	33516874	GABRA3
35089	34434927	APOE;C1QC;TMEM215
35092	34434927	SPP1
35095	34434927	SPP1
35102	34485594	CD4
35109	34485594	CD4
35110	34485594	CD4
35112	34485594	CD4
35113	34485594	CD4
35114	34485594	CD4
35115	34485594	CD4;CD69
35116	34485594	CD4
35119	34485594	CD4
35125	34485594	CD4
35127	34485594	CD4
35147	34440682	DES
35148	34440682	DES
35154	34440682	DES
35157	34440682	VCAM1
35159	34440682	DES
35161	34440682	DES
35171	34445064	SOX2
35191	34445064	LHX1
35193	34445064	APOE;SOX2
35194	34445064	SOX2
35201	34445064	LHX1
35203	34445064	APOE;SOX2
35204	34445064	SOX2
35209	34445064	SLC6A1
35210	34445064	CA10;NETO1;PLXDC1;ST18;TMEM215;TRPM1;VSX1
35211	34445064	TPM3
35213	34445064	MITF;PMEL;SERPINF1;TYR
35214	34445064	S100B;SLC1A3;SOX2
35215	34445064	C1QC;CX3CR1
35216	34445064	MKI67;SOX2;TOP2A
35221	34445064	SLC6A1
35222	34445064	CA10;NETO1;PLXDC1;ST18;TMEM215;TRPM1;VSX1
35223	34445064	TPM3
35225	34445064	MITF;PMEL;SERPINF1;TYR
35226	34445064	S100B;SLC1A3;SOX2
35227	34445064	C1QC;CX3CR1
35228	34445064	MKI67;SOX2;TOP2A
35486	34544421	IRF8
35488	34544421	IRF8
35489	34544421	IRF8
35490	34544421	IRF8
35492	34544421	IRF8
35494	34544421	IRF8
35495	34544421	IRF8
35496	34544421	CX3CR1;IRF8
35499	34544421	IRF8
35501	34544421	IRF8
35503	34544421	CX3CR1;IRF8
35509	34544421	CD74;CX3CR1;IRF7;IRF8;P2RY12;TMEM119
35510	34544421	IRF8
35511	34544421	AIF1;IRF8;MRC1;P2RY12;SALL1;TMEM119
35512	34544421	IRF8
35513	34544421	CX3CR1;IRF8
35514	34544421	CX3CR1;IRF8
35515	34544421	CD163;FN1;IRF8;MRC1;P2RY12;SALL1;SPP1
35516	34544421	FN1;IRF8
35517	34544421	AIF1;IRF8;MRC1;P2RY12;SALL1;TMEM119
35518	34544421	IRF8;P2RY12;SALL1
35519	34544421	CX3CR1;IRF8
35520	34544421	CX3CR1;FN1;IRF8;P2RY12
35521	34544421	IRF8;SPP1
35522	34544421	IRF8
35523	34544421	IRF8
35538	34390651	CHAT
35544	34390651	THY1
35552	34390651	CHAT;THY1
35557	34390651	CHAT
35567	34390651	CHAT
35570	34390651	CHAT
35583	34390651	CHAT
35614	34390651	CHAT
35617	34390651	THY1
35643	34390651	CHAT
35674	34390651	CHAT
35677	34390651	THY1
35718	34518365	CHAT
35730	34518365	CHAT;SOX2
35735	34518365	CHAT
35750	34518365	CHAT
35773	34518365	CHAT
35814	34562309	ACTA2
35817	34562309	UCHL1
35849	34562309	UCHL1
35851	34562309	ACTA2
35867	34562309	SLC1A3
35894	34562309	UCHL1
35896	34562309	ACTA2
35912	34562309	SLC1A3
35967	34649511	THY1
35969	34649511	THY1
35971	34649511	THY1
36000	34638582	MITF
36013	34638582	GABRR2;SLC40A1
36024	34638582	IGF1
36059	34638582	GABRR2
36062	34638582	IGF1
36068	34638582	MITF
36095	34638582	SLC40A1
36127	34638582	GABRR2
36130	34638582	IGF1
36136	34638582	MITF
36163	34638582	SLC40A1
36178	34420069	IGF1
36198	34420069	CHAT;MITF;TRPM1
36264	34420069	CHAT
36284	34420069	MITF
36285	34420069	MITF
36286	34420069	MITF
36287	34420069	MITF
36340	34420069	TRPM1
36381	34420069	CHAT
36401	34420069	MITF
36402	34420069	MITF
36403	34420069	MITF
36404	34420069	MITF
36457	34420069	TRPM1
36471	34677125	HIF1A
36475	34677125	HIF1A
36476	34677125	SOX2;TYRP1
36477	34677125	TYRP1
36478	34677125	SLC1A3;TYRP1
36479	34677125	MLANA;TYRP1
36480	34677125	TYRP1
36481	34677125	TYRP1
36482	34677125	TYRP1
36483	34677125	TYRP1
36484	34677125	TYRP1
36485	34677125	HIF1A;TYRP1
36486	34677125	HIF1A;TYRP1
36487	34677125	HIF1A;TYRP1
36488	34677125	HIF1A;TYRP1
36489	34677125	HIF1A;TYRP1
36490	34677125	HIF1A;TYRP1
36491	34677125	MLANA;TYRP1
36492	34677125	TYRP1
36493	34677125	TYRP1
36494	34677125	HIF1A;TYRP1
36495	34677125	TYRP1
36528	34677125	HIF1A
36558	34677125	HIF1A
36563	34677125	TYRP1
36564	34677125	MLANA
36568	34677125	SLC1A3
36571	34677125	TYRP1
36606	34677125	HIF1A
36607	34677125	HIF1A
36638	34677125	HIF1A
36668	34677125	HIF1A
36673	34677125	TYRP1
36674	34677125	MLANA
36678	34677125	SLC1A3
36681	34677125	TYRP1
36716	34677125	HIF1A
36717	34677125	HIF1A
36735	34653402	SOX2
36793	33307245	DCT;PMEL;PTGDS;SERPINF1;TYR;TYRP1
36794	33307245	DCT;PMEL;PTGDS;SERPINF1;TYR;TYRP1
36796	33307245	DCT;MITF;PMEL;PTGDS;SERPINF1;TYR;TYRP1
36797	33307245	DCT;MITF;NDUFA4L2;PMEL;TYR;TYRP1;VIM
36798	33307245	ACTA2;CALD1;DCT;FTH1;MYL9;PMEL;PTGDS;SERPINF1;SPP1;TAGLN;TPM1;TYR;TYRP1
36800	33307245	DCT;MKI67;PMEL;PTGDS;PTTG1;SERPINF1;TOP2A;TYR;TYRP1
36801	33307245	DCT;FTH1;MKI67;PMEL;PTTG1;TOP2A;TYRP1;VIM
36802	33307245	CALD1;DCT;FTH1;MYL9;NDUFA4L2;SERPINF1;TPM1;WFDC1
36803	33307245	CALD1;DCT;SERPINF1
36804	33307245	MKI67;PMEL;PTTG1;TOP2A;TYR
36805	33307245	MKI67;PMEL;PTTG1;TOP2A;TYR
36806	33307245	APOE
36807	33307245	SERPINF1
36808	33307245	APOE
36809	33307245	C1R;C1S
36811	33307245	DCT;MKI67;PMEL;PTGDS;SERPINF1;TYR;TYRP1
36813	33307245	DCT;MITF
36814	33307245	APOE;PMEL;SERPINF1
36830	33307245	MITF;PMEL;TYR
36845	34788628	SOX2
37052	34782554	NOTCH3
37054	34782554	NOTCH3
37056	34782554	NOTCH3
37057	34782554	DLL4
37058	34782554	DLL4;NOTCH3
37064	34782554	NOTCH3
37066	34782554	NOTCH3
37067	34782554	DLL4
37068	34782554	NOTCH3
37069	34782554	NOTCH3
37070	34782554	NOTCH3
37078	34782554	NOTCH3
37099	34782554	DLL4
37120	34782554	NOTCH3
37141	34782554	DLL4
37163	34782554	DLL4
37175	34782554	DLL4
37179	34782554	NOTCH3
37187	34782554	DLL4
37190	34782554	DLL4
37209	34782554	DLL4
37221	34782554	DLL4
37225	34782554	NOTCH3
37233	34782554	DLL4
37236	34782554	DLL4
37287	34872632	IRF8
37296	34872632	IRF8
37299	34872632	IRF8
37311	34872632	IRF8
37322	34872632	IRF8
37378	34872632	IRF8
37448	34884622	CD4
37630	34946963	THY1
37632	34946963	THY1
37633	34946963	VIM
37634	34946963	CENPF;PTTG1
37635	34946963	VIM
37636	34946963	DCC;THY1
37637	34946963	SPP1
37638	34946963	THY1
37639	34946963	DCC
37677	34948115	CX3CR1
37681	34948115	CX3CR1
37682	34948115	CX3CR1;SALL1;SPP1;TMEM119;TREM2;VCAM1
37683	34948115	FN1;SPP1
37687	34948115	CLEC7A;GPNMB;ITGAX;SPP1;VCAM1
37688	34948115	P2RY12;PRSS56
37689	34948115	CX3CR1
37690	34948115	CX3CR1
37693	34948115	CX3CR1
37715	34977041	HMOX1;XBP1
37716	34977041	TYRP1
37719	34977041	CA3
37739	34971428	DLL4
37761	34971428	CLDN5;MKI67;PECAM1;TOP2A
37762	34971428	CDH5
37776	35017532	SOX2
37810	35095414	SOX2
37826	35095414	CHAT;SLC6A1;THY1
37828	35095414	SLC6A1
37831	35095414	SLC6A1
37843	35030321	SOX2
37844	35030321	MITF
37845	35030321	MITF
37846	35030321	TYRP1
37847	35030321	MITF
37851	35030321	TYRP1
37854	35030321	SERPINF1;TYR
37855	35030321	TRPM1;TYR
37856	35030321	TYR
37857	35030321	MITF
37858	35030321	HIF1A;MITF
37862	35030321	MITF
37863	35030321	MITF
37874	35045975	CAMK2A
37882	35045975	CAMK2A
37885	35045975	CHAT
37886	35045975	CHAT
37888	35045975	CAMK2A;CHAT
37889	35045975	CHAT
37890	35045975	CAMK2A
37891	35045975	CAMK2A;CHAT
37892	35045975	CAMK2A
37895	35045975	CAMK2A
37897	35045975	CAMK2A
37901	35045975	CAMK2A
37905	35045975	CAMK2A
37908	35045975	CHAT
37918	35045975	CHAT
37930	35045975	VIP
37939	35045975	VIP
38064	35216333	IGF1
38097	35212809	AIF1;CX3CR1;HMOX1;LHX1;MRC1;P2RY12;PECAM1;RGS5;TRPM1
38102	35212809	CX3CR1;HMOX1;P2RY12
38151	35269428	MITF
38152	35269428	MITF
38153	35269428	SOX2
38156	35269428	SOX2
38159	35269428	SOX2
38161	35269428	SOX2
38162	35269428	ROBO1;SOX2
38170	35269428	SOX2
38171	35269428	SOX2
38191	35269767	TREM2
38211	35269767	CAMP
38214	35269767	CAMP
38249	35283756	PLVAP
38252	35283756	PLVAP
38284	35245286	MAF
38292	35245286	MAF
38336	35298655	PTGDS;S100A10;SOX2
38337	35298655	TRPM1;VIM
38339	35298655	LRRN3;OLFM3
38341	35298655	APOE;XBP1
38344	35298655	XBP1
38346	35298655	APOE
38433	35309305	CCL5
38434	35309305	CAMP
38436	35309305	CCL5;CX3CR1
38438	35309305	CX3CR1
38441	35309305	CTSS
38442	35309305	CTSS
38443	35309305	P2RY12;TMEM119
38444	35309305	P2RY12;TMEM119
38445	35309305	APOE;CD9;CX3CR1;P2RY12;TREM2
38498	35315776	CHAT
38500	35315776	SOX2
38505	35315776	PRSS56
38512	35315776	SOX2
38548	35315776	CHAT
38550	35315776	SOX2
38573	35315776	CHAT
38575	35315776	SOX2
38779	35191836	BIRC5;MGP;MKI67;P2RY12;THY1
38780	35191836	THY1
38781	35191836	THY1
38789	35191836	IGF1
38801	35191836	THY1
38802	35191836	THY1
38811	35191836	COL3A1;IGFBP7;MGP;P2RY12;TMEM119
38826	35191836	IGF1
38834	35191836	THY1
38850	35191836	THY1
38876	35359806	CD4
38884	35359806	CD4
38890	35359806	CD4
38895	35359806	CD4
38898	35359806	CD4
39002	35359806	CD4
39117	35359806	CD4
39142	35371110	CX3CR1
39143	35371110	IRF8
39145	35371110	CX3CR1
39146	35371110	CD14
39154	35371110	CD74;FTL;P2RY12;SPP1;TMEM119;TREM2
39155	35371110	APOE
39157	35371110	CD14;IL1B;SPP1;TREM2
39158	35371110	APOE;CD74;CTSS;CX3CR1;FN1;HEXB;ITM2B;P2RY12;SPP1;TMEM119;TREM2
39159	35371110	APOE;IL1B;SEC11C;TCF4;TREM2
39160	35371110	APOE;CD74;FTL;SPP1
39161	35371110	IL1B;P2RY12;SPP1;TREM2
39162	35371110	APOE
39209	35365237	TNC
39223	35365237	VIP
39262	35148987	CHAT
39263	35148987	CHAT
39265	35148987	CHAT
39266	35148987	CHAT
39270	35148987	CHAT
39273	35148987	CHAT
39338	35401124	CHAT
39389	35401507	CD4
39390	35401507	CD4
39392	35401507	CD4
39406	35401507	CD4;CD69
39407	35401507	CD74;CXCR2
39412	35401507	CD4
39413	35401507	CD4
39415	35401507	CD74
39417	35401507	CD4
39418	35401507	CD69
39522	35408803	CX3CR1
39524	35408803	CX3CR1
39526	35408803	IGF1;STMN1
39528	35408803	CXCR2;SERPINF1;SPP1
39529	35408803	SPP1
39530	35408803	CX3CR1
39531	35408803	IGF1;SPP1
39533	35408803	CX3CR1
39543	35408803	SPP1
39558	35413909	APOE
39559	35413909	XBP1
39698	35325233	SOX2
39718	35325233	DCT;MKI67;SLC1A3;SPP1;TOP2A;VSX1
39719	35325233	MKI67
39722	35325233	SOX2
39724	35325233	MKI67;NUSAP1;SPP1;VIM
39739	35481838	DES
39833	35565295	SOX2;VIM
39834	35565295	VIM
39931	35619143	SOX2
39934	35619143	VIP
39936	35619143	MITF
39938	35619143	CAMP;IGF1;MITF;PDGFRB;VIP
39939	35619143	IGF1
39950	35619143	MITF
39955	35619143	CAMP;VIP
39963	35619143	PDGFRB
39969	35619143	MITF
39974	35619143	CAMP;VIP
39982	35619143	PDGFRB
39985	35619143	IGF1;VIP
39995	35619143	MITF
39996	35619143	IGF1
40000	35619143	IGF1;VIP
40010	35619143	MITF
40011	35619143	IGF1
40030	35685368	GRIK1;GRIK2;TYR
40046	34908112	THY1
40070	35394873	CAMP;IGF1
40071	35394873	CAMP
40074	35394873	CAMP
40077	35394873	CAMP
40078	35394873	CAMP
40079	35394873	CAMP
40080	35394873	CAMP
40081	35394873	CAMP;CCL5;IGF1
40085	35394873	CAMP
40099	35594404	TRPM1
40101	35594404	GRIK1;PRKCA
40173	35722432	PECAM1;TRPM1
40187	35675330	CX3CR1
40195	35675330	P2RY12
40205	35675330	CX3CR1
40224	35523177	SOX2
40225	35523177	S100B
40228	35523177	NRXN1
40232	35523177	THY1
40233	35523177	S100B;SOX2;THY1
40237	35523177	S100B
40239	35523177	CAMP
40251	35705015	MITF;PMEL;SOX2;TYR;TYRP1
40253	35705015	MITF;PMEL;SOX2;TYR;TYRP1
40254	35705015	COL1A1;DCT;MITF;PMEL;SERPINF1;SOX2;TYR;TYRP1
40258	35705015	CDH2;DCT;MITF;PMEL;SERPINF1;SOX2;TYR;TYRP1
40259	35705015	PDGFRB
40260	35705015	MKI67;TOP2A
40262	35705015	ACTA2;MITF;SOX2
40285	35740479	IGF1
40286	35740479	IGF1
40287	35740479	MITF;SOX2
40294	35740479	MITF;SOX2
40303	35740479	MITF
40304	35740479	IGF1
40316	35784369	AIF1;C1R;C1S;FCN1
40317	35784369	C5AR1;ITGAX;VSIG4
40318	35784369	C1R;C1S;VSIG4
40319	35784369	C1S
40320	35784369	C1S
40321	35784369	C1QC;C1R;C1S
40322	35784369	C5AR1;ITGAX
40323	35784369	C1R;C1S;C5AR1
40324	35784369	C1R;C1S;FCN1
40325	35784369	C1QC;C1R;C1S;C5AR1;FCN1;ITGAX
40328	35784369	C1R;C1S;FCN1
40330	35784369	C1S
40333	35784369	C1R;FCN1
40335	35784369	C1R;C1S;C5AR1
40344	35784369	AIF1;CLDN5;ITGAX;VSIG4
40360	32937137	GPR179;TRPM1
40362	32937137	PRKCA
40364	32937137	PRKCA
40365	32937137	PRKCA
40366	32937137	CHAT;LHX1;SOX2
40368	32937137	CDH8;GABRR1;GRIK1;TRPM1
40369	32937137	CDH8;GABRR1;GRIK1;TRPM1
40371	32937137	CHAT
40373	32937137	PRKCA
40375	32937137	TACR3
40381	32937137	CHAT;PRKCA
40382	32937137	GRIK1
40392	32937137	CHAT
40402	32937137	PRKCA
40458	32937137	CHAT
40468	32937137	PRKCA
40524	35705048	HMOX1
40525	35705048	HMOX1;IL1B
40526	35705048	IL1B
40527	35705048	IL1B
40528	35705048	IL1B
40530	35705048	IL1B
40531	35705048	IL1B
40532	35705048	IL1B
40546	35705048	IL1B
40548	35705048	IL1B
40549	35705048	IL1B
40550	35705048	IL1B
40635	35789843	CAMP
40636	35789843	AIF1;CD163
40638	35789843	CD14;CX3CR1
40641	35789843	CD14;CX3CR1
40644	35789843	FN1;VIM
40645	35789843	VIM
40646	35789843	CD163;VIM
40647	35789843	CD163
40648	35789843	CX3CR1;TMEM119
40649	35789843	CX3CR1;TMEM119
40650	35789843	TMEM119
40703	35789843	CD14
40706	35789843	CD163
40707	35789843	CHAT
40711	35789843	CX3CR1
40724	35789843	TMEM119
40725	35789843	TMEM119
40773	35789843	CD14
40776	35789843	CD163
40777	35789843	CHAT
40781	35789843	CX3CR1
40794	35789843	TMEM119
40795	35789843	TMEM119
40844	35633292	IGF1;MAF
40854	35633292	VSX1
40857	35633292	IGF1
40863	35633292	VIP
40900	35844208	TREM2
40914	35844208	CCL5
40958	35859009	PMEL;S100B;SELENOP;SPP1;TIMP1
40961	35859009	ACTA2;MYL9
40963	35859009	PMEL;S100B;SELENOP;SPP1
41018	35882847	MAF;PMEL
41019	35882847	DCT;PMEL;PTGDS;SERPINF1;TYR;TYRP1
41021	35882847	APOE
41022	35882847	C1R;C1S;MMP2
41025	35882847	APOE;C1R;CD9;PTGDS;SERPINF1
41027	35882847	HLA-DQB1
41031	35882847	APOE
41032	35882847	APOE
41037	35882847	SOX2
41039	35882847	PMEL
41043	35882847	MAF
41143	35966201	CAMP
41148	35966201	CAMP
41232	35830791	CHAT
41234	35830791	CHAT
41244	35830791	CHAT
41252	35830791	CHAT
41258	35830791	CHAT
41266	35830791	CHAT
41311	35830791	CHAT
41382	35948585	MFRP
41387	35948585	ACTA2
41389	35948585	MFRP
41390	35948585	ACTA2
41425	36035999	IGF1
41428	36035999	IGF1
41429	36035999	IGF1
41434	36035999	SPP1
41435	36035999	SPP1
41437	36035999	SPP1
41439	36035999	PDE1A
41442	36035999	IGF1
41443	36035999	GPNMB
41452	36035999	SPP1
41454	36035999	SPP1
41457	36035999	SPP1
41462	36035999	PDE1A
41464	36035999	SPP1
41470	36035999	SPP1
41472	36035999	SPP1
41475	36035999	SPP1
41480	36035999	PDE1A
41482	36035999	SPP1
41499	36006018	MMP9
41502	36006018	C1R;MMP9;PLVAP
41531	35831910	ACTA2;C5AR1;FN1
41540	35831910	ACTA2;C5AR1;FN1
41755	36078045	CHAT
41817	36076283	APOE;CLEC7A;P2RY12;SPP1;TREM2
41821	36076283	APOE;TREM2
41822	36076283	CLEC7A;CX3CR1;SPP1
41823	36076283	CX3CR1
41825	36076283	CLEC7A;SPP1;TMEM119
41826	36076283	APOE;CLEC7A;P2RY12;SPP1;TMEM119
41835	36076283	APOE;CLEC7A;TMEM119
41837	36076283	CLEC7A;P2RY12;TMEM119
41838	36076283	CLEC7A
41839	36076283	CLEC7A;P2RY12;TMEM119
41840	36076283	APOE;P2RY12;TMEM119
41841	36076283	P2RY12
41843	36076283	SPP1
41844	36076283	CLEC7A;SPP1
41845	36076283	CLEC7A;CX3CR1;P2RY12
41846	36076283	CLEC7A;TREM2
41847	36076283	CX3CR1;SPP1
41848	36076283	CLEC7A;CX3CR1;SPP1
41850	36076283	CLEC7A
41864	36076283	CLEC7A
41865	36076283	TMEM119
41871	36076283	P2RY12
41872	36076283	APOE
41880	36076283	SPP1
41900	36076283	CLEC7A
41901	36076283	TMEM119
41907	36076283	P2RY12
41908	36076283	APOE
41916	36076283	SPP1
41931	36088481	APOE;MFRP;TMEM119
41934	36088481	MFRP
41936	36088481	MFRP
41938	36088481	MFRP
41939	36088481	MFRP
41940	36088481	MFRP;P2RY12;TMEM119
41941	36088481	APOE;MFRP;P2RY12;TMEM119
41943	36088481	APOE;CD74;MFRP;P2RY12;TMEM119
41945	36088481	APOE;MFRP;TMEM119
41946	36088481	MFRP
41947	36088481	MFRP;P2RY12;TMEM119
41948	36088481	CTSS;CX3CR1;MFRP;TMEM119
41949	36088481	MFRP;MS4A7;P2RY12;TMEM119
41950	36088481	APOE;MFRP;MS4A7
41951	36088481	APOE;MFRP
41952	36088481	MFRP
41953	36088481	MFRP
41954	36088481	MFRP
41956	36088481	MFRP
41957	36088481	APOE;TMEM119
41961	36088481	TMEM119
41996	36110094	C1QC;C5AR1
41997	36110094	VSIG4
42003	36110094	HMOX1
42093	36119084	VIP
42153	36127701	CHAT;VIP
42154	36127701	CHAT;VIP
42155	36127701	CHAT
42159	36127701	CHAT
42161	36127701	CHAT
42165	36127701	CHAT;VIP
42196	36139394	MAF
42198	36139394	MAF
42210	36139394	SLC1A3
42211	36139394	SLC1A3
42213	36139394	SLC1A3
42214	36139394	SLC1A3
42266	36142331	DCT;GPNMB;MLANA;TRPM1
42268	36142331	MLANA;PMEL
42277	36142331	TPM1
42279	36142331	DCT
42329	36142331	MLANA
42330	36142331	DCT
42331	36142331	TRPM1
42332	36142331	GPNMB
42333	36142331	TYRP1
42334	36142331	PMEL
42336	36142331	TYR
42339	36142331	MLANA
42340	36142331	DCT
42341	36142331	TRPM1
42342	36142331	GPNMB
42343	36142331	TYRP1
42344	36142331	PMEL
42346	36142331	TYR
42536	36212698	THY1
42542	36212698	VIP
42619	36212698	THY1
42643	36212698	THY1
42667	36231108	CAMP
42670	36231108	IGF1
42689	36231108	ANXA1;MKI67
42691	36231108	SERPINF1;TYR
42709	36261683	CAMP;IGF1
42710	36261683	CAMP;THY1
42722	36261683	CAMP;THY1
42743	36261438	PRKCA
42744	36261438	SLC1A3
42749	36261438	SLC1A3
42750	36261438	SLC1A3
42751	36261438	SLC1A3
42752	36261438	SLC1A3
42763	36261438	SOX2
42769	36261438	SLC1A3
42774	36261438	SLC1A3
42779	36261438	SLC1A3
42797	36277849	GRIK1;PRKCA
42798	36277849	GRIK1;HLA-DRA
42802	36277849	VIP
42972	36289494	FLT1;FTH1;HMOX1;IL1B;S100A8
42974	36289494	FLT1;FTH1;HMOX1;IL1B;S100A8;S100A9
42975	36289494	FTH1;HMOX1;S100A8;S100A9
42976	36289494	TGFBI
42978	36289494	CCL3;CCL4;IGF1
42980	36289494	CCL3;CCL4;IL1B
42981	36289494	CCL3;CCL4
42983	36289494	FTH1
42992	36293024	APOE;C1QC;CCL4;CTSD;SLC1A3;TPM3;TRPM1
43060	35705053	APOE;SLC1A3
43070	35705053	SLC1A3
43151	36320068	PLVAP
43154	36320068	PDGFRB
43156	36320068	APOE
43158	36320068	PLVAP
43159	36320068	PLVAP
43163	36320068	PLVAP
43174	36331259	IGF1
43177	36331259	IGF1
43178	36331259	IGF1
43198	36331259	SOX2;VSX1
43200	36331259	MKI67
43203	36331259	IGF1
43204	36331259	IGF1;SOX2
43205	36331259	IGF1
43210	36388952	THY1
43217	36388952	THY1
43223	36388952	CAMP;IGF1
43227	36388952	IGF1
43228	36388952	CAMP
43231	36388952	THY1
43287	36388952	IGF1
43293	36388952	CAMP
43365	36388952	IGF1
43371	36388952	CAMP
43405	36359825	IGF1
43407	36359825	IGF1
43420	36359825	MITF
43432	36359825	IGF1
43435	36359825	IGF1
43436	36359825	IGF1
43438	36359825	IGF1
43441	36359825	IGF1
43442	36359825	IGF1
43474	35817658	MITF;SOX2
43478	35817658	SOX2
43479	35817658	SOX2
43483	35817658	FN1
43488	35817658	SOX2
43489	35817658	SOX2
43490	35817658	SOX2
43491	35817658	SOX2
43493	35817658	MITF
43494	35817658	SOX2
43496	35817658	SOX2
43498	35817658	SOX2
43499	35817658	MITF
43500	35817658	SOX2
43503	35817658	MITF
43505	35817658	SOX2
43506	35817658	SOX2
43507	35817658	SOX2
43508	35817658	MITF;SOX2;TENM3
43510	35817658	MITF
43512	35817658	SOX2
43515	35817658	SOX2
43535	35817658	SOX2
43549	35817658	SOX2
43563	35817658	MITF
43575	35817658	MITF
43583	36240775	VIM
43587	36240775	PRKCA;VIM
43595	36240775	GRIK1;VIM
43596	36240775	VIM
43618	36408112	ITGA1
43621	36408112	IGKC;PMEL;VWF
43622	36408112	FN1
43623	36408112	KDR
43628	36408112	KDR
43655	36408112	SERPINF1
43666	36408112	COL3A1
43669	36408112	FBN1
43672	36408112	KDR
43704	36408112	SERPINF1
43715	36408112	COL3A1
43718	36408112	FBN1
43721	36408112	KDR
43745	36408381	CCL3;CCL4
43747	36408381	APOE
43748	36408381	APOE
43750	36408381	APOE
43751	36408381	APOE
43753	36408381	CD14
43755	36408381	CX3CR1
43763	36408381	APOE;CCL3;MMP9
43764	36408381	CCL3
43867	36417510	CNTN5
43873	36417510	SOX2
43874	36417510	THY1
43878	36417510	SOX2
43902	36454214	PECAM1
43919	36454214	PECAM1
43922	36454214	FLT1;KDR
43964	36459087	MKI67
44027	36459087	SOX2
44028	36459087	SOX2
44082	36459087	SOX2
44083	36459087	SOX2
44108	36494376	MITF
44110	36494376	SOX2
44115	36494376	MKI67
44202	36497013	MITF
44203	36497013	SOX2
44206	36497013	MITF;SOX2;VIM
44207	36497013	SOX2
44213	36497013	SOX2
44214	36497013	SOX2
44216	36497013	SOX2
44225	36498991	CCL5
44228	36498991	IRF8
44229	36498991	APOE;IRF8;TREM2
44234	36498991	CCL5
44237	36498991	IRF8
44238	36498991	IRF8
44294	36498991	CCL5
44295	36498991	CCL5
44319	36498991	CCL5
44320	36498991	CCL5
44357	36524119	IRF8
44359	36524119	CX3CR1;P2RY12
44361	36524119	FLT1
44362	36524119	CX3CR1
44364	36524119	CX3CR1
44366	36524119	CX3CR1
44370	36524119	CX3CR1
44372	36524119	CX3CR1
44386	36533134	APOE;VCAM1
44387	36533134	SOX2
44388	36533134	CLDN5;CTSD;VWF
44389	36533134	CAMP;DLL4
44390	36533134	IGF1;PDGFRB
44391	36533134	FLT1;KDR
44393	36533134	DLL4
44394	36533134	DLL4
44413	36539414	CXCR2
44417	36539414	CXCR2;HMOX1
44418	36539414	HMOX1
44421	36539414	HMOX1
44446	36368332	COL1A2;DES;VIM
44448	36368332	VIM
44464	36582303	SOX2
44465	36582303	SOX2
44467	36582303	SOX2
44468	36582303	SOX2
44469	36582303	SOX2
44470	36582303	ANXA1
44471	36582303	SOX2
44472	36582303	SOX2
44473	36582303	SOX2
44474	36582303	SOX2
44475	36582303	SOX2
44479	36582303	SOX2
44482	36582303	SOX2
44488	36582303	SOX2
44491	36582303	SOX2
44498	36582303	SOX2
44535	36572749	NAT16
44593	36611897	MMP2
44607	36611897	KDR
44624	35943778	CD14
44668	35997788	VIM
44702	36630901	THY1
44703	36630901	THY1
44726	36674619	ALDH3A1;HMOX1
44727	36674619	HMOX1
44731	36674619	HMOX1
44746	36675807	SPP1
44747	36675807	SPP1
44749	36675807	SPP1
44750	36675807	SPP1
44752	36675807	SPP1
44753	36675807	SPP1
44754	36675807	PECAM1;SLC1A3;SPP1
44756	36675807	SPP1
44758	36675807	SPP1
44761	36675807	SPP1
44764	36675807	CX3CR1;IGF1;SPP1;TMEM119
44765	36675807	SPP1
44766	36675807	SPP1
44767	36675807	SPP1
44768	36675807	SPP1
44769	36675807	SPP1
44770	36675807	SPP1
44771	36675807	SPP1
44772	36675807	SPP1
44774	36675807	PECAM1;SLC1A3;SPP1
44828	36710928	SOX2
44873	36710928	CCL3
44889	36710928	CCL3
44958	36717618	CACNA1C
44990	36644817	FLT3
45001	36644817	CD14;CX3CR1;TMEM119;TREM2
45013	36756614	CCL4
45015	36756614	IRF8
45016	36756614	CX3CR1
45020	36756614	IGF1
45025	36756614	CCL5;CX3CR1
45028	36756614	DLL4
45032	36756614	SPP1
45033	36756614	CX3CR1;IGF1
45036	36756614	CX3CR1
45040	36756614	IGF1
45129	36756614	CX3CR1
45142	36756614	S100B
45254	36756614	CX3CR1
45267	36756614	S100B
45301	36778138	MKI67;SOX2
45317	36778138	SOX2
45320	36778138	MAF
45324	36778138	MKI67
45325	36778138	MAF
45329	36778138	MCC
45539	36779012	APOE;CLEC7A;CX3CR1;ITGAX;P2RY12;SPP1;TMEM119;TREM2
45540	36779012	APOE;CLEC7A;IGF1;SPP1;TREM2
45541	36779012	TREM2
45543	36779012	APOE;CLEC7A;CX3CR1;IGF1;ITGAX;SPP1;TMEM119;TREM2
45544	36779012	APOE;P2RY12;SPP1;TMEM119
45545	36779012	CD163;CX3CR1
45546	36779012	APOE
45547	36779012	APOE;CX3CR1
45548	36779012	APOE;CX3CR1;GPNMB;SPP1
45549	36779012	SPP1;TREM2
45551	36779012	CX3CR1;ITGAX;P2RY12;TMEM119
45552	36779012	CX3CR1;GPNMB;IGF1;ITGAX;P2RY12;SPP1;TREM2
45553	36779012	GPNMB;SPP1;TREM2
45554	36779012	APOE
45616	36769311	MITF
45632	36769311	SOX2
45634	36769311	NOTCH3
45644	36769311	HIF1A
45649	36769311	SOX2
45688	36769311	SOX2
45690	36769311	NOTCH3
45700	36769311	HIF1A
45705	36769311	SOX2
45748	36765170	MITF
45763	36765170	MITF;SOX2
45781	36792584	S100A8
45798	36792584	S100A8
45814	36792584	THY1
45818	36792584	GPR34;HEXB;LYVE1;P2RY12;S100A8;S100A9;TMEM119
45819	36792584	S100A8;S100A9
45829	36792584	S100A8;S100A9
45837	36823538	ACTA2;COL1A1;FN1
45839	36823538	ACTA2;COL1A1;FN1
45840	36823538	ACTA2;COL1A1;FN1
45861	36823538	ACTA2;COL1A1;FN1
45862	36823538	ACTA2;COL1A1;FN1
45867	36823538	ACTA2;COL1A1
45869	36823538	ACTA2;COL1A1
45944	36846595	IGF1
45960	34273276	DLL4
45962	34273276	BIRC5;CLDN5;MKI67;PECAM1;PLVAP
45964	34273276	CDH2;CLDN5;FN1
45966	34273276	CDH5;CLDN5;PECAM1;PLVAP
45967	34273276	CLDN5;PLVAP
45968	34273276	ACTA2;TAGLN;VIM
45969	34273276	APOE;PLVAP;VWF
45970	34273276	CDH5;CLEC1A;PECAM1
45971	34273276	CLDN5
45981	34273276	CLDN5;PECAM1
45989	34273276	APOE;CLDN5;DLL4;PECAM1;PLVAP;VWF
45999	34273276	DLL4
46003	34273276	APOE
46105	34273276	DLL4
46109	34273276	APOE
46213	36830851	MITF;PAX5;SOX2
46216	36830851	SOX2
46217	36830851	DCT;MITF;PMEL;PTGDS;TYR
46218	36830851	WFDC1
46221	36830851	MITF
46224	36830851	MITF
46347	36862119	THY1
46367	24097267	CD4
46368	24097267	CD4
46394	31900165	CX3CR1
46395	31900165	CX3CR1
46413	31900165	CX3CR1
46414	31900165	CX3CR1
46419	31918438	CAMP
46420	31918438	CAMP
46427	31918438	CAMP
46428	31918438	CAMP
46429	31918438	CAMP
46431	31918438	CAMP
46442	31918438	CAMP
46548	31964819	IL1B
46567	31964831	S100B
46582	31969887	CD36;CX3CR1
46583	31969887	CD36;CX3CR1
46585	31969887	APOE;CD14;CX3CR1
46586	31969887	CD36;CX3CR1
46587	31969887	CD36;CX3CR1
46588	31969887	CD36;CX3CR1
46589	31969887	APOE;CD14;CD36;CX3CR1
46590	31969887	APOE;CD14;CD36;CX3CR1
46591	31969887	CD36
46592	31969887	CD36;CX3CR1
46736	32073398	THY1
46739	32073398	CDH5
46751	32073398	CDH5
46836	32074940	THY1
46882	32075760	VIP
46883	32075760	CX3CR1
46893	32075760	CD14
46920	32075760	CD14
46958	32075760	VIP
47011	32075760	CD14
47049	32075760	VIP
47164	32127528	ROBO1
47168	32155200	CD4
47171	32155200	CD4
47174	32155200	CD4
47177	32155200	CD4
47179	32155200	CD4
47180	32155200	CD4
47181	32155200	CD4
47183	32155200	CD4
47188	32155200	CD4
47227	32155200	CD4
47305	32155200	CD4
47306	32155200	CD4
47308	32155200	CD4
47309	32155200	CD4
47313	32155200	CD4
47354	32155200	CD4
47355	32155200	CD4
47357	32155200	CD4
47358	32155200	CD4
47362	32155200	CD4
47452	32155200	CD4
47471	32155200	CD4
47674	32218163	CAMP
47677	32218163	CAMP
47694	32218163	CX3CR1
47701	32218163	SPP1
47781	32218163	CAMP
47789	32218163	CX3CR1
47858	32218163	CAMP
47866	32218163	CX3CR1
48167	32318066	GZMB
48170	32318066	GZMB
48171	32318066	GZMB
48173	32318066	GZMB
48174	32318066	GZMB
48175	32318066	GZMB
48176	32318066	GZMB
48177	32318066	GZMB
48178	32318066	GZMB
48180	32318066	GZMB
48181	32318066	GZMB
48182	32318066	GZMB
48183	32318066	GZMB
48184	32318066	GZMB
48185	32318066	GZMB
48186	32318066	GZMB
48187	32318066	GZMB
48188	32318066	GZMB
48189	32318066	GZMB
48192	32318066	GZMB
48198	32318066	GZMB
48212	32318066	GZMB
48311	32319662	PDGFRB
48319	32319662	CHRM2;COL1A2
48320	32319662	COL1A2
48322	32319662	DCC
48328	32319662	PDGFRB
48336	32319662	CHRM2;COL1A2
48337	32319662	COL1A2
48339	32319662	DCC
48361	32349249	TYR
48419	32349249	TYR
48420	32349249	THY1
48436	32349249	THY1
48438	32349249	TYR
48496	32349249	TYR
48497	32349249	THY1
48513	32349249	THY1
48515	32349249	TYR
48566	32373289	CD9
48574	32373289	CD9
48576	32373289	SOX2
48582	32373289	SOX2
48588	32373289	CD9;SOX2
48592	32373289	CCL3
48594	32373289	CD9;SOX2
48609	32378514	GJA10
48616	32378514	LHX1
48619	32378514	GJA10
48664	32378514	GJA10
48696	32378514	GJA10
48776	32437405	AQP5
48777	32437405	DES
48778	32437405	DES
48781	32437405	CCL3;CCL4;CCL5
48782	32437405	AQP5
48784	32437405	AQP5
48788	32437405	DES
48789	32437405	AQP5
48792	32437405	AQP5
48793	32437405	AQP5;CCL4
48794	32437405	AQP5;DES
48795	32437405	AQP5;DES
48796	32437405	AQP5;DES
48798	32437405	DES
48800	32437405	AQP5
48801	32437405	DES
48809	32437405	DES
48817	32437405	DES
48825	32437405	AQP5
48828	32437405	DES
48836	32437405	AQP5
48857	32437405	AQP5
48866	32437405	AQP5
48876	32437405	CCL4
48877	32437405	IL1RN
48878	32437405	CCL4;IL1RN
48879	32437405	IL1RN
48880	32437405	CCL4
48881	32437405	CCL4;IL1RN
48882	32437405	CCL4
48883	32437405	IL1RN
48884	32437405	AQP5;IL1RN
48885	32437405	CCL4;IL1RN
48887	32437405	CCL4
48888	32437405	IL1RN
48889	32437405	CCL4;IL1RN
48890	32437405	IL1RN
48891	32437405	CCL4
48892	32437405	CCL4;IL1RN
48893	32437405	CCL4
48894	32437405	IL1RN
48895	32437405	AQP5;IL1RN
48896	32437405	CCL4;IL1RN
49079	32582664	KDR
49136	32582664	KDR
49293	32664635	SOX2
49295	32664635	SOX2
49303	32664635	MITF;SOX2
49308	32664635	APOE;SOX2
49309	32664635	SOX2
49323	32671067	CX3CR1
49334	32671067	CCL3
49340	32671067	CCL3
49358	32671067	CCL3
49369	32671067	CCL3
49593	32714647	MITF
49759	32751103	CDH5
49804	32751632	ACTA2
49809	32751632	ACTA2
49849	32767661	MITF
49886	32826201	HMOX1
50327	32896719	GPNMB
50329	32896719	GPNMB
50346	32896719	GPNMB
50348	32896719	GPNMB
50398	32910134	FN1
50399	32910134	FN1;SERPINA1
50410	32910134	HMGCS2
50416	32910134	IGKC
50417	32910134	HMGCS2
50424	32910134	TGFBI
50432	32910134	HMGCS2
50438	32910134	IGKC
50439	32910134	HMGCS2
50446	32910134	TGFBI
50614	32967734	CD14
50633	32967734	CD14;CX3CR1;SOX2
50638	32967734	CD14
50641	32967734	CD14
50645	32967734	CD14
50675	32973073	DLL4
50697	32973430	SOX2
50708	32973430	GPR179
50719	32973430	GPR179
50749	32993012	ALDH3A1
50804	33037565	THY1
50822	33037565	THY1
50823	33037565	THY1
50977	33104163	CAMP
51047	33137194	TYR
51050	33137194	TYR
51524	33377455	MITF
51525	33377455	MITF
51526	33377455	MITF
51532	33377455	MITF
51535	33377455	MITF
51547	33476374	SOX2
51558	33476374	SOX2
51559	33476374	SOX2
51629	33602234	CD4
51631	33602234	CD4
51633	33602234	CD4
51637	33602234	CD4
51642	33602234	CD4
51643	33602234	CD4
51644	33602234	CD4
51649	33602234	CD4
51650	33602234	CD4
51651	33602234	CD4
51652	33602234	CD4
51653	33602234	CD4
51655	33602234	CD4
51656	33602234	CD4
51657	33602234	CD4
51666	33602265	CCL5;CX3CR1
51667	33602265	CX3CR1
51668	33602265	CCL5;CX3CR1
51669	33602265	CCL5
51670	33602265	CX3CR1
51675	33602265	CX3CR1
51676	33602265	CX3CR1
51677	33602265	CX3CR1
51678	33602265	CX3CR1
51688	33602265	CCL5
51692	33602265	CX3CR1
51693	33602265	CX3CR1
51694	33602265	ANXA1;CD36;CX3CR1;TREM2
51695	33602265	CCL5;CX3CR1
51697	33602265	CCL5;CX3CR1
51698	33602265	CD36;CX3CR1;TREM2
51700	33602265	CX3CR1
51746	33602265	CCL5
51752	33602265	CD36
51754	33602265	TREM2
51755	33602265	ANXA1
51768	33602265	CCL5
51774	33602265	CD36
51776	33602265	TREM2
51777	33602265	ANXA1
51802	33640465	FLT1;KDR
51815	33640465	CD2
51834	33640465	CD14;CD163;CX3CR1
51966	33664479	TCF4
51970	33664479	TCF4
51978	33664479	TCF4
51983	33664479	TCF4
51991	33664479	TCF4
51992	33664479	TCF4
51994	33664479	TCF4
51995	33664479	TCF4
52043	33687475	THY1
52258	33759344	MMP9
52266	33759344	MMP9
52267	33759344	MMP9
52271	33759344	MMP9
52609	33886548	CX3CR1
52610	33886548	CX3CR1
52611	33886548	CX3CR1
52612	33886548	CX3CR1
52614	33886548	CX3CR1
52616	33886548	CX3CR1
52618	33886548	CX3CR1
52619	33886548	CX3CR1
52620	33886548	CX3CR1
52621	33886548	CX3CR1
52622	33886548	CX3CR1
52623	33886548	CX3CR1
52676	33918210	C5AR1
52680	33918210	C5AR1
53130	34061953	CHAT;SOX2
53131	34061953	CHAT
53159	34071220	MCC
53193	34072522	MITF
53201	34072522	MITF
53202	34072522	MITF
53204	34072522	TNC
53205	34072522	CDH5;COL1A1;FN1
53207	34072522	CDH5;FN1;MITF
53210	34072522	C1R;CCL4;FBN1;FN1
53211	34072522	MITF
53213	34072522	LAMA2;MMP9;NTNG1
53227	34072522	LAMA2
53231	34072522	MMP9
53235	34072522	LAMA2
53239	34072522	MMP9
53416	34200991	IGF1;THY1
53461	34200991	THY1
53476	34200991	THY1
53543	34205384	MAF
53567	34206213	THY1
53577	34206213	THY1
53587	34206213	FLT1
53588	34206213	THY1
53589	34206213	CA3
53629	34206213	CA3
53683	34207717	CD36
53689	34207717	CAMP
53694	34207717	CD36
53709	34214489	MITF
53732	34232261	THY1
53734	34232261	THY1
53739	34232261	THY1
53754	34232261	THY1
53755	34232261	THY1
53756	34232261	THY1
53837	34233716	COL1A2
54141	34360899	CD4
54200	34373754	CCL3;CCL4
54288	34433830	MPO
54334	34446062	PLVAP
54335	34446062	IL1B
54337	34446062	CX3CR1
54340	34446062	PECAM1
54341	34446062	PECAM1
54351	34446062	PECAM1
54358	34446062	CX3CR1
54360	34446062	IL1B;LCN2;MRC1
54361	34446062	IL1B;LCN2;MRC1
54366	34446062	CX3CR1
54367	34446062	IL1B;LCN2;MMP9
54370	34446062	PECAM1
54482	34572573	CDH5
54483	34572573	CX3CR1
54488	34572573	VIP
54619	34628463	IRF8
54627	34628463	IRF8
54628	34628463	IRF8
54641	34638907	CAMP
54690	34650985	MITF
54692	34650985	MITF;PMEL
54705	34650985	DCT;MITF
54706	34650985	MITF
54863	34674604	AIF1;CTSD
54874	34674604	CTSD
54877	34674604	AIF1
54892	34674604	AIF1;CTSD
54918	34681723	CCL3
54921	34681723	CCL3;CD74
54924	34681723	CD74
54928	34681723	CCL3;CD74
54931	34681723	AIF1
54937	34681723	CD74
54940	34681723	CD74
54941	34681723	CCL3
54957	34681723	CCL3
54958	34681723	CD74
54971	34681723	CCL3
54972	34681723	CD74
54986	34681723	CCL3
54987	34681723	CD74
55021	34681723	CCL3
55022	34681723	CD74
55108	34735454	GPNMB
55111	34735454	GPNMB
55118	34735454	GPNMB
55119	34735454	GPNMB
55120	34735454	GPNMB
55121	34735454	GPNMB
55122	34735454	GPNMB
55123	34735454	GPNMB
55124	34735454	GPNMB;PMEL
55125	34735454	GABRA2;GPNMB
55127	34735454	GPNMB
55129	34735454	GPNMB
55130	34735454	GPNMB
55135	34735454	GPNMB
55168	34750957	MITF
55171	34750957	MITF
55172	34750957	MITF;TYR;TYRP1
55178	34750957	ANXA1;APOE;C1R;C1S;CTSD;IGHG1;IGKC;PMEL;S100A10;S100A8;S100A9;TYRP1
55180	34750957	APOE
55181	34750957	APOE
55183	34750957	APOE
55186	34750957	APOE
55187	34750957	APOE
55303	34819832	CD36;TYR
55522	34830490	FCN1;S100A9
55523	34830490	C1S;DCT;TYR;TYRP1
55524	34830490	C1QC;C1S;COL3A1
55525	34830490	TYR;TYRP1
55526	34830490	DCT;TYR;TYRP1
55926	34830490	FCN1
55929	34830490	S100A9
55943	34830490	FCN1
55946	34830490	S100A9
56004	34867193	CAMP
56014	34867193	CAMP
56120	34912217	SOX2
56121	34912217	CD9
56130	34912217	CD9
56133	34912217	CD9;SOX2
56201	34930292	COL1A1;LCN2;TGFBI
56204	34930292	COL1A1;LCN2;TGFBI
56205	34930292	LCN2
56212	34930951	TYR
56213	34930951	TYR
56214	34930951	TYR
56215	34930951	TYR
56217	34930951	TYR
56218	34930951	TYR
56220	34930951	TYR
56223	34930951	TYR
56224	34930951	TYR
56225	34930951	TYR
56226	34930951	TYR
56227	34930951	TYR
56228	34930951	TYR
56231	34930951	THY1;TYR
56234	34930951	THY1
56253	34930951	TYR
56258	34930951	TYR
56268	34930951	THY1
56284	34930951	THY1
56726	35176707	CD36
56739	35176707	HMOX1
56785	35200544	CD4
56909	35216328	CHAT
56921	35216328	CHAT
56922	35216328	CHAT
56949	35223834	MMP9;TIMP1
56952	35223834	MMP9;TIMP1
56973	35235351	KDR
57029	35241647	GRIK2;TOP2A
57033	35241647	CAMP
57036	35241647	CAMP
57038	35241647	GRIK2;TOP2A
57057	35241647	GRIK2;TOP2A
57189	35241647	CAMP
57199	35241647	CAMP
57212	35241647	CAMP
57222	35241647	CAMP
57344	35271573	MMP9
57350	35271573	MMP9
57412	35278743	IL1B
57633	35330834	VIM
57642	35330834	VIM
57644	35330834	VIM
57837	35431772	HMOX1
57841	35431772	CCL3
57849	35431772	HMOX1
57853	35431772	HMOX1
57899	35474956	CA3
58165	35637215	THY1
58227	35639473	CD14
58228	35639473	CD9
58245	35639473	CD9
58277	35645574	CCL3;CCL4;IL1B
58286	35645574	CCL3;CCL4;IL1B
58289	35645574	IL1B
58444	35715869	APOE;SOX2
58457	35715869	APOE
58459	35715869	SOX2
58466	35715869	APOE
58495	35740973	CAMP
58629	35883037	APOE
58657	35886921	CHAT
58660	35886921	HMOX1
58666	35886921	HMOX1
58775	35897758	MPO
58779	35897758	CD4
58788	35897758	MPO
58833	35922863	CD9
58841	35922863	CD9
58846	35922863	CD9
58859	35922863	CD9
58863	35922863	IRF8
58908	35974011	SOX2
58924	35974011	SOX2
58944	35974011	DES
58950	35986368	CD163
58952	35986368	CD163
58958	35986368	CD163
58962	35986368	CD163
58968	35986368	CD163
58970	35986368	CD163
59060	35986368	CD163
59069	35986368	CD163
59351	36059936	CX3CR1
59376	36059936	CX3CR1
59378	36059936	CX3CR1;FLT1
59649	36096985	SOX2
59652	36096985	MITF;SOX2
59654	36096985	FN1;TYRP1
59655	36096985	FN1;TYRP1
59674	36096985	FN1;MITF;SOX2;TYRP1
59675	36096985	FN1;TYRP1
59676	36096985	FN1;TYRP1
59677	36096985	FN1
59678	36096985	TYR
59775	36106183	GPNMB
59780	36106183	THY1
59782	36106183	CHAT
59783	36106183	CHAT
59784	36106183	CHAT;THY1
59786	36106183	GPNMB
59790	36106183	CHAT;GPNMB;THY1
59800	36115971	CX3CR1
59802	36115971	CX3CR1
59806	36115971	SIGLEC11
59809	36115971	CX3CR1
59810	36115971	CX3CR1
59811	36115971	CX3CR1
59813	36115971	CX3CR1
59814	36115971	AIF1
59816	36115971	CX3CR1;P2RY12;TREM2
59825	36115971	CX3CR1;ICAM1;P2RY12;TMEM119;TREM2
59828	36115971	CX3CR1
59829	36115971	CX3CR1;P2RY12
59995	36148008	ADAMTS17;FBN1
59996	36148008	FBN1
60011	36148008	ADAMTS17
60012	36148008	FBN1
60151	36185374	MITF
60154	36185374	FN1;MITF;SOX2
60155	36185374	FN1;MITF;TYRP1
60156	36185374	FN1;TYRP1
60157	36185374	FN1;TYRP1
60158	36185374	FN1
60164	36185374	MITF
60165	36185374	MITF
60166	36185374	MITF
60167	36185374	FN1
60170	36185374	MITF
60171	36185374	MITF
60172	36185374	MITF
60174	36185374	FN1;MITF;SOX2;TYRP1
60179	36185374	SOX2
60182	36185374	MITF;SOX2
60184	36185374	FN1;MITF;SOX2;TYRP1
60185	36185374	FN1;TYRP1
60190	36185374	MITF
60191	36185374	MITF
60213	36185374	SOX2
60215	36185374	FN1
60221	36185374	MITF
60231	36185374	TYRP1
60252	36185374	SOX2
60290	36185374	SOX2
60292	36185374	FN1
60298	36185374	MITF
60308	36185374	TYRP1
60329	36185374	SOX2
60410	36220082	PECAM1
60414	36220082	PECAM1
60420	36220082	CDH5
60421	36220082	KDR;PECAM1
60429	36220082	CDH5
60430	36220082	CDH5
60431	36220082	KDR
60465	36220082	CDH5
60543	36220082	KDR
60544	36220082	PECAM1
60594	36220082	CDH5
60672	36220082	KDR
60673	36220082	PECAM1
60805	36262888	LYZ
60807	36262888	MAF
60830	36262888	LTF
60881	36262888	LYZ
60883	36262888	MAF
60906	36262888	LTF
61063	36292771	TYR
61242	36357388	XBP1
61245	36357388	XBP1
61270	36357388	XBP1
61281	36359858	IGF1
61360	36424523	ACTA2
61371	36424523	ACTA2
61393	36424523	ACTA2
61404	36424523	ACTA2
61418	36459481	SOX2
61446	36459481	DCT
61447	36459481	SOX2
61536	36466614	RELN
61544	36466614	MMP9
61545	36466614	MMP9
61549	36466614	MMP9
61551	36466614	MMP9
61552	36466614	MMP9
61569	36466614	MMP9
61594	36466614	MMP9
61776	36544284	CD9
61791	36544284	CD9
61795	36544284	COL1A2;RELN
61804	36544284	APOE
61841	36552081	MITF
61853	36552081	MITF
61901	36594014	MKI67
61912	36594014	SOX2
61913	36594014	SOX2
61915	36594014	SOX2
61917	36594014	SOX2
62169	36594396	UCHL1
62527	36645044	HIF1A
62565	36645044	BIRC5
62572	36645044	HIF1A
62590	36645044	BIRC5
62597	36645044	HIF1A
62611	36649236	TRPM1
62614	36649236	MITF;TRPM1
62615	36649236	DCT;MITF
62616	36649236	MITF;TRPM1;TYR
62617	36649236	LAMA2;MITF;TRPM1
62619	36649236	MITF;TRPM1;TYR
62620	36649236	MITF
62621	36649236	TRPM1
62622	36649236	TRPM1
62623	36649236	MITF;TRPM1
62624	36649236	TRPM1
62626	36649236	DCT
62637	36649236	MITF
62652	36653745	THY1
62678	36661824	TYR
62679	36661824	TYR
62680	36661824	TYR
62681	36661824	TYR
62686	36661824	TYR
62687	36661824	TYR
62689	36661824	TYR
62691	36661824	TYR
62692	36661824	TYR
62694	36661824	TYR
62711	36662852	AIF1;CX3CR1
62714	36662852	CCL3;IRF7
62817	36674579	VWF
62818	36674579	MMP9
62870	36750914	DACH2
62872	36750914	DACH2
62874	36750914	EYA4
62877	36750914	SOX2
62879	36750914	EYA4
62886	36750914	SOX2
62887	36750914	COL1A1
62891	36750914	RASGRF1
62895	36750914	EYA4;TYR
62936	36750914	DACH2
62955	36750914	EYA4
62987	36750914	DACH2
63006	36750914	EYA4
63056	36816119	CHAT
63065	36816119	CADM1
63088	36816119	CHAT
63106	36816119	CHAT
63179	36821627	SOX2
63184	36821627	SOX2
63370	36901754	CAMP
63393	36901754	S100A9
63424	36901754	S100A9
63451	36901754	CAMP
63456	36901754	CAMP
63469	36901754	CAMP
63474	36901754	CAMP
63564	36901754	IL1B
63601	36901754	IL1B
63632	36901754	CAMP
63643	36901754	CAMP
63800	36912597	LEPR
63845	36936905	C1R;C1S
63847	36936905	MMP2
63877	36969592	CD74;CX3CR1
63879	36969592	C1QC;CD74;CX3CR1
64299	37097227	XBP1
64303	37097227	XBP1
64308	37097227	XBP1
64309	37097227	XBP1
65054	37111243	THY1
65057	37111243	THY1
65059	37111243	THY1
65066	37111243	THY1
65308	37175646	KDR
65412	37185874	FN1;FTH1;ICAM1
65413	37185874	ACTA2;CDH2;VIM
65414	37185874	CDH2;VIM
65421	37185874	HMOX1
65430	37185874	MMP9;VIM
65443	37185874	CDH2
65478	37190767	MITF
65480	37190767	MLANA;TYRP1
65485	37190767	MITF;SOX2;TYRP1
65486	37190767	TYRP1
65487	37190767	SOX2;TYRP1
65489	37190767	MITF;SOX2;TYRP1
65490	37190767	TYRP1
65491	37190767	MITF
65501	37198396	TMEM119
65502	37198396	TMEM119
65514	37198396	TMEM119
65516	37198396	LIPA
65523	37198396	TMEM119
65554	37202450	MMP9
65651	37227126	VSX1
65654	37227126	MITF;SOX2;VSX1
65655	37227126	VSX1
65656	37227126	VSX1
65657	37227126	VSX1
65659	37227126	VSX1
65663	37227126	VSX1
65665	37227126	TAL1;VSX1
65666	37227126	VSX1
65667	37227126	VSX1
65669	37227126	VSX1
65671	37227126	VSX1
65672	37227126	VSX1
65673	37227126	VSX1
65675	37227126	VSX1
65679	37227126	VSX1
65680	37227126	TAL1;VSX1
65686	37227126	VSX1
65696	37227126	VSX1
65697	37227126	VSX1
65700	37227126	VSX1
65701	37227126	VSX1
65704	37227126	VSX1
65705	37227126	VSX1
65716	37227126	TAL1
65717	37227126	TAL1
65724	37227126	VSX1
65725	37227126	VSX1
65750	37227126	VSX1
65751	37227126	VSX1
65754	37227126	VSX1
65755	37227126	VSX1
65759	37227126	VSX1
65760	37227126	VSX1
65763	37227126	VSX1
65764	37227126	VSX1
65767	37227126	VSX1
65768	37227126	VSX1
65779	37227126	TAL1
65780	37227126	TAL1
65787	37227126	VSX1
65788	37227126	VSX1
65813	37227126	VSX1
65814	37227126	VSX1
65817	37227126	VSX1
65818	37227126	VSX1
65876	37326907	CCL3;CCL4;CLEC7A;IL1B
66036	37466802	VIP
66045	37466802	CD14
66049	37466802	BIRC5
66054	37466802	CD14
66057	37466802	VIP
66059	37466802	CCL5;CD14;CTSS;CX3CR1;IL1RN;TMEM119;TREM2
66060	37466802	VIP
66092	37466802	CD14
66099	37466802	CD14
66110	37466802	BIRC5
66122	37466802	BIRC5
66161	37485345	SOX2
66169	37485345	SOX2
66391	37527925	CD2
66398	37527925	CD2
66399	37528478	MITF
66402	37528478	MITF
66411	37528478	MITF;SLC4A11
66412	37528478	MITF
66418	37528478	MITF
66420	37528478	MITF
66422	37528478	MITF
66423	37528478	MITF;SLC4A11
66424	37528478	MITF
66426	37528478	MITF
66433	37528478	MITF
66441	37528478	SLC4A11
66447	37528478	MITF
66456	37528478	MITF
66464	37528478	SLC4A11
66470	37528478	MITF
66479	37528478	MITF
66494	37528478	MITF
66509	37569444	CD9
66522	37569444	CD9
66559	37605279	CX3CR1
66577	37605279	CX3CR1;IL1B;TMEM119
66579	37605279	MITF;TYR
66587	37605279	CX3CR1
66588	37605279	CX3CR1
66601	37637086	TYR
66603	37637086	CD4
66605	37637086	VIP
66614	37637086	MITF
66622	37637086	MITF
66625	37637086	MITF;PMEL
66628	37637086	PLVAP;VWF
66633	37637086	TYR;VIP
66635	37637086	VWF
66676	37637086	VIP
66679	37637086	TYR
66702	37637086	VIP
66705	37637086	TYR
66829	37686284	CAMP
66945	37751417	MITF
66949	37751417	DLL4
66973	37768732	MITF
66978	37768732	FN1
66988	37768732	MITF
66999	37768732	DES
67168	37867960	SOX2
67169	37867960	SOX2
67170	37867960	SOX2
67180	37867960	SOX2
67210	37867960	SOX2
67254	37867960	SOX2
67328	37895363	MITF
67329	37895363	SOX2
67342	37895363	MMP9
67349	37895363	SOX2
67354	37895363	MITF;SOX2
67384	37903056	CX3CR1
67385	37903056	CX3CR1
67386	37903056	CD163
67400	37903056	CD14
67409	37903056	CD14
67419	37903056	CD163
67433	37903056	CD163
67462	37903056	CCL5
67487	37903056	CCL5
67504	37923999	CD74
67509	37923999	DPT
67513	37923999	CD74
67520	37923999	CD74
67753	38042898	DLL4
67813	38098048	MITF
67814	38098048	MITF
67824	38098048	MITF
67833	38098048	MITF
67851	38102109	CX3CR1
67858	38102109	CX3CR1
67859	38102109	CX3CR1;P2RY12
67945	38253888	CD36
67969	38253888	APOE
68004	38253888	APOE
68011	38253888	APOE
68016	38256177	THY1
68024	38256177	THY1
68048	38279294	DCT;TYR
68050	38279294	MLANA
68051	38279294	DCT
68057	38279294	TYR
68061	38279294	PMEL
68072	38279294	DCT
68077	38279294	DCT
68084	38279294	TYR
68087	38279294	PMEL
68092	38279294	TYR
68095	38279294	PMEL
68098	38288111	CX3CR1
68099	38288111	CX3CR1
68106	38288111	CX3CR1
68108	38288111	CX3CR1
68115	38288111	CX3CR1
68116	38288111	CX3CR1
68160	38289613	FN1
68172	38289613	VIP
68174	38289613	VIP
68207	38311721	CX3CR1
68211	38311721	CX3CR1
68212	38311721	CX3CR1
68222	38311721	CD4;P2RY12
68227	38311721	CD4
68230	38311721	P2RY12
68232	38311721	C5AR1;CCL5;ICAM1;IL1B;LCN2;VCAM1
68235	38311721	CX3CR1
68237	38311721	P2RY12
68238	38311721	CX3CR1
68257	38339191	DES
68321	38388518	DCT
68327	38388518	AIF1
68330	38388518	AIF1;APOE
68425	38394392	CD4;HLA-DRB1
68426	38394392	CD4
68428	38394392	CD4
68434	38394392	CD4
68435	38394392	SOX2
68923	38528525	LCN2;PTGDS
68928	38528525	LCN2
68932	38528525	CDH5;COL1A1;LCN2;PECAM1;S100A8;TIMP1
68933	38528525	LCN2
68935	38528525	LCN2
68937	38528525	CDH5;COL1A1;PECAM1
68938	38528525	PTGDS
68943	38528525	S100A8
68944	38528525	LCN2
68948	38528525	VWF
68949	38528525	HMGCS2;PTGDS
68950	38528525	HMGCS2
68951	38528525	PTGDS
68952	38528525	CD36
68953	38528525	LCN2
68954	38528525	LCN2
68955	38528525	HMGCS2
68956	38528525	HMGCS2
68957	38528525	LCN2
68992	38548335	CAMK2A
68996	38548335	CAMP
69005	38548335	CAMP
69007	38548335	CAMP
69008	38548335	CAMP;CCL5;SOX2
69069	38587436	MMP9
69072	38587436	DCC
69120	38627341	DES
69143	38659223	GPNMB
69148	38659223	GPNMB
69149	38659223	CAMP
69150	38659223	CAMP
69315	38732096	TRPM1
69316	38732096	TRPM1
69317	38732096	TRPM1
69320	38732096	TRPM1
69322	38732096	TRPM1
69335	38732096	TRPM1
69336	38732096	TRPM1
69348	38732096	TRPM1
69349	38732096	TRPM1
69541	38744193	C1S;SLC1A3;VIM
69545	38744193	CD36
69713	38774075	THY1
69771	38789412	SOX2
69772	38789412	SOX2
69789	38789412	SOX2
69801	38892829	VCAN
69869	38935030	LHX1
69993	39102262	CD9
69998	39102262	CD9
70153	39133836	MITF
70161	39133836	MITF
70167	39133836	MITF
70190	39152126	SOX2
70192	39152126	CHAT;SOX2
70193	39152126	CHAT;SOX2
70194	39152126	SOX2
70200	39152126	SOX2
70232	39160068	SPP1
70234	39160068	SPP1
70248	39167399	P2RY12
70253	39167399	P2RY12
70376	39215063	CAMP
70697	39448868	VIP
70730	39451253	CAMP
70732	39451253	CACNA1E;IL7R
70733	39451253	APOE;IL7R
70736	39451253	CAMP
70874	39479233	APOE
71115	39482729	DES
71125	39482729	DES
71184	39570639	LEPR
71185	39570639	PECAM1
71216	39572643	VIM
71217	39572643	VIM
71218	39572643	VIM
71339	39663766	FTL
71361	39665817	CD9
71454	39671282	PECAM1
71457	39671282	PECAM1
71458	39671282	PECAM1
71468	39671282	PECAM1
71469	39671282	PECAM1
71516	39671282	PECAM1
71562	39671282	PECAM1
71635	39685661	SOX2
71661	39716241	CAMP
71668	39716241	ICAM1;IL1B;VCAM1
71670	39716241	CAMP
71676	39716241	IL1B
71677	39716241	CAMP;IL1B
71678	39716241	IL1B
71679	39716241	IL1B
71680	39716241	ICAM1;VCAM1
71681	39716241	ICAM1;VCAM1
71705	39745681	THY1
71983	39794828	THY1
72223	39859210	CENPF
72234	39859210	CENPF
72350	39967853	CCL5
72354	39967853	CCL3
72356	39967853	CCL5
72357	39967853	CCL5;DPT;SOX2
72358	39967853	CCL5
72359	39967853	CCL5
72707	40047526	MAF
72710	40047526	MAF
72722	40047526	SOX2
72756	40048184	APOE
72759	40048184	APOE
72761	40048184	MITF
72767	40048184	APOE
72774	40048184	CX3CR1
72775	40048184	APOE
72784	40048184	APOE
72804	40048184	APOE
72837	40048184	APOE
72860	40048184	APOE
72918	40129245	TRPM1
72948	40129245	TRPM1
72969	40129245	TRPM1
72999	40129245	TRPM1
73009	40170065	CD9
73014	40170065	CD9
73022	40170065	CD9
73024	40170065	CD9
73025	40170065	CD9
73026	40170065	CD9
73027	40170065	CD9
73049	40170065	CD9
73054	40170065	CD9
73072	40188342	CD4
73086	40188342	CD4
73098	40188342	CD4
73108	40188342	CD4
73109	40188342	CD4
73110	40188342	CD4
73111	40188342	CD4
73347	40216630	VIP
73425	40217267	APOE
73437	40226626	C1R;C1S
73438	40226626	FCN1
73468	40251274	CD74;COL1A1;COL3A1;DPT
73479	40251274	KDR
73481	40251274	CD36;IGF1
73482	40251274	CD74
73483	40251274	CD74;RAMP2
73484	40251274	RAMP2
73485	40251274	CD36;COL1A2;PDGFRB;SERPINF1
73486	40251274	APOE;CD36;SERPINF1
73487	40251274	COL1A1;COL1A2;COL3A1
73488	40251274	FLT1;KDR
73506	40303324	VCAM1
73513	40303324	CX3CR1;ICAM1;TMEM119;VCAM1
73514	40303324	ICAM1;VCAM1
73518	40303324	VCAM1
73542	40303324	TMEM119
73543	40303324	CX3CR1
73662	40365019	VCAN
73956	40499779	SOX2
73960	40499779	SERPINA1
74001	40557874	CCL5;CTSS
74002	40557874	CCL5
74004	40557874	CTSS
74005	40557874	CCL5;CTSS
74012	40557874	CCL5
74021	40557874	CCL5
74023	40557874	CTSS;GPNMB
74024	40557874	CTSS
74025	40557874	CCL5;CTSS
74027	40557874	CCL5;CTSS
74028	40557874	CTSS
74030	40557874	CCL5;CTSS
74077	40703032	FTH1
74079	40703032	FTH1
74087	40703032	FTH1
74097	40703032	FTH1
74098	40703032	FTH1
74102	40703032	FTH1
74103	40703032	FTH1
74474	40742403	CHAT
74475	40742403	CHAT
74480	40742403	CHAT
74516	40758602	IL1B
74564	40766181	CDH2
74715	40806966	THY1
74717	40806966	THY1
74723	40806966	THY1
74751	40820958	SOX2
74758	40820958	GABRR1;GABRR2
74759	40820958	GABRR1;GABRR2
74761	40820958	S100B
74764	40820958	CX3CR1
74771	40820958	GABRR1;GABRR2
74912	40820958	S100B
74920	40820958	CX3CR1
74939	40820958	S100B
74947	40820958	CX3CR1
75019	40956390	CD36
75020	40956390	CD36
75021	40956390	CD36
75022	40956390	CD36
75025	40956390	CD36
75026	40956390	CD36
75027	40956390	CD36
75059	40965404	FN1
75062	40965404	CHAT
75117	41012634	CCL5
75123	41012634	SPP1
75127	41012634	IRF7
75151	41012634	CCL5
75157	41012634	SPP1
75161	41012634	IRF7
75181	41017154	HIF1A
75182	41017154	HIF1A
75183	41017154	HIF1A
75185	41017154	HIF1A
75186	41017154	HIF1A
75187	41017154	AIF1;HIF1A
75189	41017154	HIF1A
75192	41017154	HIF1A
75193	41017154	HIF1A
75199	41017154	HIF1A
75209	41017154	HIF1A
75212	41017154	HIF1A
75282	41019299	THY1
75474	41030574	CD9
75490	41030574	CD9
75505	41071880	CDH5
75507	41071880	AIF1;C1QC;CDH5;DCN;ECSCR;IRF8;TMEM119
75508	41071880	AIF1
75510	41071880	PLVAP
75512	41071880	PLVAP
75710	41136552	CD9
75711	41136552	CD9
75712	41136552	CD9
75723	41136552	CD9
75924	41182029	SOX2
75938	41182029	SOX2
75943	41182029	SOX2
76018	41247127	C1S
76022	41247127	C1R
76029	41247127	C1S
76033	41247127	C1R
76155	41301852	MCC
76157	41301852	MCC
76158	41301852	MCC
76159	41301852	MCC
76160	41301852	MCC
76161	41301852	MCC
76163	41301852	MCC
76164	41301852	MCC
76165	41301852	MCC
76222	41301852	MCC
76252	41301852	MCC
76278	41304743	THY1
76290	41304743	MFRP
76863	41361454	CX3CR1
76864	41361454	CX3CR1
76874	41361454	CX3CR1
76887	41373691	POSTN
76917	41373691	POSTN
76929	41373691	POSTN
76931	41394857	CX3CR1
76932	41394857	CX3CR1
76933	41394857	CX3CR1
76938	41394857	CX3CR1
76941	41394857	CX3CR1
76944	41394857	CD4
76946	41394857	APOE
76962	41394857	CX3CR1
76964	41394857	CX3CR1
76966	41394857	CD4
76967	41394857	CD4
76969	41394857	CD4
76994	41394857	CX3CR1
76999	41394857	CX3CR1
77210	41545794	CAMP
77435	41571675	APOE
77436	41571675	APOE
77446	41571675	TMEM119
77447	41571675	TMEM119
77452	41571675	APOE
77453	41571675	APOE
77455	41571675	TMEM119;TPM3
77649	41655020	IL1B
77658	41655020	HMOX1
77682	41655020	HMOX1
77705	41741437	CX3CR1
77706	41741437	CX3CR1
77713	41741437	CX3CR1
77714	41741437	CX3CR1
77717	41741437	CX3CR1
77720	41741437	CX3CR1
77721	41741437	CX3CR1
77731	41746124	THY1
77801	41755996	HLA-DRB1
77808	41755996	DES
77854	41787550	DES
77864	41787550	C1QC
77881	41827851	CLDN5
77886	41827851	CLDN5
77894	41827851	PLVAP
77922	41827851	CLDN5
77926	41827851	CLDN5
78181	41844666	HMOX1
78199	41858616	THY1
78242	41858616	THY1
78320	41858616	THY1
78391	41910727	FTH1
78394	41910727	THY1
78717	42100001	MITF;SOX2
78729	42100001	MITF;SOX2
78759	42112684	TYR
78768	42112684	TYR
78777	42117501	LUM
78786	42117501	SOX2
78804	42137367	THY1
78809	42137367	THY1
78821	42137367	THY1
78824	42137367	THY1
78827	42137367	THY1
78833	42137367	THY1
78834	42137367	THY1
78923	42193986	POSTN
79097	42300676	TYR
79134	42300676	TYR
79162	36899873	CDH2
79288	36980168	TPM1;TPM2;TPM3;VIM
79290	36980168	ACTA2;COL1A1;ITGA11
79354	36982507	ABCB5
79391	37025993	CD4
79414	37025993	CD5L
79455	37025993	CD5L
79517	37061739	ABCB5;VIM
79520	37061739	ABCB5;VIM
79524	37061739	CD14
79530	37061739	ABCB5
79535	37061739	ALDH3A1;COL1A1;COL3A1;DCN;KERA;VIM
79539	37061739	ABCB5;VIM
79543	37061739	ALDH3A1
79545	37061739	ABCB5;VIM
79556	37061739	COL1A1
79562	37061739	COL3A1
79566	37061739	VIM
79578	37061739	KERA
79580	37061739	ALDH3A1
79584	37061739	DCN
79601	37061739	COL1A1
79607	37061739	COL3A1
79611	37061739	VIM
79623	37061739	KERA
79625	37061739	ALDH3A1
79629	37061739	DCN
79653	36821399	CCL5
79654	36821399	CCL5
79660	36821399	CCL5
79662	36821399	CCL5
79663	36821399	CAMP;CCL5
80144	37291161	ACTA2;CDH2;CENPF;KERA;MKI67;PTTG1;SLC4A11;TAGLN
80145	37291161	CENPF;MKI67
80146	37291161	CDH2;CENPF;MKI67;PTTG1;SLC4A11;TAGLN
80147	37291161	ACTA2;CDH2;SLC4A11
80148	37291161	ACTA2;SLC4A11;TAGLN
80149	37291161	ACTA2
80151	37291161	SLC4A11
80153	37291161	ACTA2;CENPF;MKI67;SLC4A11;TAGLN
80154	37291161	ACTA2;SLC4A11
80203	37316554	ACTA2;CDH2
80206	37316554	ACTA2;CDH2
80207	37316554	FN1;PECAM1
80213	37316554	LIPA
80214	37316554	ACTA2;CDH2;FN1;PECAM1
80271	37316554	ACTA2
80273	37316554	CDH2
80283	37316554	PECAM1
80285	37316554	FN1
80296	37316554	ACTA2
80298	37316554	CDH2
80308	37316554	PECAM1
80310	37316554	FN1
80479	37372033	XBP1
80481	37372033	XBP1
80488	37372033	XBP1
80491	37372033	XBP1
80716	37443724	MKI67;SOX2
80721	37443724	MKI67;SOX2
80843	37504962	DLL4;PECAM1;PLVAP
80848	37504962	DLL4;PECAM1;PLVAP
81285	37759301	LCN2
81286	37759301	LCN2
81296	37759301	STAB1
81297	37759301	LCN2
81298	37759301	LCN2
81299	37759301	KRT13;LCN2;PECAM1
81300	37759301	P2RY12;PDGFRB
81303	37759301	LCN2
81307	37759301	DCT
81308	37759301	APOE;LCN2;VIM
81315	37759301	LCN2;S100B
81317	37759301	LCN2
81392	37856539	KRT19
81393	37856539	TGFBI
81396	37856539	TFAP2C
81401	37856539	TGFBI
81404	37856539	TGFBI
81405	37856539	CLDN5
81415	37856539	TGFBI
81439	37887302	DCN
81448	37887302	TCF4
81482	37910617	CD4
81507	37947618	XBP1
81521	38007487	CD4
81524	38007487	CD4
81534	38007487	CD4
81545	38007487	CD4
81546	38007487	CD4
81551	38007487	CD4
81668	38136638	MMP9
81669	38136638	MMP9
81679	38136638	MMP2;MMP9
81683	38136638	MMP9
81685	38136638	MMP2;MMP9
81688	38136638	MMP2;MMP9
81689	38136638	MMP2
81692	38136638	MMP9
81806	38294803	COL1A2
81817	38294803	COL1A2
82160	38421865	CD3E;CD4
82228	38421865	CD4
82239	38421865	CD4
82250	38421865	CD4
82259	38421865	CD4
82300	38421865	CD4
82310	38421865	CD3E
82403	38421865	CD4
82413	38421865	CD3E
82571	38393691	MAF
83087	38635628	CAMP
83158	38722314	MITF
83159	38722314	MITF
83160	38722314	MKI67
83161	38722314	TYR;TYRP1
83162	38722314	C1R;C1S;CTSD;DCT;TYR;TYRP1
83195	38774716	DCN;KERA;LUM
83196	38774716	KERA;LUM;MGP;VIM
83197	38774716	KERA;MGP;VIM
83198	38774716	KERA;SOX2
83199	38774716	KERA;LUM;MGP;VIM
83203	38774716	KERA;LUM
83205	38774716	DCN;KERA;LUM;VIM
83240	38774716	KERA
83241	38774716	LUM
83242	38774716	DCN
83247	38774716	VIM
83341	38774716	KERA
83342	38774716	LUM
83343	38774716	DCN
83348	38774716	VIM
83449	38862465	ALDH3A1
83452	38862465	ALDH3A1;KERA;LUM
83453	38862465	ALDH3A1;KERA;LUM
83469	38862465	ALDH3A1
83474	38862465	ALDH3A1
83545	37490178	IGF1
83563	38997397	ACTA2;COL1A1;PDGFRB
83565	38997397	COL1A1;PDGFRB
83574	38997397	ACTA2;COL1A1;PDGFRB
83582	38997397	ACTA2
83586	38997397	COL1A1
83590	38997397	PDGFRB
83595	38997397	ACTA2
83599	38997397	COL1A1
83603	38997397	PDGFRB
83640	38498232	GZMB
83644	38498232	GZMB
83645	38498232	GZMB
83646	38498232	GZMB
83647	38498232	GZMB
83653	38498232	GZMB
83655	38498232	GZMB
83656	38498232	GZMB
83657	38498232	GZMB
83658	38498232	GZMB
83661	38498232	GZMB
83662	38498232	GZMB
83667	38498232	GZMB
83669	38498232	GZMB
83670	38498232	GZMB
83671	38498232	GZMB
83672	38498232	GZMB
83673	38498232	GZMB
83674	38498232	GZMB
83675	38498232	GZMB
83676	38498232	GZMB
83677	38498232	GZMB
83679	38498232	GZMB
83680	38498232	GZMB
83681	38498232	GZMB
83682	38498232	GZMB
83683	38498232	GZMB
83684	38498232	GZMB
83756	39185308	MMP2;MMP9
83763	39185308	MMP2;MMP9
83779	39185308	KDR
83780	39185308	PDGFRB
83781	39185308	MMP2
83782	39185308	MMP9
83795	39185308	KDR
83796	39185308	PDGFRB
83797	39185308	MMP2
83798	39185308	MMP9
83815	38383070	CDH8;FLT1;IL7R;NOTCH3
84072	39273646	ABCB5
84073	39273646	ABCB5
84074	39273646	ABCB5
84075	39273646	ABCB5
84076	39273646	ABCB5
84077	39273646	ABCB5
84078	39273646	ABCB5
84079	39273646	ABCB5
84080	39273646	ABCB5
84081	39273646	ABCB5;CD4
84082	39273646	ABCB5
84086	39273646	ABCB5
84087	39273646	ABCB5
84093	39273646	ABCB5
84096	39273646	ABCB5
84097	39273646	ABCB5
84099	39273646	ABCB5
84102	39273646	ABCB5
84103	39313534	ACTA2;FN1;VIM
84107	39313534	FN1;VIM
84114	39313534	FN1;VIM
84116	39313534	ACTA2;FN1
84121	39313534	VIM
84122	39313534	ACTA2;VIM
84124	39313534	ACTA2
84125	39313534	ACTA2;FN1
84127	39313534	ACTA2;FN1;VIM
84128	39313534	ACTA2;FN1
84144	39313534	FN1
84170	39313534	VIM
84207	39313534	FN1
84233	39313534	VIM
84260	39099424	CAMP
84266	39099424	VIP
84273	39099424	CAMP;VIP
84281	39099424	CAMP
84350	39374003	PECAM1
84424	39422453	LYVE1
84426	39422453	CDH5;FLT1;LYVE1
84427	39422453	CDH5
84428	39422453	CDH5
84429	39422453	FLT1
84430	39422453	DES;PDGFRB;RGS5
84433	39422453	KDR;PLVAP
84438	39422453	FLT1
84443	39422453	LYVE1
84467	39422453	FLT1
84469	39422453	LYVE1
84490	39422453	FLT1
84492	39422453	LYVE1
84512	39461953	ATP8B4;CXCR2;SLAMF7
84515	39461953	S100B
84522	39461953	CCL3;CXCR2;IGF1;MRC1
84531	39461953	S100B
84533	39461953	ATP8B4;CXCR2
84554	39499510	SOX2
84618	39521855	CTSD;LAMA2;RAMP2
84628	39521855	TYR
84654	39316206	IL1B;P2RY12
84662	39316206	IL1B
84738	39596239	COL1A1
84739	39596239	COL1A1
84744	39596239	COL1A1
84749	39596239	COL1A1
84765	39596239	COL1A1
84784	39596239	COL1A1
84862	39560644	FTL
84866	39560644	FTL
84932	39659974	DES
84971	39732756	FBN1;FBXL7;IGFBP7;RGS4;SLC4A11
84980	39732756	ACTA2;TAGLN
84981	39732756	IGFBP7
85019	39732756	FBXL7
85118	39732756	FBN1
85127	39732756	IGFBP7
85163	39732756	SLC4A11
85169	39732756	RGS4
85590	39732756	FBXL7
85689	39732756	FBN1
85698	39732756	IGFBP7
85734	39732756	SLC4A11
85740	39732756	RGS4
86462	39587330	CD9
86463	39587330	CAMP
86466	39587330	CAMP
86469	39587330	CAMP
86471	39587330	CD9
86475	39587330	CD9
86520	39587330	CD9
86602	39587330	CD9
86686	39662835	CAMP
86687	39662835	CAMP
86689	39662835	FN1
86691	39662835	FN1
86692	39662835	FN1
86693	39662835	FN1
86695	39662835	COL1A1;FN1;POSTN
86697	39662835	FN1
86698	39662835	CAMP;FN1
86699	39662835	CAMP;COL1A1;COL3A1;FN1;POSTN
86701	39662835	FN1
86712	39662835	FN1
86729	39905045	ALDH3A1;CD163
86742	39905045	ACTA2;ALDH3A1;CD163
86893	40001462	TREM2
87036	40149974	SOX2
87038	40149974	SOX2
87047	40149974	ALDH3A1;SOX2;SPP1;TIMP1
87048	40149974	SPP1;TIMP1
87052	40149974	ALDH3A1
87053	40149974	SOX2
87054	40149974	SOX2
87056	40149974	IGFBP7;MMP2;TIMP1
87058	40149974	MMP2;SPP1
87059	40149974	ALDH3A1;KERA;LUM
87060	40149974	SOX2
87062	40149974	MMP2;TIMP1
87064	40149974	SOX2
87068	40149974	LUM
87069	40149974	KERA
87071	40149974	ALDH3A1
87073	40149974	FN1
87075	40149974	SOX2
87083	40149974	LUM
87084	40149974	KERA
87086	40149974	ALDH3A1
87088	40149974	FN1
87090	40149974	SOX2
87097	40149974	ALDH3A1
87102	40149974	SOX2
87107	40149974	SPP1
87108	40149974	TIMP1
87110	40149974	ALDH3A1
87115	40149974	SOX2
87120	40149974	SPP1
87121	40149974	TIMP1
87122	40126508	MMP2;SERPINF1;VIM
87125	40126508	MMP2;SERPINF1;VIM
87126	40126508	VIM
87137	40126508	CDH2;MMP2;POSTN;VCAM1
87138	40126508	MMP2;SERPINF1;VIM
87139	40126508	VIM
87140	40126508	VIM
87141	40126508	MMP2;VCAM1
87200	40126508	CDH2
87215	40126508	MMP2
87220	40126508	SERPINF1
87222	40126508	CD14
87223	40126508	VCAM1
87226	40126508	POSTN
87233	40126508	CDH2
87248	40126508	MMP2
87253	40126508	SERPINF1
87255	40126508	CD14
87256	40126508	VCAM1
87259	40126508	POSTN
87273	40183102	COL1A1
87280	40183102	COL1A1
87283	40183102	ACTA2
87537	40287480	FN1;TCF4
87540	40287480	TCF4;TNR
87541	40287480	TCF4;TNR
87543	40287480	FN1
87544	40287480	FN1
87546	40287480	FN1
87547	40287480	TCF4;TNR
87549	40287480	TCF4;TNR
87550	40287480	TCF4;TNR
87551	40287480	TCF4;TNR
87552	40287480	FN1
87666	40390022	CA3;HIF1A
87686	40390022	HIF1A
87687	40390022	HIF1A
87689	40390022	S100A8;S100A9
87692	40390022	COL1A2;DCN;KERA;S100B
87693	40390022	COL1A1;COL1A2
87694	40390022	CA3
87696	40390022	HIF1A
87779	40437144	ACTA2;DCN;KERA;LUM
87786	40437144	ACTA2;CDH2;COL1A1;DCN;KERA;LUM
87791	40437144	LUM
87792	40437144	LUM
87793	40437144	DCN;LUM
87794	40437144	ACTA2;KERA;LUM
87795	40437144	LUM
87796	40437144	ACTA2;DCN;KERA;LUM;VIM
87797	40437144	ACTA2;KERA;LUM
87798	40437144	CDH2;LUM
87799	40437144	DCN;LUM
87800	40437144	ACTA2;KERA;LUM
87801	40437144	ACTA2;DCN;KERA;LUM
87802	40437144	LUM
87866	40520556	XBP1
87873	40520556	CD9
87885	40520556	MMP2;XBP1
87886	40520556	XBP1
87891	40520556	CD9
87894	40520556	XBP1
87895	40520556	MMP2;XBP1
87896	40520556	XBP1
87900	40520556	CAMP;XBP1
87902	40520556	XBP1
87907	37330004	HIF1A
87909	37330004	HIF1A;TYRP1
87918	37330004	HIF1A;TYRP1
87919	37330004	HIF1A
87920	37330004	HIF1A
87921	37330004	HIF1A
87922	37330004	HIF1A
87923	37330004	HIF1A
87924	37330004	HIF1A
87973	40576432	KERA
87976	40576432	KERA
87981	40576432	KERA
87985	40576432	KERA
87989	40576432	KERA
87994	40576432	ACTA2;CD74;COL1A1;DCT;MGP;MLANA;MPZ;MYH11;PECAM1;PMEL;SERPINF1;TOP2A;VWF
87996	40576432	ACTA2;KERA;MITF
87997	40576432	COL1A1;COL1A2;KERA
87998	40576432	HIF1A;KERA
87999	40576432	KERA
88000	40576432	KERA
88001	40576432	KERA
88002	40576432	COL1A1;DCT;FBN1;MGP;MLANA
88003	40576432	KERA;SERPINF1
88004	40576432	KERA
88005	40576432	KERA
88009	40576432	KERA
88010	40576432	KERA
88011	40576432	KERA
88012	40576432	C1R;KERA
88013	40576432	KERA
88014	40576432	KERA
88016	40576432	KERA
88017	40576432	KERA
88018	40576432	KERA
88019	40576432	C1R;KERA
88020	40576432	KERA
88021	40576432	KERA
88268	39915276	CAMP
88284	39915276	CAMP
88287	39915276	S100A9
88316	40660345	CD4
88326	40660345	CD4
88330	40660345	CD4
88411	40722990	CAMP
88450	40722990	IL1B
88459	40722990	IL1B
88476	40679332	FN1;TNC
88477	40679332	ACTA2;COL1A1;FN1;MMP9
88479	40679332	ACTA2;FN1;MMP9;TGFBI;TNC
88480	40679332	MKI67
88486	40679332	COL1A1;COL1A2;FN1;MAF;TNC
88506	40679332	TNC
88507	40679332	TGFBI
88508	40679332	FN1
88511	40679332	VCAM1
88516	40679332	ACTA2
88517	40679332	MMP2
88522	40679332	TNC
88523	40679332	TGFBI
88524	40679332	FN1
88527	40679332	VCAM1
88532	40679332	ACTA2
88533	40679332	MMP2
88553	40679332	TPM2
88562	40679332	ICAM1
88587	40679332	TPM3
88595	40679332	TPM1
88605	40679332	CALD1
88668	40679332	RGS4
88685	40679332	TPM2
88694	40679332	ICAM1
88719	40679332	TPM3
88727	40679332	TPM1
88737	40679332	CALD1
88800	40679332	RGS4
88804	40679332	CNN1
88806	40679332	AIF1
88818	40679332	ICAM1
88823	40679332	TPM2
88860	40679332	CALD1
88863	40679332	TPM3
88874	40679332	TPM1
88926	40679332	RGS4
88930	40679332	CNN1
88932	40679332	AIF1
88944	40679332	ICAM1
88949	40679332	TPM2
88986	40679332	CALD1
88989	40679332	TPM3
89000	40679332	TPM1
89052	40679332	RGS4
89055	40679332	TNC
89062	40679332	SPP1
89063	40679332	FN1
89064	40679332	TGFBI
89066	40679332	TAGLN
89067	40679332	COL3A1
89068	40679332	COL1A1
89072	40679332	VCAM1
89073	40679332	POSTN
89079	40679332	TIMP1
89083	40679332	MGP
89085	40679332	LUM
89090	40679332	COL1A2
89092	40679332	MMP2
89102	40679332	DCN
89104	40679332	TPM2
89116	40679332	CTHRC1
89124	40679332	MYL9
89125	40679332	ACTA2
89129	40679332	CALD1
89135	40679332	PRRX1
89139	40679332	FBN1
89141	40679332	TPM1
89164	40679332	LAMA3
89165	40679332	RGS4
89168	40679332	TNC
89175	40679332	SPP1
89176	40679332	FN1
89177	40679332	TGFBI
89179	40679332	TAGLN
89180	40679332	COL3A1
89181	40679332	COL1A1
89185	40679332	VCAM1
89186	40679332	POSTN
89192	40679332	TIMP1
89196	40679332	MGP
89198	40679332	LUM
89203	40679332	COL1A2
89205	40679332	MMP2
89215	40679332	DCN
89217	40679332	TPM2
89229	40679332	CTHRC1
89237	40679332	MYL9
89238	40679332	ACTA2
89242	40679332	CALD1
89248	40679332	PRRX1
89252	40679332	FBN1
89254	40679332	TPM1
89277	40679332	LAMA3
89278	40679332	RGS4
89293	40728360	PMEL;VIM
89294	40728360	VIM
89299	40728360	VIM
89309	40761516	ALDH3A1;HMOX1;MMP2
89310	40761516	COL1A1;COL3A1;FN1;HMOX1;LTF;LYZ;SERPINF1;TNC
89311	40761516	ALDH3A1;HMOX1
89312	40761516	ALDH3A1;HMOX1
89313	40761516	ALDH3A1;HMOX1;ICAM1
89325	40761516	ALDH3A1
89333	40761516	ALDH3A1;ICAM1
89350	40790141	MMP2
89352	40790141	MMP2
89354	40790141	MMP2
89355	40790141	MMP2
89356	40790141	MMP2
89360	40790141	MMP2
89361	40790141	MMP2
89493	40423739	IGF1;KDR;MGP;MMP9;SOX2;TAGLN
89495	40423739	MGP
89501	40423739	MGP;SOX2;TAGLN
89502	40423739	MGP;TAGLN
89511	40423739	MGP;SOX2
89516	40423739	CAMP;GABRR1;KDR;PLXDC1
89517	40423739	BIRC5;MKI67;PLXDC1
89520	40423739	FGF13;IGF1;KDR;MMP9;SPP1
89523	40423739	TIMP1
89524	40423739	IL1B
89525	40423739	MGP;SOX2;TAGLN
89526	40423739	SOX2
89527	40423739	MGP
89528	40423739	TAGLN
89529	40423739	MGP;SOX2;TAGLN
89530	40423739	MGP
89531	40423739	APOE;IGF1;KDR;MMP9;TIMP1
89533	40423739	ACTA2;CA3;DCN;MPZ;PTGDS;TAGLN
89557	40423739	MGP
89559	40423739	SOX2
89562	40423739	TAGLN
89571	40423739	MGP
89573	40423739	SOX2
89576	40423739	TAGLN
89592	40423739	MGP
89594	40423739	TAGLN
89597	40423739	MGP
89599	40423739	TAGLN
89608	40423739	MGP
89612	40423739	SOX2
89627	40423739	MGP
89631	40423739	SOX2
89650	40423739	CAMP
89651	40423739	PLXDC1
89653	40423739	GABRR1
89658	40423739	KDR
89667	40423739	CAMP
89668	40423739	PLXDC1
89670	40423739	GABRR1
89675	40423739	KDR
89685	40423739	BIRC5
89690	40423739	MKI67
89702	40423739	BIRC5
89707	40423739	MKI67
89713	40423739	PLXDC1
89729	40423739	PLXDC1
89748	40423739	TIMP1
89765	40423739	TIMP1
89781	40423739	TIMP1
89798	40423739	TIMP1
89815	40423739	IL1B
89820	40423739	IL1B
89976	40970665	CD9
89991	40970665	CD9
89994	40970665	ACTA2;FN1;MMP9;TIMP1
89998	40970665	TIMP1
89999	40970665	TIMP1
90022	40970665	FN1
90023	40970665	ACTA2
90025	40970665	MMP9
90026	40970665	TIMP1
90029	40970665	FN1
90030	40970665	ACTA2
90032	40970665	MMP9
90033	40970665	TIMP1
90076	41049616	CAMP
90080	41049616	CDH5
90081	41049616	CAMP
90090	41057298	TOP2A
90091	41057298	TOP2A
90092	41057298	TOP2A
90093	41057298	TOP2A
90094	41057298	TOP2A
90095	41057298	TOP2A
90096	41057298	TOP2A
90097	41057298	TOP2A
90101	41057298	TOP2A
90102	41057298	TOP2A
90103	41057298	TOP2A
90149	40961946	MITF
90240	40961946	MITF
90282	40961946	MITF
90318	41149584	VIM
90334	41149584	VIM
90352	40734361	ALDH3A1
90356	40734361	ALDH3A1
90357	40734361	ALDH3A1
90358	40734361	ALDH3A1
90359	40734361	ALDH3A1
90360	40734361	ALDH3A1
90361	40734361	ALDH3A1
90362	40734361	ALDH3A1
90363	40734361	ALDH3A1
90364	40734361	ALDH3A1
90365	40734361	ALDH3A1
90385	40734361	ALDH3A1
90398	40734361	ALDH3A1
90410	40734361	ALDH3A1
90417	40734361	ALDH3A1
90421	41224754	ALDH3A1
90427	41224754	ALDH3A1
90428	41224754	ALDH3A1
90433	41224754	COL1A1;COL3A1
90434	41224754	IL1B;TNC
90435	41224754	CCL5;IL1B;TNC
90438	41224754	ALDH3A1;IL1B
90441	41224754	MMP2;TNC
90450	41224754	ALDH3A1
90451	41224754	ALDH3A1
90453	41224754	ALDH3A1;COL1A1;COL3A1
90469	41261164	MITF
90471	41261164	NOTCH3
90686	41286165	COL1A1
90703	41286165	COL1A1
90704	41286165	COL1A1
90706	41286165	COL1A1
90710	41286165	COL1A1
90719	41294883	COL1A1
90766	41288322	MITF
90828	41373488	CD9
90839	41373488	CD9
90993	41439999	SLC1A3
91012	41471055	CD163
91022	41471055	CD163
91028	41471055	CD163
91034	41471055	CD163
91035	41471055	CD163
91232	41327293	COL1A1
91235	41327293	COL1A1
91252	41327293	COL1A1;DCN;FN1;TNC
91253	41327293	BIRC5;VCAN
91256	41327293	ANXA1
91262	41327293	COL1A1
91266	41327293	COL1A1
91278	41533907	GPR143;TYR
91279	41533907	GPR143
91280	41533907	TYR
91281	41533907	TYR
91282	41533907	GPR143
91284	41533907	TYR
91285	41533907	TYR
91289	41533907	TYR
91290	41533907	GPR143;TYR
91291	41533907	GPR143
91292	41533907	GPR143;TYR
91293	41533907	GPR143;TYR
91294	41533907	GPR143;TYR
91307	41402314	COL1A1
91310	41402314	MMP2
91313	41402314	TAGLN
91315	41402314	ACTA2;CAMK2A;COL1A1;MMP2
91316	41402314	COL1A1
91318	41402314	COL1A1
91319	41402314	COL1A1
91320	41402314	COL1A1
91323	41402314	MMP2;POSTN
91324	41402314	COL1A1
91335	41402314	COL1A1;MMP2
91339	41402314	COL1A1;MMP2
91420	41601638	IRF7
91422	41601638	IRF7
91429	41601638	IRF7
91430	41601638	IRF7
91432	41601638	IRF7
91433	41601638	IRF7
91437	41601638	IRF7
91438	41601638	IRF7
91439	41601638	IRF7
91444	41601638	IRF7;IRF8
91445	41601638	IRF7
91446	41601638	IRF7
91447	41601638	IRF7
91448	41601638	IRF7
91449	41601638	IRF7
91450	41601638	IRF7
91451	41601638	IRF7
91452	41601638	IRF7
91518	41629264	CXCR2
91523	41629264	ACTA2;FN1
91524	41629264	ACTA2
91526	41629264	ACTA2;FN1
91528	41629264	ACTA2
91530	41629264	ACTA2;CXCR2;FN1
91531	41629264	ACTA2;CXCR2
91532	41629264	CXCR2
91534	41629264	CXCR2
91545	41629264	TGFBI
91547	41629264	CXCR2
91680	41677389	PECAM1
91682	41677389	PECAM1
91683	41677389	KDR
91686	41677389	PECAM1
91889	40441296	TYR
91933	41794792	CD36
92049	41858782	AQP5
92074	41848364	HMOX1
92077	41848364	HMOX1
92078	41848364	HMOX1
92090	41848364	HMOX1
92099	41848364	FLT1
92100	41848364	FTH1;HMOX1;ICAM1
92102	41848364	SPP1
92105	41848364	HMOX1
92106	41848364	HMOX1
92107	41848364	FLT1;FTH1;HMOX1
92108	41848364	HMOX1
92160	41929428	TIMP1;VCAN
92165	41929428	TIMP1;VCAN
92170	41929428	TIMP1;VCAN
92171	41929428	CD4
92173	41929428	TIMP1;VCAN
92203	41929428	TIMP1
92204	41929428	VCAN
92214	41929428	TIMP1
92215	41929428	VCAN
92224	41929428	TIMP1
92225	41929428	VCAN
92234	41929428	TIMP1
92235	41929428	VCAN
92243	41746809	RELN
92251	41746809	RELN
92436	41945556	MPO
92444	41945556	MPO
92448	41945556	MPO
92451	41945556	MPO
92453	41945556	MPO
92463	41972697	MCC
92471	41972697	MCC
92472	41972697	MCC
92473	41972697	MCC
92594	42030193	DPT;LUM
92595	42030193	APOE
92599	42030193	APOE
92600	42030193	APOE;COL1A2;CTSD;DCN;FBN1;LUM;MMP2
92635	42030193	COL1A1
92636	42030193	COL1A2
92638	42030193	DPT
92639	42030193	DPT
92640	42030193	FBN1
92642	42030193	LUM
92646	42030193	SERPINA1
92647	42030193	SERPINA1
92649	42030193	ANXA1
92651	42030193	S100A9
92657	42030193	COL1A1
92658	42030193	COL1A2
92660	42030193	DPT
92661	42030193	DPT
92662	42030193	FBN1
92664	42030193	LUM
92668	42030193	SERPINA1
92669	42030193	SERPINA1
92671	42030193	ANXA1
92673	42030193	S100A9
92687	42030193	LYZ
92699	42030193	LYZ
92705	42030193	APOE
92711	42030193	LYZ
92717	42030193	APOE
92723	42030193	LYZ
92737	42030193	FBN1
92739	42030193	APOE
92758	42030193	MYH11
92775	42030193	FBN1
92777	42030193	APOE
92796	42030193	MYH11
92809	42030193	CTSD
92822	42030193	CTSD
92958	42194274	ACTA2;COL1A1
92968	42194274	COL1A1
92978	41947146	COL1A1
92993	41947146	COL1A1
92994	41947146	COL1A1
92997	41947146	COL1A1
92999	41947146	COL1A1
93000	41947146	COL1A1
93002	41947146	COL1A1
93003	41947146	COL1A1
93004	41947146	COL1A1
93006	41947146	COL1A1
93048	42278399	FBN1
93052	42278399	FBN1
93054	42278399	FBN1
93179	42105234	SOX2
93191	42105234	SOX2
93242	42105234	SOX2
93434	42105234	SOX2
93609	41957701	CAMP
93610	41957701	CAMP
93617	41957701	CAMP
93618	41957701	CAMP
93619	41957701	CAMP
93629	41957701	CAMP
93639	41957701	CAMP
93741	42152120	CX3CR1
93743	42152120	CX3CR1
93747	42152120	FOLR2;LYVE1
93749	42152120	CX3CR1
93757	42152120	CX3CR1
93758	42152120	CX3CR1
93759	42152120	CX3CR1
93760	42152120	CX3CR1
93762	42152120	CX3CR1;FOLR2;LYVE1
93763	42152120	CX3CR1;FOLR2;LYVE1;VSIG4
93766	42152120	CX3CR1
93823	41856199	PTGDS
93827	41856199	CAMP
93833	41856199	PTGDS
93835	41856199	PTGDS
93839	41856199	PTGDS
93840	41856199	PTGDS
93861	41856199	PTGDS
93864	41856199	PTGDS
94252	42495118	CD14
94260	42495118	LUM
94267	42495118	VIP
94269	42495118	CD14
94270	42495118	LUM
94364	42539746	ABCB5
94373	42539746	VIM
94374	42539746	VIM
94378	42539746	VIM
94397	42555200	FTH1
94424	42342706	MCC
94428	42342706	MCC
94430	42342706	MCC
94437	42342706	RGS4
94482	40903948	IL1B
94499	40903948	CHAT
94518	40903948	CHAT
94558	40903948	IL1B
94575	40903948	IL1B
94609	42587300	IGFBP7
94610	42587300	MMP2
94611	42587300	MMP2
94613	42587300	MMP2
94617	42587300	MMP2
94620	42587300	ICAM1
94623	42587300	MMP2
94624	42587300	MMP2
94681	42587300	IGFBP7
94687	42587300	MMP2
94695	42587300	IGFBP7
94701	42587300	MMP2
94707	42587300	MMP2
94708	42587300	MMP2
94713	42587300	MMP2
94714	42587300	MMP2
94722	42587300	MMP2
94737	42587300	MMP2
94851	42316211	THY1
94855	42316211	THY1
94861	42316211	THY1
94987	42764995	CHAT
94993	42764995	CHAT
95001	42764995	IGF1
95004	42764995	IGF1
95096	31973769	MPO
95098	31973769	MPO
95108	31973769	MPO
95109	31973769	MPO
95111	31973769	MPO
95112	31973769	CCL3;CCL5
95113	31973769	CCL3;CCL5
95173	31936298	CAMP
95180	31936298	CAMP
95188	31936298	CAMP
95189	31936298	CAMP
95191	31936298	CAMP
95192	31936298	CAMP
95292	32106630	CX3CR1
95293	32106630	CX3CR1
95455	32426498	SLC4A11;TCF4
95458	32426498	MPO
95460	32426498	SLC4A11
95461	32426498	GPNMB;TYRP1
95473	32426498	MPO
95481	32450896	GPNMB;TYRP1
95483	32450896	GPNMB
95484	32450896	GPNMB
95486	32450896	AIF1;CX3CR1;GPNMB;GPR34;ITGAX;MRC1;OLFML3;P2RY12;TMEM119
95487	32450896	C1QC;GPNMB;TREM2
95488	32450896	CCL5;GPNMB;HIF1A
95490	32450896	CX3CR1;TREM2
95491	32450896	GPNMB
95492	32450896	P2RY12
95493	32450896	P2RY12;TREM2
95495	32450896	HIF1A;TREM2
95512	32450896	TMEM119
95513	32450896	P2RY12
95515	32450896	GPR34
95516	32450896	OLFML3
95517	32450896	CX3CR1
95518	32450896	AIF1
95519	32450896	ITGAX
95522	32450896	MRC1
95545	32450896	TMEM119
95546	32450896	P2RY12
95548	32450896	GPR34
95549	32450896	OLFML3
95550	32450896	CX3CR1
95551	32450896	AIF1
95552	32450896	ITGAX
95555	32450896	MRC1
95581	32483256	IGF1
95582	32483256	DCT;MITF;PMEL
95591	32483256	MITF
95673	32031576	DLL4
95872	32832237	DCN
95875	32832237	DCN
95886	32832237	VWF
95890	32832237	DCN
95891	32832237	DCN
95892	32832237	VWF
95893	32832237	CDH2;DCN
95894	32832237	CDH2
95895	32832237	DCN
95909	32832237	CDH2
95912	32832237	DCN
95927	32832237	CDH2
95930	32832237	DCN
95941	32832237	CDH2
95959	32832237	CDH2
95981	32832237	DCN
95991	32832237	DCN
96001	32832237	DCN
96004	32832237	CDH2
96011	32832237	DCN
96014	32832237	CDH2
96028	32567221	SELL
96036	32567221	SELL
96041	32567221	SELL
96152	32792522	SLC40A1
96184	32792522	SLC40A1
96196	32792522	FTH1
96197	32792522	FTL
96212	32792522	HMOX1
96253	32792522	FTH1
96254	32792522	FTL
96269	32792522	HMOX1
96314	32792522	CD2
96370	32792522	CD2
96480	32792522	HMOX1
96528	32792522	HMOX1
97013	33046735	BIRC5
97019	33046735	BIRC5
97020	33046735	MRC1
97023	33046735	BIRC5
97138	32916859	DCC
97189	33077798	XBP1
97192	33077798	XBP1
97194	33077798	XBP1
97195	33077798	XBP1
97196	33077798	XBP1
97204	33077798	XBP1
97225	33077798	XBP1
97247	33077798	XBP1
97264	33053795	CD4
97266	33053795	CD4
97270	33053795	CD4;LYVE1
97305	33141819	MRC1
97397	33176797	C5AR1
97411	33176797	CCL3;CCL4;MS4A7
97412	33176797	CX3CR1;TCL1A;TMEM119
97426	33214552	CA3
97431	33214552	MAF
97432	33214552	MAF
97454	33214552	MAF
97461	33214552	MAF
97462	33214552	MAF
97463	33214552	MAF
97471	33214552	MAF
97472	33214552	MAF
97473	33214552	MAF
97516	33239074	CD4
97524	33239074	CD4
97525	33239074	CD4
97530	33239074	CD4
97563	33138064	CD4
97790	33293617	THY1
97791	33293617	THY1
97793	33293617	THY1
97810	33293617	THY1
97933	33305736	P2RY12
97944	33305736	P2RY12
97957	33372037	CAMP
97958	33372037	CAMP;CTSS
97959	33372037	CTSS
97962	33372037	CTSS
97967	33372037	CTSS
97968	33372037	CTSS
97969	33372037	CTSS
97971	33372037	CTSS
97975	33372037	CTSS
97978	33372037	CTSS
97979	33372037	CTSS
97980	33372037	CTSS
97982	33372037	CTSS
98085	33485387	KRT19;SOX2
98086	33485387	CDH2;COL1A1;COL1A2;FBN1;KRT19;MKI67;SOX2;TFAP2C;TOP2A;VIM
98087	33485387	CDH2;KRT19;MKI67;TOP2A
98088	33485387	CD9;CDH5;COL1A2;COL3A1;THY1
98089	33485387	ABCB5
98090	33485387	CD9;MKI67;TOP2A
98126	33507997	IL1B
98139	33507997	IL1B
98148	33507997	IL1B
98278	33572787	FTH1;FTL;MAF
98303	33572787	CALD1;CENPF;FBN1;FN1;HIF1A;HMOX1;IGFBP7;IL7R;RELN;TPM1;TPM2;TPM3;UCHL1;VIM
98304	33572787	BIRC5;NUSAP1;TM4SF1;TOP2A
98305	33572787	FN1;HIF1A;HMOX1
98306	33572787	FBN1;FN1;TOP2A;VIM
98308	33572787	CALD1;CENPF;FBN1;FN1;HIF1A;HMOX1;IGFBP7;IL7R;RELN;TPM1;TPM2;TPM3;UCHL1;VIM
98309	33572787	BIRC5;NUSAP1;TM4SF1;TOP2A
98310	33572787	FN1;HIF1A;HMOX1
98311	33572787	FBN1;FN1;TOP2A;VIM
98319	33817299	LCK;MPO
98320	33817299	CD79A
98323	33817299	CD79A
98524	33741066	ABCB5
98525	33741066	ABCB5
98526	33741066	ABCB5
98527	33741066	ABCB5
98528	33741066	ABCB5
98531	33741066	ABCB5
98534	33741066	ABCB5
98535	33741066	ABCB5
98538	33741066	ABCB5
98540	33741066	ABCB5
98542	33741066	ABCB5
98544	33741066	ABCB5
98548	33741066	ABCB5
98550	33741066	ABCB5
98551	33741066	ABCB5
98554	33741066	ABCB5
98556	33741066	ABCB5
98557	33741066	ABCB5
98560	33741066	ABCB5
98561	33741066	ABCB5
98562	33741066	ABCB5
98563	33741066	ABCB5
98564	33741066	ABCB5
98565	33741066	ABCB5
98566	33741066	ABCB5
98567	33741066	ABCB5
98568	33741066	ABCB5
98569	33741066	ABCB5
98570	33741066	ABCB5
98571	33741066	ABCB5
98572	33741066	ABCB5
98573	33741066	ABCB5
98574	33741066	ABCB5
98575	33741066	ABCB5
98576	33741066	ABCB5
98577	33741066	ABCB5
98594	33741066	ABCB5
98596	33741066	ABCB5
98616	33741066	ABCB5
98618	33741066	ABCB5
98625	33741066	ABCB5
98636	33741066	ABCB5
98647	33741066	ABCB5
98649	33741066	ABCB5
98653	33741066	ABCB5
98656	33741066	ABCB5
98661	33741066	ABCB5
98663	33741066	ABCB5
98667	33741066	ABCB5
98670	33741066	ABCB5
98832	33795740	MGP;SOX2
98834	33795740	MGP
98835	33795740	MGP
98839	33795740	MGP
98840	33795740	MGP
98870	33714955	MGP
98917	33800535	SOX2
98918	33800535	SOX2
98924	33800535	SOX2
98977	33981197	TMEM119
98979	33981197	TMEM119
98988	33981197	TMEM119
98989	33981197	TMEM119
99015	33994920	MITF
99017	33994920	FN1;LAMA2
99023	33994920	FN1
99024	33994920	TPM2
99047	34015102	SOX2
99061	34015102	SOX2
99062	34015102	HLA-DRA;PTGDS
99633	34239027	COL1A1
99637	34239027	MGP
99640	34239027	COL1A1
99641	34239027	COL1A1
99644	34239027	COL1A1
99648	34239027	COL1A1
99649	34239027	MGP
99665	34202702	IL1B
99668	34202702	IL1B
99930	34430272	TPM3
99943	34430272	TPM3
100047	34445595	CAMP
100076	34448806	CD163
100078	34448806	CD163
100092	34448806	CD163
100096	34448806	CD163
100097	34448806	CD163
100122	34491262	CD163
100195	34572584	MGP
100197	34572584	MGP;SOX2
100199	34572584	MGP;SOX2
100237	34572584	MGP;SOX2;VIM
100245	34572584	MGP;SOX2;VIM
100249	34572584	SOX2
100251	34572584	SOX2
100252	34572584	DES;PECAM1;POSTN
100254	34572584	SOX2
100256	34572584	SOX2
100257	34572584	DES;PECAM1;POSTN
100261	34572584	MGP
100265	34572584	MGP
100271	34572584	MGP
100275	34572584	MGP
100291	34572584	MGP
100307	34572584	MGP
100326	34588570	MMP2;MMP9;TIMP1
100328	34588570	MMP2;MMP9
100353	34469037	CD4
100411	34644112	CAMP
100528	34558505	CA3
100541	34558505	CA3
100574	34558505	CA3;THY1
100582	34558505	CA3;THY1
100647	34786561	IGF1
100732	34786561	IGF1
100855	34783308	CHRM3
100856	34783308	ACTA2;CHRM3;MYH11
100857	34783308	CHRM2;CHRM3
100859	34783308	CLDN5;DCT;MITF;TYR;TYRP1
100861	34783308	CAMP
100867	34783308	ACTA2;MYH11
100869	34783308	CAMP
100871	34783308	CLDN5
100876	34783308	CHRM3;MYH11;NTNG1;SNTG1
100878	34783308	CHRM3
100895	34809716	SOX2
100897	34809716	IGF1
100903	34809716	MITF;SOX2;VIM
100904	34809716	MITF
100905	34809716	MITF;VIM
100906	34809716	VIM
100907	34809716	MITF;VIM
100908	34809716	MITF;SOX2
100909	34809716	MITF
100910	34809716	MITF
100913	34809716	VIM
101091	34934336	CX3CR1
101093	34934336	CX3CR1
101099	34934336	CX3CR1
101116	34934336	CX3CR1
101118	34934336	CX3CR1
101120	34934336	CX3CR1
101638	35073969	FN1
101658	35140707	DPT
101661	35140707	TMEM119
101668	35140707	TMEM119
101670	35140707	TMEM119
101671	35140707	TMEM119
101673	35140707	C1QC
101678	35140707	TMEM119
101696	35140707	TMEM119
101705	35140707	TMEM119
101713	35140707	C1QC
101714	35140707	C1QC
101735	35140707	TMEM119
101736	35140707	TMEM119
101746	35140707	C1QC
101747	35140707	C1QC
101768	35140707	TMEM119
101769	35140707	TMEM119
101978	35358193	CD4
101983	35358193	HIF1A;ICAM1;MMP2;MMP9
101985	35358193	HIF1A;ICAM1;MMP2;MMP9
102092	35358193	HIF1A
102093	35358193	ICAM1
102096	35358193	MMP2
102097	35358193	MMP9
102103	35358193	TGFBI
102110	35358193	HIF1A
102111	35358193	ICAM1
102114	35358193	MMP2
102115	35358193	MMP9
102121	35358193	TGFBI
102156	35406581	CD163
102192	35432302	ACTA2;MGP
102276	35453399	CD36
102320	35493079	COL3A1
102360	35557957	FBN1
102361	35557957	LMOD1
102494	35557957	FBN1
102504	35557957	ITM2B
102548	35557957	FBN1
102558	35557957	ITM2B
102651	35627267	GRM5
102655	35627267	APOE
102696	35627267	GRM5
102700	35627267	RAMP2
102702	35627267	VCAN
102735	35627267	GRM5
102739	35627267	RAMP2
102741	35627267	VCAN
102813	35561216	TIMP1
102814	35561216	APOE
102818	35561216	MMP2;MMP9
102858	35561216	S100A9
102870	35561216	VCAM1
102873	35561216	TIMP1
102888	35561216	S100A9
102900	35561216	VCAM1
102903	35561216	TIMP1
102948	35741122	CD79B
102958	35741122	CD4
103093	35805085	FN1
103097	35805085	ANXA1
103100	35805085	COL3A1;FN1;MAF;SOX2;TNC;VIM;ZFPM2
103101	35805085	CDH2;CDH8;FN1
103102	35805085	CDH2;TNC
103106	35805085	CDH2
103256	35915300	P2RY12
103294	35965828	MPO
103296	35965828	MPO
103307	35965828	MPO
103308	35965828	MPO
103310	35965828	MPO
103312	35965828	MPO
103346	36010635	FN1
103350	36010635	FN1
103351	36010635	ACTA2
103352	36010635	COL1A2
103360	36010635	FN1
103364	36010635	FN1
103365	36010635	ACTA2
103366	36010635	COL1A2
103450	36064625	MITF
103454	36064625	MITF;TYR
103456	36064625	MITF
103475	36092714	COL1A1;COL1A2
103481	36092714	MITF
103482	36092714	APOE;MMP2
103510	36123992	COL1A1
103745	36175572	CAMP
103772	36204234	COL1A1
103773	36204234	MMP9
103774	36204234	MMP9
103780	36204234	MMP9
103784	36204234	MMP9
103803	36190459	LYVE1
103889	36267780	RGS1
103891	36267780	RGS1
103892	36267780	RGS1
103893	36267780	RGS1
103894	36267780	RGS1
103895	36267780	RGS1;RGS5
103898	36267780	RGS1
103899	36267780	RGS1
103900	36267780	RGS1
103901	36267780	RGS1
103904	36267780	RGS1
103905	36267780	RGS1
103907	36267780	RGS1
103908	36267780	RGS1
103909	36267780	RGS1
103910	36267780	RGS1
103911	36267780	RGS1
103913	36267780	RGS1
103914	36267780	RGS1
103915	36267780	RGS1
103916	36267780	RGS1
103917	36267780	RGS1
103918	36267780	RGS1
103920	36267780	RGS1
103921	36267780	RGS1
103924	36267780	RGS1
103926	36267780	RGS1
103927	36267780	RGS1
103930	36267780	RGS1
103944	36291115	ABCB5
103952	36291115	ABCB5
103961	36291115	ABCB5
103972	36291115	ABCB5
104013	36291115	ABCB5
104023	36291115	ABCB5
104033	36291115	ABCB5
104062	36291115	ABCB5
104092	36074075	VIP
104093	36074075	VIP
104102	36074075	VIP
104106	36074075	VIP
104208	36430917	FN1
104217	36430917	FN1
104218	36430917	FN1
104219	36430917	FN1
104383	36555236	APOE
104388	36555236	ICAM1;IL1B
104397	36555236	APOE
104411	36712326	KERA
104412	36712326	DCN;KERA;KRT19;LUM
104413	36712326	CENPF;KRT19
104415	36712326	COL1A1;COL1A2;COL3A1;DCN;KERA;LUM
104416	36712326	ALDH3A1;FN1;POSTN
104417	36712326	DCN;KERA;LUM;MKI67;TAGLN;TCF4;TOP2A
104419	36712326	ACTA2;CCL3;CCL4;CLDN5;DCC;DCT;HLA-DQA1;HLA-DRA;HLA-DRB1;IL1B;LYVE1;MLANA;NRXN1;PMEL;TRPM1;TYR;TYRP1
104420	36712326	CENPF;DCN;KERA;LUM;MKI67;TOP2A
104421	36712326	COL1A1;COL1A2;COL3A1;POSTN
104436	36611829	SOX2
104451	36611829	IRF8
104457	36611829	CCL5;SOX2
104458	36611829	XBP1
104518	36671472	CD14
104535	36675091	FTH1;FTL
104537	36675091	FTL
104562	36699005	CAMP
104564	36699005	CA3
104567	36699005	CA3
104570	36699005	CAMP
104581	36699005	CA3
104594	36699005	CA3
104644	36766843	IGF1
104645	36766843	KDR
104659	36766843	BIRC5;GABRA2
104660	36766843	COL1A1;DLL4;FN1;KDR;MMP9;TRPM1
104664	36766843	DACH2;MAF;MITF
104665	36766843	FLT1;KDR;MKI67
104668	36766843	TFAP2C
104673	36766843	SOX2
104674	36766843	CAMP;MAF;SOX2
104677	36766843	MMP9;SPP1
104721	36820148	MCC
104763	36830824	CAMP
104819	36901786	THY1
104820	36901786	THY1
104824	36901786	THY1
104827	36901786	THY1
104831	36901786	THY1
104835	36901786	THY1
104947	36975524	COL1A2
104949	36982917	ALDH3A1
104950	36982917	ALDH3A1
104951	36982917	ALDH3A1
104952	36982917	ALDH3A1
104953	36982917	ALDH3A1
104954	36982917	ALDH3A1
104955	36982917	ALDH3A1
104956	36982917	ALDH3A1
104957	36982917	ALDH3A1
104958	36982917	ALDH3A1
104959	36982917	ALDH3A1
104960	36982917	ALDH3A1
104961	36982917	ALDH3A1
104962	36982917	ALDH3A1
104963	36982917	ALDH3A1
104964	36982917	ALDH3A1
104965	36982917	ALDH3A1
104968	36982917	ALDH3A1
104970	36982917	ALDH3A1
104973	36982917	ALDH3A1
104974	36982917	ALDH3A1
104975	36982917	ALDH3A1
104976	36982917	ALDH3A1
104978	36982917	ALDH3A1
105015	36744302	CAMP
105016	36744302	CAMP
105020	36744302	CAMP
105023	36744302	CAMP
105030	36744302	CAMP
105032	36744302	CAMP
105067	36880430	CDH2
105143	37107259	MMP2;MMP9
105144	37107259	MMP2;MMP9
105169	37111351	CAMP
105202	37103007	CTSS
105203	37103007	TGFBI
105205	37103007	XBP1
105207	36856978	CD4
105210	36856978	CD4
105216	36856978	CD4
105237	36856978	CD4
105241	36856978	CD4
105243	36856978	CD4
105244	36856978	CD4
105258	36856978	CD4
105264	36856978	CD4
105290	36856978	CD4
105303	36856978	CD4
105388	36856978	CD4
105389	36856978	CD4
105390	36856978	CD4
105391	36856978	CD4
105393	36856978	CD4
105394	36856978	CD4
105397	36856978	CD4
105398	36856978	CD4
105399	36856978	CD4
105400	36856978	CD4
105402	36856978	CD4
105403	36856978	CD4
105523	37253747	DLL4
105525	37253747	DLL4
105530	37253747	DLL4
105534	37253747	DLL4
105535	37253747	DLL4
105550	37253747	DLL4
105555	37253747	DLL4
105556	37253747	DLL4
105848	37371094	TGFBI
105851	37371094	TGFBI
105856	37371094	TGFBI
105861	37371094	TGFBI
105862	37371094	TGFBI
105935	37414529	DCN
105936	37414529	TGFBI
105937	37414529	MMP2
105938	37414529	COL1A1;FLT1;KDR;LYVE1;MGP;PLVAP;POSTN;VWF
105939	37414529	CDH5
105940	37414529	CDH5
105944	37414529	MMP2
105946	37414529	CDH5
105955	37414529	CDH5;PECAM1
105968	37443842	MKI67;STMN1
105969	37443842	ABCB5
105970	37443842	MKI67
105971	37443842	CXCL17
105972	37443842	AQP5;KRT13;KRT19;LCN2;S100A8;S100A9
105973	37443842	ALDH3A1;KERA;LUM;MMP2;TIMP1
105974	37443842	ACTA2;CA3;NOTCH3;SLC4A11
105975	37443842	DCN;KERA;LUM;MKI67;TAGLN;TCF4;TOP2A
106018	37443842	TGFBI
106050	37443842	TGFBI
106079	37443842	TGFBI
106082	37443842	DCN
106084	37443842	LUM
106085	37443842	KERA
106087	37443842	SLC4A11
106095	37443842	TGFBI
106098	37443842	DCN
106100	37443842	LUM
106101	37443842	KERA
106103	37443842	SLC4A11
106116	37476050	ALDH3A1
106137	37476050	ALDH3A1
106204	37511956	MMP2
106212	37511956	MMP2
106214	37511956	MMP2
106281	37540379	THY1
106304	37569323	HIF1A;IL1B;MMP2
106493	37569323	COL3A1
106501	37569323	HIF1A
106505	37569323	IL1B
106512	37569323	MMP2
106534	37569323	COL3A1
106542	37569323	HIF1A
106546	37569323	IL1B
106553	37569323	MMP2
106566	37626899	CX3CR1
106568	37626899	CX3CR1
106571	37626899	CX3CR1
106574	37626899	ABCB5
106577	37626899	CX3CR1
106582	37626899	ABCB5
106583	37626899	CX3CR1
106584	37626899	CX3CR1
106588	37626899	CX3CR1
106594	36680758	THY1
106602	36680758	THY1
106605	36680758	THY1
106610	36680758	THY1
106655	37677999	HMOX1
106659	37677999	VIP
106662	37677999	HMOX1
106664	37677999	HMOX1
106665	37677999	HMOX1
106678	37735479	VIM
106814	37816735	CDH5
106820	37816735	CDH5
106835	37816735	CAMP
106849	37867950	TPM1
106854	37867950	TPM1
106855	37867950	TPM1
106856	37867950	TPM1
106857	37867950	TPM1
106859	37867950	TPM1
106861	37867950	TPM1
106862	37867950	TPM1
106863	37867950	TPM1
106874	37867950	TPM1
106875	37867950	TPM1
106876	37867950	TPM1
106878	37867950	TPM1
106933	37867950	TPM1
106957	37867950	TPM1
106999	37895917	DES
107111	38012225	MMP2
107116	38012225	MMP2
107117	38012225	MMP2
107119	38012225	MMP2
107127	38012225	MMP2
107186	38151470	CD9;FN1
107193	38151470	CD9
107205	38177186	ABCB5
107206	38177186	KRT19
107207	38177186	ALDH3A1
107209	38177186	KRT19
107219	38177186	ALDH3A1;KRT19
107462	38315495	ANXA1
107528	38370256	TMEM119
107534	38370256	CX3CR1
107568	38394161	TIMP1
107569	38394161	DCN
107576	38394161	DCN;FN1;VCAN
107579	38394161	DCN
107694	38486306	FN1
107733	38524531	MRC1
107797	37507467	APOE
107802	37507467	APOE
107804	37507467	CDH2;FN1;TRPM1;VIM
107849	37507467	DCT
107851	37507467	MITF
107858	37507467	SERPINF1
107859	37507467	TYR
107860	37507467	TYRP1
107863	37507467	APOE
107867	37507467	DCT
107869	37507467	MITF
107876	37507467	SERPINF1
107877	37507467	TYR
107878	37507467	TYRP1
107881	37507467	APOE
107890	37507467	CDH2
107891	37507467	FN1
107892	37507467	VIM
107894	37507467	TRPM1
107904	37507467	CDH2
107905	37507467	FN1
107906	37507467	VIM
107908	37507467	TRPM1
107944	38643244	HIF1A
107946	38643244	HIF1A
107958	38643244	LHX1
107961	38643244	HIF1A
107962	38643244	HIF1A;MAF
107963	38643244	MAF;SOX2
107965	38643244	VIM
107966	38643244	SOX2
107967	38643244	SOX2
107968	38643244	HIF1A
107971	38643244	DCC
108587	38698112	CD4
108751	38862482	CD3D;CD3E;CD79A;COL1A1;CSF3R;DCN;DCT;FCGR3B;MLANA;MS4A1;PECAM1;TNFRSF17;TYRP1;VCAN;VIM;VWF
108753	38862482	MLANA;VIM
108754	38862482	MLANA;VIM
108755	38862482	MMP2;MYL9;TAGLN;TPM1;TPM2
108756	38862482	IGF1;MYL9
108757	38862482	CD3D;CD3E;CD79A;CSF3R;FCGR3B;MS4A1;TNFRSF17;VCAN
108759	38862482	IL7R;MLANA;SELL
108760	38862482	CD4;SELL
108761	38862482	MYL9
108764	38862482	MLANA;VIM
108786	38356373	SOX2
108793	38356373	MKI67;SOX2
108797	38356373	SOX2
108800	38356373	SOX2
108801	38356373	SOX2
108826	39056803	IGF1
108838	39056803	CACNA1E;IGF1
108839	39056803	DOCK2
108840	39056803	CDH5;FN1
108841	39056803	FLT1;MKI67
108842	39056803	DLL4;KDR
108846	39056803	MFRP
108848	39056803	SPP1
108849	39056803	SPP1
108852	39056803	ACTA2;FN1;MMP9;SPP1;TGFBI
108895	39080755	IGF1
109016	39106056	SOX2
109019	39106056	COL1A1;COL1A2;FN1
109020	39106056	SOX2
109021	39106056	SOX2
109022	39106056	SOX2
109024	39106056	SOX2
109025	39106056	SOX2
109082	39143195	CHAT
109108	38553490	MITF
109113	38553490	MITF
109114	38553490	MITF;TYRP1
109118	38553490	MITF;TYRP1
109122	38553490	MITF;TYRP1
109123	38553490	MITF
109142	39198892	ABCB5
109143	39198892	ABCB5
109148	39198892	NOTCH3;VSIG4
109149	39198892	CLDN5;PECAM1
109152	39198892	DLL4
109153	39198892	DLL4
109169	39198892	ABCB5
109175	39198892	IGF1
109187	39198892	ABCB5
109197	39198892	ABCB5
109205	39198892	ABCB5
109214	39201366	APOE
109215	39201366	CD4
109236	39226050	FN1
109249	39226050	FN1
109438	39335093	MITF
109532	39137039	CCL5
109539	39137039	CAMP
109540	39137039	CAMP;CCL5
109541	39137039	CCL5
109554	39137039	CAMP
109565	39384883	APOE;MMP9
109728	39332053	TCF4
109730	39332053	TCF4
109731	39332053	FTL
109734	39332053	TCF4
109736	39332053	TCF4
109737	39332053	TCF4
109739	39332053	SLC40A1
109762	39332053	FTL;TCF4
109764	39332053	FTL;TCF4
109766	39332053	FTL;TCF4
109767	39332053	TCF4
109774	39332053	TCF4
109775	39332053	TCF4
109776	39332053	TCF4
109777	39332053	TCF4
109779	39332053	TCF4
109780	39332053	TCF4
109880	39518910	DLL4;S100A8
109884	39518910	DLL4;FLT1;KDR
109885	39518910	DLL4
109886	39518910	DLL4
109929	38842752	CD163
109942	38842752	IL1B
109948	38842752	MMP9
109953	39568070	CD74
109956	39568070	CD74
109957	39568070	CD74
109966	39568070	C5AR1;CCL5
109967	39568070	CD74
109968	39568070	CD74
109980	39568070	C5AR1
109981	39568070	C5AR1;CCL5
109988	39568070	CD74
109989	39568070	CD74
109990	39568070	CD74
109991	39568070	CD74
109993	39568070	CD74;TREM2
109994	39568070	CD74;TREM2
109995	39568070	CD74
110063	39585677	COL1A1;FTH1
110065	39585677	COL1A1
110066	39585677	COL1A1;FTH1
110067	39585677	COL1A1
110077	39585677	COL1A1
110078	39585677	COL1A1
110080	39585677	COL1A1
110081	39585677	COL1A1;FTH1
110086	39585677	VIP
110090	39585677	COL1A1
110091	39585677	COL1A1;FTH1
110093	39585677	COL1A1
110094	39585677	COL1A1;FTH1
110095	39585677	CAMP
110101	39585677	COL1A1
110116	39639354	THY1
110120	39639354	SOX2;THY1
110121	39639354	ALDH3A1;SOX2;THY1
110132	39639354	ALDH3A1;THY1
110155	39021340	TOP2A
110156	39021340	TOP2A
110246	39021340	TOP2A
110268	39021340	TOP2A
110370	39769388	ICAM1;TMEM119
110374	39769388	TMEM119
110383	39769388	TMEM119
110469	39753135	MITF
110478	39753135	KRT4
110508	39902753	MMP9
110514	39902753	MMP9
110517	39902753	MMP9
110536	39902753	MMP9
110555	39902753	MMP9
110571	39934637	MGP
110841	40160813	CD4;FN1;MGP
110844	40160813	CD4;FN1;MGP
110848	40160813	CD4
110858	40160813	CCL3;FN1;HLA-DPA1;IL1B;IL7R;MGP;S100A9
110863	40160813	CD4
110865	40160813	CD4;MGP
110866	40160813	CD4
110921	40160813	HLA-DPA1
110944	40160813	HLA-DPA1
110958	40188187	SOX2
110967	40188187	SOX2
110968	40188187	SOX2
110970	40188187	SOX2
111001	39688282	MGP
111059	40253438	MITF;TYR;TYRP1
111060	40253438	MITF;TRPM1;TYR;TYRP1
111061	40253438	PAX5;TYR
111070	40253438	MITF;PAX5
111071	40253438	DCT;SERPINF1;TYRP1
111096	40253438	CAMP
111176	40296037	CD9
111207	40332908	VIM
111213	40332908	CAMP
111223	40358170	PDGFRB
111226	40358170	PMEL
111227	40358170	MITF;MLANA;PMEL
111228	40358170	MITF;PDGFRB
111229	40358170	MITF
111230	40358170	MITF;PMEL
111233	40358170	MITF;MLANA;PDGFRB;PMEL
111235	40358170	MITF
111236	40358170	MITF;PMEL
111239	40358170	MITF;PMEL
111256	40358170	MITF
111259	40358170	PDGFRB
111260	40358170	PMEL
111280	40358170	MITF
111283	40358170	PDGFRB
111284	40358170	PMEL
111295	40317724	APOE
111300	40317724	APOE
111306	40317724	APOE
111307	40317724	APOE
111336	40317724	APOE
111384	40317724	APOE
111466	40416648	C1S
111470	40416648	MITF;SOX2
111471	40416648	SOX2
111483	40416648	SOX2
111485	40416648	MITF
111512	40402520	COL1A2;FN1;MGP;TIMP1;TPM2
111513	40402520	HIF1A;TPM1
111514	40402520	BIRC5;KRT19;MGP;POSTN;TAGLN
111520	40402520	HIF1A
111598	40171949	MITF;PMEL
111606	40171949	MITF;PMEL
111710	40520565	MITF
111711	40520565	MITF
111942	40542390	MITF
111957	40542390	MITF;TYR
111958	40542390	MITF;PMEL;TYR
111971	40542390	MITF;TYR
112058	40595094	CTSD
112230	40643341	ACTA2;FN1;ICAM1;TNC;VCAM1
112233	40643341	ACTA2;FN1;ICAM1;TNC;VCAM1
112249	40643341	ACTA2;FN1;MMP2;TIMP1;TNC
112252	40643341	ICAM1
112299	40728983	LMOD1
112300	40728983	MGP
112307	40728983	MGP
112309	40728983	MGP
112312	40728983	IL1B;LMOD1
112313	40728983	IL1B;LMOD1
112314	40728983	IL1B;LMOD1
112315	40728983	IL1B;LMOD1
112316	40728983	LMOD1
112354	40728983	LMOD1
112364	40728983	IL1B
112369	40728983	LMOD1
112379	40728983	IL1B
112382	40728983	IL1B
112386	40728983	LMOD1
112389	40728983	IL1B
112393	40728983	LMOD1
112395	40716081	TREM2
112396	40716081	TREM2
112398	40716081	TREM2
112399	40716081	TREM2
112400	40716081	TREM2
112403	40716081	TREM2
112404	40716081	TREM2
112406	40716081	TREM2
112407	40716081	TREM2
112408	40716081	AIF1;APOE;CD14;CD163;CX3CR1;FTH1;GPR34;HEXB;IL1B;MRC1;OLFML3;P2RY12;SALL1;SPP1;TMEM119;TREM2
112409	40716081	TREM2
112410	40716081	TREM2
112411	40716081	TREM2
112412	40716081	APOE;IL1B;TREM2
112413	40716081	TREM2
112417	40716081	TREM2
112498	39578308	S100B
112676	40838019	VIM
112677	40838019	AQP5;CXCL17;KERA;KRT13;LUM;S100A9
112678	40838019	CA3;CCL3;CCL4;COL1A1;KERA;LYVE1;MLANA;PMEL;SLC4A11;TYRP1
112679	40838019	ACTA2;MYL9;NOTCH3;SCN7A
112680	40838019	KERA;NOTCH3;SCN7A
112681	40838019	CCL3;CCL4;KERA;LUM;MLANA;MYL9;NOTCH3;PECAM1;PMEL;SCN7A;SLC4A11;TYRP1;VIM
112682	40838019	ACTA2;CCL3;KRT13;MYL9;PMEL;SCN7A;TYRP1;VIM
112684	40838019	KERA;S100A9
112818	40541565	VIP
112881	40567162	DCN;S100B
112903	40990867	TREM2
112905	40990867	TREM2
112908	40990867	TREM2
112919	40990867	CX3CR1
112923	40990867	CX3CR1;P2RY12;TMEM119;TREM2
112926	40990867	TREM2
112963	41071877	KDR;MAF;ZFPM2
112974	41071877	CDH2
113001	41071877	MAF
113227	41222199	COL1A1;MMP2
113232	41222199	COL1A1
113233	41222199	COL1A1
113248	41140281	CAMP
113280	41056017	ACTA2;COL3A1;FBN1;MYH11
113281	41056017	FBN1
113282	41056017	FBN1
113285	41056017	ACTA2;COL1A2;COL3A1;TAGLN;VIM
113293	41056017	COL1A2;FBN1
113312	41294843	MMP9;TIMP1
113328	41294843	MMP9;TIMP1
113347	41294843	TIMP1
113348	41294843	TIMP1
113352	41294843	CD14
113353	41294843	TIMP1
113814	40537004	THY1
113815	40537004	SOX2
113816	40537004	THY1
113817	40537004	THY1
113821	40537004	CD14
113826	40537004	SOX2
113831	40537004	CD9
113834	40537004	THY1
113850	40537004	CAMP;IGF1;THY1
113851	40537004	THY1
113853	40537004	THY1
113854	40537004	THY1
113855	40537004	CAMP;IGF1;THY1
113861	40537004	CAMP;IGF1;THY1
113862	40537004	THY1
113864	40537004	THY1
113865	40537004	THY1
113866	40537004	CAMP;IGF1;THY1
113897	40537004	THY1
113903	40537004	THY1
113908	40537004	CD9
113909	40537004	CAMP
113910	40537004	CD9
113911	40537004	CD9
113915	40537004	CD9
113920	40537004	CD9
113921	40537004	CAMP
113922	40537004	CD9
113923	40537004	CD9
113927	40537004	CD9
113957	41427444	IL1B
114156	41364556	SOX2
114159	41364556	PMEL
114178	41364556	PMEL
114206	41364556	PMEL
114269	41364556	PMEL
114377	40946306	PECAM1
114403	40946306	PECAM1
114450	40946306	PECAM1
114651	41551761	COL1A1
114664	41551761	COL1A1;DES;IL1B
114665	41551761	IL1B
114669	41551761	COL1A1
114670	41551761	COL1A1
114671	41551761	COL1A1
114877	41407891	MAF
114882	41407891	CD79B
114883	41407891	CD79B
114938	41609173	CNN1
114940	41609173	FTH1
114966	41626869	FLT3
115000	41696446	VIM
115003	41696446	VIM
115007	41696446	VIM
115019	41696446	VIM
115020	41696446	VIM
115021	41696446	VIM
115022	41696446	VIM
115064	41696446	VIM
115068	41696446	ACTA2
115073	41696446	VIM
115077	41696446	ACTA2
115116	41751906	NTNG1
115119	41751906	CCL5;CD4;DCN;MMP2
115123	41751906	CXCR2
115143	41761675	TYR
115158	41761675	CD9
115188	41769942	CD79A
115225	41769942	CD79B
115227	41769942	MYH11
115261	41769942	CD79B
115263	41769942	MYH11
115289	41645183	CD4
115313	41645183	CCL3
115316	41645183	CCL3;CCL5
115351	41828599	IL1B
115355	41828599	IL1B
115357	41828599	IL1B
115363	41828599	IL1B
115364	41828599	IL1B
115391	41828599	IL1B
115428	41828599	IL1B
115504	41703084	ALDH3A1;MMP2
115508	41703084	ALDH3A1
115511	41703084	ALDH3A1;MMP2
115513	41703084	ALDH3A1;MMP2
115514	41703084	ALDH3A1
115515	41703084	ALDH3A1
115517	41703084	ALDH3A1
115518	41703084	MMP2
115525	41703084	ALDH3A1;MMP2
115526	41703084	ALDH3A1
115528	41703084	ALDH3A1
115561	41715185	MMP9
115576	41715185	CD36;MMP9
115577	41715185	MMP9
115626	41888247	COL1A1
115627	41888247	COL1A1
115693	41912634	CD4
115698	41912634	CAMP
115700	41912634	CD4
115761	41930340	SLC4A11
115762	41930340	CD9;CDH2;SOX2
115764	41930340	CDH2;DCC
115766	41930340	CDH2;SLC4A11
115768	41930340	CD4
115781	41930340	CDH2
115785	41930340	SLC4A11
115786	41930340	SLC4A11
115788	41930340	CD4
115817	41930340	CDH2
115818	41930340	CDH2
115839	41930340	CDH2
115840	41930340	CDH2
115866	39228100	AIF1
115956	41972705	MMP2
115957	41972705	MMP2
115958	41972705	MMP2
115966	41972705	ALDH3A1
115972	41972705	MMP2;MMP9;TIMP1
115974	41972705	COL3A1
115976	41972705	ALDH3A1
115980	41972705	MMP2;MMP9;TIMP1
115982	41972705	MMP2
115986	41972705	MMP2
116034	41876404	COL1A1
116060	42072227	MMP2
116074	42072227	MMP2
116080	42072227	MMP2
116081	42072227	MMP2
116115	42072227	MMP2
116130	42072227	MMP2
116181	41851243	DCN;TPM2;VIM
116189	41851243	DCN;STMN1;TNC;TPM2;VCAM1;VIM
116193	41851243	DCN;TPM2;VIM
116195	41851243	DCN
116272	41851243	TPM2
116276	41851243	ANXA1
116313	41851243	TPM2
116317	41851243	ANXA1
116345	42111215	MMP2;MMP9
116347	42111215	CD163;MMP9
116349	42111215	MMP2;MMP9
116412	42111215	MRC1
116413	42111215	MRC1
116418	42111215	MMP2
116419	42111215	MMP2
116420	42111215	MMP9
116421	42111215	MMP9
116465	42111215	MRC1
116466	42111215	MRC1
116471	42111215	MMP2
116472	42111215	MMP2
116473	42111215	MMP9
116474	42111215	MMP9
116505	42149027	TPM1
116507	42149027	ADGRL2;THY1
116508	42149027	THY1
116511	42149027	CAMP
116513	42149027	CADM1
116612	42149027	THY1
116613	42149027	CADM1
116623	42149027	ADGRL2
116684	42149027	THY1
116685	42149027	CADM1
116695	42149027	ADGRL2
116769	42149027	UCHL1
116796	42149027	UCHL1
116826	42149027	CAMP
116854	42149027	CAMP
116856	42149027	CAMP
116858	42149027	ADGRL2
116861	42149027	IGFBP7
116889	42149027	CAMP
116917	42149027	CAMP
116919	42149027	CAMP
116921	42149027	ADGRL2
116924	42149027	IGFBP7
117321	42021335	CAMP
117508	42156503	IL1B
117511	42156503	IL1B
117613	42156503	IL1B
117619	42156503	FLT1
117684	42156503	IL1B
117690	42156503	FLT1
117747	42333946	SOX2
117829	42135831	TMEM119
117834	42135831	TMEM119
117856	42135831	TMEM119
117865	42135831	TMEM119
117871	42135831	IL1B
117874	42135831	IL1B
117902	42173885	CAMP
117903	42173885	CAMP
117904	42173885	CAMP
117906	42173885	SOX2
117907	42173885	SOX2
117910	42173885	SOX2
117914	42173885	SOX2
117915	42173885	CAMP
117916	42173885	CAMP
117917	42173885	CAMP
117918	42173885	CAMP
117919	42173885	CAMP
117921	42173885	CAMP
117937	42173885	CAMP
117938	42173885	SOX2
118013	42510807	CENPF
118212	42380034	CD9
118215	42380034	CD9
118230	42380034	CD9
118258	42555638	COL1A2;MMP2
118260	42555638	COL1A2
118262	42555638	COL3A1;MITF
118264	42555638	COL1A2
118275	42584788	CTSD
118294	42584788	CTSD
118302	42584788	VWF
118304	42584788	CX3CR1;P2RY12;TMEM119
118307	42584788	HEXB;ICAM1;LIPA
118310	42584788	CTSD
118311	42584788	CTSD
118312	42584788	CTSD;VWF
118314	42584788	MITF
118315	42584788	CTSD;HEXB;LIPA
118316	42584788	CTSD;CTSS
118317	42584788	CTSD
118332	42620929	C1S
118333	42620929	FN1;MYL9
118334	42620929	COL1A2;FN1;ITGA11;MYL9
118337	42620929	DCN;FN1;LUM
118345	42620929	C1S
118383	42652101	ACTA2
118386	42652101	ACTA2
118389	42652101	CDH2
118391	42652101	ACTA2;FN1;ITGA11;TIMP1;TNC
118392	42652101	FN1;ITGA11;TNC
118444	42717497	MGP
118446	42717497	MGP
118448	42717497	MGP
118451	42717497	COL1A2;DCN;MMP2;MYL9;PRKCA
118458	42717497	SOX2
118460	42717497	MGP;VCAM1
118486	25564962	TYR
118487	25564962	TYR
118683	31769495	NPHS1
118684	31769495	IGF1
118685	31769495	SOX2
118741	32052937	COL1A1;COL3A1
118839	32052937	COL1A1
118840	32052937	COL3A1
118850	32052937	COL1A1
118851	32052937	COL3A1
118858	32197113	CD4
118861	32197113	CD4
118865	32197113	CD4
118866	32197113	CD4
118869	32197113	CD79A
118870	32197113	CD79A
118871	32197113	CD4
118872	32197113	CD4
118873	32197113	CD4
118876	32197113	CD4
118947	32218152	MMP9
118957	32218152	MMP9
118990	32374427	KRT13;KRT19
118993	32374427	KRT13;KRT19
119081	32500975	MAF
119095	32500975	MAF
119097	32500975	DES
119196	32719611	MMP2
119200	32719611	MMP2
119207	32719611	MMP2
119208	32719611	MMP2
119209	32719611	MMP2
119212	32719611	MMP2
119213	32719611	MMP2
119214	32719611	MMP2
119215	32719611	MMP2
119216	32719611	MMP2
119217	32719611	MMP2
119218	32719611	MMP2
119219	32719611	MMP2
119240	32724480	CD4
119246	32724480	CD4
119247	32724480	CD4
119255	32724480	CD4
119276	32724480	CD4
119277	32724480	CD4
119452	32492110	TPM3
119454	32492110	TPM3
119455	32492110	TPM3
119456	32492110	TPM3
119459	32492110	COL1A1;TPM3
119461	32492110	TPM3
119463	32492110	TPM3
119465	32492110	TPM3
119469	32492110	TPM1;TPM3
119470	32492110	TPM3
119471	32492110	TPM3
119472	32492110	TPM1;TPM2;TPM3
119473	32492110	TPM3
119474	32492110	TPM3
119475	32492110	TPM1;TPM2;TPM3
119476	32492110	TPM3
119477	32492110	TPM1;TPM2;TPM3
119478	32492110	TPM3
119518	32761139	DCC
119914	32915983	CD4
119918	32915983	CD4
119947	32726168	VIP
119948	32726168	VIP
119949	32726168	VIP
119954	32726168	VIP
119956	32726168	VIP
120016	32602639	SOX2
120018	32602639	SOX2
120092	33137197	THY1
120095	33187533	CX3CR1
120097	33187533	CX3CR1
120105	33187533	CX3CR1
120113	33187533	CD4
120114	33187533	CX3CR1
120117	33187533	AIF1;CD14;CD163;CD2;CD79A;ITGAX;NKG7
120118	33187533	LEPR
120120	33187533	CX3CR1
120121	33187533	LEPR
120123	33187533	CX3CR1
120142	33187533	CD4
120167	33187533	CD4
120197	33219246	COL1A1;FN1
120210	33281816	CD4
120221	33281816	CD4
120225	33281816	CD4
120238	32815311	CD4
120239	32815311	CTSD
120242	32815311	APOE
120245	32815311	CTSD
120292	33242397	MITF
120357	33315889	CAMP
120429	33451157	ALDH3A1
120433	33451157	ALDH3A1
120446	33513185	MAF
121431	33637535	CAMP
121440	33637535	CAMP
121495	33738324	MITF;TYR
121498	33738324	MITF
121508	33738324	MMP2
121545	33650969	CAMP
121553	33650969	CHAT;VIP
121558	33650969	CAMP
121559	33650969	CAMP
121791	33760200	CAMP
121802	33760200	CAMP
121807	33760200	CAMP
121811	33760200	CAMP
121915	33792620	CDH2;TYR
121920	33792620	ACTA2;CDH2;VIM
121921	33792620	MITF;TYR
121922	33792620	CDH2;MITF
121923	33792620	CDH2
121925	33792620	GNG11;MMP2;NTNG1
121926	33792620	NTNG1
121927	33792620	HIF1A
121931	33821883	COL1A1
121934	33821883	COL1A1
121949	33821883	COL1A1
121951	33821883	COL1A1
121963	33821883	COL1A1
121974	33821883	COL1A1
121981	33897716	CX3CR1
121982	33897716	CD163;CD4;CX3CR1
121984	33897716	CX3CR1
121986	33897716	CD36
121991	33897716	CX3CR1
121997	33897716	HIF1A
122010	33916973	CAMP
122016	33916973	IGF1
122122	34040021	MAF
122139	34040021	MAF
122191	34072647	TYR
122216	34161574	CAMP
122276	34057287	MRC1
122277	34057287	XBP1
122278	34057287	XBP1
122293	34057287	XBP1
122294	34057287	XBP1
122295	34057287	XBP1
122296	34057287	XBP1
122297	34057287	XBP1
122298	34057287	XBP1
122299	34057287	XBP1
122300	34057287	XBP1
122309	34356319	MMP9
122312	34356319	MMP9
122316	34356319	MMP9
122318	34356319	MMP9
122321	34356319	MMP9
122548	34301870	NOTCH3
122567	34381080	CA3;PDGFRB;RGS5;SLC4A11
122568	34381080	COL1A2;DCN;KERA;LUM;MMP2;TIMP1
122571	34381080	MKI67;TOP2A
122572	34381080	AQP5;KRT13;KRT4
122573	34381080	KRT13
122574	34381080	CLDN5;DCT;PECAM1;PMEL;TYRP1;VSIG4
122575	34381080	TGFBI
122578	34381080	KRT13;MMP2;TIMP1
122579	34381080	AQP5;S100A8;S100A9
122635	34446787	FLT3
122636	34446787	CD4;XCR1
122637	34446787	CD4
122639	34446787	FLT3
122640	34446787	FLT3
122641	34446787	FLT3
122642	34446787	FLT3
122643	34446787	FLT3
122644	34446787	FLT3
122645	34446787	FLT3
122647	34446787	CD4
122649	34446787	FLT3
122659	34446787	CD4
122677	34446787	CD4
122686	33966129	MMP2
122690	33966129	MMP2
122691	33966129	TNC
122697	33966129	MMP2
122700	33966129	MMP2
122701	33966129	MMP2
122815	34385262	CAMP
122816	34385262	CAMP
122817	34385262	CAMP
122818	34385262	CAMP
122832	34385262	CAMP
122838	34508129	CD4
122839	34508129	CD4;CX3CR1
122840	34508129	CD4;CX3CR1
122841	34508129	AIF1;CD2;CD3E;CD4;CD79A
122842	34508129	CCL3;CCL4;IL1B
122843	34508129	CX3CR1
122849	34508129	CD4;CX3CR1
122868	34508129	CD4
122875	34508129	CX3CR1
122899	34508129	CD4
122906	34508129	CX3CR1
122921	34583089	CCL5
122924	34583089	CCL5
122940	34583089	CCL5
122943	34583089	CCL5
123261	34599192	SOX2
123275	34599192	SOX2
123303	34650623	MAF
123310	34650623	XBP1
123316	34650623	XBP1
123536	34741068	NNMT;STMN1
123540	34741068	KERA;SLC4A11
123541	34741068	ABCB5;ALDH3A1;BIRC5;KERA;KRT13;KRT19;LUM;MKI67;S100A8
123542	34741068	CXCL17
123543	34741068	STMN1
123544	34741068	ACTA2;ALDH3A1;KERA;LUM;NNMT
123545	34741068	ACTA2;SLC4A11
123546	34741068	ABCB5;TCF4
123547	34741068	ABCB5;STMN1
123548	34741068	ABCB5;ACTA2;NNMT;SLC4A11
123597	34768747	MITF
123598	34768747	IGF1;KDR
123599	34768747	KDR
123674	34831087	MMP9
123741	34893605	MYH11
123742	34893605	MYH11
123744	34893605	MYH11
123764	34893605	MYH11
123772	34930437	ABCB5
123774	34930437	ABCB5
123775	34930437	ABCB5
123776	34930437	ABCB5
123778	34930437	ABCB5
123781	34930437	ABCB5
123789	34930437	ABCB5
123790	34930437	ABCB5
123791	34930437	FN1
123795	34930437	ABCB5
123798	34930437	ABCB5
123799	34930437	ABCB5
123800	34930437	ABCB5
123803	34930437	ABCB5
123805	34930437	ABCB5
123816	34930437	ABCB5
123829	34930437	ABCB5
123840	34930437	ABCB5
123848	34930437	ABCB5
123859	34943956	MMP9
123863	34943956	MMP9
123870	34943956	MMP9
123871	34943956	FBN1;FN1;XBP1
123874	34943956	MMP9
123875	34943956	XBP1
123889	34943956	FN1
123892	34943956	XBP1
123900	34943956	FN1
123903	34943956	XBP1
123953	34779136	CD14;HIF1A
123961	34779136	KDR
123962	34779136	FLT1;KDR
123966	34779136	KDR
123994	34779136	FLT1;KDR
124004	35023829	MAF
124007	35023829	NPHS1
124059	35023829	MAF
124061	35023829	NPHS1
124063	35023829	MAF
124065	35023829	NPHS1
124115	35015027	COL1A1
124118	35015027	COL1A1
124131	35015027	COL1A1
124134	35015027	COL1A1
124138	35015027	MMP2;SOX2
124155	35015027	COL1A1
124160	35015027	COL1A1
124209	34783461	CAMP
124213	34783461	CAMP
124215	34783461	CAMP
124216	34783461	CAMP
124221	34783461	CAMP
124259	35164755	CDH5;VWF
124260	35164755	CDH5;MKI67;TOP2A
124320	35310341	CD163
124398	35280984	CD4;CD74
124402	35280984	CD74
124403	35280984	CD3D;CD3E;CD4;CD69;GZMB;IL7R;LCK;PRF1
124404	35280984	CD14
124405	35280984	CD74;HLA-DPB1;HLA-DRA;HLA-DRB1;IL1B
124406	35280984	CD4;CD69
124407	35280984	CCL3;CCL4;IL1B
124419	35280984	CCL3;CD14
124420	35280984	CCL4;TGFBI
124421	35280984	CTSD
124422	35280984	IL1B
124423	35280984	FCER1G
124424	35280984	SPP1
124425	35280984	S100A9
124429	35280984	S100A8
124430	35280984	MMP9
124434	35280984	APOE
124435	35280984	TIMP1
124436	35280984	FTH1
124438	35280984	FTL
124441	35280984	ANXA1;MS4A7
124444	35280984	HIF1A;KRT19
124448	35280984	FTL
124449	35280984	AIF1
124452	35280984	PTGDS
124454	35280984	S100A10
124455	35280984	PLD3;TM4SF1
124458	35280984	C5AR1;ICAM1
124460	35280984	LYZ
124465	35280984	BCAT1
124468	35280984	VCAN
124472	35280984	ASAH1;DCN
124475	35280984	GPNMB;SAMSN1
124487	35280984	FCER1G
124490	35280984	VIM
124493	35280984	KRT13
124495	35280984	IL1RN
124497	35280984	HMOX1
124498	35280984	CD9;CTSS
124513	35280984	IL3RA
124524	35280984	SERPINA1
124527	35280984	ASAH1
124529	35280984	MS4A7
124530	35280984	TCF4
124531	35280984	SPP1
124569	35280984	FTH1
124575	35280984	MMP2
124587	35280984	ATP8B4
124611	35280984	NNMT
124650	35280984	LUM
124740	35280984	CCL3;CD14
124741	35280984	CCL4;TGFBI
124742	35280984	CTSD
124743	35280984	IL1B
124744	35280984	FCER1G
124745	35280984	SPP1
124746	35280984	S100A9
124750	35280984	S100A8
124751	35280984	MMP9
124755	35280984	APOE
124756	35280984	TIMP1
124757	35280984	FTH1
124759	35280984	FTL
124762	35280984	ANXA1;MS4A7
124765	35280984	HIF1A;KRT19
124769	35280984	FTL
124770	35280984	AIF1
124773	35280984	PTGDS
124775	35280984	S100A10
124776	35280984	PLD3;TM4SF1
124779	35280984	C5AR1;ICAM1
124781	35280984	LYZ
124786	35280984	BCAT1
124789	35280984	VCAN
124793	35280984	ASAH1;DCN
124796	35280984	GPNMB;SAMSN1
124808	35280984	FCER1G
124811	35280984	VIM
124814	35280984	KRT13
124816	35280984	IL1RN
124818	35280984	HMOX1
124819	35280984	CD9;CTSS
124834	35280984	IL3RA
124845	35280984	SERPINA1
124848	35280984	ASAH1
124850	35280984	MS4A7
124851	35280984	TCF4
124852	35280984	SPP1
124890	35280984	FTH1
124896	35280984	MMP2
124908	35280984	ATP8B4
124932	35280984	NNMT
124971	35280984	LUM
125068	34024230	IL1B
125069	34024230	IL1B
125072	34024230	IL1B
125073	34024230	IL1B
125091	34024230	IL1B
125139	35330501	SOX2
125147	35330501	SOX2
125175	35359596	TYR
125182	35359596	TYR
125213	35363260	MPO
125215	35363260	MPO
125216	35363260	MPO
125228	35363260	MPO
125232	35363260	MPO
125233	35363260	MPO
125272	35433274	MITF
125273	35433274	MITF;TYR
125281	35433274	MITF;TYR
125295	35433274	TYR
125296	35433274	MITF
125303	35433274	TYR
125304	35433274	MITF
125406	35517867	FN1
125409	35517867	COL1A1;DCN
125410	35517867	COL1A1;DCN;FN1
125412	35517867	FN1
125438	35517867	DPT
125446	35517867	C1QC
125447	35517867	CST4
125460	35517867	DPT
125468	35517867	C1QC
125469	35517867	CST4
125477	35517867	PMEL
125492	35517867	TGFBI
125493	35517867	CADM1
125494	35517867	COL1A1
125495	35517867	KERA
125496	35517867	DCN
125502	35517867	FTL
125509	35517867	PTPRK
125514	35517867	PMEL
125529	35517867	TGFBI
125530	35517867	CADM1
125531	35517867	COL1A1
125532	35517867	KERA
125533	35517867	DCN
125539	35517867	FTL
125546	35517867	PTPRK
125637	35475783	PRRX1
125638	35475783	PRRX1
125639	35475783	PRRX1
125640	35475783	LEPR
125641	35475783	LEPR;PRRX1
125642	35475783	PRRX1
125644	35475783	PRRX1
125645	35475783	PRRX1
125646	35475783	PRRX1
125647	35475783	PRRX1
125648	35475783	PRRX1
125649	35475783	PRRX1
125650	35475783	PRRX1
125651	35475783	PRRX1
125652	35475783	PRRX1
125657	35475783	PRRX1
125659	35475783	PRRX1
125664	35475783	PRRX1
125665	35475783	PRRX1
125666	35475783	PRRX1
125667	35475783	PRRX1
125668	35475783	PRRX1
125817	35732689	COL1A1
125825	35732689	COL1A1
125851	35750043	KRT19
125853	35750043	KRT13;KRT4;S100A9
125854	35750043	KRT4
125856	35750043	CXCL17
125859	35750043	S100A8;S100A9
125939	35837031	SOX2
125947	35837031	SOX2
125949	35837031	SOX2
125952	35837031	SOX2
125955	35837031	SOX2
125957	35837031	SOX2
126089	35884958	CDH5;CX3CR1
126101	35884958	KDR
126189	36010651	ICAM1
126203	35974097	TCF4
126218	35974097	TCF4
126239	36078126	ST18
126247	36078126	KRT13;KRT4
126251	36078126	CCL5
126469	35794391	MMP2
126470	35794391	MMP9
126485	35794391	MMP2
126486	35794391	MMP9
126527	36209216	AQP5
126531	36209216	AQP5
126532	36209216	AQP5
126533	36209216	AQP5;CAMP
126534	36209216	AQP5
126538	36209216	AQP5
126620	35704471	VIP
126634	35704471	VIP
126645	36293057	CD9
126653	36293057	CD9
126657	36293057	CD9
126664	36293057	CD9
126691	36332025	CCL5
126692	36332025	GRIN3A
126695	36332025	CCL5
126696	36332025	GRIN3A
126697	36332025	CCL5
126709	36332025	THY1
126735	36350619	CD4
126744	36350619	CD4
126745	36350619	CD4
126748	36350619	CD4
126750	36350619	CD4
126855	36349481	CXCR2
126859	36349481	CXCR2
126864	36349481	CXCR2;MMP2
126866	36349481	CXCR2
126871	36349481	MMP2
126875	36349481	MMP2
126876	36349481	CXCR2
126877	36349481	CXCR2
126878	36349481	CXCR2;MMP2
126879	36349481	CXCR2
126880	36349481	CXCR2
126881	36349481	CXCR2
126882	36349481	CXCR2
126883	36349481	CXCR2
126902	36349481	MMP2
126904	36349481	MMP9
126910	36349481	DCN
126914	36349481	FN1
126929	36349481	MMP2
126931	36349481	MMP9
126937	36349481	DCN
126941	36349481	FN1
126961	36499014	SOX2
126969	36499014	SOX2
126970	36499014	SOX2
126971	36499014	SOX2
126972	36499014	SOX2
126976	36499014	SOX2
126982	36499014	SOX2
127080	35830274	IL1B
127095	36614165	SOX2
127100	36614165	SOX2
127101	36614165	SOX2
127103	36614165	SLC4A11;SOX2
127104	36614165	CD4
127112	36614165	SLC4A11;SOX2
127114	36614165	SOX2
127116	36614165	SLC4A11
127117	36614165	SOX2
127119	36614165	CD4
127120	36614165	SLC4A11
127162	36672144	SOX2
127247	36626253	DLL4;FLT1;KDR
127252	36626253	DLL4;IL1B;KDR
127266	36738354	ICAM1;IL1B
127282	36738354	ICAM1
127305	36738354	IL1B
127308	36738354	ICAM1
127334	36738354	IL1B
127337	36738354	ICAM1
127408	36852280	CAMP
127409	36852280	CAMP
127413	36852280	CAMP
127414	36852280	CAMP
127423	36852280	CAMP
127424	36852280	CAMP
127470	36852280	CAMP
127528	36852280	CAMP
127562	36802443	CAMP
127576	36802443	DES
127740	36930145	CD163;CD4
127744	36930145	CD163;CD4
127746	36930145	CD163
127748	36930145	CD163
127793	36982411	CAMP
127800	36982411	CAMP
127801	36982411	CAMP
127992	37081200	CDH2;VIM
128001	37081200	VIM
128003	37081200	VIM
128005	37081200	FN1;VIM
128006	37081200	FN1;VIM
128007	37081200	FN1
128014	37081200	VIM
128042	37104301	CD4
128154	37108619	CD163
128158	37108619	ACTA2
128162	37108619	LYVE1
128163	37108619	CD163;MPO
128165	37108619	MPO
128177	37108619	CD163
128178	37108619	CD163;DCT
128179	37108619	MPO
128184	37108619	ACTA2
128188	37108619	CD163
128195	37108619	ACTA2
128199	37108619	CD163
128206	37143930	COL1A1
128223	37143930	COL1A1;COL1A2
128225	37143930	PDGFRB
128233	37143930	COL1A1;SLC1A3
128246	37143930	COL1A1
128247	37143930	COL1A1
128260	37143930	COL1A1
128261	37143930	COL1A1
128317	37070131	MITF
128318	37070131	MITF;SERPINF1
128319	37070131	MITF
128320	37070131	MITF
128325	37070131	MITF
128326	37070131	MITF
128335	37070131	MITF
128336	37070131	MITF;TYR
128340	37070131	MITF
128341	37070131	MITF
128342	37070131	MITF
128795	37369771	HIF1A;KDR;MMP2;MMP9
128967	37418274	DCC
129032	37449644	GRIN3A
129034	37449644	LAMA2;PAX5;PTPRK
129067	37449644	CD79A;LAMA2;PTPRK
129068	37449644	CD79A;LAMA2;PTPRK
129069	37449644	CD79A;LAMA2;PTPRK
129074	37449644	LAMA2;PTPRK
129075	37449644	LAMA2;PTPRK
129076	37449644	CD79A;LAMA2;MAF;PAX5;PTPRK
129077	37449644	CD79A;LAMA2;MAF;PAX5;PTPRK
129078	37449644	CD79A;LAMA2;MAF;PAX5;PTPRK
129079	37449644	CD79A;LAMA2;MAF;PAX5;PTPRK
129080	37449644	CD79A;LAMA2;MAF;PAX5;PTPRK
129083	37449644	CD79A;LAMA2;PTPRK
129084	37449644	CD79A;LAMA2;PTPRK
129085	37449644	CD79A;LAMA2;PTPRK
129090	37449644	LAMA2;PTPRK
129091	37449644	LAMA2;PTPRK
129092	37449644	CD79A;LAMA2;MAF;PAX5;PTPRK
129093	37449644	CD79A;LAMA2;MAF;PAX5;PTPRK
129094	37449644	CD79A;LAMA2;MAF;PAX5;PTPRK
129095	37449644	CD79A;LAMA2;MAF;PAX5;PTPRK
129096	37449644	CD79A;LAMA2;MAF;PAX5;PTPRK
129125	37507439	MUC7
129128	37507439	SELL
129270	37628793	SOX2
129346	37669061	CAMP
129350	37714879	TCF4
129588	37779186	THY1
129592	37779186	THY1
129596	37779186	THY1
129603	37779186	THY1
129610	37682293	LCN2;S100A8;S100A9
129615	37682293	CHAT;VIP
129617	37682293	DES
129626	37682293	CHAT;VIP
129627	37682293	VIP
129632	37682293	VIP
129635	37682293	LCN2;S100A8;S100A9
129636	37682293	VIP
129638	37682293	DES
129647	37682293	VIP
129651	37682293	CHAT
129659	37682293	VIP
129663	37682293	CHAT
129702	37844228	CTSS
129711	37844228	CTSS
129777	37998352	FLT3;SOX2
129788	37998352	SOX2
129857	38069177	KRT19;MKI67
129860	38069177	TNC
129862	38069177	VWF
129893	38095908	CAMP
129896	38109525	CAMP
129897	38109525	CAMP
129902	38109525	CAMP
129903	38109525	CAMP
129904	38109525	CAMP
129906	38109525	CAMP
129907	38109525	CAMP
129908	38109525	CAMP
129909	38109525	CAMP
129910	38109525	CAMP
129971	38190128	COL1A1
129974	38190128	COL1A1
129980	38190128	COL1A1
129990	38190128	COL1A1
129991	38190128	COL1A1
129992	38190128	COL1A1
129994	38190128	COL1A1
129995	38190128	COL1A1
129996	38190128	COL1A1
130124	38289952	CD9
130125	38289952	SPP1
130127	38289952	APOE;CXCR2;IGF1;IL1B;SPP1;TMEM119;TREM2
130128	38289952	CCL5;CSF3R
130129	38289952	IGF1;MRC1
130130	38289952	PDGFRB
130133	38289952	IGF1
130474	38115754	CDH5;PECAM1
130475	38115754	ANXA1;CDH5;ICAM1;VWF
130479	38115754	KDR
130519	38514646	DES
130956	38750454	PAX5
131400	39075142	FN1
131434	39101028	MYL9
131436	39101028	MYL9
131454	39101028	MYL9
131467	39101028	MYL9
131469	39101028	MYL9
131475	39116180	CAMP
131498	39116180	CAMP
131531	38548269	FBN1
131533	38548269	FBN1
131534	38548269	FBN1
131538	38548269	FBN1
131543	38548269	FBN1
131546	38548269	FBN1
131547	38548269	FBN1
131548	38548269	FBN1
131549	38548269	FBN1
131550	38548269	FBN1
131551	38548269	FBN1
131552	38548269	FBN1
131553	38548269	FBN1
131646	39198924	CAMP;IGF1
131648	39198924	XBP1
131666	39198924	XBP1
131686	39201288	ALDH3A1
131689	39201288	ACTA2;COL1A1
131690	39201288	ALDH3A1
131692	39201288	COL1A1
131695	39201288	ACTA2;COL1A1
131705	39201288	ACTA2;ALDH3A1
131725	39233867	VIP
131732	39233867	MITF
131733	39233867	MITF
131739	39233867	MITF
131740	39233867	MITF
131744	39233867	MITF
131745	39233867	MITF
131746	39233867	MITF
131749	39233867	MITF
131795	39283617	SOX2
131856	39333897	ACTA2;COL1A1;FN1
131875	39333897	ACTA2
131876	39333897	COL1A1
131877	39333897	FN1
131880	39333897	ACTA2
131881	39333897	COL1A1
131882	39333897	FN1
131886	39333897	ACTA2
131887	39333897	COL1A1
131888	39333897	FN1
131891	39333897	ACTA2
131892	39333897	COL1A1
131893	39333897	FN1
132130	39151779	VIP
132136	39151779	VIP
132137	39151779	VIP
132138	39151779	VIP
132140	39151779	VIP
132141	39151779	VIP
132146	39151779	VIP
132152	39151779	VIP
132183	39504054	MMP2
132275	39540862	CAMK2A;CX3CR1;HEXB;TNR;VCAN
132768	39652067	S100A9
132785	39652067	S100A9
132787	39652067	S100A9
132819	39768188	FBN1
132820	39768188	FBN1
132824	39768188	FBN1
132825	39768188	FBN1
132829	39768188	FBN1
132833	39768188	FBN1
132834	39768188	FBN1
132835	39768188	FBN1
132850	39768188	FBN1
132851	39768188	FBN1
132852	39768188	FBN1
132853	39768188	FBN1
132875	39768188	FBN1
132876	39768188	FBN1
132877	39768188	FBN1
132878	39768188	FBN1
132888	39747370	CAMP
132890	39747370	CAMP
132898	39747370	CAMP
132920	39402168	CD79A
133019	39565681	CAMP
133063	39835893	KDR;P2RY12
133195	39936988	MCC
133199	39936988	MCC
133208	39936988	CD4;MKI67;MS4A1
133209	39936988	CTHRC1;LTF
133210	39936988	MCC
133212	39936988	MCC
133213	39936988	MCC
133214	39936988	MCC
133220	39936988	CD4
133237	39936988	MCC
133251	39936988	MCC
133263	39936988	CD4
133276	39936988	CD4
133352	39994275	ABCB5;LAMA3
133354	39994275	ABCB5
133357	39994275	ABCB5
133358	39994275	ABCB5
133359	39994275	LAMA3
133362	39994275	LAMA3
133367	39994275	LAMA3
133388	40036306	CD9
133400	40036306	CD9
133420	40055675	CX3CR1;TMEM119
133422	40055675	CX3CR1;TMEM119
133427	40055675	CX3CR1;P2RY12;TMEM119
133428	40055675	CX3CR1;SPP1;TMEM119
133429	40055675	CX3CR1
133431	40055675	CX3CR1;TMEM119
133433	40055675	CX3CR1;TMEM119
133434	40055675	CX3CR1;TMEM119
133440	40055675	TMEM119
133441	40055675	CX3CR1
133442	40055675	CX3CR1
133443	40055675	CX3CR1
133444	40055675	SERPINF1
133445	40055675	CX3CR1;TMEM119
133500	40140459	CD3G
133508	40140459	MMP2;MMP9
133511	40140459	CD4
133512	40140459	CD3G
133515	40140459	CD4;MMP2;MMP9
133516	40140459	CD3G;CD4
133549	40140459	CD3G
133564	40140459	CD3G
133609	39930756	KERA
133655	39930756	KERA
133678	39930756	KERA
133709	40210649	MMP9;TIMP1
133720	40210649	MMP9;TIMP1
133726	40210649	MMP9;TIMP1
133783	40238113	CD4
133784	40238113	KRT19
133792	40238113	CCL5;CD3E;CD4;DCT;LUM;MPZ;PECAM1;S100A9
133793	40238113	AQP5;C1QC;CD3E;CD79A;KRT19;VIM
133795	40238113	AQP5
133797	40238113	C1QC;FLT1;KDR;PLVAP;S100A9;VWF
133798	40238113	CD4;LUM
133799	40238113	CD4
133800	40238113	CD4
133801	40238113	FLT1;KDR;MRC1
133802	40238113	CD4
133805	40238113	S100A8;S100A9
133851	40278947	KRT19
133865	40278947	KRT19
133868	40278947	KRT19
133871	40278947	KRT19
133881	40278947	KRT19
133896	40278947	KRT19
133971	40327012	LCN2
133972	40327012	LCN2
133973	40327012	LCN2
133974	40327012	LCN2
133975	40327012	LCN2
133980	40327012	LCN2
133984	40327012	LCN2
133985	40327012	LCN2
133987	40327012	LCN2
133990	40327012	IL1B
133992	40327012	IL1B;LCN2
133993	40327012	LCN2
133994	40327012	LCN2
133995	40327012	IL1B;LCN2
133996	40327012	LCN2
133997	40327012	IL1B;LCN2
133998	40327012	LCN2
133999	40327012	XBP1
134000	40327012	LCN2;XBP1
134001	40327012	LCN2
134002	40327012	LCN2
134003	40327012	LCN2
134006	40327012	LCN2
134009	40327012	IL1B
134020	40327012	LCN2
134023	40327012	IL1B
134033	40375931	COL1A1;MMP2
134044	40375931	MMP2
134051	40375931	COL1A1;MMP2
134052	40375931	COL1A1;MMP2
134054	40375931	COL1A1
134055	40375931	COL1A1;MMP2
134079	40375931	MMP2
134085	40375931	COL1A1
134104	40375931	MMP2
134110	40375931	COL1A1
134197	39667912	COL1A1;KRT19;PRRX1;SOX2;VIM
134198	39667912	SOX2
134199	39667912	MITF;SOX2;TYRP1
134200	39667912	TYRP1
134225	40408092	VIP
134233	40408092	XBP1
134239	40408092	XBP1
134243	40434345	CX3CR1
134245	40434345	CX3CR1
134251	40434345	CX3CR1
134262	40434345	AIF1;CD14;CX3CR1;FCER1A;FLT3;GPNMB;MRC1;MS4A7;P2RY12;SPP1;TMEM119
134263	40434345	CX3CR1
134264	40434345	CD4;CX3CR1
134267	40434345	CAMP;CX3CR1
134281	40434345	CX3CR1
134282	40434345	CX3CR1
134288	40434345	CD4
134317	40434345	CX3CR1
134318	40434345	CX3CR1
134324	40434345	CD4
134503	40395179	CX3CR1
134660	40650128	MAF
134661	40650128	IGF1;MMP2;MMP9
134885	40684170	LCN2;SELENOP
134887	40684170	CLEC7A;TREM2
134888	40684170	CD74;VWF
134891	40684170	CLEC7A;LCN2;TREM2
134892	40684170	CD36
134895	40684170	DES
134924	40710374	HMOX1
134929	40710374	HMOX1
134969	40710374	HMOX1
135023	40710374	HMOX1
135051	40859875	VIP
135052	40859875	VIP
135054	40859875	VIP
135055	40859875	VIP
135058	40859875	VIP
135059	40859875	VIP
135061	40859875	VIP
135065	40859875	VIP
135073	40859875	VIP
135075	40859875	VIP
135076	40859875	VIP
135077	40859875	VIP
135078	40859875	CAMP;VIP
135079	40859875	VIP
135080	40859875	VIP
135111	40753109	SOX2
135339	40801600	SERPINF1;TRPM1;TYR
135343	40801600	IGF1
135344	40801600	CTSD
135346	40801600	CTSD;MITF
135350	40801600	MITF
135351	40801600	CTSD;MITF
135352	40801600	MITF
135378	40806748	SELL
135607	40940733	MMP9
135623	40940733	DCC
135634	40940733	MMP9
135659	40940733	DCC
135676	40940733	DCC
135792	40999359	COL1A1
135795	40999359	COL1A1
135798	40999359	COL1A1
135807	40999359	COL1A1
135809	40999359	ACTA2;COL1A1;VCAM1
135810	40999359	TFAP2C
135813	40999359	ACTA2;COL1A1;IL1B
135818	40999359	COL1A1
135836	40999359	COL1A1
135856	40999359	COL1A1
135874	40745490	MAF
135879	40745490	S100B
135993	40859055	VIM
135995	40859055	TPM2
135998	40859055	VIM
136228	41136496	MMP2
136230	41136496	MMP2
136234	41136496	MMP2
136236	41136496	MMP2
136237	41136496	HIF1A;MMP2
136242	41136496	MMP2
136243	41136496	MMP2
136245	41136496	MMP2
136246	41136496	CD4
136253	41136496	MMP2
136259	41136496	HIF1A
136266	41136496	MMP2
136272	41136496	HIF1A
136278	41169617	MAF
136384	41247129	MMP2;MMP9
136386	41247129	MMP2;MMP9
136389	41247129	MMP2;MMP9
136392	41247129	MMP2;MMP9
136393	41247129	MMP2;MMP9
136524	41309590	ACTA2
136526	41309590	TAGLN;VIM
136527	41309590	ACTA2;DCT;MLANA;MYH11;MYL9;TAGLN
136528	41309590	THY1
136529	41309590	MITF
136531	41309590	ACTA2;DCT;MITF;MLANA;MYH11;MYL9;TAGLN;THY1
136532	41309590	ACTA2;DCT;DES;PTGDS;TAGLN;THY1
136533	41309590	MITF
136534	41309590	MYH11
136535	41309590	ACTA2;DCT;MITF;MYH11;MYL9;THY1
136536	41309590	ACTA2
136537	41309590	ACTA2;DES;MITF;MYH11;MYL9;PTGDS;RELN;TAGLN;THY1
136538	41309590	ACTA2;MAF
136539	41309590	MYH11
136548	41309590	MYH11
136568	41316318	CAMP
136770	41358657	CAMP
136821	41432545	ICAM1
136824	41432545	CLDN5;PECAM1
136825	41432545	CLDN5;PECAM1;PLVAP
136826	41432545	CLDN5;PLVAP
136828	41432545	CD3E
136832	41432545	PECAM1
136833	41432545	ICAM1
136834	41432545	ICAM1
136835	41432545	ICAM1
136838	41432545	ICAM1
136839	41432545	APOE;CX3CR1
136840	41432545	ICAM1
136843	41432545	CD3E;CLDN5;PLVAP
136849	41432545	ICAM1;PECAM1
136868	41432545	PLVAP
136875	41432545	CLDN5
136883	41432545	CD3E
136901	41432545	PLVAP
136908	41432545	CLDN5
136916	41432545	CD3E
137007	41290721	PMEL
137008	41290721	MKI67
137011	41290721	MITF
137013	41290721	SOX2
137014	41290721	CACNA1C;NRXN1
137015	41290721	SOX2
137016	41290721	PMEL
137017	41290721	PMEL
137019	41290721	NRXN1
137120	41533919	MITF
137125	41533919	MITF
137130	41533919	MITF
137137	41533919	MITF
137187	41556586	IL1B;MMP9
137190	41556586	IL1B;MMP9
137203	41556586	IL1B;MMP9
137207	41556586	CD4
137213	41556586	IL1B
137219	41556586	MMP9
137236	41556586	IL1B
137242	41556586	MMP9
137314	41615370	MMP9
137320	41615370	MMP9
137328	41615370	ICAM1
137385	41615370	ICAM1
137482	41615370	CD14;CTSS
137492	41615370	ICAM1
137493	41615370	CTSS
137498	41615370	CD14;CTSS
137508	41615370	ICAM1
137509	41615370	CTSS
137606	41636427	FN1;MGP;POSTN
137614	41636427	NNMT
137617	41636427	TAGLN
137618	41636427	TAGLN
137723	41636427	ITGA11
137746	41636427	ITGA11
137800	41721205	CCL5
137805	41721205	CAMP
137821	41721205	IGF1;SOX2;SPP1
137825	41721205	CAMP
137826	41721205	CAMP
137830	41721205	SPP1
137882	41721205	SOX2
137896	41721205	SOX2
137911	41752162	CD9
137918	41752162	KDR
137994	41808823	GZMB
137995	41808823	GZMB
137996	41808823	GZMB
137997	41808823	GZMB
137998	41808823	GZMB
138001	41808823	GZMB
138002	41808823	GZMB
138003	41808823	GZMB
138005	41808823	GZMB
138006	41808823	GZMB
138008	41808823	GZMB
138009	41808823	GZMB
138011	41808823	GZMB
138013	41808823	GZMB
138016	41808823	GZMB
138017	41808823	GZMB
138018	41808823	GZMB
138019	41808823	GZMB
138020	41808823	GZMB
138021	41808823	GZMB
138022	41808823	GZMB
138024	41808823	GZMB
138025	41808823	GZMB
138026	41808823	GZMB
138027	41808823	GZMB
138369	41869290	HMOX1
138385	41869290	HMOX1
138425	41899822	COL1A1
138490	41899822	MGP
138492	41899822	MGP;VCAM1
138494	41899822	MGP
138499	41899822	MGP
138501	41899822	MGP;VCAM1
138503	41899822	MGP
138661	41760600	SOX2
138675	41760600	LCN2
138868	41803895	COL1A1;FBN1
138871	41803895	COL1A1;FBN1
138885	41803895	COL1A1
138891	41803895	COL1A1
138894	41803895	COL1A1
138895	41803895	FBN1
138906	41803895	VIP
138939	42023163	C1S
138995	41865000	SOX2
139002	41865000	SOX2
139004	41865000	CAMP
139019	42044330	CD9;IGF1
139020	42044330	ANXA1;S100B;SOX2;VIM
139022	42044330	LCN2;SOX2;VIM
139023	42044330	SERPINF1
139024	42044330	IGF1
139025	42044330	KDR
139026	42044330	SOX2
139028	42044330	SOX2
139042	42044330	ANXA1
139057	41294008	MAF
139069	41294008	DES
139115	42055007	MITF
139116	42055007	MITF
139122	42055007	CLIC6;MITF
139124	42055007	CLIC6
139125	42055007	CLIC6;COL1A1
139126	42055007	CLIC6
139129	42055007	MITF
139139	42055007	CLIC6;COL1A1;MITF
139158	42055007	MITF
139165	42055007	COL1A1
139172	42055007	CLIC6
139183	42055007	CLIC6
139188	42055007	MITF
139250	42055007	COL1A1
139273	42055007	CLIC6
139278	42055007	MITF
139340	42055007	COL1A1
139358	42194275	KERA
139370	42194275	KERA
139376	42194275	KERA
139400	40449651	LAMA2
139407	40449651	APOE
139410	40449651	CD4
139469	41622742	DCN;DPT;MKI67;TOP2A
139504	42278250	ABCB5
139506	42278250	BIRC5;MKI67;TOP2A
139514	42278250	ABCB5
139515	42278250	ABCB5
139521	42278250	CD4
139538	42278250	ABCB5
139547	42278250	ABCB5
139554	42278250	DES
139568	42278250	DES
139604	42278250	LCN2
139619	42278250	LCN2
139709	42310124	ALDH3A1
139720	42310124	ALDH3A1
139721	42310124	ALDH3A1
139722	42310124	ALDH3A1
139723	42310124	ALDH3A1
139724	42310124	ALDH3A1
139739	42310124	ALDH3A1
139753	42310124	ALDH3A1
139778	42310124	ALDH3A1
139785	42310124	ALDH3A1
139791	42268917	CAMP
139793	42268917	CAMP
139795	42268917	CAMP
139798	42268917	DCT
139801	42268917	CAMP
139802	42268917	CAMP
139821	42063159	ACTA2;COL1A1;FN1;IL1B
139825	42063159	ACTA2;COL1A1;FN1;IL1B
139833	42063159	CD9
139848	42063159	CD9
139850	42063159	CD9
139852	42063159	ACTA2;FN1;VIM
139853	42063159	ACTA2;COL1A1;FN1
139854	42063159	IL1B
139856	42063159	TIMP1
139857	42063159	ITGA11
139858	42063159	ACTA2;COL1A1;FN1
139880	42069863	TCF4
139884	42069863	TCF4
139953	42433372	CDH5
139960	42433372	CDH5
139961	42433372	CDH5
139967	42433372	CDH5
140027	42450352	JCHAIN;LRRTM3
140030	42450352	CCL4;HIF1A
140034	42450352	JCHAIN;LRRTM3
140047	42450352	MCC
140065	42450352	JCHAIN
140069	42450352	LRRTM3
140087	42450352	JCHAIN
140091	42450352	LRRTM3
140137	42450352	JCHAIN
140141	42450352	LRRTM3
140161	42450352	JCHAIN
140165	42450352	LRRTM3
140210	42450352	MMP9;TCF4;VIM
140211	42450352	EYA4
140213	42450352	RGS5
140214	42450352	HIF1A;LCN2;RELN;VIM
140215	42450352	TCF4
140217	42450352	ADGRL4
140219	42450352	COL3A1;FBN1;MMP2;PDGFRB
140220	42450352	SPP1;TCL1A
140221	42450352	BIRC5;MMP2
140222	42450352	RGS5;TCF4;TIMP1
140223	42450352	ZFPM2
140227	42450352	MMP9;TCF4;VIM
140228	42450352	EYA4
140230	42450352	RGS5
140231	42450352	HIF1A;LCN2;RELN;VIM
140232	42450352	TCF4
140234	42450352	ADGRL4
140236	42450352	COL3A1;FBN1;MMP2;PDGFRB
140237	42450352	SPP1;TCL1A
140238	42450352	BIRC5;MMP2
140239	42450352	RGS5;TCF4;TIMP1
140240	42450352	ZFPM2
140289	42450352	MCC
140313	42450352	MCC
140326	42478926	KDR
140328	42478926	ACTA2;MYH11;RGS5
140329	42478926	ACTA2
140331	42478926	MKI67;MLANA;TOP2A;TYRP1
140332	42478926	CDH5;LYVE1;MKI67;TOP2A
140334	42478926	FLT1;MKI67;TOP2A
140337	42478926	FLT1;KDR
140339	42478926	ICAM1;IGF1
140341	42478926	DES;RGS5
140342	42478926	IGF1
140343	42478926	DLL4;KDR
140345	42478926	KDR
140348	42478926	KDR
140350	42478926	IGF1;POSTN;TGFBI
140351	42478926	CSF3R
140352	42478926	FBN1
140419	42478926	IGF1
140422	42478926	IGF1
140424	42478926	LCN2
140432	42478926	IGF1
140435	42478926	IGF1
140437	42478926	LCN2
140444	42493528	SELL
140532	42082754	SOX2
140533	42082754	SOX2
140542	42082754	SOX2
140545	42082754	VIP
140547	42082754	SOX2
140558	42565253	COL1A1
140560	42565253	COL1A1
140587	42565253	COL1A1
140588	42565253	COL1A1
140589	42565253	COL1A1
140590	42565253	COL1A1
140591	42565253	ACTA2;COL1A1;HIF1A
140592	42565253	ACTA2;COL1A1
140594	42565253	COL1A1
140595	42565253	COL1A1
140596	42565253	ACTA2;COL1A1
140599	42565253	COL1A1
140661	42589107	MCC
140668	42589107	CENPF;MCC;PTTG1;TOP2A
140675	42589107	FDCSP;LTF;SCGB3A1
140676	42589107	CENPF;PTTG1;TOP2A
140716	42589107	LTF
140722	42589107	SCGB3A1
140732	42589107	FDCSP
140738	42589107	LTF
140744	42589107	SCGB3A1
140754	42589107	FDCSP
140803	42589107	HIF1A;LCN2;RELN;VIM
140804	42589107	MMP2;MMP9
140806	42589107	BIRC5;MMP2
140810	42589107	BIRC5;CDH2;HMOX1;MITF;MMP2;ROBO1
140811	42589107	ADGRL4
140814	42589107	CCL5;ICAM1;SOX2
140816	42589107	STMN1
140819	42589107	BACH1;FAM135A;HIF1A;MITF;OLR1
140820	42589107	COL3A1;CTHRC1
140826	42589107	HIF1A;LCN2;RELN;VIM
140827	42589107	MMP2;MMP9
140829	42589107	BIRC5;MMP2
140833	42589107	BIRC5;CDH2;HMOX1;MITF;MMP2;ROBO1
140834	42589107	ADGRL4
140837	42589107	CCL5;ICAM1;SOX2
140839	42589107	STMN1
140842	42589107	BACH1;FAM135A;HIF1A;MITF;OLR1
140843	42589107	COL3A1;CTHRC1
140899	42619284	MMP9
140903	42619284	MMP9
140905	42619284	MMP9
140907	42619284	MMP9
140908	42619284	MMP9
140909	42619284	MMP9
140913	42619284	MMP9
140916	42619284	MMP9
140917	42619284	MMP9
140920	42619284	MMP9
140921	42619284	MMP9
140922	42619284	MMP9
140926	42619284	MMP9
140954	42592906	DCT;SOX2
140958	42592906	SOX2
140959	42592906	MITF;SOX2
140961	42592906	DCT
140962	42592906	DCT
140963	42592906	DCT
140964	42592906	DCT;MITF
140966	42592906	DCT;SOX2
140967	42592906	DCT;MITF
140968	42592906	DCT
140969	42592906	DCT;SOX2
140970	42592906	SOX2
140972	42592906	MITF
140973	42592906	DCT
140974	42592906	DCT;MITF
140975	42592906	DCT;SOX2
140977	42592906	DCT
140981	42592906	DCT
140984	42592906	DCT
140992	41837548	CAMP
141002	41837548	DCT
141006	41837548	CAMP
141211	27099533	CD4
141213	27099533	CD4
141231	29246287	SERPINF1
141391	31988387	MITF
141394	31988387	MITF
141433	31988387	MITF
141468	31988387	MITF
141510	32076077	MGP;VIM
141533	32194869	VCAM1
141543	32194869	VCAM1
141553	32194869	MMP9;VCAM1
141554	32194869	VCAM1
141555	32194869	VCAM1
141556	32194869	VCAM1
141557	32194869	VCAM1
141607	32245120	ACTA2
141615	32243845	MITF
141618	32243845	COL1A1
141619	32243845	MITF
141620	32243845	MITF
141622	32243845	ACTA2;COL1A1;MITF
141623	32243845	MITF
141625	32243845	MYL9
141646	32410964	THY1
141655	32410964	THY1
141673	32344885	FBN1;FN1
141719	32528252	LEPR
141720	32528252	LEPR
142261	32917640	CD163;CD9;LYVE1
142263	32917640	CD4
142278	32917640	CD163;CD9;LYVE1
142283	32917640	DES
142401	32545782	VIP
142475	32678293	PDGFRB;VWF
142513	32452112	S100A9
142698	32539133	TIMP1
142701	32539133	TIMP1
142715	32539133	MMP2;MMP9;TIMP1
142720	32539133	TIMP1
142770	32539133	MMP2
142771	32539133	MMP9
142773	32539133	TIMP1
142787	32539133	MMP2
142788	32539133	MMP9
142790	32539133	TIMP1
142804	32721021	MGP
142806	32721021	MGP
142809	32721021	MGP
142810	32721021	MGP
142811	32721021	MGP
142812	32721021	MGP
143069	32967731	TYR
143185	32899567	CD4
143186	32899567	ICAM1
143187	32899567	CD4
143188	32899567	ICAM1
143190	32899567	CD4
143191	32899567	CD4
143193	32899567	CD4
143194	32899567	CD4
143195	32899567	CD4
143196	32899567	CD4
143198	32899567	CD4
143199	32899567	CD4
143201	32899567	CD4
143230	32987810	PMEL
143241	32987810	PMEL
143244	32987810	CAMP
143272	32987810	PMEL
143306	32987810	UCHL1
143350	32987810	PMEL
143384	32987810	UCHL1
143404	32987810	COL1A2
143414	32987810	COL1A1
143440	32987810	VCAN
143444	32987810	MYL9
143446	32987810	FN1
143451	32987810	FBN1
143474	32987810	COL1A2
143484	32987810	COL1A1
143510	32987810	VCAN
143514	32987810	MYL9
143516	32987810	FN1
143521	32987810	FBN1
143569	33036197	TPM1
143573	33036197	MMP2;SERPINA1;VIM
143577	33036197	MMP2;SERPINA1;VIM
143774	33151282	DCT;MITF;PMEL
143901	33276722	DCC
143923	33298129	CHAT
143931	33298129	CHAT
143932	33298129	CHAT
143933	33298129	CHAT
143934	33298129	CHAT
143940	33298129	CHAT
143941	33298129	CHAT
143943	33298129	CHAT
143944	33298129	CHAT
143950	33298129	CHAT
143957	33298129	CHAT
143981	33303775	CHAT
144015	33023312	CD14;CD2
144020	33023312	THY1
144021	33023312	THY1
144024	33023312	THY1
144027	33023312	THY1
144033	33023312	THY1
144044	33023312	THY1
144055	33023312	THY1
144068	33023312	THY1
144078	33436915	COL1A1
144087	33436915	COL1A1
144088	33436915	COL1A1
144091	33436915	COL1A1
144101	33436915	COL1A1
144223	33477551	SOX2
144236	33477551	DES;SOX2
144238	33477551	MITF
144320	33499245	TNR
144377	33499292	THY1
144419	33672743	CD4
144470	33646289	FBN1
144471	33646289	FBN1
144472	33646289	FBN1
144473	33646289	FBN1
144491	33646289	FBN1
144492	33646289	FBN1
144493	33646289	FBN1
144494	33646289	MFRP
144495	33646289	FBN1
144496	33646289	FBN1
144526	32196081	CDH5;CLDN5;FLT1;KDR;PECAM1;PLVAP
144527	32196081	CDH5;KDR;PECAM1
144529	32196081	KDR
144530	32196081	CD4
144531	32196081	CDH5;GPR34
144537	32196081	CD163;GPR34;MRC1
144540	32196081	CD4
144546	32196081	KDR
144549	32196081	SPP1
144552	32196081	CDH5
144553	32196081	SPP1
144556	32196081	CD4
144609	33749722	SOX2
144611	33749722	SOX2
144615	33749722	SOX2
144653	33804633	CAMP
144686	33653689	CAMP
144992	33883023	MITF
144996	33883023	MITF
145021	33883023	MITF
145022	33883023	MITF
145023	33883023	MITF
145025	33883023	MITF
145028	33883023	MITF
145086	33175651	VIP
145088	33175651	VIP
145098	33175651	VIP
145240	33946753	COL1A1
145244	33946753	COL1A1;FN1;MMP2
145247	33946753	COL1A1;FN1;MMP2
145260	33946753	SERPINA1
145273	33946753	COL1A1
145276	33946753	FN1
145285	33946753	MMP2
145296	33946753	COL1A1
145299	33946753	FN1
145308	33946753	MMP2
145368	34039431	P2RY12
145376	34039431	P2RY12
145435	34140021	TGFBI
145438	34140021	TGFBI
145441	34140021	COL1A1
145448	34140021	COL1A1
145451	34140021	TYR
145466	34140021	COL1A1
145468	34140021	COL1A1
145473	34140021	COL1A1
145672	34299278	DCN
145675	34299278	DCN
145676	34299278	DCN
145677	34299278	DCN
145678	34299278	DCN
145679	34299278	DCN
145680	34299278	DCN
145681	34299278	DCN
145682	34299278	DCN;FBN1
145683	34299278	DCN;FBN1
145684	34299278	DCN
145685	34299278	DCN
145688	34299278	DCN
145689	34299278	DCN
145690	34299278	DCN
145691	34299278	DCN
145700	34299278	DCN
145707	34299278	DCN
145715	34299278	DCN
145722	34299278	DCN
145813	34395527	TYR
145951	34427623	SOX2
145969	34427623	SOX2
145972	34427623	SOX2
146136	34578864	CD4
146143	34578864	CD4
146146	34578864	CD4
146147	34578864	CD4
146265	34533135	CD9
146270	34533135	CD9
146286	34533135	CD9
146308	34638840	MITF;TYR
146354	34659513	DLL4
146357	34659513	CD4
146360	34659513	DLL4
146362	34659513	DLL4
146365	34659513	DLL4
146369	34659513	DLL4
146370	34659513	DLL4
146371	34659513	DLL4
146387	34659513	DLL4
146396	34659513	DLL4
146612	34819935	ACTA2;COL1A1;VIM
146615	34819935	C5AR1
146616	34819935	IL1B
146621	34819935	IL1B
146630	34819935	ACTA2;COL1A1;VIM
146776	34613793	HIF1A
146778	34613793	SALL1
146792	34946854	HMOX1
146793	34946854	ALDH3A1;APOE
146795	34946854	APOE
146796	34946854	APOE
146829	34946854	S100A9
146833	34946854	APOE
146870	34946854	S100A9
146874	34946854	APOE
146953	34946854	S100A9
146964	34946854	S100A9
146967	34946854	APOE
146977	34946854	APOE
147071	35027657	CD4
147073	35027657	TYRP1
147074	35027657	TYRP1
147075	35027657	CD69
147076	35027657	CD69
147086	35027657	CD69
147091	35027657	CD69
147105	35027657	CD69
147112	35027657	CD69
147120	35027657	TYRP1
147129	35027657	TYRP1
147142	35039609	VIP
147148	35039609	AIF1;APOE;COL1A1;COL3A1;CX3CR1;DCT;PTGDS;TIMP1
147152	35039609	CCL3;COL1A2;TIMP1
147155	35039609	COL1A1;COL1A2;COL3A1;DCN;MMP9;TIMP1
147156	35039609	DCN
147168	35058548	TYR
147171	35058548	PDGFRB
147199	35027445	THY1
147232	34717927	COL1A1;COL1A2;COL3A1;DCN;FN1
147267	35207274	MMP2;MMP9
147269	35207274	DES
147338	35269714	ALDH3A1;THY1
147339	35269714	COL1A1
147344	35269714	COL1A1;COL1A2
147345	35269714	COL1A2;TPM2
147352	35269714	ALDH3A1;THY1
147625	35328615	APOE
147629	35328615	SOX2
147843	35379313	CAMP
147857	35409392	ALDH3A1
147858	35409392	ALDH3A1
147869	35409392	ALDH3A1
147951	35453289	SOX2;TYR
147983	35120620	CD4
147990	35120620	CD4
147994	35120620	CD4
148111	35531093	CAMP;LHX1
148379	35659263	FLT1;KDR;PDGFRB
148380	35659263	CAMP
148381	35659263	PDE1A
148586	35659263	KDR
148589	35659263	PDGFRB
148594	35659263	FLT1
148629	35659263	KDR
148632	35659263	PDGFRB
148637	35659263	FLT1
148739	35659263	PDE1A
148762	35659263	PDE1A
149292	34979259	CA3
149296	34979259	CHAT
149301	34979259	APOE
149346	34979259	APOE
149398	34979259	APOE
149410	35181781	MMP9
149415	35181781	AIF1;C1QC;CD14;F13A1;FCN1;FOLR2;HLA-DQA1;MRC1;S100A8
149416	35181781	DLL4;MGP;PLVAP;VCAM1
149418	35181781	C5AR1;S100A8
149419	35181781	MMP9
149422	35181781	ICAM1;ITGAX;MMP9;VCAM1
149427	35181781	MMP9
149434	35181781	MMP9
149456	35181781	MMP9
149479	35884862	MMP2;MMP9
149502	35884862	MMP2;MMP9
149504	35884862	CXCR2;MMP2
149520	35897793	TIMP1
149526	35897793	ABCB5
149527	35897793	VIM
149532	35897793	ANXA1;MMP2;SOX2;TIMP1
149533	35897793	TIMP1
149534	35897793	COL3A1
149535	35897793	ACTA2;COL1A1;COL3A1;HIF1A;KERA;LUM;MMP9;TIMP1
149539	35897793	TIMP1
149540	35897793	MMP9;PDGFRB
149553	35897793	COL1A1;TIMP1
149564	35897793	COL1A1
149565	35897793	TIMP1
149567	35897793	COL1A1;COL3A1;LUM
149569	35897793	MMP9
149570	35897793	COL1A1;COL3A1;HIF1A;TIMP1
149571	35897793	ACTA2;HIF1A
149573	35897793	COL1A1
149574	35897793	TIMP1
149576	35897793	COL1A1;COL3A1;LUM
149578	35897793	MMP9
149579	35897793	COL1A1;COL3A1;HIF1A;TIMP1
149580	35897793	ACTA2;HIF1A
149660	36048019	HMOX1
149666	36077073	CD4;ITGAX;MCC;VCAM1
149669	36077073	CD4
149679	36077073	MCC
149681	36077073	CD4
149684	36077073	ITGAX
149685	36077073	VCAM1
149687	36077073	CD4
149688	36077073	ITGAX
149689	36077073	ICAM1;VCAM1
149690	36077073	MCC
149692	36077073	CD4
149695	36077073	ITGAX
149696	36077073	VCAM1
149698	36077073	CD4
149699	36077073	ITGAX
149700	36077073	ICAM1;VCAM1
149756	36163231	MMP2;MMP9;TIMP1;XBP1
149821	36213538	IL1RN
149854	36213538	IL1RN
149864	36213538	IL1RN
149885	36216837	COL1A1
149886	36216837	COL1A1
149918	36127870	MMP2;MMP9;MPO
149919	36127870	MPO
149925	36127870	MPO
149926	36127870	MMP2;MMP9
149930	36127870	MMP2
149931	36127870	MMP2;MMP9
149963	36239974	SOX2
149997	35584663	SOX2
150003	35584663	SOX2
150010	35584663	CAMP
150020	35584663	SOX2
150056	35584663	SOX2
150204	35584663	SOX2
150333	36306327	CCL3;CCL4;CCL5
150335	36306327	CCL3;CCL4;CCL5
150343	36306327	CAMP
150505	36413373	HMOX1
150520	36413373	HMOX1
150536	36413373	HMOX1
150690	36577775	KRT19
150693	36577775	TGFBI
150695	36577775	KRT19
150698	36577775	KRT19
150699	36577775	ABCB5
150708	36577775	KRT19
150719	36598818	CD14
150760	36598133	CAMP
150909	36680182	ICAM1
150911	36680182	MITF
150912	36680182	MITF
150913	36680182	MITF
150915	36680182	CCL5;FLT1;KDR;MITF
150923	35752290	COL1A1;COL1A2;FBN1;FN1;VIM
150925	35752290	PRKCA
150932	35752290	PRKCA;TENM3
150974	36769461	TPM1
150975	36769461	TPM1
150992	36769461	TPM1
150995	36769461	TPM1
150996	36769461	TPM1
150997	36769461	TPM1
150998	36769461	TPM1
151099	36836210	CD36;MMP9
151340	36877515	CD4;CD69
151341	36877515	MMP9
151347	36877515	CD4
151352	36877515	CD4
151555	35882984	CD79A;PAX5
151557	35882984	CD2;CD4
151567	35882984	CD79A
151573	35882984	CD79A
151658	37048143	ADGRL2
151681	37048143	ADGRL2
151718	37043340	NOTCH3
151721	37043340	NOTCH3
151736	37043340	NOTCH3
151737	37043340	NOTCH3
151740	37043340	NOTCH3
151741	37043340	NOTCH3
151743	36821388	SPP1
151744	36821388	CD163
151746	36821388	AIF1;CD3D;CD79A;CSF3R;CX3CR1;CXCR2;FLT3;IGKC;ITGAX;MKI67;NKG7;P2RY12;TMEM119;TOP2A;ZBTB46
151747	36821388	CD163;CLEC9A;CSF3R;CXCR2;FOLR2;LYVE1;MRC1;P2RY12;SPP1;TMEM119;XCR1
151748	36821388	ANXA1;FN1;IL1B;SPP1
151749	36821388	CX3CR1;ITGAX;SPP1
151750	36821388	CX3CR1;ITGAX
151752	36821388	CSF3R;CXCR2;ICAM1;IL1B;ITGAX;KDR;LYVE1;SPP1;VCAM1
151753	36821388	SPP1
151754	36821388	FLT3;ITGAX;P2RY12;TMEM119
151755	36821388	SPP1
151759	36821388	AIF1;CD3D;CD79A;CSF3R;CXCR2;FLT3;IGKC;MKI67;NKG7;P2RY12;TMEM119;TOP2A;ZBTB46
151889	37110558	IL1B
151895	37110558	IL1B
151927	37160307	SPP1
151929	37160307	SPP1
151930	37160307	SPP1
151931	37160307	SPP1
151932	37160307	SPP1
151933	37160307	SPP1
151934	37160307	SPP1
151935	37160307	SPP1
151936	37160307	SPP1
151937	37160307	SPP1
151939	37160307	SPP1
151940	37160307	SPP1
151941	37160307	SPP1
151947	37160307	SPP1
151980	37408192	MITF
152027	37095157	SOX2
152112	37371958	XBP1
152143	37389178	OLR1
152147	37389178	OLR1
152148	37389178	OLR1
152153	37389178	OLR1
152156	37389178	OLR1
152175	37389178	OLR1
152192	37389178	OLR1
152294	37389178	OLR1
152729	37539744	VIP
152734	37539744	VIP
152749	37628816	SERPINF1;TYR
152758	37628816	SELL
152772	37628816	TYR
152780	37628816	SERPINF1
152785	37628816	TYR
152793	37628816	SERPINF1
152807	37628816	SERPINF1
152811	37628816	TYR
152826	37628816	SERPINF1
152830	37628816	TYR
153138	37830570	CAMP
153140	37830570	SOX2
153178	37870847	APOE;CLDN5;RGS5
153180	37870847	LAMA2;MAF
153182	37870847	BIRC5
153183	37870847	CADM1
153184	37870847	MAF
153185	37870847	MPZ
153357	38002955	JCHAIN
153358	38002955	IGF1
153425	38002955	JCHAIN
153441	38002955	JCHAIN
153553	38173510	MMP2
153554	38173510	ICAM1
153555	38173510	ICAM1
153569	38173510	MMP2
153581	38173510	MMP2
153589	38173510	MMP2
153643	38202631	MMP9
153648	38202631	KDR;MMP9
153650	38202631	MMP9
153661	38202631	MMP9
153663	38202631	MMP9
153666	38202631	MMP9
153682	38202631	MMP9
153719	38229139	SOX2
153721	38229139	MITF;PMEL;SOX2
153724	38229139	FN1
153725	38229139	FN1
153728	38229139	CDH2;COL1A2
153729	38229139	CDH2;COL1A2
153730	38229139	PMEL
153733	38229139	CDH2
153734	38229139	CDH2;COL1A2
153755	38229139	MITF
153758	38232696	APOE;KDR
153759	38232696	CD14;CD4
153761	38232696	CD4
153763	38232696	APOE;KDR
153766	38232696	LYVE1
153768	38232696	ICAM1;IL1B;IL7R;MMP9;SLAMF7
153769	38232696	CCL5;ICAM1;IL1B;MMP9;VCAM1
153770	38232696	MMP9
153771	38232696	CCL5;MMP9
153773	38232696	APOE
153775	38232696	APOE
153803	38232696	ICAM1;IL1B;VCAM1
153904	38334649	TRPM1
153905	38334649	TRPM1
153907	38334649	TYR
153918	38334649	TRPM1
153920	38334649	CAMP
153924	38334649	TRPM1
153930	38334649	TRPM1
153974	38379013	DES
153975	38379013	DES
153976	38379013	DES
153981	38379013	CCL5;COL1A2;COL3A1;DES;MMP2
153982	38379013	VIP
153983	38379013	VIP
153985	38379013	DES
153986	38379013	DES;MMP9
153987	38379013	DES
153988	38379013	DES
154085	38514716	ABCB5
154087	38514716	AQP5;DCN;MLANA;PECAM1;SLC4A11
154088	38514716	ABCB5;KRT4
154089	38514716	ABCB5
154093	38514716	ABCB5
154098	38514716	AQP5;DCN;MLANA
154323	38586992	LUM
154381	38704483	TCF4
154382	38704483	TCF4
154383	38704483	TCF4
154384	38704483	TCF4
154385	38704483	TCF4
154386	38704483	TCF4
154388	38704483	CDH2;FN1;TCF4
154389	38704483	TCF4
154390	38704483	TCF4
154393	38704483	TCF4
154417	38760655	VCAN
154444	38587075	LYVE1
154445	38587075	CDH5;CX3CR1;LYVE1;PDGFRB
154446	38587075	LYVE1
154447	38587075	CX3CR1
154448	38587075	CD4
154450	38587075	CDH5;CX3CR1;PDGFRB
154451	38587075	CD4
154454	38587075	CDH5;CX3CR1;PDGFRB
154458	38587075	LYVE1
154459	38587075	CACNA1E
154465	38844990	CX3CR1
154466	38844990	CX3CR1
154467	38844990	CX3CR1
154468	38844990	CX3CR1
154469	38844990	CX3CR1
154470	38844990	CX3CR1
154471	38844990	CX3CR1
154479	38844990	CX3CR1
154481	38844990	CX3CR1
154484	38844990	CX3CR1
154485	38844990	CX3CR1
154486	38844990	CX3CR1
154487	38844990	CX3CR1
154488	38844990	CX3CR1
154489	38844990	CX3CR1
154490	38844990	CX3CR1
154491	38844990	CX3CR1
154492	38844990	CX3CR1
154493	38844990	CX3CR1
154496	38844990	CX3CR1
154516	38871723	MAF
154672	38598298	IGF1
154686	38598298	IGF1
154706	39093964	SPP1
154708	39093964	SPP1
154711	39093964	CAMP
154712	39093964	CAMP
154738	39093964	CAMP;SPP1
154823	38819069	CX3CR1;THY1
154825	38819069	CD9
154831	38819069	CX3CR1;THY1
154835	38819069	SOX2
154836	38819069	THY1
154837	38819069	CX3CR1
154914	38502591	CD163;TMEM119
154916	38502591	ASAH1;CD163
154922	38502591	CD163
154935	38502591	TIMP1
154952	38502591	CD163
154954	38502591	ASAH1
154968	38502591	TIMP1
154985	38502591	CD163
154987	38502591	ASAH1
155041	39012703	GPR143
155048	39012703	DES
155052	39012703	GPR143
155065	39012703	DES
155079	39281021	CD9
155096	39281021	CD9
155097	39281021	CD14;CD1C;CD2;CD4;CD69;CD9
155120	39273216	SELL
155135	39287589	AQP5
155139	39287589	MAF
155140	39287589	AQP5
155141	39287589	AQP5
155143	39287589	AQP5
155147	39287589	AQP5
155957	38961590	ACTA2;MKI67;MLANA;THY1;VIM
155959	38961590	MMP9
155962	38961590	TGFBI
155996	39524785	COL1A1;COL1A2;COL3A1;FN1
156089	39521904	UCHL1
156111	39538248	KRT19
156114	39538248	KRT19
156124	39538248	DCN;KRT19;LUM
156128	39538248	DCN;LUM
156130	39538248	KRT19
156133	39538248	KRT19
156150	39538248	DCN
156154	39538248	LUM
156163	39538248	DCN
156167	39538248	LUM
156178	39538248	KRT19
156190	39538248	KRT19
156194	39514305	CDH5
156196	39514305	MYH11
156199	39514305	CDH5
156205	39514305	CDH5
156209	39514305	CDH5
156216	39514390	CD163
156222	39514390	CD163
156705	39641748	CCL3;CCL4;CCL5
156714	39641748	CSF3R
156717	39641748	CSF3R
157005	39796188	ACTA2;COL1A1;COL1A2;HIF1A
157012	39796188	HIF1A
157088	39834393	NOTCH3
157092	39834393	NOTCH3
157093	39834393	NOTCH3
157094	39834393	DLL4;NOTCH3
157119	39834393	NOTCH3
157148	39834393	NOTCH3
157166	39859409	ALDH3A1;KERA;PTGDS
157167	39859409	CD4;MMP2
157174	39859409	MMP9
157184	39859409	ALDH3A1
157191	39859409	CDH2;SOX2
157302	39918477	COL1A1
157305	39918477	COL1A1
157306	39918477	COL1A1
157320	39918477	COL1A1
157321	39918477	COL1A1
157324	39918477	COL1A1
157325	39918477	COL1A1
157326	39918477	COL1A1
157334	39940664	XBP1
157335	39940664	TCF4;XBP1
157365	39940664	XBP1
157378	39940664	XBP1
157395	39952952	MGP
157401	39952952	ACTA2;CA3;CD2;CD3D;CD79A;CDH5;CHRM3;CLDN5;CNN1;COL1A2;DCN;DES;DLL4;FLT1;FN1;IL1B;IL7R;KDR;LYVE1;MGP;MITF;MLANA;MPZ;MYH11;MZB1;NDUFA4L2;NKG7;PDGFRB;PECAM1;PLVAP;PMEL;POSTN;RGS5;SOX2;TAGLN;TRAC;TREM2;TRPM1;TYR;TYRP1;UCHL1;VWF
157405	39952952	DCN;MGP;POSTN
157487	39952952	CD3D;NKG7
157489	39952952	MLANA;PMEL;TYRP1
157490	39952952	SOX2
157491	39952952	MPZ;SOX2
157492	39952952	DCN;TAGLN
157493	39952952	ACTA2;DCN;RGS5;TAGLN
157494	39952952	ACTA2;DES;MYH11;RGS5;TAGLN
157495	39952952	ACTA2;DCN;FLT1;PDGFRB;RGS5;TAGLN
157496	39952952	DLL4;FLT1;KDR;PECAM1;RGS5;VWF
157497	39952952	KDR;PECAM1
157499	39952952	CA3
157500	39952952	COL1A2;DCN
157501	39952952	PECAM1;PLVAP;VWF
157502	39952952	CLDN5
157503	39952952	CDH5;FN1;POSTN
157505	39952952	MGP
157507	39952952	CHRM3;CNN1;DES;MYH11
157508	39952952	NDUFA4L2
157509	39952952	UCHL1
157510	39952952	MITF;MLANA;PMEL;TRPM1;TYR
157511	39952952	MPZ
157513	39952952	CD79A;MZB1
157514	39952952	IL1B;LYVE1;TREM2
157515	39952952	CD2
157516	39952952	CD3D;IL7R;TRAC
157519	39952952	CD3D;NKG7
157521	39952952	MLANA;PMEL;TYRP1
157522	39952952	SOX2
157523	39952952	MPZ;SOX2
157524	39952952	DCN;TAGLN
157525	39952952	ACTA2;DCN;RGS5;TAGLN
157526	39952952	ACTA2;DES;MYH11;RGS5;TAGLN
157527	39952952	ACTA2;DCN;FLT1;PDGFRB;RGS5;TAGLN
157528	39952952	DLL4;FLT1;KDR;PECAM1;RGS5;VWF
157529	39952952	KDR;PECAM1
157531	39952952	CA3
157532	39952952	COL1A2;DCN
157533	39952952	PECAM1;PLVAP;VWF
157534	39952952	CLDN5
157535	39952952	CDH5;FN1;POSTN
157537	39952952	MGP
157539	39952952	CHRM3;CNN1;DES;MYH11
157540	39952952	NDUFA4L2
157541	39952952	UCHL1
157542	39952952	MITF;MLANA;PMEL;TRPM1;TYR
157543	39952952	MPZ
157545	39952952	CD79A;MZB1
157546	39952952	IL1B;LYVE1;TREM2
157547	39952952	CD2
157548	39952952	CD3D;IL7R;TRAC
157562	39996731	SLC4A11
157563	39996731	CDH2
157564	39996731	AQP5
157568	39996731	CDH2
157693	40126507	CX3CR1
157696	40126507	CX3CR1
157698	40126507	CX3CR1
157699	40126507	CX3CR1
157702	40126507	AIF1
157720	40126507	CX3CR1
157722	40126507	CX3CR1
157723	40126507	CX3CR1
157724	40126507	CX3CR1
157739	40173140	ACTA2;FN1;VIM
157748	40173140	ACTA2;FN1;VIM
157771	38729560	SOX2
157787	38729560	CD9
157817	38729560	SOX2
157836	38729560	SOX2
157853	40216914	MMP2
157856	40216914	MMP2
157865	40216914	MMP2
157867	40216914	MMP2
157876	40216914	MMP2
157878	40216914	MMP2
157881	40216914	MMP2
157890	40216914	MMP2
157901	40216914	MMP2
157910	40234585	HIF1A
157913	40234585	SLC40A1
157914	40234585	FTH1
157918	40234585	FTH1;LCN2
157927	40234585	HIF1A;SLC40A1
157952	40234585	HIF1A
157972	40234585	SLC40A1
157986	40234585	HIF1A
158006	40234585	SLC40A1
158057	40238114	AQP5
158058	40238114	SOX2
158061	40238114	KDR
158062	40238114	MAF
158063	40238114	SOX2
158064	40238114	MAF;SOX2
158091	40266593	CD14
158094	40266593	CD14
158112	40266593	CD14
158114	40266593	CCL4
158120	40266593	CD14
158132	40266593	HMOX1
158147	40266593	HMOX1
158167	40287463	TCF4
158185	40287463	FN1
158189	40287463	TNC
158198	40287463	MGP
158205	40287463	FN1
158209	40287463	TNC
158218	40287463	MGP
158646	40433505	COL1A1
158648	40433505	COL1A1;MMP2
158651	40433505	COL1A1
158652	40433505	CAMP
158656	40433505	CAMP
158661	40408096	PTGDS
158663	40408096	PTGDS
158664	40408096	PTGDS
158665	40408096	PTGDS
158666	40408096	PTGDS
158670	40408096	PTGDS
158673	40408096	PTGDS
158682	40408096	PTGDS
158684	40408096	PTGDS
158687	40408096	PTGDS
158689	40408096	CCL3;IGF1
158691	40408096	PTGDS
158693	40408096	PTGDS
158703	40131364	FTL
158706	40131364	XBP1
158884	40498044	MITF
158885	40498044	COL1A1;COL3A1;FN1
158888	40498044	COL1A1;COL1A2;COL3A1;FN1
158907	40534703	COL1A1
158923	40534703	CAMP
159161	40598599	TOP2A
159164	40598599	TOP2A
159165	40598599	TOP2A
159169	40598599	SOX2
159177	40598599	TOP2A
159180	40598599	ATP8B4;DACH2;TOP2A
159181	40598599	DACH2
159183	40598599	BIRC5;CENPF;MKI67;TOP2A
159188	40598599	SOX2;TOP2A
159189	40598599	TOP2A
159341	40637512	SOX2
159349	40637512	SOX2
159458	40677403	COL1A1
159469	40677403	COL1A1
159475	40677403	COL1A1
159484	40677403	COL1A1
159548	40725185	CAMP
159562	40725185	COX4I2
159589	40396905	FTH1
159591	40396905	FTL
159607	40396905	FTL
159613	40396905	FTL
159617	40396905	TYRP1
159770	40737317	ANXA1
159792	40778698	CD14;CD1C;CD3D;CD3E;CD79A;CDH5;CLEC9A;COL1A1;COL1A2;DCN;DCT;FN1;JCHAIN;MLANA;MS4A1;MZB1;NKG7;PECAM1;PMEL;VWF
159805	40778698	ACTA2
159831	40623838	SLC6A1
159838	40623838	CAMP
159842	40623838	SLC6A1
159844	40623838	SLC6A1
159845	40623838	SLC6A1
159900	40868995	VWF
159949	40970667	SOX2
160072	40836034	CD9
160081	40836034	CAMP;COL1A1;COL3A1
160082	40836034	CD9
160083	40836034	CD9
160086	40836034	COL1A1;TNC
160088	40836034	CD9
160115	40836034	CD9
160117	40836034	DES
160146	40836034	CD9
160158	40836034	CD9
160294	40836034	CD9
160306	40836034	CD9
160434	40920489	CD74;ICAM1;IRF7;VCAM1
160435	40920489	CD74
160459	41074164	CCL5
160474	41074164	CAMP
160511	41129126	KRT19
160525	41162371	HMOX1
160527	41162371	HIF1A
160625	41266745	TPM2
160630	41266745	TPM2
160632	41266745	TPM2
160634	41266745	TPM2
160635	41266745	TPM2
160639	41266745	TPM2
160640	41266745	TPM2
160641	41266745	TPM2
160642	41266745	TPM2
160643	41266745	TPM2
160644	41266745	TPM2
160645	41266745	TPM2
160646	41266745	TPM2
160654	41266745	TPM2
160659	41266745	TPM2
160664	41266745	TPM2
160670	41266745	TPM2
160676	41266745	TPM2
160689	41266745	TPM2
160713	41301117	SLC4A11
160716	41301117	TCF4
160720	41301117	MITF
160831	41301117	SLC4A11
160845	41301117	SLC4A11
160854	41301117	SOX2
160862	41301117	SOX2
160899	41323208	CD9
160900	41323208	CD9
161081	41369340	SOX2
161083	41369340	SOX2
161087	41369340	SOX2
161092	41369340	SOX2
161099	41369340	SOX2
161101	41369340	SOX2
161102	41369340	SOX2;VIM
161103	41369340	SOX2
161104	41369340	SOX2
161133	41369340	SOX2
161142	41369340	SOX2
161179	41399432	LCN2
161185	41399432	CTSS;LCN2
161187	41399432	APOE;C1QC;CTSS;HEXB
161191	41399432	LCN2
161192	41399432	C1QC;CTSS
161201	41399432	CTSS
161286	41465596	THY1
161294	41465596	THY1
161297	41465596	THY1
161389	41316357	LCN2
161683	41556506	ACTA2
161688	41556506	ACTA2;DCN;TAGLN
161722	41556506	ACTA2;FN1
161725	41556506	ACTA2
161798	41563015	DOCK2
161806	41563015	AQP5;LCN2
161842	41596224	TYR
161856	41596224	TYR
162058	41631752	APOE
162059	41631752	APOE
162063	41631752	APOE
162064	41631752	APOE
162065	41631752	APOE
162066	41631752	APOE
162068	41631752	APOE
162069	41631752	APOE
162079	41705242	APOE;P2RY12;TMEM119;TREM2
162080	41705242	APOE
162081	41705242	APOE;CD36;TREM2
162101	41705242	CAMP
162169	41752009	ALDH3A1;KRT13;KRT19;MKI67
162173	41752009	CCL3
162175	41752009	KRT13;KRT19
162181	41752009	ALDH3A1
162182	41752009	MKI67;MMP2
162183	41752009	MKI67
162186	41752009	KRT13;KRT19
162188	41752009	ALDH3A1;MKI67;SOX2
162226	41752009	ALDH3A1
162241	41752009	KRT13
162242	41752009	KRT19
162245	41752009	MKI67
162246	41752009	MMP2
162260	41752009	ALDH3A1
162275	41752009	KRT13
162276	41752009	KRT19
162279	41752009	MKI67
162280	41752009	MMP2
162293	41752009	ALDH3A1
162301	41752009	KRT13
162306	41752009	ALDH3A1
162314	41752009	KRT13
162340	41752009	ALDH3A1
162367	41752009	KRT13
162368	41752009	KRT19
162377	41752009	MKI67
162378	41752009	MMP2
162407	41752009	ALDH3A1
162434	41752009	KRT13
162435	41752009	KRT19
162444	41752009	MKI67
162445	41752009	MMP2
162531	41814306	CAMP
162534	41814306	CAMP
162543	41814306	CAMP
162545	41814306	CAMP
162546	41814306	CAMP
162551	41814306	MMP9
162559	41814306	CAMP
162572	41810892	DCC
162576	41810892	APOE
162577	41810892	COL1A2;COL3A1
162578	41810892	ITGAX;S100A10;VIM
162579	41810892	APOE;C1QL2;CD74;COL1A1;COL1A2;COL3A1;FN1;ITGAX;S100A10;S100B;TIMP1;TNC;VCAN;VWF
162580	41810892	VIM
162581	41810892	CCL3;CCL5;COL1A1;COL1A2;COL3A1;FN1;TIMP1;TREM2;VCAN
162582	41810892	APOE
162686	41723479	S100A9
162688	41723479	COL1A1;FN1;LCN2;S100A9;TNC
162690	41723479	S100A9
162691	41723479	S100A9;TNC
162776	41963383	DCT;PMEL;PTGDS;SERPINF1;TYR;TYRP1
162777	41963383	HMGCS2
162781	41963383	COL1A1;FN1;ICAM1;VCAN
162798	41963383	VIP
162805	41931904	SLC4A11
162806	41931904	SLC4A11
162809	41931904	SLC4A11
162810	41931904	SLC4A11
162812	41931904	SLC4A11
162813	41931904	SLC4A11;TCF4
162818	41931904	SLC4A11
162819	41931904	SLC4A11;TCF4
162824	41931904	TCF4
162835	41931904	SLC4A11
162840	41931904	SLC4A11
162846	41931904	SLC4A11
162847	41931904	TCF4
162848	41931904	SLC4A11
162861	41931904	SLC4A11
162862	41931904	TCF4
162863	41931904	SLC4A11
162890	41989229	KDR
162910	41989229	KDR
162914	41989229	ESAM
162915	41989229	ESAM;FN1
162916	41989229	DLL4;ESAM
162917	41989229	COL1A2;DLL4;ESAM;FLT1;KDR;NOTCH3
162918	41989229	ESAM
162920	41989229	COL1A2
162922	41989229	FLT1;ITGA1;KDR
162926	41989229	ESAM
162928	41989229	ESAM
163031	42100661	CCL5
163037	42100661	CAMP
163039	42100661	CCL3;CCL4;CCL5;IL1B;IL1RN;S100A9
163040	42100661	CCL3;CCL4;CCL5;IL1B
163041	42100661	CCL5
163044	42100661	CAMP;CCL5
163046	42100661	CCL5
163057	42065486	PTGDS
163060	42065486	PTGDS
163061	42065486	PTGDS
163062	42065486	PTGDS
163063	42065486	PTGDS
163064	42065486	PTGDS
163075	42065486	PTGDS
163077	42065486	PTGDS
163078	42065486	PTGDS
163080	42065486	LCN2;MYH11;PTGDS;S100A8
163081	42065486	LCN2;PTGDS;S100A8
163082	42065486	ACTA2;PTGDS
163083	42065486	ACTA2;PTGDS
163084	42065486	PTGDS
163085	42065486	PTGDS
163086	42065486	PTGDS
163087	42036045	CTSS
163093	42036045	CTSS
163095	42036045	CTSS
163136	42165645	COL1A1;MMP2
163139	42165645	COL1A1;MMP2
163145	42165645	VIM
163151	42165645	COL1A1;MMP2
163154	42165645	COL1A1;MMP2
163155	42165645	CAMP;VIP
163158	42165645	COL1A1
163159	42165645	MMP2
163160	42165645	COL1A1
163162	42165645	COL1A1
163163	42165645	MMP2
163187	42212882	S100A10
163188	42212882	LCN2
163195	42217275	FTH1
163196	42217275	FTH1
163197	42217275	HMOX1
163201	42217275	CTSD
163203	42217275	FTH1;FTL
163214	42217275	FTL
163242	42217275	FTL
163264	42217275	FTL
163278	42291280	DCN;MGP
163294	42291280	MGP
163300	42291280	COL1A1
163310	42291280	COL1A1
163362	42291280	COL1A1
163530	42334455	PDGFRB
163812	42466938	TYR
163836	42466938	TYR
163842	42466938	TYR
163847	42466938	TYR
163853	42466938	TYR
163864	42505373	ACTA2;CDH2;COL1A1;FN1;MMP2;POSTN;TAGLN;TGFBI
163865	42505373	ICAM1;LCN2;TIMP1
163866	42505373	APOE;COL1A1;CTSS;FN1;LAMA3;MMP2;POSTN;TGFBI
163867	42505373	COL1A1;FN1;GPNMB;ICAM1;MMP2;POSTN;SPP1;TGFBI;TNC;VCAM1
163868	42505373	APOE;SLC1A3;SLC24A3
163871	42505373	SPP1;XBP1
163873	42505373	COL1A1;FN1;TNC
163875	42505373	TGFBI;TNC
163876	42505373	APOE;HMGCS2;SPP1;TNC
163877	42505373	SPP1
163883	42505373	ALDH3A1
163886	42505373	SPP1
163888	42505373	TGFBI
163891	42505373	WFDC1
163897	42505373	TAGLN
163899	42505373	LAMA3
163904	42505373	ALDH3A1
163907	42505373	SPP1
163909	42505373	TGFBI
163912	42505373	WFDC1
163918	42505373	TAGLN
163920	42505373	LAMA3
163941	42378569	MMP9
163943	42378569	MMP9
163945	42378569	MMP9
163957	42378569	MMP9
163970	42378569	MMP9
163986	42378569	MMP9
163997	42378569	ICAM1
164017	42378569	MMP9
164028	42378569	ICAM1
164047	41651377	CD74
164049	41651377	CD4
164050	41651377	CD4
164100	41651377	FCER1G
164102	41651377	IL1RN
164104	41651377	HLA-DMB
164106	41651377	HLA-DRA
164107	41651377	CD74
164111	41651377	C1S
164116	41651377	TGFBI
164134	41651377	FCER1G
164136	41651377	IL1RN
164138	41651377	HLA-DMB
164140	41651377	HLA-DRA
164141	41651377	CD74
164145	41651377	C1S
164150	41651377	TGFBI
164180	42564195	TNC
164260	42579800	CX3CR1
164265	42579800	CX3CR1
164300	42614741	CD4
164301	42614741	DCN
164304	42614741	CD4
164307	42614741	MMP9
164313	42614741	CD4
164319	42614741	VIP
164323	42614741	VIP
164419	42662088	CD4
164420	42662088	CD4
164423	42662088	CD4
164425	42662088	CD4
164494	42695327	SLC1A3
164498	42695327	SLC1A3
164502	42695327	SLC1A3
164515	42695327	SLC1A3
164516	42695327	SERPINF1
164527	42695327	SLC1A3
164528	42695327	SERPINF1
164602	28250050	TYR
164603	28250050	ACTA2
164605	28250050	TYR
164618	28250050	TYR
164632	29450403	MITF;MPO
164633	29450403	CD4
164634	29450403	CD14;MITF;MPO
164640	31191548	CD4
164642	31191548	CD4
164644	31191548	CD4
164726	31992794	CNN1
164727	31992794	CNN1
164728	31992794	CNN1
164740	31992794	CNN1
164746	31992794	CNN1
164759	32044724	MITF
164812	32160519	CD36
164814	32160519	MITF
164832	32160519	VIP
165116	32502616	ANXA1;CTSS;CXCL17;KRT4
165117	32502616	IL1B
165133	32471212	CD9
165150	32471212	ICAM1
165185	32704424	MMP2;MMP9
165214	32629957	TYR
165394	32866269	THY1
165395	32866269	THY1
165396	32866269	THY1
165432	32882011	CHRM3
165481	32967716	VWF
165484	32967716	CDH5
165495	32967716	CDH5
165498	32967716	CDH5
165552	32859013	C5AR1;IL1B
165559	32859013	IL1B;VIM
165566	32859013	C5AR1
165568	32859013	C5AR1
165572	32859013	C5AR1
165575	32859013	C5AR1;IL1B
165626	33067486	MLANA;TYRP1
165635	33067486	MLANA;TYRP1
165636	33067486	MLANA
165710	33067486	MLANA
165712	33067486	TYRP1
165719	33067486	MLANA
165721	33067486	TYRP1
165727	33067486	MLANA
165745	33067486	MLANA
165775	33085740	TYR
165859	33206726	ACTA2
165864	33206726	FN1
165866	33206726	COL1A1
165868	33206726	ACTA2
165877	33206726	FN1
165879	33206726	COL1A1
165881	33206726	ACTA2
166022	33273978	MMP2;MMP9
166104	33297931	VIP
166349	33500475	MAF;SOX2
166351	33500475	S100A10;S100B
166354	33500475	PTTG1
166358	33500475	SLC1A3;SLC6A1
166359	33500475	RELN
166360	33500475	S100A10
166509	33572860	CAMP
166575	33632302	CD4
166583	33632302	CD4
166682	33665188	SLC24A3
166889	33716674	TMEM119
166892	33716674	MMP9
166898	33716674	TMEM119
166900	33716674	CX3CR1
166901	33716674	TMEM119
166994	33668263	FN1;TNC;TNR
166995	33668263	FN1;TNC;TNR
167001	33668263	TNC
167015	33668263	FN1
167027	33668263	TNC
167029	33668263	TNR
167040	33668263	FN1
167052	33668263	TNC
167054	33668263	TNR
167137	33791004	MMP2
167207	33657370	IGF1
167447	33856408	CAMP
167448	33856408	CAMP
167455	33856408	CAMP
167456	33856408	CAMP
167458	33856408	CAMP
167464	33856408	CAMP
167609	33876574	IL1B
167618	33876574	CD163;IL1B
167908	33952723	DES
167917	33952723	DES
167973	34117330	CX3CR1
167977	34117330	CX3CR1
168150	34294770	CXCR2
168154	34294770	FN1
168184	34304733	CX3CR1
168228	34313720	CTSD
168230	34313720	CTSD
168237	34313720	CTSD
168238	34313720	CTSD
168240	34313720	CTSD
168241	34313720	CTSD
168242	34313720	CTSD
168252	34360950	VIM
168263	34360950	VIM
168266	34360950	VIM
168291	34385434	COL1A2;MMP2
168293	34385434	MMP2
168298	34385434	MMP2
168317	34385434	MAF
168324	34346313	CAMP
168326	34346313	CAMP
168329	34346313	CAMP
168330	34346313	CAMP
168339	34346313	CAMP
168340	34346313	CAMP
168341	34346313	CAMP
168342	34346313	CAMP
168353	34346313	CAMP
168486	34346313	CAMP
168556	34346313	CAMP
168587	34440692	LHX1
168589	34440692	POSTN;TNC
168591	34440692	IL1B
168596	34440692	TNC
168599	34440692	POSTN
168613	34440692	POSTN
168638	34440692	POSTN
168745	34440692	TNC
168769	34440692	TNC
168777	34427624	CD4
168780	34427624	CD4
168784	34427624	CD4
168789	34427624	CD4
168793	34427624	CD4
168795	34427624	CD4
168797	34427624	CD4
168798	34427624	CD4
168800	34427624	CD4
168918	34585146	ACTA2;CDH5;COL1A1;KDR;PDGFRB;PECAM1
168920	34585146	ACTA2;CDH5;COL1A1;PDGFRB;PECAM1
169273	34576227	TNC
169306	34624068	VIP
169310	34624068	VIP
169438	34688035	VWF
169445	34688035	VWF
169453	34688035	CDH5
169458	34688035	VWF
169459	34688035	IL1B
169462	34688035	VWF
169466	34688035	CDH5;IL1B;VWF
169471	34688035	VWF
169472	34688035	IL1B;KDR
169484	34754027	ACTA2;FN1;PECAM1
169487	34754027	PECAM1
169495	34754027	ACTA2;FN1;PECAM1
169515	34754027	PECAM1
169519	34754027	FN1
169521	34754027	ACTA2
169540	34754027	PECAM1
169544	34754027	FN1
169546	34754027	ACTA2
169652	34779821	SOX2
169947	34976970	CD9
169952	34976970	CD9
169994	34919533	XBP1
170008	34919533	XBP1
170051	35021041	TYR
170055	35021041	TYR
170057	35021041	PMEL
170058	35021041	TYR
170059	35021041	TYR
170064	35021041	MITF;TYR
170065	35021041	TYR
170066	35021041	TYR
170510	35269891	CD14
170514	35269891	CD14
170604	35329980	MMP2;MMP9;TIMP1;XBP1
170766	35396348	CAMP
170767	35396348	CAMP
170770	35396348	CAMP
170771	35396348	CAMP
170779	35396348	CAMP
170781	35396348	CAMP
170786	35396348	CAMP
170793	35414674	CD4;CD69
170797	35414674	CD69
170799	35414674	CD4;CD69
170800	35414674	CD4;CD69
170801	35414674	CD4;CD69
170802	35414674	CD4
170803	35414674	CD4;CD69
170809	35414674	CD4;CD69
170811	35414674	CD4
170825	35453537	FLT3;SOX2
170833	35453537	SOX2
170920	35474440	COL1A1;DCN
170927	35474440	COL1A1
170929	35474440	DCN
170935	35474440	OLFML3
170937	35474440	FN1
170938	35474440	S100A10
170942	35474440	TPM2
170946	35474440	TAGLN
170965	35474440	VAT1L
170971	35474440	CAMP
170974	35474440	S100B
170985	35474440	COL1A1
170987	35474440	DCN
170993	35474440	OLFML3
170995	35474440	FN1
170996	35474440	S100A10
171000	35474440	TPM2
171004	35474440	TAGLN
171023	35474440	VAT1L
171029	35474440	CAMP
171032	35474440	S100B
171052	35362222	TYR
171129	35615698	TYR
171142	35615698	TYR
171165	35628669	SLC4A11
171445	35805159	C5AR1
171470	35805159	C1QC
171503	35805159	IL1B
171507	35805159	C1QC
171540	35805159	IL1B
171546	35806438	MITF
171548	35806438	AIF1
171555	35806438	SOX2
171558	35806438	MITF
171869	35567755	MMP2
171872	35567755	MMP2
171897	35567755	MMP2;MMP9;TIMP1
171900	35567755	TYR
171912	35567755	MMP2
171914	35567755	TIMP1
171928	35567755	MMP2
171930	35567755	TIMP1
171960	35653189	HIF1A
171962	35653189	HIF1A
171971	35653189	HIF1A
171972	35653189	HIF1A
171991	35858578	SOX2
172010	35858578	SOX2
172237	36012314	MITF;TYR
172241	36012314	MITF
172242	36012314	COL1A1;COL1A2;TNC
172246	36012314	MITF
172268	36012314	MITF
172278	36012314	MITF
172847	36142120	APOE
172854	36142120	APOE
172862	36142120	APOE
172877	36142120	APOE
172885	36142120	APOE
172897	36163311	LYVE1
172898	36163311	LYVE1
172900	36163311	MITF;MLANA;TYR
172902	36163311	CDH5;CLDN5;FLT1;KDR;LYVE1;PECAM1;VWF
172903	36163311	ACTA2;MYH11
172904	36163311	CD14;CD163;FCGR1A;MRC1
172905	36163311	CD14
172906	36163311	DLL4;ICAM1
172907	36163311	DLL4;ICAM1
172911	36163311	DLL4
172912	36163311	ICAM1
172915	36199690	VWF
172930	36199690	VWF
172932	36199690	VWF
173107	36249298	PAX5
173143	36267329	CHAT
173251	36386870	MITF;TYR;TYRP1
173263	36386870	CAMP
173275	36386870	MITF
173276	36386870	TYRP1
173337	36386870	MITF
173338	36386870	MITF
173345	36386870	TYRP1
173346	36386870	TYRP1
173390	36386870	MITF
173391	36386870	TYRP1
173452	36386870	MITF
173453	36386870	MITF
173460	36386870	TYRP1
173461	36386870	TYRP1
173663	36359852	S100A9
173725	36359852	COL1A1
173726	36359852	TNC
173727	36359852	ACTA2
173730	36359852	FN1
173733	36359852	COL1A1
173734	36359852	TNC
173735	36359852	ACTA2
173738	36359852	FN1
173752	36359852	MAF
173767	36359852	MAF
173775	36359852	CD74
173778	36359852	IL3RA
173786	36359852	CD74
173789	36359852	IL3RA
173795	36359852	C1QL2
173806	36359852	C1QL2
173816	36359852	FBN1
173822	36359852	FBN1
173872	36359852	FBN1
173884	36359852	CTSD
173890	36359852	FBN1
173902	36359852	CTSD
173945	36204863	THY1
173946	36204863	THY1
173959	36204863	THY1
173961	36204863	THY1
173966	36204863	THY1
173984	36497012	CD2
173992	36497012	ALDH3A1;CDH2;KRT13;KRT19;KRT4;SOX2
173993	36497012	COL3A1;FN1;LAMA3;TNC
173994	36497012	CD2;ICAM1
173997	36497012	FBN1
173998	36497012	KRT13;KRT19
174026	36561368	CAMP
174053	36552864	CHAT
174076	36552864	CHAT
174098	36552864	CHAT
174248	36671500	S100A8;S100A9
174259	36671500	COX4I2;MS4A1;S100A9;TCF4
174260	36671500	CD4
174261	36671500	CTSD;IL1RN;S100A8;S100A9
174343	36661711	PAX5
174369	36645345	LCN2;VIM
174370	36645345	C1S;LCN2;VIM
174440	36797232	RGS5
174444	36797232	CD163
174445	36797232	CD163
174446	36797232	TYR
174455	36797232	CD4
174623	36901760	HIF1A
174625	36901760	HIF1A
174717	36877514	COL1A1;ICAM1;LAMA3;VCAM1
174718	36877514	COL1A1;ICAM1;LAMA3
174721	36877514	MMP2;MMP9;TIMP1
174722	36877514	MMP2;MMP9;TIMP1
174729	36877514	COL1A1
174730	36877514	ICAM1
174734	36877514	LAMA3
174743	36877514	COL1A1
174744	36877514	ICAM1
174748	36877514	LAMA3
174759	36877514	LAMA3
174762	36877514	PECAM1
174770	36877514	LAMA3
174773	36877514	PECAM1
174782	36877514	COL1A1
174788	36877514	FN1
174789	36877514	ICAM1
174801	36877514	SELL
174806	36877514	VCAN
174815	36877514	COL1A1
174821	36877514	FN1
174822	36877514	ICAM1
174834	36877514	SELL
174839	36877514	VCAN
174851	36877514	ICAM1
174852	36877514	ITGA1
174854	36877514	LAMA3
174856	36877514	SPP1
174868	36877514	ICAM1
174869	36877514	ITGA1
174871	36877514	LAMA3
174873	36877514	SPP1
174877	36877514	COL1A1
174882	36877514	LAMA3
174891	36877514	COL1A1
174896	36877514	LAMA3
174989	36969199	CACNA1E
174991	36969199	CD4
174994	36969199	CD4
175162	37047812	CAMP
175163	37047812	CAMP
175164	37047812	CAMP
175186	37106597	SOX2
175193	37106597	SOX2
175208	37108705	CD14;CD4
175218	37108705	CD14;CD4;TYR;VWF
175427	35101743	VIM
175666	37388919	ICAM1
175670	37388919	TRPM1
175713	37388919	MAF
175780	37388919	TRPM1
175807	37388919	TRPM1
176013	37466224	VIP
176015	37466224	VIP
176028	37466224	CTSS
176675	37547228	CAMP
176690	37547228	CAMP
176706	37547228	CAMP
176716	37547228	DCC
176724	37547228	DCC
176750	37547228	DCC
176758	37547228	DCC
176935	37423300	CAMP
177004	37598148	CD4
177005	37598148	CD4
177007	37598148	CD4
177008	37598148	CD4
177012	37598148	CD4
177021	37598148	SOX2
177022	37598148	SOX2
177153	37598148	CD4
177167	37598148	CD4
177195	37603353	CDH2
177201	37603353	CDH2
177202	37603353	CDH2
177204	37603353	CDH2
177205	37603353	CDH2
177207	37603353	SDK1
177212	37620383	GPNMB;TYRP1
177227	37620383	FN1
177444	37658939	CLEC7A
177555	37658939	CD14
177564	37658939	CD14
177596	37658939	CD14
177605	37658939	CD14
177845	37658939	CD4
177858	37658939	CD4
178109	37830555	IGFBP7
178119	37830555	CCL4
178123	37830555	DLL4
178132	37830555	CD4
178133	37830555	MPO
178136	37830555	ICAM1;VCAM1
178148	37540217	TIMP1;TNC
178161	37540217	TIMP1
178175	37794584	AIF1;CDH5;CTSS;CX3CR1;FLT1;HLA-DRA;ITGAX;KDR;P2RY12;PECAM1;SLC1A3;SOX2;TMEM119;VWF
178178	37794584	CDH2;TCF4
178179	37794584	CDH2
178221	37794584	ACTA2;CD163;HLA-DRA;KDR;MLANA;MPZ;PDGFRB;SLC1A3
178222	37794584	CHAT;KDR;SDK1
178223	37794584	CDH5;PDGFRB;PECAM1;VWF
178557	37875948	VIM
178571	37875948	VIM
178572	37875948	VIM
178594	37875948	VIM
178596	37875948	VIM
178602	37875948	VIM
178604	37875948	VIM
178634	37892151	CD4
178647	37892151	CD4
178750	37887322	APOE;MAF;NOTCH3
178752	37887322	MAF
178757	37887322	MAF
178774	37057399	SOX2
178775	37057399	BIRC5;CENPF;MKI67;PTTG1;STMN1;TOP2A
178776	37057399	BIRC5;CENPF;MKI67;PTTG1;STMN1;TOP2A
178777	37057399	BIRC5;MKI67;PTTG1;TOP2A
178815	38016059	HMOX1
178821	38016059	SOX2
178832	38016059	BACH1
178844	38016059	BACH1
178857	37958968	SOX2
178920	38024539	ICAM1
178923	38024539	ICAM1
178940	38024539	ICAM1
178941	38024539	ICAM1
178942	38024539	ICAM1
178943	38024539	ICAM1
178945	38024539	ICAM1
179064	38110941	IL1B
179065	38110941	IL1B
179161	38182578	CAMP
179205	38195602	CALD1
179211	38195602	MAF
179219	38195602	ACTA2
179230	38195602	MAF
179231	38195602	MAF
179242	38195602	MAF
179246	38195602	MAF
179273	38195602	CALD1
179297	38195602	CALD1
179332	38200010	MAF
179366	38272861	FN1;NRXN1;TNR
179368	38272861	FN1
179369	38272861	GPNMB;TYRP1
179539	38416457	APOE
179712	38474322	HIF1A
179793	38529484	DLL4
179807	38529484	CD4
179872	38529484	VIP
179926	38529484	VIP
179999	38272457	SCN7A
180004	38272457	IL1RN
180005	38272457	CST1;SPP1
180064	36280537	MITF
180079	36280537	ACTA2
180106	36280537	ADAMTS17;MAF;PRSS56
180115	36280537	ADAMTS17
180330	38745238	TYR
180349	38745238	AIF1;COL3A1;FN1;TIMP1
180356	38745238	MMP9
180473	38822021	CD4
180589	38949632	MGP
180679	38999396	TRPM1
180685	38999396	HLA-DRB1
180715	38999417	MMP9
180955	38366188	APOE
180960	38366188	ACTA2;CA3;CD163;CD3D;DCN;JCHAIN;NOTCH3;PECAM1
180961	38366188	APOE
180962	38366188	CD14
180963	38366188	APOE
180964	38366188	APOE
180965	38366188	APOE
180966	38366188	APOE
180967	38366188	APOE
180968	38366188	APOE
180969	38366188	APOE
180970	38366188	APOE
180971	38366188	APOE;COL1A1;COL3A1;SLC4A11
180972	38366188	APOE
180973	38366188	APOE
180976	38366188	APOE
180979	38366188	APOE
180981	38366188	APOE
180982	38366188	APOE
180983	38366188	APOE
181006	38366188	APOE
181011	38366188	APOE
181108	39198903	MGP
181143	39317460	CHAT;ST18
181187	39365730	CHAT
181303	39402114	THY1
181305	39402114	THY1
181310	39402114	C1QC
181311	39402114	APOE;LAMA2;THY1;TREM2
181316	39402114	APOE;C1QC;CX3CR1;LAMA2;SOX2;THY1;TREM2
181319	39402114	THY1
181463	39434920	APOE
181467	39434920	APOE
181649	39532995	SOX2
181651	39532995	CDH2;SOX2
181652	39532995	MITF;MKI67;PMEL;SOX2;TOP2A
181653	39532995	DCT;MITF;PMEL;SOX2
181655	39532995	DCT;MITF;SOX2;TYR;TYRP1;VIM;VSX1
181656	39532995	KRT13;KRT4;MITF;MKI67;S100A9;SPP1;TOP2A;VSX1
181657	39532995	COL3A1;KRT13;KRT4;MGP;SOX2;SPP1;TM4SF1
181658	39532995	CXCL17;LCN2;POSTN;SOX2
181659	39532995	CXCL17;KRT13;LCN2;MITF;MLANA;POSTN;SOX2;TYR
181662	39532995	MITF
181663	39532995	DCN;KERA;LUM
181686	39159867	CD4
181695	39159867	CD4
181696	39159867	CD4
181702	39159867	CD4
181703	39159867	CD4
181704	39159867	CD4
181714	39159867	CD4
181736	39159867	CD4
181758	38804543	CD14;CD69
181762	38804543	CD9
181764	38804543	CD9
181770	38804543	CD14;CD69
181771	38804543	CD9
181801	39324238	FGF13
181805	39324238	APOE;FGF13
181806	39324238	FRMPD4
181807	39324238	DACH2
181810	39324238	FGF13
181812	39324238	MAF
181822	39324238	FGF13
181829	39324238	FGF13
181908	39324238	IRF8
181912	39324238	SOX2
181926	39324238	IRF8
181930	39324238	SOX2
181933	39661921	CX3CR1
181937	39661921	CX3CR1
181940	39661921	CX3CR1
181942	39661921	CX3CR1
181947	39661921	CX3CR1
181950	39661921	CX3CR1
181951	39661921	CX3CR1
181952	39661921	CX3CR1
181953	39661921	CX3CR1
181954	39661921	CX3CR1;THY1
181955	39661921	CX3CR1
181988	39684329	HIF1A
181993	39684329	HIF1A
182005	39684329	HIF1A
182062	39796164	FTH1
182063	39796164	SLC40A1
182065	39796164	FTH1;NOTCH3
182066	39796164	FTH1
182069	39796164	FTH1
182070	39796164	FTH1
182071	39796164	FTH1;NOTCH3
182103	39560701	CD14
182104	39560701	CD14
182106	39560701	AQP5;CD14
182139	39560701	CD14
182148	39560701	CD14
182220	39838397	CD4
182222	39838397	CD4
182223	39838397	CD4
182224	39838397	CD4
182225	39838397	CD4
182260	39838397	MMP9
182287	39838397	MMP9
182313	39480612	SOX2;TCF4
182331	39480612	CDH2
182343	39480612	CDH2
182361	39861857	CD4
182425	39875919	CD4
182437	39875919	IL1B;LCN2
182444	39875919	CD4
182447	39875919	TNC
182453	39875919	IL1B
182469	39904976	SOX2
182470	39904976	FLT1
182488	39904976	MAF
182489	39904976	MAF
182530	39433211	APOE
182542	39433211	APOE
182551	39433211	HIF1A
182555	39433211	CD36
182559	39433211	CD4
182560	39433211	HIF1A
182562	39433211	CD4
182563	39433211	ASAH1;CD36
182570	39433211	CD36
182584	39433211	CD36
182600	39433211	CD36
182602	39433211	IGF1
182603	39433211	CD4
182604	39433211	CD4
182626	39433211	HIF1A
182645	39433211	CD36
182662	39433211	HIF1A
182683	39433211	TYR
182702	39433211	HIF1A
182721	39433211	CD36
182738	39433211	HIF1A
182759	39433211	TYR
182773	39433211	CD36
182777	39433211	CD36
182779	39433211	CD4
182788	39433211	HIF1A
182809	39433211	HIF1A
182819	39433211	CD36
182823	39433211	CD36
182825	39433211	CD4
182834	39433211	HIF1A
182855	39433211	HIF1A
182890	39433211	CD36
182932	39433211	CD36
183050	39433211	CD36
183091	39433211	CD36
183230	39433211	CD36
183236	39433211	CD36
183249	39433211	CD36
183255	39433211	CD36
183287	39433211	TYR
183295	39433211	CD4
183307	39433211	TYR
183337	39433211	TYR
183345	39433211	CD4
183357	39433211	TYR
183508	40114969	C1QC
183513	40114969	C1QC;CD74
183645	40136401	MGP
183647	40136401	CDH5
183656	40136401	MGP
183694	40136401	CDH5
183719	40136401	CDH5
183760	40136389	SLC4A11;TCF4;TNR
183762	40136389	TCF4;TNR
183763	40136389	CADM1;TCF4;TNR
183764	40136389	SLC4A11;TCF4;TNR
183765	40136389	CLIC6;CST1;CX3CR1;FN1;HLA-DRA;KDR;LUM;TCF4;TNR
183767	40136389	TCF4;TNR
183768	40136389	ANXA1;IGFBP7;TCF4;TNC;TNR;VCAN
183770	40136389	TCF4
183771	40136389	SLC4A11;TCF4;TNR
183772	40136389	ACTA2;APOE;IGHG1;TCF4;TNR
183773	40136389	LUM;TNC
183775	40136389	TCF4;TNR
183776	40136389	TCF4;TNR
183778	40136389	TCF4;TNR
183779	40136389	TCF4;TNR
183788	40136389	TCF4
183789	40136389	TCF4
183790	40136389	TCF4
183791	40136389	TCF4
183800	40136389	TCF4
183801	40136389	TCF4
183802	40136389	TCF4
183803	40136389	TCF4
183807	40136389	TCF4
183809	40136389	CADM1
183810	40136389	CLIC6;CST1;CX3CR1;HLA-DRA
183815	40136389	FN1;KDR;LUM
183816	40136389	ACTA2;CD4;CD74;COL1A1;CX3CR1;FN1;HLA-DMB;HLA-DPA1;HLA-DQA1;ICAM1;IGF1;LYVE1;SERPINA1;SLC4A11;TGFBI;TIMP1
183819	40136389	TCF4
183824	40136389	TCF4
183826	40136389	CADM1
183827	40136389	CLIC6;CST1;CX3CR1;HLA-DRA
183832	40136389	FN1;KDR;LUM
183833	40136389	ACTA2;CD4;CD74;COL1A1;CX3CR1;FN1;HLA-DMB;HLA-DPA1;HLA-DQA1;ICAM1;IGF1;LYVE1;SERPINA1;SLC4A11;TGFBI;TIMP1
183836	40136389	TCF4
183851	40136389	APOE;IGHG1
183852	40136389	TNC
183858	40136389	APOE;IGHG1
183859	40136389	TNC
183864	40136389	TCF4
183874	40136389	ANXA1;CLIC6;CST1;HLA-DRA;IGFBP7;TNC;VCAN
183875	40136389	ANXA1
183876	40136389	IGFBP7;TNC
183878	40136389	IGFBP7;TNC;VCAN
183879	40136389	ACTA2;APOE;LUM;TNC
183881	40136389	LUM;TNC
183883	40136389	LUM;TNC
183885	40136389	KDR;LUM;TCF4
183887	40136389	KDR
183889	40136389	KDR;LUM
183891	40136389	CADM1
183897	40136389	FN1;KDR
183898	40136389	FN1;KDR
183900	40136389	FN1
183901	40136389	FN1;KDR
183904	40136389	TCF4
183914	40136389	ANXA1;CLIC6;CST1;HLA-DRA;IGFBP7;TNC;VCAN
183915	40136389	ANXA1
183916	40136389	IGFBP7;TNC
183918	40136389	IGFBP7;TNC;VCAN
183919	40136389	ACTA2;APOE;LUM;TNC
183921	40136389	LUM;TNC
183923	40136389	LUM;TNC
183925	40136389	KDR;LUM;TCF4
183927	40136389	KDR
183929	40136389	KDR;LUM
183931	40136389	CADM1
183937	40136389	FN1;KDR
183938	40136389	FN1;KDR
183940	40136389	FN1
183941	40136389	FN1;KDR
183957	39836483	MGP
183995	40131296	TYRP1
183999	40131296	ICAM1;THY1;VCAM1
184006	40131296	IRF7
184008	40131296	CD74;FN1;PECAM1
184009	40131296	ICAM1;THY1;VCAM1
184010	40131296	CD4;ECSCR;ICAM1;MLANA;TYR;TYRP1;VCAM1
184011	40131296	CD74;FN1;PECAM1
184014	40131296	ECSCR
184015	40131296	ICAM1;VCAM1
184016	40131296	MLANA;TYR;TYRP1
184017	40131296	CD4
184019	40131296	ECSCR
184020	40131296	ICAM1;VCAM1
184021	40131296	MLANA;TYR;TYRP1
184022	40131296	CD4
184031	39738875	CCL5
184062	40172766	MPO
184065	40172766	ACTA2;APOE;COL1A1;TAGLN
184107	39367169	ICAM1;IL1B
184111	39367169	ICAM1
184125	40243577	MMP9
184126	40243577	CD163;MMP9;MRC1;TIMP1
184133	40243577	CD163
184163	40216818	PAX5
184165	40216818	MITF;MKI67
184167	40216818	DCT;MITF
184168	40216818	PAX5
184169	40216818	MITF
184170	40216818	MITF
184196	40244606	CD4
184202	40244606	CD4
184223	40361942	CD4
184283	40373024	GPNMB
184286	40373024	GPNMB;TYRP1
184287	40373024	GPNMB
184288	40373024	GPNMB
184290	40373024	GPNMB
184293	40373024	GPNMB
184295	40373024	GPNMB;TYRP1
184296	40373024	GPNMB
184297	40373024	GPNMB
184298	40373024	GPNMB
184299	40373024	GPNMB
184300	40373024	CD74;GPNMB;ITGAX
184301	40373024	GPNMB
184304	40373024	CD74;ITGAX
184305	40373024	GPNMB;TYRP1
184306	40373024	GPNMB
184307	40373024	GPNMB
184426	40378115	CHAT
184431	40378115	CHAT
184475	40430246	DPT
184476	40430246	DPT
184914	40662889	MAF
184926	40662889	MAF
184929	40662889	BIRC5;CENPF;TPM2
184931	40662889	BIRC5;CENPF
184932	40662889	MAF
184933	40662889	MAF
184944	40638660	MGP
184957	40638660	MGP
184965	40638660	MGP
184973	40638660	FN1
184974	40638660	MGP
184976	40638660	MMP2
184982	40638660	FN1
184983	40638660	MGP
184985	40638660	MMP2
185095	40806551	ACTA2
185098	40806551	COL1A1;COL3A1;FN1
185099	40806551	COL3A1
185100	40806551	ACTA2;COL1A1;FN1
185148	40806731	MMP9
185153	40806731	HIF1A
185157	40806731	TENM3
185215	40806731	APOE
185251	40806731	HIF1A
185294	40806731	XBP1
185301	40806731	APOE
185337	40806731	HIF1A
185380	40806731	XBP1
185385	40813888	SOX2
185387	40813888	CUX2;MITF;SOX2
185388	40813888	MITF
185389	40813888	KRT19;MKI67;SOX2;TFAP2C;TOP2A;VIM
185390	40813888	KRT13;KRT4;SOX2;TFAP2C;VIM
185392	40813888	ALDH3A1;KRT13;KRT4;MKI67;TOP2A
185393	40813888	ALDH3A1;KRT13;KRT4;TFAP2C
185395	40813888	ALDH3A1;KRT13;KRT4
185397	40813888	KRT13;KRT4
185398	40813888	KRT4
185404	40813888	KRT13;KRT4;MITF;TFAP2C
185427	40813888	KRT13
185437	40813888	KRT13
185448	40813888	KRT13
185457	40813888	TFAP2C
185465	40813888	MITF
185476	40813888	KRT13
185485	40813888	TFAP2C
185493	40813888	MITF
185676	40860156	XBP1
185690	40855517	LYZ
185693	40855517	LYZ
185699	40855517	LYZ
185703	40855517	LYZ
185709	40855517	LYZ
185711	40855517	SOX2
185735	40112840	DCT
185740	40112840	DCT
185758	40112840	DCT
185760	40112840	DCT
185771	40112840	DCT
185773	40112840	DCT
185774	40862667	GABRA2;GABRR1;GRIK2
185777	40862667	GABRA2;GABRR1;GRIK2
185793	40862667	GRIK2
185794	40862667	GABRA2;GABRR1;GRIK2
185834	40862667	GRIK2
185855	40862667	GRIK2
185873	40862667	GRIK2
185876	40862667	GABRR1
185877	40862667	GABRA2
185886	40862667	GRIK2
185889	40862667	GABRR1
185890	40862667	GABRA2
185913	40893475	FTH1;HMOX1;MMP9
185924	40893475	MPO
185950	40893475	MPO
185957	40893475	MPO
185967	40893475	MPO
185974	40893475	MPO
186127	40536333	SPP1
186159	40952055	CD14;CD74;FCGR1A;IGF1
186162	40952055	CD14;CD74;FCGR1A;IGF1
186163	40952055	CD14
186168	40952055	CD14
186169	40952055	CD14;FCGR1A
186170	40952055	CD14
186173	40952055	CX3CR1
186174	40952055	APOE;CD14
186175	40952055	AIF1;CD14;CD74;CX3CR1;FCGR1A;HLA-DRA;IGF1;P2RY12;TMEM119;TREM2
186176	40952055	CD14
186177	40952055	CX3CR1
186178	40952055	CD14;CD74;IGF1
186179	40952055	CD14;IGF1
186180	40952055	CD14;CX3CR1;IGF1
186181	40952055	CD14
186212	41053100	DES
186221	41053100	AIF1
186222	41053100	FTL
186227	41053100	AIF1
186228	41053100	AIF1;IL1B
186229	41053100	FTL;HMOX1
186230	41053100	FTL;HMOX1
186231	41053100	FTL
186233	41053100	AIF1;FTL;HMOX1
186234	41053100	HMOX1;IL1B
186235	41053100	IL1B
186238	41053100	FTL
186373	41120701	SELL
186485	41145463	VCAM1
186486	41145463	RGS5
186489	41145463	SOX2;TYRP1
186492	41145463	MGP;MKI67;SOX2
186493	41145463	COL1A1;COL1A2;FN1
186496	41145463	DCN;POSTN
186497	41145463	SOX2
186522	41145463	VIP
186526	41153332	DES
186537	41153332	ICAM1
186940	41203806	DOCK2
186993	41186354	KRT13
186996	41186354	KRT13
187002	41186354	KRT13
187012	41186354	KRT13
187014	41186354	CHAT
187015	41186354	ALDH3A1;KRT13
187028	41213713	DPT
187169	41225555	MMP2
187170	41225555	COL1A1;COL1A2;COL3A1;MMP2
187172	41225555	MMP2
187173	41225555	MMP2
187174	41225555	MMP2
187178	41225555	MMP2
187179	41225555	COL1A1;COL3A1;MMP2
187180	41225555	MMP2
187398	41268978	ACTA2
187406	41268978	MGP;MMP2
187410	41268978	ACTA2;MMP9
187412	41268978	ACTA2;MMP9
187413	41268978	MMP2;MMP9
187427	41268978	ACTA2
187429	41268978	FN1
187432	41268978	MMP9
187445	41268978	ACTA2
187447	41268978	FN1
187450	41268978	MMP9
187790	41515932	AIF1
187834	41550716	TYR
188102	41552884	CD14;CD163;CX3CR1
188125	41552884	CD163;CLEC7A
188199	41563017	TGFBI
188348	41565785	MCC
188349	41565785	MCC
188389	41743022	DES
188419	41743022	DES
188678	41750304	APOE
188684	41750304	APOE
188721	41750304	APOE
188766	41750304	APOE
188822	41754895	CCL5
188825	41754895	S100A9;SPP1
188827	41754895	CAMP
188872	41754895	CAMP
188917	41754895	SPP1
188932	41754895	CAMP
188977	41754895	SPP1
189106	40562965	MUC7
189144	40562965	ALDH3A1
189157	40562965	MUC7
189169	40562965	MUC7
189580	41871103	CD14;CD4;GZMB
189910	42004959	P2RY12;TMEM119
189911	42004959	IRF8
189914	42004959	CX3CR1;P2RY12;SALL1;TMEM119
189915	42004959	CD163;CXCR2
189916	42004959	CX3CR1;TMEM119
189918	42004959	APOE;CD74;CX3CR1;P2RY12;TMEM119;TREM2
189919	42004959	CD163
189923	42004959	CCL5;CX3CR1
189924	42004959	CD4
189928	42004959	CX3CR1;LCN2
189929	42004959	CX3CR1
189931	42004959	LCN2
190147	41808024	TYR
190148	41808024	TYR
190153	41808024	TYR
190154	41808024	TYR
190160	41808024	TYR
190161	41808024	TYR
190168	41808024	TYR
190169	41808024	TYR
190174	41960965	S100B
190177	41960965	S100B
190190	41960965	S100B
190194	41960965	S100B
190196	41960965	S100B
190199	41960965	S100B
190201	41960965	S100B
190226	41960965	S100B
190235	41960965	S100B
190237	41979250	IGF1
190240	41979250	IGF1
190246	41979250	CX3CR1;MRC1
190248	41979250	ALDH3A1
190257	41979250	FOLR2;IGF1;IL1RN;LYVE1;MRC1
190258	41979250	CX3CR1;FOLR2;IGF1
190261	41979250	IGF1;MRC1
190262	41979250	APOE;CX3CR1;FOLR2;IGF1;IL1B;MRC1
190387	40946957	COL1A1
190437	42041177	MCC
190438	42041177	MCC
190439	42041177	MCC
190440	42041177	MCC
190779	40938987	TREM2
190781	40938987	TREM2
190782	40938987	TREM2
190783	40938987	TREM2
190784	40938987	IL1B;TREM2
190785	40938987	TREM2
190786	40938987	CD74;CTSD;CX3CR1;FTH1;GPNMB;P2RY12;SPP1;TMEM119;TNC;TOP2A;TREM2
190787	40938987	TREM2
190788	40938987	TREM2
190789	40938987	ITGAX;SPP1;TREM2
190790	40938987	TREM2
190791	40938987	TREM2
190792	40938987	TREM2
190793	40938987	SPP1;TREM2
190794	40938987	TREM2
190795	40938987	TREM2
190796	40938987	TREM2
190797	40938987	TREM2
190798	40938987	TREM2
190799	40938987	TREM2
190800	40938987	TREM2
190801	40938987	TREM2
190803	40938987	TREM2
190805	40938987	TREM2
190809	40938987	TREM2
190814	40938987	VIP
190815	40938987	TREM2
190816	40938987	TREM2
190817	40938987	TREM2
190839	42117077	MGP
190858	42117077	MGP
190865	42117077	MGP
191056	42196782	LYVE1
191057	42196782	LYVE1
191066	42196782	LYVE1
191070	42196782	DLL4
191076	42196782	LYVE1
191077	42196782	LYVE1
191314	42232161	APOE;CD9
191320	42232161	APOE
191322	42232161	APOE
191329	42232161	CD9
191332	42232161	APOE
191340	42232161	CD9
191343	42232161	APOE
191351	42232161	APOE
191359	42232161	APOE
191485	42256007	PRRX1
191491	42256007	PRRX1
191492	42256007	PRRX1
191497	42256007	MAF
191498	42256007	MAF
191502	42256007	MAF
191512	42256007	PRRX1
191516	42256007	PRRX1
191517	42256007	PRRX1
191518	42256007	PRRX1
191519	42256007	PRRX1
191520	42256007	PRRX1
191521	42256007	PRRX1
191522	42256007	PRRX1
191523	42256007	IGFBP7;PRRX1
191524	42256007	PRRX1
191525	42256007	PRRX1
191601	42256007	PRRX1
191612	42256007	PRRX1
191622	42278218	SERPINF1
191628	42278218	ITGA11;SERPINF1
191629	42278218	SERPINF1
191630	42278218	SERPINF1
191633	42278218	SERPINF1
191658	42278218	ITGA11
191660	42278218	SERPINF1
191671	42278218	ITGA11
191673	42278218	SERPINF1
191728	42267782	C5AR1
191740	42267782	C1S
191828	42267782	TPM1
191852	42267782	TPM1
191867	42306086	APOE;MMP2;MMP9
191871	42306086	APOE;PMEL
191872	42306086	PMEL
191877	42306086	APOE
191878	42306086	APOE
191879	42306086	APOE
191880	42306086	APOE
191881	42306086	APOE
191882	42306086	APOE
191887	42306086	SOX2
191907	42031950	THY1
191911	42031950	THY1
191912	42031950	THY1
191940	42294804	CCL5;CD4
191943	42294804	HLA-DQB1
191958	42294804	CCL5
191960	42294804	CCL4;MPO
191963	42294804	CCL4;CCL5;MPO
191992	42294806	CX3CR1
191995	42294806	DCN
191997	42294806	CD4
192191	42189043	TPM3
192193	42189043	TPM3
192197	42189043	TPM3
192202	42189043	TPM3
192203	42189043	TPM3
192204	42189043	TPM3
192207	42189043	TPM3
192209	42189043	TPM3
192213	42189043	TPM3
192228	42360097	DCC
192249	42031716	SOX2
192250	42031716	SOX2;SPP1
192251	42031716	SPP1
192253	42031716	SOX2
192254	42031716	SOX2
192256	42031716	VSX1
192257	42031716	SPP1
192267	42031716	SPP1
192268	42031716	SPP1
192270	42031716	SPP1
192280	42031716	SOX2
192381	42390174	S100B
192384	42390174	S100B
192395	42390174	THY1
192396	42390174	APOE
192397	42390174	S100B
192398	42390174	S100B
192399	42390174	S100B
192400	42390174	APOE
192405	42390174	S100B
192413	42390174	S100B
192426	40250432	NTNG1
192430	40250432	SPHKAP
192571	40976557	GPR143
192572	40976557	GPR143
192573	40976557	GPR143;TYR
192678	42405673	SOX2
192706	42437121	MAF
192721	42437121	MAF
192723	42437121	GRM7
192724	42437121	MAF
192725	42437121	OLFM3
192731	42437121	OLFM3
192732	42437121	OLFM3
192738	42437121	OLFM3
192740	42437121	MAF
192741	42437121	MAF
192744	42437121	DLL4
192796	42437121	OLFM3
192797	42437121	OLFM3
192798	42437121	OLFM3
192799	42437121	OLFM3
192800	42437121	OLFM3
192892	42437121	OLFM3
192893	42437121	OLFM3
192894	42437121	OLFM3
192895	42437121	OLFM3
192896	42437121	OLFM3
192988	42437121	OLFM3
193018	42437121	OLFM3
193075	42437121	MAF
193095	42437121	MAF
193224	42098228	MCC
193238	42098228	MCC
193575	42128885	SOX2
193578	42128885	SOX2
193583	42128885	CDH2
193587	42128885	CDH2
193588	42128885	SOX2
193601	42461077	COL1A1
193603	42461077	COL1A1
193604	42461077	COL1A1
193609	42461077	RAMP2
193611	42461077	COL1A1
193616	42461077	COL1A1;RAMP2
193618	42461077	CAMP;COL1A1
193761	42510596	APOE
193771	42510596	APOE
193774	42510603	AQP5;MMP9
193775	42510603	MMP2;MMP9
193778	42510603	AQP5;MMP2;MMP9
193786	42510603	AQP5;MMP2;MMP9
193792	42510603	MMP9
193797	42510603	AQP5
193804	42510603	MMP2;MMP9
193805	42510603	MMP9
193806	42510603	AQP5
193808	42510603	AQP5
193809	42510603	AQP5
193810	42510603	MMP2;MMP9
193824	42510603	AQP5
193840	42510603	AQP5
193853	42510603	AQP5
193869	42510603	AQP5
193989	42534834	ANXA1
194007	42534834	ANXA1
194169	42506960	KRT13
194248	42600003	SLC5A7
194250	42600003	SLC6A1
194251	42600003	CHAT;PRKCA;SDK1;SLC5A7;VIP
194253	42600003	MAF
194254	42600003	TENM3
194256	42600003	ST18;TCF4;ZNF804A
194263	42600003	CHAT
194264	42600003	NXPH2;VIP
194266	42600003	ST18;TCF4;VIP
194302	42600003	NXPH2
194306	42600003	OLFM3
194307	42600003	OLFM3
194309	42600003	MAF
194314	42600003	MAF
194326	42600003	VIP
194335	42600003	CHAT;SLC5A7
194345	42600003	NXPH2
194349	42600003	OLFM3
194350	42600003	OLFM3
194352	42600003	MAF
194357	42600003	MAF
194369	42600003	VIP
194378	42600003	CHAT;SLC5A7
194394	42578587	COL1A1
194401	42578587	COL1A1
194402	42578587	COL1A1
194405	42578587	COL1A1
194406	42578587	COL1A1
194707	42652099	SPP1
194725	42652099	NAALAD2;TAGLN
194726	42652099	ANXA1;FTH1
194728	42652099	SPP1
195000	42652894	APOE
195029	42666080	UCHL1
195033	42666080	APOE;GPNMB;ITGAX;TREM2;UCHL1
195034	42666080	UCHL1
195045	42666080	UCHL1
195046	42666080	UCHL1
195047	42666080	UCHL1
195048	42666080	UCHL1
195049	42666080	AIF1;APOE;GPNMB;ITGAX;UCHL1
195050	42666080	UCHL1
195051	42666080	UCHL1
195052	42666080	UCHL1
195054	42666080	APOE;GPNMB;ITGAX
195055	42666080	UCHL1
195056	42666080	UCHL1
195057	42666080	UCHL1
195068	42666080	UCHL1
195071	42666080	UCHL1
195074	42666080	UCHL1
195076	42666080	UCHL1
195079	42666080	UCHL1
195080	42666080	UCHL1
195173	42666080	UCHL1
195182	42666080	UCHL1
195188	42666080	UCHL1
195193	42666080	UCHL1
195237	42666080	UCHL1
195305	42666080	UCHL1
195340	42321202	IGSF21;PCSK6
195438	42717487	CD4
195441	42717487	CD4
195442	42717487	CD4
195443	42717487	CCL3;CCL4;CD36;CD69;IL1B;S100A8;S100A9
195444	42717487	CD69;CD74;GNLY;PRF1
195445	42717487	CD4;DPT
195446	42717487	CD4
195447	42717487	CD4
195448	42717487	CD4;DPT;HIF1A
195449	42717487	MCC
195450	42717487	CD4
195451	42717487	CD4
195452	42717487	CD4;LCK
195453	42717487	CD4;MAF
195454	42717487	CD4
195455	42717487	CD4;CD69
195456	42717487	CD4
195457	42717487	CD4
195458	42717487	CD4
195459	42717487	CD4
195460	42717487	CD4;HIF1A
195461	42717487	CD4
195462	42717487	CD4
195463	42717487	CD4
195464	42717487	CD4
195469	42717487	CD4
195470	42717487	CD4
195471	42717487	CD4
195472	42717487	CD4
195473	42717487	CD4
195474	42717487	CD4
195501	42724764	ACTA2;COL1A1;TAGLN
195503	42724764	NOTCH3
195504	42724764	COL1A1
195507	42724764	ACTA2
195511	42724764	COL1A1
195552	41641772	TMEM119
195613	42736278	CD36
195614	42736278	APOE;CD36;TREM2
195615	42736278	CD36
195616	42736278	BIRC5;TOP2A
195618	42736278	CD36
195619	42736278	CD36
195620	42736278	CD36
195621	42736278	CD36;CX3CR1
195622	42736278	CD36;CX3CR1
195623	42736278	CD36
195624	42736278	CD36
195625	42736278	CD36
195626	42736278	CD36
195627	42736278	CD36
195628	42736278	CD36
195629	42736278	CD36;GPNMB
195630	42736278	CD36
195631	42736278	CD36
195632	42736278	CD36
195633	42736278	CD36;CX3CR1
195637	42736278	CX3CR1;P2RY12
195642	42736278	CD36
195644	42736278	CD36
195653	42736278	CD36
195654	42736278	CD36
195664	42756340	CD74
195667	42756340	CD74
195678	42756340	CD74
195682	42756340	C5AR1;ITGAX
195684	42756340	CD74
195685	42756340	CD4
195686	42756340	CD74
195687	42756340	C5AR1;CD4;CD74;ITGAX
195688	42756340	CD74
195690	42756340	C5AR1;CD74;ITGAX
195820	25377070	SOX2
195830	25377070	SOX2
195836	25377070	SOX2
195859	25811370	CAMP
195866	25826404	SPP1
195875	25826404	COL1A1;SPP1
195879	25826404	COL1A1
195880	25826404	LAMA3;MMP2
195902	25938837	COL1A2
195920	25938837	COL1A2
196015	25946197	MAF
196057	25951169	APOE
196068	25951169	APOE
196103	25965995	COL1A1
196105	25965995	COL3A1
196115	25965995	COL1A1
196117	25965995	COL3A1
196146	25992706	VIM
196147	25992706	VIM
196177	25992706	VIM
196191	25992706	VIM
196214	26052939	SLC4A11;TGFBI
196337	26322222	DES;LAMA2
196691	26536616	MMP9
196706	26536616	MMP9
196723	26606685	MITF
196725	26606685	SOX2
196737	26606685	MITF
196739	26606685	MITF
196752	26606685	MITF
196760	26606685	MITF
196794	25719245	CAMP
196907	26685899	CAMP
197087	26900327	S100A10
197461	26912740	FLT1
197481	26912740	FLT1
197541	27011234	MMP9
197580	26990160	SERPINA1
197650	26978795	HIF1A
197652	26978795	HIF1A
197653	26978795	HIF1A
197655	26978795	HIF1A
197656	26978795	HIF1A
197662	26978795	HIF1A
197681	27126275	AIF1
197686	27126275	AIF1
197687	27126275	AIF1
197689	27126275	AIF1
197690	27126275	AIF1
197691	27126275	AIF1
197692	27126275	AIF1
197696	27126275	AIF1
197697	27126275	AIF1
197699	27126275	AIF1
197702	27126275	AIF1
197703	27126275	AIF1
197708	27126275	AIF1
197710	27126275	AIF1
197719	27126275	AIF1
197730	26853893	SELL
197736	26853893	MMP2
197738	26853893	MMP2
197906	27313510	S100B
198068	27270337	TREM2
198119	27270337	TREM2
198129	27270337	TREM2
198143	27445662	CHAT
198144	27445662	CHAT
198160	27445662	CHAT
198175	27445662	CHAT
198218	27415760	VIM
198223	27415760	TYR
198229	27415760	VIM
198314	27484779	MMP2
198329	27484837	SLC4A11
198356	27484837	MAF
198364	27484837	MAF
198381	27513760	MAF;MITF
198436	27517863	CACNA1C;MAF
198501	27606349	CAMP
198505	27606349	CAMP
198566	27631609	MAF
198571	27631609	MAF
198578	27631609	MAF
198581	27631609	MAF;SOX2
198582	27631609	SOX2
198584	27631609	MAF
198710	27607582	CD14
198717	27641646	CD4
198720	27641646	CD4
198721	27641646	CD4
198722	27641646	CD4;HLA-DRB1
198723	27641646	CD4
198724	27641646	CD4
198725	27641646	CD4
198727	27641646	SOX2
198728	27641646	MITF
198729	27641646	HLA-DPB1;HLA-DQB1;HLA-DRB1
198730	27641646	CD4
198731	27641646	CD4
198732	27641646	CD4
198733	27641646	CD4
198734	27641646	CD4
198742	27641649	MITF
198745	27641649	CD4
198746	27641649	CD14;CD4
198750	27641649	SOX2
198754	27641649	CD4
198755	27641649	CD4;MITF
198766	27072607	ANXA1
198768	27072607	CAMP
198770	27072607	ANXA1;CAMP;VIP
198771	27072607	ANXA1
198772	27072607	ANXA1
198799	27400791	TYRP1
198805	27400791	TYRP1
198806	27400791	SOX2
198849	27787561	MMP9
198852	27787561	MMP9
198853	27787561	MMP9
198856	27787561	MMP9
198859	27787561	MMP9
198863	27787561	TCF4
198864	27787561	MMP9
198865	27787561	MMP9
198868	27787561	MMP9
198929	27841369	PLVAP
198950	27849035	XBP1
199034	27839872	MAF
199035	27839872	MAF
199129	27918822	VCAN
199140	27918822	VCAN
199345	28152139	COL1A1
199401	28252047	CD4
199427	28252047	IGF1
199446	28252047	IGF1
199597	28345628	CD4
199599	28345628	CD4;CD69
199600	28345628	CD4
199601	28345628	CD4;CD69
199602	28345628	CD4
199604	28345628	CD4;CD69
199605	28345628	CD4;CD69
199606	28345628	CD4;CD69
199614	28345628	CD4;CD69;UCHL1
199694	28358962	PECAM1
199723	28413487	MMP2;MMP9
199756	28209733	IGF1
199759	28209733	TYR
199762	28209733	IGF1
199765	28209733	DCC;TYR
199773	28209733	DCC;IGF1
199970	28487632	GPNMB
199979	28487632	GPNMB
199980	28487632	GPNMB
200008	28446179	GPNMB
200084	28505174	DES
200116	28514956	SPP1
200118	28514956	SPP1
200122	28514956	MGP
200130	28514956	MGP
200131	28514956	KRT13;MYH11;PTGDS;VCAM1
200132	28514956	HLA-DRA;KRT13;MYH11;PTGDS;VCAM1
200133	28514956	FN1;MGP;THY1;TMEM132D
200134	28514956	CDH2;SPP1;ZBTB46
200135	28514956	SPP1;ZBTB46
200137	28514956	SPP1
200138	28514956	MGP
200139	28514956	MGP;SPP1
200140	28514956	SPP1
200152	28514956	MGP
200160	28514956	MGP
200170	28514956	KRT13
200172	28514956	MYH11
200174	28514956	HLA-DRA
200175	28514956	PTGDS
200186	28514956	VCAM1
200191	28514956	KRT13
200193	28514956	MYH11
200195	28514956	HLA-DRA
200196	28514956	PTGDS
200207	28514956	VCAM1
200221	28514956	TMEM132D
200222	28514956	THY1
200224	28514956	FN1
200242	28514956	TMEM132D
200243	28514956	THY1
200245	28514956	FN1
200259	28514956	SPP1
200264	28514956	CDH2
200266	28514956	ZBTB46
200284	28514956	SPP1
200289	28514956	CDH2
200291	28514956	ZBTB46
200304	28514956	SPP1
200314	28514956	ZBTB46
200324	28514956	SPP1
200334	28514956	ZBTB46
200390	28524846	COL1A1
200401	28600982	MITF
200402	28600982	MITF
200422	28600982	MITF
200438	28600524	MMP2;MMP9
200447	28600524	MMP2;MMP9
200486	28626601	MITF;PMEL
200493	28626601	MITF;PMEL
200496	28626601	PMEL
200506	28680125	FGF13;NTNG1
200553	28680125	FGF13
200559	28680125	NTNG1
200594	28680125	FGF13
200600	28680125	NTNG1
200713	28625537	MITF
200762	28733649	AQP5;LTF;LYZ
200763	28733649	LTF
200764	28733649	LTF
200765	28733649	AQP5;LYZ;MMP9
200792	28733649	AQP5
200794	28733649	LTF
200804	28733649	MMP9
200813	28733649	AQP5
200815	28733649	LTF
200825	28733649	MMP9
200862	28746371	TIMP1
200892	28779082	MAF
200897	28779082	MAF
200900	28779082	MAF
200901	28779082	MAF
200908	28779082	MAF
200940	28814744	CX3CR1
200941	28814744	CX3CR1
200945	28814744	CX3CR1
200947	28814744	CX3CR1
200948	28814744	CX3CR1
200950	28814744	CX3CR1
200951	28814744	CX3CR1
200952	28814744	CX3CR1
200954	28814744	CX3CR1
201083	28827829	FTL
201085	28827829	MAF
201110	28827829	FTL
201112	28827829	MAF
201146	28924145	IL1B
201150	28924145	IL1B
201166	28924145	IL1B
201179	28924145	IL1B
201221	28402065	DCN;MMP2
201222	28402065	SERPINF1
201223	28402065	DLL4
201234	28402065	MMP2
201240	28402065	SERPINF1
201251	28402065	MMP2
201257	28402065	SERPINF1
201263	29246327	THY1
201275	29246327	HIF1A
201441	29067402	MAF
201481	28981088	MAF
201570	29164232	MMP9
201573	29249973	OR51E2
201576	29249973	OR51E2
201580	29249973	OR51E2;PMEL
201581	29249973	OR51E2
201587	29249973	CAMP
201591	29249973	OR51E2
201592	29249973	OR51E2
201593	29249973	CAMP;OR51E2
201594	29249973	OR51E2
201595	29249973	OR51E2
201596	29249973	OR51E2
201597	29249973	OR51E2
201598	29249973	CAMP;OR51E2
201599	29249973	CAMP;OR51E2
201601	29249973	CAMP;OR51E2
201602	29249973	CAMP;OR51E2
201623	29213129	CDH5
201641	29213129	PECAM1
201653	29213129	PECAM1
201666	29213129	PECAM1
201691	29213129	PECAM1
201800	29340639	TGFBI
201806	29340639	TGFBI
201809	29340639	TGFBI
201810	29340639	MGP;MMP2;TGFBI;TIMP1
201969	29392320	MGP
201970	29392320	MGP
201971	29392320	MGP
201972	29392320	MGP
201973	29392320	MGP
201974	29392320	MGP
201975	29392320	MGP
201983	29392320	MGP
201984	29392320	MGP
201985	29392320	MGP
201986	29392320	MGP
201987	29392320	MGP
201988	29392320	MGP
201989	29392320	MGP
201990	29392320	MGP
201991	29392320	MGP
201992	29392320	MGP
201993	29392320	MGP
201994	29392320	MGP
201995	29434243	MGP;SOX2
201997	29434243	MGP;SOX2;VIM
201998	29434243	MGP;SOX2;VIM
201999	29434243	MGP;SOX2;VIM
202002	29434243	MGP;SOX2;VIM
202003	29434243	SOX2
202023	29360039	MAF
202033	29360039	MAF
202064	29360039	MAF
202116	29360039	MAF
202148	29217756	SOX2;VWF
202150	29217756	IGF1
202161	29217756	IGF1
202169	29217756	IGF1
202178	29415988	IL1B
202185	29415988	ICAM1
202341	29548329	DES
202350	29548329	ACTA2
202354	29548329	ACTA2
202359	29548329	ACTA2
202366	29548329	DES
202405	29625471	CHAT
202407	29625471	CHAT
202408	29625471	CHAT
202409	29625471	CHAT
202410	29625471	CHAT
202450	29609731	FLT1;KDR
202454	29609731	TYR
202458	29609731	FLT1;KDR;TYR
202479	29609731	TYR
202481	29609731	KDR
202483	29609731	FLT1
202501	29609731	TYR
202503	29609731	KDR
202505	29609731	FLT1
202526	29670082	MITF
202530	29670082	SOX2
202548	29700284	SOX2
202689	30025131	AQP5
202704	30025113	MITF
202709	30025113	MITF
202711	30025113	COL1A1;FN1
202715	29903027	TMEM119
202717	29903027	TMEM119
202728	29903027	TMEM119
202735	29903027	TMEM119
202738	29903027	TMEM119
202768	29903027	TMEM119
202769	29903027	TMEM119
202785	29903027	TMEM119
202786	29903027	TMEM119
202800	29950973	DPT
203081	30037353	CX3CR1
203083	30037353	CD4;CX3CR1
203084	30037353	CX3CR1
203095	30037353	CX3CR1
203097	30037353	CX3CR1
203103	30037353	CX3CR1
203107	30037353	CX3CR1
203108	30037353	CX3CR1
203109	30037353	CX3CR1
203121	30037353	CX3CR1
203122	30037353	ITGAX
203128	30037353	CX3CR1
203129	30037353	ITGAX
203161	30046058	CCL5
203163	30046058	IRF7
203164	30046058	IL1B
203298	30064430	MITF
203307	30064430	MITF
203329	30064430	MITF
203334	30064430	MITF
203469	30210817	GPNMB;TYRP1
203478	30210817	GPNMB;TYRP1
203489	30122442	CD69
203492	30122442	CD69
203499	30122442	CD69
203503	30122442	CD69
203504	30122442	CD69
203505	30122442	CD69
203511	30122442	CD69
203580	30326070	HMOX1;LCN2;S100A9
203583	30326070	HMOX1;LCN2;S100A9
203590	30326070	MAF;VIM
203592	30326070	S100A9
203593	30326070	HMOX1;LCN2;MMP9
203595	30326070	HMOX1;LCN2;S100A9
203598	30326070	MAF;VIM
203599	30326070	S100A8
203611	30341380	COL1A1
203614	30341380	COL1A1
203625	30341380	COL1A1
203697	30322969	ACTA2
203714	30322969	ACTA2
203726	30406200	FBN1
203730	30406200	ADAMTS17;FBN1
203731	30406200	FBN1
203732	30406200	FBN1
203741	30406200	FBN1
203742	30406200	FBN1
203743	30406200	FBN1
203744	30406200	FBN1
203745	30406200	FBN1
203746	30406200	FBN1
203747	30406200	FBN1
203748	30406200	FBN1
203749	30406200	FBN1
203750	30406200	FBN1
203751	30406200	FBN1
203752	30406200	FBN1
203753	30406200	FBN1
203754	30406200	FBN1;GPNMB
203755	30406200	FBN1
203756	30406200	FBN1
203836	30349978	MAF
203843	30349978	MAF
203867	30349978	MAF
203876	30349978	MAF
203943	30444724	MITF;SOX2
203947	30444724	CD4;MITF;SOX2
203955	30444724	MITF;SOX2
204009	30616676	THY1
204014	30616676	VIP
204078	30670050	CD163
204080	30670050	GPNMB;TYRP1
204086	30670050	GPNMB
204092	30670050	CX3CR1;GPNMB;ITGAX
204097	30670050	GPNMB
204100	30670050	GPNMB
204103	30670050	C1QC;CD163;GPNMB
204105	30670050	ITGAX
204129	30673862	CD4
204130	30673862	CCL3;CCL4;CCL5
204131	30673862	S100A8;S100A9
204132	30673862	ANXA1;VIP
204133	30673862	CD4
204141	30673862	MUC7
204146	30673862	CD4
204147	30673862	ANXA1;S100A8;S100A9
204181	30673862	CD4
204184	30673862	CCL3;CCL4;CCL5
204188	30673862	CD4
204191	30673862	S100A8;S100A9
204192	30673862	ANXA1
204195	30673862	VIP
204204	30673862	CD4
204207	30673862	CCL3;CCL4;CCL5
204211	30673862	CD4
204214	30673862	S100A8;S100A9
204215	30673862	ANXA1
204218	30673862	VIP
204248	30673862	CD4
204250	30673862	ANXA1;S100A8;S100A9
204279	30673862	CD4
204281	30673862	ANXA1;S100A8;S100A9
204403	30634448	MITF
204415	30634448	IGF1
204447	30634448	MITF
204477	30634448	MITF
204544	30807639	MMP2
204547	30807639	MMP2
204552	30807639	TNC
204553	30807639	MMP2
204557	30807639	MMP2;MMP9
204558	30807639	MMP2;TNC
204605	30814516	VCAN
204606	30814516	VCAN
204610	30814516	FN1;VCAN
204611	30814516	FN1;VCAN
204612	30814516	FN1;VCAN
204613	30814516	FN1;VCAN
204614	30814516	VCAN
204615	30814516	VCAN
204619	30814516	VCAN
204621	30814516	VCAN
204627	30814516	VCAN
204668	30835784	AIF1;SOX2
204669	30835784	SOX2
204670	30835784	SOX2
204675	30835784	SOX2
204678	30835784	SOX2
204679	30835784	SOX2
204681	30835784	CX3CR1
204683	30835784	TOP2A
204686	30835784	SOX2
204696	30835784	SOX2
204881	30816539	MAF
204894	30816539	MAF
204963	30890604	CD4
205196	31011480	SOX2
205197	31011480	SOX2
205198	31011480	SOX2
205207	30748126	SOX2
205271	31002065	CD79A
205275	31002065	CD79A
205465	31097765	HMOX1
205552	31231240	TYR
205570	31080113	MITF
205571	31080113	MITF
205583	31080113	MITF
205584	31080113	MITF
205613	31137749	S100B
205876	31278274	SOX2
205878	31278274	SOX2
205879	31278274	SOX2
205880	31278274	SOX2
205881	31278274	SOX2
205883	31278274	SOX2
205884	31278274	SOX2
205888	31278274	SOX2
205889	31278274	SOX2
205893	31278274	VIM
205904	31292459	APOE
205906	31292459	LCN2
205907	31292459	LCN2
205909	31292459	LCN2
205921	31292459	LCN2
205926	31292459	LCN2
206065	31315675	TMEM119
206077	31315675	TMEM119
206102	31315675	TMEM119
206115	31315675	TMEM119
206124	31315675	IL1B
206135	31315675	IL1B
206160	31337830	MITF
206161	31337830	MITF
206162	31337830	MITF;TYRP1
206163	31337830	TYRP1
206165	31337830	FN1;LUM;MITF
206166	31337830	MITF
206174	31337830	TYRP1
206214	31284269	CNN1
206227	31284269	ICAM1
206238	31284269	CNN1
206251	31284269	ICAM1
206318	31366377	CD4
206344	31366377	CD4
206362	31366377	CD4
206389	31366377	S100A10
206409	31366377	S100A10
206418	31369031	GPNMB;TYRP1
206427	31369031	ITGAX;TREM2
206429	31369031	GPNMB
206434	31369031	GPNMB;TYRP1
206483	31375001	MMP9
206488	31375001	SOX2
206494	31375001	MMP2;MMP9
206495	31375001	FN1
206497	31375001	MMP2;MMP9
206498	31375001	MMP2;MMP9
206499	31375001	SOX2
206501	31375001	KDR;SOX2
206509	31375001	FN1
206517	31375001	MMP2;MMP9
206548	31474986	CX3CR1
206555	31474986	CD4
206556	31474986	CD4
206559	31474986	CD4
206560	31474986	CD4
206569	31474986	CD4
206571	31474986	CD4
206590	31474986	AQP5
206602	31474986	AQP5
206764	30980229	GPNMB
206770	30980229	GPNMB
206878	30357336	APOE
206879	30357336	APOE
206882	30357336	APOE
206885	30357336	APOE
206889	30357336	APOE
206895	30357336	APOE;CD36
206896	30357336	APOE
206897	30357336	APOE
206903	30357336	APOE
206911	30357336	APOE
207318	31615975	TYR
207327	31614909	MUC7
207536	31803044	THY1
207586	31712411	ACTA2;AIF1;CD2;CD79A;DCT;MLANA;PMEL;RGS5;TYRP1;VWF
207587	31712411	MPZ;SCN7A
207588	31712411	APOE;WFDC1
207589	31712411	CLDN5;ICAM1;VCAM1
207590	31712411	PLVAP;VCAM1;VWF
207591	31712411	PLVAP
207593	31712411	ICAM1;PLVAP
207672	31822709	CD4
207677	31822709	CD4
207678	31822709	CD4
207680	31822709	CD4
207681	31822709	CD4
207682	31822709	CD4
207683	31822709	CD4
207687	31822709	CD4
207693	31822709	CD4
207715	31822709	CD4
207723	31822709	CD4
207745	31752146	CD4
207878	31755246	MMP2
207879	31755246	MMP2
207884	31755246	MMP2
207889	31755246	MMP2
207896	31755246	MMP2
207897	31755246	MMP2
207901	31680442	CD9
207903	31680442	CD9
207904	31680442	CD9
207909	31680442	CD9
207912	31680442	CD9
207914	31680442	FN1
207917	31680442	CD9;FN1
207918	31680442	CD9;FN1
207919	31680442	CD9;FN1
207920	31680442	CD9;FN1
207921	31680442	CD9;FN1
207922	31680442	CD9;FN1
207923	31680442	CD9
208037	32042069	MMP9
208038	32042069	MMP9;XBP1
208040	32042069	MMP9
208041	32042069	XBP1
208042	32042069	MMP9
208043	32042069	MMP9
208044	32042069	MMP9
208045	32042069	MMP9
208046	32042069	MMP9
208053	32042069	MMP9
208065	31840941	SOX2
208077	31840941	SOX2
208080	31840941	FN1
208082	31840941	C1R;C1S
208083	31840941	APOE;C1R;C1S
208084	31840941	C1R;C1S
208096	31840941	APOE
208104	31840941	C1R
208105	31840941	C1S
208110	31840941	ICAM1
208114	31840941	APOE
208122	31840941	C1R
208123	31840941	C1S
208128	31840941	ICAM1
208137	31840941	FN1
208147	31840941	FN1
208452	32286414	COL1A1
208526	32339198	MFRP;MMP9;ST18
208529	32339198	MAF
208530	32339198	MAF
208589	32446866	KERA
208688	32444682	GPNMB;TYRP1
208689	32444682	GPNMB
208697	32444682	GPNMB
208756	32444682	LCN2
208769	32444682	LCN2
208900	32439707	DCN;LYVE1;MYH11;SCN7A;TAGLN
208901	32439707	FLT1;FN1
208902	32439707	MGP
208904	32439707	LYVE1;PECAM1
208906	32439707	DCN;FN1;TAGLN
208907	32439707	LYVE1
208953	32362442	HMOX1
208959	32362442	HMOX1
208982	32492870	CD4;ITGA11
209012	32492870	CAMP
209021	32492870	IGF1
209025	32492870	IL3RA
209029	32492870	ITGA11
209048	32492870	SPP1
209067	32492870	CAMP
209076	32492870	IGF1
209080	32492870	IL3RA
209084	32492870	ITGA11
209103	32492870	SPP1
209125	32492870	MCC
209158	32492870	MCC
209183	32554860	CAMP
209219	32203982	KCNMB2
209233	32203982	KCNMB2
209237	32203982	KCNMB2
209245	32203982	KCNMB2
209249	32203982	KCNMB2
209645	32668747	CD4
209647	32668747	HLA-DPB1;HLA-DQB1;HLA-DRB1
209653	32668747	CD4
209683	32668747	HLA-DPB1;HLA-DQB1;HLA-DRB1
209690	32668747	HLA-DPB1;HLA-DQB1;HLA-DRB1
210011	32879763	ROBO1
210234	32867783	COL3A1
210275	32867783	CDH2
210276	32867783	VIM
210277	32867783	COL1A1
210278	32867783	COL3A1
210300	32867783	CDH2
210301	32867783	VIM
210302	32867783	COL1A1
210303	32867783	COL3A1
210403	32905166	MPO
210407	32905166	MPO
210429	32722558	MMP9
210496	32932574	CD14
210504	33057006	DES
210507	33057006	CD4;DES
210508	33057006	DES
210514	33057006	DES
210515	33057006	DES
210516	33057006	DES
210520	33057006	DES
210521	33057006	DES
210522	33057006	DES
210525	33057006	DES
210542	33057006	DES
210598	33162981	TNC
210599	33162981	TNC
210600	33162981	TNC
210601	33162981	TNC
210605	33162981	TNC
210609	33162981	TNC
210611	33162981	TNC
210614	33162981	TNC
210615	33162981	TNC
210616	33162981	TNC
210618	33162981	TNC
210619	33162981	TNC
210620	33162981	TNC
210621	33162981	TNC
210622	33162981	TNC
210623	33162981	TNC
210624	33162981	TNC
210625	33162981	TNC
210638	33162981	TNC
210647	33162981	TNC
210654	33162981	TNC
210660	33162981	TNC
210666	33162981	TNC
210673	33162981	TNC
210966	33114004	CD4;CD69
210967	33114004	CD4
210968	33114004	CD4
210969	33114004	CD4
210970	33114004	CD4;CD69
210971	33114004	CD4
210972	33114004	CD4;CD69
210974	33114004	CD4;CD69
210975	33114004	CAMP;CD4;CD69;VIP
210976	33114004	CD4
210979	33114004	CD4;CD69
210980	33114004	CD4;CD69
210982	33114004	CD69
210983	33114004	CD4;CD69
210989	33114004	CD4
211007	33114004	CD4
211008	33114004	CD4
211009	33114004	CD4
211010	33114004	CD4
211011	33114004	CD4
211012	33114004	CD4
211014	33114004	CD4
211015	33114004	CD4
211016	33114004	CD4
211017	33114004	CD4
211018	33114004	CD4
211019	33114004	CD4
211027	33114004	CD4;CD69
211028	33114004	CD4
211029	33114004	CD4
211030	33114004	CD4
211031	33114004	CD4
211032	33114004	CD4
211034	33114004	CD4;CD69
211035	33114004	CD4
211036	33114004	CD4
211037	33114004	CD4
211038	33114004	CD4
211039	33114004	CD4
211040	33239706	SOX2
211046	33239706	ACTA2;CDH2;FN1;MKI67;SOX2;VIM
211047	33239706	SOX2;VIM
211048	33239706	SOX2
211049	33239706	CDH2;VIM
211056	33239706	SOX2
211057	33239706	SOX2
211061	33239706	CDH2
211063	33239706	VIM
211073	33239706	SOX2;VIM
211284	33318177	GPNMB
211285	33318177	GPNMB
211289	33318177	GPNMB
211302	33318177	GPNMB
211306	33318177	GPNMB
211714	32896986	MMP9
211720	32896986	MMP9
211725	32896986	MMP9
211742	32896986	MMP9
211752	32896986	MMP9
211760	33597641	PECAM1;VWF
211763	33597641	VWF
211764	33597641	VWF
211771	33597641	VWF
211816	33597641	VWF
211818	33597641	PECAM1
211825	33597641	VWF
211827	33597641	PECAM1
211833	33597641	VWF
211842	33597641	VWF
211944	33368801	THY1
211945	33368801	THY1
211952	33368801	THY1
211954	33368801	THY1
211956	33368801	THY1
211957	33368801	THY1
211958	33368801	THY1
212049	33895485	HMOX1
212051	33895485	HMOX1
212052	33895485	FTH1;SLC40A1
212057	33895485	FTH1;SLC40A1
212157	34065385	MMP9
212175	34088917	MMP2
212178	34088917	MMP2
212184	34088917	MMP2
212186	34088917	MMP2
212191	34088917	ACTA2;COL1A1;FN1
212214	34142044	FN1
212235	34142044	FN1
212357	33710665	CD14
212364	33710665	CD14
212369	33710665	CD14
212376	34200928	HMOX1;LCN2;S100A9
212391	34200928	ACTA2;CDH2
212393	34200928	TPM1;TPM2
212544	34232258	CCL3;CCL5
212546	34232258	CCL3
212548	34232258	CCL3;CCL5
212562	34232258	CCL3
212564	34232258	CCL5
212585	34232258	CCL3
212587	34232258	CCL5
212628	34249924	TAL1
212631	34249924	DLL4
212653	34249924	COL1A2
212674	34249924	COL1A2
212683	34249924	MPZ
212700	34249924	CLDN5
212704	34249924	MPZ
212721	34249924	CLDN5
212914	34356327	MPO
212921	34356327	MPO
212923	34356327	MPO
213017	33865984	KRT13;KRT19;KRT4;S100A8;S100A9
213018	33865984	MITF
213019	33865984	COL1A1;COL1A2;COL3A1;KERA;LUM
213020	33865984	CCL3;CCL5
213021	33865984	ACTA2;LYVE1;POSTN;TAGLN
213022	33865984	MITF;MLANA;PMEL;TYR;TYRP1
213026	33865984	IL1B
213028	33865984	KRT13;VIM
213029	33865984	S100A10
213030	33865984	FN1;KRT13;VIM
213031	33865984	KERA
213032	33865984	ALDH3A1;ANXA1;VIM
213034	33865984	KRT13
213035	33865984	KDR;KERA;KRT13;KRT19;LUM;TAGLN;TGFBI
213036	33865984	KRT13;KRT19
213037	33865984	KRT13
213039	33865984	MITF
213040	33865984	ABCB5
213087	34376637	THY1
213090	34376637	THY1
213093	34376637	THY1
213329	34439995	TNC
213330	34439995	TNC;VIM
213331	34439995	PTGDS;VSIG4
213332	34439995	CD14;IGKC;TIMP1
213333	34439995	APOE
213340	34439995	TIMP1
213342	34439995	CST4;LYZ
213343	34439995	CST4;IGKC;LTF;LYZ;MMP2;MMP9
213344	34439995	LYZ
213346	34439995	MPO
213348	34439995	CD4
213349	34439995	CALD1;VIM
213350	34439995	VWF
213385	34439995	APOE
213386	34439995	APOE
213426	34439995	APOE
213427	34439995	APOE
213457	34439995	MMP2
213469	34439995	MMP2
213476	34439995	CST4;LYZ
213477	34439995	CST4;LTF;LYZ
213489	34439995	LYZ
213494	34439995	CST4;LYZ
213495	34439995	CST4;LTF;LYZ
213507	34439995	LYZ
213535	34439995	SERPINA1
213593	34439995	SERPINA1
213775	34554178	CD14;CD163
213776	34554178	CD163
213785	34554178	CD14
213786	34554178	CD163
213787	34554178	CD163
213791	34554178	APOE;CD163
213843	34554179	CDH2
213854	34580409	ACTA2
213856	34580409	AIF1;KRT19
213857	34580409	LTF
213858	34580409	AIF1
213860	34580409	AIF1
213876	34580409	ACTA2
213877	34580409	AIF1
213886	34580409	ACTA2
213887	34580409	AIF1
213919	34603044	MGP
213955	34603044	CAMP
214053	34603044	CAMP
214084	34603044	CAMP
214104	34638643	HLA-DQA1
214106	34638643	HLA-DQA1
214109	34638643	HLA-DQA1
214110	34638643	IGF1;IL1RN
214116	34638643	IGF1
214117	34638643	IGF1
214135	34638643	HLA-DQA1
214137	34638643	MAF
214146	34638643	HLA-DQA1
214148	34638643	MAF
214160	34638643	MAF
214178	34638643	MAF
214199	34638643	HLA-DQA1
214224	34638643	HLA-DQA1
214250	34638643	HLA-DQA1
214276	34638643	HLA-DQA1
214301	34638643	HLA-DQA1
214326	34638643	HLA-DQA1
214373	34638643	MAF
214378	34638643	MAF
214401	34653711	ABCB5;ALDH3A1
214403	34653711	ABCB5
214404	34653711	ABCB5
214405	34653711	ABCB5
214407	34653711	ABCB5;ALDH3A1
214415	34663817	PDGFRB
214423	34663817	ACTA2;CDH2
214424	34663817	CDH5;KDR;LYVE1;PLVAP
214425	34663817	CDH5;FLT1;LYVE1;PLVAP
214426	34663817	CDH2
214427	34663817	PDGFRB;RGS5
214428	34663817	DCN;FBN1;FLT1;KDR
214432	34663817	CDH5
214435	34663817	LYVE1;POSTN
214439	34663817	CDH5
214450	34663817	CDH5;PLVAP
214457	34663817	KDR
214458	34663817	FLT1
214462	34663817	DCN
214471	34663817	FBN1
214476	34663817	KDR
214477	34663817	FLT1
214481	34663817	DCN
214490	34663817	FBN1
214544	34677208	VWF
214564	34677208	MGP
214580	34677208	ABCB5
214581	34677208	ALDH3A1
214583	34677208	MGP
214584	34677208	MAF;SOX2
214586	34677208	THY1
214588	34677208	ABCB5
214589	34677208	ALDH3A1
214591	34677208	MGP
214592	34677208	MAF;SOX2
214594	34677208	THY1
214621	34677208	SOX2
214622	34677208	MGP;SOX2
214623	34677208	SOX2
214624	34677208	SOX2
214631	34677208	SOX2
214632	34677208	MGP;SOX2
214633	34677208	SOX2
214634	34677208	SOX2
214648	34685586	CDH2
214650	34685586	CDH2
214652	34685586	CDH2
214654	34685586	ACTA2
214686	34683978	MUC7
214905	34717744	MITF
214910	34717744	DES
214948	34769418	ACTA2;MMP9
214949	34769418	MMP9
214952	34769418	MMP2;MMP9
214953	34769418	ACTA2;MMP9
214954	34769418	MMP9
214956	34769418	MMP2;MMP9
214957	34769418	MMP9
214958	34769418	MMP9
214959	34769418	ACTA2;MMP9
214960	34769418	MMP9
214961	34769418	MMP9
214962	34769418	MMP9
215004	34769520	SCGB3A1
215012	34769520	CD2;IGHG1;IGKC
215013	34769520	FCGR3A;MRC1;SCGB2A1;SCGB3A1
215015	34769520	MKI67
215019	34769520	IGF1
215020	34769520	SOX2
215026	34769520	MUC7
215027	34769520	COL1A1;COL1A2;COL3A1;FN1;MMP2;POSTN
215031	34769520	SCGB3A1
215032	34769520	IGF1;SOX2
215034	34769520	MUC7
215035	34769520	MMP9
215073	34769520	IGHG1
215077	34769520	IGKC
215079	34769520	CD2
215081	34769520	IGF1
215092	34769520	UCHL1
215093	34769520	POSTN
215106	34769520	IGHG1
215110	34769520	IGKC
215112	34769520	CD2
215114	34769520	IGF1
215125	34769520	UCHL1
215126	34769520	POSTN
215138	34769520	MUC7
215141	34769520	MRC1
215146	34769520	SCGB3A1
215149	34769520	MRC1
215150	34769520	FCGR3A
215159	34769520	S100B
215171	34769520	MUC7
215174	34769520	MRC1
215179	34769520	SCGB3A1
215182	34769520	MRC1
215183	34769520	FCGR3A
215192	34769520	S100B
215227	34769520	MKI67
215253	34769520	FCGR1A
215255	34769520	MKI67
215273	34769520	IL1RN
215289	34769520	MKI67
215315	34769520	FCGR1A
215317	34769520	MKI67
215335	34769520	IL1RN
215352	34769520	KRT4
215353	34769520	KRT13
215356	34769520	S100A8
215357	34769520	S100A9
215360	34769520	KRT13
215363	34769520	S100A8
215364	34769520	S100A9
215407	34769520	KERA
215408	34769520	LUM
215411	34769520	COL1A1
215412	34769520	COL1A2
215413	34769520	COL3A1
215418	34769520	KERA
215425	34769520	TAGLN
215426	34769520	ACTA2
215429	34769520	POSTN
215435	34769520	LYVE1
215437	34769520	CCL3
215439	34769520	CCL5
215441	34769520	MLANA;PMEL
215442	34769520	PMEL
215443	34769520	MITF
215444	34769520	TYRP1
215445	34769520	TYR
215456	34769520	KRT4
215457	34769520	KRT13
215460	34769520	S100A8
215461	34769520	S100A9
215464	34769520	KRT13
215467	34769520	S100A8
215468	34769520	S100A9
215511	34769520	KERA
215512	34769520	LUM
215515	34769520	COL1A1
215516	34769520	COL1A2
215517	34769520	COL3A1
215522	34769520	KERA
215529	34769520	TAGLN
215530	34769520	ACTA2
215533	34769520	POSTN
215539	34769520	LYVE1
215541	34769520	CCL3
215543	34769520	CCL5
215545	34769520	MLANA;PMEL
215546	34769520	PMEL
215547	34769520	MITF
215548	34769520	TYRP1
215549	34769520	TYR
215559	34769520	IL1B
215561	34769520	VCAN
215567	34769520	IL1B
215569	34769520	VCAN
215572	34820575	MMP2
215573	34820575	VIM
215574	34820575	MMP2
215579	34820575	MMP2
215581	34820575	MMP2
215582	34820575	MMP2
215588	34820575	MMP2
215589	34820575	MMP2
215590	34820575	MMP2
215591	34820575	MMP2
215592	34820575	MMP2
215593	34820575	MMP2
215594	34820575	MMP2
215599	34820575	MMP2
215600	34820575	MMP2
215611	34820575	MMP2
215622	34820575	MMP2
215690	34823561	HIF1A
215695	34823561	IL1B
215729	34827649	KRT19
215732	34827649	MAF;MITF;SOX2
215733	34827649	ALDH3A1
215741	34827649	MKI67
215742	34827649	KRT19
215743	34827649	KRT19
215744	34827649	MKI67
215747	34827649	KRT4
215748	34827649	KRT19
215767	34827649	KRT19
215781	34827649	KRT19
215792	34827649	ALDH3A1
215801	34827649	KRT19
215814	34827649	ALDH3A1
215823	34827649	KRT19
215833	34710431	ACTA2;MGP
215881	34854886	XBP1
215892	34854886	XBP1
215921	34899333	CAMP
216066	35053014	S100B
216068	35053014	S100B
216069	35053014	S100B
216071	35053014	S100B
216072	35053014	S100B
216074	35053014	S100B
216077	35053014	S100B
216081	35053014	S100B
216082	35053014	S100B
216083	35053014	S100B
216084	35053014	S100B
216085	35053014	S100B
216086	35053014	S100B
216087	35053014	S100B
216088	35053014	S100B
216089	35053014	S100B
216090	35053014	S100B
216091	35053014	S100B
216092	35053014	S100B
216093	35053014	S100B
216094	35053014	S100B
216096	35053014	S100B
216097	35053014	S100B
216105	35053014	S100B
216127	35053014	S100B
216149	35053014	S100B
216171	35053014	S100B
216397	34973110	FLT3
216406	34973110	FLT3
216422	34973110	FLT3
216436	34973110	FLT3
216551	35138344	HMOX1
216560	35138344	HMOX1
216637	35185615	TRPM1
216648	35185447	SLC40A1
216672	35185447	SLC40A1
216677	35185447	SLC40A1
216682	35185447	SLC40A1
216693	35185447	SLC40A1
216766	34984584	CHAT
216772	34984584	CHAT
216775	34984584	CHAT
216874	35251324	CD4
217067	35409291	THY1
217068	35409291	THY1
217070	35409291	THY1
217124	35409291	THY1
217125	35409291	THY1
217127	35409291	THY1
217135	35334220	ABCB5
217138	35334220	ABCB5
217154	35493740	CD4
217332	35514349	AQP5
217333	35514349	AQP5
217336	35514349	AQP5
217338	35514349	AQP5
217339	35514349	AQP5
217340	35514349	AQP5
217341	35514349	AQP5
217342	35514349	AQP5
217343	35514349	AQP5
217345	35514349	AQP5
217346	35514349	AQP5
217347	35514349	AQP5
217349	35514349	AQP5
217414	35293697	FN1
217417	35293697	MMP9
217419	35293697	COL1A1;COL1A2;POSTN
217420	35293697	COL1A1;POSTN
217421	35293697	COL1A1;POSTN
217422	35293697	COL1A1;FN1;MMP9;POSTN
217423	35293697	POSTN
217427	35293697	POSTN
217429	35293697	POSTN
217430	35293697	POSTN
217444	35293697	POSTN
217445	35293697	POSTN
217448	35293697	POSTN
217537	35628593	SOX2
217538	35628593	SOX2
217545	35628593	SOX2
217546	35628593	SOX2
217547	35628593	SOX2
217548	35628593	SOX2
217549	35628593	SOX2
217551	35628593	SOX2
217552	35628593	SOX2
217593	35652098	HIF1A
217614	35652098	TCF4
217618	35652098	HIF1A
217627	35652098	PMEL
217638	35652098	TCF4
217642	35652098	HIF1A
217651	35652098	PMEL
217672	35651608	TNC
217701	35653121	MMP2
217703	35653121	MMP2
217788	35722307	CAMP
217807	35722307	CAMP
217810	35722307	CAMP
217859	35740955	CD4
217890	35739142	ADAMTS17
218050	35706382	MKI67
218051	35706382	TOP2A
218053	35706382	CENPF;S100A9;TOP2A
218054	35706382	S100A9
218083	35718942	CTSS
218106	35718942	CTSS
218139	35718942	CTSS
218161	35816045	AQP5
218162	35816045	AQP5
218163	35816045	AQP5
218164	35816045	AQP5
218165	35816045	AQP5
218166	35816045	AQP5
218170	35816045	AQP5
218172	35816045	AQP5
218173	35816045	AQP5
218177	35816045	AQP5
218178	35816045	AQP5
218179	35816045	AQP5
218180	35816045	AQP5
218181	35816045	AQP5
218182	35816045	AQP5
218183	35816045	AQP5
218184	35816045	AQP5
218185	35816045	AQP5
218186	35816045	AQP5
218187	35816045	AQP5
218188	35816045	AQP5
218189	35816045	AQP5
218190	35816045	AQP5
218215	34180057	COL1A1
218256	35858321	BIRC5;CA3;KRT4;LAMA3;MKI67;TOP2A
218259	35858321	KRT13;KRT4;LAMA3;LCN2
218262	35858321	MITF;TYR
218263	35858321	DCN;MGP
218264	35858321	FN1;LYVE1
218265	35858321	CD163;CD69;CHRM3;DES;KERA;LYVE1;NOTCH3;PDGFRB;SHISA6
218266	35858321	CHRM3;DCN;DES;MITF;MLANA;MYH11;RELN;TYR
218267	35858321	CACNA1E;CD163;DCN;DCT;DES;MLANA;MYH11;PECAM1;RELN;SCN7A;SLC24A5
218268	35858321	ATP8B4;TOP2A;UCHL1
218271	35858321	FN1;PECAM1;POSTN
218272	35858321	LAMA2;NOTCH3;PDGFRB
218273	35858321	DCN;PRRX1
218275	35858321	F13A1;LYVE1;STAB1
218280	35858321	ADAMTS17;DCN;FBN1;SLC4A11;TGFBI
218284	35858321	CACNA1E
218332	36077535	LYVE1
218333	36077535	LYVE1
218528	36291646	SLC1A3
218543	36291646	SLC1A3
218557	36286058	TYR
218588	36303157	MPO
218592	36303157	MPO
218595	36303157	MPO
218621	36099048	IL1B
218623	36099048	IL1B
218630	36099048	SOX2
218631	36099048	CAMP;IGF1;THY1
218689	36361659	CAMP
218795	36441751	ACTA2;FN1;VIM
218796	36441751	FN1
218803	36441751	FN1;VIM
218804	36441751	FN1;VIM
218807	36441751	IGF1
218819	36536086	COL1A1;COL3A1;FBN1;ITGA1;LAMA2;TIMP1
218824	36536086	COL1A1;COL3A1;FBN1;ITGA1;LAMA2;TIMP1
218857	36520455	LYVE1
218871	36520455	MMP2
218957	36426733	CX3CR1;IRF8
218958	36426733	GPNMB;IGF1;SPP1
218962	36426733	GPNMB;TYRP1
218963	36426733	APOE
218964	36426733	GPNMB;TREM2
218965	36426733	CX3CR1
218966	36426733	CX3CR1
218968	36426733	TREM2
219002	36577373	SPP1
219004	36577373	SPP1
219005	36577373	SPP1
219006	36577373	SPP1
219007	36577373	SPP1
219008	36577373	SPP1
219009	36577373	SPP1
219010	36577373	SPP1
219011	36577373	SPP1
219012	36577373	SPP1
219013	36577373	SPP1
219014	36577373	SPP1
219015	36577373	SPP1
219016	36577373	SPP1
219017	36577373	SPP1
219018	36577373	SPP1
219019	36577373	SPP1
219020	36577373	SPP1
219021	36577373	SPP1
219022	36577373	SPP1
219025	36577373	SPP1
219026	36577373	SPP1
219027	36577373	THY1
219028	36577373	SPP1
219037	36577373	SPP1
219040	36577373	SPP1
219044	36577373	SPP1
219045	36577373	SPP1
219055	36577373	CHAT
219066	36577373	SPP1
219067	36577373	SPP1
219072	36577373	SPP1
219079	36577373	SPP1
219104	36577373	SPP1
219107	36577373	SPP1
219112	36577373	SPP1
219113	36577373	SPP1
219140	36577373	CHAT
219151	36577373	SPP1
219152	36577373	SPP1
219157	36577373	SPP1
219164	36577373	SPP1
219189	36577373	SPP1
219192	36577373	SPP1
219197	36577373	SPP1
219198	36577373	SPP1
219225	36577373	CHAT
219236	36577373	SPP1
219237	36577373	SPP1
219242	36577373	SPP1
219249	36577373	SPP1
219274	36577373	SPP1
219277	36577373	SPP1
219282	36577373	SPP1
219283	36577373	SPP1
219310	36577373	CHAT
219321	36577373	SPP1
219322	36577373	SPP1
219327	36577373	SPP1
219334	36577373	SPP1
219359	36577373	SPP1
219362	36577373	SPP1
219367	36577373	SPP1
219368	36577373	SPP1
219484	36674680	CD14
219701	36745611	MITF;PMEL
219705	36745611	PMEL;TYR
219709	36745611	MITF;PMEL
219735	36769067	GRIN3A
219736	36769067	GRIN3A
219935	36837806	CD4
220144	PPR_PPR1210032	APOE;MKI67;TOP2A
220149	PPR_PPR1277251	SLC40A1
220153	PPR_PPR985357	FN1
220161	PPR_PPR884138	DCN;MAF
220162	PPR_PPR863459	CD3G
220165	PPR_PPR900856	HLA-DRA
220170	PPR_PPR827596	CD4
220190	PPR_PPR170838	VIM
220191	PPR_PPR251581	CD4
220197	PPR_PPR104937	SLC4A11
220201	PPR_PPR1299522	RELN
220207	PPR_PPR1218045	FN1
220211	PPR_PPR1217637	HMOX1
220214	PPR_PPR1224548	THY1
220231	PPR_PPR1240890	P2RY12;TMEM119
220244	PPR_PPR979461	C5AR1
220254	PPR_PPR1061856	MFRP
220271	PPR_PPR1260656	COL1A1
220274	PPR_PPR997332	TOP2A
220278	PPR_PPR920062	MCC
220282	PPR_PPR793268	CD9
220300	PPR_PPR1218776	CD74
220312	PPR_PPR1320105	PRSS56
220314	PPR_PPR1256236	SOX2
220321	PPR_PPR824948	CD74
220324	PPR_PPR913137	CX3CR1
220331	PPR_PPR1231790	CHRM3
220342	PPR_PPR844795	MITF
220351	PPR_PPR476288	MITF
220356	PPR_PPR381579	TYR
220360	PPR_PPR166257	SOX2
220366	PPR_PPR818701	PECAM1
220380	37917183	ACTA2;CCL5;CLDN5;VWF
220382	37917183	PLVAP
220383	37917183	PLVAP
220384	37917183	AIF1;CCL3;CCL5;CD14;CD163;CD1C;CD79A;CLEC10A;FCER1A;FLT3;IGKC;KLRD1;KLRF1;LST1;LYZ;P2RY12;SPP1;TMEM119
220385	37917183	CD4
220386	37917183	ACTA2;COL1A1;COL1A2;CTHRC1;FN1;LUM;MYH11;PDGFRB;RGS5
220388	37917183	ACTA2;COL1A1;COL1A2;CTHRC1;LUM;VCAN
220389	37917183	ACTA2;COL1A1;COL1A2;CTHRC1;LUM
220392	37917183	PLVAP
220393	37917183	P2RY12;SPP1;TMEM119
220414	39220810	AIF1;CD2;CD3D;CD3E;CD4;CD79A;CXCR2;HLA-DRA;LYZ;MS4A1;S100A8;S100A9
220420	39220810	AIF1;CD2;CD3D;CD3E;CD4;CD79A;CXCR2;HLA-DRA;LYZ;MS4A1;S100A8;S100A9
220430	39220810	AIF1;CD2;CD3D;CD3E;CD79A;CXCR2;HLA-DRA;LYZ;MS4A1;S100A8;S100A9
220431	39220810	CD4
220432	39220810	CX3CR1;FTL;OLFML3;P2RY12;SALL1;TMEM119;TREM2
220433	39220810	CD4
220434	39220810	CD4
220435	39220810	CD4
220456	40069725	MKI67;SPP1
220459	40069725	MKI67;SPP1
220460	40069725	MKI67
220464	40069725	MKI67;SPP1
220475	40069725	ACTA2;CD1C;CD2;CENPF;CLDN5;COL1A1;CX3CR1;FCER1A;FCN1;GPNMB;LIPA;LYZ;MKI67;MRC1;PDGFRB;RGS5;SELENOP;TRBC2;VWF
220476	40069725	SPP1
220477	40069725	SPP1
220478	40069725	SPP1
220479	40069725	HIF1A;MKI67;SPP1
220480	40069725	HIF1A;MKI67
220481	40069725	MKI67;SPP1
220482	40069725	MKI67;SPP1
220497	40562775	CDH5;CLDN5;PECAM1
220499	40562775	CDH5
220508	40562775	CDH5
220541	42601615	VWF
220543	42601615	COL1A2
220550	42601615	THY1
220553	42601615	VWF
220557	42601615	ITGA1
220560	42601615	S100B
220563	42601615	SOX2
220566	42601615	COL1A2
220569	35061025	GPNMB
220571	41060151	KDR
220573	41060151	KDR
220586	41060151	KDR
220588	41060151	CA3;CDH2;DCN;KERA;LUM;SLC4A11
220590	41060151	LAMA3;MKI67;TOP2A
220592	41060151	IGFBP7;KDR;KERA
220593	41060151	CA3
220594	41060151	DCN;LUM;TCF4;TGFBI
220595	41060151	KDR
220596	41060151	DCN
220612	42115719	SLC4A11
220614	42115719	SLC4A11;TCF4
220615	42115719	SLC4A11
220616	42115719	SLC4A11
220617	42115719	SLC4A11
220618	42115719	SLC4A11
220619	42115719	SLC4A11;TCF4
220620	42115719	SLC4A11;TCF4
220621	42115719	SLC4A11
220622	42115719	LYZ;SLC4A11
220623	42115719	SLC4A11
220624	42115719	SLC4A11;TCF4
220625	42115719	SLC4A11
220626	42115719	SLC4A11
220627	42115719	SLC4A11
220628	42115719	SLC4A11
220629	42115719	SLC4A11
220630	42115719	SLC4A11
220631	42115719	SLC4A11;TCF4
220632	42115719	SLC4A11
220633	42115719	KERA;LYZ;SLC4A11
220637	42115719	SLC4A11
220640	42115719	SLC4A11
220641	42115719	SLC4A11
220642	42115719	SLC4A11
220643	42115719	KERA;LYZ;SLC4A11;TCF4
220644	42115719	SLC4A11
220645	42115719	SLC4A11
220646	42115719	SLC4A11
220648	42115719	SLC4A11
220650	42115719	SLC4A11
220655	37025170	DLL4;PECAM1
220662	37025170	CAMP;CHRM2;KDR;LEPR
220663	37025170	CD14;CD36;IL7R
220664	37025170	CADM1;DLL4;VCAM1;VWF
220666	37025170	CD36;IGFBP7
220667	37025170	APOE;CD9;CLDN5;KDR;MGP;PLVAP;SCN7A
220668	37025170	CD36;CLDN5;KDR;PLVAP
220670	37025170	LCN2
220671	37025170	CLEC1A;LCN2;PLVAP;VCAM1;VWF
220677	37025170	FLT1;MGP;PLVAP;VCAM1;VWF
220679	37025170	LYVE1
220680	37025170	DLL4;KDR;STMN1;VWF
220682	37025170	CD36
220683	37025170	CD36;KDR;MGP;VCAM1;VWF
220687	37025170	CD36;CTSD;CTSS;TCF4
220690	37025170	CDH5;COL1A1;COL3A1;PLVAP
220696	37025170	CDH5;CLDN5;FLT1;KDR;PECAM1;VWF
220697	37025170	DLL4
220698	37025170	PLVAP
220701	37025170	CD14;CD36;IL7R;PLVAP;VWF
220702	37025170	DLL4
220703	37025170	VCAM1;VWF
220704	37025170	CLDN5
220706	37025170	CD36;IGF1;IGFBP7
220707	37025170	MGP
220708	37025170	ICAM1;LCN2
220710	37025170	CLEC1A
220714	37025170	MGP
220715	37025170	MGP;VWF
220716	37025170	FLT1;PLVAP
220720	37025170	DLL4;IGFBP7;MGP;TM4SF1
220721	37025170	LYVE1
220724	37025170	DLL4
220725	37025170	MGP;VWF
220726	37025170	CD36;KDR
220728	37025170	CDH5;CLDN5;FLT1;KDR;PECAM1;VWF
220729	37025170	DLL4
220730	37025170	PLVAP
220733	37025170	CD14;CD36;IL7R;PLVAP;VWF
220734	37025170	DLL4
220735	37025170	VCAM1;VWF
220736	37025170	CLDN5
220738	37025170	CD36;IGF1;IGFBP7
220739	37025170	MGP
220740	37025170	ICAM1;LCN2
220742	37025170	CLEC1A
220746	37025170	MGP
220747	37025170	MGP;VWF
220748	37025170	FLT1;PLVAP
220752	37025170	DLL4;IGFBP7;MGP;TM4SF1
220753	37025170	LYVE1
220756	37025170	DLL4
220757	37025170	MGP;VWF
220758	37025170	CD36;KDR
220765	37137886	SOX2
220773	37137886	SOX2
220777	37137886	FAM171B
220842	37591874	FDCSP;PRR27
220845	37591874	FDCSP
220846	37591874	FDCSP
220849	37591874	FDCSP
220850	37591874	FDCSP
220856	37591874	FDCSP
220889	37894748	CAMP
220920	37894748	IL1B
220921	37894748	GABRR1;LEPR
220922	37894748	IL1B
220923	37894748	PIK3R5
220926	37894748	ACTA2;RAMP2
220931	37894748	IL1B
220932	37894748	GABRR1;LEPR
220933	37894748	IL1B
220934	37894748	PIK3R5
220937	37894748	ACTA2;RAMP2
220964	38045700	CD14
220971	38045700	SIGLEC11
220988	38045700	CD14;CD36
221000	38067097	FGFBP2
221013	38067097	UCHL1
221018	38067097	FLT1;HLA-DQB1;IGFBP7;MMP9;ROBO1;SERPINA1;TRPM1;TYR
221019	38067097	FLT1;TRPM1
221021	38067097	FLT1
221022	38067097	ROBO1;TRPM1
221024	38067097	FGFBP2
221025	38067097	APOE
221026	38067097	UCHL1
221028	38067097	FGFBP2
221030	38067097	TRPM1
221031	38067097	APOE
221073	38067097	MMP9
221089	38067097	ROBO1
221094	38067097	SERPINA1
221106	38067097	FLT1
221108	38067097	HLA-DQB1
221109	38067097	TRPM1
221111	38067097	IGFBP7
221112	38067097	TYR
221122	38067097	MMP9
221138	38067097	ROBO1
221143	38067097	SERPINA1
221155	38067097	FLT1
221157	38067097	HLA-DQB1
221158	38067097	TRPM1
221160	38067097	IGFBP7
221161	38067097	TYR
221178	38067097	FLT1
221180	38067097	MMP9
221190	38067097	TRPM1
221206	38067097	FLT1
221208	38067097	MMP9
221218	38067097	TRPM1
221227	38067097	FLT1
221230	38067097	TRPM1
221238	38067097	FLT1
221241	38067097	TRPM1
221250	38067097	FLT1
221259	38067097	FLT1
221271	38067097	ROBO1
221273	38067097	TRPM1
221274	38067097	TRPM1
221285	38067097	ROBO1
221287	38067097	TRPM1
221288	38067097	TRPM1
221301	38067097	FGFBP2
221316	38067097	FGFBP2
221331	38067097	APOE
221346	38067097	APOE
221379	37328058	CDH5
221380	37328058	SESTD1
221394	39317184	SLC4A3
221398	39317184	SLC4A3
221399	39317184	SLC4A3
221400	39317184	SLC4A3
221402	39317184	SLC4A3
221403	39317184	SLC4A3
221404	39317184	SLC4A3
221412	39317184	GJA10
221424	39317184	GJA10
221425	39317184	SLC4A3
221426	39317184	GJA10;SLC4A3
221427	39317184	SLC4A3
221437	39317184	GJA10
221495	39317184	SLC4A3
221497	39317184	GJA10
221593	39317184	SLC4A3
221595	39317184	GJA10
221642	39806101	HIGD1B
221643	39806101	HIGD1B
221646	39806101	ACTA2;COL1A1;DCN;PDGFRB;TAGLN
221647	39806101	HIGD1B
221648	39806101	ACTA2;CNN1;HIGD1B;PDGFRB;RGS4;TAGLN
221649	39806101	ACTA2;HIGD1B;MYH11;PDGFRB;TAGLN
221650	39806101	HIGD1B;PDGFRB
221651	39806101	HIGD1B
221652	39806101	HIGD1B;PDGFRB
221653	39806101	HIGD1B
221654	39806101	HIGD1B
221655	39806101	HIGD1B
221656	39806101	HIGD1B;PDGFRB
221657	39806101	HIGD1B;PDGFRB;VIM
221658	39806101	HIGD1B;PDGFRB;VIM
221659	39806101	VIM
221660	39806101	HIGD1B;LEPR;MYH11;PDGFRB
221661	39806101	HIGD1B;PDGFRB
221662	39806101	HIGD1B;PDGFRB
221663	39806101	ACTA2;HIGD1B;MYH11;PDGFRB;VIM
221664	39806101	HIGD1B
221666	39806101	HIGD1B;PDGFRB
221667	39806101	HIGD1B;PDGFRB
221668	39806101	HIGD1B;PDGFRB
221670	39806101	HIGD1B;PDGFRB
221674	39806101	HIGD1B
221675	39806101	HIGD1B
221680	39806101	VIM
221681	39806101	VIM
221684	39806101	HIGD1B;PDGFRB
221685	39806101	MYH11
221686	39806101	HIGD1B
221687	39806101	HIGD1B
221701	40001930	MNDA
221705	40001930	MNDA
221715	40001930	MNDA
221716	40001930	MNDA
221717	40001930	MNDA
221718	40001930	MNDA
221719	40001930	MNDA
221720	40001930	MNDA
221721	40001930	MNDA
221722	40001930	MNDA
221724	40001930	MNDA
221725	40001930	MNDA
221726	40001930	MNDA
221727	40001930	MNDA
221728	40001930	MNDA
221733	40001930	MNDA
221734	40001930	MNDA
221739	40001930	MNDA
221740	40001930	MNDA
221746	40001930	MNDA
221747	40001930	MNDA
221754	40001930	MNDA
221755	40001930	MNDA
221760	40210893	SERPINA1
221761	40210893	SERPINA1
221762	40210893	SERPINA1
221768	40210893	APOE
221769	40210893	APOE
221771	40210893	APOE;SERPINA1
221772	40210893	SERPINA1
221773	40210893	APOE
221778	40210893	APOE;VIP
221779	40210893	SERPINA1
221787	40444179	CD36
221796	40444179	SLC35F3
221804	40444179	NNMT
221819	40444179	MCC
221838	40444179	CD36
221843	40444179	CD36
221848	40444179	CD36
221850	40444179	CD36
221853	40444179	CD36
221859	40444179	CD36
221909	40595645	NAT16
221910	40595645	NAT16
221911	40595645	NAT16
221912	40595645	NAT16
221913	40595645	NAT16
221914	40595645	NAT16
221915	40595645	NAT16
221916	40595645	NAT16
221917	40595645	NAT16
221922	40595645	NAT16
221923	40595645	NAT16
221926	40595645	NAT16
221928	40595645	NAT16
221929	40595645	NAT16
221930	40595645	NAT16
221931	40595645	NAT16
221932	40595645	NAT16
221933	40595645	NAT16
221934	40595645	NAT16
221935	40595645	NAT16
221936	40595645	NAT16
221937	40595645	NAT16
221938	40595645	NAT16
221939	40595645	NAT16
221942	40595645	NAT16
221960	40595645	NAT16
221999	40595645	NAT16
222042	40604065	IL1B
222044	40604065	HMOX1
222045	40604065	LGMN
222050	40604065	FN1;IL1B;VCAM1
222051	40604065	LGMN
222052	40604065	IL1B
222053	40604065	IL1B
222056	40604065	IL1B
222060	40604065	C1S;GPNMB;IL1B;SPP1
222065	40604065	IL1B
222077	40867565	MKI67;STMN1
222078	40867565	IGF1
222081	40867565	APOE
222082	40867565	CD4
222085	40867565	B3GAT2
222086	40867565	CD4
222088	40867565	TRPM1
222089	40867565	ABCB5;COL1A1
222091	40867565	ICAM1
222102	40867565	CD4
222108	40867565	CD14
222113	40867565	ABCB5
222116	40867565	COL1A1
222125	40867565	CD4
222131	40867565	CD14
222136	40867565	ABCB5
222139	40867565	COL1A1
222140	41097990	ADARB2
222152	41097990	LEPR
222156	41097990	ADARB2
222157	41097990	ADARB2
222159	41097990	ADARB2
222163	41097990	ADARB2
222164	41097990	ADARB2
222165	41097990	ADARB2
222166	41097990	ADARB2
222167	41097990	ADARB2
222169	41097990	ADARB2
222174	41146943	KDR;PDGFRB;VWF
222177	41146943	KDR;PDGFRB;VWF
222187	41146943	DOCK2
222190	41146943	GLCE
222191	41146943	GLCE
222194	41146943	GLCE;KDR;PDGFRB;VWF
222195	41146943	DOCK2;KDR;PDGFRB;VWF
222196	41146943	KDR;PDGFRB;VWF
222197	41146943	KDR;PDGFRB;VWF
222198	41146943	KDR;PDGFRB;VWF
222208	41162502	DOCK2
222212	41162502	MCC
222213	41162502	DOCK2
222222	41162502	MCC
222223	41162502	DOCK2
222225	41162502	CDH5;CTSD;HIF1A;HMOX1;ICAM1;IL1B;KDR;MMP2;MMP9;PRKCA;VCAM1;XBP1
222260	41162502	ICAM1;IL1B;MMP9;PRKCA;VCAM1;XBP1
222261	41162502	HIF1A;HMOX1;MMP2;MMP9;PRKCA
222262	41162502	ICAM1;IL1B;MMP2;PRKCA;VCAM1
222263	41162502	IL1B;MMP9
222264	41162502	HIF1A;ICAM1
222265	41162502	IL1B
222266	41162502	CDH5;HMOX1;ICAM1;IL1B;KDR;MMP2;MMP9;VCAM1
222267	41162502	ICAM1;IL1B;MMP9;VCAM1
222268	41162502	KDR;PRKCA
222269	41162502	MMP9;PRKCA
222270	41162502	CTSD
222271	41162502	IL1B;PRKCA
222272	41162502	ICAM1;IL1B;PRKCA
222274	41162502	MMP9
222275	41162502	ICAM1
222276	41162502	HIF1A;HMOX1;PRKCA
222279	41162502	HIF1A;HMOX1
222281	41162502	ICAM1;IL1B;MMP9;PRKCA;VCAM1;XBP1
222282	41162502	HIF1A;HMOX1;MMP2;MMP9;PRKCA
222283	41162502	ICAM1;IL1B;MMP2;PRKCA;VCAM1
222284	41162502	IL1B;MMP9
222285	41162502	HIF1A;ICAM1
222286	41162502	IL1B
222287	41162502	CDH5;HMOX1;ICAM1;IL1B;KDR;MMP2;MMP9;VCAM1
222288	41162502	ICAM1;IL1B;MMP9;VCAM1
222289	41162502	KDR;PRKCA
222290	41162502	MMP9;PRKCA
222291	41162502	CTSD
222292	41162502	IL1B;PRKCA
222293	41162502	ICAM1;IL1B;PRKCA
222295	41162502	MMP9
222296	41162502	ICAM1
222297	41162502	HIF1A;HMOX1;PRKCA
222300	41162502	HIF1A;HMOX1
222301	41409301	DERL3
222304	41409301	DERL3
222322	41409301	ALDH3A1;DERL3
222326	41409301	DERL3
222327	41409301	DERL3
222328	41409301	DERL3
222329	41409301	DERL3
222330	41409301	DERL3
222331	41409301	DERL3
222332	41409301	DERL3;HIF1A
222334	41409301	CCL3;CCL4;DERL3
222336	41409301	DERL3
222337	41409301	DERL3
222353	41409301	DERL3
222362	41409301	DERL3
222377	41409301	DERL3
222381	41409301	ALDH3A1
222405	41409301	DERL3
222409	41409301	ALDH3A1
222563	40937643	CHRM3;FN1;ITGA1;MYL9;PDGFRB
222564	40937643	CAMK2A;FN1;PRKCA
222565	40937643	FN1;LAMA3
222567	40937643	COL1A1;FN1;ITGA1;LAMA3;RELN
222568	40937643	CAMK2A;FN1;HMOX1;IL1B;IL7R;ITGA1;LAMA3;MITF;PDGFRB;PRKCA
222571	40937643	FTH1;FTL;HMOX1
222574	40937643	IL7R
222575	40937643	IL1B
222576	40937643	IL1B;PRKCA;RASGRF1
222578	40937643	CAMK2A;CHRM3;PDE1A;PDGFRB;PRKCA
222580	40937643	FBN1
222581	40937643	MYL9
222583	40937643	CHRM3;FN1;ITGA1;MYL9;PDGFRB
222584	40937643	CAMK2A;FN1;PRKCA
222585	40937643	FN1;LAMA3
222587	40937643	COL1A1;FN1;ITGA1;LAMA3;RELN
222588	40937643	CAMK2A;FN1;HMOX1;IL1B;IL7R;ITGA1;LAMA3;MITF;PDGFRB;PRKCA
222591	40937643	FTH1;FTL;HMOX1
222594	40937643	IL7R
222595	40937643	IL1B
222596	40937643	IL1B;PRKCA;RASGRF1
222598	40937643	CAMK2A;CHRM3;PDE1A;PDGFRB;PRKCA
222600	40937643	FBN1
222601	40937643	MYL9
222604	41440117	CAMP
222606	41440117	HMOX1
222610	41440117	CAMKV;CAMP
222611	41440117	CAMP
222613	41440117	MMP9
222615	41440117	MFRP
222622	41440117	TYR
222637	41440117	MMP9
222641	41440117	CAMP
222655	41440117	CAMK2A
222657	41440117	CAMK2A
222658	41440117	CAMKV
222667	41440117	HMOX1
222668	41440117	CX3CR1
222697	41440117	MMP9
222701	41440117	CAMP
222715	41440117	CAMK2A
222717	41440117	CAMK2A
222718	41440117	CAMKV
222727	41440117	HMOX1
222728	41440117	CX3CR1
222789	41440117	CAMP
222790	41440117	CAMP
222791	41440117	CAMKV
222803	41440117	CAMP
222804	41440117	CAMP
222805	41440117	CAMKV
222826	41326763	DPT
222827	41326763	DPT
222829	41326763	DGKB;DPT
222830	41326763	COL3A1
222831	41326763	DPT
222841	41326763	CD5L
222842	41326763	HLA-DPB1
222918	41326763	DPT
222924	41326763	DPT
222943	41326763	DPT
222946	41326763	DGKB
222948	41326763	COL3A1
222962	41326763	DPT
222965	41326763	DGKB
222967	41326763	COL3A1
222978	41516124	SOX2
222983	41516124	SOX2
222992	41516124	SOX2;VIM
222994	41516124	VIM
222996	41516124	VIM
223001	41516124	LNX1;PAX5
223057	41516124	VIM
223096	41516124	VIM
223110	41533905	ADAMTS17;COL1A2;OLFML3
223114	41533905	ADAMTS17;COL1A2;OLFML3
223229	41596760	RASGRF1
223251	41596760	TMEM196
223254	41596760	SOX2
223270	41596760	ITGAX;TMEM119
223277	41596760	RASGRF1
223278	41596760	TMEM132D
223282	41596760	TMEM215
223283	41596760	TMEM196;TMEM215
223305	41596760	TMEM132C
223306	41596760	TMEM132D
223331	41596760	TMEM196
223343	41596760	TMEM215
223398	41596760	TMEM132C
223399	41596760	TMEM132D
223424	41596760	TMEM196
223436	41596760	TMEM215
223546	41596760	TMEM196
223547	41596760	TMEM196
223568	41596760	TMEM196
223569	41596760	TMEM196
223592	41596760	SPP1
223611	41596760	SPP1
223625	41596760	TMEM196
223661	41596760	TMEM196
223742	41596760	SPP1
223765	41596760	SOX2
223770	41596760	ITGAX
223773	41596760	RASGRF1
223833	41596760	SPP1
223856	41596760	SOX2
223861	41596760	ITGAX
223864	41596760	RASGRF1
224141	41657945	HEXB
224144	41657945	CA10
224146	41657945	VCAN
224148	41657945	HS3ST4
224149	41657945	HS3ST4
224219	41670256	TMEM132C
224223	41670256	MAF
224231	41670256	TMEM132C
224236	41670256	TMEM132C
224300	41670256	TMEM132C
224306	41670256	TMEM132C
224312	41670256	TMEM132C
224318	41670256	TMEM132C
224341	41418782	TFAP2C
224342	41418782	TFAP2C
224343	41418782	IGSF21
224344	41418782	IGSF21
224348	41418782	IGSF21
224396	41953651	CX3CR1
224397	41953651	TREM2
224401	41953651	CX3CR1
224405	41953651	CAMP
224417	41953651	GPR34
224420	41953651	CX3CR1
224449	42059276	CD4
224452	42059276	CD4
224456	42059276	CCL5
224475	42059276	CD4
224477	42059276	FCER1A;IGKC;JCHAIN;PTGDS;S100A8;S100A9
224487	42059276	CD4
224515	42059276	CCL5;CD3D
224516	42059276	KLRD1;KLRF1;NKG7
224517	42059276	CD14;FCN1;VCAN
224518	42059276	FCGR3A
224519	42059276	CD79A;MS4A1
224520	42059276	CD1C;FCER1A
224522	42059276	CLEC4C;GZMB;IL3RA
224527	42059276	CCL5;CD3D
224528	42059276	KLRD1;KLRF1;NKG7
224529	42059276	CD14;FCN1;VCAN
224530	42059276	FCGR3A
224531	42059276	CD79A;MS4A1
224532	42059276	CD1C;FCER1A
224534	42059276	CLEC4C;GZMB;IL3RA
224542	41987275	MPO
224543	41987275	MPO
224544	41987275	CD14
224545	41987275	CCL3;CXCR2
224546	41987275	MPO
224548	41987275	MPO
224550	41987275	MPO
224554	41987275	CXCR2;SPP1
224556	41987275	MPO
224561	41987275	CD4;MPO
224562	41987275	CD4
224563	41987275	MPO;S100A8
224566	41987275	CXCR2
224569	41987275	MPO
224570	41987275	CD4;CTSS
224572	41987275	MPO
224573	41987275	MPO
224576	41987275	CXCR2
224577	41987275	CXCR2
224598	41987275	CXCR2;SKAP1
224600	41987275	CXCR2;SPP1
224606	41987275	CXCR2;SKAP1
224608	41987275	CXCR2;SPP1
224621	41987275	MPO
224630	41987275	CXCR2
224631	41987275	CXCR2
224633	41987275	CXCR2
224653	41987275	MPO
224662	41987275	CXCR2
224663	41987275	CXCR2
224665	41987275	CXCR2
224679	41987275	CXCR2
224692	41987275	CXCR2
224708	42100732	CNTN5
224709	42100732	CNTN5
224710	42100732	CNTN5
224711	42100732	CNTN5
224714	42100732	CA3
224730	42100732	CNTN5;DLL4
224732	42100732	CNTN5
224745	42100732	CA3
224749	42100732	CA3
224751	42100732	CNTN5
224759	42100732	CA3
224763	42100732	CA3
224765	42100732	CNTN5
224833	42152388	PAX5;PLD4
224835	42152388	PLD4
224836	42152388	PLD4
224837	42152388	PAX5;PLD4
224839	42152388	PAX5;PLD4
224852	42021381	CD4
224853	42021381	CD4
224854	42021381	CD4
224855	42021381	CD4
224856	42021381	CD4
224860	42021381	CD4
224861	42021381	CD4
224868	42021381	CD4
224869	42021381	CD4
224870	42021381	CD4
224872	42021381	CD4
224874	42021381	CD4
224875	42021381	CD4
224877	42021381	CD4
224879	42021381	CD4
224882	42021381	CD4
224884	42021381	CD14;CD1C;CD3D;CD4;CD79A;CLEC10A;CLEC4C;FCGR3A;GZMB;KLRF1;LILRA4;LYZ;MZB1
224885	42021381	CD14;CD4
224886	42021381	CD3D;CD4;GZMB;MKI67
224887	42021381	CD4
224888	42021381	CD4
224889	42021381	CD4;S100A8;S100A9
224890	42021381	CD4
224891	42021381	CD4
224892	42021381	CD4
224893	42021381	CD4
224894	42021381	CD4
224895	42021381	CD4
224896	42021381	CD4
224928	42346024	CAMP
224932	42346024	APOE
224935	42346024	APOE
224965	42346024	VIP
224981	42346024	VIP
225000	42346024	MPZ
225016	42346024	VIP
225023	42346024	MPZ
225039	42346024	VIP
225051	42346024	GPR34
225055	42346024	MPZ
225074	42346024	GPR34
225078	42346024	MPZ
225092	42095275	NOTCH3
225095	42095275	MMP2;MMP9
225096	42095275	MMP2
225098	42095275	MMP2
225104	42095275	MMP2;MMP9
225109	42095275	MMP2;PDGFRB
225110	42095275	MMP9
225111	42095275	MMP2;MMP9;PDGFRB
225112	42095275	MMP2;MMP9
225113	42095275	MMP2;MMP9
225114	42095275	MMP2
225115	42095275	MMP2;MMP9
225116	42095275	MMP2;MMP9
225117	42095275	MMP9
225121	42095275	MMP2;MMP9
225315	42095275	CTHRC1
225336	42095275	FBN1
225355	42095275	FN1
225384	42095275	IGFBP7
225388	42095275	LAMA2
225393	42095275	LAMA3
225449	42095275	MGP
225517	42095275	SPP1
225535	42095275	TNC
225541	42095275	TNR
225554	42095275	VWF
225565	42095275	ANXA1
225583	42095275	C1QC
225629	42095275	PLXDC1
225773	42095275	CTSD
225784	42095275	CTSS
225789	42095275	ELANE
225798	42095275	MMP2
225811	42095275	MMP9
225876	42095275	SERPINA1
225891	42095275	SERPINF1
225981	42095275	CCL3
225983	42095275	CCL4
225986	42095275	CCL5
226041	42095275	FGF13
226074	42095275	IGF1
226128	42095275	PCSK6
226153	42095275	S100A8
226154	42095275	S100A9
226155	42095275	S100A10
226397	42095275	CTHRC1
226418	42095275	FBN1
226437	42095275	FN1
226466	42095275	IGFBP7
226470	42095275	LAMA2
226475	42095275	LAMA3
226531	42095275	MGP
226599	42095275	SPP1
226617	42095275	TNC
226623	42095275	TNR
226636	42095275	VWF
226647	42095275	ANXA1
226665	42095275	C1QC
226711	42095275	PLXDC1
226855	42095275	CTSD
226866	42095275	CTSS
226871	42095275	ELANE
226880	42095275	MMP2
226893	42095275	MMP9
226958	42095275	SERPINA1
226973	42095275	SERPINF1
227063	42095275	CCL3
227065	42095275	CCL4
227068	42095275	CCL5
227123	42095275	FGF13
227156	42095275	IGF1
227210	42095275	PCSK6
227235	42095275	S100A8
227236	42095275	S100A9
227237	42095275	S100A10
227292	42444979	APOE
227302	42444979	APOE
227308	42444979	APOE
227312	42444979	CD4
227317	42444979	APOE
227319	42444979	APOE
227326	42444979	CD4
227329	42444979	APOE
227330	42444979	CD9
227335	42444979	APOE
227337	42444979	APOE
227346	42444979	APOE
227349	42444979	APOE
227351	42444979	TRAC
227361	42444979	APOE
227386	42444979	CD4
227401	42444979	TRAC
227415	42444979	CDH5
227434	42444979	CD4
227449	42444979	TRAC
227463	42444979	CDH5
227474	42444979	CD4
227475	42444979	CD4;TRAC
227507	42444979	CD4
227508	42444979	CD4;TRAC
227541	42444979	TRAC
227542	42444979	TRAC
227544	42444979	TRAC
227546	42444979	TRAC
227547	42444979	TRAC
227548	42444979	TRAC
227549	42444979	TRAC
227551	42444979	TRAC
227555	42444979	TRAC
227562	42444979	TRAC
227565	42444979	TRAC
227566	42444979	TRAC
227575	42444979	TRAC
227577	42444979	TRAC
227578	42444979	TRAC
227583	42444979	TRAC
227584	42444979	TRAC
227585	42444979	TRAC
227586	42444979	SLAMF7
227589	42444979	TRAC
227591	42444979	TRAC
227592	42444979	TRAC
227593	42444979	TRAC
227594	42444979	TRBC2
227597	42444979	TRAC
227598	42444979	TRAC
227599	42444979	TRAC
227600	42444979	TRAC
227671	42444979	TRAC
227672	42444979	TRAC
227678	42444979	TRAC
227684	42444979	CXCR2;TRAC
227714	42444979	TRAC
227722	42444979	TRAC
227723	42444979	TRAC
227724	42444979	TRAC
227758	42444979	LAMA2
227760	42444979	SERPINA1
227761	42444979	SERPINA1
227768	42444979	TRAC
227769	42444979	TRAC
227771	42444979	TRAC
227773	42444979	TRAC
227774	42444979	TRAC
227775	42444979	TRAC
227776	42444979	TRAC
227778	42444979	TRAC
227782	42444979	TRAC
227789	42444979	TRAC
227792	42444979	TRAC
227793	42444979	TRAC
227802	42444979	TRAC
227804	42444979	TRAC
227805	42444979	TRAC
227810	42444979	TRAC
227811	42444979	TRAC
227812	42444979	TRAC
227813	42444979	SLAMF7
227816	42444979	TRAC
227818	42444979	TRAC
227819	42444979	TRAC
227820	42444979	TRAC
227821	42444979	TRBC2
227824	42444979	TRAC
227825	42444979	TRAC
227826	42444979	TRAC
227827	42444979	TRAC
227898	42444979	TRAC
227899	42444979	TRAC
227905	42444979	TRAC
227911	42444979	CXCR2;TRAC
227941	42444979	TRAC
227949	42444979	TRAC
227950	42444979	TRAC
227951	42444979	TRAC
227985	42444979	LAMA2
227987	42444979	SERPINA1
227988	42444979	SERPINA1
227996	42406957	S100B
228001	42406957	GFRA2
228003	42406957	ROBO1
228004	42406957	GFRA2
228008	42406957	GFRA2
228011	42406957	GFRA2
228022	42511033	DCT
228023	42511033	SLC24A5;TYR
228028	42511033	MAF
228029	42511033	MAF
228036	42511033	TYR
228037	42511033	GREB1L
228038	42511033	GREB1L
228040	42511033	GREB1L
228090	42511033	GREB1L
228101	42511033	GREB1L
228180	42511033	MAF
228218	42511033	MAF
228222	42569310	LIPA
228225	42569310	LIPA
228235	42569310	MAF
228243	42569310	CMYA5;LIPA;PIK3R5
228244	42569310	LIPA
228245	42569310	LIPA
228246	42569310	LIPA
228247	42569310	CMYA5;LIPA;PIK3R5
228253	42569310	PIK3R5
228256	42569310	LIPA
228257	42569310	CMYA5
228275	42569310	LIPA
228285	42569310	PIK3R5
228289	42569310	CMYA5
228295	42569310	LIPA
228305	42569310	PIK3R5
228309	42569310	CMYA5
228316	42563687	CD4
228328	42563687	CD4
228329	42563687	NCR3
228333	42563687	ICAM1
228345	42563687	CD4
228349	42563687	CD4
228354	42563687	AIF1
228355	42563687	MZB1
228357	42563687	CD4;HIF1A
228358	42563687	CD4
228362	42563687	AIF1
228364	42563687	CD4;HIF1A
228378	42563687	C5AR1
228380	42563687	LCN2
228386	42563687	C5AR1
228388	42563687	LCN2
228407	42563687	MPO
228409	42563687	S100A8;S100A9
228427	42563687	MPO
228429	42563687	S100A8;S100A9
228521	42365006	ITGAX
228522	42365006	CD3D;IL7R;NKG7
228528	42365006	MITF;PMEL;SERPINF1
228529	42365006	SCN7A
228530	42365006	ACTA2;CLDN5;RGS5;VWF
228533	42365006	ITGAX
228534	42365006	CD3D;IL7R;NKG7
228540	42365006	MITF;PMEL;SERPINF1
228541	42365006	SCN7A
228542	42365006	ACTA2;CLDN5;RGS5;VWF
228548	42365006	COX4I2
228553	42365006	COX4I2
228557	42365006	MGP
228568	42365006	APOE
228578	42365006	MGP
228634	42365006	RAPGEF5
228658	42365006	RAPGEF5
228691	42365006	APOE
228719	42365006	DCN
228735	42365006	DCN;PDGFRB
228738	42365006	KHDRBS3
228740	42365006	TGFBI
228742	42365006	IGF1
228753	42365006	RAMP2
228761	42365006	SPP1
228771	42365006	MGP
228782	42365006	APOE
228792	42365006	MGP
228848	42365006	RAPGEF5
228872	42365006	RAPGEF5
228905	42365006	APOE
228933	42365006	DCN
228949	42365006	DCN;PDGFRB
228952	42365006	KHDRBS3
228954	42365006	TGFBI
228956	42365006	IGF1
228967	42365006	RAMP2
228975	42365006	SPP1
228982	42589173	S100A8;S100A9
228983	42589173	S100A8;S100A9
228984	42589173	S100A9
228985	42589173	S100A8;S100A9
228986	42589173	S100A8;S100A9;TREM2
228987	42589173	S100A8;S100A9
228988	42589173	S100A8;S100A9
228989	42589173	S100A8;S100A9
228990	42589173	S100A8;S100A9
228991	42589173	S100A9
228992	42589173	S100A8;S100A9
228993	42589173	S100A8;S100A9
228994	42589173	S100A12;S100A8;S100A9
228995	42589173	S100A8;S100A9
228997	42589173	S100A9
228998	42589173	S100A9
228999	42589173	S100A8;S100A9
229000	42589173	S100A9
229001	42589173	S100A8;S100A9
229004	42589173	S100A9
229006	42589173	S100A8;S100A9
229007	42589173	S100A8;S100A9
229009	42589173	S100A9
229010	42589173	S100A9
229011	42589173	S100A8;S100A9
229013	42589173	S100A9
229015	42589173	S100A8;S100A9
229016	42589173	S100A8;S100A9
229018	42589173	S100A9
229019	42589173	S100A9
229020	42589173	S100A8;S100A9
229022	42589173	S100A9
229025	42589173	S100A9
229026	42589173	S100A9
229027	42589173	S100A9
229028	42589173	S100A9
229031	42589173	S100A9
229032	42589173	S100A9
229033	42589173	S100A9
229034	42589173	S100A9
229040	42191868	LACRT;LTF;S100A8;S100A9
229042	42191868	PRR27
229043	42191868	PRR27
229068	42630359	TREM2
229070	42630359	TREM2
229071	42630359	ALDH3A1
229074	42630359	ALDH3A1;CTSD;SPP1
229075	42630359	APOE;C5AR1;CD5L;CD74;HEXB;MS4A7;P2RY12;TMEM119
229076	42630359	APOE;CCL4;THY1;TREM2
229077	42630359	APOE;TREM2
229078	42630359	TREM2
229079	42630359	TMEM119;TREM2
229081	42630359	TREM2
229082	42630359	APOE;TREM2
229083	42630359	TREM2
229085	42630359	TREM2
229086	42630359	TREM2
229087	42630359	TREM2
229088	42630359	TREM2
229090	42630359	TREM2
229091	42630359	TREM2
229092	42630359	APOE;TREM2
229094	42630359	TREM2
229117	42630359	TREM2
229119	42630359	TREM2
229128	42653219	CHRM3;DCC;GRM7;GRM8
229180	42653219	SOX2
229233	42653219	SOX2
229266	42653219	ADGRL2;CADM1;NRXN1;TENM3
229269	42653219	SKAP1
229272	42653219	TENM3
229275	42653219	ADGRL2;CADM1;NRXN1;TENM3
229278	42653219	SKAP1
229281	42653219	TENM3
229284	42653219	DCC;FRMPD4;PCDH11X;SDK1;TMEM132D
229285	42653219	ADARB2;CHRM3;GRM7;GRM8;KCNMB2
229286	42653219	LAMA2;SNTG1
229289	42653219	BANK1
229293	42653219	DCC;FRMPD4;PCDH11X;SDK1;TMEM132D
229294	42653219	ADARB2;CHRM3;GRM7;GRM8;KCNMB2
229295	42653219	LAMA2;SNTG1
229298	42653219	BANK1
229306	42653219	SOX2
229317	42653219	SOX2
229352	42653217	BEGAIN;GRIK2
229530	42653217	GRIK2
229531	42653217	BEGAIN
229583	42653217	GRIK2
229584	42653217	BEGAIN
229596	42363437	PCDH11X
229597	42363437	PCDH11X
229601	42363437	CA3
229608	42363437	PCDH11X
229613	42363437	PCDH11X
229614	42363437	PCDH11X
229616	42363437	PCDH11X
229617	32290826	HIF1A
229620	32290826	HIF1A
229621	32290826	HIF1A
229636	32290826	HIF1A
229638	32290826	HIF1A
229651	32290826	COL3A1;LUM;TNC
229652	32290826	CCL3
229653	32290826	ITGA11;POSTN;TNC
229654	32290826	CCL3
229655	32290826	HIF1A
229656	32290826	COL3A1;MMP9
229657	32290826	COL1A1;COL1A2;COL3A1;LUM
229658	32290826	CCL3;HIF1A
229659	32290826	HIF1A
229660	32290826	MMP9;OLR1
229661	32290826	COL3A1;ITGA1;ITGA11
229662	32290826	COL3A1;ITGA11;TNC
229663	32290826	COL3A1;ITGA11
229664	32290826	CCL3
229665	32290826	COL3A1
229666	32290826	CCL3
229668	32290826	CD3G
229669	32290826	CD36;CD3G;FCGR1A
229670	32290826	LUM;MMP9
229674	32290826	GRIK1
229677	32290826	SLC24A5
229678	32290826	CACNG7;SLC24A5
229679	32290826	GRIK1
229683	32290826	GRIK1
229685	32290826	DCT;TYR;TYRP1
229689	32290826	GABRR1
229694	32290826	COL3A1;LUM;TNC
229695	32290826	CCL3
229696	32290826	ITGA11;POSTN;TNC
229697	32290826	CCL3
229698	32290826	HIF1A
229699	32290826	COL3A1;MMP9
229700	32290826	COL1A1;COL1A2;COL3A1;LUM
229701	32290826	CCL3;HIF1A
229702	32290826	HIF1A
229703	32290826	MMP9;OLR1
229704	32290826	COL3A1;ITGA1;ITGA11
229705	32290826	COL3A1;ITGA11;TNC
229706	32290826	COL3A1;ITGA11
229707	32290826	CCL3
229708	32290826	COL3A1
229709	32290826	CCL3
229711	32290826	CD3G
229712	32290826	CD36;CD3G;FCGR1A
229713	32290826	LUM;MMP9
229717	32290826	GRIK1
229720	32290826	SLC24A5
229721	32290826	CACNG7;SLC24A5
229722	32290826	GRIK1
229726	32290826	GRIK1
229728	32290826	DCT;TYR;TYRP1
229732	32290826	GABRR1
229735	34249897	GAPDHS
229739	34249897	GAPDHS
229740	34249897	GAPDHS
229741	34249897	GAPDHS
229744	34249897	GAPDHS
229745	34249897	GAPDHS
229747	34249897	GAPDHS
229748	34249897	GAPDHS;MITF;SOX2
229749	34249897	GAPDHS
229750	34249897	GAPDHS
229751	34249897	GAPDHS
229752	34249897	GAPDHS
229753	34249897	GAPDHS
229754	34249897	GAPDHS
229755	34249897	GAPDHS
229756	34249897	GAPDHS;MITF
229757	34249897	GAPDHS
229770	34249897	GAPDHS
229783	34249897	GAPDHS
229811	35721135	DOCK10;FLT1;TNR
229814	35721135	CCL4;MMP9
229840	35721135	GPNMB
229844	35721135	COL1A2
229854	35721135	GPNMB
229856	35721135	GPNMB
229869	35721135	GPNMB
229873	35721135	COL1A2
229883	35721135	GPNMB
229885	35721135	GPNMB
229976	36230967	AK5;ASAH1
229978	36230967	CAMP
229979	36230967	AK5;CAMP
230192	36266625	GABRA2;GABRA3;GABRA5
230193	36266625	CCL3;CX3CR1;FLT1;GABRA2;GABRA3;GABRA5;GABRG1;GABRR1;GABRR2;KDR;MAF;PRKCA
230197	36266625	CD4
230199	36266625	CX3CR1
230205	36266625	CAMP
230206	36266625	GABRA2
230208	36266625	FLT1;GABRA2;KDR
230210	36266625	MAF
230219	36266625	FLT1
230222	36266625	GABRA2
230227	36266625	KDR
230240	36266625	PRKCA
230260	36266625	CCL3
230261	36266625	CX3CR1
230274	36266625	GABRA3
230276	36266625	GABRA5
230280	36266625	GABRG1
230283	36266625	GABRR1
230284	36266625	GABRR2
230290	36266625	MAF
230291	36266625	MAF
230292	36266625	MAF
230320	36266625	FLT1
230323	36266625	GABRA2
230328	36266625	KDR
230341	36266625	PRKCA
230361	36266625	CCL3
230362	36266625	CX3CR1
230375	36266625	GABRA3
230377	36266625	GABRA5
230381	36266625	GABRG1
230384	36266625	GABRR1
230385	36266625	GABRR2
230391	36266625	MAF
230392	36266625	MAF
230393	36266625	MAF
230424	42508771	NRXN1;ROBO1
