archive	dataset	seat	model	cluster_id	truth	identity	identity_norm	kind	level	grade	gate_identity_evidence	gate_resolution	gate_technical	flag	why	missing
RUN2	PILOT-2seat	A	qwen3.8-max@LLM_CHANNEL-LLM_CHANNEL RUN2	Q1::0		Rod	Rod	NAMED	majority	B	pass	pass	na	none	RBP3/IMPG1/RP1强命中视杆；MT基因高为光感受器特征	0
RUN2	PILOT-2seat	B2	unrecorded	Q1::0		Rod	Rod	NAMED	majority	B	pass	pass	na	none	IMPG1/RBP3/GNGT1 rod，mtRNA重(尸源应激)	0
RUN2	PILOT-2seat	A	qwen3.8-max@LLM_CHANNEL-LLM_CHANNEL RUN2	Q1::1	Rod	undetermined	UNDET	UNDET	coarse	C	fail	unresolved	na	technical_suspect	XIST提示性别偏倚，余为核糖体/lncRNA，无细胞类型证据	0
RUN2	PILOT-2seat	B2	unrecorded	Q1::1	Rod	undetermined	UNDET	UNDET	coarse	C	fail	pass	na	technical_suspect	假基因/核糖体基因驱动，无谱系程序	0
RUN2	PILOT-2seat	A	qwen3.8-max@LLM_CHANNEL-LLM_CHANNEL RUN2	Q1::3		undetermined	UNDET	UNDET	coarse	C	fail	unresolved	na	none	无kb命中，top基因多为非特异或lncRNA，无法定身份	0
RUN2	PILOT-2seat	B2	unrecorded	Q1::3		Rod	Rod	NAMED	majority	B	pass	pass	na	none	RP1/GNGT1/GNB1/RTBDN rod程序，top25无RHO	0
RUN2	PILOT-2seat	A	qwen3.8-max@LLM_CHANNEL-LLM_CHANNEL RUN2	Q1::4	Rod	Rod	Rod	NAMED	majority	B	pass	pass	na	none	IMPG1/RBP3强命中视杆marker，与Q1::0一致	0
RUN2	PILOT-2seat	B2	unrecorded	Q1::4	Rod	Rod	Rod	NAMED	majority	B	pass	pass	na	none	IMPG1/RBP3/GNGT1 rod，mtRNA主导	0
RUN2	PILOT-2seat	A	qwen3.8-max@LLM_CHANNEL-LLM_CHANNEL RUN2	Q1::5		MG	MG	NAMED	majority	B	pass	pass	na	none	VIM/GLUL/RLBP1/FABP7/APOE强命中Müller胶质细胞，文献支持	0
RUN2	PILOT-2seat	B2	unrecorded	Q1::5		MG	MG	NAMED	majority	B	pass	pass	na	none	RLBP1/GLUL/MIR9-1HG/CRABP1 Müller	0
RUN2	PILOT-2seat	A	qwen3.8-max@LLM_CHANNEL-LLM_CHANNEL RUN2	Q2::0		MG	MG	NAMED	majority	B	pass	pass	na	none	GLUL/VIM/APOE/CLU/HES1等Müller胶质细胞marker强命中，文献支持	0
RUN2	PILOT-2seat	B2	unrecorded	Q2::0		coarse:glia	COARSE	COARSE	coarse	C	unresolved	pass	na	none	FRZB/GLUL/PTGDS胶质+IEG应激，MG/Astro未拆	0
RUN2	PILOT-2seat	A	qwen3.8-max@LLM_CHANNEL-LLM_CHANNEL RUN2	Q2::10		undetermined	UNDET	UNDET	coarse	C	fail	unresolved	na	none	TRPM1/ISL1提示ON-BC，但PCP2/CXCL14混合且无kb/lit支持	0
RUN2	PILOT-2seat	B2	unrecorded	Q2::10		BC	BC	NAMED	majority	B	pass	pass	na	none	TRPM1/ISL1/GNG13/CABP2 ON双极倾向	0
RUN2	PILOT-2seat	A	qwen3.8-max@LLM_CHANNEL-LLM_CHANNEL RUN2	Q2::2		MG	MG	NAMED	majority	B	pass	pass	na	none	RLBP1/GLUL/VIM/CLU等Müller胶质细胞marker强命中，文献支持	0
RUN2	PILOT-2seat	B2	unrecorded	Q2::2		MG	MG	NAMED	majority	B	pass	pass	na	none	RLBP1/GLUL/MIR9-1HG/FABP7 Müller	0
RUN2	PILOT-2seat	A	qwen3.8-max@LLM_CHANNEL-LLM_CHANNEL RUN2	Q2::7		Rod	Rod	NAMED	majority	B	pass	pass	na	none	SAG/PDE6G/RHO等视杆核心marker强命中，文献支持	0
RUN2	PILOT-2seat	B2	unrecorded	Q2::7		Rod	Rod	NAMED	majority	B	pass	pass	na	none	SAG/RHO/PDE6G/NR2E3全rod集	0
RUN2	PILOT-2seat	A	qwen3.8-max@LLM_CHANNEL-LLM_CHANNEL RUN2	Q2::8		Rod	Rod	NAMED	majority	B	pass	pass	na	none	RHO/SAG/PDE6G等视杆核心marker强命中，文献支持	0
RUN2	PILOT-2seat	B2	unrecorded	Q2::8		Rod	Rod	NAMED	majority	B	pass	pass	na	none	RHO/SAG/GNAT1/NRL全rod级联	0
RUN2	PILOT-2seat	A	qwen3.8-max@LLM_CHANNEL-LLM_CHANNEL RUN2	Q3::0		Rod	Rod	NAMED	majority	B	pass	pass	na	none	NR2E3/RHO/CNGB1/RP1强命中Rod，文献支持，无冲突	0
RUN2	PILOT-2seat	B2	unrecorded	Q3::0		Rod	Rod	NAMED	majority	B	pass	pass	na	none	CNGB1/NR2E3/RP1/PPEF2 rod(低深度)	0
RUN2	PILOT-2seat	A	qwen3.8-max@LLM_CHANNEL-LLM_CHANNEL RUN2	Q3::13	RGC	undetermined	UNDET	UNDET	coarse	C	fail	fail	na	technical_suspect	RHO(Rod)与NEFL/SNCG(RGC)共存，谱系混合疑双细胞	0
RUN2	PILOT-2seat	B2	unrecorded	Q3::13	RGC	coarse:Rod+RGC混	COARSE	COARSE	coarse	C	unresolved	fail	na	technical_suspect	RHO与NEFL/PRPH/SNCG RGC程序共存	0
RUN2	PILOT-2seat	A	qwen3.8-max@LLM_CHANNEL-LLM_CHANNEL RUN2	Q3::15		Rod	Rod	NAMED	majority	B	pass	pass	na	none	NR2E3/RHO/CNGB1/PPEF2/RP1主导，ARR3低表达不推翻Rod	0
RUN2	PILOT-2seat	B2	unrecorded	Q3::15		coarse:photoreceptor混	COARSE	COARSE	coarse	C	unresolved	fail	na	technical_suspect	Rod CNGB1与锥PDE6H/ARR3共存	0
RUN2	PILOT-2seat	A	qwen3.8-max@LLM_CHANNEL-LLM_CHANNEL RUN2	Q3::4	BC	BC	BC	NAMED	majority	B	pass	pass	na	none	TRPM1/GRM6/PCP2/PRKCA强命中双极细胞，文献支持	0
RUN2	PILOT-2seat	B2	unrecorded	Q3::4	BC	BC	BC	NAMED	majority	B	pass	pass	na	none	GRM6/TRPM1/PRKCA/ISL1 ON双极	0
RUN2	PILOT-2seat	A	qwen3.8-max@LLM_CHANNEL-LLM_CHANNEL RUN2	Q3::7		MG	MG	NAMED	majority	B	pass	pass	na	none	VIM/RLBP1/GLUL/CLU/APOE强命中Müller胶质细胞，文献支持	0
RUN2	PILOT-2seat	B2	unrecorded	Q3::7		MG	MG	NAMED	majority	B	pass	pass	na	none	RLBP1/GLUL/METRN/FABP7 Müller	0
RUN2	PILOT-2seat	A	qwen3.8-max@LLM_CHANNEL-LLM_CHANNEL RUN2	Q4::0		AC	AC	NAMED	majority	B	pass	pass	na	none	GAD1/GAD2/PAX6/TFAP2A/B为无长突细胞标记，HC候选可排除	0
RUN2	PILOT-2seat	B2	unrecorded	Q4::0		coarse:AC/HC	COARSE	COARSE	coarse	C	unresolved	unresolved	na	none	GAD1/2/SYNPR/TFAP2 GABA能，AC/HC难分	0
RUN2	PILOT-2seat	A	qwen3.8-max@LLM_CHANNEL-LLM_CHANNEL RUN2	Q4::16		RGC	RGC	NAMED	majority	B	pass	pass	na	none	NEFL/SNCG/NEFH等强RGC标记，文献支持，无谱系冲突	0
RUN2	PILOT-2seat	B2	unrecorded	Q4::16		RGC	RGC	NAMED	majority	B	pass	pass	na	none	NEFL/NEFH/PRPH/SNCG/NDRG4/MEG3 RGC	0
RUN2	PILOT-2seat	A	qwen3.8-max@LLM_CHANNEL-LLM_CHANNEL RUN2	Q4::24	BC	BC	BC	NAMED	majority	B	pass	pass	na	none	GNG13/TRPM1/GNB3/VSX1/CABP2为双极细胞经典标记组合	0
RUN2	PILOT-2seat	B2	unrecorded	Q4::24	BC	coarse:BC+Cone混	COARSE	COARSE	coarse	C	unresolved	fail	na	technical_suspect	GNB3锥与VSX1/TRPM1双极共存	0
RUN2	PILOT-2seat	A	qwen3.8-max@LLM_CHANNEL-LLM_CHANNEL RUN2	Q4::30		coarse:glial	COARSE	COARSE	coarse	C	unresolved	pass	na	candidate_biology	MG与Astro标记共存且含FOS/JUN应激基因，分辨率不足给粗标签	0
RUN2	PILOT-2seat	B2	unrecorded	Q4::30		MG	MG	NAMED	majority	C	pass	pass	na	none	RLBP1/GLUL/FRZB Müller+FOS/JUN应激	0
RUN2	PILOT-2seat	A	qwen3.8-max@LLM_CHANNEL-LLM_CHANNEL RUN2	Q4::36		MG	MG	NAMED	majority	B	pass	pass	na	none	GLUL/VIM/APOE/DKK3/HES1强命中Müller胶质细胞，文献支持	0
RUN2	PILOT-2seat	B2	unrecorded	Q4::36		coarse:glia	COARSE	COARSE	coarse	C	unresolved	pass	na	none	FRZB/GLUL/PTGDS胶质程序，MG/Astro未拆	0
RUN2	PILOT-2seat	A	qwen3.8-max@LLM_CHANNEL-LLM_CHANNEL RUN2	Q5b::1		Rod	Rod	NAMED	majority	B	pass	pass	na	none	RHO/ABCA4/NRL等视杆核心marker强命中，文献支持	0
RUN2	PILOT-2seat	B2	unrecorded	Q5b::1		Rod	Rod	NAMED	majority	B	pass	pass	na	none	RHO/NRL/ABCA4/RDH12 rod程序	0
RUN2	PILOT-2seat	A	qwen3.8-max@LLM_CHANNEL-LLM_CHANNEL RUN2	Q5b::26		Cone	Cone	NAMED	majority	B	pass	pass	na	none	ARR3/CNGB3/GRK7/PDE6H视锥核心marker强命中，文献支持	0
RUN2	PILOT-2seat	B2	unrecorded	Q5b::26		Cone	Cone	NAMED	majority	B	pass	pass	na	none	ARR3/CNGB3/GRK7/PDE6H/GUCA1C锥特异	0
RUN2	PILOT-2seat	A	qwen3.8-max@LLM_CHANNEL-LLM_CHANNEL RUN2	Q5b::3	Rod	Rod	Rod	NAMED	majority	B	pass	pass	na	none	RHO/ABCA4/NRL等视杆核心marker强命中，文献支持	0
RUN2	PILOT-2seat	B2	unrecorded	Q5b::3	Rod	Rod	Rod	NAMED	majority	B	pass	pass	na	none	RHO/NRL/ABCA4/RDH12 rod	0
RUN2	PILOT-2seat	A	qwen3.8-max@LLM_CHANNEL-LLM_CHANNEL RUN2	Q5b::6		Rod	Rod	NAMED	majority	B	pass	pass	na	none	RHO/ABCA4/NRL等视杆核心marker强命中，文献支持	0
RUN2	PILOT-2seat	B2	unrecorded	Q5b::6		Rod	Rod	NAMED	majority	B	pass	pass	na	none	RHO/NRL/ABCA4/RPGRIP1 rod	0
RUN2	PILOT-2seat	A	qwen3.8-max@LLM_CHANNEL-LLM_CHANNEL RUN2	Q5b::7		Rod	Rod	NAMED	majority	B	pass	pass	na	none	RHO/ABCA4/NRL等视杆核心marker强命中，文献支持	0
RUN2	PILOT-2seat	B2	unrecorded	Q5b::7		Rod	Rod	NAMED	majority	B	pass	pass	na	none	RHO/NRL/ABCA4/RPGRIP1 rod	0
RUN2	PILOT-2seat	A	qwen3.8-max@LLM_CHANNEL-LLM_CHANNEL RUN2	Q6::13	Fibroblasts	coarse:Fibroblasts	COARSE	COARSE	coarse	C	unresolved	unresolved	na	none	VIM/APOD/THBS1提示间质，但缺乏角膜特异marker，kb无命中	0
RUN2	PILOT-2seat	B2	unrecorded	Q6::13	Fibroblasts	Fibroblasts	Fibroblasts	NAMED	majority	B	pass	pass	na	none	MGP/TIMP3/NNMT/PRELP/FBLN1角膜基质细胞	0
RUN2	PILOT-2seat	A	qwen3.8-max@LLM_CHANNEL-LLM_CHANNEL RUN2	Q6::15	Fibroblasts	Corneal Endothelium	Corneal Endothelium	NAMED	majority	B	pass	pass	na	none	ALDH3A1+KERA强命中角膜内皮特异marker，转录证据充分	0
RUN2	PILOT-2seat	B2	unrecorded	Q6::15	Fibroblasts	Fibroblasts	Fibroblasts	NAMED	majority	B	pass	pass	na	none	KERA/MME/NNMT/APOD角膜角质细胞	0
RUN2	PILOT-2seat	A	qwen3.8-max@LLM_CHANNEL-LLM_CHANNEL RUN2	Q6::23	Epithelium	Epithelium	Epithelium	NAMED	majority	B	pass	pass	na	none	KRT12/KRT3/DAPL1为角膜上皮核心marker，转录证据强	0
RUN2	PILOT-2seat	B2	unrecorded	Q6::23	Epithelium	Epithelium	Epithelium	NAMED	majority	B	pass	pass	na	none	KRT3/KRT12/CLDN4角膜上皮特异	0
RUN2	PILOT-2seat	A	qwen3.8-max@LLM_CHANNEL-LLM_CHANNEL RUN2	Q6::24	Pericytes	Smooth Muscle Cells	Smooth Muscle Cells	NAMED	majority	B	pass	pass	na	none	ACTA2/TAGLN/MYL9/TPM2/PRKG1为平滑肌核心收缩基因组合	0
RUN2	PILOT-2seat	B2	unrecorded	Q6::24	Pericytes	Smooth Muscle Cells	Smooth Muscle Cells	NAMED	majority	B	pass	pass	na	none	ACTA2/TAGLN/MYL9/PRKG1/PDE3A肌	0
RUN2	PILOT-2seat	A	qwen3.8-max@LLM_CHANNEL-LLM_CHANNEL RUN2	Q6::25	Melanocytes	Melanocytes	Melanocytes	NAMED	majority	B	pass	pass	na	none	TYRP1/PMEL/DCT/MLANA/MITF/TYR为黑色素细胞经典marker组合	0
RUN2	PILOT-2seat	B2	unrecorded	Q6::25	Melanocytes	Melanocytes	Melanocytes	NAMED	majority	B	pass	pass	na	out_of_baseline_coverage	TYR/TYRP1/DCT/PMEL/MITF黑素，占比超基线	0
RUN2	PILOT-2seat	A	qwen3.8-max@LLM_CHANNEL-LLM_CHANNEL RUN2	Q7::1	BC	coarse:BC	COARSE	COARSE	coarse	C	unresolved	unresolved	na	none	Grm5/Trpm1提示ON-BC，Cck/Reln提示AC亚型，缺lit难细分	0
RUN2	PILOT-2seat	B2	unrecorded	Q7::1	BC	coarse:BC/AC混	COARSE	COARSE	coarse	C	unresolved	unresolved	na	none	Trpm1/Reln/Cck跨BC HC AC程序混杂	0
RUN2	PILOT-2seat	A	qwen3.8-max@LLM_CHANNEL-LLM_CHANNEL RUN2	Q7::17		Rod	Rod	NAMED	majority	B	pass	pass	na	none	Rho/Pdc/Sag/Gnat1等视杆核心基因强命中，文献支持	0
RUN2	PILOT-2seat	B2	unrecorded	Q7::17		Rod	Rod	NAMED	majority	B	pass	pass	na	none	Rho/Sag/Gnat1/Pde6全rod级联	0
RUN2	PILOT-2seat	A	qwen3.8-max@LLM_CHANNEL-LLM_CHANNEL RUN2	Q7::20		Rod	Rod	NAMED	majority	C	pass	fail	na	technical_suspect	Rho/Sag等Rod基因强但混Calb2/Sncg非Rod标记疑污染	0
RUN2	PILOT-2seat	B2	unrecorded	Q7::20		Rod	Rod	NAMED	majority	B	pass	pass	na	none	Rho/Sag/Pde6a/Rp1 rod强，Calb2单签不足锥	0
RUN2	PILOT-2seat	A	qwen3.8-max@LLM_CHANNEL-LLM_CHANNEL RUN2	Q7::22		coarse:neuron	COARSE	COARSE	coarse	C	unresolved	fail	na	technical_suspect	Pcp2(BC)+Cabp5(BC)+Gabrr2(AC)跨谱系共存疑双细胞	0
RUN2	PILOT-2seat	B2	unrecorded	Q7::22		coarse:BC/AC混	COARSE	COARSE	coarse	C	unresolved	unresolved	na	none	Sox6/Gabrr2/Cntn5/Pcp2 BC AC混杂	0
RUN2	PILOT-2seat	A	qwen3.8-max@LLM_CHANNEL-LLM_CHANNEL RUN2	Q7::29		BC	BC	NAMED	majority	B	pass	pass	na	none	Prkca/Pcp2/Trpm1/Gng13/Rgs7为鼠双极细胞经典marker	0
RUN2	PILOT-2seat	B2	unrecorded	Q7::29		BC	BC	NAMED	majority	B	pass	pass	na	none	Trpm1/Prkca/Rgs7/Pcp2鼠双极	0
RUN2	PILOT-2seat	A	qwen3.8-max@LLM_CHANNEL-LLM_CHANNEL RUN2	Q8::10		coarse:dev-photoreceptor	COARSE	COARSE	coarse	B	pass	pass	na	candidate_biology	与Q8::2高度重叠，EYS/RP1/USH2A/NR2E3/RCVRN支持光感受器谱系	0
RUN2	PILOT-2seat	B2	unrecorded	Q8::10		coarse:dev-photoreceptor	COARSE	COARSE	coarse	B	pass	pass	na	none	EYS/RP1/NR2E3/RCVRN dev PR同上	0
RUN2	PILOT-2seat	A	qwen3.8-max@LLM_CHANNEL-LLM_CHANNEL RUN2	Q8::11		undetermined	UNDET	UNDET	coarse	C	fail	unresolved	na	none	VSX1提示BC但OTX2-AS1指向光感受器，无kb无文献，混合信号无法定论	0
RUN2	PILOT-2seat	B2	unrecorded	Q8::11		coarse:dev-HC	COARSE	COARSE	coarse	C	unresolved	pass	na	none	CA10/NETO1/VSX1偏HC，胎儿证据薄	0
RUN2	PILOT-2seat	A	qwen3.8-max@LLM_CHANNEL-LLM_CHANNEL RUN2	Q8::16		undetermined	UNDET	UNDET	coarse	C	fail	unresolved	na	none	无kb命中无文献，top基因非视网膜特异marker，证据不足	0
RUN2	PILOT-2seat	B2	unrecorded	Q8::16		undetermined	UNDET	UNDET	coarse	C	fail	pass	na	none	发育背景无特异marker证据，不硬注	0
RUN2	PILOT-2seat	A	qwen3.8-max@LLM_CHANNEL-LLM_CHANNEL RUN2	Q8::2		coarse:dev-photoreceptor	COARSE	COARSE	coarse	B	pass	pass	na	candidate_biology	EYS/RP1/USH2A/NR2E3/RCVRN/PDC为光感受器基因，胎儿材料给发育粗标签	0
RUN2	PILOT-2seat	B2	unrecorded	Q8::2		coarse:dev-photoreceptor	COARSE	COARSE	coarse	B	pass	pass	na	none	OTX2/NR2E3/RCVRN/EYS/USH2A dev PR	0
RUN2	PILOT-2seat	A	qwen3.8-max@LLM_CHANNEL-LLM_CHANNEL RUN2	Q8::4		coarse:dev-RGC	COARSE	COARSE	coarse	B	pass	pass	na	candidate_biology	RBPMS/POU6F2/GAP43/DCC/EBF1为RGC标记，文献支持，胎儿给发育标签	0
RUN2	PILOT-2seat	B2	unrecorded	Q8::4		RGC	RGC	NAMED	majority	B	pass	pass	na	none	RBPMS/POU6F2/EPHA6/EBF1 RGC强证据	0
RUN2	PILOT-2seat	A	qwen3.8-max@LLM_CHANNEL-LLM_CHANNEL RUN2	Q9::0		coarse:Immune-Stromal	COARSE	COARSE	coarse	C	unresolved	fail	na	technical_suspect	SPP1/S100A8/CHI3L1与FN1共存，巨噬-成纤维谱系冲突	0
RUN2	PILOT-2seat	B2	unrecorded	Q9::0		Mac_DAM_LAM	Mac_DAM_LAM	NAMED	fine-cap	B	pass	unresolved	na	none	MARCO/GPNMB/MMP9/SPP1泡沫，S100A8/9血	0
RUN2	PILOT-2seat	A	qwen3.8-max@LLM_CHANNEL-LLM_CHANNEL RUN2	Q9::10		coarse:Immune Cells	COARSE	COARSE	coarse	B	pass	pass	na	none	HLA-DR/CD14/CCL3强命中MHC-II+髓系，DAM与APC难细分取粗标	0
RUN2	PILOT-2seat	B2	unrecorded	Q9::10		APC_MHCII_high	APC_MHCII_high	NAMED	fine-cap	C	pass	unresolved	na	none	HLA-DR/DQ强+CD14/CCL3-4单核混叠	0
RUN2	PILOT-2seat	A	qwen3.8-max@LLM_CHANNEL-LLM_CHANNEL RUN2	Q9::2		coarse:Immune-Stromal	COARSE	COARSE	coarse	C	unresolved	fail	na	technical_suspect	CCL4/SPP1/S100A8与FN1/MT基因共存，免疫-间质双谱系混合	0
RUN2	PILOT-2seat	B2	unrecorded	Q9::2		coarse:myeloid	COARSE	COARSE	coarse	C	pass	unresolved	na	none	CCL4/5/S100A8/9/SPP1单核样，血未扣	0
RUN2	PILOT-2seat	A	qwen3.8-max@LLM_CHANNEL-LLM_CHANNEL RUN2	Q9::20		coarse:Immune Cells	COARSE	COARSE	coarse	B	pass	pass	na	candidate_biology	JCHAIN/IGKC/MZB1/TCL1A/LILRA4支持浆细胞样树突或浆细胞	0
RUN2	PILOT-2seat	B2	unrecorded	Q9::20		pDC	pDC	NAMED	majority	B	pass	pass	na	out_of_baseline_coverage	LILRA4/IRF7/JCHAIN/MZB1/IRF8 pDC n=51	0
RUN2	PILOT-2seat	A	qwen3.8-max@LLM_CHANNEL-LLM_CHANNEL RUN2	Q9::6		coarse:Immune Cells	COARSE	COARSE	coarse	B	pass	pass	na	none	CTSD/GPNMB/LGMN/APOE强支持DAM/LAM巨噬细胞表型	0
RUN2	PILOT-2seat	B2	unrecorded	Q9::6		Mac_DAM_LAM	Mac_DAM_LAM	NAMED	fine-cap	B	pass	pass	na	none	GPNMB/CTSD/HMOX1/SELENOP/FOLR2 DAM	0
RUN3	FULL290	A	qwen3.8-max	Q1::0		Rod	Rod	NAMED	majority	B	pass	pass	na	none	RBP3、IMPG1、RP1强命中视杆；MT基因高为代谢特征非冲突	0
RUN3	FULL290	B	glm-5.1	Q1::0		Rod	Rod	NAMED	majority	B	pass	pass	na	none	RBP3/GNGT1/RP1强命中，线粒体基因高	0
RUN3	FULL290	A	qwen3.8-max	Q1::1	Rod	undetermined	UNDET	UNDET	coarse	C	fail	unresolved	na	technical_suspect	XIST提示性别偏倚，余为核糖体/假基因，无身份marker	0
RUN3	FULL290	B	glm-5.1	Q1::1	Rod	undetermined	UNDET	UNDET	coarse	C	fail	unresolved	na	technical_suspect	核糖体/假基因主导，无明确视网膜身份marker	0
RUN3	FULL290	A	qwen3.8-max	Q1::10		Cone	Cone	NAMED	majority	B	pass	pass	na	none	OPN1LW/PDE6H/ARR3/CNGB3强命中Cone，文献支持	0
RUN3	FULL290	B	glm-5.1	Q1::10		Cone	Cone	NAMED	majority	B	pass	pass	na	none	OPN1LW/ARR3/GUCA1C强命中Cone	0
RUN3	FULL290	A	qwen3.8-max	Q1::11		MG	MG	NAMED	majority	B	pass	pass	na	none	GLUL/RLBP1/PTGDS/RGR强命中MG，文献支持	0
RUN3	FULL290	B	glm-5.1	Q1::11		MG	MG	NAMED	majority	B	pass	pass	na	none	GLUL/RLBP1/RGR强命中MG	0
RUN3	FULL290	A	qwen3.8-max	Q1::12		undetermined	UNDET	UNDET	coarse	C	unresolved	fail	na	candidate_biology	BC与HC marker共存(GRM6/TRPM1 vs PCP2/PCP4)，无法区分	0
RUN3	FULL290	B	glm-5.1	Q1::12		BC	BC	NAMED	majority	B	pass	pass	na	none	TRPM1/GRM6/PCP2强命中BC，HC可排除	0
RUN3	FULL290	A	qwen3.8-max	Q1::14		coarse:neuron	COARSE	COARSE	coarse	B	pass	unresolved	na	none	PAX6/GRIA4/SYNPR神经元标记强，但AC/RGC亚型无法区分	0
RUN3	FULL290	B	glm-5.1	Q1::14		AC	AC	NAMED	coarse	C	unresolved	unresolved	na	none	PAX6/TAGLN3/GNG3提示神经元，缺标记区分AC与RGC	0
RUN3	FULL290	A	qwen3.8-max	Q1::15		BC	BC	NAMED	majority	B	pass	pass	na	none	GRM6/TRPM1/PCP2/GNG13为ON双极细胞核心标记，文献支持	0
RUN3	FULL290	B	glm-5.1	Q1::15		BC	BC	NAMED	majority	B	pass	pass	na	none	GRM6/TRPM1/PCP2强命中BC	0
RUN3	FULL290	A	qwen3.8-max	Q1::16		RGC	RGC	NAMED	majority	B	pass	pass	na	none	NEFL/SNCG/THY1等RGC标志物强命中，文献支持	0
RUN3	FULL290	B	glm-5.1	Q1::16		RGC	RGC	NAMED	majority	B	pass	pass	na	none	NEFL/SNCG/THY1强命中，无相邻候选冲突	0
RUN3	FULL290	A	qwen3.8-max	Q1::17		Micro	Micro	NAMED	majority	B	pass	pass	na	none	C1QA/B/C+HLA-DR+TYROBP为视网膜小胶质细胞特征谱	0
RUN3	FULL290	B	glm-5.1	Q1::17		Micro	Micro	NAMED	majority	B	pass	pass	na	none	HLA-DRA/C1Q/TYROBP强命中Micro	0
RUN3	FULL290	A	qwen3.8-max	Q1::2		MG	MG	NAMED	majority	B	pass	pass	na	none	RLBP1/GLUL/VIM/CRABP1/DKK3强命中MG，文献支持	0
RUN3	FULL290	B	glm-5.1	Q1::2		MG	MG	NAMED	majority	B	pass	pass	na	none	GLUL/RLBP1/VIM强命中MG	0
RUN3	FULL290	A	qwen3.8-max	Q1::3		undetermined	UNDET	UNDET	coarse	C	fail	unresolved	na	none	仅泛表达基因与光转导信号基因，无细胞类型特异marker	0
RUN3	FULL290	B	glm-5.1	Q1::3		Rod	Rod	NAMED	majority	B	pass	pass	na	none	GNGT1/RP1/RTBDN强命中，排除Cone	0
RUN3	FULL290	A	qwen3.8-max	Q1::4	Rod	Rod	Rod	NAMED	majority	B	pass	pass	na	none	IMPG1、RBP3、RP1强命中视杆；MT基因高同Q1::0	0
RUN3	FULL290	B	glm-5.1	Q1::4	Rod	Rod	Rod	NAMED	majority	B	pass	pass	na	none	IMPG1/RBP3/GNGT1强命中，线粒体基因高	0
RUN3	FULL290	A	qwen3.8-max	Q1::5		MG	MG	NAMED	majority	B	pass	pass	na	none	RLBP1/GLUL/VIM/CRABP1强命中MG，文献支持	0
RUN3	FULL290	B	glm-5.1	Q1::5		MG	MG	NAMED	majority	B	pass	pass	na	none	GLUL/RLBP1/VIM强命中MG	0
RUN3	FULL290	A	qwen3.8-max	Q1::7		MG	MG	NAMED	majority	B	pass	pass	na	none	GLUL/VIM/RLBP1/DKK3为Müller胶质细胞经典标记，文献支持	0
RUN3	FULL290	B	glm-5.1	Q1::7		MG	MG	NAMED	majority	B	pass	pass	na	none	GLUL/RLBP1/RGR强命中MG，可排除Astro/Fibro	0
RUN3	FULL290	A	qwen3.8-max	Q1::8		BC	BC	NAMED	majority	B	pass	pass	na	none	VSX1、PCP4、GNG13、CAMK2B、HPCA强命中双极细胞谱系	0
RUN3	FULL290	B	glm-5.1	Q1::8		BC	BC	NAMED	majority	B	pass	pass	na	none	VSX1/GNG13/CA10/PCP4强命中，排除HC	0
RUN3	FULL290	A	qwen3.8-max	Q1::9	Rod	undetermined	UNDET	UNDET	coarse	C	fail	unresolved	na	technical_suspect	应激/管家基因主导，XIST提示技术混杂，无细胞类型marker	0
RUN3	FULL290	B	glm-5.1	Q1::9	Rod	undetermined	UNDET	UNDET	majority	C	fail	unresolved	na	technical_suspect	应激基因(HSPA1A/B,FOS/JUN)主导，无特异性细胞标记	0
RUN3	FULL290	A	qwen3.8-max	Q2::0		MG	MG	NAMED	majority	B	pass	pass	na	none	GLUL/VIM/APOE/CLU/DKK3强命中MG，kb排名首位，无谱系冲突	0
RUN3	FULL290	B	glm-5.1	Q2::0		undetermined	UNDET	UNDET	coarse	C	unresolved	fail	na	technical_suspect	MG与Micro核心marker共存(GLUL与SPP1/TF)	0
RUN3	FULL290	A	qwen3.8-max	Q2::1		MG	MG	NAMED	majority	B	pass	pass	na	none	GLUL/RLBP1/VIM/APOE强命中MG，文献支持	0
RUN3	FULL290	B	glm-5.1	Q2::1		MG	MG	NAMED	majority	B	pass	pass	na	none	GLUL+RLBP1+VIM+APOE强命中MG	0
RUN3	FULL290	A	qwen3.8-max	Q2::10		undetermined	UNDET	UNDET	coarse	C	fail	unresolved	na	none	缺乏kb命中与文献证据，PCP2/TRPM1指向不清，无法定类	0
RUN3	FULL290	B	glm-5.1	Q2::10		BC	BC	NAMED	majority	B	pass	pass	na	none	PCP2/TRPM1/GNG13/ISL1强命中，典型BC	0
RUN3	FULL290	A	qwen3.8-max	Q2::11		undetermined	UNDET	UNDET	coarse	C	fail	unresolved	na	none	PCP4/SCG2/CPLX3提示神经元，但无kb/lit支持，无法区分AC/RGC/BC	0
RUN3	FULL290	B	glm-5.1	Q2::11		AC	AC	NAMED	majority	B	pass	pass	na	none	PCP4/SCG2/GRIK1等无长突细胞marker强命中	0
RUN3	FULL290	A	qwen3.8-max	Q2::13		undetermined	UNDET	UNDET	coarse	C	fail	unresolved	na	none	神经元基因混杂，无kb命中与文献，无法定类	0
RUN3	FULL290	B	glm-5.1	Q2::13		BC	BC	NAMED	majority	B	pass	pass	na	none	GRIK1+PCP4+CADPS强命中BC，无GAD1排除AC	0
RUN3	FULL290	A	qwen3.8-max	Q2::14		BC	BC	NAMED	majority	B	pass	pass	na	conflicts_with_literature	GRM6/TRPM1/GNG13为ON-BC标志；kb误排RPE	0
RUN3	FULL290	B	glm-5.1	Q2::14		BC	BC	NAMED	majority	B	pass	pass	na	conflicts_with_literature	GRM6+TRPM1+GNG13+PCP2强命中BC，与RPE文献冲突	0
RUN3	FULL290	A	qwen3.8-max	Q2::15		coarse:BC	COARSE	COARSE	coarse	C	unresolved	pass	na	none	VSX1/GNG13提示OFF-BC，但无kb/lit支持，仅粗注	0
RUN3	FULL290	B	glm-5.1	Q2::15		BC	BC	NAMED	coarse	B	pass	pass	na	none	VSX1/GNG13/GRID2/CA10强命中双极细胞	0
RUN3	FULL290	A	qwen3.8-max	Q2::16		coarse:AC	COARSE	COARSE	coarse	C	unresolved	pass	na	none	CALB1/GAD相关神经元基因提示AC，但无kb/lit验证，证据薄	0
RUN3	FULL290	B	glm-5.1	Q2::16		AC	AC	NAMED	coarse	B	pass	pass	na	none	CALB1/GRIK1/CADPS强命中无长突细胞	0
RUN3	FULL290	A	qwen3.8-max	Q2::17		coarse:BC	COARSE	COARSE	coarse	C	unresolved	pass	na	none	PCP2/TRPM1/GNG13提示ON-BC，但无kb/lit支持，分辨率不足	0
RUN3	FULL290	B	glm-5.1	Q2::17		BC	BC	NAMED	coarse	B	pass	pass	na	none	PCP2/TRPM1/GNG13强命中双极细胞	0
RUN3	FULL290	A	qwen3.8-max	Q2::18		Rod	Rod	NAMED	majority	B	pass	pass	na	none	RHO/PDE6G/SAG/ROM1/NRL/GNAT1视杆光感受器核心标记强命中	0
RUN3	FULL290	B	glm-5.1	Q2::18		Rod	Rod	NAMED	majority	B	pass	pass	na	none	RHO/GNAT1/NRL强命中Rod	0
RUN3	FULL290	A	qwen3.8-max	Q2::19		BC	BC	NAMED	coarse	C	unresolved	fail	na	technical_suspect	TRPM1/GNG13(ON-BC)与ISL1(AC/RGC)共存，谱系冲突	0
RUN3	FULL290	B	glm-5.1	Q2::19		BC	BC	NAMED	majority	C	unresolved	pass	na	none	PCP2/TRPM1等提示BC，但无KB/lit证据	0
RUN3	FULL290	A	qwen3.8-max	Q2::2		MG	MG	NAMED	majority	B	pass	pass	na	none	RLBP1/CRABP1/GLUL/VIM为Müller胶质细胞标志物，文献支持	0
RUN3	FULL290	B	glm-5.1	Q2::2		MG	MG	NAMED	majority	B	pass	pass	na	none	GLUL/RLBP1/VIM强命中，可排除Astro	0
RUN3	FULL290	A	qwen3.8-max	Q2::20		AC	AC	NAMED	majority	B	pass	pass	na	none	GAD1/PAX6/TFAP2B为AC标志，无kb但转录证据强	0
RUN3	FULL290	B	glm-5.1	Q2::20		HC	HC	NAMED	majority	B	pass	pass	na	none	GAD1+TFAP2A/B+CPLX3强命中HC	0
RUN3	FULL290	A	qwen3.8-max	Q2::21		RGC	RGC	NAMED	majority	B	pass	pass	na	none	NEFL/SNCG/STMN2/NRN1/PRPH神经节细胞轴突标记强命中	0
RUN3	FULL290	B	glm-5.1	Q2::21		RGC	RGC	NAMED	majority	B	pass	pass	na	none	NEFL/SNCG/STMN2/PRPH强命中RGC	0
RUN3	FULL290	A	qwen3.8-max	Q2::22	Astro	MG	MG	NAMED	majority	B	pass	pass	na	none	CLU/GLUL/GFAP/VIM/MT3强命中Müller胶质细胞文献标记	0
RUN3	FULL290	B	glm-5.1	Q2::22	Astro	MG	MG	NAMED	majority	B	pass	pass	na	none	GLUL/GFAP/VIM强命中MG，排除Astro	0
RUN3	FULL290	A	qwen3.8-max	Q2::23		Micro	Micro	NAMED	majority	B	pass	pass	na	none	CD74/HLA/C1QA/TYROBP强命中小胶质/MHC-II高表达免疫细胞	0
RUN3	FULL290	B	glm-5.1	Q2::23		Micro	Micro	NAMED	majority	B	pass	pass	na	none	HLA-DRA/C1Q高表达，KB及文献支持Micro	0
RUN3	FULL290	A	qwen3.8-max	Q2::24		Endothelium	Endothelium	NAMED	majority	B	pass	pass	na	none	CLDN5+HLA强命中内皮；文献支持视网膜血管内皮	0
RUN3	FULL290	B	glm-5.1	Q2::24		coarse:Endothelium	COARSE	COARSE	coarse	C	pass	pass	na	out_of_baseline_coverage	CLDN5/IGFBP7强提示Endo，但超出Q2词表	0
RUN3	FULL290	A	qwen3.8-max	Q2::25		AC	AC	NAMED	majority	B	pass	pass	na	none	PVALB/CALB1无长胞突神经元标记，ONECUT1/2支持AC身份	0
RUN3	FULL290	B	glm-5.1	Q2::25		HC	HC	NAMED	majority	B	pass	pass	na	none	SLC4A3/ONECUT1/2/PVALB强命中HC	0
RUN3	FULL290	A	qwen3.8-max	Q2::26		Cone	Cone	NAMED	majority	B	pass	pass	na	none	PDE6H/ARR3/GUCA1C/OPN1LW强命中视锥；文献一致	0
RUN3	FULL290	B	glm-5.1	Q2::26		Cone	Cone	NAMED	majority	B	pass	pass	na	none	ARR3/OPN1LW强命中，KB/lit支持Cone，可排除Rod	0
RUN3	FULL290	A	qwen3.8-max	Q2::27	Cone	Cone	Cone	NAMED	majority	B	pass	pass	na	none	OPN1LW/ARR3/PDE6H/GUCA1C强命中Cone，文献支持	0
RUN3	FULL290	B	glm-5.1	Q2::27	Cone	Cone	Cone	NAMED	majority	B	pass	pass	na	none	OPN1LW+ARR3+GUCA1A/C强命中Cone	0
RUN3	FULL290	A	qwen3.8-max	Q2::3		MG	MG	NAMED	majority	B	pass	pass	na	none	GLUL/RLBP1/VIM/APOE强命中MG，kb排名支持，无谱系冲突	0
RUN3	FULL290	B	glm-5.1	Q2::3		undetermined	UNDET	UNDET	coarse	C	unresolved	fail	na	technical_suspect	MG与Micro核心marker共存(GLUL/RLBP1与SPP1/TF)	0
RUN3	FULL290	A	qwen3.8-max	Q2::4	MG	MG	MG	NAMED	majority	B	pass	pass	na	none	RLBP1/GLUL/VIM/DKK3/CLU强命中Müller胶质细胞，文献支持	0
RUN3	FULL290	B	glm-5.1	Q2::4	MG	MG	MG	NAMED	majority	B	pass	pass	na	none	GLUL/RLBP1/VIM强命中，排除Mac/Astro定MG	0
RUN3	FULL290	A	qwen3.8-max	Q2::5		coarse:Pericyte	COARSE	COARSE	coarse	B	pass	unresolved	na	out_of_baseline_coverage	RGS5/TAGLN/MYL9周细胞标记强，但Pericyte非Q2词表，给coarse	0
RUN3	FULL290	B	glm-5.1	Q2::5		coarse:Pericyte	COARSE	COARSE	coarse	B	pass	pass	na	out_of_baseline_coverage	RGS5/IGFBP7强命中Pericyte，不在词表内	0
RUN3	FULL290	A	qwen3.8-max	Q2::6		Rod	Rod	NAMED	majority	B	pass	pass	na	none	RHO/PDE6G/SAG/NRL/GNAT1等视杆核心marker强命中，kb与文献一致	0
RUN3	FULL290	B	glm-5.1	Q2::6		Rod	Rod	NAMED	majority	B	pass	pass	na	none	RHO/NRL/GNAT1等感光细胞marker强命中	0
RUN3	FULL290	A	qwen3.8-max	Q2::7		Rod	Rod	NAMED	majority	B	pass	pass	na	none	RHO/SAG/PDE6G/GNAT1等视杆核心基因强表达，文献支持	0
RUN3	FULL290	B	glm-5.1	Q2::7		Rod	Rod	NAMED	majority	B	pass	pass	na	none	RHO/NRL/NR2E3强命中，典型视杆细胞	0
RUN3	FULL290	A	qwen3.8-max	Q2::8		Rod	Rod	NAMED	majority	B	pass	pass	na	none	RHO/SAG/PDE6G/GNAT1等视杆核心基因强表达，文献支持	0
RUN3	FULL290	B	glm-5.1	Q2::8		Rod	Rod	NAMED	majority	B	pass	pass	na	none	RHO/NRL/GNAT1强命中，典型视杆细胞	0
RUN3	FULL290	A	qwen3.8-max	Q2::9		coarse:BC	COARSE	COARSE	coarse	C	unresolved	pass	na	none	VSX1/TRPM1/GNG13提示BC，但缺kb/lit且含神经元基因，分辨率不足	0
RUN3	FULL290	B	glm-5.1	Q2::9		BC	BC	NAMED	majority	B	pass	pass	na	none	VSX1/TRPM1/GNG13强命中ON双极细胞	0
RUN3	FULL290	A	qwen3.8-max	Q3::0		Rod	Rod	NAMED	majority	B	pass	pass	na	none	NR2E3/CNGB1/RP1/PPEF2强命中视杆；文献一致	0
RUN3	FULL290	B	glm-5.1	Q3::0		Rod	Rod	NAMED	majority	B	pass	pass	na	none	NR2E3/CNGB1/RP1强命中，KB/lit支持Rod，可排除Cone	0
RUN3	FULL290	A	qwen3.8-max	Q3::1		Rod	Rod	NAMED	majority	B	pass	pass	na	candidate_biology	RHO/RBP3等视杆marker明确，JUN/FOS/HSPA1A提示应激状态	0
RUN3	FULL290	B	glm-5.1	Q3::1		Rod	Rod	NAMED	majority	B	pass	pass	na	candidate_biology	RHO/RBP3强命中，但JUN/FOS/HSPA1A应激特征显著	0
RUN3	FULL290	A	qwen3.8-max	Q3::10		MG	MG	NAMED	majority	B	pass	pass	na	none	GLUL/APOE/VIM/WIF1/CLU强支持MG，Mac标记弱不冲突	0
RUN3	FULL290	B	glm-5.1	Q3::10		coarse:MG	COARSE	COARSE	coarse	C	unresolved	fail	na	technical_suspect	MG核心marker与COL4A3/COL9A2间质marker共存，疑双细胞	0
RUN3	FULL290	A	qwen3.8-max	Q3::11		AC	AC	NAMED	majority	B	pass	unresolved	na	none	PVALB/SLC4A3/C1QL1/LHX1支持AC，文献命中AC与HC但AC证据更强	0
RUN3	FULL290	B	glm-5.1	Q3::11		HC	HC	NAMED	fine-cap	B	pass	pass	na	none	SLC4A3/ONECUT2强命中HC，lit支持，与AC可区分	0
RUN3	FULL290	A	qwen3.8-max	Q3::12		Cone	Cone	NAMED	majority	B	pass	pass	na	none	ARR3/PDE6H/RBP3/MPP4为Cone强标记，kb排名与文献一致支持	0
RUN3	FULL290	B	glm-5.1	Q3::12		Cone	Cone	NAMED	fine-cap	B	pass	pass	na	none	ARR3/PDE6H强命中Cone，lit支持，证据充分	0
RUN3	FULL290	A	qwen3.8-max	Q3::13	RGC	undetermined	UNDET	UNDET	coarse	C	fail	fail	na	technical_suspect	RHO(Rod)与SNCG/NEFL(RGC)共存，谱系冲突疑双细胞	0
RUN3	FULL290	B	glm-5.1	Q3::13	RGC	undetermined	UNDET	UNDET	coarse	C	fail	fail	na	technical_suspect	RHO与RGC标志物(NEFL/SNCG)共存，疑双细胞	0
RUN3	FULL290	A	qwen3.8-max	Q3::14		Micro	Micro	NAMED	majority	B	pass	pass	na	none	HLA-DRB1/CD74/B2M/FOS为小胶质/APC标记，词表映射Micro	0
RUN3	FULL290	B	glm-5.1	Q3::14		Micro	Micro	NAMED	fine-cap	B	pass	pass	na	none	HLA-DRA/CD74强表达，lit支持APC，视网膜内对应Micro	0
RUN3	FULL290	A	qwen3.8-max	Q3::15		Rod	Rod	NAMED	majority	B	pass	pass	na	none	NR2E3/RHO/CNGB1/PDE6H强命中Rod，ARR3微量不冲突	0
RUN3	FULL290	B	glm-5.1	Q3::15		Rod	Rod	NAMED	majority	B	pass	pass	na	none	NR2E3/RHO/CNGB1强命中，ARR3弱可排除Cone	0
RUN3	FULL290	A	qwen3.8-max	Q3::2		Rod	Rod	NAMED	majority	B	pass	pass	na	none	RHO/RBP3/CNGA1等视杆核心marker强命中，文献支持	0
RUN3	FULL290	B	glm-5.1	Q3::2		Rod	Rod	NAMED	majority	B	pass	pass	na	none	RHO/RBP3/CNGA1强命中，文献支持，无冲突	0
RUN3	FULL290	A	qwen3.8-max	Q3::3		coarse:Neuron	COARSE	COARSE	coarse	C	unresolved	unresolved	na	none	泛神经元基因为主，无特异marker区分视网膜细胞类型	0
RUN3	FULL290	B	glm-5.1	Q3::3		undetermined	UNDET	UNDET	coarse	C	fail	unresolved	na	none	神经marker与TFAP2B共存，无kb/lit锚定，身份不足	0
RUN3	FULL290	A	qwen3.8-max	Q3::4	BC	BC	BC	NAMED	majority	B	pass	pass	na	none	TRPM1/GRM6/PCP2/RGS16强命中双极细胞，文献支持	0
RUN3	FULL290	B	glm-5.1	Q3::4	BC	BC	BC	NAMED	majority	B	pass	pass	na	none	TRPM1/GRM6/PCP2强命中ON-BC，文献支持	0
RUN3	FULL290	A	qwen3.8-max	Q3::5	BC	undetermined	UNDET	UNDET	coarse	C	fail	unresolved	na	none	无kb命中无文献，泛神经元基因无法定具体类型	0
RUN3	FULL290	B	glm-5.1	Q3::5	BC	undetermined	UNDET	UNDET	coarse	C	fail	unresolved	na	none	无KB/LIT，GRIK1/GRIA2等受体不特异，身份不足	0
RUN3	FULL290	A	qwen3.8-max	Q3::6		MG	MG	NAMED	majority	B	pass	pass	na	none	GLUL/VIM/RLBP1/WIF1为Müller胶质细胞经典marker，文献支持	0
RUN3	FULL290	B	glm-5.1	Q3::6		MG	MG	NAMED	majority	B	pass	pass	na	none	GLUL/RLBP1/RGR强命中，可排除Astro/Fibro	0
RUN3	FULL290	A	qwen3.8-max	Q3::7		MG	MG	NAMED	majority	B	pass	pass	na	none	RLBP1/GLUL/CLU/DKK3/FABP7强命中Müller胶质细胞	0
RUN3	FULL290	B	glm-5.1	Q3::7		MG	MG	NAMED	majority	C	pass	unresolved	na	candidate_biology	VIM/GLUL/RLBP1提示MG，但KB/lit含Astro/Fibro候选	0
RUN3	FULL290	A	qwen3.8-max	Q3::8	MG	MG	MG	NAMED	majority	B	pass	pass	na	none	GLUL/VIM/RLBP1/DKK3/RGR强命中Müller胶质细胞	0
RUN3	FULL290	B	glm-5.1	Q3::8	MG	MG	MG	NAMED	majority	B	pass	pass	na	none	GLUL/RLBP1/RGR强命中MG，可排除Astro/Micro	0
RUN3	FULL290	A	qwen3.8-max	Q3::9		coarse:BC	COARSE	COARSE	coarse	C	unresolved	unresolved	na	none	TRPM1/GRM6提示ON-BC，但缺kb/lit且亚型难分，给粗标签	0
RUN3	FULL290	B	glm-5.1	Q3::9		BC	BC	NAMED	majority	B	pass	pass	na	none	TRPM1/VSX1/GRM6强命中，典型双极细胞	0
RUN3	FULL290	A	qwen3.8-max	Q4::0		AC	AC	NAMED	majority	B	pass	pass	na	none	GAD1/GAD2/PAX6/TFAP2A/B为无长突细胞marker，HC缺LHX1排除	0
RUN3	FULL290	B	glm-5.1	Q4::0		AC	AC	NAMED	majority	B	pass	pass	na	none	GAD1/GAD2/PAX6强命中AC，GAD排除HC	0
RUN3	FULL290	A	qwen3.8-max	Q4::1		undetermined	UNDET	UNDET	coarse	C	fail	unresolved	na	none	GAD1/GABRD(AC)与SOX2/TFAP2A(MG)共存，谱系混合	0
RUN3	FULL290	B	glm-5.1	Q4::1		AC	AC	NAMED	majority	B	pass	pass	na	none	GAD1/TFAP2A/PAX6强命中提示AC	0
RUN3	FULL290	A	qwen3.8-max	Q4::10		RGC	RGC	NAMED	majority	B	pass	pass	na	none	NEFL/NEFM/SNCG/NRN1等RGC核心marker强命中，文献支持	0
RUN3	FULL290	B	glm-5.1	Q4::10		RGC	RGC	NAMED	majority	B	pass	pass	na	none	NEFL/NEFM/SNCG强命中RGC，文献支持	0
RUN3	FULL290	A	qwen3.8-max	Q4::11		RGC	RGC	NAMED	majority	B	pass	pass	na	none	NEFL/SNCG/NEFM/STMN2等RGC核心marker强命中，文献支持	0
RUN3	FULL290	B	glm-5.1	Q4::11		RGC	RGC	NAMED	majority	B	pass	pass	na	none	NEFL/NEFM/SNCG/PRPH强命中RGC，文献支持	0
RUN3	FULL290	A	qwen3.8-max	Q4::12		RGC	RGC	NAMED	majority	B	pass	pass	na	none	NEFL/NEFM/SNCG/PVALB强命中RGC，文献支持	0
RUN3	FULL290	B	glm-5.1	Q4::12		RGC	RGC	NAMED	majority	B	pass	pass	na	none	NEFL/NEFM/SNCG/PVALB强命中，文献支持RGC	0
RUN3	FULL290	A	qwen3.8-max	Q4::13		MG	MG	NAMED	majority	B	pass	pass	na	none	GLUL/VIM/APOE/PTGDS/CRABP1/RGR为MG典型marker，文献支持	0
RUN3	FULL290	B	glm-5.1	Q4::13		MG	MG	NAMED	majority	B	pass	pass	na	none	GLUL/RGR/VIM强支持MG，可排除Astro	0
RUN3	FULL290	A	qwen3.8-max	Q4::14	BC	undetermined	UNDET	UNDET	coarse	C	unresolved	unresolved	na	none	SLC1A7提示BC但IGSF21等多谱系基因共存，证据不足	0
RUN3	FULL290	B	glm-5.1	Q4::14	BC	undetermined	UNDET	UNDET	coarse	C	fail	fail	na	technical_suspect	SCG2(AC)与SLITRK6/GSG1(BC)共存，谱系混合	0
RUN3	FULL290	A	qwen3.8-max	Q4::15	BC	undetermined	UNDET	UNDET	coarse	C	fail	pass	na	none	神经元marker混合但无kb/lit证据，无法定身份	0
RUN3	FULL290	B	glm-5.1	Q4::15	BC	undetermined	UNDET	UNDET	coarse	C	unresolved	fail	na	technical_suspect	CABP5(BC)与CALB1/P2RY1(AC)共存，疑双细胞	0
RUN3	FULL290	A	qwen3.8-max	Q4::16		RGC	RGC	NAMED	majority	B	pass	pass	na	none	NEFL/SNCG/NEFM/NDRG4为RGC核心标记，kb与文献均支持RGC	0
RUN3	FULL290	B	glm-5.1	Q4::16		RGC	RGC	NAMED	fine-cap	B	pass	pass	na	none	NEFL/NEFM/SNCG强命中RGC，lit支持，证据充分	0
RUN3	FULL290	A	qwen3.8-max	Q4::17		RGC	RGC	NAMED	majority	B	pass	pass	na	none	NEFL/NEFM/SNCG/PVALB强命中RGC，文献支持	0
RUN3	FULL290	B	glm-5.1	Q4::17		RGC	RGC	NAMED	majority	B	pass	pass	na	none	NEFL/NEFM/NEFH/SNCG强命中，文献支持RGC	0
RUN3	FULL290	A	qwen3.8-max	Q4::18		Rod	Rod	NAMED	majority	B	pass	pass	na	none	RHO/PDE6G/SAG/NRL/GNAT1为视杆细胞核心marker，文献支持	0
RUN3	FULL290	B	glm-5.1	Q4::18		Rod	Rod	NAMED	majority	B	pass	pass	na	none	RHO/NRL/GNAT1/PDE6强命中，文献支持Rod	0
RUN3	FULL290	A	qwen3.8-max	Q4::19	BC	coarse:BC	COARSE	COARSE	coarse	C	unresolved	fail	na	technical_suspect	MT基因主导疑技术偏倚；VSX1/TRPM1/GNG13提示BC但证据薄	0
RUN3	FULL290	B	glm-5.1	Q4::19	BC	coarse:BC	COARSE	COARSE	coarse	C	unresolved	pass	na	technical_suspect	MT基因主导，含VSX1/TRPM1/CABP2等BC marker	0
RUN3	FULL290	A	qwen3.8-max	Q4::2		coarse:AC	COARSE	COARSE	coarse	C	unresolved	fail	na	technical_suspect	LAMP5/GABRA1提示AC但FOS/JUN/EGR1应激基因主导，疑技术混杂	0
RUN3	FULL290	B	glm-5.1	Q4::2		AC	AC	NAMED	coarse	C	unresolved	unresolved	na	technical_suspect	LAMP5+CPLX3提示AC，但FOS/JUN应激基因主导	0
RUN3	FULL290	A	qwen3.8-max	Q4::20		coarse:MG/Astro	COARSE	COARSE	coarse	C	unresolved	fail	na	candidate_biology	VIM/GLUL/CRYAB提示胶质，但TF/SPP1混入，MG与Astro难区分	0
RUN3	FULL290	B	glm-5.1	Q4::20		MG	MG	NAMED	majority	B	pass	pass	na	none	GLUL/VIM/CRYAB强命中MG，可排除Astro/Micro	0
RUN3	FULL290	A	qwen3.8-max	Q4::21		MG	MG	NAMED	majority	B	pass	pass	na	none	RLBP1/GLUL/VIM/CLU/FABP7强命中Müller胶质细胞，文献支持	0
RUN3	FULL290	B	glm-5.1	Q4::21		MG	MG	NAMED	majority	B	pass	pass	na	none	GLUL/RLBP1/VIM强命中，排除Astro/Micro	0
RUN3	FULL290	A	qwen3.8-max	Q4::22		coarse:neuronal	COARSE	COARSE	coarse	C	unresolved	pass	na	none	CPLX3/PCP4/GNG13提示神经元但无kb/lit无法细分	0
RUN3	FULL290	B	glm-5.1	Q4::22		undetermined	UNDET	UNDET	coarse	C	unresolved	fail	na	technical_suspect	RCVRN/AANAT(感光)与GNG13/PCP4(BC)核心marker共存	0
RUN3	FULL290	A	qwen3.8-max	Q4::23	BC	BC	BC	NAMED	majority	B	pass	pass	na	none	GRM6/TRPM1/GNB3/CABP5/PCP2为ON-BC标志，排除RPE	0
RUN3	FULL290	B	glm-5.1	Q4::23	BC	BC	BC	NAMED	majority	B	pass	pass	na	none	GRM6/TRPM1/GNB3强命中，可排除RPE	0
RUN3	FULL290	A	qwen3.8-max	Q4::24	BC	BC	BC	NAMED	majority	B	pass	pass	na	none	GNG13/TRPM1/VSX1/GNB3/CABP2为双极细胞经典marker	0
RUN3	FULL290	B	glm-5.1	Q4::24	BC	BC	BC	NAMED	majority	B	pass	pass	na	none	TRPM1/VSX1/GNB3强命中BC，无其他谱系marker	0
RUN3	FULL290	A	qwen3.8-max	Q4::25		coarse:BC	COARSE	COARSE	coarse	C	unresolved	pass	na	none	VSX1/GNG13/CADPS提示BC，但缺kb/lit支撑，仅给粗标签	0
RUN3	FULL290	B	glm-5.1	Q4::25		BC	BC	NAMED	majority	B	pass	pass	na	none	VSX1/GNG13/CADPS/RCVRN强支持BC	0
RUN3	FULL290	A	qwen3.8-max	Q4::26		coarse:BC	COARSE	COARSE	coarse	C	unresolved	pass	na	none	GNG13/TRPM1/VSX1/OTX2提示双极细胞但缺kb/lit确认	0
RUN3	FULL290	B	glm-5.1	Q4::26		BC	BC	NAMED	majority	B	pass	pass	na	none	TRPM1/GNG13/VSX1强命中BC	0
RUN3	FULL290	A	qwen3.8-max	Q4::27		coarse:BC/HC	COARSE	COARSE	coarse	C	unresolved	pass	na	none	ON-BC与HC marker共存(GRM6/TRPM1 vs PCP2)，无法区分	0
RUN3	FULL290	B	glm-5.1	Q4::27		BC	BC	NAMED	majority	B	pass	pass	na	none	TRPM1/GRM6/GNB3强命中，排除HC	0
RUN3	FULL290	A	qwen3.8-max	Q4::28		BC	BC	NAMED	majority	B	pass	pass	na	none	PCP2/GNG13/CABP5/TRPM1/GRM6为ON双极细胞经典marker组合	0
RUN3	FULL290	B	glm-5.1	Q4::28		BC	BC	NAMED	fine-cap	B	pass	pass	na	none	GRM6+TRPM1+PCP2+GNG13强命中ON-BC	0
RUN3	FULL290	A	qwen3.8-max	Q4::29	BC	BC	BC	NAMED	majority	B	pass	pass	na	none	PCP2/GNG13/TRPM1/GRM6强命中ON双极细胞，kb与文献一致支持BC	0
RUN3	FULL290	B	glm-5.1	Q4::29	BC	BC	BC	NAMED	fine-cap	B	pass	pass	na	none	GRM6+TRPM1+PCP2+GNG13典型ON-BC，lit支持	0
RUN3	FULL290	A	qwen3.8-max	Q4::3		AC	AC	NAMED	majority	B	pass	pass	na	none	CALB2/CALB1/SLC6A9/TFAP2B为AC marker，文献支持	0
RUN3	FULL290	B	glm-5.1	Q4::3		AC	AC	NAMED	majority	B	pass	pass	na	none	LAMP5/CALB2/TFAP2B强命中AC，文献支持，无冲突	0
RUN3	FULL290	A	qwen3.8-max	Q4::30		MG	MG	NAMED	majority	B	pass	unresolved	na	technical_suspect	MG标记与FOS/JUN应激基因共存，疑双细胞或激活态	0
RUN3	FULL290	B	glm-5.1	Q4::30		coarse:MG	COARSE	COARSE	coarse	C	unresolved	fail	na	technical_suspect	SPP1(巨噬)与GLUL/RLBP1(MG)共存，疑双细胞	0
RUN3	FULL290	A	qwen3.8-max	Q4::31		coarse:glial	COARSE	COARSE	coarse	C	unresolved	pass	na	none	GFAP/GLUL/VIM/CRYAB为MG与Astro共有，证据不足区分	0
RUN3	FULL290	B	glm-5.1	Q4::31		MG	MG	NAMED	majority	B	pass	pass	na	none	GFAP/GLUL/VIM/CLU强命中MG，GLUL可排除Astro	0
RUN3	FULL290	A	qwen3.8-max	Q4::32	MG	MG	MG	NAMED	majority	B	pass	pass	na	none	RLBP1/GLUL/VIM/FABP7强命中MG，PTGDS/APOE亦相容	0
RUN3	FULL290	B	glm-5.1	Q4::32	MG	MG	MG	NAMED	majority	B	pass	pass	na	none	GLUL/RLBP1/RGR强命中MG，可排除Astro/Mac	0
RUN3	FULL290	A	qwen3.8-max	Q4::33		Micro	Micro	NAMED	majority	B	pass	pass	na	none	CD74/HLA-DR/TYROBP/C1Q高表达，kb排名支持小胶质/MHCII+APC	0
RUN3	FULL290	B	glm-5.1	Q4::33		Micro	Micro	NAMED	majority	B	pass	pass	na	none	HLA-DRA+CD74+C1Q+TYROBP典型小胶质，lit支持	0
RUN3	FULL290	A	qwen3.8-max	Q4::34		coarse:vascular	COARSE	COARSE	coarse	C	unresolved	pass	na	none	RGS5/CLDN5提示周细胞或内皮，IGFBP7冲突，无法细分	0
RUN3	FULL290	B	glm-5.1	Q4::34		coarse:Pericyte	COARSE	COARSE	coarse	C	pass	fail	na	out_of_baseline_coverage	RGS5/CLDN5/IGFBP7支持周细胞，超出Q4基线词表	0
RUN3	FULL290	A	qwen3.8-max	Q4::35		MG	MG	NAMED	majority	B	pass	pass	na	none	APOE/GLUL/VIM/HES1/DKK3强命中MG，文献支持	0
RUN3	FULL290	B	glm-5.1	Q4::35		MG	MG	NAMED	majority	B	pass	pass	na	none	GLUL/RGR/VIM强命中，可排除Astro	0
RUN3	FULL290	A	qwen3.8-max	Q4::36		MG	MG	NAMED	majority	B	pass	pass	na	none	GLUL/VIM/APOE/DKK3/HES1强命中Müller胶质细胞，文献支持	0
RUN3	FULL290	B	glm-5.1	Q4::36		MG	MG	NAMED	majority	B	pass	pass	na	none	GLUL/RGR/VIM强命中MG，文献支持MG，排除Astro	0
RUN3	FULL290	A	qwen3.8-max	Q4::37	MG	MG	MG	NAMED	majority	B	pass	pass	na	none	GLUL/VIM/APOE/PTGDS/FRZB/RGR与Q4::13一致，MG marker强	0
RUN3	FULL290	B	glm-5.1	Q4::37	MG	MG	MG	NAMED	majority	B	pass	pass	na	candidate_biology	GLUL/RGR等MG核心marker，伴大量应激基因	0
RUN3	FULL290	A	qwen3.8-max	Q4::38		Cone	Cone	NAMED	majority	B	pass	pass	na	none	OPN1LW/PDE6H/ARR3/GUCA1C强命中Cone，文献支持	0
RUN3	FULL290	B	glm-5.1	Q4::38		Cone	Cone	NAMED	majority	B	pass	pass	na	none	OPN1LW/ARR3/PDE6H强命中，确证Cone	0
RUN3	FULL290	A	qwen3.8-max	Q4::39	Rod	Rod	Rod	NAMED	majority	B	pass	pass	na	none	SAG/RHO/PDE6G/GNAT1等视杆核心marker强命中，文献支持	0
RUN3	FULL290	B	glm-5.1	Q4::39	Rod	Rod	Rod	NAMED	majority	B	pass	pass	na	none	RHO/NRL/GNAT1强命中，文献支持，无冲突	0
RUN3	FULL290	A	qwen3.8-max	Q4::4		coarse:AC/HC	COARSE	COARSE	coarse	C	unresolved	fail	na	none	GAD1/SYNPR为抑制性中间神经元，AC与HC marker共存无法细分	0
RUN3	FULL290	B	glm-5.1	Q4::4		AC	AC	NAMED	majority	B	pass	pass	na	none	GAD1/TFAP2B强命中AC，可排除HC	0
RUN3	FULL290	A	qwen3.8-max	Q4::5		coarse:AC/HC	COARSE	COARSE	coarse	C	unresolved	pass	na	none	GAD1/CARTPT/SSTR2提示AC或HC，kb与文献两者均命中无法区分	0
RUN3	FULL290	B	glm-5.1	Q4::5		AC	AC	NAMED	majority	B	pass	pass	na	none	GAD1+CARTPT+TFAP2B强指向AC，lit支持	0
RUN3	FULL290	A	qwen3.8-max	Q4::6		AC	AC	NAMED	majority	B	pass	pass	na	none	PRDM13/SLC32A1/PAX6为AC标志，文献支持	0
RUN3	FULL290	B	glm-5.1	Q4::6		AC	AC	NAMED	majority	B	pass	pass	na	none	SLC32A1/PRDM13/PAX6强命中，典型AC	0
RUN3	FULL290	A	qwen3.8-max	Q4::7		RGC	RGC	NAMED	majority	B	pass	pass	na	none	SNCG/NEFL/NEFH/NDRG4等RGC核心marker强命中，文献支持	0
RUN3	FULL290	B	glm-5.1	Q4::7		RGC	RGC	NAMED	majority	B	pass	pass	na	none	SNCG/NEFL/NEFH强命中RGC，文献支持	0
RUN3	FULL290	A	qwen3.8-max	Q4::8		coarse:AC/HC	COARSE	COARSE	coarse	C	unresolved	pass	na	none	PVALB/ONECUT1/2共表达，AC与HC标记冲突无法细分	0
RUN3	FULL290	B	glm-5.1	Q4::8		HC	HC	NAMED	majority	B	pass	pass	na	none	PVALB/ONECUT1/2强命中，可排除AC	0
RUN3	FULL290	A	qwen3.8-max	Q4::9	BC	undetermined	UNDET	UNDET	coarse	C	fail	pass	na	none	神经元marker混合但无kb/lit证据，无法定身份	0
RUN3	FULL290	B	glm-5.1	Q4::9	BC	undetermined	UNDET	UNDET	coarse	C	unresolved	fail	na	technical_suspect	CABP5(BC)与CHN1/2(AC)共存，谱系混杂	0
RUN3	FULL290	A	qwen3.8-max	Q5b::0		Rod	Rod	NAMED	majority	B	pass	pass	na	none	RHO/ABCA4/NRL/AIPL1强命中Rod，文献支持，无谱系冲突	0
RUN3	FULL290	B	glm-5.1	Q5b::0		Rod	Rod	NAMED	majority	B	pass	pass	unresolved	technical_suspect	RHO/ABCA4/NRL强命中，但MT基因偏高	0
RUN3	FULL290	A	qwen3.8-max	Q5b::1		Rod	Rod	NAMED	majority	B	pass	pass	na	none	RHO/ABCA4/NRL/AIPL1强命中Rod，文献支持，无谱系冲突	0
RUN3	FULL290	B	glm-5.1	Q5b::1		Rod	Rod	NAMED	majority	B	pass	pass	na	none	RHO/ABCA4/NRL强命中+文献支持	0
RUN3	FULL290	A	qwen3.8-max	Q5b::10		undetermined	UNDET	UNDET	coarse	C	fail	unresolved	na	none	神经元基因富集但无谱系特异性marker，kb/lit均无命中	0
RUN3	FULL290	B	glm-5.1	Q5b::10		coarse:AC	COARSE	COARSE	coarse	C	unresolved	unresolved	na	none	PTPRO/GRIK2/LRRC7提示AC，卡内无KB/Lit验证	0
RUN3	FULL290	A	qwen3.8-max	Q5b::11		BC	BC	NAMED	majority	B	pass	pass	na	none	GRM6/PRKCA/DGKB为BC核心marker，kb与文献均支持	0
RUN3	FULL290	B	glm-5.1	Q5b::11		BC	BC	NAMED	fine-cap	B	pass	pass	na	none	GRM6等强命中+lit支持	0
RUN3	FULL290	A	qwen3.8-max	Q5b::12		coarse:neural	COARSE	COARSE	coarse	C	unresolved	fail	na	technical_suspect	RLBP1/GLUL(MG)与FOS/HES1混合，谱系冲突疑双细胞	0
RUN3	FULL290	B	glm-5.1	Q5b::12		MG	MG	NAMED	majority	B	pass	pass	na	none	RLBP1/GLUL/SLC1A3典型Müller标志	0
RUN3	FULL290	A	qwen3.8-max	Q5b::13	BC	coarse:BC	COARSE	COARSE	coarse	C	unresolved	pass	na	none	NFIA/SOX6/CAMK4提示神经元，DPP10/CNTNAP2偏BC但无kb/lit	0
RUN3	FULL290	B	glm-5.1	Q5b::13	BC	coarse:AC	COARSE	COARSE	coarse	C	unresolved	pass	na	none	NFIA/NFIB及突触基因提示AC，无kb/lit验证	0
RUN3	FULL290	A	qwen3.8-max	Q5b::14		undetermined	UNDET	UNDET	coarse	C	fail	unresolved	na	none	VSX1/GABRR2提示双极或无长突，但缺乏特异marker无法定类	0
RUN3	FULL290	B	glm-5.1	Q5b::14		coarse:AC	COARSE	COARSE	coarse	C	unresolved	unresolved	na	none	GABRR2/VSX1/RELN提示AC，卡内无KB/Lit验证	0
RUN3	FULL290	A	qwen3.8-max	Q5b::15		BC	BC	NAMED	majority	B	pass	pass	na	none	VSX1为双极细胞核心TF，GABRR2/GRM5支持	0
RUN3	FULL290	B	glm-5.1	Q5b::15		coarse:BC	COARSE	COARSE	coarse	C	unresolved	pass	na	none	GABRR2/VSX1/GRM5提示双极细胞(BC)	0
RUN3	FULL290	A	qwen3.8-max	Q5b::16	BC	undetermined	UNDET	UNDET	coarse	C	fail	unresolved	na	none	无kb命中无文献，神经元基因但无法定类	0
RUN3	FULL290	B	glm-5.1	Q5b::16	BC	undetermined	UNDET	UNDET	coarse	C	unresolved	unresolved	na	none	NFIB/NFIA/SOX6等TF富集，AC/MG难区分	0
RUN3	FULL290	A	qwen3.8-max	Q5b::17	BC	BC	BC	NAMED	majority	B	pass	pass	na	none	PRKCA/GRM6为BC标志，kb排名BC，文献支持	0
RUN3	FULL290	B	glm-5.1	Q5b::17	BC	BC	BC	NAMED	majority	B	pass	pass	na	none	GRM6/PRKCA强命中BC，文献支持，无冲突	0
RUN3	FULL290	A	qwen3.8-max	Q5b::18		Cone	Cone	NAMED	majority	B	pass	pass	na	none	CNGB3/ARR3/GRK7/PDE6H强命中视锥marker，文献支持	0
RUN3	FULL290	B	glm-5.1	Q5b::18		Cone	Cone	NAMED	majority	B	pass	pass	na	none	ARR3/CNGB3/GRK7强命中，KB/Lit支持Cone	0
RUN3	FULL290	A	qwen3.8-max	Q5b::19	HC	undetermined	UNDET	UNDET	coarse	C	fail	unresolved	na	none	无kb命中无文献，ONECUT1提示HC但证据不足	0
RUN3	FULL290	B	glm-5.1	Q5b::19	HC	undetermined	UNDET	UNDET	coarse	C	unresolved	unresolved	na	none	ONECUT1/TNR提示神经元，缺RGC/HC核心marker	0
RUN3	FULL290	A	qwen3.8-max	Q5b::2	Rod	Rod	Rod	NAMED	majority	B	pass	pass	na	none	RHO/NRL/ABCA4强命中Rod，kb排名与两篇文献支持	0
RUN3	FULL290	B	glm-5.1	Q5b::2	Rod	Rod	Rod	NAMED	majority	B	pass	pass	na	none	RHO/NRL/ABCA4强命中，文献支持Rod	0
RUN3	FULL290	A	qwen3.8-max	Q5b::20	HC	undetermined	UNDET	UNDET	coarse	C	fail	unresolved	na	none	ONECUT1提示HC/AC但无kb无文献支持，证据不足	0
RUN3	FULL290	B	glm-5.1	Q5b::20	HC	undetermined	UNDET	UNDET	coarse	C	unresolved	unresolved	na	none	ONECUT1+TNR弱提示HC/RGC，证据不足	0
RUN3	FULL290	A	qwen3.8-max	Q5b::21		BC	BC	NAMED	majority	B	pass	pass	na	none	GRM6为BC核心marker，两篇文献支持BC身份	0
RUN3	FULL290	B	glm-5.1	Q5b::21		BC	BC	NAMED	majority	B	pass	pass	na	none	GRM6为ON-BC核心marker，lit支持BC	0
RUN3	FULL290	A	qwen3.8-max	Q5b::22		coarse:BC/AC	COARSE	COARSE	coarse	C	unresolved	fail	na	none	NTNG1/EBF1/DGKB提示神经元，但缺乏kb/lit且BC与AC无法区分	0
RUN3	FULL290	B	glm-5.1	Q5b::22		undetermined	UNDET	UNDET	majority	C	fail	unresolved	na	none	无kb/lit证据，无法定身份	0
RUN3	FULL290	A	qwen3.8-max	Q5b::23	BC	coarse:AC	COARSE	COARSE	coarse	C	unresolved	pass	na	none	ERBB4/DGKB/SCN1A提示AC，但缺kb与文献无法排除其他神经元	0
RUN3	FULL290	B	glm-5.1	Q5b::23	BC	coarse:AC	COARSE	COARSE	coarse	C	unresolved	unresolved	na	none	ERBB4/NFIA/SLIT2提示AC或RGC，无kb/lit验证	0
RUN3	FULL290	A	qwen3.8-max	Q5b::24		Rod	Rod	NAMED	majority	B	pass	pass	na	none	RHO/ABCA4/NRL/AIPL1强命中Rod，文献支持，无谱系冲突	0
RUN3	FULL290	B	glm-5.1	Q5b::24		Rod	Rod	NAMED	majority	B	pass	pass	na	none	RHO/ABCA4/NRL强命中定Rod	0
RUN3	FULL290	A	qwen3.8-max	Q5b::25		undetermined	UNDET	UNDET	coarse	C	fail	unresolved	na	none	无kb命中无文献，神经元基因但无法定类	0
RUN3	FULL290	B	glm-5.1	Q5b::25		AC	AC	NAMED	majority	B	pass	pass	na	none	TFAP2B/IL1RAPL1/KIRREL3等AC特征基因强命中	0
RUN3	FULL290	A	qwen3.8-max	Q5b::26		Cone	Cone	NAMED	majority	B	pass	pass	na	none	ARR3/CNGB3/GRK7/GUCA1C/PDE6H强命中Cone，文献支持	0
RUN3	FULL290	B	glm-5.1	Q5b::26		Cone	Cone	NAMED	fine-cap	B	pass	pass	na	none	ARR3/CNGB3等强命中+lit支持	0
RUN3	FULL290	A	qwen3.8-max	Q5b::27		undetermined	UNDET	UNDET	coarse	C	fail	unresolved	na	none	无kb命中无文献，DSCAM/SOX5非特异，证据不足	0
RUN3	FULL290	B	glm-5.1	Q5b::27		AC	AC	NAMED	majority	B	pass	pass	na	none	TFAP2B/DSCAM/SYNPR强命中AC，无冲突	0
RUN3	FULL290	A	qwen3.8-max	Q5b::28		undetermined	UNDET	UNDET	coarse	C	fail	unresolved	na	none	VSX1/GRM6提示BC但GABRR2混杂，无kb无文献，分辨率不足	0
RUN3	FULL290	B	glm-5.1	Q5b::28		BC	BC	NAMED	majority	B	pass	pass	na	none	GRM6+VSX1强命中BC	0
RUN3	FULL290	A	qwen3.8-max	Q5b::29		BC	BC	NAMED	majority	B	pass	pass	na	none	GRM6/GRM5/DGKB/LRRC7为BC marker，两篇文献支持BC	0
RUN3	FULL290	B	glm-5.1	Q5b::29		BC	BC	NAMED	majority	B	pass	pass	na	none	GRM6+GRM5+kb/lit均指向BC	0
RUN3	FULL290	A	qwen3.8-max	Q5b::3	Rod	Rod	Rod	NAMED	majority	B	pass	pass	na	none	RHO/ABCA4/AIPL1/NRL强命中视杆，文献支持	0
RUN3	FULL290	B	glm-5.1	Q5b::3	Rod	Rod	Rod	NAMED	majority	B	pass	pass	na	none	RHO/NRL/ABCA4/AIPL1强命中，文献支持Rod	0
RUN3	FULL290	A	qwen3.8-max	Q5b::30		undetermined	UNDET	UNDET	coarse	C	fail	unresolved	na	none	无kb命中与文献，top基因无法区分视网膜细胞类型	0
RUN3	FULL290	B	glm-5.1	Q5b::30		coarse:AC	COARSE	COARSE	coarse	C	unresolved	unresolved	na	none	CUX2/GRM8/PTPRO提示AC，缺kb/lit无法定majority	0
RUN3	FULL290	A	qwen3.8-max	Q5b::31	AC	undetermined	UNDET	UNDET	coarse	C	fail	unresolved	na	none	无kb命中无文献，DSCAM/DCLK1非特异，证据不足	0
RUN3	FULL290	B	glm-5.1	Q5b::31	AC	undetermined	UNDET	UNDET	coarse	C	unresolved	unresolved	na	none	神经元基因(DSCAM/MYT1L)但缺AC/RGC核心marker	0
RUN3	FULL290	A	qwen3.8-max	Q5b::32	AC	coarse:neuron	COARSE	COARSE	coarse	C	unresolved	pass	na	none	DSCAM/GRM8/SYNPR/MYT1L泛神经元标记，无kb/lit无法细分亚型	0
RUN3	FULL290	B	glm-5.1	Q5b::32	AC	coarse:AC	COARSE	COARSE	coarse	C	unresolved	pass	na	none	TFAP2B/CALN1/GRM8提示AC，无kb/lit验证	0
RUN3	FULL290	A	qwen3.8-max	Q5b::33		undetermined	UNDET	UNDET	coarse	C	fail	unresolved	na	none	无kb命中无文献，神经元基因但无法定类	0
RUN3	FULL290	B	glm-5.1	Q5b::33		coarse:AC	COARSE	COARSE	coarse	C	unresolved	unresolved	na	none	GABRG3/GRIK2等受体基因富集，缺乏明确AC标记	0
RUN3	FULL290	A	qwen3.8-max	Q5b::35	AC	undetermined	UNDET	UNDET	coarse	C	fail	unresolved	na	none	无kb命中无文献，top genes无法锚定视网膜已知细胞类型	0
RUN3	FULL290	B	glm-5.1	Q5b::35	AC	undetermined	UNDET	UNDET	majority	C	fail	unresolved	na	none	无kb/lit证据，无法定身份	0
RUN3	FULL290	A	qwen3.8-max	Q5b::36		undetermined	UNDET	UNDET	coarse	C	fail	unresolved	na	none	无kb命中无文献，神经元基因但无法定类	0
RUN3	FULL290	B	glm-5.1	Q5b::36		RGC	RGC	NAMED	majority	B	pass	pass	na	none	EPHA6/CNTN5/PTPRO/DCC等RGC特征基因强命中	0
RUN3	FULL290	A	qwen3.8-max	Q5b::37		undetermined	UNDET	UNDET	coarse	C	fail	unresolved	na	none	无kb命中与文献，DSCAM/GRM8/CUX2证据不足无法定类	0
RUN3	FULL290	B	glm-5.1	Q5b::37		coarse:AC	COARSE	COARSE	coarse	C	unresolved	unresolved	na	none	CUX2/GRM8/PTPRO提示AC，缺kb/lit无法定majority	0
RUN3	FULL290	A	qwen3.8-max	Q5b::38		coarse:interneuron	COARSE	COARSE	coarse	C	unresolved	fail	na	none	GRIK2/GABRG3/EBF1提示神经元，但无kb/lit且BC/AC/HC不可分	0
RUN3	FULL290	B	glm-5.1	Q5b::38		undetermined	UNDET	UNDET	majority	C	fail	unresolved	na	none	无kb/lit证据，无法定身份	0
RUN3	FULL290	A	qwen3.8-max	Q5b::39		MG	MG	NAMED	majority	B	pass	pass	na	none	SLC1A3/SLC4A4/GFAP/GLUL强命中Müller胶质细胞	0
RUN3	FULL290	B	glm-5.1	Q5b::39		Astro	Astro	NAMED	fine-cap	B	pass	pass	na	none	GFAP+SLC1A3+SLC4A4+TNC，文献支持Astro	0
RUN3	FULL290	A	qwen3.8-max	Q5b::4		Rod	Rod	NAMED	majority	B	pass	pass	na	none	RHO/ABCA4/NRL/AIPL1强命中视杆marker，文献支持	0
RUN3	FULL290	B	glm-5.1	Q5b::4		Rod	Rod	NAMED	majority	B	pass	pass	na	none	RHO/NRL/ABCA4强命中，KB/Lit支持Rod	0
RUN3	FULL290	A	qwen3.8-max	Q5b::40		AC	AC	NAMED	majority	B	pass	pass	na	none	GAD1/CARTPT/TFAP2B/ERBB4为AC marker，文献支持AC多于HC	0
RUN3	FULL290	B	glm-5.1	Q5b::40		AC	AC	NAMED	majority	B	pass	pass	na	none	GAD1+TFAP2B强证AC，排除HC	0
RUN3	FULL290	A	qwen3.8-max	Q5b::41		undetermined	UNDET	UNDET	coarse	C	unresolved	pass	na	none	泛神经基因(DSCAM/MYT1L)无亚型特异性，证据不足	0
RUN3	FULL290	B	glm-5.1	Q5b::41		coarse:neuron	COARSE	COARSE	coarse	C	unresolved	pass	na	none	MYT1L/CNTNAP2/DSCAM等神经元标志，缺特异标志	0
RUN3	FULL290	A	qwen3.8-max	Q5b::42	AC	undetermined	UNDET	UNDET	coarse	C	fail	unresolved	na	none	无kb命中与文献，NFIA/GRIK2/CNTNAP2无法确定身份	0
RUN3	FULL290	B	glm-5.1	Q5b::42	AC	undetermined	UNDET	UNDET	coarse	C	fail	unresolved	na	none	神经元marker(NFIA/CNTNAP2)无特异marker定身份	0
RUN3	FULL290	A	qwen3.8-max	Q5b::43	BC	coarse:BC	COARSE	COARSE	coarse	C	unresolved	pass	na	none	DGKB/TENM3/GRIK2/PTPRO提示BC或AC，无kb/lit仅给粗标签	0
RUN3	FULL290	B	glm-5.1	Q5b::43	BC	coarse:AC	COARSE	COARSE	coarse	C	unresolved	pass	na	none	PTPRO/GRIK2提示AC，无kb/lit验证	0
RUN3	FULL290	A	qwen3.8-max	Q5b::44		undetermined	UNDET	UNDET	coarse	C	fail	unresolved	na	none	无kb命中无文献，top基因无法唯一映射视网膜细胞类型	0
RUN3	FULL290	B	glm-5.1	Q5b::44		coarse:AC	COARSE	COARSE	coarse	C	unresolved	pass	na	none	TFAP2B+SYNPR提示AC，无kb/lit验证	0
RUN3	FULL290	A	qwen3.8-max	Q5b::45	AC	undetermined	UNDET	UNDET	coarse	C	fail	unresolved	na	none	无kb命中与文献，GRIK2/SOX5/NFIA不足以定类	0
RUN3	FULL290	B	glm-5.1	Q5b::45	AC	undetermined	UNDET	UNDET	coarse	C	fail	unresolved	na	none	神经元marker(GRIK2/KCNC2)无AC/RGC特异marker	0
RUN3	FULL290	A	qwen3.8-max	Q5b::46		coarse:glial	COARSE	COARSE	coarse	C	unresolved	fail	na	technical_suspect	GLUL/SLC1A3(Astro/MG)与APOE/FLT1(小胶质)共存，疑似混合	0
RUN3	FULL290	B	glm-5.1	Q5b::46		MG	MG	NAMED	majority	B	pass	pass	na	none	GLUL/SLC1A3强命中MG，可排除Astro/Mac	0
RUN3	FULL290	A	qwen3.8-max	Q5b::47		undetermined	UNDET	UNDET	coarse	C	unresolved	pass	na	none	神经元基因丰富但无特异marker，kb/lit均无支持	0
RUN3	FULL290	B	glm-5.1	Q5b::47		coarse:AC	COARSE	COARSE	coarse	C	unresolved	pass	na	none	GABRB2/GABRG3/GRM8提示抑制性神经元，倾向AC	0
RUN3	FULL290	A	qwen3.8-max	Q5b::5		MG	MG	NAMED	majority	B	pass	pass	na	none	GLUL/RLBP1/SLC1A3/APOE强命中MG，kb与文献支持	0
RUN3	FULL290	B	glm-5.1	Q5b::5		MG	MG	NAMED	majority	B	pass	pass	na	none	GLUL/RLBP1/SLC1A3强命中MG，文献支持	0
RUN3	FULL290	A	qwen3.8-max	Q5b::6		Rod	Rod	NAMED	majority	B	pass	pass	na	none	RHO/ABCA4/NRL/AIPL1强命中Rod，文献支持，无谱系冲突	0
RUN3	FULL290	B	glm-5.1	Q5b::6		Rod	Rod	NAMED	majority	B	pass	pass	na	none	RHO/ABCA4/NRL强命中+文献支持	0
RUN3	FULL290	A	qwen3.8-max	Q5b::7		Rod	Rod	NAMED	majority	B	pass	pass	na	none	RHO/ABCA4/NRL/AIPL1强命中Rod，文献支持，无谱系冲突	0
RUN3	FULL290	B	glm-5.1	Q5b::7		Rod	Rod	NAMED	majority	B	pass	pass	na	none	RHO/ABCA4/NRL强命中+文献支持	0
RUN3	FULL290	A	qwen3.8-max	Q5b::8	Rod	Rod	Rod	NAMED	majority	B	pass	unresolved	na	none	RHO/ABCA4/AIPL1强命中Rod，文献支持	0
RUN3	FULL290	B	glm-5.1	Q5b::8	Rod	Rod	Rod	NAMED	majority	B	pass	pass	na	none	RHO/ABCA4/AIPL1强命中，文献支持Rod	0
RUN3	FULL290	A	qwen3.8-max	Q5b::9		Rod	Rod	NAMED	majority	B	pass	pass	na	none	RHO/ABCA4/AIPL1/NRL强命中视杆，文献支持	0
RUN3	FULL290	B	glm-5.1	Q5b::9		Rod	Rod	NAMED	majority	B	pass	pass	na	none	RHO/NRL/ABCA4高表达且文献支持	0
RUN3	FULL290	A	qwen3.8-max	Q6::0	Epithelium	Epithelium	Epithelium	NAMED	majority	B	pass	pass	na	none	KRT6A/SPRR1B/SPRR2A/SCEL应激分化上皮特征，无文献无kb命中	0
RUN3	FULL290	B	glm-5.1	Q6::0	Epithelium	coarse:Epithelium	COARSE	COARSE	coarse	C	pass	fail	na	technical_suspect	KRT6A/SPRR1B与APOBEC3A共存，疑双细胞	0
RUN3	FULL290	A	qwen3.8-max	Q6::1	Epithelium	Epithelium	Epithelium	NAMED	majority	B	pass	pass	na	none	KRT12/DSG3/CLDN4/KRT3典型角膜上皮转录谱，无文献支持	0
RUN3	FULL290	B	glm-5.1	Q6::1	Epithelium	coarse:Epithelium	COARSE	COARSE	coarse	C	pass	fail	na	technical_suspect	KRT12/KRT3与APOBEC3A共存，疑双细胞	0
RUN3	FULL290	A	qwen3.8-max	Q6::11	Endothelium	Endothelium	Endothelium	NAMED	majority	B	pass	pass	na	none	PECAM1/EMCN/CLDN5/FLT1内皮核心marker强表达支持	0
RUN3	FULL290	B	glm-5.1	Q6::11	Endothelium	Endothelium	Endothelium	NAMED	majority	B	pass	unresolved	na	candidate_biology	CLDN5/PECAM1/FLT1强命中内皮，CD74/HLA-DRB1共存	0
RUN3	FULL290	A	qwen3.8-max	Q6::12	Fibroblasts	coarse:Inflammatory/Stromal	COARSE	COARSE	coarse	C	unresolved	fail	na	candidate_biology	MMP/CXCL炎症因子与基质基因共存，谱系冲突无法定单一身份	0
RUN3	FULL290	B	glm-5.1	Q6::12	Fibroblasts	coarse:Fibroblasts	COARSE	COARSE	coarse	C	unresolved	pass	na	candidate_biology	MMP3/PTGS2提示成纤维，CXCL8/CXCL1趋化因子冲突	0
RUN3	FULL290	A	qwen3.8-max	Q6::13	Fibroblasts	Fibroblasts	Fibroblasts	NAMED	coarse	C	unresolved	pass	na	none	VIM/APOD/MGP提示间质，但kb无眼表特异命中，证据不足	0
RUN3	FULL290	B	glm-5.1	Q6::13	Fibroblasts	Fibroblasts	Fibroblasts	NAMED	fine-cap	B	pass	pass	na	none	VIM+FBLN1+PRELP+ANGPTL7，眼表间质/成纤维	0
RUN3	FULL290	A	qwen3.8-max	Q6::14	Fibroblasts	coarse:stromal	COARSE	COARSE	coarse	C	unresolved	fail	na	candidate_biology	SAA1/CXCL8炎症因子与KERA基质标志共存，谱系混合难定身份	0
RUN3	FULL290	B	glm-5.1	Q6::14	Fibroblasts	coarse:Fibroblasts	COARSE	COARSE	coarse	C	pass	unresolved	na	out_of_baseline_coverage	KERA/ANGPTL7示Keratocyte，词表无，伴炎症	0
RUN3	FULL290	A	qwen3.8-max	Q6::15	Fibroblasts	Fibroblasts	Fibroblasts	NAMED	coarse	B	pass	pass	na	none	KERA/ALDH3A1/VIM强命中角膜基质细胞，词表映射Fibroblasts	0
RUN3	FULL290	B	glm-5.1	Q6::15	Fibroblasts	Fibroblasts	Fibroblasts	NAMED	fine-cap	B	pass	pass	na	none	KERA+ALDH3A1+ANGPTL7，典型角膜基质细胞	0
RUN3	FULL290	A	qwen3.8-max	Q6::16	Fibroblasts	coarse:stromal	COARSE	COARSE	coarse	C	unresolved	pass	na	candidate_biology	VIM/MYOC/CTSK提示间质但缺乏特异标记，身份未决	0
RUN3	FULL290	B	glm-5.1	Q6::16	Fibroblasts	Fibroblasts	Fibroblasts	NAMED	fine-cap	B	pass	pass	na	candidate_biology	MYOC/CYP1B1/MMP1强命中小梁网，属Fibroblasts特化	0
RUN3	FULL290	A	qwen3.8-max	Q6::17	Schwann Cells	Schwann Cells	Schwann Cells	NAMED	majority	B	pass	pass	na	none	CDH19/NRXN1/S100B/PLP1/GPM6B为施万细胞标志，kb误指视网膜类	0
RUN3	FULL290	B	glm-5.1	Q6::17	Schwann Cells	Schwann Cells	Schwann Cells	NAMED	majority	B	pass	pass	na	conflicts_with_literature	CDH19/PLP1/S100B强指向Schwann Cells，与kb提示MG/Astro冲突	0
RUN3	FULL290	A	qwen3.8-max	Q6::18	Fibroblasts	coarse:stromal	COARSE	COARSE	coarse	C	unresolved	fail	na	candidate_biology	PLA2G2A/SAA1/CHI3L1分泌炎症基因与MGP/MYOC基质基因共存	0
RUN3	FULL290	B	glm-5.1	Q6::18	Fibroblasts	coarse:Fibroblasts	COARSE	COARSE	coarse	C	pass	unresolved	na	out_of_baseline_coverage	MYOC/ANGPTL7示小梁网/纤维，词表无细类	0
RUN3	FULL290	A	qwen3.8-max	Q6::19	Fibroblasts	Fibroblasts	Fibroblasts	NAMED	majority	B	pass	pass	na	none	COL1A1/COL1A2/VIM/SPARC强基质标志，kb排名支持成纤维细胞	0
RUN3	FULL290	B	glm-5.1	Q6::19	Fibroblasts	Fibroblasts	Fibroblasts	NAMED	majority	B	pass	unresolved	na	candidate_biology	COL1A1/3A1强,与Pericyte重叠但胶原主导	0
RUN3	FULL290	A	qwen3.8-max	Q6::2	Epithelium	Epithelium	Epithelium	NAMED	majority	B	pass	pass	na	conflicts_with_literature	KRT13/KRT4/AQP5结膜上皮谱；kb误排Mono_Classical与top genes冲突	0
RUN3	FULL290	B	glm-5.1	Q6::2	Epithelium	coarse:Epithelium	COARSE	COARSE	coarse	C	pass	fail	na	conflicts_with_literature	KRT13/KRT4与S100A8/A9共存，与Mono冲突	0
RUN3	FULL290	A	qwen3.8-max	Q6::20	Epithelium	Epithelium	Epithelium	NAMED	majority	B	pass	pass	na	none	KRT12/KRT3/KRT14强上皮marker，文献指向角膜但kb误标Keratocytes	0
RUN3	FULL290	B	glm-5.1	Q6::20	Epithelium	Epithelium	Epithelium	NAMED	majority	B	pass	pass	na	none	KRT12/KRT3/ALDH3A1强命中角膜上皮	0
RUN3	FULL290	A	qwen3.8-max	Q6::21	Fibroblasts	Fibroblasts	Fibroblasts	NAMED	majority	B	pass	pass	na	none	KERA/CEMIP/COL5A2/COL6A3/PDGFD为角膜基质细胞/成纤维细胞标志	0
RUN3	FULL290	B	glm-5.1	Q6::21	Fibroblasts	Fibroblasts	Fibroblasts	NAMED	coarse	B	pass	pass	na	none	KERA/ANGPTL7/COL5A2强命中基质角质/成纤维	0
RUN3	FULL290	A	qwen3.8-max	Q6::22	Fibroblasts	Fibroblasts	Fibroblasts	NAMED	majority	B	pass	pass	na	none	KERA/APOD/ANGPTL7/COL1A2为角膜基质成纤维细胞标志	0
RUN3	FULL290	B	glm-5.1	Q6::22	Fibroblasts	Fibroblasts	Fibroblasts	NAMED	fine-cap	B	pass	pass	na	none	KERA/ANGPTL7强命中角膜基质，COLs支持Fibroblasts	0
RUN3	FULL290	A	qwen3.8-max	Q6::23	Epithelium	Epithelium	Epithelium	NAMED	majority	B	pass	pass	na	none	KRT12/KRT3为角膜上皮特异marker，转录证据强	0
RUN3	FULL290	B	glm-5.1	Q6::23	Epithelium	Epithelium	Epithelium	NAMED	fine-cap	B	pass	pass	na	none	KRT12+KRT3+CLDN4，角膜上皮特异标志	0
RUN3	FULL290	A	qwen3.8-max	Q6::24	Pericytes	Smooth Muscle Cells	Smooth Muscle Cells	NAMED	majority	B	pass	pass	na	none	ACTA2/TAGLN/TPM2/MYL9/PRKG1强命中平滑肌细胞谱系	0
RUN3	FULL290	B	glm-5.1	Q6::24	Pericytes	Smooth Muscle Cells	Smooth Muscle Cells	NAMED	fine-cap	B	pass	unresolved	na	candidate_biology	ACTA2+TAGLN+MYL9+TPM1，平滑肌/肌成纤维	0
RUN3	FULL290	A	qwen3.8-max	Q6::25	Melanocytes	Melanocytes	Melanocytes	NAMED	majority	B	pass	pass	na	none	TYRP1/PMEL/DCT/MLANA/TYR/MITF为黑色素细胞核心标记	0
RUN3	FULL290	B	glm-5.1	Q6::25	Melanocytes	Melanocytes	Melanocytes	NAMED	majority	B	pass	pass	na	none	TYRP1/PMEL/DCT/MLANA/MITF/TYR强命中Melanocytes	0
RUN3	FULL290	A	qwen3.8-max	Q6::26	Immune Cells	Immune Cells	Immune Cells	NAMED	coarse	B	pass	pass	na	none	HLA-DR/CD74/CXCL8/IL1B提示髓系APC，词表限粗注	0
RUN3	FULL290	B	glm-5.1	Q6::26	Immune Cells	coarse:Immune Cells	COARSE	COARSE	coarse	B	pass	pass	na	none	HLA-DRA/CD74/IL1B高表达，髓系免疫特征，归入粗标签Immune Cells	0
RUN3	FULL290	A	qwen3.8-max	Q6::27	Fibroblasts	undetermined	UNDET	UNDET	coarse	C	fail	fail	na	candidate_biology	CXCL8/IL6/CXCL1炎症因子与MGP/CRYAB基质基因混合，无文献支持	0
RUN3	FULL290	B	glm-5.1	Q6::27	Fibroblasts	coarse:Immune Cells	COARSE	COARSE	coarse	C	unresolved	fail	na	candidate_biology	CXCL/IL6强炎症趋化，缺CD标记，与纤维难分	0
RUN3	FULL290	A	qwen3.8-max	Q6::28	Fibroblasts	Fibroblasts	Fibroblasts	NAMED	majority	B	pass	pass	na	none	KERA/ALDH3A1/APOD为角膜基质细胞标志，文献支持	0
RUN3	FULL290	B	glm-5.1	Q6::28	Fibroblasts	coarse:Fibroblasts	COARSE	COARSE	coarse	B	pass	pass	na	out_of_baseline_coverage	KERA/ALDH3A1强命中角膜基质细胞，词表无对应归为粗标签Fibroblasts	0
RUN3	FULL290	A	qwen3.8-max	Q6::29	Epithelium	Epithelium	Epithelium	NAMED	majority	B	pass	pass	na	none	KRT12/KRT3/KRT13/DSG3强命中角膜上皮marker	0
RUN3	FULL290	B	glm-5.1	Q6::29	Epithelium	Epithelium	Epithelium	NAMED	majority	B	pass	pass	na	none	KRT12/KRT3/KRT13强命中，典型角膜上皮标记	0
RUN3	FULL290	A	qwen3.8-max	Q6::3	Epithelium	Immune Cells	Immune Cells	NAMED	majority	B	pass	pass	na	none	S100A8/A9强标记中性粒/单核，属免疫细胞	0
RUN3	FULL290	B	glm-5.1	Q6::3	Epithelium	undetermined	UNDET	UNDET	coarse	C	unresolved	fail	na	technical_suspect	S100A8/A9与KRT6A/14共存，两谱系混合疑双细胞	0
RUN3	FULL290	A	qwen3.8-max	Q6::30	Epithelium	coarse:Epithelium-Immune	COARSE	COARSE	coarse	C	unresolved	fail	na	technical_suspect	S100A8/A9免疫与KRT/MUC16上皮共存，疑双细胞	0
RUN3	FULL290	B	glm-5.1	Q6::30	Epithelium	undetermined	UNDET	UNDET	coarse	C	unresolved	fail	na	technical_suspect	S100A8/A9与KRT7/19共存，双谱系混合疑双细胞	0
RUN3	FULL290	A	qwen3.8-max	Q6::31	Fibroblasts	Fibroblasts	Fibroblasts	NAMED	majority	B	pass	pass	na	none	MYOC/MGP/FBLN1/TIMP3为基质分泌标志，非周细胞特异	0
RUN3	FULL290	B	glm-5.1	Q6::31	Fibroblasts	Pericytes	Pericytes	NAMED	majority	B	pass	pass	na	none	ANGPTL7/IGFBP5/MGP及文献支持Pericytes，词表直接命中	0
RUN3	FULL290	A	qwen3.8-max	Q6::32	Smooth Muscle Cells	Smooth Muscle Cells	Smooth Muscle Cells	NAMED	majority	B	pass	pass	na	none	ACTA2/MYH11/TAGLN/MYL9/DES平滑肌核心基因共表达	0
RUN3	FULL290	B	glm-5.1	Q6::32	Smooth Muscle Cells	Smooth Muscle Cells	Smooth Muscle Cells	NAMED	majority	B	pass	pass	na	candidate_biology	ACTA2/MYH11/TAGLN/MYL9强命中，平滑肌/肌成纤维	0
RUN3	FULL290	A	qwen3.8-max	Q6::33	Fibroblasts	Fibroblasts	Fibroblasts	NAMED	majority	B	pass	pass	na	none	COL1A1/COL1A2/SPARC/KERA强支持成纤维细胞	0
RUN3	FULL290	B	glm-5.1	Q6::33	Fibroblasts	Fibroblasts	Fibroblasts	NAMED	majority	B	pass	pass	na	none	COL1A1/COL1A2/BGN/SPARC强命中Fibroblasts	0
RUN3	FULL290	A	qwen3.8-max	Q6::4	Epithelium	Epithelium	Epithelium	NAMED	majority	B	pass	pass	na	none	KRT15/KRT14/KRT19基底上皮marker，S100A2/AQP3相容，无文献	0
RUN3	FULL290	B	glm-5.1	Q6::4	Epithelium	Epithelium	Epithelium	NAMED	majority	B	pass	pass	na	none	KRT15/KRT14/HOPX/S100A2基底上皮	0
RUN3	FULL290	A	qwen3.8-max	Q6::5	Epithelium	Epithelium	Epithelium	NAMED	majority	B	pass	pass	na	none	KRT12/KRT14/KRT15/DSG3/AQP3为角膜上皮经典标志物组合	0
RUN3	FULL290	B	glm-5.1	Q6::5	Epithelium	Epithelium	Epithelium	NAMED	majority	B	pass	pass	na	none	KRT12/14/15强命中，角膜上皮特异	0
RUN3	FULL290	A	qwen3.8-max	Q6::6	Epithelium	Epithelium	Epithelium	NAMED	majority	B	pass	pass	na	none	KRT14/KRT12/ALDH3A1/DSG3强命中角膜上皮marker	0
RUN3	FULL290	B	glm-5.1	Q6::6	Epithelium	Epithelium	Epithelium	NAMED	majority	B	pass	pass	na	none	KRT14/KRT12/ALDH3A1强命中角膜上皮	0
RUN3	FULL290	A	qwen3.8-max	Q6::7	Endothelium	Endothelium	Endothelium	NAMED	majority	B	pass	pass	na	none	CCL21/LYVE1/MMRN1/CLDN5为淋巴管内皮标志物	0
RUN3	FULL290	B	glm-5.1	Q6::7	Endothelium	Endothelium	Endothelium	NAMED	majority	B	pass	pass	na	none	CLDN5/LYVE1/CCL21强命中，内皮/淋巴管内皮标记	0
RUN3	FULL290	A	qwen3.8-max	Q6::8	Immune Cells	Immune Cells	Immune Cells	NAMED	coarse	B	pass	pass	na	none	PTPRC/IL7R/CCL5/CD69/RUNX3提示T细胞，词表限粗注	0
RUN3	FULL290	B	glm-5.1	Q6::8	Immune Cells	coarse:Immune Cells	COARSE	COARSE	coarse	B	pass	pass	na	none	PTPRC/IL7R/CXCR4强表达，典型T细胞，归入粗标签Immune Cells	0
RUN3	FULL290	A	qwen3.8-max	Q6::9	Epithelium	Epithelium	Epithelium	NAMED	majority	B	pass	pass	na	none	KRT14/KRT17/S100A2/DSG3/AQP3为鳞状上皮典型标志物	0
RUN3	FULL290	B	glm-5.1	Q6::9	Epithelium	Epithelium	Epithelium	NAMED	majority	B	pass	pass	na	none	KRT14/KRT17/KRT15/AQP3高表达，上皮标志明确	0
RUN3	FULL290	A	qwen3.8-max	Q7::0		Rod	Rod	NAMED	majority	B	pass	pass	na	none	Rho/Sag/Pdc/Gnat1/Nr2e3强命中视杆光感受器	0
RUN3	FULL290	B	glm-5.1	Q7::0		Rod	Rod	NAMED	majority	B	pass	pass	na	none	Rho/Gnat1/Gngt1等强命中Rod，文献支持	0
RUN3	FULL290	A	qwen3.8-max	Q7::1	BC	coarse:BC	COARSE	COARSE	coarse	C	unresolved	pass	na	none	Trpm1/Grm5提示ON-BC，Gng13/Cck提示亚型，无kb/lit无法细分	0
RUN3	FULL290	B	glm-5.1	Q7::1	BC	coarse:BC	COARSE	COARSE	coarse	C	unresolved	pass	na	none	Grm5/Trpm1/Gng13提示ON-BC，无kb/lit	0
RUN3	FULL290	A	qwen3.8-max	Q7::10	AC	coarse:AC	COARSE	COARSE	coarse	C	unresolved	pass	na	none	Pax6/Adarb2/Dlgap1提示AC或神经元，无特异marker及kb/lit	0
RUN3	FULL290	B	glm-5.1	Q7::10	AC	coarse:AC	COARSE	COARSE	coarse	C	unresolved	pass	na	none	Pax6/Cxcl14/Adarb2/C1ql1提示AC，无kb/lit	0
RUN3	FULL290	A	qwen3.8-max	Q7::11		AC	AC	NAMED	majority	B	pass	pass	na	none	Gad1/Npy/Calb2/Tfap2b为AC经典marker，kb与文献支持AC	0
RUN3	FULL290	B	glm-5.1	Q7::11		coarse:AC	COARSE	COARSE	coarse	C	unresolved	fail	na	technical_suspect	Gad1/Npy/Calb2(AC)与Col25a1/Igfbp7(间质)共存，疑双细胞	0
RUN3	FULL290	A	qwen3.8-max	Q7::12		AC	AC	NAMED	majority	B	pass	pass	na	none	Tfap2b/Gad1/Cplx3/Sox5/Dlgap1强支持GABA能无长突细胞	0
RUN3	FULL290	B	glm-5.1	Q7::12		AC	AC	NAMED	fine-cap	B	pass	pass	na	none	C1ql1,C1ql2,Gad1,Tfap2b强指示AC	0
RUN3	FULL290	A	qwen3.8-max	Q7::13		Cone	Cone	NAMED	majority	B	pass	pass	na	none	Pde6h/Arr3/Opn1mw/Gnat2等锥体光转导基因强命中，文献支持	0
RUN3	FULL290	B	glm-5.1	Q7::13		Cone	Cone	NAMED	majority	B	pass	pass	na	none	Opn1mw/Gnat2/Pde6c等强命中，文献支持	0
RUN3	FULL290	A	qwen3.8-max	Q7::14		RPE	RPE	NAMED	majority	B	pass	pass	na	none	Rpe65/Rlbp1/Ttr/Rdh5强命中RPE核心marker	0
RUN3	FULL290	B	glm-5.1	Q7::14		RPE	RPE	NAMED	majority	B	pass	pass	na	none	Rpe65/Rdh5/Rlbp1/Ttr强命中RPE	0
RUN3	FULL290	A	qwen3.8-max	Q7::15		Cone	Cone	NAMED	majority	B	pass	pass	na	none	Cngb3为视锥特异marker，Pcp2/Prkg1/Gng13支持光感受器身份	0
RUN3	FULL290	B	glm-5.1	Q7::15		undetermined	UNDET	UNDET	coarse	C	fail	fail	unresolved	technical_suspect	Cngb3(Cone)与Pcp2(BC)共存，双谱系冲突	0
RUN3	FULL290	A	qwen3.8-max	Q7::17		Rod	Rod	NAMED	majority	B	pass	pass	na	none	Rho/Pdc/Sag/Gnat1等视杆核心marker强命中，文献支持	0
RUN3	FULL290	B	glm-5.1	Q7::17		Rod	Rod	NAMED	majority	B	pass	pass	na	none	Rho/Sag/Gnat1强命中，文献支持	0
RUN3	FULL290	A	qwen3.8-max	Q7::18	Rod	Rod	Rod	NAMED	majority	B	pass	pass	na	none	Rho/Pde6g/Gnat1/Nrl等视杆光感受器核心marker强富集	0
RUN3	FULL290	B	glm-5.1	Q7::18	Rod	Rod	Rod	NAMED	majority	B	pass	pass	na	none	Rho/Gnat1/Nrl等核心marker强命中Rod	0
RUN3	FULL290	A	qwen3.8-max	Q7::19		Rod	Rod	NAMED	majority	B	pass	pass	na	none	Rho/Sag/Pde6a/Pde6b/Prph2强命中视杆光感受器	0
RUN3	FULL290	B	glm-5.1	Q7::19		Rod	Rod	NAMED	majority	B	pass	pass	na	none	Rho/Sag/Pde6a等top基因强命中Rod，文献支持	0
RUN3	FULL290	A	qwen3.8-max	Q7::20		Rod	Rod	NAMED	majority	B	pass	pass	na	none	Rho/Sag/Pdc/Rp1/Pde6a/Prph2为视杆光感受器核心标志，文献一致	0
RUN3	FULL290	B	glm-5.1	Q7::20		coarse:Rod	COARSE	COARSE	coarse	C	pass	fail	na	technical_suspect	Rho,Sag强命中Rod，但Sncg共存，疑双细胞或污染	0
RUN3	FULL290	A	qwen3.8-max	Q7::21		coarse:BC_or_Cone	COARSE	COARSE	coarse	C	unresolved	unresolved	na	none	Cngb3/Pcp2/Cabp5提示光感受器或BC，无kb/lit支持定论	0
RUN3	FULL290	B	glm-5.1	Q7::21		undetermined	UNDET	UNDET	coarse	C	fail	fail	unresolved	technical_suspect	Gngt1(Cone)与Pcp2/Cabp5(BC)双谱系核心marker共存	0
RUN3	FULL290	A	qwen3.8-max	Q7::22		coarse:BC	COARSE	COARSE	coarse	C	unresolved	pass	na	none	Pcp2/Cabp5/Gng13提示BC，Cntn5/Kcnb2共存，无kb/lit无法细分	0
RUN3	FULL290	B	glm-5.1	Q7::22		undetermined	UNDET	UNDET	coarse	C	fail	fail	na	technical_suspect	Gng13/Pcp2(BC)与Gabrr2/Il1rapl2(AC)共存，疑双细胞	0
RUN3	FULL290	A	qwen3.8-max	Q7::23		coarse:BC_or_Cone	COARSE	COARSE	coarse	C	unresolved	unresolved	na	none	Grik1/Cacna2d1提示BC，Cngb3提示Cone，无kb/lit无法区分	0
RUN3	FULL290	B	glm-5.1	Q7::23		undetermined	UNDET	UNDET	coarse	C	unresolved	unresolved	na	none	Cngb3(Cone)与Grik1(BC)共存，无kb/lit，难定	0
RUN3	FULL290	A	qwen3.8-max	Q7::24		undetermined	UNDET	UNDET	coarse	C	fail	unresolved	na	none	Gad1提示抑制性神经元但无特异marker，kb/lit均无命中	0
RUN3	FULL290	B	glm-5.1	Q7::24		AC	AC	NAMED	majority	B	pass	pass	na	none	Gad1及C1ql1/C1ql2强指示AC	0
RUN3	FULL290	A	qwen3.8-max	Q7::25		AC	AC	NAMED	majority	B	pass	pass	na	none	Gad1缺失但Ebf1/Grik2/Pax6/Slc6a9组合强支持无长突细胞身份	0
RUN3	FULL290	B	glm-5.1	Q7::25		AC	AC	NAMED	majority	B	pass	pass	na	none	Pax6/Grik2/Slc6a9/Dab1强命中AC	0
RUN3	FULL290	A	qwen3.8-max	Q7::26		coarse:BC	COARSE	COARSE	coarse	C	unresolved	pass	na	none	Cabp5提示双极细胞，但缺乏亚型特异marker，分辨率不足	0
RUN3	FULL290	B	glm-5.1	Q7::26		AC	AC	NAMED	majority	B	pass	pass	na	none	Grik1/Cabp5/Scgn/Slit2强命中AC	0
RUN3	FULL290	A	qwen3.8-max	Q7::27		coarse:BC	COARSE	COARSE	coarse	C	unresolved	pass	na	none	Pcp2/Gng13/Grm5提示BC，Reln/Gabrr2共存，无kb/lit无法细分	0
RUN3	FULL290	B	glm-5.1	Q7::27		undetermined	UNDET	UNDET	coarse	C	fail	fail	na	technical_suspect	Grm5/Gng13(BC)与Gabrr2/Reln(AC)共存，疑双细胞	0
RUN3	FULL290	A	qwen3.8-max	Q7::29		BC	BC	NAMED	majority	B	pass	pass	na	none	Prkca/Pcp2/Trpm1/Gng13/Rgs7为ON双极细胞经典组合	0
RUN3	FULL290	B	glm-5.1	Q7::29		BC	BC	NAMED	majority	B	pass	pass	na	none	Pcp2/Trpm1/Prkca/Gng13强命中，典型视杆双极细胞	0
RUN3	FULL290	A	qwen3.8-max	Q7::3	Micro	Micro	Micro	NAMED	majority	B	pass	pass	na	none	C1qa/b/c/Cx3cr1/Trem2/Csf1r/Tyrobp为小胶质细胞经典标志组合	0
RUN3	FULL290	B	glm-5.1	Q7::3	Micro	Micro	Micro	NAMED	fine-cap	B	pass	pass	na	none	C1qa,Hexb,Trem2,Cx3cr1强命中Micro，与kb/lit一致	0
RUN3	FULL290	A	qwen3.8-max	Q7::30		coarse:neuron	COARSE	COARSE	coarse	C	unresolved	pass	na	none	Nfia/Meis2提示神经元但缺乏特异标记，kb/lit均无，给粗标签	0
RUN3	FULL290	B	glm-5.1	Q7::30		undetermined	UNDET	UNDET	coarse	C	unresolved	fail	na	technical_suspect	Cabp5(BC)与Nfia/Meis2(AC)共存，疑双细胞	0
RUN3	FULL290	A	qwen3.8-max	Q7::31		AC	AC	NAMED	majority	B	pass	pass	na	none	Gad1/Tfap2b/Cartpt/Npy为AC marker，kb与文献均支持AC	0
RUN3	FULL290	B	glm-5.1	Q7::31		AC	AC	NAMED	majority	B	pass	pass	na	none	Gad1/Tfap2b/Cartpt强命中AC，HC可排除	0
RUN3	FULL290	A	qwen3.8-max	Q7::32		BC	BC	NAMED	majority	B	pass	pass	na	none	Gabra1/Grik1/Cabp5/Glra1双极细胞突触标记强命中，文献支持	0
RUN3	FULL290	B	glm-5.1	Q7::32		BC	BC	NAMED	majority	B	pass	pass	na	none	Cabp5/Scgn/Otx2/Neurod4强命中BC，文献支持	0
RUN3	FULL290	A	qwen3.8-max	Q7::33		RGC	RGC	NAMED	majority	B	pass	pass	na	conflicts_with_literature	Sncg/Thy1/Nefm/Pvalb/Ebf1强支持RGC；kb/lit误指周细胞	0
RUN3	FULL290	B	glm-5.1	Q7::33		RGC	RGC	NAMED	fine-cap	B	pass	pass	na	conflicts_with_literature	Sncg,Thy1,Nefm强命中RGC，与kb/lit的Pericyte冲突	0
RUN3	FULL290	A	qwen3.8-max	Q7::34		RGC	RGC	NAMED	majority	B	pass	pass	na	conflicts_with_literature	Sncg/Thy1/Ebf1/Nefm强支持RGC；kb误排Pericyte与神经元谱系冲突	0
RUN3	FULL290	B	glm-5.1	Q7::34		RGC	RGC	NAMED	majority	B	pass	pass	na	out_of_baseline_coverage	Sncg/Thy1强命中RGC，kb/lit超基线	0
RUN3	FULL290	A	qwen3.8-max	Q7::35		RGC	RGC	NAMED	majority	B	pass	pass	na	conflicts_with_literature	Thy1/Sncg/Nefm/Stmn2为RGC经典marker，kb误排Pericyte	0
RUN3	FULL290	B	glm-5.1	Q7::35		RGC	RGC	NAMED	majority	B	pass	pass	na	out_of_baseline_coverage	Sncg,Thy1,Nefm强命中RGC;kb排名超基线	0
RUN3	FULL290	A	qwen3.8-max	Q7::36		RGC	RGC	NAMED	majority	B	pass	pass	na	conflicts_with_literature	Cartpt/Sncg/Thy1/Nrn1/Nefm为RGC标志，kb排名误导向周细胞	0
RUN3	FULL290	B	glm-5.1	Q7::36		undetermined	UNDET	UNDET	coarse	C	unresolved	pass	na	out_of_baseline_coverage	KB指向Pericyte/Fibroblast不在Q7词表，无基因命中	0
RUN3	FULL290	A	qwen3.8-max	Q7::37		RGC	RGC	NAMED	majority	B	pass	pass	na	conflicts_with_literature	Sncg/Thy1/Nefm/Cntnap2强支持RGC；kb/lit误指周细胞	0
RUN3	FULL290	B	glm-5.1	Q7::37		RGC	RGC	NAMED	fine-cap	B	pass	pass	na	conflicts_with_literature	Sncg,Nefm,Thy1强命中RGC，与kb/lit的Pericyte冲突	0
RUN3	FULL290	A	qwen3.8-max	Q7::38		coarse:BC_HC	COARSE	COARSE	coarse	C	unresolved	fail	na	none	Pcp2/Trpm1/Gpr179(ON-BC)与Prox1/Prkca(HC/BC)共存，谱系混合	0
RUN3	FULL290	B	glm-5.1	Q7::38		BC	BC	NAMED	majority	B	pass	pass	na	none	Pcp2,Trpm1,Cabp5,Gpr179强命中BC	0
RUN3	FULL290	A	qwen3.8-max	Q7::39		AC	AC	NAMED	majority	B	pass	pass	na	none	Dab1/Tfap2b/Gabrg3为无长突细胞经典marker，文献支持	0
RUN3	FULL290	B	glm-5.1	Q7::39		AC	AC	NAMED	majority	B	pass	pass	na	none	Tfap2b/Slc6a9/Lamp5强命中AC，kb与lit一致	0
RUN3	FULL290	A	qwen3.8-max	Q7::4		BC	BC	NAMED	coarse	B	pass	pass	na	none	Prkca/Pcp2/Trpm1/Grm6为双极细胞标志基因，转录证据强	0
RUN3	FULL290	B	glm-5.1	Q7::4		BC	BC	NAMED	majority	B	pass	pass	na	none	Pcp2/Trpm1/Prkca/Gng13强命中BC	0
RUN3	FULL290	A	qwen3.8-max	Q7::40		coarse:interneuron	COARSE	COARSE	coarse	C	unresolved	pass	na	none	Grm5/Trpm1/Gng13提示双极或无长突，证据不足无法细分	0
RUN3	FULL290	B	glm-5.1	Q7::40		undetermined	UNDET	UNDET	coarse	C	fail	unresolved	na	none	证据卡无KB命中与文献，无法定身份	0
RUN3	FULL290	A	qwen3.8-max	Q7::41		RGC	RGC	NAMED	majority	B	pass	pass	na	conflicts_with_literature	Calb2/Sncg/Thy1/Ebf1/Stmn2强支持RGC；kb误排间质细胞	0
RUN3	FULL290	B	glm-5.1	Q7::41		RGC	RGC	NAMED	majority	B	pass	pass	na	out_of_baseline_coverage	Sncg/Calb2/Thy1强命中RGC，kb/lit超基线	0
RUN3	FULL290	A	qwen3.8-max	Q7::42	AC	AC	AC	NAMED	majority	B	pass	pass	na	none	Gad1/Slc32a1/Tfap2b为GABA能AC marker，排除HC	0
RUN3	FULL290	B	glm-5.1	Q7::42	AC	AC	AC	NAMED	majority	B	pass	pass	na	none	Gad1/Slc32a1/Slc6a1/Tfap2b强命中AC，HC特异marker缺	0
RUN3	FULL290	A	qwen3.8-max	Q7::43		RGC	RGC	NAMED	majority	B	pass	pass	na	conflicts_with_literature	Sncg/Thy1/Ebf1/Nefm/Kcnip4强支持RGC；kb误排Pericyte	0
RUN3	FULL290	B	glm-5.1	Q7::43		RGC	RGC	NAMED	majority	B	pass	pass	na	out_of_baseline_coverage	Sncg/Calb2/Thy1强命中RGC，kb/lit超基线	0
RUN3	FULL290	A	qwen3.8-max	Q7::44		RGC	RGC	NAMED	majority	B	pass	pass	na	conflicts_with_literature	Thy1/Sncg/Nefm/Cartpt/Ebf1强命中RGC，kb排名Pericyte为检索伪影	0
RUN3	FULL290	B	glm-5.1	Q7::44		RGC	RGC	NAMED	fine-cap	B	pass	pass	na	out_of_baseline_coverage	Sncg,Thy1,Nefm强命中RGC，kb/lit未覆盖	0
RUN3	FULL290	A	qwen3.8-max	Q7::46	RGC	RGC	RGC	NAMED	majority	B	pass	pass	na	conflicts_with_literature	Sncg/Thy1/Nefm/Stmn2强支持RGC；kb/lit误指周细胞	0
RUN3	FULL290	B	glm-5.1	Q7::46	RGC	RGC	RGC	NAMED	fine-cap	B	pass	pass	na	conflicts_with_literature	Sncg,Thy1,Nefm强命中RGC，与kb/lit的Pericyte冲突	0
RUN3	FULL290	A	qwen3.8-max	Q7::47		RGC	RGC	NAMED	majority	B	pass	pass	na	conflicts_with_literature	Thy1/Sncg/Ebf1为RGC核心marker；kb误排间质系	0
RUN3	FULL290	B	glm-5.1	Q7::47		RGC	RGC	NAMED	majority	B	pass	pass	na	conflicts_with_literature	Sncg/Vsnl1/Thy1强指示RGC，与kb/lit冲突	0
RUN3	FULL290	A	qwen3.8-max	Q7::48		Rod	Rod	NAMED	majority	B	pass	pass	na	none	Rho/Pde6g/Gnat1等视杆核心marker强命中，文献支持	0
RUN3	FULL290	B	glm-5.1	Q7::48		Rod	Rod	NAMED	majority	B	pass	pass	na	none	Rho/Sag/Pde6g强命中，kb与lit一致	0
RUN3	FULL290	A	qwen3.8-max	Q7::49		RGC	RGC	NAMED	majority	B	pass	pass	na	conflicts_with_literature	Thy1/Sncg/Nefm/Ebf1为RGC核心marker；kb误排周细胞与文献冲突	0
RUN3	FULL290	B	glm-5.1	Q7::49		RGC	RGC	NAMED	majority	B	pass	pass	na	none	Sncg/Nefm/Thy1/Calb2强命中RGC	0
RUN3	FULL290	A	qwen3.8-max	Q7::5		coarse:vascular	COARSE	COARSE	coarse	C	unresolved	fail	na	technical_suspect	Endo(Flt1/Cldn5)与Pericyte(Rgs5)marker共存，疑双细胞	0
RUN3	FULL290	B	glm-5.1	Q7::5		coarse:Endothelium	COARSE	COARSE	coarse	C	pass	unresolved	na	out_of_baseline_coverage	Cldn5/Flt1命Endo，Rgs5/Mgp命Pericyte，超Q7基线	0
RUN3	FULL290	A	qwen3.8-max	Q7::50		RGC	RGC	NAMED	majority	B	pass	pass	na	conflicts_with_literature	Thy1/Sncg/Nefm/Ebf1/Cartpt为RGC标志，kb排名Pericyte系跨组织误匹配	0
RUN3	FULL290	B	glm-5.1	Q7::50		RGC	RGC	NAMED	fine-cap	B	pass	pass	na	out_of_baseline_coverage	Sncg,Thy1,Nefm强命中RGC，kb/lit未覆盖	0
RUN3	FULL290	A	qwen3.8-max	Q7::51		RGC	RGC	NAMED	majority	B	pass	pass	na	none	Sncg/Thy1/Ebf1/Stmn2为小鼠RGC经典marker，转录证据强	0
RUN3	FULL290	B	glm-5.1	Q7::51		RGC	RGC	NAMED	majority	B	pass	pass	na	none	Sncg/Calb2/Thy1强命中RGC，无冲突	0
RUN3	FULL290	A	qwen3.8-max	Q7::52	RGC	RGC	RGC	NAMED	majority	B	pass	pass	na	conflicts_with_literature	Sncg/Thy1/Nefm/Stmn2为RGC经典标记，kb误排周细胞	0
RUN3	FULL290	B	glm-5.1	Q7::52	RGC	RGC	RGC	NAMED	majority	B	pass	pass	na	none	Sncg/Thy1/Nefm/Calb2强命中RGC，kb/lit指向间质不符	0
RUN3	FULL290	A	qwen3.8-max	Q7::53		RGC	RGC	NAMED	majority	B	pass	pass	na	conflicts_with_literature	Sncg/Thy1/Nefm/Foxp2为RGC标记，与Q7::52相似，kb误排	0
RUN3	FULL290	B	glm-5.1	Q7::53		RGC	RGC	NAMED	majority	B	pass	pass	na	none	Sncg/Thy1/Nefm/Calb2强命中RGC，kb/lit指向间质不符	0
RUN3	FULL290	A	qwen3.8-max	Q7::54		coarse:BC	COARSE	COARSE	coarse	C	unresolved	fail	na	technical_suspect	Prkca/Pcp2(Rod BC)与Trpm1(ON BC)共存，Xist提示性别混合双细胞	0
RUN3	FULL290	B	glm-5.1	Q7::54		BC	BC	NAMED	majority	B	pass	pass	na	none	Prkca/Pcp2/Trpm1强命中BC	0
RUN3	FULL290	A	qwen3.8-max	Q7::57		RGC	RGC	NAMED	majority	B	pass	pass	na	conflicts_with_literature	Sncg/Thy1/Nrn1/Stmn2/Ebf1为RGC标志，kb排名误导向周细胞	0
RUN3	FULL290	B	glm-5.1	Q7::57		undetermined	UNDET	UNDET	coarse	C	unresolved	pass	na	out_of_baseline_coverage	KB指向Pericyte/Fibroblast不在Q7词表，无基因命中	0
RUN3	FULL290	A	qwen3.8-max	Q7::58	RGC	RGC	RGC	NAMED	majority	B	pass	pass	na	conflicts_with_literature	Thy1/Sncg/Nefm/Tac1/Pvalb支持RGC或AC亚群，整体偏RGC，kb排名错误	0
RUN3	FULL290	B	glm-5.1	Q7::58	RGC	RGC	RGC	NAMED	fine-cap	B	pass	pass	na	out_of_baseline_coverage	Sncg,Thy1,Nefm强命中RGC，kb/lit未覆盖	0
RUN3	FULL290	A	qwen3.8-max	Q7::59		BC	BC	NAMED	majority	B	pass	pass	na	none	Vsx1/Trpm1/Grm6/Gpr179为ON-BC核心marker	0
RUN3	FULL290	B	glm-5.1	Q7::59		BC	BC	NAMED	majority	B	pass	pass	na	none	Vsx1/Trpm1/Grm6/Pcp2强命中BC	0
RUN3	FULL290	A	qwen3.8-max	Q7::6		MG	MG	NAMED	majority	B	pass	pass	na	none	Glul/Rlbp1/Slc1a3/Dkk3为Müller胶质细胞经典marker，kb排名支持	0
RUN3	FULL290	B	glm-5.1	Q7::6		MG	MG	NAMED	majority	B	pass	pass	na	none	Glul/Rlbp1/Slc1a3强命中MG，排除Mac	0
RUN3	FULL290	A	qwen3.8-max	Q7::60		BC	BC	NAMED	majority	B	pass	pass	na	none	Pcp2/Gngt1/Otx2/Lhx4强命中BC，文献支持	0
RUN3	FULL290	B	glm-5.1	Q7::60		BC	BC	NAMED	majority	B	pass	pass	na	none	Pcp2/Gng13/Gnb3/Otx2强命中BC，文献支持	0
RUN3	FULL290	A	qwen3.8-max	Q7::61		undetermined	UNDET	UNDET	coarse	C	unresolved	unresolved	na	none	Pax6/Grid2/Ebf1提示神经元但无kb命中与文献，证据不足	0
RUN3	FULL290	B	glm-5.1	Q7::61		coarse:AC	COARSE	COARSE	coarse	C	unresolved	fail	na	technical_suspect	Pax6/Lamp5/Slc6a9(AC)与Slc1a3(MG)共存，疑双细胞	0
RUN3	FULL290	A	qwen3.8-max	Q7::62		coarse:BC/HC	COARSE	COARSE	coarse	C	unresolved	fail	na	candidate_biology	Grm6/Trpm1(BC)与Gabrr2(HC)共存，无法区分亚型	0
RUN3	FULL290	B	glm-5.1	Q7::62		BC	BC	NAMED	majority	B	pass	pass	na	none	Trpm1/Grm6/Cabp5强命中BC，无HC核心marker	0
RUN3	FULL290	A	qwen3.8-max	Q7::63	BC	BC	BC	NAMED	majority	B	pass	pass	na	none	Trpm1/Grm6/Gnb3为ON-BC核心marker，Isl1/Vsx1支持BC，文献一致	0
RUN3	FULL290	B	glm-5.1	Q7::63	BC	BC	BC	NAMED	majority	B	pass	pass	na	none	Trpm1/Grm6/Vsx1强命中BC，HC可排除	0
RUN3	FULL290	A	qwen3.8-max	Q7::64		RGC	RGC	NAMED	majority	B	pass	pass	na	conflicts_with_literature	Sncg/Thy1/Nefm为RGC经典marker，kb误排Pericyte	0
RUN3	FULL290	B	glm-5.1	Q7::64		RGC	RGC	NAMED	majority	B	pass	pass	na	none	Sncg/Thy1/Nefm强命中RGC，KB排名非视网膜类不计	0
RUN3	FULL290	A	qwen3.8-max	Q7::7		AC	AC	NAMED	majority	B	pass	pass	na	none	Slc6a9/Slc32a1/Tfap2b/Pax6/Lamp5/Gabra3强支持无长突细胞	0
RUN3	FULL290	B	glm-5.1	Q7::7		AC	AC	NAMED	fine-cap	B	pass	pass	na	none	Lamp5,Tfap2b,Pax6,Slc32a1强指示AC	0
RUN3	FULL290	A	qwen3.8-max	Q7::8	AC	AC	AC	NAMED	majority	B	pass	pass	na	none	Gad1/Slc6a1/Slc32a1/Tfap2b/Pax6强支持GABA能AC	0
RUN3	FULL290	B	glm-5.1	Q7::8	AC	AC	AC	NAMED	majority	B	pass	pass	na	none	Gad1,Slc32a1,Pax6强命中AC	0
RUN3	FULL290	A	qwen3.8-max	Q7::9		coarse:AC/HC	COARSE	COARSE	coarse	C	unresolved	pass	na	none	Gad1/Kcnip1支持AC，但AC与HC候选冲突，分辨率不足	0
RUN3	FULL290	B	glm-5.1	Q7::9		AC	AC	NAMED	majority	B	pass	pass	na	none	Gad1/Tfap2b/Nrg1强命中AC，HC可排除	0
RUN3	FULL290	A	qwen3.8-max	Q8::0		coarse:dev-progenitor	COARSE	COARSE	coarse	C	unresolved	fail	na	candidate_biology	OTX2/FABP7/NFIB提示RPC，但NEUROD4/GRIK1共存示多谱系混合	0
RUN3	FULL290	B	glm-5.1	Q8::0		coarse:BC	COARSE	COARSE	coarse	C	pass	unresolved	na	candidate_biology	OTX2/NEUROD4支持BC，NFIB/FABP7提示前体残留	0
RUN3	FULL290	A	qwen3.8-max	Q8::1		undetermined	UNDET	UNDET	coarse	C	unresolved	unresolved	na	none	EYS/THRB/RORB/SLC1A3多谱系混杂，无法定单一身份	0
RUN3	FULL290	B	glm-5.1	Q8::1		undetermined	UNDET	UNDET	coarse	C	fail	fail	na	technical_suspect	EYS(感光)与SLC1A3/NFIA(MG)共存，双谱系混合	0
RUN3	FULL290	A	qwen3.8-max	Q8::10		coarse:dev-photoreceptor	COARSE	COARSE	coarse	C	unresolved	unresolved	na	candidate_biology	EYS/USH2A/RP1/NR2E3/RCVRN光感受器基因，胎儿材料证据薄给coarse	0
RUN3	FULL290	B	glm-5.1	Q8::10		coarse:dev-Photoreceptor	COARSE	COARSE	coarse	C	pass	unresolved	na	candidate_biology	EYS/USH2A/RP1/RCVRN指向感光，胎儿期难分Rod/Cone	0
RUN3	FULL290	A	qwen3.8-max	Q8::11		undetermined	UNDET	UNDET	coarse	C	unresolved	pass	na	none	VSX1提示BC但整体证据薄，Q8禁硬注成人类型	0
RUN3	FULL290	B	glm-5.1	Q8::11		coarse:dev-interneuron	COARSE	COARSE	coarse	C	unresolved	unresolved	na	candidate_biology	VSX1/OTX2-AS1提示BC倾向，缺强证，内层神经元	0
RUN3	FULL290	A	qwen3.8-max	Q8::12		undetermined	UNDET	UNDET	coarse	C	fail	unresolved	na	none	无kb命中无文献，TRPM1/VSX1提示BC但证据不足	0
RUN3	FULL290	B	glm-5.1	Q8::12		coarse:dev-BC	COARSE	COARSE	coarse	C	unresolved	pass	na	none	TRPM1/VSX1/GRM5提示BC，胎儿期发育身份	0
RUN3	FULL290	A	qwen3.8-max	Q8::13		coarse:dev-neuron	COARSE	COARSE	coarse	C	unresolved	unresolved	na	none	EBF1/GAP43/ELAVL2提示发育神经元，无kb/lit支持细分	0
RUN3	FULL290	B	glm-5.1	Q8::13		coarse:dev-neuron	COARSE	COARSE	coarse	C	pass	unresolved	na	none	GAP43/ELAVL2/4/CNTN2提示神经元，胎儿期难定RGC/AC	0
RUN3	FULL290	A	qwen3.8-max	Q8::14		coarse:dev-progenitor	COARSE	COARSE	coarse	C	unresolved	pass	na	candidate_biology	TOP2A/CENPF/MYBL1增殖+ATOH7/RORB早期TF，发育祖细胞	0
RUN3	FULL290	B	glm-5.1	Q8::14		coarse:dev-RPC	COARSE	COARSE	coarse	B	pass	pass	na	candidate_biology	TOP2A/CENPF/ATOH7高表达，增殖与视网膜祖细胞特征	0
RUN3	FULL290	A	qwen3.8-max	Q8::15		undetermined	UNDET	UNDET	coarse	C	fail	unresolved	na	none	无kb命中无文献，top基因无明确视网膜谱系marker，证据不足	0
RUN3	FULL290	B	glm-5.1	Q8::15		undetermined	UNDET	UNDET	coarse	C	fail	unresolved	na	none	无kb/lit命中，top基因缺乏视网膜特异身份证据	0
RUN3	FULL290	A	qwen3.8-max	Q8::16		undetermined	UNDET	UNDET	coarse	C	fail	unresolved	na	none	无kb命中无文献，top基因无法对应任何视网膜身份	0
RUN3	FULL290	B	glm-5.1	Q8::16		undetermined	UNDET	UNDET	coarse	C	fail	unresolved	na	none	胎儿视网膜，无成人marker，无kb/lit证据	0
RUN3	FULL290	A	qwen3.8-max	Q8::17		undetermined	UNDET	UNDET	coarse	C	fail	unresolved	na	none	NFIA/GLI3/RORB混合，无kb/lit支持，无法定身份	0
RUN3	FULL290	B	glm-5.1	Q8::17		coarse:dev-Glial	COARSE	COARSE	coarse	C	unresolved	unresolved	na	candidate_biology	NFIA/GLI3/WNT5B指向胶质发育，缺SLC1A3难定Astro/MG	0
RUN3	FULL290	A	qwen3.8-max	Q8::18		coarse:dev-glial	COARSE	COARSE	coarse	C	unresolved	unresolved	na	candidate_biology	NFIA/NFIB/SLC1A3胶质标记，GLI3/WIF1提示发育态，kb仅Astro证据薄	0
RUN3	FULL290	B	glm-5.1	Q8::18		Astro	Astro	NAMED	majority	B	pass	unresolved	na	candidate_biology	SLC1A3/NFIA/NFIB及文献支持Astro	0
RUN3	FULL290	A	qwen3.8-max	Q8::19		undetermined	UNDET	UNDET	coarse	C	fail	unresolved	na	none	无kb命中无文献，ROBO1/TFAP2B泛神经标记，无法定类	0
RUN3	FULL290	B	glm-5.1	Q8::19		coarse:dev-AC	COARSE	COARSE	coarse	C	unresolved	pass	na	candidate_biology	TFAP2B/RUNX1T1/MYT1L提示AC或未成熟神经元	0
RUN3	FULL290	A	qwen3.8-max	Q8::2		coarse:dev-photoreceptor	COARSE	COARSE	coarse	C	unresolved	pass	na	candidate_biology	EYS/RP1/RCVRN/NR2E3提示光感受器谱系，胎儿材料证据薄给粗标签	0
RUN3	FULL290	B	glm-5.1	Q8::2		coarse:dev-photoreceptor	COARSE	COARSE	coarse	C	pass	unresolved	na	candidate_biology	OTX2/NR2E3/RCVRN/EYS强命中感光，胎儿宜粗标	0
RUN3	FULL290	A	qwen3.8-max	Q8::20		coarse:dev-neuron	COARSE	COARSE	coarse	C	unresolved	unresolved	na	none	RALYL/GRM泛神经基因，无kb/lit证据，仅能粗注	0
RUN3	FULL290	B	glm-5.1	Q8::20		coarse:dev-BC	COARSE	COARSE	coarse	B	pass	pass	na	candidate_biology	GRM7+MEIS2+MYT1L提示未成熟BC	0
RUN3	FULL290	A	qwen3.8-max	Q8::21		coarse:dev-progenitor	COARSE	COARSE	coarse	B	pass	pass	na	candidate_biology	MKI67/TOP2A/ASPM强增殖标记，lit支持Proliferating	0
RUN3	FULL290	B	glm-5.1	Q8::21		RPC	RPC	NAMED	coarse	B	pass	pass	na	none	TOP2A/MKI67/ASPM等增殖marker齐备，符合胎儿RPC	0
RUN3	FULL290	A	qwen3.8-max	Q8::22		coarse:dev-neuron	COARSE	COARSE	coarse	C	unresolved	unresolved	na	none	ADARB2/DSCAM/ERBB4泛神经基因，无kb/lit无法定具体类型	0
RUN3	FULL290	B	glm-5.1	Q8::22		coarse:dev-AC	COARSE	COARSE	coarse	B	pass	pass	na	candidate_biology	ADARB2+MEIS2+ERBB4提示未成熟AC	0
RUN3	FULL290	A	qwen3.8-max	Q8::23		undetermined	UNDET	UNDET	coarse	C	unresolved	pass	na	none	DCC/DSCAM/MEIS2神经元相关但无特异marker与文献	0
RUN3	FULL290	B	glm-5.1	Q8::23		coarse:dev-interneuron	COARSE	COARSE	coarse	C	unresolved	unresolved	na	candidate_biology	MEIS2/GRM8/DCC等发育与神经元基因，缺成熟亚型marker	0
RUN3	FULL290	A	qwen3.8-max	Q8::24		coarse:dev-neuron	COARSE	COARSE	coarse	C	unresolved	unresolved	na	none	RORB/DAB1/GRIK2提示神经元，证据不足无法细分	0
RUN3	FULL290	B	glm-5.1	Q8::24		coarse:HC	COARSE	COARSE	coarse	C	pass	unresolved	na	none	DAB1/GRIK2/CNTN3提示水平细胞，胎儿期证据偏粗	0
RUN3	FULL290	A	qwen3.8-max	Q8::25		coarse:dev-neuron	COARSE	COARSE	coarse	C	unresolved	unresolved	na	none	ONECUT1/2/RORB/ADARB2混合多谱系标记，分辨率不足	0
RUN3	FULL290	B	glm-5.1	Q8::25		coarse:dev-interneuron	COARSE	COARSE	coarse	C	unresolved	unresolved	na	candidate_biology	ADARB2与ONECUT1/2共存，未成熟interneuron	0
RUN3	FULL290	A	qwen3.8-max	Q8::26		coarse:dev-interneuron	COARSE	COARSE	coarse	C	unresolved	fail	na	candidate_biology	ONECUT1/2+PROX1提示AC/HC前体，胎儿期未分化，AC/HC共存致分辨率不足	0
RUN3	FULL290	B	glm-5.1	Q8::26		coarse:AC	COARSE	COARSE	coarse	C	pass	fail	na	none	PROX1/ONECUT1支持内层神经元，AC/HC难分	0
RUN3	FULL290	A	qwen3.8-max	Q8::27		undetermined	UNDET	UNDET	coarse	C	fail	unresolved	na	none	无kb命中无文献，RELN/POU6F2泛神经元标记，无法定类	0
RUN3	FULL290	B	glm-5.1	Q8::27		coarse:dev-AC	COARSE	COARSE	coarse	C	unresolved	pass	na	candidate_biology	RELN/MEGF10/RUNX1T1提示AC或前体，胎儿期证据不足	0
RUN3	FULL290	A	qwen3.8-max	Q8::28		coarse:dev-glial	COARSE	COARSE	coarse	C	unresolved	pass	na	none	SLC1A3/NFIA/PAX2/WIF1提示胶质/MG方向，证据薄仅给粗标签	0
RUN3	FULL290	B	glm-5.1	Q8::28		coarse:dev-glia	COARSE	COARSE	coarse	C	unresolved	pass	na	none	SLC1A3/PAX2/NFIA提示胶质，发育期缺成熟标志给粗标	0
RUN3	FULL290	A	qwen3.8-max	Q8::29		coarse:dev-photoreceptor	COARSE	COARSE	coarse	C	unresolved	unresolved	na	candidate_biology	THRB/EYS/DCT提示锥体或光感受器前体，胎儿期缺乏强成人分类证据	0
RUN3	FULL290	B	glm-5.1	Q8::29		undetermined	UNDET	UNDET	coarse	C	unresolved	fail	na	technical_suspect	EYS/THRB指向光感受器，DCT指向RPE，双谱系共存	0
RUN3	FULL290	A	qwen3.8-max	Q8::3		RGC	RGC	NAMED	majority	B	pass	pass	na	none	RBPMS/POU6F2/EBF1/DCC/GAP43强命中RGC，文献支持	0
RUN3	FULL290	B	glm-5.1	Q8::3		RGC	RGC	NAMED	majority	B	pass	pass	na	none	RBPMS/ELAVL4/DCC强命中，文献支持RGC	0
RUN3	FULL290	A	qwen3.8-max	Q8::30		coarse:dev-photoreceptor	COARSE	COARSE	coarse	C	unresolved	unresolved	na	none	EYS/USH2A/RP1/THRB提示光感受器，但胎儿期无kb/lit强证	0
RUN3	FULL290	B	glm-5.1	Q8::30		coarse:dev-PR	COARSE	COARSE	coarse	B	pass	pass	na	candidate_biology	EYS+USH2A+RP1强提示未成熟光感受器	0
RUN3	FULL290	A	qwen3.8-max	Q8::31		coarse:dev-neuron	COARSE	COARSE	coarse	C	unresolved	unresolved	na	none	GRIK1/GABRB3/NRXN3提示神经元谱系，证据薄无法细分	0
RUN3	FULL290	B	glm-5.1	Q8::31		coarse:dev-interneuron	COARSE	COARSE	coarse	C	pass	unresolved	na	none	GRIK1/GABRB3/CNTNAP2提示抑制性中间神经元，难分AC/HC	0
RUN3	FULL290	A	qwen3.8-max	Q8::32		coarse:dev-neuron	COARSE	COARSE	coarse	C	unresolved	pass	na	none	OTX2-AS1/TRPM1/GRM7提示神经元谱系，胎儿期无kb/lit支持细分	0
RUN3	FULL290	B	glm-5.1	Q8::32		coarse:dev-BC	COARSE	COARSE	coarse	C	unresolved	pass	na	none	TRPM1/OTX2-AS1提示BC谱系，发育期缺KB/Lit给粗标	0
RUN3	FULL290	A	qwen3.8-max	Q8::33		undetermined	UNDET	UNDET	coarse	C	unresolved	pass	na	none	GRIK1/2/GRM7神经元基因但无kb/lit，无法定类	0
RUN3	FULL290	B	glm-5.1	Q8::33		coarse:dev-interneuron	COARSE	COARSE	coarse	C	unresolved	unresolved	na	candidate_biology	GRIK1/GRIK2/GRM7谷氨酸受体，内层神经元缺亚型marker	0
RUN3	FULL290	A	qwen3.8-max	Q8::34		undetermined	UNDET	UNDET	coarse	C	fail	pass	na	none	RELN/LRP2/SFRP2等发育基因，无kb命中无法定身份	0
RUN3	FULL290	B	glm-5.1	Q8::34		coarse:dev-AC	COARSE	COARSE	coarse	C	unresolved	pass	na	none	RELN/EFNA5/PCDH7提示AC谱系，发育期缺KB/Lit给粗标	0
RUN3	FULL290	A	qwen3.8-max	Q8::4		coarse:dev-RGC	COARSE	COARSE	coarse	B	pass	pass	na	none	RBPMS/POU6F2/EBF1/GAP43强RGC标记，胎儿材料给发育标签	0
RUN3	FULL290	B	glm-5.1	Q8::4		RGC	RGC	NAMED	majority	B	pass	pass	na	none	RBPMS/GAP43/POU6F2及文献支持RGC	0
RUN3	FULL290	A	qwen3.8-max	Q8::5		coarse:dev-RGC	COARSE	COARSE	coarse	C	unresolved	unresolved	na	candidate_biology	RBPMS/NEFM及文献支持RGC谱系，胎儿材料给发育粗标签	0
RUN3	FULL290	B	glm-5.1	Q8::5		RGC	RGC	NAMED	majority	B	pass	pass	na	none	RBPMS/NEFM强命中，文献支持RGC	0
RUN3	FULL290	A	qwen3.8-max	Q8::6		coarse:dev-RGC	COARSE	COARSE	coarse	B	pass	pass	na	none	RBPMS/POU6F2/EBF1/DSCAM强RGC标记，与Q8::4一致，胎儿给发育标签	0
RUN3	FULL290	B	glm-5.1	Q8::6		RGC	RGC	NAMED	majority	B	pass	pass	na	none	RBPMS/POU6F2/EBF1及文献支持RGC	0
RUN3	FULL290	A	qwen3.8-max	Q8::7		coarse:dev-neuron	COARSE	COARSE	coarse	C	unresolved	unresolved	na	none	RBPMS/GAP43/EBF1提示神经元，但胎儿材料无kb/lit支持强分	0
RUN3	FULL290	B	glm-5.1	Q8::7		coarse:dev-RGC	COARSE	COARSE	coarse	B	pass	pass	na	candidate_biology	RBPMS+EBF1+GAP43提示未成熟RGC	0
RUN3	FULL290	A	qwen3.8-max	Q8::8		undetermined	UNDET	UNDET	coarse	C	fail	unresolved	na	none	无kb命中无文献，DAB1/GRIK2提示神经元但无法定类	0
RUN3	FULL290	B	glm-5.1	Q8::8		coarse:dev-neuron	COARSE	COARSE	coarse	C	unresolved	pass	na	none	GRIK2/DAB1/RBFOX1提示神经元，缺特异亚型证据	0
RUN3	FULL290	A	qwen3.8-max	Q8::9		coarse:dev-neuron	COARSE	COARSE	coarse	C	unresolved	unresolved	na	candidate_biology	DAB1/MYT1L提示神经元前体，但缺乏特异性marker定细类	0
RUN3	FULL290	B	glm-5.1	Q8::9		coarse:HC	COARSE	COARSE	coarse	C	unresolved	unresolved	na	none	DAB1/GABRG3/GRIK2支持抑制性中间神经元，倾向HC	0
RUN3	FULL290	A	qwen3.8-max	Q9::0		coarse:Myeloid	COARSE	COARSE	coarse	C	unresolved	unresolved	na	candidate_biology	SPP1/S100A8/A9/MARCO/GPNMB髓系激活态，纤维与巨噬标记共存难分	0
RUN3	FULL290	B	glm-5.1	Q9::0		undetermined	UNDET	UNDET	coarse	C	fail	fail	unresolved	technical_suspect	FN1/SPP1与S100A8/MARCO双谱系共存，疑双细胞	0
RUN3	FULL290	A	qwen3.8-max	Q9::1		coarse:Mesenchymal	COARSE	COARSE	coarse	C	unresolved	pass	na	none	Pericyte/Myofibroblast/Fibroblast候选冲突，证据不足细分	0
RUN3	FULL290	B	glm-5.1	Q9::1		coarse:Myofibroblast	COARSE	COARSE	coarse	B	pass	pass	na	candidate_biology	CTGF/COL1A1/TAGLN强，缺RGS5，符合肌成纤维	0
RUN3	FULL290	A	qwen3.8-max	Q9::10		Micro	Micro	NAMED	majority	B	pass	pass	na	none	CX3CR1/C3/APOE/CST3小胶质核心标记强命中，HLA-DR高表达相容	0
RUN3	FULL290	B	glm-5.1	Q9::10		Immune Cells	Immune Cells	NAMED	majority	B	pass	pass	unresolved	none	HLA-DRA/CD14/CX3CR1强命中，KB/Lit支持免疫细胞	0
RUN3	FULL290	A	qwen3.8-max	Q9::11		coarse:Mac_DAM_LAM	COARSE	COARSE	coarse	B	pass	pass	na	none	SPP1/HMOX1/APOE/GPNMB+趋化因子，kb排名Mac_DAM_LAM(6)	0
RUN3	FULL290	B	glm-5.1	Q9::11		Mac_DAM_LAM	Mac_DAM_LAM	NAMED	fine-cap	B	pass	pass	na	none	SPP1/CCL4/APOE/HLA-DRA/CD14强支持DAM/LAM	0
RUN3	FULL290	A	qwen3.8-max	Q9::12		coarse:Immune Cells	COARSE	COARSE	coarse	B	pass	pass	na	none	FCN1/LYZ/S100A8/A9强命中经典单核，kb_ranking一致，PDR免疫浸润合理	0
RUN3	FULL290	B	glm-5.1	Q9::12		Immune Cells	Immune Cells	NAMED	majority	B	pass	pass	na	none	FCN1/S100A8/LYZ定Mono，属Immune Cells	0
RUN3	FULL290	A	qwen3.8-max	Q9::13		coarse:APC_MHCII_high	COARSE	COARSE	coarse	B	pass	pass	na	none	HLA-DR/DQ高表达+CLEC10A/FCER1A，kb排名APC_MHCII_high(4)	0
RUN3	FULL290	B	glm-5.1	Q9::13		coarse:Immune Cells	COARSE	COARSE	coarse	C	pass	fail	na	candidate_biology	HLA-DR高，FCER1A/CLEC10A与MNDA冲突	0
RUN3	FULL290	A	qwen3.8-max	Q9::14		coarse:Immune Cells	COARSE	COARSE	coarse	C	unresolved	fail	na	technical_suspect	CD14/CXCL8免疫与FN1/VCAN间质共存，疑双细胞或混合	0
RUN3	FULL290	B	glm-5.1	Q9::14		undetermined	UNDET	UNDET	coarse	C	fail	fail	na	technical_suspect	CD14/LGMN(免疫)与FN1/VCAN(间质)共存，疑双细胞	0
RUN3	FULL290	A	qwen3.8-max	Q9::15		coarse:Immune Cells	COARSE	COARSE	coarse	B	pass	unresolved	na	none	CTSD/APOE/HAMP/LYZ/CD14支持DAM或组织巨噬，亚型间证据重叠	0
RUN3	FULL290	B	glm-5.1	Q9::15		Immune Cells	Immune Cells	NAMED	majority	B	pass	unresolved	na	candidate_biology	CD14/APOE/HMOX1定组织/脂质巨噬，属Immune Cells	0
RUN3	FULL290	A	qwen3.8-max	Q9::16		Endothelium	Endothelium	NAMED	majority	B	pass	pass	na	none	CLDN5/VWF/ESAM/ECSCR内皮marker强命中，文献支持	0
RUN3	FULL290	B	glm-5.1	Q9::16		Endothelium	Endothelium	NAMED	majority	B	pass	pass	na	none	VWF/CLDN5/ESAM强命中，无周细胞RGS5/ACTA2	0
RUN3	FULL290	A	qwen3.8-max	Q9::17		Fibroblasts	Fibroblasts	NAMED	majority	B	pass	pass	na	candidate_biology	COL1A1/A2/FN1/ACTA2/TAGLN强成纤维/肌成纤维特征，PDR膜间质成分	0
RUN3	FULL290	B	glm-5.1	Q9::17		coarse:Myofibroblast	COARSE	COARSE	coarse	B	pass	unresolved	na	candidate_biology	ACTA2/COL1/POSTN/CTGF定Myofibroblast	0
RUN3	FULL290	A	qwen3.8-max	Q9::19		Pericytes	Pericytes	NAMED	majority	B	pass	pass	na	none	RGS5/ACTA2/COL1A2周细胞marker，kb_ranking首位n=6	0
RUN3	FULL290	B	glm-5.1	Q9::19		Pericytes	Pericytes	NAMED	majority	B	pass	pass	na	candidate_biology	RGS5/ACTA2/CALD1强，伴COL1A1提示PDR转分化	0
RUN3	FULL290	A	qwen3.8-max	Q9::2		coarse:Mac_DAM_LAM	COARSE	COARSE	coarse	B	pass	pass	na	none	SPP1/CCL4/S100A8/APOE+DAM基因，kb排名Mac_DAM_LAM首位	0
RUN3	FULL290	B	glm-5.1	Q9::2		Mac_DAM_LAM	Mac_DAM_LAM	NAMED	fine-cap	B	pass	pass	na	candidate_biology	SPP1/FN1/CCL4/S100A8A9强支持DAM/LAM	0
RUN3	FULL290	A	qwen3.8-max	Q9::3		coarse:Proliferating	COARSE	COARSE	coarse	B	pass	pass	na	candidate_biology	MKI67/TOP2A/CENPF强增殖信号，kb_ranking支持Proliferating	0
RUN3	FULL290	B	glm-5.1	Q9::3		coarse:Proliferating	COARSE	COARSE	coarse	B	pass	unresolved	na	candidate_biology	MKI67/TOP2A强，增殖特征明确，谱系marker缺失	0
RUN3	FULL290	A	qwen3.8-max	Q9::6		coarse:Mac_DAM_LAM	COARSE	COARSE	coarse	B	pass	pass	na	none	GPNMB/APOE/CTSD/LGMN强命中DAM，kb排名Mac_DAM_LAM(6)	0
RUN3	FULL290	B	glm-5.1	Q9::6		Mac_DAM_LAM	Mac_DAM_LAM	NAMED	fine-cap	B	pass	pass	na	none	HLA-DRA/APOE/GPNMB/HMOX1/CTSD强支持DAM/LAM	0
RUN3	FULL290	A	qwen3.8-max	Q9::7		coarse:Immune Cells	COARSE	COARSE	coarse	B	pass	unresolved	na	none	HLA-DR/CD14/SPP1提示MHCII高APC或DAM巨噬，多候选共存难细分	0
RUN3	FULL290	B	glm-5.1	Q9::7		Immune Cells	Immune Cells	NAMED	majority	B	pass	unresolved	na	candidate_biology	HLA-DR/SPP1/APOE定MHCII+巨噬，属Immune Cells	0
RUN3	FULL290	A	qwen3.8-max	Q9::8		coarse:Immune Cells	COARSE	COARSE	coarse	B	pass	pass	na	none	CD3D/E/G/TRAC/TRBC/CD2强T细胞标记，kb_ranking T(n=7)一致	0
RUN3	FULL290	B	glm-5.1	Q9::8		Immune Cells	Immune Cells	NAMED	majority	B	pass	pass	na	none	CD3/TRAC/TRBC定T，属Immune Cells	0
RUN3	FULL290	A	qwen3.8-max	Q9::9		coarse:Mac_Tissue	COARSE	COARSE	coarse	B	pass	pass	na	none	MRC1/FOLR2/STAB1/SELENOP组织驻留标记，kb排名Mac_Tissue(6)	0
RUN3	FULL290	B	glm-5.1	Q9::9		Mac_Tissue	Mac_Tissue	NAMED	fine-cap	B	pass	pass	na	none	MRC1/FOLR2/F13A1/STAB1/CD14强支持组织驻留巨噬	0
RUN3MINI	PILOT-5	A3	qwen3.8-max	Q6::13	Fibroblasts	Fibroblasts	Fibroblasts	NAMED	coarse	C	unresolved	pass	na	none	VIM/APOD/MGP提示间质，但ANGPTL7/CXCL混杂，kb仅命中视网膜类，证据不足	0
RUN3MINI	PILOT-5	B3	unrecorded	Q6::13	Fibroblasts	Fibroblasts	Fibroblasts	NAMED	majority	B	pass	pass	na	none	APOD/PRELP/MGP/TIMP3间质程序，内皮标志阴性	0
RUN3MINI	PILOT-5	A3	qwen3.8-max	Q6::15	Fibroblasts	Fibroblasts	Fibroblasts	NAMED	majority	B	pass	pass	na	none	KERA/ALDH3A1/VIM强命中角膜基质细胞，kb排名Keratocytes首位	0
RUN3MINI	PILOT-5	B3	unrecorded	Q6::15	Fibroblasts	Fibroblasts	Fibroblasts	NAMED	majority	B	pass	pass	na	none	KERA/ALDH3A1/NNMT角质细胞签名，无SLC4A11/CDH2	0
RUN3MINI	PILOT-5	A3	qwen3.8-max	Q6::23	Epithelium	Epithelium	Epithelium	NAMED	majority	B	pass	pass	na	none	KRT12/KRT3为角膜上皮特异marker，CLDN4/S100A14支持上皮身份	0
RUN3MINI	PILOT-5	B3	unrecorded	Q6::23	Epithelium	Epithelium	Epithelium	NAMED	majority	B	pass	pass	na	none	KRT3/KRT12+CLDN4/S100A14角膜上皮程序	0
RUN3MINI	PILOT-5	A3	qwen3.8-max	Q6::24	Pericytes	Smooth Muscle Cells	Smooth Muscle Cells	NAMED	majority	B	pass	pass	na	none	ACTA2/TAGLN/TPM2/MYL9为平滑肌核心marker，kb命中SMC	0
RUN3MINI	PILOT-5	B3	unrecorded	Q6::24	Pericytes	Smooth Muscle Cells	Smooth Muscle Cells	NAMED	majority	B	pass	pass	na	none	ACTA2/MYL9/PRKG1/PDE3A平滑肌，基质程序阴性	0
RUN3MINI	PILOT-5	A3	qwen3.8-max	Q6::25	Melanocytes	Melanocytes	Melanocytes	NAMED	majority	B	pass	pass	na	none	TYRP1/PMEL/DCT/MLANA/TYR/MITF为黑素细胞特异marker组合	0
RUN3MINI	PILOT-5	B3	unrecorded	Q6::25	Melanocytes	Melanocytes	Melanocytes	NAMED	majority	B	pass	pass	na	none	TYR/TYRP1/PMEL/MLANA/MITF黑素全程序	0
RUN4	RET45-2seat	A	qwen3.8-max	Q1::1	Rod	undetermined	UNDET	UNDET	coarse	C	fail	unresolved	na	none	仅核糖体/lncRNA/XIST，无细胞类型marker	0
RUN4	RET45-2seat	B	glm-5.1	Q1::1	Rod	undetermined	UNDET	UNDET	coarse	C	fail	unresolved	na	technical_suspect	仅核糖体/假基因/应激基因，无特异性marker	0
RUN4	RET45-2seat	A	qwen3.8-max	Q1::4	Rod	Rod	Rod	NAMED	majority	B	pass	pass	na	none	RBP3/GNGT1/IMPG1为光感受器标志，无kb/lit但转录强	0
RUN4	RET45-2seat	B	glm-5.1	Q1::4	Rod	coarse:Photoreceptor	COARSE	COARSE	coarse	C	unresolved	unresolved	fail	technical_suspect	IMPG1/RBP3/GNGT1示感光细胞，但MT基因占12/20，技术疑点重	0
RUN4	RET45-2seat	A	qwen3.8-max	Q1::9	Rod	undetermined	UNDET	UNDET	coarse	C	fail	unresolved	na	technical_suspect	热休克/IEG/RP1/MPP4混杂，应激与光感受器信号冲突	0
RUN4	RET45-2seat	B	glm-5.1	Q1::9	Rod	undetermined	UNDET	UNDET	coarse	C	fail	unresolved	na	technical_suspect	顶基因以HSP/FOS/JUN应激为主，缺乏身份marker	0
RUN4	RET45-2seat	A	qwen3.8-max	Q2::22	Astro	MG	MG	NAMED	majority	B	pass	pass	na	none	GLUL/GFAP/VIM/CLU强命中Müller胶质细胞marker	0
RUN4	RET45-2seat	B	glm-5.1	Q2::22	Astro	MG	MG	NAMED	majority	B	pass	pass	na	none	GLUL/GFAP/VIM/CLU强命中，文献支持MG，可排除Astro	0
RUN4	RET45-2seat	A	qwen3.8-max	Q2::27	Cone	Cone	Cone	NAMED	majority	B	pass	pass	na	none	OPN1LW/ARR3/PDE6H/GUCA1C为Cone特异标志，文献支持	0
RUN4	RET45-2seat	B	glm-5.1	Q2::27	Cone	Cone	Cone	NAMED	majority	B	pass	pass	na	none	ARR3/OPN1LW/GNGT2强命中Cone，排除RPE	0
RUN4	RET45-2seat	A	qwen3.8-max	Q2::4	MG	MG	MG	NAMED	majority	B	pass	pass	na	none	RLBP1/GLUL/CLU/APOE/DKK3为MG标志，文献支持	0
RUN4	RET45-2seat	B	glm-5.1	Q2::4	MG	MG	MG	NAMED	majority	B	pass	pass	na	none	GLUL/RLBP1/VIM强命中MG，排除Micro/Astro	0
RUN4	RET45-2seat	A	qwen3.8-max	Q3::13	RGC	undetermined	UNDET	UNDET	coarse	C	fail	fail	na	technical_suspect	RHO(Rod)与SNCG/NEFL(RGC)共存，谱系混合疑双细胞	0
RUN4	RET45-2seat	B	glm-5.1	Q3::13	RGC	Rod	Rod	NAMED	majority	B	pass	pass	na	none	RHO/RTBDN强命中，明确指向Rod，可排除RGC	0
RUN4	RET45-2seat	A	qwen3.8-max	Q3::4	BC	BC	BC	NAMED	majority	B	pass	pass	na	none	TRPM1/GRM6/PCP2/RGS16强命中ON-BC，文献支持	0
RUN4	RET45-2seat	B	glm-5.1	Q3::4	BC	BC	BC	NAMED	majority	B	pass	pass	na	none	TRPM1/GRM6/PCP2强命中BC，文献支持，无冲突	0
RUN4	RET45-2seat	A	qwen3.8-max	Q3::5	BC	BC	BC	NAMED	majority	B	pass	pass	na	none	GRIK1/GRIA2/CAMK2B/CPLX3命中双极细胞突触marker	0
RUN4	RET45-2seat	B	glm-5.1	Q3::5	BC	BC	BC	NAMED	majority	B	pass	pass	na	none	GRIK1/GRIA2/PRKCB/CPLX3强命中，文献与KB均支持BC	0
RUN4	RET45-2seat	A	qwen3.8-max	Q3::8	MG	MG	MG	NAMED	majority	B	pass	pass	na	none	GLUL/VIM/RLBP1/APOE强命中Müller胶质细胞，文献支持	0
RUN4	RET45-2seat	B	glm-5.1	Q3::8	MG	MG	MG	NAMED	majority	B	pass	pass	na	candidate_biology	GLUL/RLBP1/RGR强支持MG，SPP1/APOE提示反应性	0
RUN4	RET45-2seat	A	qwen3.8-max	Q4::14	BC	BC	BC	NAMED	majority	B	pass	pass	na	none	GSG1/CPLX3/GRIK1/SLC1A7为BC marker，文献支持	0
RUN4	RET45-2seat	B	glm-5.1	Q4::14	BC	BC	BC	NAMED	majority	B	pass	pass	na	none	SCG2/GRIK1/SLC1A7等强命中BC，文献支持	0
RUN4	RET45-2seat	A	qwen3.8-max	Q4::15	BC	coarse:interneuron	COARSE	COARSE	coarse	C	unresolved	pass	na	none	CABP5/CALB1/HPCA提示BC或AC，无kb/lit无法区分	0
RUN4	RET45-2seat	B	glm-5.1	Q4::15	BC	BC	BC	NAMED	majority	B	pass	pass	na	none	CABP5/CALB1/HPCA等top基因强命中BC	0
RUN4	RET45-2seat	A	qwen3.8-max	Q4::19	BC	BC	BC	NAMED	majority	B	pass	pass	na	none	VSX1/TRPM1/GNG13/CABP2为BC marker，文献支持；MT基因高但非决定性	0
RUN4	RET45-2seat	B	glm-5.1	Q4::19	BC	coarse:BC	COARSE	COARSE	coarse	C	unresolved	pass	na	technical_suspect	线粒体基因占top，VSX1/TRPM1弱提示BC，技术疑点	0
RUN4	RET45-2seat	A	qwen3.8-max	Q4::23	BC	BC	BC	NAMED	majority	B	pass	pass	na	none	PCP2/GRM6/TRPM1/GNB3/CABP5强命中BC，TTR为次要不冲突	0
RUN4	RET45-2seat	B	glm-5.1	Q4::23	BC	undetermined	UNDET	UNDET	coarse	C	unresolved	fail	na	technical_suspect	BC核心GRM6/TRPM1与RPE核心TTR共存，疑双细胞	0
RUN4	RET45-2seat	A	qwen3.8-max	Q4::24	BC	BC	BC	NAMED	majority	B	pass	pass	na	none	GNG13/TRPM1/VSX1/GNB3/CABP2强命中BC，kb排名一致	0
RUN4	RET45-2seat	B	glm-5.1	Q4::24	BC	BC	BC	NAMED	majority	B	pass	pass	na	none	TRPM1/GNB3/VSX1/CABP2强命中BC，无冲突	0
RUN4	RET45-2seat	A	qwen3.8-max	Q4::29	BC	BC	BC	NAMED	majority	B	pass	pass	na	none	PCP2/GNG13/TRPM1/GRM6/GNB3强命中BC，文献支持	0
RUN4	RET45-2seat	B	glm-5.1	Q4::29	BC	BC	BC	NAMED	majority	B	pass	pass	na	none	PCP2/TRPM1/GRM6强支持BC，无谱系冲突	0
RUN4	RET45-2seat	A	qwen3.8-max	Q4::32	MG	MG	MG	NAMED	majority	B	pass	pass	na	none	PTGDS/APOE/GLUL/RLBP1/VIM强命中MG，文献支持	0
RUN4	RET45-2seat	B	glm-5.1	Q4::32	MG	MG	MG	NAMED	majority	B	pass	pass	na	none	GLUL/RLBP1/RGR强命中，排除Astro/Mac	0
RUN4	RET45-2seat	A	qwen3.8-max	Q4::37	MG	MG	MG	NAMED	majority	B	pass	pass	na	none	APOE/PTGDS/GLUL/VIM/WIF1/RGR支持MG，FOS/JUN为应激	0
RUN4	RET45-2seat	B	glm-5.1	Q4::37	MG	MG	MG	NAMED	majority	B	pass	pass	na	candidate_biology	GLUL/RGR支持MG，DUSP1/JUN/FOS提示应激状态	0
RUN4	RET45-2seat	A	qwen3.8-max	Q4::39	Rod	Rod	Rod	NAMED	majority	B	pass	pass	na	none	SAG/RHO/NRL/PDE6G/GNAT1等视杆核心marker强命中	0
RUN4	RET45-2seat	B	glm-5.1	Q4::39	Rod	Rod	Rod	NAMED	majority	B	pass	pass	na	none	RHO/NRL/GNAT1等经典视杆细胞marker强命中	0
RUN4	RET45-2seat	A	qwen3.8-max	Q4::9	BC	BC	BC	NAMED	majority	B	pass	pass	na	none	GSG1/GRIK1/CPLX4/CABP5/SLC1A7为BC marker，文献支持	0
RUN4	RET45-2seat	B	glm-5.1	Q4::9	BC	BC	BC	NAMED	majority	B	pass	pass	na	none	GRIK1/CABP5/HPCA/SLC1A7等强命中BC，文献支持	0
RUN4	RET45-2seat	A	qwen3.8-max	Q5b::13	BC	undetermined	UNDET	UNDET	majority	C	fail	pass	na	none	NFIA/SOX6/NFIB提示胶质或神经前体，无kb/lit无法定类	0
RUN4	RET45-2seat	B	glm-5.1	Q5b::13	BC	AC	AC	NAMED	majority	B	pass	pass	na	none	CNTNAP2/NFIA/NFIB/SOX6/GABBR2强命中AC	0
RUN4	RET45-2seat	A	qwen3.8-max	Q5b::16	BC	BC	BC	NAMED	majority	B	pass	pass	na	none	DSCAM/DGKB/CDH20等BC marker强命中，文献支持BC	0
RUN4	RET45-2seat	B	glm-5.1	Q5b::16	BC	BC	BC	NAMED	fine-cap	B	pass	pass	na	none	top基因富集BC标志(RIMS1,SLC24A3),lit支持	0
RUN4	RET45-2seat	A	qwen3.8-max	Q5b::17	BC	BC	BC	NAMED	majority	B	pass	pass	na	none	PRKCA/GRM6/GRM5/CNTN5/LINGO2双极细胞marker，kb排名BC	0
RUN4	RET45-2seat	B	glm-5.1	Q5b::17	BC	BC	BC	NAMED	majority	B	pass	pass	na	none	GRM6/PRKCA/GRM5强命中双极细胞	0
RUN4	RET45-2seat	A	qwen3.8-max	Q5b::19	HC	HC	HC	NAMED	majority	B	pass	pass	na	none	ONECUT1/TNR/CACNA1C为HC marker，文献支持HC	0
RUN4	RET45-2seat	B	glm-5.1	Q5b::19	HC	HC	HC	NAMED	fine-cap	B	pass	pass	na	none	top基因富集HC标志(ONECUT1,CACNA1C),lit支持	0
RUN4	RET45-2seat	A	qwen3.8-max	Q5b::2	Rod	Rod	Rod	NAMED	majority	B	pass	pass	na	none	RHO/NRL/AIPL1/ABCA4/RDH8等视杆核心marker强命中	0
RUN4	RET45-2seat	B	glm-5.1	Q5b::2	Rod	Rod	Rod	NAMED	majority	B	pass	pass	na	none	RHO/NRL/ABCA4强支持视杆，GRM1弱表达	0
RUN4	RET45-2seat	A	qwen3.8-max	Q5b::20	HC	HC	HC	NAMED	majority	B	pass	pass	na	none	与K19基因谱一致，ONECUT1/TNR支持HC，细胞数较少	0
RUN4	RET45-2seat	B	glm-5.1	Q5b::20	HC	HC	HC	NAMED	fine-cap	B	pass	pass	na	none	top基因富集HC标志(ONECUT1,CACNA1C),lit支持	0
RUN4	RET45-2seat	A	qwen3.8-max	Q5b::23	BC	coarse:interneuron	COARSE	COARSE	coarse	C	unresolved	fail	na	technical_suspect	BC与HC marker共存(DGKB+TENM2)，分辨率不足疑混合	0
RUN4	RET45-2seat	B	glm-5.1	Q5b::23	BC	BC	BC	NAMED	fine-cap	B	pass	pass	na	none	top基因富集BC标志(ERBB4,KCNH7),lit支持	0
RUN4	RET45-2seat	A	qwen3.8-max	Q5b::3	Rod	Rod	Rod	NAMED	majority	B	pass	pass	na	none	RHO/ABCA4/NRL等视杆核心marker强命中，文献支持	0
RUN4	RET45-2seat	B	glm-5.1	Q5b::3	Rod	Rod	Rod	NAMED	majority	B	pass	pass	na	none	RHO/ABCA4/NRL强命中，文献支持，排除Cone	0
RUN4	RET45-2seat	A	qwen3.8-max	Q5b::31	AC	AC	AC	NAMED	majority	B	pass	pass	na	none	GRIP1/GRM8/SNTG1/DCLK1等AC marker强命中，文献支持AC	0
RUN4	RET45-2seat	B	glm-5.1	Q5b::31	AC	AC	AC	NAMED	fine-cap	B	pass	pass	na	none	top基因富集AC标志(GRM8,DCLK1),lit支持	0
RUN4	RET45-2seat	A	qwen3.8-max	Q5b::32	AC	AC	AC	NAMED	majority	B	pass	pass	na	none	kb_ranking与lit均支持AC，top genes含神经元标记，无冲突	0
RUN4	RET45-2seat	B	glm-5.1	Q5b::32	AC	AC	AC	NAMED	majority	B	pass	pass	na	none	GRM8/CALN1/MYT1L转录证据+文献支持AC	0
RUN4	RET45-2seat	A	qwen3.8-max	Q5b::35	AC	AC	AC	NAMED	majority	B	pass	pass	na	none	kb_ranking与lit均支持AC，GRM8/SLC5A7等符合神经元特征	0
RUN4	RET45-2seat	B	glm-5.1	Q5b::35	AC	AC	AC	NAMED	majority	B	pass	pass	na	none	GRM8/SLC5A7/CACNA1B转录证据+文献支持AC	0
RUN4	RET45-2seat	A	qwen3.8-max	Q5b::42	AC	AC	AC	NAMED	majority	B	pass	pass	na	none	kb_ranking(n=3)与lit一致支持AC，NFIA/GRIK2为神经标记	0
RUN4	RET45-2seat	B	glm-5.1	Q5b::42	AC	AC	AC	NAMED	majority	B	pass	pass	na	none	NFIA/GRIK2/CNTNAP2转录证据+文献支持AC	0
RUN4	RET45-2seat	A	qwen3.8-max	Q5b::43	BC	coarse:interneuron	COARSE	COARSE	coarse	C	unresolved	fail	na	conflicts_with_literature	kb_ranking同时命中BC(3)与AC(1)，lit亦冲突，无法区分谱系	0
RUN4	RET45-2seat	B	glm-5.1	Q5b::43	BC	coarse:retina_interneuron	COARSE	COARSE	coarse	C	unresolved	fail	na	technical_suspect	PTPRO(BC)与SCG2(AC)共存，谱系混合	0
RUN4	RET45-2seat	A	qwen3.8-max	Q5b::45	AC	AC	AC	NAMED	majority	B	pass	pass	na	none	kb_ranking与lit均支持AC，GRIK2/NFIA/SOX5符合神经元特征	0
RUN4	RET45-2seat	B	glm-5.1	Q5b::45	AC	AC	AC	NAMED	majority	B	pass	pass	na	none	NFIA/MYT1L/GRIK2转录证据+文献支持AC	0
RUN4	RET45-2seat	A	qwen3.8-max	Q5b::8	Rod	Rod	Rod	NAMED	majority	B	pass	pass	na	none	RHO/ABCA4/AIPL1等视杆marker富集，与Q5b::3一致，文献支持	0
RUN4	RET45-2seat	B	glm-5.1	Q5b::8	Rod	Rod	Rod	NAMED	majority	B	pass	pass	na	none	ABCA4/RHO/AIPL1命中，文献支持Rod	0
RUN4	RET45-2seat	A	qwen3.8-max	Q7::1	BC	BC	BC	NAMED	majority	B	pass	pass	na	none	Trpm1/Grm5/Ryr3为BC标志，文献支持	0
RUN4	RET45-2seat	B	glm-5.1	Q7::1	BC	BC	BC	NAMED	majority	B	pass	pass	na	none	Gng13/Unc13c/Cck强命中BC，无AC/RGC核心marker冲突	0
RUN4	RET45-2seat	A	qwen3.8-max	Q7::10	AC	AC	AC	NAMED	majority	B	pass	pass	na	none	Pax6/Cplx2/Kcnip1/Pax6支持AC，文献支持	0
RUN4	RET45-2seat	B	glm-5.1	Q7::10	AC	AC	AC	NAMED	majority	B	pass	pass	na	none	Pax6/C1ql1/Adarb2强支持AC，无BC核心marker	0
RUN4	RET45-2seat	A	qwen3.8-max	Q7::18	Rod	Rod	Rod	NAMED	majority	B	pass	pass	na	none	Rho/Pde6g/Gnat1/Nrl等鼠视杆经典marker全覆盖，文献支持	0
RUN4	RET45-2seat	B	glm-5.1	Q7::18	Rod	Rod	Rod	NAMED	majority	B	pass	pass	na	none	Rho/Gnat1/Nrl等经典marker强命中，文献支持	0
RUN4	RET45-2seat	A	qwen3.8-max	Q7::3	Micro	Micro	Micro	NAMED	majority	B	pass	pass	na	none	C1qb/Cx3cr1/Trem2/Csf1r小胶质核心marker强命中，文献支持	0
RUN4	RET45-2seat	B	glm-5.1	Q7::3	Micro	Micro	Micro	NAMED	majority	B	pass	pass	na	none	C1q/Ctss/Trem2/Cx3cr1强命中，文献支持Micro	0
RUN4	RET45-2seat	A	qwen3.8-max	Q7::42	AC	AC	AC	NAMED	majority	B	pass	pass	na	none	Gad1/Slc32a1抑制性+Tfap2b/Dkk3 AC marker，HC证据较弱可排除	0
RUN4	RET45-2seat	B	glm-5.1	Q7::42	AC	AC	AC	NAMED	majority	B	pass	pass	na	none	Gad1/Slc32a1/Tfap2b强命中，支持AC，排除HC	0
RUN4	RET45-2seat	A	qwen3.8-max	Q7::46	RGC	RGC	RGC	NAMED	majority	B	pass	pass	na	conflicts_with_literature	Sncg/Ebf1/Thy1/Nefm为RGC经典marker，kb排名错误	0
RUN4	RET45-2seat	B	glm-5.1	Q7::46	RGC	RGC	RGC	NAMED	majority	B	pass	pass	na	none	Sncg/Thy1/Nefm/Stmn2强命中RGC	0
RUN4	RET45-2seat	A	qwen3.8-max	Q7::52	RGC	RGC	RGC	NAMED	majority	B	pass	pass	na	conflicts_with_literature	Sncg/Thy1/Nefm/Stmn2强支持RGC，kb排名与证据冲突	0
RUN4	RET45-2seat	B	glm-5.1	Q7::52	RGC	RGC	RGC	NAMED	majority	B	pass	pass	na	none	Sncg/Thy1/Nefm/Pvalb强命中RGC	0
RUN4	RET45-2seat	A	qwen3.8-max	Q7::58	RGC	RGC	RGC	NAMED	majority	B	pass	pass	na	conflicts_with_literature	Sncg/Thy1/Nefm/Tac1支持RGC亚型，kb排名错误	0
RUN4	RET45-2seat	B	glm-5.1	Q7::58	RGC	RGC	RGC	NAMED	majority	B	pass	pass	na	none	Sncg/Thy1/Nefm/Pvalb强命中RGC	0
RUN4	RET45-2seat	A	qwen3.8-max	Q7::63	BC	BC	BC	NAMED	majority	B	pass	pass	na	none	Vsx1/Grm6/Gnb3/Isl1为BC核心marker，kb命中一致	0
RUN4	RET45-2seat	B	glm-5.1	Q7::63	BC	BC	BC	NAMED	majority	B	pass	pass	na	none	Trpm1/Grm6/Vsx1/Otx2强命中BC	0
RUN4	RET45-2seat	A	qwen3.8-max	Q7::8	AC	AC	AC	NAMED	majority	B	pass	pass	na	none	Gad1/Slc32a1/Pax6/Tfap2b强支持AC，kb命中一致	0
RUN4	RET45-2seat	B	glm-5.1	Q7::8	AC	AC	AC	NAMED	majority	B	pass	pass	na	none	Gad1/Slc32a1/Pax6/Tfap2b强命中AC	0
RUN4-r	RET45	A	qwen3.8-max	Q1::1	Rod	undetermined	UNDET	UNDET	coarse	C	fail	unresolved	na	none	仅核糖体/lncRNA/XIST，无细胞类型marker	0
RUN4-r	RET45	B	glm-5.1	Q1::1	Rod	undetermined	UNDET	UNDET	coarse	C	fail	unresolved	na	technical_suspect	仅核糖体/假基因/应激基因，无特异性marker	0
RUN4-r	RET45	C	deepseek-v3.2	Q1::1	Rod	undetermined	UNDET	UNDET	majority	C	fail	unresolved	na	technical_suspect	top_genes 主要为核糖体/管家基因，无细胞类型特异性marker	0
RUN4-r	RET45	A	qwen3.8-max	Q1::4	Rod	Rod	Rod	NAMED	majority	B	pass	pass	na	none	RBP3/GNGT1/IMPG1为光感受器标志，无kb/lit但转录强	0
RUN4-r	RET45	B	glm-5.1	Q1::4	Rod	coarse:Photoreceptor	COARSE	COARSE	coarse	C	unresolved	unresolved	fail	technical_suspect	IMPG1/RBP3/GNGT1示感光细胞，但MT基因占12/20，技术疑点重	0
RUN4-r	RET45	C	deepseek-v3.2	Q1::4	Rod	undetermined	UNDET	UNDET	coarse	C	fail	unresolved	na	technical_suspect	高线粒体基因表达，缺乏明确谱系 marker	0
RUN4-r	RET45	A	qwen3.8-max	Q1::9	Rod	undetermined	UNDET	UNDET	coarse	C	fail	unresolved	na	technical_suspect	热休克/IEG/RP1/MPP4混杂，应激与光感受器信号冲突	0
RUN4-r	RET45	B	glm-5.1	Q1::9	Rod	undetermined	UNDET	UNDET	coarse	C	fail	unresolved	na	technical_suspect	顶基因以HSP/FOS/JUN应激为主，缺乏身份marker	0
RUN4-r	RET45	C	deepseek-v3.2	Q1::9	Rod	undetermined	UNDET	UNDET	majority	C	fail	unresolved	na	technical_suspect	top_genes 含应激/管家基因，缺乏特异性视网膜细胞marker	0
RUN4-r	RET45	A	qwen3.8-max	Q2::22	Astro	MG	MG	NAMED	majority	B	pass	pass	na	none	GLUL/GFAP/VIM/CLU强命中Müller胶质细胞marker	0
RUN4-r	RET45	B	glm-5.1	Q2::22	Astro	MG	MG	NAMED	majority	B	pass	pass	na	none	GLUL/GFAP/VIM/CLU强命中，文献支持MG，可排除Astro	0
RUN4-r	RET45	C	deepseek-v3.2	Q2::22	Astro	MG	MG	NAMED	majority	B	pass	pass	na	none	top_genes 含GLUL、GFAP、VIM；kb_ranking 与 lit 支持MG	0
RUN4-r	RET45	A	qwen3.8-max	Q2::27	Cone	Cone	Cone	NAMED	majority	B	pass	pass	na	none	OPN1LW/ARR3/PDE6H/GUCA1C为Cone特异标志，文献支持	0
RUN4-r	RET45	B	glm-5.1	Q2::27	Cone	Cone	Cone	NAMED	majority	B	pass	pass	na	none	ARR3/OPN1LW/GNGT2强命中Cone，排除RPE	0
RUN4-r	RET45	C	deepseek-v3.2	Q2::27	Cone	Cone	Cone	NAMED	majority	B	pass	pass	na	none	PDE6H, ARR3, GUCA1C 等视锥细胞 marker 高表达	0
RUN4-r	RET45	A	qwen3.8-max	Q2::4	MG	MG	MG	NAMED	majority	B	pass	pass	na	none	RLBP1/GLUL/CLU/APOE/DKK3为MG标志，文献支持	0
RUN4-r	RET45	B	glm-5.1	Q2::4	MG	MG	MG	NAMED	majority	B	pass	pass	na	none	GLUL/RLBP1/VIM强命中MG，排除Micro/Astro	0
RUN4-r	RET45	C	deepseek-v3.2	Q2::4	MG	MG	MG	NAMED	majority	B	pass	pass	na	none	top_genes (RLBP1, GLUL) 与文献均支持 Müller 胶质细胞	0
RUN4-r	RET45	A	qwen3.8-max	Q3::13	RGC	undetermined	UNDET	UNDET	coarse	C	fail	fail	na	technical_suspect	RHO(Rod)与SNCG/NEFL(RGC)共存，谱系混合疑双细胞	0
RUN4-r	RET45	B	glm-5.1	Q3::13	RGC	Rod	Rod	NAMED	majority	B	pass	pass	na	none	RHO/RTBDN强命中，明确指向Rod，可排除RGC	0
RUN4-r	RET45	C	deepseek-v3.2	Q3::13	RGC	Rod	Rod	NAMED	majority	B	pass	pass	na	none	top_genes 含RHO；kb_ranking 与 lit 支持Rod	0
RUN4-r	RET45	A	qwen3.8-max	Q3::4	BC	BC	BC	NAMED	majority	B	pass	pass	na	none	TRPM1/GRM6/PCP2/RGS16强命中ON-BC，文献支持	0
RUN4-r	RET45	B	glm-5.1	Q3::4	BC	BC	BC	NAMED	majority	B	pass	pass	na	none	TRPM1/GRM6/PCP2强命中BC，文献支持，无冲突	0
RUN4-r	RET45	C	deepseek-v3.2	Q3::4	BC	BC	BC	NAMED	majority	B	pass	pass	na	none	top_genes (TRPM1, GRM6) 与文献证据一致指向 BC	0
RUN4-r	RET45	A	qwen3.8-max	Q3::5	BC	BC	BC	NAMED	majority	B	pass	pass	na	none	GRIK1/GRIA2/CAMK2B/CPLX3命中双极细胞突触marker	0
RUN4-r	RET45	B	glm-5.1	Q3::5	BC	BC	BC	NAMED	majority	B	pass	pass	na	none	GRIK1/GRIA2/PRKCB/CPLX3强命中，文献与KB均支持BC	0
RUN4-r	RET45	C	deepseek-v3.2	Q3::5	BC	BC	BC	NAMED	majority	B	pass	pass	na	none	kb_ranking 与 lit 支持BC；top_genes 含突触相关基因	0
RUN4-r	RET45	A	qwen3.8-max	Q3::8	MG	MG	MG	NAMED	majority	B	pass	pass	na	none	GLUL/VIM/RLBP1/APOE强命中Müller胶质细胞，文献支持	0
RUN4-r	RET45	B	glm-5.1	Q3::8	MG	MG	MG	NAMED	majority	B	pass	pass	na	candidate_biology	GLUL/RLBP1/RGR强支持MG，SPP1/APOE提示反应性	0
RUN4-r	RET45	C	deepseek-v3.2	Q3::8	MG	MG	MG	NAMED	majority	B	pass	pass	na	none	top_genes (CLU, SPP1, GLUL, APOE) 与文献证据一致指向 MG	0
RUN4-r	RET45	A	qwen3.8-max	Q4::14	BC	BC	BC	NAMED	majority	B	pass	pass	na	none	GSG1/CPLX3/GRIK1/SLC1A7为BC marker，文献支持	0
RUN4-r	RET45	B	glm-5.1	Q4::14	BC	BC	BC	NAMED	majority	B	pass	pass	na	none	SCG2/GRIK1/SLC1A7等强命中BC，文献支持	0
RUN4-r	RET45	C	deepseek-v3.2	Q4::14	BC	BC	BC	NAMED	majority	B	pass	pass	na	none	top_genes含GSG1/CPLX3/STX3等BC marker，文献支持BC身份	0
RUN4-r	RET45	A	qwen3.8-max	Q4::15	BC	coarse:interneuron	COARSE	COARSE	coarse	C	unresolved	pass	na	none	CABP5/CALB1/HPCA提示BC或AC，无kb/lit无法区分	0
RUN4-r	RET45	B	glm-5.1	Q4::15	BC	BC	BC	NAMED	majority	B	pass	pass	na	none	CABP5/CALB1/HPCA等top基因强命中BC	0
RUN4-r	RET45	C	deepseek-v3.2	Q4::15	BC	undetermined	UNDET	UNDET	coarse	C	unresolved	pass	na	none	top_genes无明确谱系marker，kb/lit无证据，身份证据不足	0
RUN4-r	RET45	A	qwen3.8-max	Q4::19	BC	BC	BC	NAMED	majority	B	pass	pass	na	none	VSX1/TRPM1/GNG13/CABP2为BC marker，文献支持；MT基因高但非决定性	0
RUN4-r	RET45	B	glm-5.1	Q4::19	BC	coarse:BC	COARSE	COARSE	coarse	C	unresolved	pass	na	technical_suspect	线粒体基因占top，VSX1/TRPM1弱提示BC，技术疑点	0
RUN4-r	RET45	C	deepseek-v3.2	Q4::19	BC	BC	BC	NAMED	majority	B	pass	pass	na	none	top_genes含CADPS/TRPM1等BC marker，kb_celltype_ranking与文献支持BC	0
RUN4-r	RET45	A	qwen3.8-max	Q4::23	BC	BC	BC	NAMED	majority	B	pass	pass	na	none	PCP2/GRM6/TRPM1/GNB3/CABP5强命中BC，TTR为次要不冲突	0
RUN4-r	RET45	B	glm-5.1	Q4::23	BC	undetermined	UNDET	UNDET	coarse	C	unresolved	fail	na	technical_suspect	BC核心GRM6/TRPM1与RPE核心TTR共存，疑双细胞	0
RUN4-r	RET45	C	deepseek-v3.2	Q4::23	BC	BC	BC	NAMED	majority	B	pass	pass	na	none	top_genes (PCP2, GRM6, TRPM1) 与文献证据一致指向 BC	0
RUN4-r	RET45	A	qwen3.8-max	Q4::24	BC	BC	BC	NAMED	majority	B	pass	pass	na	none	GNG13/TRPM1/VSX1/GNB3/CABP2强命中BC，kb排名一致	0
RUN4-r	RET45	B	glm-5.1	Q4::24	BC	BC	BC	NAMED	majority	B	pass	pass	na	none	TRPM1/GNB3/VSX1/CABP2强命中BC，无冲突	0
RUN4-r	RET45	C	deepseek-v3.2	Q4::24	BC	BC	BC	NAMED	majority	B	pass	pass	na	none	top_genes (GNG13, TRPM1, VSX1) 与文献证据一致指向 BC	0
RUN4-r	RET45	A	qwen3.8-max	Q4::29	BC	BC	BC	NAMED	majority	B	pass	pass	na	none	PCP2/GNG13/TRPM1/GRM6/GNB3强命中BC，文献支持	0
RUN4-r	RET45	B	glm-5.1	Q4::29	BC	BC	BC	NAMED	majority	B	pass	pass	na	none	PCP2/TRPM1/GRM6强支持BC，无谱系冲突	0
RUN4-r	RET45	C	deepseek-v3.2	Q4::29	BC	BC	BC	NAMED	majority	B	pass	pass	na	none	top_genes (PCP2, GNG13, TRPM1) 与文献证据一致指向 BC	0
RUN4-r	RET45	A	qwen3.8-max	Q4::32	MG	MG	MG	NAMED	majority	B	pass	pass	na	none	PTGDS/APOE/GLUL/RLBP1/VIM强命中MG，文献支持	0
RUN4-r	RET45	B	glm-5.1	Q4::32	MG	MG	MG	NAMED	majority	B	pass	pass	na	none	GLUL/RLBP1/RGR强命中，排除Astro/Mac	0
RUN4-r	RET45	C	deepseek-v3.2	Q4::32	MG	MG	MG	NAMED	majority	B	pass	pass	na	none	top_genes: PTGDS, APOE, GLUL, RLBP1；kb_ranking: MG；lit: MG PMID:40448612,34006945	0
RUN4-r	RET45	A	qwen3.8-max	Q4::37	MG	MG	MG	NAMED	majority	B	pass	pass	na	none	APOE/PTGDS/GLUL/VIM/WIF1/RGR支持MG，FOS/JUN为应激	0
RUN4-r	RET45	B	glm-5.1	Q4::37	MG	MG	MG	NAMED	majority	B	pass	pass	na	candidate_biology	GLUL/RGR支持MG，DUSP1/JUN/FOS提示应激状态	0
RUN4-r	RET45	C	deepseek-v3.2	Q4::37	MG	undetermined	UNDET	UNDET	coarse	C	unresolved	pass	na	candidate_biology	top_genes: DUSP1, APOE, GLUL；kb_ranking: MG/Fibroblast/Mac_DAM_LAM；证据冲突	0
RUN4-r	RET45	A	qwen3.8-max	Q4::39	Rod	Rod	Rod	NAMED	majority	B	pass	pass	na	none	SAG/RHO/NRL/PDE6G/GNAT1等视杆核心marker强命中	0
RUN4-r	RET45	B	glm-5.1	Q4::39	Rod	Rod	Rod	NAMED	majority	B	pass	pass	na	none	RHO/NRL/GNAT1等经典视杆细胞marker强命中	0
RUN4-r	RET45	C	deepseek-v3.2	Q4::39	Rod	Rod	Rod	NAMED	majority	B	pass	pass	na	none	top_genes: SAG, NRL, RHO, PDE6G；kb_ranking: Rod；lit: Rod PMID:34006945	0
RUN4-r	RET45	A	qwen3.8-max	Q4::9	BC	BC	BC	NAMED	majority	B	pass	pass	na	none	GSG1/GRIK1/CPLX4/CABP5/SLC1A7为BC marker，文献支持	0
RUN4-r	RET45	B	glm-5.1	Q4::9	BC	BC	BC	NAMED	majority	B	pass	pass	na	none	GRIK1/CABP5/HPCA/SLC1A7等强命中BC，文献支持	0
RUN4-r	RET45	C	deepseek-v3.2	Q4::9	BC	BC	BC	NAMED	majority	B	pass	pass	na	none	top_genes含GSG1/PCP4/GRIK1等BC marker，kb_celltype_ranking与文献支持BC	0
RUN4-r	RET45	A	qwen3.8-max	Q5b::13	BC	undetermined	UNDET	UNDET	majority	C	fail	pass	na	none	NFIA/SOX6/NFIB提示胶质或神经前体，无kb/lit无法定类	0
RUN4-r	RET45	B	glm-5.1	Q5b::13	BC	AC	AC	NAMED	majority	B	pass	pass	na	none	CNTNAP2/NFIA/NFIB/SOX6/GABBR2强命中AC	0
RUN4-r	RET45	C	deepseek-v3.2	Q5b::13	BC	undetermined	UNDET	UNDET	coarse	C	unresolved	pass	na	none	top_genes无视网膜十类典型marker，kb/lit无证据，身份证据不足	0
RUN4-r	RET45	A	qwen3.8-max	Q5b::16	BC	BC	BC	NAMED	majority	B	pass	pass	na	none	DSCAM/DGKB/CDH20等BC marker强命中，文献支持BC	0
RUN4-r	RET45	B	glm-5.1	Q5b::16	BC	BC	BC	NAMED	fine-cap	B	pass	pass	na	none	top基因富集BC标志(RIMS1,SLC24A3),lit支持	0
RUN4-r	RET45	C	deepseek-v3.2	Q5b::16	BC	BC	BC	NAMED	majority	B	pass	pass	na	none	top_genes含DSCAM、NRG1；kb_ranking与lit均支持BC	0
RUN4-r	RET45	A	qwen3.8-max	Q5b::17	BC	BC	BC	NAMED	majority	B	pass	pass	na	none	PRKCA/GRM6/GRM5/CNTN5/LINGO2双极细胞marker，kb排名BC	0
RUN4-r	RET45	B	glm-5.1	Q5b::17	BC	BC	BC	NAMED	majority	B	pass	pass	na	none	GRM6/PRKCA/GRM5强命中双极细胞	0
RUN4-r	RET45	C	deepseek-v3.2	Q5b::17	BC	BC	BC	NAMED	majority	B	pass	pass	na	none	top_genes: PRKCA, ADGRL2, GRM6；kb_ranking: BC；lit: BC PMID:40050124,34006945	0
RUN4-r	RET45	A	qwen3.8-max	Q5b::19	HC	HC	HC	NAMED	majority	B	pass	pass	na	none	ONECUT1/TNR/CACNA1C为HC marker，文献支持HC	0
RUN4-r	RET45	B	glm-5.1	Q5b::19	HC	HC	HC	NAMED	fine-cap	B	pass	pass	na	none	top基因富集HC标志(ONECUT1,CACNA1C),lit支持	0
RUN4-r	RET45	C	deepseek-v3.2	Q5b::19	HC	HC	HC	NAMED	majority	B	pass	pass	na	none	top_genes含FRMPD4、TNR；kb_ranking与lit均支持HC	0
RUN4-r	RET45	A	qwen3.8-max	Q5b::2	Rod	Rod	Rod	NAMED	majority	B	pass	pass	na	none	RHO/NRL/AIPL1/ABCA4/RDH8等视杆核心marker强命中	0
RUN4-r	RET45	B	glm-5.1	Q5b::2	Rod	Rod	Rod	NAMED	majority	B	pass	pass	na	none	RHO/NRL/ABCA4强支持视杆，GRM1弱表达	0
RUN4-r	RET45	C	deepseek-v3.2	Q5b::2	Rod	Rod	Rod	NAMED	majority	B	pass	pass	na	none	top_genes: RHO, ABCA4, NRL；kb_ranking: Rod；lit: Rod PMID:34006945	0
RUN4-r	RET45	A	qwen3.8-max	Q5b::20	HC	HC	HC	NAMED	majority	B	pass	pass	na	none	与K19基因谱一致，ONECUT1/TNR支持HC，细胞数较少	0
RUN4-r	RET45	B	glm-5.1	Q5b::20	HC	HC	HC	NAMED	fine-cap	B	pass	pass	na	none	top基因富集HC标志(ONECUT1,CACNA1C),lit支持	0
RUN4-r	RET45	C	deepseek-v3.2	Q5b::20	HC	HC	HC	NAMED	majority	B	pass	pass	na	none	top_genes与Q5b::19高度重叠；kb_ranking与lit均支持HC	0
RUN4-r	RET45	A	qwen3.8-max	Q5b::23	BC	coarse:interneuron	COARSE	COARSE	coarse	C	unresolved	fail	na	technical_suspect	BC与HC marker共存(DGKB+TENM2)，分辨率不足疑混合	0
RUN4-r	RET45	B	glm-5.1	Q5b::23	BC	BC	BC	NAMED	fine-cap	B	pass	pass	na	none	top基因富集BC标志(ERBB4,KCNH7),lit支持	0
RUN4-r	RET45	C	deepseek-v3.2	Q5b::23	BC	BC	BC	NAMED	majority	B	pass	pass	na	none	top_genes含ERBB4、DSCAM；kb_ranking与lit均支持BC	0
RUN4-r	RET45	A	qwen3.8-max	Q5b::3	Rod	Rod	Rod	NAMED	majority	B	pass	pass	na	none	RHO/ABCA4/NRL等视杆核心marker强命中，文献支持	0
RUN4-r	RET45	B	glm-5.1	Q5b::3	Rod	Rod	Rod	NAMED	majority	B	pass	pass	na	none	RHO/ABCA4/NRL强命中，文献支持，排除Cone	0
RUN4-r	RET45	C	deepseek-v3.2	Q5b::3	Rod	Rod	Rod	NAMED	majority	B	pass	pass	na	none	top_genes含RHO/NRL/ABCA4；文献支持Rod身份	0
RUN4-r	RET45	A	qwen3.8-max	Q5b::31	AC	AC	AC	NAMED	majority	B	pass	pass	na	none	GRIP1/GRM8/SNTG1/DCLK1等AC marker强命中，文献支持AC	0
RUN4-r	RET45	B	glm-5.1	Q5b::31	AC	AC	AC	NAMED	fine-cap	B	pass	pass	na	none	top基因富集AC标志(GRM8,DCLK1),lit支持	0
RUN4-r	RET45	C	deepseek-v3.2	Q5b::31	AC	AC	AC	NAMED	majority	B	pass	pass	na	none	top_genes含GRIP1、MEG3；kb_ranking与lit均支持AC	0
RUN4-r	RET45	A	qwen3.8-max	Q5b::32	AC	AC	AC	NAMED	majority	B	pass	pass	na	none	kb_ranking与lit均支持AC，top genes含神经元标记，无冲突	0
RUN4-r	RET45	B	glm-5.1	Q5b::32	AC	AC	AC	NAMED	majority	B	pass	pass	na	none	GRM8/CALN1/MYT1L转录证据+文献支持AC	0
RUN4-r	RET45	C	deepseek-v3.2	Q5b::32	AC	AC	AC	NAMED	majority	B	pass	pass	na	none	top_genes(DSCAM,GRIP1,SYNPR)与文献PMID:34006945支持AC	0
RUN4-r	RET45	A	qwen3.8-max	Q5b::35	AC	AC	AC	NAMED	majority	B	pass	pass	na	none	kb_ranking与lit均支持AC，GRM8/SLC5A7等符合神经元特征	0
RUN4-r	RET45	B	glm-5.1	Q5b::35	AC	AC	AC	NAMED	majority	B	pass	pass	na	none	GRM8/SLC5A7/CACNA1B转录证据+文献支持AC	0
RUN4-r	RET45	C	deepseek-v3.2	Q5b::35	AC	AC	AC	NAMED	majority	B	pass	pass	na	none	top_genes(CACNA1B,GRM8,SLIT2)与文献PMID:34006945支持AC	0
RUN4-r	RET45	A	qwen3.8-max	Q5b::42	AC	AC	AC	NAMED	majority	B	pass	pass	na	none	kb_ranking(n=3)与lit一致支持AC，NFIA/GRIK2为神经标记	0
RUN4-r	RET45	B	glm-5.1	Q5b::42	AC	AC	AC	NAMED	majority	B	pass	pass	na	none	NFIA/GRIK2/CNTNAP2转录证据+文献支持AC	0
RUN4-r	RET45	C	deepseek-v3.2	Q5b::42	AC	AC	AC	NAMED	majority	B	pass	pass	na	none	top_genes(CNTNAP2,GRIK2)与文献PMID:34006945支持AC	0
RUN4-r	RET45	A	qwen3.8-max	Q5b::43	BC	coarse:interneuron	COARSE	COARSE	coarse	C	unresolved	fail	na	conflicts_with_literature	kb_ranking同时命中BC(3)与AC(1)，lit亦冲突，无法区分谱系	0
RUN4-r	RET45	B	glm-5.1	Q5b::43	BC	coarse:retina_interneuron	COARSE	COARSE	coarse	C	unresolved	fail	na	technical_suspect	PTPRO(BC)与SCG2(AC)共存，谱系混合	0
RUN4-r	RET45	C	deepseek-v3.2	Q5b::43	BC	undetermined	UNDET	UNDET	coarse	C	fail	fail	na	technical_suspect	kb_ranking显示BC与AC混合，top_genes无明确谱系特异性	0
RUN4-r	RET45	A	qwen3.8-max	Q5b::45	AC	AC	AC	NAMED	majority	B	pass	pass	na	none	kb_ranking与lit均支持AC，GRIK2/NFIA/SOX5符合神经元特征	0
RUN4-r	RET45	B	glm-5.1	Q5b::45	AC	AC	AC	NAMED	majority	B	pass	pass	na	none	NFIA/MYT1L/GRIK2转录证据+文献支持AC	0
RUN4-r	RET45	C	deepseek-v3.2	Q5b::45	AC	AC	AC	NAMED	majority	B	pass	pass	na	none	top_genes(GRIK2,SOX5,CNTNAP2)与文献PMID:34006945支持AC	0
RUN4-r	RET45	A	qwen3.8-max	Q5b::8	Rod	Rod	Rod	NAMED	majority	B	pass	pass	na	none	RHO/ABCA4/AIPL1等视杆marker富集，与Q5b::3一致，文献支持	0
RUN4-r	RET45	B	glm-5.1	Q5b::8	Rod	Rod	Rod	NAMED	majority	B	pass	pass	na	none	ABCA4/RHO/AIPL1命中，文献支持Rod	0
RUN4-r	RET45	C	deepseek-v3.2	Q5b::8	Rod	Rod	Rod	NAMED	majority	B	pass	pass	na	none	top_genes含RHO/ABCA4/AIPL1；文献支持Rod身份	0
RUN4-r	RET45	A	qwen3.8-max	Q7::1	BC	BC	BC	NAMED	majority	B	pass	pass	na	none	Trpm1/Grm5/Ryr3为BC标志，文献支持	0
RUN4-r	RET45	B	glm-5.1	Q7::1	BC	BC	BC	NAMED	majority	B	pass	pass	na	none	Gng13/Unc13c/Cck强命中BC，无AC/RGC核心marker冲突	0
RUN4-r	RET45	C	deepseek-v3.2	Q7::1	BC	BC	BC	NAMED	majority	B	pass	pass	na	none	top_genes 与文献均支持 BC 身份	0
RUN4-r	RET45	A	qwen3.8-max	Q7::10	AC	AC	AC	NAMED	majority	B	pass	pass	na	none	Pax6/Cplx2/Kcnip1/Pax6支持AC，文献支持	0
RUN4-r	RET45	B	glm-5.1	Q7::10	AC	AC	AC	NAMED	majority	B	pass	pass	na	none	Pax6/C1ql1/Adarb2强支持AC，无BC核心marker	0
RUN4-r	RET45	C	deepseek-v3.2	Q7::10	AC	AC	AC	NAMED	majority	B	pass	pass	na	none	top_genes 与文献均支持 AC 身份	0
RUN4-r	RET45	A	qwen3.8-max	Q7::18	Rod	Rod	Rod	NAMED	majority	B	pass	pass	na	none	Rho/Pde6g/Gnat1/Nrl等鼠视杆经典marker全覆盖，文献支持	0
RUN4-r	RET45	B	glm-5.1	Q7::18	Rod	Rod	Rod	NAMED	majority	B	pass	pass	na	none	Rho/Gnat1/Nrl等经典marker强命中，文献支持	0
RUN4-r	RET45	C	deepseek-v3.2	Q7::18	Rod	Rod	Rod	NAMED	majority	B	pass	pass	na	none	top_genes含Rho/Nrl/Pde6g；文献支持Rod身份	0
RUN4-r	RET45	A	qwen3.8-max	Q7::3	Micro	Micro	Micro	NAMED	majority	B	pass	pass	na	none	C1qb/Cx3cr1/Trem2/Csf1r小胶质核心marker强命中，文献支持	0
RUN4-r	RET45	B	glm-5.1	Q7::3	Micro	Micro	Micro	NAMED	majority	B	pass	pass	na	none	C1q/Ctss/Trem2/Cx3cr1强命中，文献支持Micro	0
RUN4-r	RET45	C	deepseek-v3.2	Q7::3	Micro	Micro	Micro	NAMED	majority	B	pass	pass	na	none	top_genes含C1qb/Cx3cr1/Trem2；kb_ranking与文献指向Microglia/Micro	0
RUN4-r	RET45	A	qwen3.8-max	Q7::42	AC	AC	AC	NAMED	majority	B	pass	pass	na	none	Gad1/Slc32a1抑制性+Tfap2b/Dkk3 AC marker，HC证据较弱可排除	0
RUN4-r	RET45	B	glm-5.1	Q7::42	AC	AC	AC	NAMED	majority	B	pass	pass	na	none	Gad1/Slc32a1/Tfap2b强命中，支持AC，排除HC	0
RUN4-r	RET45	C	deepseek-v3.2	Q7::42	AC	AC	AC	NAMED	majority	B	pass	pass	na	none	top_genes含Gad1/Slc32a1；kb_ranking与文献支持AC身份	0
RUN4-r	RET45	A	qwen3.8-max	Q7::46	RGC	RGC	RGC	NAMED	majority	B	pass	pass	na	conflicts_with_literature	Sncg/Ebf1/Thy1/Nefm为RGC经典marker，kb排名错误	0
RUN4-r	RET45	B	glm-5.1	Q7::46	RGC	RGC	RGC	NAMED	majority	B	pass	pass	na	none	Sncg/Thy1/Nefm/Stmn2强命中RGC	0
RUN4-r	RET45	C	deepseek-v3.2	Q7::46	RGC	undetermined	UNDET	UNDET	coarse	C	fail	pass	na	conflicts_with_literature	top_genes无明确视网膜细胞marker；kb仅命中间质细胞，与组织组成不符	0
RUN4-r	RET45	A	qwen3.8-max	Q7::52	RGC	RGC	RGC	NAMED	majority	B	pass	pass	na	conflicts_with_literature	Sncg/Thy1/Nefm/Stmn2强支持RGC，kb排名与证据冲突	0
RUN4-r	RET45	B	glm-5.1	Q7::52	RGC	RGC	RGC	NAMED	majority	B	pass	pass	na	none	Sncg/Thy1/Nefm/Pvalb强命中RGC	0
RUN4-r	RET45	C	deepseek-v3.2	Q7::52	RGC	undetermined	UNDET	UNDET	coarse	C	fail	pass	na	conflicts_with_literature	top_genes无明确视网膜细胞marker；kb仅命中间质细胞，与组织组成不符	0
RUN4-r	RET45	A	qwen3.8-max	Q7::58	RGC	RGC	RGC	NAMED	majority	B	pass	pass	na	conflicts_with_literature	Sncg/Thy1/Nefm/Tac1支持RGC亚型，kb排名错误	0
RUN4-r	RET45	B	glm-5.1	Q7::58	RGC	RGC	RGC	NAMED	majority	B	pass	pass	na	none	Sncg/Thy1/Nefm/Pvalb强命中RGC	0
RUN4-r	RET45	C	deepseek-v3.2	Q7::58	RGC	undetermined	UNDET	UNDET	coarse	C	fail	pass	na	conflicts_with_literature	top_genes无明确视网膜细胞marker；kb仅命中间质细胞，与组织组成不符	0
RUN4-r	RET45	A	qwen3.8-max	Q7::63	BC	BC	BC	NAMED	majority	B	pass	pass	na	none	Vsx1/Grm6/Gnb3/Isl1为BC核心marker，kb命中一致	0
RUN4-r	RET45	B	glm-5.1	Q7::63	BC	BC	BC	NAMED	majority	B	pass	pass	na	none	Trpm1/Grm6/Vsx1/Otx2强命中BC	0
RUN4-r	RET45	C	deepseek-v3.2	Q7::63	BC	BC	BC	NAMED	fine-cap	B	pass	pass	na	none	top_genes含BC marker（Vsx1, Isl1）；kb ranking BC为主；lit支持	0
RUN4-r	RET45	A	qwen3.8-max	Q7::8	AC	AC	AC	NAMED	majority	B	pass	pass	na	none	Gad1/Slc32a1/Pax6/Tfap2b强支持AC，kb命中一致	0
RUN4-r	RET45	B	glm-5.1	Q7::8	AC	AC	AC	NAMED	majority	B	pass	pass	na	none	Gad1/Slc32a1/Pax6/Tfap2b强命中AC	0
RUN4-r	RET45	C	deepseek-v3.2	Q7::8	AC	AC	AC	NAMED	fine-cap	B	pass	pass	na	none	top_genes含AC marker（Gad1, Slc32a1）；kb ranking AC为主；lit支持	0
RUN5	Q6-33	A	qwen3.8-max	Q6::0	Epithelium	Epithelium	Epithelium	NAMED	majority	B	pass	pass	na	none	KRT6A/SPRR1B/SPRR2A应激分化上皮，ALDH1A3支持	0
RUN5	Q6-33	B	glm-5.1	Q6::0	Epithelium	Epithelium	Epithelium	NAMED	majority	B	pass	pass	na	none	KRT6A/SPRR1B强命中，鳞状上皮分化	0
RUN5	Q6-33	C	deepseek-v3.2	Q6::0	Epithelium	Epithelium	Epithelium	NAMED	coarse	C	fail	pass	na	candidate_biology	top_genes 表达 KRT6A, SPRR1B 等应激/分化标志，身份模糊	0
RUN5	Q6-33	A	qwen3.8-max	Q6::1	Epithelium	Epithelium	Epithelium	NAMED	majority	B	pass	pass	na	none	KRT12/KRT3角膜上皮特异，DSG3/CLDN4支持上皮	0
RUN5	Q6-33	B	glm-5.1	Q6::1	Epithelium	Epithelium	Epithelium	NAMED	majority	B	pass	pass	na	none	KRT12/KRT3强命中，定角膜上皮	0
RUN5	Q6-33	C	deepseek-v3.2	Q6::1	Epithelium	Epithelium	Epithelium	NAMED	majority	B	pass	pass	na	none	top_genes 强表达 KRT12, KRT3, CLDN4, DSG3 等角膜上皮标志	0
RUN5	Q6-33	A	qwen3.8-max	Q6::11	Endothelium	Endothelium	Endothelium	NAMED	majority	B	pass	pass	na	none	PECAM1/EMCN/CLDN5/FLT1内皮核心marker共表达	0
RUN5	Q6-33	B	glm-5.1	Q6::11	Endothelium	Endothelium	Endothelium	NAMED	majority	B	pass	pass	na	none	CLDN5/PECAM1/FLT1/EMCN强命中血管内皮	0
RUN5	Q6-33	C	deepseek-v3.2	Q6::11	Endothelium	Endothelium	Endothelium	NAMED	fine-cap	B	pass	pass	na	none	top_genes: PECAM1, CLDN5, FLT1; kb_hits: Endo; lit 支持角膜内皮	0
RUN5	Q6-33	A	qwen3.8-max	Q6::12	Fibroblasts	undetermined	UNDET	UNDET	coarse	C	fail	unresolved	na	candidate_biology	MMP/CXCL炎症基质基因，无特异谱系marker，身份未定	0
RUN5	Q6-33	B	glm-5.1	Q6::12	Fibroblasts	coarse:Immune Cells	COARSE	COARSE	coarse	C	unresolved	unresolved	na	candidate_biology	CXCL8/1/2+PTGS2趋化炎症，缺CD45定谱系	0
RUN5	Q6-33	C	deepseek-v3.2	Q6::12	Fibroblasts	undetermined	UNDET	UNDET	coarse	C	unresolved	pass	na	candidate_biology	top_genes: MMP3, CXCL8, PTGS2 提示炎症/应激状态，身份证据不足	0
RUN5	Q6-33	A	qwen3.8-max	Q6::13	Fibroblasts	Fibroblasts	Fibroblasts	NAMED	coarse	C	unresolved	pass	na	none	VIM/APOD/MGP提示间质，但kb无命中且候选冲突，证据不足	0
RUN5	Q6-33	B	glm-5.1	Q6::13	Fibroblasts	Fibroblasts	Fibroblasts	NAMED	majority	B	pass	pass	na	out_of_baseline_coverage	FBLN1/PRELP/IGFBP5/VIM强命中成纤维，KB排名不符Q6	0
RUN5	Q6-33	C	deepseek-v3.2	Q6::13	Fibroblasts	undetermined	UNDET	UNDET	coarse	C	fail	pass	na	conflicts_with_literature	top基因与kb排名冲突，无明确眼表身份证据	0
RUN5	Q6-33	A	qwen3.8-max	Q6::14	Fibroblasts	Fibroblasts	Fibroblasts	NAMED	majority	B	pass	pass	na	none	KERA/VIM/APOD/MGP支持角膜基质细胞，文献命中Keratocyte属同类	0
RUN5	Q6-33	B	glm-5.1	Q6::14	Fibroblasts	Fibroblasts	Fibroblasts	NAMED	majority	B	pass	pass	na	none	KERA/ANGPTL7/VIM高表达，文献支持角膜基质细胞	0
RUN5	Q6-33	C	deepseek-v3.2	Q6::14	Fibroblasts	Fibroblasts	Fibroblasts	NAMED	coarse	B	pass	pass	na	none	top_genes SAA1/APOD/VIM 及 lit 支持 Keratocytes (成纤维细胞)	0
RUN5	Q6-33	A	qwen3.8-max	Q6::15	Fibroblasts	Fibroblasts	Fibroblasts	NAMED	majority	B	pass	pass	na	none	KERA/ALDH3A1强命中角膜基质细胞，文献支持，排除其他候选	0
RUN5	Q6-33	B	glm-5.1	Q6::15	Fibroblasts	coarse:Fibroblasts	COARSE	COARSE	coarse	B	pass	pass	na	out_of_baseline_coverage	KERA/ALDH3A1特异命中角膜基质细胞，映射词表coarse:Fibroblasts	0
RUN5	Q6-33	C	deepseek-v3.2	Q6::15	Fibroblasts	coarse:Keratocytes	COARSE	COARSE	coarse	B	pass	pass	na	none	top基因ALDH3A1/KERA强命中角膜细胞，kb排名支持	0
RUN5	Q6-33	A	qwen3.8-max	Q6::16	Fibroblasts	undetermined	UNDET	UNDET	coarse	C	fail	pass	na	conflicts_with_literature	NMB/MMP3/CTSK混合，kb仅MG/Astro与眼表不符，无法定身份	0
RUN5	Q6-33	B	glm-5.1	Q6::16	Fibroblasts	coarse:Fibroblasts	COARSE	COARSE	coarse	B	pass	pass	na	out_of_baseline_coverage	MYOC/CYP1B1/MMP1强命中小梁网，词表无TM归为粗标签	0
RUN5	Q6-33	C	deepseek-v3.2	Q6::16	Fibroblasts	undetermined	UNDET	UNDET	coarse	C	fail	unresolved	na	conflicts_with_literature	top_genes (NMB, MMP3) 非眼表典型，文献证据指向视网膜细胞，冲突。	0
RUN5	Q6-33	A	qwen3.8-max	Q6::17	Schwann Cells	Schwann Cells	Schwann Cells	NAMED	majority	B	pass	pass	na	none	CDH19/NRXN1/GPM6B/S100B/PLP1强支持施万细胞谱系	0
RUN5	Q6-33	B	glm-5.1	Q6::17	Schwann Cells	Schwann Cells	Schwann Cells	NAMED	majority	B	pass	pass	na	none	CDH19/PLP1/S100B/SCN7A强命中施万细胞	0
RUN5	Q6-33	C	deepseek-v3.2	Q6::17	Schwann Cells	Schwann Cells	Schwann Cells	NAMED	majority	B	pass	pass	na	none	top_genes 高表达 CDH19、GPM6B、PLP1、S100B 等施万细胞 marker。	0
RUN5	Q6-33	A	qwen3.8-max	Q6::18	Fibroblasts	coarse:Stromal	COARSE	COARSE	coarse	C	unresolved	pass	na	conflicts_with_literature	MYOC/MGP/PRELP为基质标志，kb排名Pericyte缺核心标记不支持	0
RUN5	Q6-33	B	glm-5.1	Q6::18	Fibroblasts	Fibroblasts	Fibroblasts	NAMED	coarse	C	unresolved	unresolved	na	conflicts_with_literature	MYOC/COL8A1/FBLN1提示成纤维，与kb排名Pericyte冲突	0
RUN5	Q6-33	C	deepseek-v3.2	Q6::18	Fibroblasts	Pericytes	Pericytes	NAMED	majority	B	pass	pass	na	none	top_genes PLA2G2A/CHI3L1/MGP 及 lit 支持 Pericyte	0
RUN5	Q6-33	A	qwen3.8-max	Q6::19	Fibroblasts	Fibroblasts	Fibroblasts	NAMED	majority	B	pass	pass	na	none	COL1A1/COL1A2/VIM/SPARC强基质成纤维标志，无内皮标记	0
RUN5	Q6-33	B	glm-5.1	Q6::19	Fibroblasts	Fibroblasts	Fibroblasts	NAMED	majority	B	pass	pass	na	none	COL1A1/COL1A2/VIM强命中，成纤维细胞	0
RUN5	Q6-33	C	deepseek-v3.2	Q6::19	Fibroblasts	Fibroblasts	Fibroblasts	NAMED	majority	B	pass	pass	na	none	top_genes 强表达 COL1A1, COL1A2, SPARC, VIM 等成纤维细胞核心标志	0
RUN5	Q6-33	A	qwen3.8-max	Q6::2	Epithelium	Epithelium	Epithelium	NAMED	majority	B	pass	pass	na	none	KRT13/KRT4/AQP5非角化上皮标志，S100A8/A9炎症上皮常见	0
RUN5	Q6-33	B	glm-5.1	Q6::2	Epithelium	undetermined	UNDET	UNDET	coarse	C	unresolved	fail	na	technical_suspect	KRT13/4与S100A8/9双谱系共存，疑双细胞	0
RUN5	Q6-33	C	deepseek-v3.2	Q6::2	Epithelium	undetermined	UNDET	UNDET	coarse	C	fail	pass	na	conflicts_with_literature	top_genes 上皮标志与 kb_celltype_ranking 免疫细胞冲突，证据不足	0
RUN5	Q6-33	A	qwen3.8-max	Q6::20	Epithelium	Epithelium	Epithelium	NAMED	majority	B	pass	pass	na	none	KRT12/KRT3/KRT14角膜上皮分化与基底marker共存	0
RUN5	Q6-33	B	glm-5.1	Q6::20	Epithelium	Epithelium	Epithelium	NAMED	majority	B	pass	pass	na	conflicts_with_literature	KRT12/KRT3为角膜上皮标志，与KB角质细胞冲突	0
RUN5	Q6-33	C	deepseek-v3.2	Q6::20	Epithelium	Epithelium	Epithelium	NAMED	majority	B	pass	pass	na	none	top_genes: KRT12, KRT14, ALDH3A1; kb_ranking: Keratocytes (疑误)，但基因谱强符合角膜上皮	0
RUN5	Q6-33	A	qwen3.8-max	Q6::21	Fibroblasts	Fibroblasts	Fibroblasts	NAMED	majority	B	pass	pass	na	none	KERA/CEMIP/COL5A2/COL6A3角膜基质细胞(成纤维)特征	0
RUN5	Q6-33	B	glm-5.1	Q6::21	Fibroblasts	Fibroblasts	Fibroblasts	NAMED	majority	B	pass	pass	na	none	KERA/ALDH3A1/ANGPTL7强命中角膜基质细胞	0
RUN5	Q6-33	C	deepseek-v3.2	Q6::21	Fibroblasts	Fibroblasts	Fibroblasts	NAMED	coarse	B	pass	pass	na	none	top_genes: COL5A2, COL6A3, KERA; kb_ranking: Keratocytes; lit 支持角膜基质细胞	0
RUN5	Q6-33	A	qwen3.8-max	Q6::22	Fibroblasts	coarse:Fibroblasts	COARSE	COARSE	coarse	C	unresolved	pass	na	conflicts_with_literature	KERA/ANGPTL7提示角膜基质，但kb排名无Fibroblast且lit缺角膜证据	0
RUN5	Q6-33	B	glm-5.1	Q6::22	Fibroblasts	coarse:Fibroblasts	COARSE	COARSE	coarse	B	pass	pass	na	out_of_baseline_coverage	KERA/ANGPTL7强命中角膜基质，词表无Keratocyte归为粗标签	0
RUN5	Q6-33	C	deepseek-v3.2	Q6::22	Fibroblasts	undetermined	UNDET	UNDET	coarse	C	fail	unresolved	na	conflicts_with_literature	top_genes 为角膜基质/纤维细胞特征，但文献证据指向视网膜细胞，冲突。	0
RUN5	Q6-33	A	qwen3.8-max	Q6::23	Epithelium	Epithelium	Epithelium	NAMED	majority	B	pass	pass	na	none	KRT12/KRT3为角膜上皮特异marker，转录证据强	0
RUN5	Q6-33	B	glm-5.1	Q6::23	Epithelium	Epithelium	Epithelium	NAMED	majority	B	pass	pass	na	none	KRT12/KRT3/CLDN4/ALDH3A1强命中角膜上皮	0
RUN5	Q6-33	C	deepseek-v3.2	Q6::23	Epithelium	Epithelium	Epithelium	NAMED	fine-cap	B	pass	pass	na	none	KRT12/KRT3等上皮角蛋白高表达，符合角膜上皮特征	0
RUN5	Q6-33	A	qwen3.8-max	Q6::24	Pericytes	Smooth Muscle Cells	Smooth Muscle Cells	NAMED	majority	B	pass	pass	na	none	ACTA2/TAGLN/TPM2/MYL9平滑肌核心marker共表达，文献支持	0
RUN5	Q6-33	B	glm-5.1	Q6::24	Pericytes	coarse:Smooth Muscle Cells	COARSE	COARSE	coarse	B	pass	unresolved	na	out_of_baseline_coverage	ACTA2/TAGLN/MYL9命中肌成纤维/平滑肌，映射coarse:Smooth Muscle Cells	0
RUN5	Q6-33	C	deepseek-v3.2	Q6::24	Pericytes	Smooth Muscle Cells	Smooth Muscle Cells	NAMED	fine-cap	B	pass	pass	na	none	ACTA2/TAGLN/MYL9等SMC标志物高表达，kb排名支持	0
RUN5	Q6-33	A	qwen3.8-max	Q6::25	Melanocytes	Melanocytes	Melanocytes	NAMED	majority	B	pass	pass	na	none	TYRP1/PMEL/DCT/MLANA/TYR/MITF黑色素细胞核心marker强共表达	0
RUN5	Q6-33	B	glm-5.1	Q6::25	Melanocytes	Melanocytes	Melanocytes	NAMED	majority	B	pass	pass	na	none	TYRP1/PMEL/DCT/MLANA/MITF/TYR强命中Melanocytes	0
RUN5	Q6-33	C	deepseek-v3.2	Q6::25	Melanocytes	Melanocytes	Melanocytes	NAMED	majority	B	pass	pass	na	none	top_genes (TYRP1, PMEL, DCT, MLANA) 强命中黑色素细胞marker。	0
RUN5	Q6-33	A	qwen3.8-max	Q6::26	Immune Cells	Immune Cells	Immune Cells	NAMED	coarse	B	pass	pass	na	none	HLA-DR/CD74/CXCL8/IL1B/TYROBP提示髓系APC，归入免疫粗类	0
RUN5	Q6-33	B	glm-5.1	Q6::26	Immune Cells	Immune Cells	Immune Cells	NAMED	coarse	B	pass	pass	na	none	HLA-DRA/CD74/IL1B指示髓系细胞，归入Immune Cells	0
RUN5	Q6-33	C	deepseek-v3.2	Q6::26	Immune Cells	Immune Cells	Immune Cells	NAMED	coarse	B	pass	pass	na	none	top_genes 高表达 HLA-DRA、CD74、CCL3/4 等抗原呈递/巨噬相关基因。	0
RUN5	Q6-33	A	qwen3.8-max	Q6::27	Fibroblasts	undetermined	UNDET	UNDET	coarse	C	fail	unresolved	na	candidate_biology	CXCL8/IL6炎症因子与MGP/CRYAB基质基因共存，谱系不清	0
RUN5	Q6-33	B	glm-5.1	Q6::27	Fibroblasts	Immune Cells	Immune Cells	NAMED	majority	B	pass	pass	na	none	CXCL8/IL6/CXCL1/2/3高表达，典型免疫/炎症细胞标志	0
RUN5	Q6-33	C	deepseek-v3.2	Q6::27	Fibroblasts	undetermined	UNDET	UNDET	coarse	C	fail	unresolved	na	candidate_biology	炎症/应激基因主导，无明确谱系标志，身份证据不足	0
RUN5	Q6-33	A	qwen3.8-max	Q6::28	Fibroblasts	coarse:Fibroblasts	COARSE	COARSE	coarse	B	pass	pass	na	none	KERA/ALDH3A1/ANGPTL7角膜基质细胞特征，kb命中Keratocytes归入Fibroblasts	0
RUN5	Q6-33	B	glm-5.1	Q6::28	Fibroblasts	coarse:Fibroblasts	COARSE	COARSE	coarse	B	pass	pass	na	out_of_baseline_coverage	KERA/ALDH3A1/ANGPTL7强命中Keratocytes，词表无该词归粗标签	0
RUN5	Q6-33	C	deepseek-v3.2	Q6::28	Fibroblasts	Keratocytes	Keratocytes	NAMED	majority	B	pass	pass	na	none	top_genes (KERA, ALDH3A1) 与 kb_celltype_ranking 均强命中角膜基质细胞。	0
RUN5	Q6-33	A	qwen3.8-max	Q6::29	Epithelium	Epithelium	Epithelium	NAMED	majority	B	pass	pass	na	none	KRT3/KRT12/KRT13/CLDN4/DSG3强支持角膜上皮身份	0
RUN5	Q6-33	B	glm-5.1	Q6::29	Epithelium	Epithelium	Epithelium	NAMED	majority	B	pass	pass	na	none	KRT12/KRT3/KRT13为角膜上皮特异标志物	0
RUN5	Q6-33	C	deepseek-v3.2	Q6::29	Epithelium	Epithelium	Epithelium	NAMED	majority	B	pass	pass	na	none	top_genes 高表达 KRT12、KRT13、KRT19、CLDN4 等角膜上皮 marker。	0
RUN5	Q6-33	A	qwen3.8-max	Q6::3	Epithelium	Epithelium	Epithelium	NAMED	majority	B	pass	pass	na	conflicts_with_literature	S100A8/A9及KRT6A/14/16/17强支持应激上皮，kb误排单核	0
RUN5	Q6-33	B	glm-5.1	Q6::3	Epithelium	undetermined	UNDET	UNDET	coarse	C	fail	fail	unresolved	technical_suspect	S100A8/A9与KRT6A/14/16/17两谱系共存，疑双细胞	0
RUN5	Q6-33	C	deepseek-v3.2	Q6::3	Epithelium	Epithelium	Epithelium	NAMED	majority	B	pass	pass	na	none	top_genes S100A8/S100A9/KRT6A/KRT17 为上皮/角质细胞标志	0
RUN5	Q6-33	A	qwen3.8-max	Q6::30	Epithelium	coarse:Epithelial-Immune	COARSE	COARSE	coarse	C	unresolved	fail	na	technical_suspect	S100A8/A9免疫与KRT/MUC16上皮共存，疑双细胞或混合	0
RUN5	Q6-33	B	glm-5.1	Q6::30	Epithelium	undetermined	UNDET	UNDET	coarse	C	fail	fail	na	technical_suspect	S100A8/A9与KRT7/19双谱系共存，疑双细胞	0
RUN5	Q6-33	C	deepseek-v3.2	Q6::30	Epithelium	Immune Cells	Immune Cells	NAMED	coarse	C	pass	unresolved	na	candidate_biology	top_genes含S100A8/S100A9/LCN2等髓系标志；kb_ranking仅Mono_Classical，证据不足细分。	0
RUN5	Q6-33	A	qwen3.8-max	Q6::31	Fibroblasts	Fibroblasts	Fibroblasts	NAMED	coarse	C	unresolved	pass	na	none	ANGPTL7/MYOC/TIMP3提示间质/基质，kb仅命中Pericyte但证据薄	0
RUN5	Q6-33	B	glm-5.1	Q6::31	Fibroblasts	Pericytes	Pericytes	NAMED	coarse	C	unresolved	unresolved	na	candidate_biology	ANGPTL7/MYOC/FBLN1与成纤维细胞重叠，KB/Lit指周细胞	0
RUN5	Q6-33	C	deepseek-v3.2	Q6::31	Fibroblasts	Pericytes	Pericytes	NAMED	majority	B	pass	pass	na	none	top_genes 含 ANGPTL7、MGP 等周细胞 marker；kb_celltype_ranking 及 lit 支持。	0
RUN5	Q6-33	A	qwen3.8-max	Q6::32	Smooth Muscle Cells	Smooth Muscle Cells	Smooth Muscle Cells	NAMED	majority	B	pass	pass	na	none	MYH11/ACTA2/TAGLN/MYL9/MYLK强命中平滑肌标志物	0
RUN5	Q6-33	B	glm-5.1	Q6::32	Smooth Muscle Cells	Smooth Muscle Cells	Smooth Muscle Cells	NAMED	majority	B	pass	pass	na	none	ACTA2/MYH11/TAGLN强命中平滑肌，MYH11支持SMC	0
RUN5	Q6-33	C	deepseek-v3.2	Q6::32	Smooth Muscle Cells	Smooth Muscle Cells	Smooth Muscle Cells	NAMED	majority	B	pass	pass	na	none	top_genes含ACTA2/MYH11/MYL9等平滑肌标志；kb_ranking及文献支持SMC。	0
RUN5	Q6-33	A	qwen3.8-max	Q6::33	Fibroblasts	Fibroblasts	Fibroblasts	NAMED	majority	B	pass	pass	na	none	COL1A1/COL1A2/SPARC/BGN强命中成纤维细胞，kb与lit一致支持	0
RUN5	Q6-33	B	glm-5.1	Q6::33	Fibroblasts	Fibroblasts	Fibroblasts	NAMED	majority	B	pass	pass	na	none	COL1A1/COL1A2/SPARC/BGN强命中，符合Fibroblasts	0
RUN5	Q6-33	C	deepseek-v3.2	Q6::33	Fibroblasts	Fibroblasts	Fibroblasts	NAMED	majority	B	pass	pass	na	none	top_genes (COL1A1/2, SPARC, BGN) 强命中成纤维细胞marker，文献支持。	0
RUN5	Q6-33	A	qwen3.8-max	Q6::4	Epithelium	Epithelium	Epithelium	NAMED	majority	B	pass	pass	na	none	KRT15/KRT14基底上皮marker，CXCL14/S100A2支持	0
RUN5	Q6-33	B	glm-5.1	Q6::4	Epithelium	Epithelium	Epithelium	NAMED	majority	B	pass	pass	na	none	KRT15/KRT14/KRT19强命中，基底上皮	0
RUN5	Q6-33	C	deepseek-v3.2	Q6::4	Epithelium	Epithelium	Epithelium	NAMED	majority	B	pass	pass	na	none	top_genes 强表达 KRT15, KRT14, KRT19, AQP3 等上皮基底/祖细胞标志	0
RUN5	Q6-33	A	qwen3.8-max	Q6::5	Epithelium	Epithelium	Epithelium	NAMED	majority	B	pass	pass	na	none	KRT12/14/15/19及DSG3/AQP3强支持角膜上皮	0
RUN5	Q6-33	B	glm-5.1	Q6::5	Epithelium	Epithelium	Epithelium	NAMED	majority	B	pass	pass	na	none	KRT12/KRT14/KRT19高表达，典型角膜上皮标志	0
RUN5	Q6-33	C	deepseek-v3.2	Q6::5	Epithelium	Epithelium	Epithelium	NAMED	majority	B	pass	pass	na	none	top_genes KRT12/KRT15/KRT19 为角膜上皮标志	0
RUN5	Q6-33	A	qwen3.8-max	Q6::6	Epithelium	Epithelium	Epithelium	NAMED	majority	B	pass	pass	na	none	KRT14/KRT12/DSG3为上皮marker，kb排名与top genes不符但不影响判读	0
RUN5	Q6-33	B	glm-5.1	Q6::6	Epithelium	Epithelium	Epithelium	NAMED	majority	B	pass	pass	na	out_of_baseline_coverage	KRT14/KRT12/S100A2/DSG3强命中角膜上皮，KB排名不符	0
RUN5	Q6-33	C	deepseek-v3.2	Q6::6	Epithelium	undetermined	UNDET	UNDET	coarse	C	fail	pass	na	conflicts_with_literature	top基因混合上皮/角膜细胞标志，kb排名冲突，身份不明	0
RUN5	Q6-33	A	qwen3.8-max	Q6::7	Endothelium	Endothelium	Endothelium	NAMED	majority	B	pass	pass	na	none	CLDN5/LYVE1/CCL21/MMRN1支持内皮，kb排名Endo首位	0
RUN5	Q6-33	B	glm-5.1	Q6::7	Endothelium	Endothelium	Endothelium	NAMED	majority	B	pass	pass	na	none	CCL21/LYVE1/CLDN5强命中内皮，排除其他	0
RUN5	Q6-33	C	deepseek-v3.2	Q6::7	Endothelium	Endothelium	Endothelium	NAMED	majority	B	pass	pass	na	none	top_genes含CLDN5/VIM/ANGPT2/LYVE1等内皮标志；kb_ranking及文献支持Endo。	0
RUN5	Q6-33	A	qwen3.8-max	Q6::8	Immune Cells	Immune Cells	Immune Cells	NAMED	coarse	B	pass	pass	na	none	PTPRC/IL7R/CCL5/CD69/RUNX3强支持T细胞，归入免疫粗类	0
RUN5	Q6-33	B	glm-5.1	Q6::8	Immune Cells	Immune Cells	Immune Cells	NAMED	coarse	B	pass	pass	na	none	IL7R/CCL5/CXCR4指示T细胞，归入Immune Cells	0
RUN5	Q6-33	C	deepseek-v3.2	Q6::8	Immune Cells	Immune Cells	Immune Cells	NAMED	coarse	B	pass	pass	na	none	top_genes 高表达 PTPRC、IL7R、CXCR4、CD69 等免疫细胞通用 marker。	0
RUN5	Q6-33	A	qwen3.8-max	Q6::9	Epithelium	Epithelium	Epithelium	NAMED	majority	B	pass	pass	na	none	KRT14/KRT17/DSG3/AQP3强命中角膜上皮基底细胞marker	0
RUN5	Q6-33	B	glm-5.1	Q6::9	Epithelium	Epithelium	Epithelium	NAMED	majority	B	pass	pass	na	none	KRT14/17/15+S100A2强命中上皮	0
RUN5	Q6-33	C	deepseek-v3.2	Q6::9	Epithelium	Epithelium	Epithelium	NAMED	majority	B	pass	pass	na	none	top_genes: KRT14, KRT17, KRT15, AQP3 强表达，符合上皮特征	0
RUN6A	Q6-33	A	qwen3.8-max	Q6::0	Epithelium	Epithelium	Epithelium	NAMED	majority	B	pass	pass	na	none	KRT6A/KRT17/SPRR系列应激分化上皮标志物领衔，CLDN4/DSG3支持上皮	0
RUN6A	Q6-33	B	glm-5.1	Q6::0	Epithelium	Epithelium	Epithelium	NAMED	majority	B	pass	pass	na	none	KRT6A/KRT17/SPRR1B强命中，鳞状上皮分化明确	0
RUN6A	Q6-33	C	deepseek-v3.2	Q6::0	Epithelium	Epithelium	Epithelium	NAMED	majority	B	pass	pass	na	none	KRT6A/KRT17/SPRR1B/SPRR2A 表达，增殖/分化上皮marker	0
RUN6A	Q6-33	A	qwen3.8-max	Q6::1	Epithelium	Epithelium	Epithelium	NAMED	majority	B	pass	pass	na	none	KRT12/KRT3角膜上皮标志物领衔，DSG3/CLDN4支持上皮身份	0
RUN6A	Q6-33	B	glm-5.1	Q6::1	Epithelium	Epithelium	Epithelium	NAMED	majority	B	pass	pass	na	none	KRT12/KRT3强命中，上皮标志明确	0
RUN6A	Q6-33	C	deepseek-v3.2	Q6::1	Epithelium	Epithelium	Epithelium	NAMED	majority	B	pass	pass	na	none	KRT12/KRT3/KRT17 强表达，上皮典型marker	0
RUN6A	Q6-33	A	qwen3.8-max	Q6::11	Endothelium	Endothelium	Endothelium	NAMED	majority	B	pass	pass	na	none	PECAM1/CLDN5/EMCN/FLT1内皮核心marker强命中	0
RUN6A	Q6-33	B	glm-5.1	Q6::11	Endothelium	undetermined	UNDET	UNDET	majority	C	unresolved	fail	na	technical_suspect	Endo(CLDN5/PECAM1)与APC(CD74/HLA-DRB1)双谱系共存	0
RUN6A	Q6-33	C	deepseek-v3.2	Q6::11	Endothelium	Endothelium	Endothelium	NAMED	majority	B	pass	pass	na	none	top_genes PECAM1/CLDN5/FLT1 内皮标记；kb_ranking Endo(n=1)	0
RUN6A	Q6-33	A	qwen3.8-max	Q6::12	Fibroblasts	undetermined	UNDET	UNDET	coarse	C	fail	unresolved	na	candidate_biology	MMP/CXCL炎症基质基因为主，无特异谱系marker，无法定名	0
RUN6A	Q6-33	B	glm-5.1	Q6::12	Fibroblasts	Fibroblasts	Fibroblasts	NAMED	majority	B	pass	pass	na	none	MMP1/3+PTGS2+CXCL8/1提示活化成纤维细胞	0
RUN6A	Q6-33	C	deepseek-v3.2	Q6::12	Fibroblasts	undetermined	UNDET	UNDET	coarse	C	fail	pass	na	conflicts_with_literature	top_genes 炎症/应激相关，无明确谱系核心标记，证据不足	0
RUN6A	Q6-33	A	qwen3.8-max	Q6::13	Fibroblasts	coarse:Fibroblasts	COARSE	COARSE	coarse	C	unresolved	pass	na	none	VIM/NNMT/APOD支持纤维基质大类，缺KERA等叶级marker，不下钻	0
RUN6A	Q6-33	B	glm-5.1	Q6::13	Fibroblasts	coarse:Fibroblasts	COARSE	COARSE	coarse	B	pass	pass	na	none	APOD/NNMT/FBLN1支持纤维基质，缺KERA下钻证据	0
RUN6A	Q6-33	C	deepseek-v3.2	Q6::13	Fibroblasts	undetermined	UNDET	UNDET	majority	C	fail	unresolved	na	conflicts_with_literature	top_genes 无眼表词表支持；kb_ranking 为视网膜细胞，与材料冲突。	0
RUN6A	Q6-33	A	qwen3.8-max	Q6::14	Fibroblasts	Keratocytes	Keratocytes	NAMED	fine-cap	B	pass	pass	na	none	KERA/NNMT/VIM阳性且文献支持，下钻至Keratocytes	0
RUN6A	Q6-33	B	glm-5.1	Q6::14	Fibroblasts	Keratocytes	Keratocytes	NAMED	fine-cap	B	pass	pass	na	none	KERA/ANGPTL7/NNMT/VIM阳性，文献支持Keratocytes	0
RUN6A	Q6-33	C	deepseek-v3.2	Q6::14	Fibroblasts	Keratocytes	Keratocytes	NAMED	fine-cap	B	pass	pass	na	none	KERA/NNMT 阳性，文献支持角膜基质驻留型纤维细胞	0
RUN6A	Q6-33	A	qwen3.8-max	Q6::15	Fibroblasts	Keratocytes	Keratocytes	NAMED	fine-cap	B	pass	pass	na	none	KERA/ALDH3A1/NNMT/VIM强阳性，kb排名Keratocytes首位，文献支持	0
RUN6A	Q6-33	B	glm-5.1	Q6::15	Fibroblasts	Keratocytes	Keratocytes	NAMED	fine-cap	B	pass	pass	na	none	KERA/ALDH3A1强阳性，支持下钻至Keratocytes	0
RUN6A	Q6-33	C	deepseek-v3.2	Q6::15	Fibroblasts	Keratocytes	Keratocytes	NAMED	fine-cap	B	pass	pass	na	none	top_genes 含 KERA/ALDH3A1/NNMT，kb_ranking 支持 Keratocytes，无冲突核心共存。	0
RUN6A	Q6-33	A	qwen3.8-max	Q6::16	Fibroblasts	undetermined	UNDET	UNDET	coarse	C	fail	unresolved	na	conflicts_with_literature	NMB/MMP3/CTSK无Q6词表匹配；kb仅命中视网膜类，证据不足	0
RUN6A	Q6-33	B	glm-5.1	Q6::16	Fibroblasts	coarse:Fibroblasts	COARSE	COARSE	coarse	C	pass	pass	na	out_of_baseline_coverage	MYOC/CYP1B1/MMP3提示小梁网特征，词表无对应，归入纤维基质大类	0
RUN6A	Q6-33	C	deepseek-v3.2	Q6::16	Fibroblasts	undetermined	UNDET	UNDET	coarse	C	fail	pass	na	conflicts_with_literature	top_genes 与 kb/lit 候选（MG/Astro）不符，无眼表词表证据。	0
RUN6A	Q6-33	A	qwen3.8-max	Q6::17	Schwann Cells	Schwann Cells	Schwann Cells	NAMED	majority	B	pass	pass	na	none	PLP1/S100B/NRXN1/CADM2强支持神经鞘细胞，kb误召回视网膜类因词表局限	0
RUN6A	Q6-33	B	glm-5.1	Q6::17	Schwann Cells	Schwann Cells	Schwann Cells	NAMED	majority	B	pass	pass	na	none	PLP1/S100B/CDH19/NRXN1强支持施万细胞	0
RUN6A	Q6-33	C	deepseek-v3.2	Q6::17	Schwann Cells	Schwann Cells	Schwann Cells	NAMED	majority	B	pass	pass	na	none	top_genes含CDH19/PLP1/S100B，符合外周神经胶质特征	0
RUN6A	Q6-33	A	qwen3.8-max	Q6::18	Fibroblasts	coarse:Fibroblasts	COARSE	COARSE	coarse	C	unresolved	fail	na	technical_suspect	基质基因与COL8A1共存，分辨率不足，粗注纤维细胞	0
RUN6A	Q6-33	B	glm-5.1	Q6::18	Fibroblasts	coarse:Fibroblasts	COARSE	COARSE	coarse	C	pass	pass	na	none	MYOC/PRELP/FBLN1支持纤维基质，COL8A1弱提示CE但缺核心标志	0
RUN6A	Q6-33	C	deepseek-v3.2	Q6::18	Fibroblasts	coarse:Fibroblasts	COARSE	COARSE	coarse	C	pass	pass	na	none	MGP/ANGPTL7/CCN2 基质特征，但不足以分层到叶级	0
RUN6A	Q6-33	A	qwen3.8-max	Q6::19	Fibroblasts	coarse:Fibroblasts	COARSE	COARSE	coarse	C	unresolved	unresolved	na	candidate_biology	COL1A1/COL1A2/VIM支持纤维基质大类，但Pericyte/Myofibroblast候选共存无法分层	0
RUN6A	Q6-33	B	glm-5.1	Q6::19	Fibroblasts	coarse:Fibroblasts	COARSE	COARSE	coarse	C	pass	unresolved	na	none	COL1A1/COL3A1强命中，缺KERA等叶级证据下钻	0
RUN6A	Q6-33	C	deepseek-v3.2	Q6::19	Fibroblasts	coarse:Fibroblasts	COARSE	COARSE	coarse	B	pass	pass	na	none	COL1A1/COL1A2/COL3A1/SPARC/VIM 强表达，纤维基质大类	0
RUN6A	Q6-33	A	qwen3.8-max	Q6::2	Epithelium	Epithelium	Epithelium	NAMED	majority	B	pass	pass	na	none	KRT13/KRT4非角化上皮标志物领衔，AQP5/CLDN4支持上皮，kb排名疑为检索假阳性	0
RUN6A	Q6-33	B	glm-5.1	Q6::2	Epithelium	Epithelium	Epithelium	NAMED	majority	C	unresolved	unresolved	na	candidate_biology	KRT13/4上皮与S100A8/9及单核排名冲突	0
RUN6A	Q6-33	C	deepseek-v3.2	Q6::2	Epithelium	Epithelium	Epithelium	NAMED	majority	B	pass	pass	na	none	KRT13/KRT4/AQP5 表达，结合KRT19，符合上皮	0
RUN6A	Q6-33	A	qwen3.8-max	Q6::20	Epithelium	Epithelium	Epithelium	NAMED	majority	B	pass	pass	na	none	KRT12/KRT14/KRT3角膜上皮角蛋白强表达，非基质	0
RUN6A	Q6-33	B	glm-5.1	Q6::20	Epithelium	Epithelium	Epithelium	NAMED	majority	B	pass	pass	na	conflicts_with_literature	KRT12/KRT3强命中角膜上皮，与KB提示Keratocytes冲突	0
RUN6A	Q6-33	C	deepseek-v3.2	Q6::20	Epithelium	Epithelium	Epithelium	NAMED	majority	B	pass	pass	na	none	top_genes KRT12/KRT14/KRT3 角膜上皮标记；ALDH3A1 上皮表达	0
RUN6A	Q6-33	A	qwen3.8-max	Q6::21	Fibroblasts	Keratocytes	Keratocytes	NAMED	fine-cap	B	pass	pass	na	none	KERA/ALDH3A1阳性支持下钻至角膜基质细胞叶级	0
RUN6A	Q6-33	B	glm-5.1	Q6::21	Fibroblasts	Keratocytes	Keratocytes	NAMED	fine-cap	B	pass	pass	na	none	KERA+ALDH3A1+ANGPTL7支持下钻至Keratocytes	0
RUN6A	Q6-33	C	deepseek-v3.2	Q6::21	Fibroblasts	Keratocytes	Keratocytes	NAMED	fine-cap	B	pass	pass	na	none	top_genes KERA/ALDH3A1/COL5A2/COL6A3；kb_ranking Keratocytes(n=1)	0
RUN6A	Q6-33	A	qwen3.8-max	Q6::22	Fibroblasts	Keratocytes	Keratocytes	NAMED	fine-cap	B	pass	pass	na	none	KERA居首，ANGPTL7/APOD支持角膜基质；AQP1非内皮核心组共存	0
RUN6A	Q6-33	B	glm-5.1	Q6::22	Fibroblasts	Keratocytes	Keratocytes	NAMED	fine-cap	B	pass	pass	na	none	KERA/ANGPTL7/COL1A2强阳性，支持角膜基质驻留型	0
RUN6A	Q6-33	C	deepseek-v3.2	Q6::22	Fibroblasts	undetermined	UNDET	UNDET	coarse	C	fail	pass	na	conflicts_with_literature	top_genes 与 kb/lit 候选（MG/Astro/Pericyte）不符，无眼表词表证据。	0
RUN6A	Q6-33	A	qwen3.8-max	Q6::23	Epithelium	Epithelium	Epithelium	NAMED	majority	B	pass	pass	na	none	KRT12/KRT3角膜上皮特异marker强表达，证据充分	0
RUN6A	Q6-33	B	glm-5.1	Q6::23	Epithelium	Epithelium	Epithelium	NAMED	majority	B	pass	pass	na	none	KRT12/KRT3强阳性，定角膜上皮	0
RUN6A	Q6-33	C	deepseek-v3.2	Q6::23	Epithelium	Epithelium	Epithelium	NAMED	majority	B	pass	pass	na	none	top_genes 含 KRT12/KRT3/ALDH3A1，为角膜上皮标志，无其他谱系核心共存。	0
RUN6A	Q6-33	A	qwen3.8-max	Q6::24	Pericytes	Smooth Muscle Cells	Smooth Muscle Cells	NAMED	majority	B	pass	pass	na	none	ACTA2/TAGLN/MYL9/TPM2平滑肌核心marker共表达，词表内最匹配	0
RUN6A	Q6-33	B	glm-5.1	Q6::24	Pericytes	Smooth Muscle Cells	Smooth Muscle Cells	NAMED	majority	B	pass	pass	na	none	ACTA2/TAGLN/MYL9强阳性，支持平滑肌	0
RUN6A	Q6-33	C	deepseek-v3.2	Q6::24	Pericytes	coarse:Fibroblasts	COARSE	COARSE	coarse	C	pass	unresolved	na	candidate_biology	top_genes 含 ACTA2/TAGLN/TPM2，支持纤维基质大类；kb_ranking 有 Myofibroblast/SMC，层级证据不足。	0
RUN6A	Q6-33	A	qwen3.8-max	Q6::25	Melanocytes	Melanocytes	Melanocytes	NAMED	majority	B	pass	pass	na	none	TYRP1/PMEL/DCT/MLANA/TYR/MITF黑色素细胞核心marker强共表达	0
RUN6A	Q6-33	B	glm-5.1	Q6::25	Melanocytes	Melanocytes	Melanocytes	NAMED	fine-cap	B	pass	pass	na	none	TYRP1/PMEL/DCT/MLANA/MITF强阳性，黑色素细胞身份明确	0
RUN6A	Q6-33	C	deepseek-v3.2	Q6::25	Melanocytes	Melanocytes	Melanocytes	NAMED	fine-cap	B	pass	pass	na	none	top_genes 强表达 TYRP1/PMEL/DCT/MLANA，为黑色素细胞核心标记。	0
RUN6A	Q6-33	A	qwen3.8-max	Q6::26	Immune Cells	Immune Cells	Immune Cells	NAMED	majority	B	pass	pass	na	none	HLA-DR/CD74/CXCL8/IL1B/TYROBP强支持髓系免疫细胞，kb命中APC/Mac与词表相容	0
RUN6A	Q6-33	B	glm-5.1	Q6::26	Immune Cells	Immune Cells	Immune Cells	NAMED	majority	B	pass	pass	na	none	HLA-DRA/CD74/IL1B/CXCL8强支持免疫细胞	0
RUN6A	Q6-33	C	deepseek-v3.2	Q6::26	Immune Cells	Immune Cells	Immune Cells	NAMED	coarse	C	pass	fail	na	technical_suspect	top_genes含MHCII与趋化因子，但核心marker共存，解析度不足	0
RUN6A	Q6-33	A	qwen3.8-max	Q6::27	Fibroblasts	undetermined	UNDET	UNDET	coarse	C	fail	unresolved	na	none	炎症因子与基质基因混杂，无kb/lit支持，无法定名	0
RUN6A	Q6-33	B	glm-5.1	Q6::27	Fibroblasts	coarse:Fibroblasts	COARSE	COARSE	coarse	C	unresolved	pass	na	candidate_biology	CXCL8/IL6炎症趋化强，伴CHI3L1/MGP基质特征，缺典型免疫标志	0
RUN6A	Q6-33	C	deepseek-v3.2	Q6::27	Fibroblasts	undetermined	UNDET	UNDET	majority	C	fail	unresolved	na	technical_suspect	炎症/应激基因混合，谱系核心marker缺失	0
RUN6A	Q6-33	A	qwen3.8-max	Q6::28	Fibroblasts	Keratocytes	Keratocytes	NAMED	fine-cap	B	pass	pass	na	none	KERA/ALDH3A1/NNMT阳性且kb_ranking=Keratocytes(3)，叶级证据充分	0
RUN6A	Q6-33	B	glm-5.1	Q6::28	Fibroblasts	Keratocytes	Keratocytes	NAMED	fine-cap	B	pass	pass	na	none	KERA/ALDH3A1/NNMT/ANGPTL7阳性，角膜基质驻留表型证据充分	0
RUN6A	Q6-33	C	deepseek-v3.2	Q6::28	Fibroblasts	Keratocytes	Keratocytes	NAMED	fine-cap	B	pass	pass	na	none	top_genes 含 KERA/ALDH3A1/NNMT，kb_celltype_ranking 为 Keratocytes，文献支持。	0
RUN6A	Q6-33	A	qwen3.8-max	Q6::29	Epithelium	Epithelium	Epithelium	NAMED	majority	B	pass	pass	na	none	KRT3/KRT12/KRT13/CLDN4/DSG3强支持角膜上皮细胞，kb无命中但转录证据充分	0
RUN6A	Q6-33	B	glm-5.1	Q6::29	Epithelium	Epithelium	Epithelium	NAMED	majority	B	pass	pass	na	none	KRT12/KRT3/KRT13/CLDN4强支持上皮细胞	0
RUN6A	Q6-33	C	deepseek-v3.2	Q6::29	Epithelium	Epithelium	Epithelium	NAMED	majority	B	pass	pass	na	none	top_genes高表达KRT12/KRT13/KRT19，符合角膜/眼表上皮特征	0
RUN6A	Q6-33	A	qwen3.8-max	Q6::3	Epithelium	Epithelium	Epithelium	NAMED	majority	B	pass	pass	na	conflicts_with_literature	KRT/S100强支持上皮，kb误排Mono因S100A8/A9共享	0
RUN6A	Q6-33	B	glm-5.1	Q6::3	Epithelium	undetermined	UNDET	UNDET	coarse	C	fail	fail	na	technical_suspect	S100A8/A9(髓系)与KRT14/17(上皮)双谱系核心共存，疑双细胞	0
RUN6A	Q6-33	C	deepseek-v3.2	Q6::3	Epithelium	Epithelium	Epithelium	NAMED	majority	B	pass	pass	na	none	KRT6A/KRT17/S100A 强表达，上皮角化/应激特征	0
RUN6A	Q6-33	A	qwen3.8-max	Q6::30	Epithelium	Epithelium	Epithelium	NAMED	majority	B	pass	pass	na	candidate_biology	KRT7/13/15/19及MUC16强支持上皮；S100A8/A9提示炎症激活态	0
RUN6A	Q6-33	B	glm-5.1	Q6::30	Epithelium	undetermined	UNDET	UNDET	coarse	C	unresolved	fail	na	technical_suspect	S100A8/A9与KRT7/19双谱系共存，疑双细胞	0
RUN6A	Q6-33	C	deepseek-v3.2	Q6::30	Epithelium	undetermined	UNDET	UNDET	majority	C	fail	pass	na	conflicts_with_literature	top_genes S100A8/9 KRT 混合谱系；kb_ranking Mono_Classical 与上皮标记冲突	0
RUN6A	Q6-33	A	qwen3.8-max	Q6::31	Fibroblasts	undetermined	UNDET	UNDET	coarse	C	fail	unresolved	na	none	ANGPTL7/MYOC提示角膜基质，但缺KERA/DCN等核心marker，kb无命中，证据不足	0
RUN6A	Q6-33	B	glm-5.1	Q6::31	Fibroblasts	coarse:Fibroblasts	COARSE	COARSE	coarse	B	pass	pass	na	none	ANGPTL7/MYOC/FBLN1支持纤维基质，缺KERA不下钻	0
RUN6A	Q6-33	C	deepseek-v3.2	Q6::31	Fibroblasts	Pericytes	Pericytes	NAMED	majority	B	pass	pass	na	none	top_genes含ANGPTL7/MGP，kb_ranking与文献支持Pericyte	0
RUN6A	Q6-33	A	qwen3.8-max	Q6::32	Smooth Muscle Cells	Smooth Muscle Cells	Smooth Muscle Cells	NAMED	majority	B	pass	pass	na	none	ACTA2/MYH11/TAGLN/MYL9强共表达支持平滑肌，kb排名SMC第二	0
RUN6A	Q6-33	B	glm-5.1	Q6::32	Smooth Muscle Cells	Smooth Muscle Cells	Smooth Muscle Cells	NAMED	majority	B	pass	pass	na	none	ACTA2/MYH11/TAGLN/MYLK强命中SMC	0
RUN6A	Q6-33	C	deepseek-v3.2	Q6::32	Smooth Muscle Cells	coarse:Fibroblasts	COARSE	COARSE	coarse	C	pass	pass	na	none	top_genes ACTA2 MYH11 肌成纤维/SMC 特征；kb_ranking 支持；无角膜基质驻留证据，仅定大类	0
RUN6A	Q6-33	A	qwen3.8-max	Q6::33	Fibroblasts	coarse:Fibroblasts	COARSE	COARSE	coarse	B	pass	pass	na	none	COL1A1/SPARC/BGN强纤维基质信号；KERA第10位证据薄，不下钻	0
RUN6A	Q6-33	B	glm-5.1	Q6::33	Fibroblasts	coarse:Fibroblasts	COARSE	COARSE	coarse	B	pass	pass	na	none	COL1A1/COL1A2/SPARC强阳性，纤维基质大类成立，KERA不足以分层	0
RUN6A	Q6-33	C	deepseek-v3.2	Q6::33	Fibroblasts	coarse:Fibroblasts	COARSE	COARSE	coarse	B	pass	pass	na	none	top_genes 胶原/基质基因强，kb/lit 支持 Fibroblast，但无 Keratocytes 叶级证据。	0
RUN6A	Q6-33	A	qwen3.8-max	Q6::4	Epithelium	Epithelium	Epithelium	NAMED	majority	B	pass	pass	na	none	KRT15/KRT14基底上皮角蛋白领衔，CXCL14/AQP3支持上皮身份	0
RUN6A	Q6-33	B	glm-5.1	Q6::4	Epithelium	Epithelium	Epithelium	NAMED	majority	B	pass	pass	na	none	KRT14/KRT15/KRT19强命中，上皮标志明确	0
RUN6A	Q6-33	C	deepseek-v3.2	Q6::4	Epithelium	Epithelium	Epithelium	NAMED	majority	B	pass	pass	na	none	KRT15/KRT14/KRT19 强表达，基底/上皮marker	0
RUN6A	Q6-33	A	qwen3.8-max	Q6::5	Epithelium	Epithelium	Epithelium	NAMED	majority	B	pass	pass	na	none	KRT12/KRT14/KRT15等角蛋白强支持眼表上皮	0
RUN6A	Q6-33	B	glm-5.1	Q6::5	Epithelium	Epithelium	Epithelium	NAMED	majority	B	pass	pass	na	none	KRT12/KRT15/KRT19等角蛋白强表达，上皮标志明确	0
RUN6A	Q6-33	C	deepseek-v3.2	Q6::5	Epithelium	Epithelium	Epithelium	NAMED	majority	B	pass	pass	na	none	KRT12/KRT15/KRT19 强表达，上皮特征基因	0
RUN6A	Q6-33	A	qwen3.8-max	Q6::6	Epithelium	Epithelium	Epithelium	NAMED	majority	B	pass	pass	na	none	KRT14/KRT12/DSG3/S100A2上皮marker强阳性，kb排名为检索副产物不采信	0
RUN6A	Q6-33	B	glm-5.1	Q6::6	Epithelium	Epithelium	Epithelium	NAMED	majority	B	pass	pass	na	none	KRT14/KRT12/DSG3强阳性，定上皮基底	0
RUN6A	Q6-33	C	deepseek-v3.2	Q6::6	Epithelium	Epithelium	Epithelium	NAMED	majority	B	pass	pass	na	none	top_genes 含 KRT14/KRT12/ALDH3A1，为角膜/眼表上皮标志，无冲突核心共存。	0
RUN6A	Q6-33	A	qwen3.8-max	Q6::7	Endothelium	undetermined	UNDET	UNDET	coarse	C	fail	unresolved	na	out_of_baseline_coverage	淋巴管内皮标记(CCL21/LYVE1/CLDN5)主导，不在Q6词表内，kb无命中	0
RUN6A	Q6-33	B	glm-5.1	Q6::7	Endothelium	Endothelium	Endothelium	NAMED	majority	B	pass	pass	na	none	CCL21/LYVE1/CLDN5强命中Endo	0
RUN6A	Q6-33	C	deepseek-v3.2	Q6::7	Endothelium	Endothelium	Endothelium	NAMED	majority	B	pass	pass	na	none	top_genes CLDN5 VIM LYVE1 内皮特征；kb_ranking Endo 命中；lit 支持角膜内皮	0
RUN6A	Q6-33	A	qwen3.8-max	Q6::8	Immune Cells	Immune Cells	Immune Cells	NAMED	majority	B	pass	pass	na	none	PTPRC/IL7R/CXCR4/CCL5/CD69强支持免疫细胞(T细胞)，kb命中T与词表相容	0
RUN6A	Q6-33	B	glm-5.1	Q6::8	Immune Cells	Immune Cells	Immune Cells	NAMED	majority	B	pass	pass	na	none	PTPRC/IL7R/CCL5/STAT4强支持免疫细胞	0
RUN6A	Q6-33	C	deepseek-v3.2	Q6::8	Immune Cells	Immune Cells	Immune Cells	NAMED	coarse	C	pass	pass	na	none	top_genes含PTPRC/IL7R/CXCR4，kb_ranking为T，但证据不足以细分	0
RUN6A	Q6-33	A	qwen3.8-max	Q6::9	Epithelium	Epithelium	Epithelium	NAMED	majority	B	pass	pass	na	none	KRT14/KRT17/S100A2/DSG3强支持上皮身份	0
RUN6A	Q6-33	B	glm-5.1	Q6::9	Epithelium	Epithelium	Epithelium	NAMED	majority	B	pass	pass	na	none	KRT14/17/15+S100A2强命中，上皮标志明确	0
RUN6A	Q6-33	C	deepseek-v3.2	Q6::9	Epithelium	Epithelium	Epithelium	NAMED	majority	B	pass	pass	na	none	top_genes KRT14/KRT15/KRT17/S100A2 强上皮标记	0
RUN6B	Q6-33	A	qwen3.8-max	Q6::0	Epithelium	Epithelium	Epithelium	NAMED	majority	B	pass	pass	na	none	KRT6A/SPRR1B/SPRR2A分化上皮marker，无kb但转录证据强	0
RUN6B	Q6-33	B	glm-5.1	Q6::0	Epithelium	Epithelium	Epithelium	NAMED	majority	B	pass	pass	na	none	KRT6A/17/SPRR1B命中鳞状上皮分化，词表限Epithelium	0
RUN6B	Q6-33	C	deepseek-v3.2	Q6::0	Epithelium	undetermined	UNDET	UNDET	coarse	C	fail	unresolved	na	technical_suspect	top_genes 含 KRT6A/SPRR1B 等应激/分化标记，身份混杂，证据不足	0
RUN6B	Q6-33	A	qwen3.8-max	Q6::1	Epithelium	Epithelium	Epithelium	NAMED	majority	B	pass	pass	na	none	KRT12/KRT3角膜上皮marker强，DSG3/CLDN4支持上皮	0
RUN6B	Q6-33	B	glm-5.1	Q6::1	Epithelium	Epithelium	Epithelium	NAMED	majority	B	pass	pass	na	none	KRT12/KRT3强命中角膜上皮，词表限Epithelium	0
RUN6B	Q6-33	C	deepseek-v3.2	Q6::1	Epithelium	Epithelium	Epithelium	NAMED	majority	B	pass	pass	na	none	top_genes 含 KRT12/KRT3 角膜上皮标记，无间质/壁细胞存活锚	0
RUN6B	Q6-33	A	qwen3.8-max	Q6::11	Endothelium	Endothelium	Endothelium	NAMED	majority	B	pass	pass	na	none	PECAM1/EMCN/CLDN5/FLT1强命中血管内皮marker	0
RUN6B	Q6-33	B	glm-5.1	Q6::11	Endothelium	Endothelium	Endothelium	NAMED	majority	B	pass	pass	na	none	PECAM1/CLDN5/FLT1/EMCN强命中血管内皮	0
RUN6B	Q6-33	C	deepseek-v3.2	Q6::11	Endothelium	Endothelium	Endothelium	NAMED	majority	B	pass	pass	na	none	top_genes PECAM1/CLDN5/FLT1/EMCN/CD74/HLA-DRB1 强内皮标记	0
RUN6B	Q6-33	A	qwen3.8-max	Q6::12	Fibroblasts	coarse:stromal-inflammatory	COARSE	COARSE	coarse	C	unresolved	fail	na	candidate_biology	MMP/CXCL炎症基因主导，缺乏谱系锚定marker	0
RUN6B	Q6-33	B	glm-5.1	Q6::12	Fibroblasts	Fibroblasts	Fibroblasts	NAMED	majority	B	pass	pass	na	none	MMP1/3+CXCL8/1炎症趋化，符合活化成纤维	0
RUN6B	Q6-33	C	deepseek-v3.2	Q6::12	Fibroblasts	Fibroblasts	Fibroblasts	NAMED	majority	B	pass	pass	na	none	top_genes MMP3/MMP1/APOD/SERPINE2 符合间质程序	0
RUN6B	Q6-33	A	qwen3.8-max	Q6::13	Fibroblasts	coarse:stromal	COARSE	COARSE	coarse	C	unresolved	pass	na	none	间质marker(VIM/APOD)但缺KERA/NOTCH3/CNN1等锚，无法细分	0
RUN6B	Q6-33	B	glm-5.1	Q6::13	Fibroblasts	Fibroblasts	Fibroblasts	NAMED	coarse	B	pass	pass	na	none	VIM/FBLN1/PRELP阳性，缺KERA及壁细胞锚，定纤维	0
RUN6B	Q6-33	C	deepseek-v3.2	Q6::13	Fibroblasts	undetermined	UNDET	UNDET	coarse	C	fail	unresolved	na	out_of_baseline_coverage	无kb命中，top_genes无存活锚，身份证据不足	0
RUN6B	Q6-33	A	qwen3.8-max	Q6::14	Fibroblasts	Fibroblasts	Fibroblasts	NAMED	majority	B	pass	pass	na	none	KERA为角膜基质细胞存活锚且全绿，keratocyte⊂fibroblast，定Fibroblasts	0
RUN6B	Q6-33	B	glm-5.1	Q6::14	Fibroblasts	Fibroblasts	Fibroblasts	NAMED	majority	B	pass	pass	na	none	KERA强命中角膜基质细胞，词表映射Fibroblasts	0
RUN6B	Q6-33	C	deepseek-v3.2	Q6::14	Fibroblasts	Keratocytes	Keratocytes	NAMED	majority	B	pass	pass	na	none	KERA 存活锚强表达；角膜基质语境；间质共享程序但 KERA 专属	0
RUN6B	Q6-33	A	qwen3.8-max	Q6::15	Fibroblasts	Fibroblasts	Fibroblasts	NAMED	majority	B	pass	pass	na	none	KERA存活锚命中Keratocytes，本体keratocyte⊂fibroblast归入词表	0
RUN6B	Q6-33	B	glm-5.1	Q6::15	Fibroblasts	coarse:Keratocytes	COARSE	COARSE	coarse	B	pass	pass	na	none	KERA强命中且文献支持，缺壁细胞锚，定角膜基质	0
RUN6B	Q6-33	C	deepseek-v3.2	Q6::15	Fibroblasts	Keratocytes	Keratocytes	NAMED	fine-cap	B	pass	pass	na	none	KERA存活锚命中，文献支持，无邻类核心marker冲突	0
RUN6B	Q6-33	A	qwen3.8-max	Q6::16	Fibroblasts	undetermined	UNDET	UNDET	majority	C	fail	unresolved	na	none	无kb命中，NMB/MMP3/CTSK混合，缺乏词表内存活锚，证据不足	0
RUN6B	Q6-33	B	glm-5.1	Q6::16	Fibroblasts	coarse:Fibroblasts	COARSE	COARSE	coarse	C	unresolved	unresolved	na	none	VIM/COL6A3提示间质,无专属锚定,定coarse:Fibroblasts	0
RUN6B	Q6-33	C	deepseek-v3.2	Q6::16	Fibroblasts	undetermined	UNDET	UNDET	coarse	C	fail	unresolved	na	conflicts_with_literature	top_genes无存活锚；kb无命中；无文献支持；无法区分间质/壁细胞。	0
RUN6B	Q6-33	A	qwen3.8-max	Q6::17	Schwann Cells	Schwann Cells	Schwann Cells	NAMED	majority	B	pass	pass	na	none	CDH19/NRXN1/GPM6B/S100B/PLP1/SCN7A强命中施万细胞谱系	0
RUN6B	Q6-33	B	glm-5.1	Q6::17	Schwann Cells	Schwann Cells	Schwann Cells	NAMED	coarse	B	pass	pass	na	none	PLP1/S100B/CDH19/NRXN1高，支持Schwann Cells	0
RUN6B	Q6-33	C	deepseek-v3.2	Q6::17	Schwann Cells	coarse:stromal	COARSE	COARSE	coarse	C	pass	unresolved	na	none	top_genes 含 VIM/CRYAB/DST 等间质/神经相关基因，无存活锚定细类	0
RUN6B	Q6-33	A	qwen3.8-max	Q6::18	Fibroblasts	undetermined	UNDET	UNDET	coarse	C	fail	unresolved	na	none	无kb命中，MGP提示壁细胞但缺共表达锚，间质谱系无法区分	0
RUN6B	Q6-33	B	glm-5.1	Q6::18	Fibroblasts	coarse:Fibroblasts	COARSE	COARSE	coarse	C	unresolved	unresolved	na	candidate_biology	间质基因共存，缺存活锚定，炎症基因高	0
RUN6B	Q6-33	C	deepseek-v3.2	Q6::18	Fibroblasts	undetermined	UNDET	UNDET	coarse	C	fail	unresolved	na	conflicts_with_literature	无 kb_marker 命中；top_genes 多为间质/应激相关，无存活锚，无法区分间质亚类	0
RUN6B	Q6-33	A	qwen3.8-max	Q6::19	Fibroblasts	Fibroblasts	Fibroblasts	NAMED	majority	C	unresolved	pass	na	none	COL1A1/COL1A2/VIM间质标志，缺KERA无法区分角膜细胞	0
RUN6B	Q6-33	B	glm-5.1	Q6::19	Fibroblasts	Fibroblasts	Fibroblasts	NAMED	majority	B	pass	pass	na	none	COL1A1/3A1/SPARC/FBLN1强命中纤维细胞	0
RUN6B	Q6-33	C	deepseek-v3.2	Q6::19	Fibroblasts	Fibroblasts	Fibroblasts	NAMED	coarse	B	pass	pass	na	none	COL1A1/COL1A2/SPARC 等胶原/基质基因高表达，符合成纤维细胞程序	0
RUN6B	Q6-33	A	qwen3.8-max	Q6::2	Epithelium	Epithelium	Epithelium	NAMED	majority	B	pass	pass	na	none	KRT13/KRT4/AQP5结膜上皮marker，kb六项命中	0
RUN6B	Q6-33	B	glm-5.1	Q6::2	Epithelium	Epithelium	Epithelium	NAMED	majority	B	pass	pass	na	none	KRT13/4/19/AQP5命中结膜上皮，词表限Epithelium	0
RUN6B	Q6-33	C	deepseek-v3.2	Q6::2	Epithelium	Epithelium	Epithelium	NAMED	majority	B	pass	pass	na	none	KRT13/KRT19/AQP5/KRT4 多个结膜上皮基底标记，kb_hits 强命中	0
RUN6B	Q6-33	A	qwen3.8-max	Q6::20	Epithelium	Corneal Endothelium	Corneal Endothelium	NAMED	majority	B	pass	pass	na	none	KRT12/KRT3/ALDH3A1强命中角膜上皮特异marker	0
RUN6B	Q6-33	B	glm-5.1	Q6::20	Epithelium	Epithelium	Epithelium	NAMED	majority	B	pass	pass	na	none	KRT12/KRT3+ALDH3A1强命中角膜上皮	0
RUN6B	Q6-33	C	deepseek-v3.2	Q6::20	Epithelium	Epithelium	Epithelium	NAMED	majority	B	pass	pass	na	none	top_genes KRT12/KRT3/KRT14/ALDH3A1 强角膜上皮标记	0
RUN6B	Q6-33	A	qwen3.8-max	Q6::21	Fibroblasts	Fibroblasts	Fibroblasts	NAMED	majority	B	pass	pass	na	none	KERA存活锚命中，keratocyte⊂fibroblast归入词表	0
RUN6B	Q6-33	B	glm-5.1	Q6::21	Fibroblasts	Fibroblasts	Fibroblasts	NAMED	majority	B	pass	pass	na	none	KERA+ANGPTL7强命中角膜基质(成纤维)	0
RUN6B	Q6-33	C	deepseek-v3.2	Q6::21	Fibroblasts	Keratocytes	Keratocytes	NAMED	majority	B	pass	pass	na	none	存活锚KERA高表达，kb命中Keratocytes，文献支持	0
RUN6B	Q6-33	A	qwen3.8-max	Q6::22	Fibroblasts	Fibroblasts	Fibroblasts	NAMED	coarse	B	pass	pass	na	none	KERA存活锚命中但COL1A2对Keratocytes反向，按规则退至coarse:Fibroblasts	0
RUN6B	Q6-33	B	glm-5.1	Q6::22	Fibroblasts	coarse:Fibroblasts	COARSE	COARSE	coarse	B	pass	pass	na	none	KERA top1+kb命中,属角膜基质特化成纤维,词表限注Fibroblasts	0
RUN6B	Q6-33	C	deepseek-v3.2	Q6::22	Fibroblasts	Keratocytes	Keratocytes	NAMED	majority	B	pass	pass	na	none	top_genes含KERA（存活锚）；kb命中Keratocytes；文献支持角膜基质细胞。	0
RUN6B	Q6-33	A	qwen3.8-max	Q6::23	Epithelium	Epithelium	Epithelium	NAMED	majority	B	pass	pass	na	none	KRT12/KRT3角膜上皮强marker，ALDH3A1支持上皮语境	0
RUN6B	Q6-33	B	glm-5.1	Q6::23	Epithelium	Epithelium	Epithelium	NAMED	majority	B	pass	pass	na	none	KRT12/KRT3/ALDH3A1高表达，典型角膜上皮	0
RUN6B	Q6-33	C	deepseek-v3.2	Q6::23	Epithelium	Epithelium	Epithelium	NAMED	fine-cap	B	pass	pass	na	none	top_genes含KRT12/KRT3/ALDH3A1等角膜上皮标志，无间质程序	0
RUN6B	Q6-33	A	qwen3.8-max	Q6::24	Pericytes	Smooth Muscle Cells	Smooth Muscle Cells	NAMED	majority	B	pass	pass	na	none	MYL9/TAGLN/ACTA2/TPM2壁细胞共表达，MYL9为SMC存活锚	0
RUN6B	Q6-33	B	glm-5.1	Q6::24	Pericytes	Smooth Muscle Cells	Smooth Muscle Cells	NAMED	majority	B	pass	pass	na	none	MYL9/TAGLN/ACTA2阳性，缺Pericyte锚，定SMC	0
RUN6B	Q6-33	C	deepseek-v3.2	Q6::24	Pericytes	Smooth Muscle Cells	Smooth Muscle Cells	NAMED	fine-cap	B	pass	pass	na	none	MYL9存活锚命中，top_genes含ACTA2/TAGLN等SMC标志，文献支持	0
RUN6B	Q6-33	A	qwen3.8-max	Q6::25	Melanocytes	Melanocytes	Melanocytes	NAMED	majority	B	pass	pass	na	none	TYRP1/PMEL/DCT/MLANA/TYR/MITF黑色素细胞核心marker强共表达	0
RUN6B	Q6-33	B	glm-5.1	Q6::25	Melanocytes	Melanocytes	Melanocytes	NAMED	majority	B	pass	pass	na	none	TYRP1/PMEL/DCT/MLANA/MITF/TYR强命中,典型Melanocytes	0
RUN6B	Q6-33	C	deepseek-v3.2	Q6::25	Melanocytes	Melanocytes	Melanocytes	NAMED	majority	B	pass	pass	na	none	top_genes含TYRP1、PMEL、DCT、MLANA、MITF；眼表词表Melanocytes。	0
RUN6B	Q6-33	A	qwen3.8-max	Q6::26	Immune Cells	Immune Cells	Immune Cells	NAMED	majority	B	pass	pass	na	candidate_biology	CXCL8/IL1B/CCL3/HLA-DR/TYROBP提示活化髓系免疫细胞	0
RUN6B	Q6-33	B	glm-5.1	Q6::26	Immune Cells	Immune Cells	Immune Cells	NAMED	coarse	B	pass	pass	na	none	HLA-DRA/CD74/IL1B/CXCL8高，髓系特征，归Immune Cells	0
RUN6B	Q6-33	C	deepseek-v3.2	Q6::26	Immune Cells	Immune Cells	Immune Cells	NAMED	majority	B	pass	pass	na	none	top_genes 强表达 CXCL8/CCL3/HLA-DRA/CD74/IL1B 等免疫激活标记	0
RUN6B	Q6-33	A	qwen3.8-max	Q6::27	Fibroblasts	undetermined	UNDET	UNDET	coarse	C	fail	unresolved	na	none	CXCL8/CXCL1/IL6炎症因子富集但无细胞类型特异锚，kb无命中	0
RUN6B	Q6-33	B	glm-5.1	Q6::27	Fibroblasts	coarse:Fibroblasts	COARSE	COARSE	coarse	C	unresolved	unresolved	na	candidate_biology	炎症因子极强，VIM/MGP提示间质，缺锚定	0
RUN6B	Q6-33	C	deepseek-v3.2	Q6::27	Fibroblasts	undetermined	UNDET	UNDET	coarse	C	fail	unresolved	na	conflicts_with_literature	无 kb_marker 命中；top_genes 为炎症/应激基因，无存活锚，无法定类	0
RUN6B	Q6-33	A	qwen3.8-max	Q6::28	Fibroblasts	Fibroblasts	Fibroblasts	NAMED	coarse	B	pass	pass	na	none	KERA命中但ALDH3A1为上皮反向基因、NNMT为假锚，退至coarse:Fibroblasts	0
RUN6B	Q6-33	B	glm-5.1	Q6::28	Fibroblasts	coarse:Fibroblasts	COARSE	COARSE	coarse	C	pass	unresolved	unresolved	technical_suspect	KERA命中但含ALDH3A1(上皮反向)及NNMT(假锚),存技术疑点	0
RUN6B	Q6-33	C	deepseek-v3.2	Q6::28	Fibroblasts	Keratocytes	Keratocytes	NAMED	majority	B	pass	pass	na	none	top_genes含KERA（存活锚）；kb命中Keratocytes；文献支持角膜基质细胞。	0
RUN6B	Q6-33	A	qwen3.8-max	Q6::29	Epithelium	Epithelium	Epithelium	NAMED	majority	B	pass	pass	na	none	KRT13/KRT19/KRT12/KRT3/CLDN4及kb命中结膜上皮基底	0
RUN6B	Q6-33	B	glm-5.1	Q6::29	Epithelium	Epithelium	Epithelium	NAMED	coarse	B	pass	pass	na	none	KRT12/13/19/3高，KB及文献支持结膜上皮，归Epithelium	0
RUN6B	Q6-33	C	deepseek-v3.2	Q6::29	Epithelium	Epithelium	Epithelium	NAMED	majority	B	pass	pass	na	none	kb_hits KRT13/KRT19 命中 Conj_epithelium_basal，top_genes 含 KRT12/KRT3 等上皮角蛋白	0
RUN6B	Q6-33	A	qwen3.8-max	Q6::3	Epithelium	Epithelium	Epithelium	NAMED	coarse	B	pass	pass	na	none	KRT13/14/6A及S100A8/A9等上皮marker强命中，kb支持结膜上皮基底	0
RUN6B	Q6-33	B	glm-5.1	Q6::3	Epithelium	coarse:Epithelium	COARSE	COARSE	coarse	C	pass	fail	na	technical_suspect	KRT与S100A8/A9双谱系共存，疑双细胞	0
RUN6B	Q6-33	C	deepseek-v3.2	Q6::3	Epithelium	Conj_epithelium_basal	Conj_epithelium_basal	NAMED	majority	B	pass	pass	na	none	KRT13 命中结膜上皮基底 marker；S100 等基因支持上皮/角质化程序	0
RUN6B	Q6-33	A	qwen3.8-max	Q6::30	Epithelium	Epithelium	Epithelium	NAMED	majority	B	pass	pass	na	none	KRT19/KRT13/LCN2/MUC16强命中结膜上皮，kb与文献均支持	0
RUN6B	Q6-33	B	glm-5.1	Q6::30	Epithelium	coarse:Epithelium	COARSE	COARSE	coarse	B	pass	pass	na	none	KRT19/13/7强命中上皮，kb指向结膜亚型超词表	0
RUN6B	Q6-33	C	deepseek-v3.2	Q6::30	Epithelium	Epithelium	Epithelium	NAMED	coarse	B	pass	pass	na	none	top_genes含上皮marker KRT19/KRT13，kb_marker命中结膜上皮基底，文献支持。	0
RUN6B	Q6-33	A	qwen3.8-max	Q6::31	Fibroblasts	Fibroblasts	Fibroblasts	NAMED	coarse	B	pass	pass	na	none	ANGPTL7/MYOC/MGP/CCN2/TIMP3支持间质成纤维，缺KERA锚定故给coarse	0
RUN6B	Q6-33	B	glm-5.1	Q6::31	Fibroblasts	Fibroblasts	Fibroblasts	NAMED	coarse	B	pass	pass	na	none	MYOC/ANGPTL7/FBLN1高，无KERA/壁细胞锚，定Fibroblasts	0
RUN6B	Q6-33	C	deepseek-v3.2	Q6::31	Fibroblasts	coarse:stromal	COARSE	COARSE	coarse	C	pass	unresolved	na	none	top_genes 含 MGP/ANGPTL7/CCN2 等间质相关基因，无存活锚定细类	0
RUN6B	Q6-33	A	qwen3.8-max	Q6::32	Smooth Muscle Cells	Smooth Muscle Cells	Smooth Muscle Cells	NAMED	majority	B	pass	pass	na	none	MYH11/MYL9/DES三存活锚共表达，kb命中SMC，文献支持	0
RUN6B	Q6-33	B	glm-5.1	Q6::32	Smooth Muscle Cells	Smooth Muscle Cells	Smooth Muscle Cells	NAMED	majority	B	pass	pass	na	none	MYL9/MYH11/DES强命中SMC存活锚，缺Peri/Fib锚	0
RUN6B	Q6-33	C	deepseek-v3.2	Q6::32	Smooth Muscle Cells	Smooth Muscle Cells	Smooth Muscle Cells	NAMED	majority	B	pass	pass	na	none	top_genes含SMC存活锚MYL9/MYH11/DES，kb_marker命中SMC，文献支持。	0
RUN6B	Q6-33	A	qwen3.8-max	Q6::33	Fibroblasts	Fibroblasts	Fibroblasts	NAMED	coarse	B	pass	pass	na	none	KERA命中但COL1A2/COL1A1强表达且对Keratocytes反向，退至coarse:Fibroblasts	0
RUN6B	Q6-33	B	glm-5.1	Q6::33	Fibroblasts	coarse:Fibroblasts	COARSE	COARSE	coarse	B	pass	pass	na	none	KERA top1+kb命中,强胶原表达,属角膜基质特化成纤维	0
RUN6B	Q6-33	C	deepseek-v3.2	Q6::33	Fibroblasts	Keratocytes	Keratocytes	NAMED	majority	B	pass	pass	na	none	top_genes含KERA（存活锚）；kb命中Keratocytes；文献支持角膜基质细胞。	0
RUN6B	Q6-33	A	qwen3.8-max	Q6::4	Epithelium	Epithelium	Epithelium	NAMED	majority	B	pass	pass	na	none	KRT15/KRT14基底上皮marker，kb命中结膜基底上皮	0
RUN6B	Q6-33	B	glm-5.1	Q6::4	Epithelium	Epithelium	Epithelium	NAMED	majority	B	pass	pass	na	none	KRT19/15/14/AQP3命中结膜上皮，词表限Epithelium	0
RUN6B	Q6-33	C	deepseek-v3.2	Q6::4	Epithelium	Epithelium	Epithelium	NAMED	majority	B	pass	pass	na	none	KRT19/KRT15/KRT14 基底/祖细胞标记，kb_hits 指向 Conj_epithelium_basal	0
RUN6B	Q6-33	A	qwen3.8-max	Q6::5	Epithelium	Epithelium	Epithelium	NAMED	coarse	B	pass	pass	na	none	KRT19/13/12/15等角结膜上皮marker强命中，kb支持Conj_epithelium_basal	0
RUN6B	Q6-33	B	glm-5.1	Q6::5	Epithelium	Epithelium	Epithelium	NAMED	majority	B	pass	pass	na	none	KRT19/13/12强命中，文献支持结膜上皮	0
RUN6B	Q6-33	C	deepseek-v3.2	Q6::5	Epithelium	Conj_epithelium_basal	Conj_epithelium_basal	NAMED	majority	B	pass	pass	na	none	KRT19/KRT13 命中结膜上皮基底 marker；top_genes 支持上皮身份	0
RUN6B	Q6-33	A	qwen3.8-max	Q6::6	Epithelium	Epithelium	Epithelium	NAMED	majority	B	pass	pass	na	none	KRT14/KRT12/S100A2/DSG3眼表上皮强marker组合	0
RUN6B	Q6-33	B	glm-5.1	Q6::6	Epithelium	Epithelium	Epithelium	NAMED	majority	B	pass	pass	na	none	KRT14/S100A2/DSG3基底上皮标志阳性，定上皮	0
RUN6B	Q6-33	C	deepseek-v3.2	Q6::6	Epithelium	Epithelium	Epithelium	NAMED	fine-cap	B	pass	pass	na	none	top_genes含KRT14/KRT12/ALDH3A1等上皮标志，无间质存活锚	0
RUN6B	Q6-33	A	qwen3.8-max	Q6::7	Endothelium	coarse:Endothelium	COARSE	COARSE	coarse	C	unresolved	pass	na	none	LYVE1/CCL21/CLDN5提示淋巴管内皮，但kb无命中且无文献，仅给粗标签	0
RUN6B	Q6-33	B	glm-5.1	Q6::7	Endothelium	Endothelium	Endothelium	NAMED	majority	B	pass	pass	na	none	CLDN5/LYVE1/CCL21强命中内皮，无间质/壁细胞marker	0
RUN6B	Q6-33	C	deepseek-v3.2	Q6::7	Endothelium	undetermined	UNDET	UNDET	coarse	C	fail	pass	na	out_of_baseline_coverage	top_genes 无kb_marker命中，无文献支持，身份证据不足。	0
RUN6B	Q6-33	A	qwen3.8-max	Q6::8	Immune Cells	Immune Cells	Immune Cells	NAMED	majority	B	pass	pass	na	none	PTPRC/IL7R/CCL5/CD69/RUNX3/STAT4为免疫细胞核心标记	0
RUN6B	Q6-33	B	glm-5.1	Q6::8	Immune Cells	Immune Cells	Immune Cells	NAMED	coarse	B	pass	pass	na	none	PTPRC/IL7R/CXCR4/CCL5高，T/NK谱系，归Immune Cells	0
RUN6B	Q6-33	C	deepseek-v3.2	Q6::8	Immune Cells	Immune Cells	Immune Cells	NAMED	majority	B	pass	pass	na	none	top_genes 强表达 PTPRC/IL7R/CXCR4/CCL5/CD69 等免疫标记	0
RUN6B	Q6-33	A	qwen3.8-max	Q6::9	Epithelium	Epithelium	Epithelium	NAMED	majority	B	pass	pass	na	none	KRT14/KRT17/DSG3/AQP3强命中角膜上皮marker	0
RUN6B	Q6-33	B	glm-5.1	Q6::9	Epithelium	Epithelium	Epithelium	NAMED	majority	B	pass	pass	na	none	KRT14/17/15+S100A2/LAMC2强命中基底上皮	0
RUN6B	Q6-33	C	deepseek-v3.2	Q6::9	Epithelium	Epithelium	Epithelium	NAMED	majority	B	pass	pass	na	none	top_genes KRT14/KRT15/KRT17/S100A2/AQP3 强上皮标记	0
RUN7RG	RET45	A	qwen3.8-max	Q1::1	Rod	undetermined	UNDET	UNDET	coarse	C	fail	unresolved	na	none	top基因多为核糖体/lncRNA，无细胞类型特异marker命中	0
RUN7RG	RET45	B	glm-5.1	Q1::1	Rod	undetermined	UNDET	UNDET	coarse	C	fail	unresolved	na	technical_suspect	顶基因全为假基因/核糖体，无视网膜标志物，环境RNA高度疑似	0
RUN7RG	RET45	C	deepseek-v3.2	Q1::1	Rod	undetermined	UNDET	UNDET	coarse	C	fail	unresolved	na	conflicts_with_literature	top_genes无明确marker，pred_hint与证据不符	0
RUN7RG	RET45	A	qwen3.8-max	Q1::4	Rod	Rod	Rod	NAMED	majority	B	pass	pass	unresolved	none	IMPG1/RBP3/GNGT1为视杆核心marker，MT基因高表达但身份明确	0
RUN7RG	RET45	B	glm-5.1	Q1::4	Rod	Rod	Rod	NAMED	majority	C	unresolved	pass	fail	technical_suspect	MT主导且ambient极高，RBP3/GNGT1提示Rod但技术存疑	0
RUN7RG	RET45	C	deepseek-v3.2	Q1::4	Rod	Rod	Rod	NAMED	majority	B	pass	pass	na	none	top_genes含Rod marker RBP3/GNGT1；pred_hint强支持Rod；无冲突证据	0
RUN7RG	RET45	A	qwen3.8-max	Q1::9	Rod	undetermined	UNDET	UNDET	coarse	C	fail	unresolved	na	none	热休克/核糖体基因主导，仅MPP4/RP1弱提示光感受器，证据不足	0
RUN7RG	RET45	B	glm-5.1	Q1::9	Rod	undetermined	UNDET	UNDET	coarse	C	fail	unresolved	na	technical_suspect	顶基因为应激/早期基因及环境RNA，无特异性标志物	0
RUN7RG	RET45	C	deepseek-v3.2	Q1::9	Rod	undetermined	UNDET	UNDET	coarse	C	fail	unresolved	na	conflicts_with_literature	top_genes无明确marker，pred_hint与证据不符	0
RUN7RG	RET45	A	qwen3.8-max	Q2::22	Astro	coarse:MG/Astro	COARSE	COARSE	coarse	C	unresolved	fail	na	none	GFAP/GLUL/VIM/CLU共表达，星形胶质与Müller细胞marker混合无法区分	0
RUN7RG	RET45	B	glm-5.1	Q2::22	Astro	MG	MG	NAMED	coarse	C	pass	unresolved	na	none	GFAP+GLUL+VIM共存，KB指Astro但GLUL/VIM强支持MG，谱系冲突	0
RUN7RG	RET45	C	deepseek-v3.2	Q2::22	Astro	Astro	Astro	NAMED	majority	B	pass	pass	na	none	top_genes GFAP强表达，kb_hits命中Astro	0
RUN7RG	RET45	A	qwen3.8-max	Q2::27	Cone	Cone	Cone	NAMED	majority	B	pass	pass	unresolved	none	ARR3/PDE6H/OPN1LW/GUCA1C强命中Cone，TTR可能为ambient	0
RUN7RG	RET45	B	glm-5.1	Q2::27	Cone	Cone	Cone	NAMED	majority	C	pass	fail	na	technical_suspect	ARR3/OPN1LW强命中Cone，含RPE核心TTR，疑双细胞	0
RUN7RG	RET45	C	deepseek-v3.2	Q2::27	Cone	Cone	Cone	NAMED	majority	B	pass	pass	na	none	top_genes含Cone marker ARR3/PDE6H；kb_hits命中Cone；文献支持Cone	0
RUN7RG	RET45	A	qwen3.8-max	Q2::4	MG	MG	MG	NAMED	majority	B	pass	pass	unresolved	none	RLBP1/GLUL/VIM/FABP7/HES1强命中MG，RHO为高ambient污染	0
RUN7RG	RET45	B	glm-5.1	Q2::4	MG	MG	MG	NAMED	majority	C	pass	unresolved	fail	technical_suspect	RLBP1/GLUL强命中MG，RHO共存且Rod ambient极高	0
RUN7RG	RET45	C	deepseek-v3.2	Q2::4	MG	MG	MG	NAMED	majority	B	pass	pass	na	none	top_genes含MG marker RLBP1；kb_hits命中MG；文献支持MG	0
RUN7RG	RET45	A	qwen3.8-max	Q3::13	RGC	undetermined	UNDET	UNDET	coarse	C	fail	fail	na	technical_suspect	RHO/PDE6H/NEFL/TTR多谱系核心marker共存，深度极低rod_ambient最高，疑双细胞或环境污染	0
RUN7RG	RET45	B	glm-5.1	Q3::13	RGC	undetermined	UNDET	UNDET	coarse	C	fail	fail	na	technical_suspect	多谱系核心marker(Rod/RGC/RPE)共存且深度极低，高度疑似双细胞	0
RUN7RG	RET45	C	deepseek-v3.2	Q3::13	RGC	undetermined	UNDET	UNDET	coarse	C	fail	fail	na	technical_suspect	RHO/NEFL等多谱系核心marker共存，分辨率不足	0
RUN7RG	RET45	A	qwen3.8-max	Q3::4	BC	BC	BC	NAMED	majority	B	pass	pass	na	none	TRPM1/GRM6/PRKCA/PCP2等强命中BC，文献支持，无冲突	0
RUN7RG	RET45	B	glm-5.1	Q3::4	BC	BC	BC	NAMED	majority	B	pass	pass	na	none	TRPM1/GRM6/NETO1强命中BC，无相邻冲突	0
RUN7RG	RET45	C	deepseek-v3.2	Q3::4	BC	BC	BC	NAMED	majority	B	pass	pass	na	none	top_genes含TRPM1,NETO1；kb命中BC；文献支持BC。	0
RUN7RG	RET45	A	qwen3.8-max	Q3::5	BC	BC	BC	NAMED	majority	B	pass	pass	na	none	TMEM215/NETO1/GRIK1强命中双极细胞marker，文献支持，无冲突谱系信号	0
RUN7RG	RET45	B	glm-5.1	Q3::5	BC	BC	BC	NAMED	majority	B	pass	pass	na	none	顶基因GRIK1/NETO1/CAMK2B及KB命中强支持BC，无他谱系marker	0
RUN7RG	RET45	C	deepseek-v3.2	Q3::5	BC	BC	BC	NAMED	majority	B	pass	pass	na	none	top_genes含NETO1/TMEM215，kb_hits命中BC	0
RUN7RG	RET45	A	qwen3.8-max	Q3::8	MG	MG	MG	NAMED	majority	B	pass	pass	na	none	RLBP1/GLUL/VIM/APOE强命中Müller胶质细胞，文献支持	0
RUN7RG	RET45	B	glm-5.1	Q3::8	MG	MG	MG	NAMED	majority	B	pass	unresolved	na	candidate_biology	RLBP1/GLUL命中MG，SPP1(Mac)共存致解析存疑	0
RUN7RG	RET45	C	deepseek-v3.2	Q3::8	MG	MG	MG	NAMED	majority	B	pass	pass	na	none	top_genes含RLBP1；kb命中MG；文献支持MG。	0
RUN7RG	RET45	A	qwen3.8-max	Q4::14	BC	BC	BC	NAMED	majority	B	pass	pass	na	none	GRIK1/CA10/IGSF21等BC marker强命中，文献支持	0
RUN7RG	RET45	B	glm-5.1	Q4::14	BC	BC	BC	NAMED	majority	B	pass	pass	na	none	CA10/IGSF21等BC marker强命中，无他系核心marker	0
RUN7RG	RET45	C	deepseek-v3.2	Q4::14	BC	BC	BC	NAMED	majority	B	pass	pass	na	none	top_genes含CA10/IGSF21；kb_marker命中BC；文献支持BC身份	0
RUN7RG	RET45	A	qwen3.8-max	Q4::15	BC	BC	BC	NAMED	majority	B	pass	pass	na	none	PLXDC1/IGSF21/CABP5/GRIK1等BC marker命中，无文献但转录证据充分	0
RUN7RG	RET45	B	glm-5.1	Q4::15	BC	BC	BC	NAMED	majority	B	pass	pass	na	none	IGSF21/PLXDC1/CABP5等BC marker命中，无他系marker	0
RUN7RG	RET45	C	deepseek-v3.2	Q4::15	BC	BC	BC	NAMED	majority	B	pass	pass	na	none	top_genes含IGSF21/PLXDC1；kb_marker命中BC；无文献但证据充分	0
RUN7RG	RET45	A	qwen3.8-max	Q4::19	BC	BC	BC	NAMED	majority	B	pass	pass	na	none	VSX1/TRPM1为ON-BC核心marker，文献支持	0
RUN7RG	RET45	B	glm-5.1	Q4::19	BC	BC	BC	NAMED	majority	B	pass	pass	na	none	VSX1/TRPM1强命中BC，MT基因偏高但无QC字段	0
RUN7RG	RET45	C	deepseek-v3.2	Q4::19	BC	BC	BC	NAMED	majority	B	pass	pass	na	none	top_genes含VSX1/TRPM1；kb_marker命中BC；文献支持BC身份	0
RUN7RG	RET45	A	qwen3.8-max	Q4::23	BC	coarse:BC_or_RPE	COARSE	COARSE	coarse	C	unresolved	fail	na	technical_suspect	TTR(RPE)与GRM6/TRPM1(BC)共存，谱系冲突疑双细胞	0
RUN7RG	RET45	B	glm-5.1	Q4::23	BC	undetermined	UNDET	UNDET	coarse	C	fail	fail	na	technical_suspect	TTR(RPE)与GRM6/TRPM1(BC)两谱系核心共存，疑双细胞	0
RUN7RG	RET45	C	deepseek-v3.2	Q4::23	BC	undetermined	UNDET	UNDET	coarse	C	fail	unresolved	na	conflicts_with_literature	top_genes含TTR(RPE)与TRPM1,CA10(BC)；kb命中BC与RPE；证据冲突。	0
RUN7RG	RET45	A	qwen3.8-max	Q4::24	BC	BC	BC	NAMED	majority	B	pass	pass	na	none	TRPM1/GNG13/CABP2等强命中BC，文献支持，无冲突	0
RUN7RG	RET45	B	glm-5.1	Q4::24	BC	BC	BC	NAMED	majority	B	pass	pass	na	none	TRPM1/VSX1/IGSF21强命中BC，无相邻冲突	0
RUN7RG	RET45	C	deepseek-v3.2	Q4::24	BC	BC	BC	NAMED	majority	B	pass	pass	na	none	top_genes含TRPM1,IGSF21；kb命中BC；文献支持BC。	0
RUN7RG	RET45	A	qwen3.8-max	Q4::29	BC	BC	BC	NAMED	majority	B	pass	pass	na	none	TRPM1/GRM6/PRKCA/PCP2强命中BC，文献支持，无冲突	0
RUN7RG	RET45	B	glm-5.1	Q4::29	BC	BC	BC	NAMED	majority	B	pass	pass	na	none	TRPM1/GRM6/PRKCA强命中BC，无相邻冲突	0
RUN7RG	RET45	C	deepseek-v3.2	Q4::29	BC	BC	BC	NAMED	majority	B	pass	pass	na	none	top_genes含TRPM1,GRM6；kb命中BC；文献支持BC。	0
RUN7RG	RET45	A	qwen3.8-max	Q4::32	MG	MG	MG	NAMED	majority	B	pass	pass	na	none	RLBP1/VIM/GLUL/FABP7强命中MG，文献支持	0
RUN7RG	RET45	B	glm-5.1	Q4::32	MG	MG	MG	NAMED	majority	B	pass	pass	na	none	RLBP1/GLUL/RGR强命中，MG标志明确	0
RUN7RG	RET45	C	deepseek-v3.2	Q4::32	MG	MG	MG	NAMED	majority	B	pass	pass	na	none	top_genes RLBP1, PTGDS, APOE；kb_hits MG->RLBP1；lit 支持 MG	0
RUN7RG	RET45	A	qwen3.8-max	Q4::37	MG	MG	MG	NAMED	majority	B	pass	pass	na	none	GLUL/PTGDS/VIM/APOE/RGR匹配MG，DUSP1/JUN为应激	0
RUN7RG	RET45	B	glm-5.1	Q4::37	MG	MG	MG	NAMED	majority	B	pass	pass	na	candidate_biology	GLUL/RGR/PTGDS支持MG，DUSP1/JUN/FOS提示应激	0
RUN7RG	RET45	C	deepseek-v3.2	Q4::37	MG	undetermined	UNDET	UNDET	coarse	C	fail	pass	na	conflicts_with_literature	top_genes 无明确谱系 marker；kb_hits 无；lit 冲突（MG/Fibroblast/Mac）	0
RUN7RG	RET45	A	qwen3.8-max	Q4::39	Rod	Rod	Rod	NAMED	majority	B	pass	pass	na	none	RHO/NRL/GNAT1/SAG/PDE6G等视杆核心marker全覆盖	0
RUN7RG	RET45	B	glm-5.1	Q4::39	Rod	Rod	Rod	NAMED	majority	B	pass	pass	na	none	RHO/NRL/GNAT1强命中，Rod标志明确	0
RUN7RG	RET45	C	deepseek-v3.2	Q4::39	Rod	Rod	Rod	NAMED	majority	B	pass	pass	na	none	top_genes NRL,RHO；kb_hits Rod->RHO,NRL；lit 支持 Rod	0
RUN7RG	RET45	A	qwen3.8-max	Q4::9	BC	BC	BC	NAMED	majority	B	pass	pass	na	none	GRIK1/IGSF21/CABP5等BC marker强命中，文献支持	0
RUN7RG	RET45	B	glm-5.1	Q4::9	BC	BC	BC	NAMED	majority	B	pass	pass	na	none	IGSF21/GRIK1/CABP5等BC marker命中，无他系marker	0
RUN7RG	RET45	C	deepseek-v3.2	Q4::9	BC	BC	BC	NAMED	majority	B	pass	pass	na	none	top_genes含GRIK1/IGSF21；kb_marker命中BC；文献支持BC身份	0
RUN7RG	RET45	A	qwen3.8-max	Q5b::13	BC	BC	BC	NAMED	majority	B	pass	pass	na	none	NPHS1/PDE1A为BC marker，kb命中一致，无文献但转录证据充分	0
RUN7RG	RET45	B	glm-5.1	Q5b::13	BC	undetermined	UNDET	UNDET	coarse	C	fail	unresolved	fail	out_of_baseline_coverage	NPHS1为足细胞标志非视网膜，低深度高环境RNA	0
RUN7RG	RET45	C	deepseek-v3.2	Q5b::13	BC	BC	BC	NAMED	majority	B	pass	pass	na	none	top_genes含PDE1A/NPHS1；kb_marker命中BC；模型旁证一致	0
RUN7RG	RET45	A	qwen3.8-max	Q5b::16	BC	BC	BC	NAMED	majority	B	pass	pass	na	none	DGKB/PDE1A命中BC，两篇文献支持，无冲突marker	0
RUN7RG	RET45	B	glm-5.1	Q5b::16	BC	BC	BC	NAMED	coarse	B	pass	pass	na	none	DGKB/PDE1A命中BC，无他系核心marker冲突	0
RUN7RG	RET45	C	deepseek-v3.2	Q5b::16	BC	BC	BC	NAMED	majority	B	pass	pass	na	none	top_genes含DGKB/PDE1A；kb_hits与lit均支持BC	0
RUN7RG	RET45	A	qwen3.8-max	Q5b::17	BC	BC	BC	NAMED	majority	B	pass	pass	na	none	GRM6/PRKCA/GRM5双极细胞marker强命中，文献支持	0
RUN7RG	RET45	B	glm-5.1	Q5b::17	BC	BC	BC	NAMED	majority	B	pass	pass	na	none	GRM6/RAPGEF5/PRKCA强命中，BC标志明确	0
RUN7RG	RET45	C	deepseek-v3.2	Q5b::17	BC	BC	BC	NAMED	majority	B	pass	pass	na	none	top_genes GRM6,RAPGEF5；kb_hits BC->GRM6,RAPGEF5；lit 支持 BC	0
RUN7RG	RET45	A	qwen3.8-max	Q5b::19	HC	HC	HC	NAMED	majority	B	pass	pass	na	none	FRMPD4/TNR命中HC，两篇文献支持，无冲突marker	0
RUN7RG	RET45	B	glm-5.1	Q5b::19	HC	HC	HC	NAMED	coarse	B	pass	pass	na	none	FRMPD4/TNR命中HC，ONECUT1/2旁证支持	0
RUN7RG	RET45	C	deepseek-v3.2	Q5b::19	HC	HC	HC	NAMED	majority	B	pass	pass	na	none	top_genes含FRMPD4/TNR；kb_hits与lit均支持HC	0
RUN7RG	RET45	A	qwen3.8-max	Q5b::2	Rod	Rod	Rod	NAMED	majority	C	pass	unresolved	fail	technical_suspect	RHO/NRL阳性但rod ambient极高且深度极低，疑环境RNA污染	0
RUN7RG	RET45	B	glm-5.1	Q5b::2	Rod	coarse:Rod	COARSE	COARSE	coarse	C	pass	pass	fail	technical_suspect	RHO/NRL命中，但depth极低且rod_ambient极高，疑环境RNA	0
RUN7RG	RET45	C	deepseek-v3.2	Q5b::2	Rod	Rod	Rod	NAMED	majority	B	pass	pass	na	none	top_genes RHO,NRL；kb_hits Rod->RHO,NRL；lit 支持 Rod	0
RUN7RG	RET45	A	qwen3.8-max	Q5b::20	HC	HC	HC	NAMED	majority	B	pass	pass	na	none	FRMPD4/TNR命中HC，与Q5b::19基因高度重叠，文献支持	0
RUN7RG	RET45	B	glm-5.1	Q5b::20	HC	HC	HC	NAMED	coarse	B	pass	pass	na	none	FRMPD4/TNR命中HC，ONECUT1/2旁证支持	0
RUN7RG	RET45	C	deepseek-v3.2	Q5b::20	HC	HC	HC	NAMED	majority	B	pass	pass	na	none	top_genes含FRMPD4/TNR；kb_hits与lit均支持HC	0
RUN7RG	RET45	A	qwen3.8-max	Q5b::23	BC	BC	BC	NAMED	majority	B	pass	pass	na	none	DGKB命中BC，两篇文献支持，无其他谱系核心marker冲突	0
RUN7RG	RET45	B	glm-5.1	Q5b::23	BC	BC	BC	NAMED	coarse	B	pass	pass	na	none	DGKB命中BC，无他系核心marker冲突	0
RUN7RG	RET45	C	deepseek-v3.2	Q5b::23	BC	BC	BC	NAMED	majority	B	pass	pass	na	none	top_genes含DGKB；kb_hits与lit支持BC	0
RUN7RG	RET45	A	qwen3.8-max	Q5b::3	Rod	Rod	Rod	NAMED	majority	B	pass	pass	na	none	RHO/NRL/ABCA4/AIPL1强命中Rod，文献支持，无冲突	0
RUN7RG	RET45	B	glm-5.1	Q5b::3	Rod	Rod	Rod	NAMED	majority	B	pass	pass	na	none	RHO/NRL/ABCA4强命中，无相邻候选冲突	0
RUN7RG	RET45	C	deepseek-v3.2	Q5b::3	Rod	Rod	Rod	NAMED	majority	B	pass	pass	na	none	top_genes RHO/NRL；kb_hits 命中；文献支持	0
RUN7RG	RET45	A	qwen3.8-max	Q5b::31	AC	AC	AC	NAMED	majority	B	pass	pass	na	none	GRM8/DCC命中AC，两篇文献支持，无冲突marker	0
RUN7RG	RET45	B	glm-5.1	Q5b::31	AC	AC	AC	NAMED	coarse	B	pass	pass	na	none	GRM8/DCC命中AC，无他系核心marker冲突	0
RUN7RG	RET45	C	deepseek-v3.2	Q5b::31	AC	AC	AC	NAMED	majority	B	pass	pass	na	none	top_genes含GRM8/DCC；kb_hits与lit支持AC	0
RUN7RG	RET45	A	qwen3.8-max	Q5b::32	AC	AC	AC	NAMED	majority	B	pass	pass	na	none	GRM8/OLFM3命中AC，文献支持，无谱系冲突	0
RUN7RG	RET45	B	glm-5.1	Q5b::32	AC	AC	AC	NAMED	majority	B	pass	pass	na	none	GRM8+OLFM3强命中AC，无谱系冲突	0
RUN7RG	RET45	C	deepseek-v3.2	Q5b::32	AC	AC	AC	NAMED	majority	B	pass	pass	na	none	top_genes含GRM8/OLFM3，kb_hits与lit支持AC	0
RUN7RG	RET45	A	qwen3.8-max	Q5b::35	AC	AC	AC	NAMED	majority	B	pass	pass	na	none	GRM8命中AC，文献支持，无谱系冲突	0
RUN7RG	RET45	B	glm-5.1	Q5b::35	AC	AC	AC	NAMED	majority	B	pass	pass	na	none	GRM8命中AC，无谱系冲突	0
RUN7RG	RET45	C	deepseek-v3.2	Q5b::35	AC	AC	AC	NAMED	majority	B	pass	pass	na	none	top_genes含GRM8，kb_hits与lit支持AC	0
RUN7RG	RET45	A	qwen3.8-max	Q5b::42	AC	AC	AC	NAMED	majority	B	pass	pass	na	none	GRIK2命中AC，文献支持，无谱系冲突	0
RUN7RG	RET45	B	glm-5.1	Q5b::42	AC	AC	AC	NAMED	majority	B	pass	pass	na	none	GRIK2命中AC，无谱系冲突	0
RUN7RG	RET45	C	deepseek-v3.2	Q5b::42	AC	AC	AC	NAMED	majority	B	pass	pass	na	none	top_genes含GRIK2，kb_hits与lit支持AC	0
RUN7RG	RET45	A	qwen3.8-max	Q5b::43	BC	coarse:BC_or_AC	COARSE	COARSE	coarse	C	unresolved	fail	na	technical_suspect	DGKB/PDE1A(BC)与GRIK2(AC)共存，谱系冲突疑双细胞	0
RUN7RG	RET45	B	glm-5.1	Q5b::43	BC	undetermined	UNDET	UNDET	coarse	C	unresolved	fail	na	technical_suspect	BC(DGKB)与AC(GRIK2)双谱系marker共存	0
RUN7RG	RET45	C	deepseek-v3.2	Q5b::43	BC	undetermined	UNDET	UNDET	coarse	C	unresolved	fail	na	candidate_biology	kb_hits显示BC与AC marker共存，分辨率不足	0
RUN7RG	RET45	A	qwen3.8-max	Q5b::45	AC	AC	AC	NAMED	majority	B	pass	pass	na	none	GRIK2命中AC，文献支持，无谱系冲突	0
RUN7RG	RET45	B	glm-5.1	Q5b::45	AC	AC	AC	NAMED	majority	B	pass	pass	na	none	GRIK2命中AC，无谱系冲突	0
RUN7RG	RET45	C	deepseek-v3.2	Q5b::45	AC	AC	AC	NAMED	majority	B	pass	pass	na	none	top_genes含GRIK2，kb_hits与lit支持AC	0
RUN7RG	RET45	A	qwen3.8-max	Q5b::8	Rod	Rod	Rod	NAMED	majority	B	pass	pass	na	none	RHO/ABCA4/AIPL1/CASZ1强命中Rod，文献支持，无冲突	0
RUN7RG	RET45	B	glm-5.1	Q5b::8	Rod	Rod	Rod	NAMED	majority	B	pass	pass	na	none	RHO及感光细胞基因主导，无他谱系marker	0
RUN7RG	RET45	C	deepseek-v3.2	Q5b::8	Rod	Rod	Rod	NAMED	majority	B	pass	pass	na	none	top_genes RHO；kb_hits 命中；文献支持	0
RUN7RG	RET45	A	qwen3.8-max	Q7::1	BC	BC	BC	NAMED	majority	B	pass	pass	na	none	TRPM1/SAMSN1/GNGT1强命中BC，文献支持，无冲突	0
RUN7RG	RET45	B	glm-5.1	Q7::1	BC	BC	BC	NAMED	majority	B	pass	pass	na	none	TRPM1/GNG13强命中BC，无谱系冲突	0
RUN7RG	RET45	C	deepseek-v3.2	Q7::1	BC	BC	BC	NAMED	majority	B	pass	pass	na	none	top_genes含BC marker Grm5/Trpm1；kb_hits命中BC；文献支持BC	0
RUN7RG	RET45	A	qwen3.8-max	Q7::10	AC	AC	AC	NAMED	majority	B	pass	pass	na	none	GAD1/PTPRK强命中AC，抑制性神经元marker一致，文献支持	0
RUN7RG	RET45	B	glm-5.1	Q7::10	AC	AC	AC	NAMED	majority	B	pass	pass	na	none	GAD1/PTPRK强命中AC，无谱系冲突	0
RUN7RG	RET45	C	deepseek-v3.2	Q7::10	AC	AC	AC	NAMED	majority	B	pass	pass	na	none	top_genes含AC marker Gad1；kb_hits命中AC；文献支持AC	0
RUN7RG	RET45	A	qwen3.8-max	Q7::18	Rod	Rod	Rod	NAMED	majority	B	pass	pass	na	none	Rho/Gnat1/Nrl/Pdc等大量视杆marker强命中，文献支持	0
RUN7RG	RET45	B	glm-5.1	Q7::18	Rod	Rod	Rod	NAMED	majority	B	pass	pass	na	none	Rho/Gnat1/Nrl等视杆marker强命中	0
RUN7RG	RET45	C	deepseek-v3.2	Q7::18	Rod	Rod	Rod	NAMED	majority	B	pass	pass	na	none	top_genes Rho/Nrl；kb_hits 命中；文献支持	0
RUN7RG	RET45	A	qwen3.8-max	Q7::3	Micro	Micro	Micro	NAMED	majority	B	pass	pass	na	none	C1qb/Cst3/C1qa/Cx3cr1/Trem2小胶质核心marker强命中	0
RUN7RG	RET45	B	glm-5.1	Q7::3	Micro	Micro	Micro	NAMED	majority	B	pass	pass	na	none	C1q/Ctss/Csf1r等小胶质marker强命中	0
RUN7RG	RET45	C	deepseek-v3.2	Q7::3	Micro	Micro	Micro	NAMED	majority	B	pass	pass	na	none	top_genes C1qb/Cst3/Ctss；kb_hits C1QB；文献支持	0
RUN7RG	RET45	A	qwen3.8-max	Q7::42	AC	AC	AC	NAMED	majority	B	pass	pass	na	none	Gad1/C1ql2/Slc32a1/Grik2强命中AC，HC证据不足可排除	0
RUN7RG	RET45	B	glm-5.1	Q7::42	AC	AC	AC	NAMED	majority	B	pass	pass	na	none	GAD1/Slc32a1命中，无HC/RGC冲突	0
RUN7RG	RET45	C	deepseek-v3.2	Q7::42	AC	AC	AC	NAMED	majority	B	pass	pass	na	none	top_genes Gad1/C1ql2；kb_hits GAD1/C1QL2；文献支持	0
RUN7RG	RET45	A	qwen3.8-max	Q7::46	RGC	RGC	RGC	NAMED	majority	B	pass	pass	na	none	Sncg/Thy1/Ebf1/Cartpt/Nefm为RGC经典marker，转录证据强	0
RUN7RG	RET45	B	glm-5.1	Q7::46	RGC	RGC	RGC	NAMED	majority	B	pass	pass	na	none	Sncg/Thy1/Nefm/Stmn2强命中RGC，无AC/BC冲突	0
RUN7RG	RET45	C	deepseek-v3.2	Q7::46	RGC	undetermined	UNDET	UNDET	coarse	C	fail	unresolved	na	conflicts_with_literature	top_genes无明确视网膜细胞marker；文献证据指向间质细胞	0
RUN7RG	RET45	A	qwen3.8-max	Q7::52	RGC	AC	AC	NAMED	majority	B	pass	pass	na	none	Grin3a命中AC，Calb2/Sncg/Pvalb支持AC，kb_ranking=AC(1)	0
RUN7RG	RET45	B	glm-5.1	Q7::52	RGC	RGC	RGC	NAMED	majority	C	unresolved	unresolved	na	candidate_biology	Sncg/Thy1/Nefm示RGC，但GRIN3A命中AC，缺Gad1难定	0
RUN7RG	RET45	C	deepseek-v3.2	Q7::52	RGC	AC	AC	NAMED	fine-cap	B	pass	pass	na	none	top_genes含Calb2/Sncg；kb_hits支持AC；文献无冲突	0
RUN7RG	RET45	A	qwen3.8-max	Q7::58	RGC	AC	AC	NAMED	majority	B	pass	pass	na	none	Calb2/Sncg/Tac1/Pvalb/Cplx2为AC marker组合，转录证据充分	0
RUN7RG	RET45	B	glm-5.1	Q7::58	RGC	RGC	RGC	NAMED	majority	B	pass	pass	na	none	Sncg/Thy1/Nefm/Calb2强命中RGC，无其他谱系冲突	0
RUN7RG	RET45	C	deepseek-v3.2	Q7::58	RGC	undetermined	UNDET	UNDET	coarse	C	fail	unresolved	na	conflicts_with_literature	top_genes模式与Q7::46/52相似；文献证据指向间质细胞	0
RUN7RG	RET45	A	qwen3.8-max	Q7::63	BC	BC	BC	NAMED	majority	B	pass	pass	na	none	Trpm1/Grm6/Vsx1/Isl1/Gnb3为BC核心marker，kb双命中BC	0
RUN7RG	RET45	B	glm-5.1	Q7::63	BC	BC	BC	NAMED	majority	B	pass	pass	na	none	TRPM1/GRM6/Vsx1强命中BC，文献支持，无冲突	0
RUN7RG	RET45	C	deepseek-v3.2	Q7::63	BC	BC	BC	NAMED	fine-cap	B	pass	pass	na	none	top_genes含Trpm1/Grm6；kb_hits强支持BC；文献支持BC	0
RUN7RG	RET45	A	qwen3.8-max	Q7::8	AC	AC	AC	NAMED	majority	B	pass	pass	na	none	Gad1/Slc6a1/Slc32a1/Tfap2b/Pax6为GABA能AC标志，kb命中AC	0
RUN7RG	RET45	B	glm-5.1	Q7::8	AC	AC	AC	NAMED	majority	B	pass	pass	na	none	GAD1/Slc32a1/Pax6强命中AC，文献支持，无冲突	0
RUN7RG	RET45	C	deepseek-v3.2	Q7::8	AC	AC	AC	NAMED	fine-cap	B	pass	pass	na	none	top_genes含Gad1/Slc32a1；kb_hits支持AC；文献支持AC	0
FACEV21	RET45	A	qwen3.8-max	Q1::1	Rod	undetermined	UNDET	UNDET	coarse	C	fail	unresolved	na	none	top基因多为核糖体/lncRNA，无kb命中与文献，无法定名	0
FACEV21	RET45	B	glm-5.1	Q1::1	Rod	undetermined	UNDET	UNDET	coarse	C	fail	unresolved	na	technical_suspect	top基因全为假基因/核糖体，无特异性视网膜marker	0
FACEV21	RET45	C	deepseek-v3.2	Q1::1	Rod	Rod	Rod	NAMED	majority	B	pass	pass	na	none	top_genes 含 MPP4；pred_hint 强指向 Rod；无冲突证据	0
FACEV21	RET45	A	qwen3.8-max	Q1::4	Rod	Rod	Rod	NAMED	majority	B	pass	pass	na	none	IMPG1/RBP3/GNGT1为光感受器marker，MT基因高表达符合Rod	0
FACEV21	RET45	B	glm-5.1	Q1::4	Rod	Rod	Rod	NAMED	majority	B	pass	pass	na	none	RBP3/GNGT1/RTBDN强命中，MT基因占比高	0
FACEV21	RET45	C	deepseek-v3.2	Q1::4	Rod	Rod	Rod	NAMED	majority	B	pass	pass	na	none	top_genes含RBP3/GNGT1等视杆marker；线粒体基因高表达	0
FACEV21	RET45	A	qwen3.8-max	Q1::9	Rod	undetermined	UNDET	UNDET	coarse	C	fail	unresolved	na	none	热休克/核糖体基因为主，MPP4/RP1非特异，无kb命中，证据不足	0
FACEV21	RET45	B	glm-5.1	Q1::9	Rod	undetermined	UNDET	UNDET	coarse	C	fail	unresolved	na	technical_suspect	top基因全为应激/环境基因(HSPA1A/B,FOS/JUN)，无特异性	0
FACEV21	RET45	C	deepseek-v3.2	Q1::9	Rod	Rod	Rod	NAMED	majority	B	pass	pass	na	none	top_genes 含 MPP4、IMPG1；pred_hint 强指向 Rod；无冲突证据	0
FACEV21	RET45	A	qwen3.8-max	Q2::22	Astro	coarse:glial	COARSE	COARSE	coarse	C	unresolved	fail	na	none	GFAP/GLUL/VIM共存，星形胶质与Müller标记混合，无法区分单一身份	0
FACEV21	RET45	B	glm-5.1	Q2::22	Astro	Astro	Astro	NAMED	fine-cap	B	pass	pass	na	none	GFAP/GLUL/VIM/CLU强命中，KB及文献支持Astro	0
FACEV21	RET45	C	deepseek-v3.2	Q2::22	Astro	Astro	Astro	NAMED	majority	B	pass	pass	na	none	top_genes 含 GFAP、GLUL；kb_hits 命中 Astro；文献支持 Astro	0
FACEV21	RET45	A	qwen3.8-max	Q2::27	Cone	Cone	Cone	NAMED	majority	B	pass	pass	na	none	PDE6H/ARR3/OPN1LW/GUCA1C为Cone核心marker，文献支持	0
FACEV21	RET45	B	glm-5.1	Q2::27	Cone	Cone	Cone	NAMED	majority	B	pass	pass	na	none	ARR3/OPN1LW/PDE6H强命中，TTR单基因不构成冲突	0
FACEV21	RET45	C	deepseek-v3.2	Q2::27	Cone	Cone	Cone	NAMED	majority	B	pass	pass	na	none	top_genes含ARR3/PDE6H等视锥marker；文献支持Cone身份	0
FACEV21	RET45	A	qwen3.8-max	Q2::4	MG	MG	MG	NAMED	majority	B	pass	pass	na	none	RLBP1/GLUL/VIM/APOE/FABP7/HES1为MG marker，文献支持	0
FACEV21	RET45	B	glm-5.1	Q2::4	MG	MG	MG	NAMED	majority	B	pass	pass	na	none	RLBP1/GLUL/VIM强命中，RHO单基因不构成冲突	0
FACEV21	RET45	C	deepseek-v3.2	Q2::4	MG	MG	MG	NAMED	majority	B	pass	pass	na	none	top_genes含RLBP1/GLUL等MG marker；文献支持MG身份	0
FACEV21	RET45	A	qwen3.8-max	Q3::13	RGC	Rod	Rod	NAMED	majority	B	pass	pass	na	none	RHO强阳性主导，其余谱系命中均≤1不触发冲突，文献支持视杆	0
FACEV21	RET45	B	glm-5.1	Q3::13	RGC	coarse:RGC	COARSE	COARSE	coarse	C	unresolved	unresolved	na	technical_suspect	RHO与RGC(NEFL/UCHL1)基因共存，候选冲突	0
FACEV21	RET45	C	deepseek-v3.2	Q3::13	RGC	undetermined	UNDET	UNDET	coarse	C	fail	fail	na	technical_suspect	kb_hits 多谱系共存（RHO/Rod, PDE6H/Cone, NEFL/UCHL1/RGC, TTR/RPE）；分辨率不足	0
FACEV21	RET45	A	qwen3.8-max	Q3::4	BC	BC	BC	NAMED	majority	B	pass	pass	na	none	TRPM1/GRM6/PRKCA/PCP2强命中BC，文献支持	0
FACEV21	RET45	B	glm-5.1	Q3::4	BC	BC	BC	NAMED	majority	B	pass	pass	na	none	TRPM1/GRM6/NETO1强命中，文献支持BC，无谱系冲突	0
FACEV21	RET45	C	deepseek-v3.2	Q3::4	BC	BC	BC	NAMED	majority	B	pass	pass	na	none	top_genes含TRPM1,GRM6,NETO1；kb_hits命中BC；文献支持BC身份	0
FACEV21	RET45	A	qwen3.8-max	Q3::5	BC	BC	BC	NAMED	majority	B	pass	pass	na	none	NETO1/TMEM215/GRIK1双极细胞标记强命中，kb与文献一致支持BC	0
FACEV21	RET45	B	glm-5.1	Q3::5	BC	BC	BC	NAMED	fine-cap	B	pass	pass	na	none	TMEM215/NETO1/GRIK1强命中，KB及文献支持BC	0
FACEV21	RET45	C	deepseek-v3.2	Q3::5	BC	BC	BC	NAMED	majority	B	pass	pass	na	none	kb_hits 命中 BC marker NETO1、TMEM215；文献支持 BC	0
FACEV21	RET45	A	qwen3.8-max	Q3::8	MG	MG	MG	NAMED	majority	B	pass	pass	na	none	RLBP1/GLUL/VIM/DKK3/CRABP1强命中MG，文献支持	0
FACEV21	RET45	B	glm-5.1	Q3::8	MG	MG	MG	NAMED	majority	B	pass	pass	na	none	RLBP1/GLUL/VIM/RGR强命中，文献支持MG，可排除Astro	0
FACEV21	RET45	C	deepseek-v3.2	Q3::8	MG	MG	MG	NAMED	majority	B	pass	pass	na	none	top_genes含RLBP1,GLUL；kb_hits命中MG；文献支持MG身份	0
FACEV21	RET45	A	qwen3.8-max	Q4::14	BC	BC	BC	NAMED	majority	B	pass	pass	na	none	GRIK1/IGSF21/CA10/CPLX3命中BC，文献支持，无谱系冲突	0
FACEV21	RET45	B	glm-5.1	Q4::14	BC	BC	BC	NAMED	majority	B	pass	pass	na	none	CA10/IGSF21/GRIK1强命中BC，无他系冲突，文献支持	0
FACEV21	RET45	C	deepseek-v3.2	Q4::14	BC	BC	BC	NAMED	majority	B	pass	pass	na	none	top_genes含CA10/IGSF21；kb_marker命中BC；文献支持BC身份	0
FACEV21	RET45	A	qwen3.8-max	Q4::15	BC	BC	BC	NAMED	majority	B	pass	pass	na	none	GRIK1/IGSF21/CABP5/CALB1命中BC，无文献但转录证据强	0
FACEV21	RET45	B	glm-5.1	Q4::15	BC	BC	BC	NAMED	majority	B	pass	pass	na	none	IGSF21/PLXDC1/GRIK1命中BC，CABP5支持，无他系冲突	0
FACEV21	RET45	C	deepseek-v3.2	Q4::15	BC	BC	BC	NAMED	majority	B	pass	pass	na	none	top_genes含IGSF21/PLXDC1；kb_marker命中BC；无冲突证据	0
FACEV21	RET45	A	qwen3.8-max	Q4::19	BC	BC	BC	NAMED	majority	B	pass	pass	na	none	VSX1/TRPM1/GNG13为ON-BC核心marker，文献支持	0
FACEV21	RET45	B	glm-5.1	Q4::19	BC	BC	BC	NAMED	majority	B	pass	pass	unresolved	technical_suspect	TRPM1/VSX1强命中BC，但MT基因富集提示技术疑点	0
FACEV21	RET45	C	deepseek-v3.2	Q4::19	BC	BC	BC	NAMED	majority	B	pass	pass	na	none	top_genes含VSX1/TRPM1；kb_marker命中BC；文献支持BC身份	0
FACEV21	RET45	A	qwen3.8-max	Q4::23	BC	BC	BC	NAMED	majority	B	pass	pass	na	none	GRM6/TRPM1/PCP2/CABP5强命中BC；TTR单基因不构冲突	0
FACEV21	RET45	B	glm-5.1	Q4::23	BC	BC	BC	NAMED	majority	B	pass	pass	na	technical_suspect	BC基因富集但TTR居首，疑双细胞或RPE污染	0
FACEV21	RET45	C	deepseek-v3.2	Q4::23	BC	BC	BC	NAMED	majority	B	pass	pass	na	none	top_genes含GRM6,TRPM1,CA10；kb_hits命中BC；文献支持BC身份	0
FACEV21	RET45	A	qwen3.8-max	Q4::24	BC	BC	BC	NAMED	majority	B	pass	pass	na	none	TRPM1/VSX1/GNG13/CABP2强命中BC，文献支持	0
FACEV21	RET45	B	glm-5.1	Q4::24	BC	BC	BC	NAMED	majority	B	pass	pass	na	none	TRPM1/IGSF21/VSX1强命中，文献支持BC，无冲突	0
FACEV21	RET45	C	deepseek-v3.2	Q4::24	BC	BC	BC	NAMED	majority	B	pass	pass	na	none	top_genes含TRPM1,VSX1,IGSF21；kb_hits命中BC；文献支持BC身份	0
FACEV21	RET45	A	qwen3.8-max	Q4::29	BC	BC	BC	NAMED	majority	B	pass	pass	na	none	TRPM1/GRM6/ISL1/PRKCA/PCP2强命中BC，文献支持	0
FACEV21	RET45	B	glm-5.1	Q4::29	BC	BC	BC	NAMED	majority	B	pass	pass	na	none	TRPM1/GRM6/PRKCA强命中，文献支持BC，无谱系冲突	0
FACEV21	RET45	C	deepseek-v3.2	Q4::29	BC	BC	BC	NAMED	majority	B	pass	pass	na	none	top_genes含TRPM1,GRM6,ISL1；kb_hits命中BC；文献支持BC身份	0
FACEV21	RET45	A	qwen3.8-max	Q4::32	MG	MG	MG	NAMED	majority	B	pass	pass	na	none	RLBP1/GLUL/VIM/APOE强命中MG，文献支持	0
FACEV21	RET45	B	glm-5.1	Q4::32	MG	MG	MG	NAMED	majority	B	pass	pass	na	none	RLBP1/GLUL/RGR强命中，MG核心marker齐备	0
FACEV21	RET45	C	deepseek-v3.2	Q4::32	MG	MG	MG	NAMED	majority	B	pass	pass	na	none	top基因RLBP1命中MG marker；文献支持MG身份	0
FACEV21	RET45	A	qwen3.8-max	Q4::37	MG	MG	MG	NAMED	majority	B	pass	pass	na	none	GLUL/VIM/APOE/FRZB/WIF1/RGR共表达支持MG，文献一致	0
FACEV21	RET45	B	glm-5.1	Q4::37	MG	MG	MG	NAMED	majority	B	pass	pass	na	candidate_biology	GLUL/RGR/PTGDS支持MG，DUSP1/JUN/FOS提示应激	0
FACEV21	RET45	C	deepseek-v3.2	Q4::37	MG	undetermined	UNDET	UNDET	coarse	C	fail	pass	na	conflicts_with_literature	top基因无明确marker命中；文献证据冲突（MG vs Fibroblast vs Mac）	0
FACEV21	RET45	A	qwen3.8-max	Q4::39	Rod	Rod	Rod	NAMED	majority	B	pass	pass	na	none	RHO/NRL/GNAT1/SAG/PDE6G等视杆核心marker强富集	0
FACEV21	RET45	B	glm-5.1	Q4::39	Rod	Rod	Rod	NAMED	majority	B	pass	pass	na	none	RHO/NRL/GNAT1等核心marker强命中，典型Rod	0
FACEV21	RET45	C	deepseek-v3.2	Q4::39	Rod	Rod	Rod	NAMED	majority	B	pass	pass	na	none	top基因NRL,RHO强命中Rod marker；文献支持Rod身份	0
FACEV21	RET45	A	qwen3.8-max	Q4::9	BC	BC	BC	NAMED	majority	B	pass	pass	na	none	GRIK1/IGSF21/CPLX4/CABP5命中BC，文献支持，无冲突	0
FACEV21	RET45	B	glm-5.1	Q4::9	BC	BC	BC	NAMED	majority	B	pass	pass	na	none	IGSF21/GRIK1/CABP5强命中BC，文献支持，无他系冲突	0
FACEV21	RET45	C	deepseek-v3.2	Q4::9	BC	BC	BC	NAMED	majority	B	pass	pass	na	none	top_genes含GRIK1/IGSF21；kb_marker命中BC；文献支持BC身份	0
FACEV21	RET45	A	qwen3.8-max	Q5b::13	BC	BC	BC	NAMED	majority	B	pass	pass	na	none	NPHS1/PDE1A/KIRREL3/DSCAM命中BC亚型marker，转录证据充分	0
FACEV21	RET45	B	glm-5.1	Q5b::13	BC	undetermined	UNDET	UNDET	coarse	C	fail	unresolved	unresolved	out_of_baseline_coverage	NPHS1非视网膜BC标志，与BC身份冲突，证据不足	0
FACEV21	RET45	C	deepseek-v3.2	Q5b::13	BC	BC	BC	NAMED	majority	B	pass	pass	na	none	top_genes含PDE1A/NPHS1；kb_marker命中BC；无冲突证据	0
FACEV21	RET45	A	qwen3.8-max	Q5b::16	BC	BC	BC	NAMED	majority	B	pass	pass	na	none	DGKB/PDE1A命中BC，两篇文献支持，无谱系冲突	0
FACEV21	RET45	B	glm-5.1	Q5b::16	BC	BC	BC	NAMED	majority	B	pass	pass	na	none	DGKB/PDE1A命中BC，文献支持，无冲突	0
FACEV21	RET45	C	deepseek-v3.2	Q5b::16	BC	BC	BC	NAMED	majority	B	pass	pass	na	none	top_genes含DGKB,PDE1A；kb_marker命中BC；文献支持BC身份	0
FACEV21	RET45	A	qwen3.8-max	Q5b::17	BC	BC	BC	NAMED	majority	B	pass	pass	na	none	GRM6/PRKCA/GRM5双极细胞marker命中，文献支持	0
FACEV21	RET45	B	glm-5.1	Q5b::17	BC	BC	BC	NAMED	majority	B	pass	pass	na	none	GRM6/RAPGEF5/PRKCA强命中，BC特征明确	0
FACEV21	RET45	C	deepseek-v3.2	Q5b::17	BC	BC	BC	NAMED	majority	B	pass	pass	na	none	top基因GRM6,RAPGEF5命中BC marker；文献支持BC身份	0
FACEV21	RET45	A	qwen3.8-max	Q5b::19	HC	HC	HC	NAMED	majority	B	pass	pass	na	none	FRMPD4/TNR命中HC，两篇文献支持，无谱系冲突	0
FACEV21	RET45	B	glm-5.1	Q5b::19	HC	HC	HC	NAMED	majority	B	pass	pass	na	none	FRMPD4/TNR强命中HC，文献支持	0
FACEV21	RET45	C	deepseek-v3.2	Q5b::19	HC	HC	HC	NAMED	majority	B	pass	pass	na	none	top_genes含FRMPD4,TNR；kb_marker命中HC；文献支持HC身份	0
FACEV21	RET45	A	qwen3.8-max	Q5b::2	Rod	Rod	Rod	NAMED	majority	B	pass	pass	na	none	RHO/NRL/ABCA4/AIPL1视杆核心marker强富集，文献支持	0
FACEV21	RET45	B	glm-5.1	Q5b::2	Rod	Rod	Rod	NAMED	majority	B	pass	pass	unresolved	technical_suspect	RHO/NRL命中，ambient旗极高提示可能为游离RNA	0
FACEV21	RET45	C	deepseek-v3.2	Q5b::2	Rod	Rod	Rod	NAMED	majority	B	pass	pass	na	none	top基因RHO,NRL强命中Rod marker；文献支持Rod身份	0
FACEV21	RET45	A	qwen3.8-max	Q5b::20	HC	HC	HC	NAMED	majority	B	pass	pass	na	none	FRMPD4/TNR/ONECUT1命中HC，两篇文献支持，无谱系冲突	0
FACEV21	RET45	B	glm-5.1	Q5b::20	HC	HC	HC	NAMED	majority	B	pass	pass	na	none	FRMPD4/TNR强命中HC，文献支持	0
FACEV21	RET45	C	deepseek-v3.2	Q5b::20	HC	HC	HC	NAMED	majority	B	pass	pass	na	none	top_genes含FRMPD4,TNR；kb_marker命中HC；文献支持HC身份	0
FACEV21	RET45	A	qwen3.8-max	Q5b::23	BC	BC	BC	NAMED	majority	B	pass	pass	na	none	DGKB命中BC，两篇文献支持，无谱系冲突	0
FACEV21	RET45	B	glm-5.1	Q5b::23	BC	BC	BC	NAMED	majority	B	pass	pass	na	none	DGKB命中BC，文献支持，无冲突	0
FACEV21	RET45	C	deepseek-v3.2	Q5b::23	BC	BC	BC	NAMED	majority	B	pass	pass	na	none	top_genes含DGKB；kb_marker命中BC；文献支持BC身份	0
FACEV21	RET45	A	qwen3.8-max	Q5b::3	Rod	Rod	Rod	NAMED	majority	B	pass	pass	na	none	RHO/NRL/ABCA4/AIPL1强命中Rod，文献支持	0
FACEV21	RET45	B	glm-5.1	Q5b::3	Rod	Rod	Rod	NAMED	majority	B	pass	pass	na	none	RHO/NRL双强命中且无冲突，文献支持	0
FACEV21	RET45	C	deepseek-v3.2	Q5b::3	Rod	Rod	Rod	NAMED	majority	B	pass	pass	na	none	top_genes RHO/NRL；kb_hits Rod；文献支持	0
FACEV21	RET45	A	qwen3.8-max	Q5b::31	AC	AC	AC	NAMED	majority	B	pass	pass	na	none	GRM8/DCC命中AC，两篇文献支持，无谱系冲突	0
FACEV21	RET45	B	glm-5.1	Q5b::31	AC	AC	AC	NAMED	majority	B	pass	pass	na	none	GRM8/DCC命中AC，文献支持	0
FACEV21	RET45	C	deepseek-v3.2	Q5b::31	AC	AC	AC	NAMED	majority	B	pass	pass	na	none	top_genes含GRM8,DCC；kb_marker命中AC；文献支持AC身份	0
FACEV21	RET45	A	qwen3.8-max	Q5b::32	AC	AC	AC	NAMED	majority	B	pass	pass	na	none	GRM8/OLFM3命中AC，两篇文献支持，无谱系冲突	0
FACEV21	RET45	B	glm-5.1	Q5b::32	AC	AC	AC	NAMED	majority	B	pass	pass	na	none	kb命中GRM8/OLFM3且文献支持AC	0
FACEV21	RET45	C	deepseek-v3.2	Q5b::32	AC	AC	AC	NAMED	majority	B	pass	pass	na	none	top_genes含GRM8/OLFM3，kb_hits与文献支持AC	0
FACEV21	RET45	A	qwen3.8-max	Q5b::35	AC	AC	AC	NAMED	majority	B	pass	pass	na	none	GRM8命中AC，两篇文献支持，无谱系冲突	0
FACEV21	RET45	B	glm-5.1	Q5b::35	AC	AC	AC	NAMED	majority	B	pass	pass	na	none	top基因GRM8与文献支持AC	0
FACEV21	RET45	C	deepseek-v3.2	Q5b::35	AC	AC	AC	NAMED	majority	B	pass	pass	na	none	top_genes含GRM8，kb_hits与文献支持AC	0
FACEV21	RET45	A	qwen3.8-max	Q5b::42	AC	AC	AC	NAMED	majority	B	pass	pass	na	none	GRIK2命中AC，两篇文献支持，无谱系冲突	0
FACEV21	RET45	B	glm-5.1	Q5b::42	AC	AC	AC	NAMED	majority	B	pass	pass	na	none	top基因GRIK2与文献支持AC	0
FACEV21	RET45	C	deepseek-v3.2	Q5b::42	AC	AC	AC	NAMED	majority	B	pass	pass	na	none	top_genes含GRIK2，kb_hits与文献支持AC	0
FACEV21	RET45	A	qwen3.8-max	Q5b::43	BC	BC	BC	NAMED	majority	B	pass	pass	na	none	DGKB/PDE1A双基因命中BC(n=4)，AC仅单基因，按规则定BC	0
FACEV21	RET45	B	glm-5.1	Q5b::43	BC	BC	BC	NAMED	majority	B	pass	pass	na	none	kb命中DGKB/PDE1A且文献支持BC	0
FACEV21	RET45	C	deepseek-v3.2	Q5b::43	BC	BC	BC	NAMED	majority	B	pass	pass	na	none	top_genes含DGKB/PDE1A，kb_hits与文献支持BC	0
FACEV21	RET45	A	qwen3.8-max	Q5b::45	AC	AC	AC	NAMED	majority	B	pass	pass	na	none	GRIK2命中AC，两篇文献支持，无谱系冲突	0
FACEV21	RET45	B	glm-5.1	Q5b::45	AC	AC	AC	NAMED	majority	B	pass	pass	na	none	top基因GRIK2与文献支持AC	0
FACEV21	RET45	C	deepseek-v3.2	Q5b::45	AC	AC	AC	NAMED	majority	B	pass	pass	na	none	top_genes含GRIK2，kb_hits与文献支持AC	0
FACEV21	RET45	A	qwen3.8-max	Q5b::8	Rod	Rod	Rod	NAMED	majority	B	pass	pass	na	none	RHO/ABCA4/AIPL1/CASZ1强命中Rod，文献支持	0
FACEV21	RET45	B	glm-5.1	Q5b::8	Rod	Rod	Rod	NAMED	majority	B	pass	pass	na	none	RHO及感光细胞基因高表达，无冲突	0
FACEV21	RET45	C	deepseek-v3.2	Q5b::8	Rod	Rod	Rod	NAMED	majority	B	pass	pass	na	none	top_genes RHO；kb_hits Rod；文献支持	0
FACEV21	RET45	A	qwen3.8-max	Q7::1	BC	BC	BC	NAMED	majority	B	pass	pass	na	none	Grm5/Trpm1/Gng13等ON-BC marker强命中，文献支持	0
FACEV21	RET45	B	glm-5.1	Q7::1	BC	BC	BC	NAMED	majority	B	pass	pass	na	none	Trpm1/Grm5/Gng13强命中，文献支持BC	0
FACEV21	RET45	C	deepseek-v3.2	Q7::1	BC	BC	BC	NAMED	majority	B	pass	pass	na	none	top_genes含Trpm1/Grm5等BC marker；文献支持BC身份	0
FACEV21	RET45	A	qwen3.8-max	Q7::10	AC	AC	AC	NAMED	majority	B	pass	pass	na	none	Gad1/Cxcl14/Kcnip1为AC marker，文献支持AC	0
FACEV21	RET45	B	glm-5.1	Q7::10	AC	AC	AC	NAMED	majority	B	pass	pass	na	none	Gad1强命中，文献支持AC，排除BC	0
FACEV21	RET45	C	deepseek-v3.2	Q7::10	AC	AC	AC	NAMED	majority	B	pass	pass	na	none	top_genes含Gad1/Cxcl14等AC marker；文献支持AC身份	0
FACEV21	RET45	A	qwen3.8-max	Q7::18	Rod	Rod	Rod	NAMED	majority	B	pass	pass	na	none	Rho/Gnat1/Nrl/Pde6g等鼠Rod核心marker强富集	0
FACEV21	RET45	B	glm-5.1	Q7::18	Rod	Rod	Rod	NAMED	majority	B	pass	pass	na	none	Rho/Gnat1/Nrl等视杆marker强表达	0
FACEV21	RET45	C	deepseek-v3.2	Q7::18	Rod	Rod	Rod	NAMED	majority	B	pass	pass	na	none	top_genes Rho/Gnat1/Nrl；文献支持	0
FACEV21	RET45	A	qwen3.8-max	Q7::3	Micro	Micro	Micro	NAMED	majority	B	pass	pass	na	none	C1qb/Cst3/Cx3cr1/Trem2/Csf1r小胶质特异marker强命中	0
FACEV21	RET45	B	glm-5.1	Q7::3	Micro	Micro	Micro	NAMED	majority	B	pass	pass	na	none	C1q/Cx3cr1/Trem2等小胶质marker强表达	0
FACEV21	RET45	C	deepseek-v3.2	Q7::3	Micro	Micro	Micro	NAMED	majority	B	pass	pass	na	none	top_genes C1qb/Cst3/Ctss；文献命中Microglia/Micro	0
FACEV21	RET45	A	qwen3.8-max	Q7::42	AC	AC	AC	NAMED	majority	B	pass	pass	na	none	Gad1/Slc32a1/Grik2/Tfap2b为AC标志基因，文献支持	0
FACEV21	RET45	B	glm-5.1	Q7::42	AC	AC	AC	NAMED	majority	B	pass	pass	na	none	Gad1/Slc32a1及C1ql2/Tfap2b支持AC	0
FACEV21	RET45	C	deepseek-v3.2	Q7::42	AC	undetermined	UNDET	UNDET	coarse	C	unresolved	fail	na	candidate_biology	top_genes 混合Gad1/C1ql2；文献支持AC/HC；谱系混合	0
FACEV21	RET45	A	qwen3.8-max	Q7::46	RGC	RGC	RGC	NAMED	majority	B	pass	pass	na	none	Sncg/Ebf1/Thy1/Cartpt/Nefm为RGC经典marker，lit检索偏倚不采信	0
FACEV21	RET45	B	glm-5.1	Q7::46	RGC	RGC	RGC	NAMED	majority	B	pass	pass	na	none	Sncg/Thy1/Nefm高，典型RGC标志	0
FACEV21	RET45	C	deepseek-v3.2	Q7::46	RGC	undetermined	UNDET	UNDET	coarse	C	fail	pass	na	conflicts_with_literature	top_genes 无明确视网膜细胞marker；lit 指向间质细胞，与组织基线不符。	0
FACEV21	RET45	A	qwen3.8-max	Q7::52	RGC	RGC	RGC	NAMED	majority	B	pass	pass	na	none	Sncg/Thy1/Stmn2/Nefm/Lrrc4c强支持RGC，Grin3a/Pvalb提示亚型异质	0
FACEV21	RET45	B	glm-5.1	Q7::52	RGC	RGC	RGC	NAMED	majority	B	pass	pass	na	none	Sncg/Thy1/Nefm/Stmn2高，RGC特征明确	0
FACEV21	RET45	C	deepseek-v3.2	Q7::52	RGC	undetermined	UNDET	UNDET	coarse	C	fail	pass	na	conflicts_with_literature	top_genes 无明确视网膜细胞marker；lit 指向间质细胞，与组织基线不符。	0
FACEV21	RET45	A	qwen3.8-max	Q7::58	RGC	RGC	RGC	NAMED	majority	B	pass	pass	na	none	Sncg/Thy1/Tac1/Nefm支持RGC，Pvalb/Cplx2提示特定亚群	0
FACEV21	RET45	B	glm-5.1	Q7::58	RGC	RGC	RGC	NAMED	majority	B	pass	pass	na	none	Sncg/Thy1/Nefm/Pvalb高，RGC亚群	0
FACEV21	RET45	C	deepseek-v3.2	Q7::58	RGC	undetermined	UNDET	UNDET	coarse	C	fail	pass	na	conflicts_with_literature	top_genes 无明确视网膜细胞marker；lit 指向间质细胞，与组织基线不符。	0
FACEV21	RET45	A	qwen3.8-max	Q7::63	BC	BC	BC	NAMED	majority	B	pass	pass	na	none	Vsx1/Grm6/Trpm1/Gnb3/Otx2为双极细胞核心marker，Isl1兼容ON-BC	0
FACEV21	RET45	B	glm-5.1	Q7::63	BC	BC	BC	NAMED	majority	B	pass	pass	na	none	Trpm1/Grm6/Vsx1/Gnb3高，典型BC标志	0
FACEV21	RET45	C	deepseek-v3.2	Q7::63	BC	BC	BC	NAMED	majority	B	pass	pass	na	none	top_genes (Vsx1, Grm6, Scg2) 强命中BC；lit 支持BC；相邻候选可排除。	0
FACEV21	RET45	A	qwen3.8-max	Q7::8	AC	AC	AC	NAMED	majority	B	pass	pass	na	none	Gad1/Slc32a1/Slc6a1/Tfap2b/Pax6强支持GABA能无长突细胞	0
FACEV21	RET45	B	glm-5.1	Q7::8	AC	AC	AC	NAMED	majority	B	pass	pass	na	none	Gad1/Slc32a1/Pax6/Tfap2b高，典型AC标志	0
FACEV21	RET45	C	deepseek-v3.2	Q7::8	AC	AC	AC	NAMED	majority	B	pass	pass	na	none	top_genes (Gad1, Slc6a1, Slc32a1) 强命中AC；lit 支持AC；相邻候选可排除。	0
BTEST-run1	RET45	A	qwen3.8-max	Q1::1	Rod	undetermined	UNDET	UNDET	coarse	C	fail	unresolved	na	none	top基因多为假基因/lncRNA/核糖体，无视网膜细胞类型特异marker命中	0
BTEST-run1	RET45	B	glm-5.1	Q1::1	Rod	coarse:Rod	COARSE	COARSE	coarse	C	unresolved	pass	na	technical_suspect	MYO9A+MPP4指Rod，但Top多RPL假基因/lncRNA，技术噪音主导	0
BTEST-run1	RET45	C	deepseek-v3.2	Q1::1	Rod	undetermined	UNDET	UNDET	coarse	C	fail	fail	na	technical_suspect	top_genes均为核糖体蛋白/假基因/XIST，无任何视网膜细胞类型marker命中	0
BTEST-run1	RET45	A	qwen3.8-max	Q1::4	Rod	Rod	Rod	NAMED	majority	B	pass	pass	na	none	RBP3/GNGT1/IMPG1为Rod标志,文献支持;无混合谱系	0
BTEST-run1	RET45	B	glm-5.1	Q1::4	Rod	Rod	Rod	NAMED	majority	B	pass	pass	na	none	GNGT1(rod特异)+RBP3/IMPG1/RTBDN(光感受器);Cone marker零检出可排除	0
BTEST-run1	RET45	C	deepseek-v3.2	Q1::4	Rod	coarse:photoreceptor	COARSE	COARSE	coarse	C	pass	fail	na	technical_suspect	IMPG1/RBP3/GNGT1光感受器基因高表达但缺核心marker，大量线粒体基因	0
BTEST-run1	RET45	A	qwen3.8-max	Q1::9	Rod	Rod	Rod	NAMED	majority	B	pass	unresolved	na	candidate_biology	RP1/IMPG1/GPM6B支持Rod；HSPA1A/B/DDIT4/FOS/JUN为应激签名，缺经典RHO/PDE6B	0
BTEST-run1	RET45	B	glm-5.1	Q1::9	Rod	coarse:Rod	COARSE	COARSE	coarse	C	unresolved	pass	na	technical_suspect	RP1/MPP4/IMPG1指光感受器,缺RHO/NRL,应激基因主导	0
BTEST-run1	RET45	C	deepseek-v3.2	Q1::9	Rod	undetermined	UNDET	UNDET	coarse	C	fail	unresolved	na	technical_suspect	无典型视网膜标记命中；IMPG1/MPP4提示光感受器但缺乏RHO/OPN1SW；应激基因HSPA1A/FOS/JUN主导	0
BTEST-run1	RET45	A	qwen3.8-max	Q2::22	Astro	MG	MG	NAMED	majority	B	pass	pass	na	none	GLUL/VIM/CLU/GFAP强命中MG；GFAP为反应性标志，不排除MG	0
BTEST-run1	RET45	B	glm-5.1	Q2::22	Astro	MG	MG	NAMED	majority	B	pass	pass	na	none	GLUL+VIM命中MG;GFAP为reactive MG上调(PMID41760600);AQP4缺排除Astro	0
BTEST-run1	RET45	C	deepseek-v3.2	Q2::22	Astro	coarse:glia	COARSE	COARSE	coarse	C	fail	fail	na	technical_suspect	GFAP+GLUL共存，谱系混合无法区分Astro/MG	0
BTEST-run1	RET45	A	qwen3.8-max	Q2::27	Cone	Cone	Cone	NAMED	majority	B	pass	pass	na	none	PDE6H/ARR3/GUCA1C/OPN1LW等Cone核心marker强命中，无Rod/RPE混杂	0
BTEST-run1	RET45	B	glm-5.1	Q2::27	Cone	Cone	Cone	NAMED	majority	B	pass	pass	na	none	PDE6H+ARR3+OPN1LW cone canonical;GNGT2/GUCA1C/RTBDN cone特异;TTR疑ambient	0
BTEST-run1	RET45	C	deepseek-v3.2	Q2::27	Cone	Cone	Cone	NAMED	fine-cap	B	pass	fail	na	technical_suspect	PDE6H/ARR3强Cone标记；TTR为RPE标记，提示双细胞/技术混合	0
BTEST-run1	RET45	A	qwen3.8-max	Q2::4	MG	MG	MG	NAMED	majority	B	pass	fail	na	technical_suspect	MG核心(RLBP1/GLUL/VIM)强命中，但混入Rod RHO与Mac APOE/SPP1，疑双细胞	0
BTEST-run1	RET45	B	glm-5.1	Q2::4	MG	MG	MG	NAMED	majority	B	pass	pass	na	technical_suspect	RLBP1/GLUL/VIM强命中MG；RHO为视网膜游离RNA污染，缺其他视杆marker	0
BTEST-run1	RET45	C	deepseek-v3.2	Q2::4	MG	coarse:glial	COARSE	COARSE	coarse	C	pass	fail	na	technical_suspect	RLBP1/VIM/GLUL支持MG，但RHO共存，谱系混合	0
BTEST-run1	RET45	A	qwen3.8-max	Q3::13	RGC	Rod	Rod	NAMED	majority	B	pass	fail	na	technical_suspect	RHO主导支持Rod，但NEFL/PDE6H/TTR共存提示RGC/Cone/RPE谱系混合	0
BTEST-run1	RET45	B	glm-5.1	Q3::13	RGC	coarse:RGC	COARSE	COARSE	coarse	C	unresolved	fail	na	technical_suspect	RHO+NEFL两谱系核心共存;缺NRL/NR2E3等Rod核心marker疑环境RNA污染	0
BTEST-run1	RET45	C	deepseek-v3.2	Q3::13	RGC	RGC	RGC	NAMED	majority	C	pass	fail	na	technical_suspect	NEFL+UCHL1强RGC标记，但共表达RHO/PDE6H/TTR多谱系标记	0
BTEST-run1	RET45	A	qwen3.8-max	Q3::4	BC	BC	BC	NAMED	majority	B	pass	pass	na	none	TRPM1/GRM6/PRKCA/TMEM215/NETO1强命中BC；无AC/RGC/MG核心marker混杂	0
BTEST-run1	RET45	B	glm-5.1	Q3::4	BC	BC	BC	NAMED	majority	B	pass	pass	na	none	TRPM1/GRM6/PRKCA/NETO1/ISL1六基因共命中BC;HC仅ISL1;文献PMID37914688证PRKCA标ON-rod BC	0
BTEST-run1	RET45	C	deepseek-v3.2	Q3::4	BC	BC	BC	NAMED	majority	B	pass	pass	na	none	TRPM1/GRM6/PRKCA/ISL1等6个BC marker强命中，文献支持，组成相容	0
BTEST-run1	RET45	A	qwen3.8-max	Q3::5	BC	BC	BC	NAMED	majority	B	pass	pass	na	none	GRIK1/NETO1/TMEM215强命中BC；文献支持OFF-BC签名	0
BTEST-run1	RET45	B	glm-5.1	Q3::5	BC	BC	BC	NAMED	majority	B	pass	pass	na	none	TMEM215/GRIK1/NETO1命中BC marker库;文献PMID39574940以NETO1+GRIK1为BC泛标志;PCP4/PRKCB/CPLX3/CHN2/GRIA2均BC相容;AC/RGC等核心marker缺席	0
BTEST-run1	RET45	C	deepseek-v3.2	Q3::5	BC	coarse:BC	COARSE	COARSE	coarse	C	fail	pass	na	none	TMEM215/GRIK1/NETO1命中BC，但缺核心marker	0
BTEST-run1	RET45	A	qwen3.8-max	Q3::8	MG	MG	MG	NAMED	majority	B	pass	pass	na	none	RLBP1/GLUL/VIM/CRABP1强命中MG；文献支持成熟MG签名；无谱系混合	0
BTEST-run1	RET45	B	glm-5.1	Q3::8	MG	MG	MG	NAMED	majority	B	pass	pass	na	none	RLBP1/GLUL/VIM三核心marker命中+RGR/CRABP1/TF文献佐证，无邻类冲突	0
BTEST-run1	RET45	C	deepseek-v3.2	Q3::8	MG	MG	MG	NAMED	majority	B	pass	pass	na	none	RLBP1/GLUL/VIM强命中MG核心marker；文献PMID:34445064支持；相邻候选可排除	0
BTEST-run1	RET45	A	qwen3.8-max	Q4::14	BC	BC	BC	NAMED	majority	B	pass	pass	na	none	WFDC1/GRIK1/CA10/IGSF21强命中BC；文献PMID39574940佐证CA10/GRIK1为BC标记	0
BTEST-run1	RET45	B	glm-5.1	Q4::14	BC	BC	BC	NAMED	majority	B	pass	pass	na	none	WFDC1/GRIK1/IGSF21/CA10四基因均独占命中BC库，无相邻类核心marker干扰	0
BTEST-run1	RET45	C	deepseek-v3.2	Q4::14	BC	BC	BC	NAMED	majority	B	pass	pass	na	none	WFDC1/GRIK1/IGSF21/CA10 命中BC marker；文献支持GRIK1/CA10为BC标记	0
BTEST-run1	RET45	A	qwen3.8-max	Q4::15	BC	BC	BC	NAMED	majority	B	pass	pass	na	none	GRIK1/PLXDC1/IGSF21强命中BC；文献支持GRIK1为OFF-BC标记	0
BTEST-run1	RET45	B	glm-5.1	Q4::15	BC	BC	BC	NAMED	majority	B	pass	pass	na	none	GRIK1/CABP5/IRX6/PLXDC1/IGSF21强命中BC，无他系混杂	0
BTEST-run1	RET45	C	deepseek-v3.2	Q4::15	BC	BC	BC	NAMED	majority	B	pass	pass	na	none	PLXDC1/GRIK1/IGSF21三BC marker强命中，无其他谱系核心marker共存	0
BTEST-run1	RET45	A	qwen3.8-max	Q4::19	BC	BC	BC	NAMED	majority	B	pass	pass	na	none	VSX1/TRPM1/BCAT1/TMEM215强命中BC marker库；文献支持TRPM1为BC标志	0
BTEST-run1	RET45	B	glm-5.1	Q4::19	BC	BC	BC	NAMED	majority	B	pass	pass	na	none	VSX1+TRPM1+CABP2+GNG13+CHN2共定位BC;无他谱系核心marker;基线相容	0
BTEST-run1	RET45	C	deepseek-v3.2	Q4::19	BC	BC	BC	NAMED	majority	C	pass	pass	na	technical_suspect	VSX1/TRPM1/BCAT1/TMEM215均命中BC marker；文献支持TRPM1为ON bipolar；但MT基因多	0
BTEST-run1	RET45	A	qwen3.8-max	Q4::23	BC	BC	BC	NAMED	majority	B	pass	pass	na	none	GRM6/TRPM1/CA10强命中BC；TTR为RPE标记但仅1基因，BC证据主导	0
BTEST-run1	RET45	B	glm-5.1	Q4::23	BC	BC	BC	NAMED	majority	B	pass	pass	na	none	GRM6/TRPM1/CA10/PCP2/GNG13/CABP5强命中BC;TTR无其他RPE标志伴行疑ambient	0
BTEST-run1	RET45	C	deepseek-v3.2	Q4::23	BC	BC	BC	NAMED	majority	C	pass	fail	na	technical_suspect	GRM6/TRPM1/CA10命中BC，但TTR共存提示谱系混合	0
BTEST-run1	RET45	A	qwen3.8-max	Q4::24	BC	BC	BC	NAMED	majority	B	pass	pass	na	none	TRPM1/VSX1/IGSF21强命中BC；文献支持ON-BC标记；无谱系混合	0
BTEST-run1	RET45	B	glm-5.1	Q4::24	BC	BC	BC	NAMED	majority	B	pass	pass	na	none	TRPM1/VSX1/BCAT1/IGSF21四基因命中BC;CABP2/GNG13/GNB3/PCP4L1文献佐证ON-BC;无他系marker	0
BTEST-run1	RET45	C	deepseek-v3.2	Q4::24	BC	BC	BC	NAMED	majority	B	pass	pass	na	none	TRPM1/VSX1/BCAT1/IGSF21 强命中BC marker；文献支持TRPM1为ON双极细胞	0
BTEST-run1	RET45	A	qwen3.8-max	Q4::29	BC	BC	BC	NAMED	majority	B	pass	pass	na	none	TRPM1/GRM6/ISL1/PRKCA/GNG13/PCP2强命中ON-BC；文献支持；无混合谱系	0
BTEST-run1	RET45	B	glm-5.1	Q4::29	BC	BC	BC	NAMED	majority	B	pass	pass	na	none	TRPM1+GRM6+PRKCA+ISL1 top4均命中BC，HC/AC/RGC核心marker缺席	0
BTEST-run1	RET45	C	deepseek-v3.2	Q4::29	BC	BC	BC	NAMED	majority	B	pass	pass	na	none	TRPM1/GRM6/ISL1/PRKCA强命中BC核心标记；HC仅ISL1弱共享	0
BTEST-run1	RET45	A	qwen3.8-max	Q4::32	MG	MG	MG	NAMED	majority	B	pass	pass	na	none	RLBP1/GLUL/VIM强命中MG；APOE/SPP1为反应性MG兼容，无互斥谱系混合	0
BTEST-run1	RET45	B	glm-5.1	Q4::32	MG	MG	MG	NAMED	majority	B	pass	pass	na	none	RLBP1/GLUL/VIM/CA2/CRABP1/RGR多核心MG marker命中;APOE/CLU/TF文献佐证;SPP1可反应性表达	0
BTEST-run1	RET45	C	deepseek-v3.2	Q4::32	MG	MG	MG	NAMED	majority	C	pass	fail	na	technical_suspect	RLBP1/VIM/GLUL强命中MG；PTGDS/APOE/SPP1共存提示谱系混合	0
BTEST-run1	RET45	A	qwen3.8-max	Q4::37	MG	MG	MG	NAMED	majority	B	pass	pass	na	none	GLUL/VIM命中MG核心marker；应激基因谱与文献MG反应态一致	0
BTEST-run1	RET45	B	glm-5.1	Q4::37	MG	MG	MG	NAMED	majority	B	pass	pass	na	none	GLUL+VIM命中MG库;HES1/CLU/RGR文献佐证(PMID34445064);GFAP/AQP4缺排除Astro	0
BTEST-run1	RET45	C	deepseek-v3.2	Q4::37	MG	MG	MG	NAMED	majority	B	pass	pass	na	none	GLUL+VIM双命中MG核心marker；HES1+CLU文献共现；排除Astro	0
BTEST-run1	RET45	A	qwen3.8-max	Q4::39	Rod	Rod	Rod	NAMED	majority	B	pass	pass	na	none	NRL/RHO/GNAT1等视杆核心marker强命中，无Cone/BC混杂	0
BTEST-run1	RET45	B	glm-5.1	Q4::39	Rod	Rod	Rod	NAMED	majority	B	pass	pass	na	none	NRL/RHO/GNAT1等top基因全为Rod核心marker，无其他谱系marker共存	0
BTEST-run1	RET45	C	deepseek-v3.2	Q4::39	Rod	Rod	Rod	NAMED	majority	B	pass	pass	na	none	NRL/RHO/GNAT1三核心marker强命中；tissue_composition相容；文献支持	0
BTEST-run1	RET45	A	qwen3.8-max	Q4::9	BC	BC	BC	NAMED	majority	B	pass	pass	na	none	GRIK1/IGSF21为OFF-BC标志，文献支持；无他谱系核心marker混杂	0
BTEST-run1	RET45	B	glm-5.1	Q4::9	BC	BC	BC	NAMED	majority	B	pass	pass	na	none	GRIK1/IGSF21 marker库命中BC;CABP5文献佐证BC(PMID39260891);无他谱系核心marker	0
BTEST-run1	RET45	C	deepseek-v3.2	Q4::9	BC	BC	BC	NAMED	majority	B	pass	pass	na	none	top基因GRIK1/IGSF21命中BC marker；无其他谱系强表达	0
BTEST-run1	RET45	A	qwen3.8-max	Q5b::13	BC	BC	BC	NAMED	majority	B	pass	pass	na	none	NPHS1/PDE1A/TENM3命中BC库；top基因符合双极细胞转录谱	0
BTEST-run1	RET45	B	glm-5.1	Q5b::13	BC	undetermined	UNDET	UNDET	coarse	C	fail	fail	na	technical_suspect	NPHS1为肾脏足细胞标志，BC经典标志缺失，疑污染	0
BTEST-run1	RET45	C	deepseek-v3.2	Q5b::13	BC	BC	BC	NAMED	coarse	B	pass	pass	na	none	NPHS1/PDE1A/TENM3命中BC marker；缺乏VSX2等核心marker	0
BTEST-run1	RET45	A	qwen3.8-max	Q5b::16	BC	BC	BC	NAMED	majority	B	pass	pass	na	none	DGKB/PDE1A/NPHS1/SLC24A3/TENM3强命中BC库；无他谱系核心marker共存	0
BTEST-run1	RET45	B	glm-5.1	Q5b::16	BC	BC	BC	NAMED	majority	B	pass	pass	na	none	5 top genes命中BC;AC/RGC/MG核心marker缺失	0
BTEST-run1	RET45	C	deepseek-v3.2	Q5b::16	BC	BC	BC	NAMED	majority	B	pass	pass	na	none	DGKB/PDE1A/NPHS1/TENM3/SLC24A3 5个BC marker命中，组成相容	0
BTEST-run1	RET45	A	qwen3.8-max	Q5b::17	BC	BC	BC	NAMED	majority	B	pass	pass	na	none	PRKCA/GRM6等8基因强命中BC库；无AC/RGC核心marker共存	0
BTEST-run1	RET45	B	glm-5.1	Q5b::17	BC	BC	BC	NAMED	majority	B	pass	pass	na	none	PRKCA/GRM6/GRM5等8基因命中BC库;AC仅CNTN5弱;无双谱系污染	0
BTEST-run1	RET45	C	deepseek-v3.2	Q5b::17	BC	BC	BC	NAMED	majority	B	pass	pass	na	none	PRKCA/ADGRL2/GRM6等8基因强命中BC marker；文献支持PRKCA在BC表达	0
BTEST-run1	RET45	A	qwen3.8-max	Q5b::19	HC	HC	HC	NAMED	majority	B	pass	pass	na	none	top25中13基因命中HC权威marker(ONECUT1/FRMPD4等)，无其他谱系核心共存	0
BTEST-run1	RET45	B	glm-5.1	Q5b::19	HC	HC	HC	NAMED	majority	B	pass	pass	na	none	13/20 top genes命中HC marker库，ONECUT1为canonical HC marker，AC仅1基因重叠可排除	0
BTEST-run1	RET45	C	deepseek-v3.2	Q5b::19	HC	HC	HC	NAMED	majority	B	pass	pass	na	none	13个top基因命中HC marker，ONECUT1核心marker，排除相邻候选	0
BTEST-run1	RET45	A	qwen3.8-max	Q5b::2	Rod	Rod	Rod	NAMED	majority	B	pass	pass	na	none	RHO/NRL/ABCA4/AIPL1/RDH8等强命中Rod，无他谱系核心marker混杂	0
BTEST-run1	RET45	B	glm-5.1	Q5b::2	Rod	Rod	Rod	NAMED	majority	B	pass	pass	na	none	RHO+NRL canonical Rod markers top2;ABCA4/AIPL1/RDH12/RDH8/RPGRIP1均rod相关;无Cone或其他谱系marker	0
BTEST-run1	RET45	C	deepseek-v3.2	Q5b::2	Rod	Rod	Rod	NAMED	majority	B	pass	pass	na	none	RHO/NRL top2+文献支持+无相邻候选冲突	0
BTEST-run1	RET45	A	qwen3.8-max	Q5b::20	HC	HC	HC	NAMED	majority	B	pass	pass	na	none	top20中12基因命中HC权威marker(ONECUT1/FRMPD4/PCSK6等)，无他谱系核心共存	0
BTEST-run1	RET45	B	glm-5.1	Q5b::20	HC	HC	HC	NAMED	majority	B	pass	pass	na	none	12/20 top genes命中HC marker库含canonical ONECUT1;AC仅ONECUT2可排除	0
BTEST-run1	RET45	C	deepseek-v3.2	Q5b::20	HC	HC	HC	NAMED	fine-cap	B	pass	pass	na	none	12个top基因命中HC marker；ONECUT1/2强表达；排除相邻候选	0
BTEST-run1	RET45	A	qwen3.8-max	Q5b::23	BC	BC	BC	NAMED	majority	B	pass	pass	na	none	DGKB/TENM3/NTNG1命中BC；ERBB4/DSCAM文献支持OFF-BC亚型	0
BTEST-run1	RET45	B	glm-5.1	Q5b::23	BC	BC	BC	NAMED	majority	B	pass	pass	na	none	DGKB/TENM3/NTNG1命中BC库;DSCAM+ERBB4为OFF-BC亚型标志(PMID39574940);相邻候选均无核心marker	0
BTEST-run1	RET45	C	deepseek-v3.2	Q5b::23	BC	coarse:BC	COARSE	COARSE	coarse	C	fail	pass	na	none	仅DGKB/TENM3/NTNG1三基因命中BC，缺核心marker，证据薄弱	0
BTEST-run1	RET45	A	qwen3.8-max	Q5b::3	Rod	Rod	Rod	NAMED	majority	B	pass	pass	na	none	RHO/NRL/ABCA4/AIPL1等视杆核心marker强命中，无其他谱系混杂	0
BTEST-run1	RET45	B	glm-5.1	Q5b::3	Rod	Rod	Rod	NAMED	majority	B	pass	pass	na	none	RHO+NRL canonical Rod markers top2;ABCA4/AIPL1/RPGRIP1/RDH12 PR基因群;Cone marker缺席	0
BTEST-run1	RET45	C	deepseek-v3.2	Q5b::3	Rod	Rod	Rod	NAMED	majority	B	pass	pass	na	none	RHO/NRL强命中Rod核心marker，文献支持，基线相容	0
BTEST-run1	RET45	A	qwen3.8-max	Q5b::31	AC	AC	AC	NAMED	majority	B	pass	pass	na	none	GRM8/FGF13/DCC/CACNA1E/SNTG1/CNTN5强命中AC(v5 n=6)，无BC/RGC/MG核心marker混杂	0
BTEST-run1	RET45	B	glm-5.1	Q5b::31	AC	AC	AC	NAMED	majority	B	pass	pass	na	none	6/20 top genes hit AC marker库(GRM8/CACNA1E/DCC/FGF13/SNTG1/CNTN5)，无其他谱系核心marker	0
BTEST-run1	RET45	C	deepseek-v3.2	Q5b::31	AC	AC	AC	NAMED	majority	B	pass	pass	na	none	GRM8/FGF13/DCC/CACNA1E等6基因强命中AC marker库	0
BTEST-run1	RET45	A	qwen3.8-max	Q5b::32	AC	AC	AC	NAMED	majority	B	pass	pass	na	none	GRM8/FGF13/OLFM3强命中AC(v5/v6);TFAP2B支持;无他谱系核心marker	0
BTEST-run1	RET45	B	glm-5.1	Q5b::32	AC	AC	AC	NAMED	majority	B	pass	pass	na	none	GRM8/FGF13/OLFM3三基因均命中AC库;TFAP2B为AC标记(PMID40660409);无他谱系核心marker冲突	0
BTEST-run1	RET45	C	deepseek-v3.2	Q5b::32	AC	AC	AC	NAMED	majority	B	pass	pass	na	none	GRM8/FGF13/OLFM3三基因命中AC marker；celltype_ranking AC第一；组成相容	0
BTEST-run1	RET45	A	qwen3.8-max	Q5b::35	AC	AC	AC	NAMED	coarse	C	unresolved	pass	na	none	仅GRM8弱命中AC，缺TFAP2A/GAD1等核心marker，证据不足	0
BTEST-run1	RET45	B	glm-5.1	Q5b::35	AC	AC	AC	NAMED	coarse	B	pass	pass	na	none	GRM8/CCDC39/SLC5A7均指向AC，无RGC/BC核心marker	0
BTEST-run1	RET45	C	deepseek-v3.2	Q5b::35	AC	undetermined	UNDET	UNDET	coarse	C	fail	pass	na	none	仅GRM8命中AC，无核心marker，证据不足	0
BTEST-run1	RET45	A	qwen3.8-max	Q5b::42	AC	AC	AC	NAMED	majority	B	pass	pass	na	none	GRIK2/ZNF804A/SLC35F3/GLCE命中AC marker库；无他谱系核心marker共存	0
BTEST-run1	RET45	B	glm-5.1	Q5b::42	AC	AC	AC	NAMED	majority	B	pass	pass	na	none	GRIK2等4基因KB命中AC;NFIA支持晚生神经元	0
BTEST-run1	RET45	C	deepseek-v3.2	Q5b::42	AC	AC	AC	NAMED	majority	B	pass	pass	na	none	GRIK2/ZNF804A/SLC35F3/GLCE 4个AC marker强表达，无其他谱系共存	0
BTEST-run1	RET45	A	qwen3.8-max	Q5b::43	BC	BC	BC	NAMED	majority	B	pass	pass	na	none	DGKB/GRM5/PDE1A/TMEM132C强命中BC；GRIK2单基因不构成交叉谱系混合	0
BTEST-run1	RET45	B	glm-5.1	Q5b::43	BC	BC	BC	NAMED	majority	B	pass	pass	na	none	6个v5 BC marker命中含GRM5;AC核心marker(GAD1/TFAP2A)缺如可排除	0
BTEST-run1	RET45	C	deepseek-v3.2	Q5b::43	BC	undetermined	UNDET	UNDET	coarse	C	pass	fail	na	technical_suspect	BC与AC核心marker共存，谱系混合疑技术双细胞	0
BTEST-run1	RET45	A	qwen3.8-max	Q5b::45	AC	AC	AC	NAMED	majority	B	pass	pass	na	none	GRIK2/SNTG1/ZNF804A命中AC marker库；无BC/RGC/MG核心marker混杂	0
BTEST-run1	RET45	B	glm-5.1	Q5b::45	AC	AC	AC	NAMED	majority	B	pass	pass	na	none	GRIK2/SNTG1/ZNF804A强命中AC，相邻RGC/BC/HC核心marker缺失	0
BTEST-run1	RET45	C	deepseek-v3.2	Q5b::45	AC	AC	AC	NAMED	majority	B	pass	pass	na	none	GRIK2/SNTG1/ZNF804A 三个AC marker命中；无相邻候选冲突	0
BTEST-run1	RET45	A	qwen3.8-max	Q5b::8	Rod	Rod	Rod	NAMED	majority	B	pass	pass	na	none	RHO/ABCA4/AIPL1/RPGRIP1强命中Rod光感受器签名，无他谱系核心marker共存	0
BTEST-run1	RET45	B	glm-5.1	Q5b::8	Rod	Rod	Rod	NAMED	majority	B	pass	pass	na	none	RHO#1+ABCA4/AIPL1/RPGRIP1强命中Rod;Cone标记(ARR3/GNAT2)缺;无他谱系marker	0
BTEST-run1	RET45	C	deepseek-v3.2	Q5b::8	Rod	Rod	Rod	NAMED	majority	B	pass	pass	na	none	RHO top1+文献确证rod-specific；无其他谱系核心marker共存	0
BTEST-run1	RET45	A	qwen3.8-max	Q7::1	BC	BC	BC	NAMED	majority	B	pass	pass	na	none	Trpm1/Grm5/Gng13/Samsn1强命中鼠ON双极细胞，无AC/RGC核心marker混杂	0
BTEST-run1	RET45	B	glm-5.1	Q7::1	BC	BC	BC	NAMED	majority	B	pass	pass	na	none	TRPM1/GRM5 canonical BC markers;6/20 genes hit BC库;AC仅1基因,可排除	0
BTEST-run1	RET45	C	deepseek-v3.2	Q7::1	BC	BC	BC	NAMED	majority	B	pass	pass	na	none	SAMSN1/GRM5/TRPM1/CDH8/NTNG1/RELN 6个BC基因强表达，AC仅CNTN1弱	0
BTEST-run1	RET45	A	qwen3.8-max	Q7::10	AC	AC	AC	NAMED	majority	B	pass	pass	na	none	Gad1+PTPRK+ROBO1强命中AC；无BC/HC/RGC核心marker混杂	0
BTEST-run1	RET45	B	glm-5.1	Q7::10	AC	AC	AC	NAMED	majority	B	pass	pass	na	none	Gad1+Ptprk+Robo1三基因命中AC;HC核心ONECUT1/3/ISL1缺→排除;无双谱系共存	0
BTEST-run1	RET45	C	deepseek-v3.2	Q7::10	AC	AC	AC	NAMED	majority	B	pass	pass	na	none	GAD1/Ptprk/Robo1命中AC marker；文献PMID:38252153佐证；排除HC/BC	0
BTEST-run1	RET45	A	qwen3.8-max	Q7::18	Rod	Rod	Rod	NAMED	majority	B	pass	pass	na	none	Rho/Gnat1/Nrl等杆体核心marker强命中，无混合谱系信号	0
BTEST-run1	RET45	B	glm-5.1	Q7::18	Rod	Rod	Rod	NAMED	majority	B	pass	pass	na	none	Rho/Gnat1/Nrl等15+杆细胞光转导基因强命中，无Cone或其他谱系marker共存	0
BTEST-run1	RET45	C	deepseek-v3.2	Q7::18	Rod	Rod	Rod	NAMED	majority	B	pass	pass	na	none	Rho/Gnat1/Nrl三核心marker强命中，排除Cone/RPE等相邻候选	0
BTEST-run1	RET45	A	qwen3.8-max	Q7::3	Micro	Micro	Micro	NAMED	majority	B	pass	pass	na	none	C1qb/Cst3/Trem2/Cx3cr1强命中鼠视网膜小胶质文献(PMID:35371110)	0
BTEST-run1	RET45	B	glm-5.1	Q7::3	Micro	Micro	Micro	NAMED	majority	B	pass	pass	na	none	C1qa/b/c+Cx3cr1+Csf1r+Trem2+Hexb全命中Micro，PMID35371110佐证	0
BTEST-run1	RET45	C	deepseek-v3.2	Q7::3	Micro	Micro	Micro	NAMED	majority	B	pass	pass	na	none	C1qb/Hexb/Tyrobp/Fcer1g/Cx3cr1 多核心marker强命中	0
BTEST-run1	RET45	A	qwen3.8-max	Q7::42	AC	AC	AC	NAMED	majority	B	pass	pass	na	none	Gad1/C1ql2/Grik2/Slc6a1强命中AC核心marker，无HC/RGC混杂	0
BTEST-run1	RET45	B	glm-5.1	Q7::42	AC	AC	AC	NAMED	majority	B	pass	pass	na	none	Gad1+C1ql2+Grik2+Slc6a1均命中AC;HC核心ONECUT1/3/ISL1缺如可排除;无双谱系marker	0
BTEST-run1	RET45	C	deepseek-v3.2	Q7::42	AC	AC	AC	NAMED	majority	B	pass	pass	na	none	Gad1/C1ql2/Grik2/Slc6a1 强命中AC marker；文献PMID 38252153支持	0
BTEST-run1	RET45	A	qwen3.8-max	Q7::46	RGC	RGC	RGC	NAMED	majority	B	pass	pass	na	none	Sncg/Ebf1/Cartpt/Thy1/Nefm为鼠RGC亚型标志,文献支持;无混合谱系证据	0
BTEST-run1	RET45	B	glm-5.1	Q7::46	RGC	RGC	RGC	NAMED	majority	B	pass	pass	na	none	Sncg/Thy1/Nefm强命中RGC，Calb2/Ebf1符合Sncg+亚型，无AC标志(PMID:38903914)	0
BTEST-run1	RET45	C	deepseek-v3.2	Q7::46	RGC	undetermined	UNDET	UNDET	coarse	C	fail	pass	na	conflicts_with_literature	Sncg/Calb2文献支持RGC但缺核心marker；THY1仅命中间质类，证据冲突	0
BTEST-run1	RET45	A	qwen3.8-max	Q7::52	RGC	AC	AC	NAMED	majority	B	pass	pass	na	none	Grin3a为AC特异marker；Sncg/Calb2/Pvalb支持AC亚群；无RGC核心marker	0
BTEST-run1	RET45	B	glm-5.1	Q7::52	RGC	coarse:RGC	COARSE	COARSE	coarse	C	unresolved	unresolved	na	candidate_biology	Sncg/Thy1/Nefm定RGC，缺Rbpms伴Calb2/Grin3a致纯度存疑	0
BTEST-run1	RET45	C	deepseek-v3.2	Q7::52	RGC	undetermined	UNDET	UNDET	coarse	C	fail	fail	na	technical_suspect	GRIN3A(AC)与THY1(Pericyte)共存，谱系混合疑点	0
BTEST-run1	RET45	A	qwen3.8-max	Q7::58	RGC	AC	AC	NAMED	coarse	B	pass	unresolved	na	none	Calb2/Tac1/Pvalb/Sncg为AC亚型标志;Thy1/Nrn1提示RGC混杂,缺GAD1/TFAP2A核心锚	0
BTEST-run1	RET45	B	glm-5.1	Q7::58	RGC	AC	AC	NAMED	coarse	B	pass	pass	na	none	Sncg/Calb2/Nrn1/Tac1强命中Sncg+AC;缺RBPMS/POU4F2排RGC	0
BTEST-run1	RET45	C	deepseek-v3.2	Q7::58	RGC	coarse:neuron	COARSE	COARSE	coarse	C	fail	pass	na	conflicts_with_literature	CHRM3命中AC但核心marker缺失；Calb2文献支持AC/RGC/HC多类；THY1串扰风险	0
BTEST-run1	RET45	A	qwen3.8-max	Q7::63	BC	BC	BC	NAMED	majority	B	pass	pass	na	none	Trpm1/Grm6/Vsx1/Isl1/Otx2强命中鼠BC(ON型)marker组合	0
BTEST-run1	RET45	B	glm-5.1	Q7::63	BC	BC	BC	NAMED	majority	B	pass	pass	na	none	Trpm1/Grm6/Vsx1/Isl1/Otx2/Cdh8六基因命中BC;HC/AC核心marker均缺	0
BTEST-run1	RET45	C	deepseek-v3.2	Q7::63	BC	BC	BC	NAMED	majority	B	pass	pass	na	none	Trpm1/Isl1/Vsx1/Grm6/Otx2/Cdh8均命中BC marker；文献支持Grm6/Isl1为ON-cone双极细胞	0
BTEST-run1	RET45	A	qwen3.8-max	Q7::8	AC	AC	AC	NAMED	majority	B	pass	pass	na	none	Gad1/Slc6a1/Tfap2b/Meis2强命中AC；无HC/RGC核心marker共存	0
BTEST-run1	RET45	B	glm-5.1	Q7::8	AC	AC	AC	NAMED	majority	B	pass	pass	na	none	Gad1+Slc6a1+Meis2+Slc32a1+Tfap2b+Pax6共定位GABAergic AC;HC可排除(无ONECUT1/3/ISL1)	0
BTEST-run1	RET45	C	deepseek-v3.2	Q7::8	AC	AC	AC	NAMED	majority	B	pass	pass	na	none	Gad1+SLC6A1+文献支持AC；无HC特异marker	0
BTEST-run2	RET45	A	qwen3.8-max	Q1::1	Rod	undetermined	UNDET	UNDET	coarse	C	fail	unresolved	na	none	top基因多为假基因/lncRNA/核糖体，无视网膜细胞类型特异性marker命中	0
BTEST-run2	RET45	B	glm-5.1	Q1::1	Rod	Rod	Rod	NAMED	coarse	B	pass	pass	na	technical_suspect	MYO9A视杆亚型标志(PMID34691611);高假基因/XIST疑污染,缺经典RHO	0
BTEST-run2	RET45	C	deepseek-v3.2	Q1::1	Rod	undetermined	UNDET	UNDET	coarse	C	fail	unresolved	na	technical_suspect	top_genes无marker库命中，多为核糖体蛋白/XIST，无细胞类型特异性证据	0
BTEST-run2	RET45	A	qwen3.8-max	Q1::4	Rod	Rod	Rod	NAMED	majority	B	pass	pass	na	none	RBP3/GNGT1/RTBDN为Rod特异marker；IMPG1光感受器表达；MT基因高符合Rod代谢特征	0
BTEST-run2	RET45	B	glm-5.1	Q1::4	Rod	Rod	Rod	NAMED	majority	B	pass	pass	na	none	RBP3/GNGT1/RTBDN强命中Rod，无Cone标记，MT富集	0
BTEST-run2	RET45	C	deepseek-v3.2	Q1::4	Rod	Rod	Rod	NAMED	majority	B	pass	pass	na	none	IMPG1/RBP3/GNGT1强光感受器marker；文献支持RBP3为photoreceptor特异分泌；无其他谱系核心marker	0
BTEST-run2	RET45	A	qwen3.8-max	Q1::9	Rod	Rod	Rod	NAMED	majority	B	pass	pass	na	none	RP1/IMPG1/GPM6B/NTM为Rod标志;HSPA1A/B/DDIT4/FOS/JUN示应激态,文献支持Rod应激亚群	0
BTEST-run2	RET45	B	glm-5.1	Q1::9	Rod	coarse:Rod	COARSE	COARSE	coarse	C	unresolved	pass	na	technical_suspect	RP1/IMPG1指光感受器，应激基因主导缺RHO/NRL	0
BTEST-run2	RET45	C	deepseek-v3.2	Q1::9	Rod	undetermined	UNDET	UNDET	coarse	C	fail	unresolved	na	technical_suspect	top基因无marker库命中，缺乏视网膜细胞类型特异性证据	0
BTEST-run2	RET45	A	qwen3.8-max	Q2::22	Astro	MG	MG	NAMED	majority	B	pass	pass	na	none	GLUL/VIM/CLU/GFAP强命中MG；GFAP为反应性标志不排斥MG	0
BTEST-run2	RET45	B	glm-5.1	Q2::22	Astro	MG	MG	NAMED	majority	B	pass	pass	na	none	GLUL+VIM命中MG;GFAP反应性上调;AQP4/SLC1A3缺排除Astro	0
BTEST-run2	RET45	C	deepseek-v3.2	Q2::22	Astro	undetermined	UNDET	UNDET	coarse	C	fail	fail	na	technical_suspect	GFAP(Astro)+GLUL(MG)核心marker共存，无法区分谱系	0
BTEST-run2	RET45	A	qwen3.8-max	Q2::27	Cone	Cone	Cone	NAMED	majority	B	pass	pass	na	none	PDE6H/ARR3/OPN1LW/GUCA1A等Cone核心marker强命中，无Rod/RPE互斥谱系混杂	0
BTEST-run2	RET45	B	glm-5.1	Q2::27	Cone	Cone	Cone	NAMED	majority	B	pass	pass	na	none	PDE6H+ARR3本地Cone marker命中top2;OPN1LW文献确证mlCone(PMID40660409);无Rod/RPE核心marker共存	0
BTEST-run2	RET45	C	deepseek-v3.2	Q2::27	Cone	Cone	Cone	NAMED	majority	B	pass	pass	na	none	PDE6H+ARR3双marker强命中，文献PMID:35315776佐证Arr3为Cone marker	0
BTEST-run2	RET45	A	qwen3.8-max	Q2::4	MG	MG	MG	NAMED	majority	B	pass	fail	na	technical_suspect	MG核心(RLBP1/GLUL/VIM)强命中，但混RHO/APOE/SPP1提示双细胞污染	0
BTEST-run2	RET45	B	glm-5.1	Q2::4	MG	MG	MG	NAMED	majority	B	pass	pass	na	none	RLBP1/VIM/GLUL 3/5 MG核心;CRABP1/CA2佐证;RHO无其他Rod核心=ambient	0
BTEST-run2	RET45	C	deepseek-v3.2	Q2::4	MG	undetermined	UNDET	UNDET	coarse	C	fail	fail	na	technical_suspect	MG核心标记RLBP1/VIM/GLUL+RHO共存，谱系互斥	0
BTEST-run2	RET45	A	qwen3.8-max	Q3::13	RGC	Rod	Rod	NAMED	majority	B	pass	fail	na	technical_suspect	RHO主导支持Rod，但NEFL/PDE6H/TTR共存提示RGC/Cone/RPE污染	0
BTEST-run2	RET45	B	glm-5.1	Q3::13	RGC	undetermined	UNDET	UNDET	coarse	C	fail	fail	na	technical_suspect	RHO(Rod)+SNCG(RGC)+TTR(RPE)核心marker共存	0
BTEST-run2	RET45	C	deepseek-v3.2	Q3::13	RGC	undetermined	UNDET	UNDET	coarse	C	fail	fail	na	technical_suspect	RHO/NEFL/PDE6H/TTR多谱系核心marker共存，技术双细胞疑点	0
BTEST-run2	RET45	A	qwen3.8-max	Q3::4	BC	BC	BC	NAMED	majority	B	pass	pass	na	none	TRPM1/GRM6/PRKCA/TMEM215/NETO1强命中BC；无他谱系核心marker共存	0
BTEST-run2	RET45	B	glm-5.1	Q3::4	BC	BC	BC	NAMED	majority	B	pass	pass	na	none	TRPM1/GRM6/PRKCA/TMEM215/ISL1/NETO1六基因共命中BC(n_shared=6);PCP2文献佐证ON-BC;无他谱系marker	0
BTEST-run2	RET45	C	deepseek-v3.2	Q3::4	BC	BC	BC	NAMED	majority	B	pass	pass	na	none	TRPM1/GRM6/PRKCA等6个top基因命中BC marker库，文献支持，组成相容	0
BTEST-run2	RET45	A	qwen3.8-max	Q3::5	BC	BC	BC	NAMED	majority	B	pass	pass	na	none	GRIK1/NETO1/TMEM215强命中BC；文献支持OFF-BC标记	0
BTEST-run2	RET45	B	glm-5.1	Q3::5	BC	BC	BC	NAMED	majority	B	pass	pass	na	none	GRIK1/NETO1/TMEM215均命中BC库；PMID39574940以NETO1+GRIK1为BC泛标志；无AC/RGC/HC等他系marker	0
BTEST-run2	RET45	C	deepseek-v3.2	Q3::5	BC	BC	BC	NAMED	majority	B	pass	pass	na	none	TMEM215/GRIK1/NETO1命中BC marker库；文献PMID:39574940证NETO1为pan-bipolar marker；无互斥谱系核心marker共存	0
BTEST-run2	RET45	A	qwen3.8-max	Q3::8	MG	MG	MG	NAMED	majority	B	pass	pass	na	none	RLBP1/GLUL/VIM强命中MG；SPP1/APOE为反应性胶质标志，无他谱系核心共存	0
BTEST-run2	RET45	B	glm-5.1	Q3::8	MG	MG	MG	NAMED	majority	B	pass	pass	na	candidate_biology	RLBP1/GLUL/VIM三核心+TF/CLU/HES1/RGR佐证MG;SPP1/APOE提示reactive态	0
BTEST-run2	RET45	C	deepseek-v3.2	Q3::8	MG	MG	MG	NAMED	majority	B	pass	pass	na	none	RLBP1/GLUL/VIM强命中MG核心marker；文献PMID:34445064支持；相邻候选可排除	0
BTEST-run2	RET45	A	qwen3.8-max	Q4::14	BC	BC	BC	NAMED	majority	B	pass	pass	na	none	WFDC1/GRIK1/IGSF21/CA10强命中BC；文献PMID39574940佐证CA10/GRIK1为BC标记	0
BTEST-run2	RET45	B	glm-5.1	Q4::14	BC	BC	BC	NAMED	majority	B	pass	pass	na	none	WFDC1/GRIK1/IGSF21/CA10均命中BC库；文献PMID39574940证GRIK1+CA10为BC标记；相邻候选可排除	0
BTEST-run2	RET45	C	deepseek-v3.2	Q4::14	BC	BC	BC	NAMED	majority	B	pass	pass	na	none	WFDC1/GRIK1/IGSF21/CA10命中BC marker；文献支持CA10/GRIK1为BC标记	0
BTEST-run2	RET45	A	qwen3.8-max	Q4::15	BC	BC	BC	NAMED	majority	B	pass	pass	na	none	GRIK1/PLXDC1/IGSF21强命中BC；文献支持GRIK1为OFF-BC标记	0
BTEST-run2	RET45	B	glm-5.1	Q4::15	BC	BC	BC	NAMED	majority	B	pass	pass	na	none	PLXDC1/GRIK1/IGSF21库命中BC;CABP5文献确证RB(PMID39260891);IRX6 BC-TF;无他类核心marker	0
BTEST-run2	RET45	C	deepseek-v3.2	Q4::15	BC	BC	BC	NAMED	majority	B	pass	pass	na	none	PLXDC1/GRIK1/IGSF21三基因命中BC marker库；无谱系冲突；组成相容	0
BTEST-run2	RET45	A	qwen3.8-max	Q4::19	BC	BC	BC	NAMED	majority	B	pass	pass	na	none	VSX1/TRPM1/BCAT1/TMEM215强命中BC；文献支持TRPM1为BC标志	0
BTEST-run2	RET45	B	glm-5.1	Q4::19	BC	BC	BC	NAMED	majority	B	pass	pass	na	none	VSX1+TRPM1双命中BC库;CABP2/GNG13文献佐证杆双极;无他谱系核心marker	0
BTEST-run2	RET45	C	deepseek-v3.2	Q4::19	BC	BC	BC	NAMED	majority	B	pass	pass	na	none	VSX1/TRPM1/BCAT1/TMEM215四基因命中BC标记，文献支持TRPM1为ON双极细胞标记	0
BTEST-run2	RET45	A	qwen3.8-max	Q4::23	BC	BC	BC	NAMED	majority	B	pass	pass	na	none	GRM6/TRPM1/CA10强命中BC；TTR单基因不抵BC三marker组合	0
BTEST-run2	RET45	B	glm-5.1	Q4::23	BC	BC	BC	NAMED	majority	B	pass	pass	na	none	GRM6/TRPM1/CA10/PCP2/CABP5/GNB3共命中BC;TTR为RPE标记但孤立不构成双谱系	0
BTEST-run2	RET45	C	deepseek-v3.2	Q4::23	BC	undetermined	UNDET	UNDET	coarse	C	fail	fail	na	technical_suspect	BC核心marker(GRM6/TRPM1/CA10)与RPE核心marker(TTR)共存，谱系互斥	0
BTEST-run2	RET45	A	qwen3.8-max	Q4::24	BC	BC	BC	NAMED	majority	B	pass	pass	na	none	TRPM1/VSX1/IGSF21强命中BC；无他谱系核心marker混杂	0
BTEST-run2	RET45	B	glm-5.1	Q4::24	BC	BC	BC	NAMED	majority	B	pass	pass	na	none	TRPM1/VSX1/BCAT1/IGSF21四基因独命中BC;GNB3/CABP2文献佐证ON-BC;无他谱系核心marker	0
BTEST-run2	RET45	C	deepseek-v3.2	Q4::24	BC	BC	BC	NAMED	majority	B	pass	pass	na	none	TRPM1/VSX1/BCAT1/IGSF21 四基因命中BC marker；文献支持TRPM1为ON双极细胞	0
BTEST-run2	RET45	A	qwen3.8-max	Q4::29	BC	BC	BC	NAMED	majority	B	pass	pass	na	none	TRPM1/GRM6/PRKCA/GNG13强命中ON-BC；无他谱系核心marker混杂	0
BTEST-run2	RET45	B	glm-5.1	Q4::29	BC	BC	BC	NAMED	majority	B	pass	pass	na	none	TRPM1/GRM6/PRKCA/ISL1四基因强命中BC；HC仅ISL1可排除；无混合谱系	0
BTEST-run2	RET45	C	deepseek-v3.2	Q4::29	BC	BC	BC	NAMED	majority	B	pass	pass	na	none	TRPM1/GRM6/ISL1/PRKCA 强命中BC标记；文献PMID:34420069支持TRPM1为ON双极细胞	0
BTEST-run2	RET45	A	qwen3.8-max	Q4::32	MG	MG	MG	NAMED	majority	B	pass	pass	na	none	RLBP1/GLUL/VIM强命中MG；APOE/SPP1为反应性MG兼容，无他系核心marker冲突	0
BTEST-run2	RET45	B	glm-5.1	Q4::32	MG	MG	MG	NAMED	majority	B	pass	pass	na	none	RLBP1/GLUL/VIM/CA2四核心marker命中;APOE/CRABP1文献佐证MG;无Micro核心marker	0
BTEST-run2	RET45	C	deepseek-v3.2	Q4::32	MG	MG	MG	NAMED	majority	B	pass	pass	na	none	RLBP1/GLUL/VIM强命中MG核心marker；文献支持；相邻候选可排除	0
BTEST-run2	RET45	A	qwen3.8-max	Q4::37	MG	MG	MG	NAMED	majority	B	pass	pass	na	none	GLUL/VIM命中MG核心marker；应激/反应性基因谱与文献MG激活态一致	0
BTEST-run2	RET45	B	glm-5.1	Q4::37	MG	MG	MG	NAMED	majority	B	pass	pass	na	none	GLUL+VIM+RGR命中MG;GFAP/AQP4缺排除Astro;应激基因符reactive MG	0
BTEST-run2	RET45	C	deepseek-v3.2	Q4::37	MG	coarse:glia	COARSE	COARSE	coarse	C	fail	pass	na	none	GLUL+VIM支持胶质身份，但缺乏MG/Astro完整marker组合	0
BTEST-run2	RET45	A	qwen3.8-max	Q4::39	Rod	Rod	Rod	NAMED	majority	B	pass	pass	na	none	NRL/RHO/GNAT1等视杆核心marker强命中，无Cone/BC混杂	0
BTEST-run2	RET45	B	glm-5.1	Q4::39	Rod	Rod	Rod	NAMED	majority	B	pass	pass	na	none	NRL/RHO/GNAT1三核心marker命中Rod库+全列杆细胞基因;无Cone等邻谱系marker	0
BTEST-run2	RET45	C	deepseek-v3.2	Q4::39	Rod	Rod	Rod	NAMED	majority	B	pass	pass	na	none	NRL/RHO/GNAT1核心标记强命中，无其他谱系标记冲突	0
BTEST-run2	RET45	A	qwen3.8-max	Q4::9	BC	BC	BC	NAMED	majority	B	pass	pass	na	none	GRIK1/IGSF21为OFF-BC标志,文献PMID:35594404支持;无混合谱系信号	0
BTEST-run2	RET45	B	glm-5.1	Q4::9	BC	BC	BC	NAMED	majority	B	pass	pass	na	none	GRIK1+IGSF21 marker库命中BC;CABP5文献确证BC(PMID39260891);无他谱系核心marker	0
BTEST-run2	RET45	C	deepseek-v3.2	Q4::9	BC	BC	BC	NAMED	majority	B	pass	pass	na	none	GRIK1/IGSF21命中BC标记；文献PMID32555229确认GRIK1为OFF双极细胞标记	0
BTEST-run2	RET45	A	qwen3.8-max	Q5b::13	BC	BC	BC	NAMED	majority	B	pass	pass	na	none	NPHS1/PDE1A/TENM3命中BC库；top基因无他类核心marker冲突	0
BTEST-run2	RET45	B	glm-5.1	Q5b::13	BC	BC	BC	NAMED	majority	B	pass	pass	na	none	NPHS1/PDE1A/TENM3 KB命中BC; DSCAM/RIMS1支持OFF BC亚型	0
BTEST-run2	RET45	C	deepseek-v3.2	Q5b::13	BC	coarse:BC	COARSE	COARSE	coarse	C	fail	pass	na	none	NPHS1/PDE1A/TENM3 命中BC但缺经典core marker	0
BTEST-run2	RET45	A	qwen3.8-max	Q5b::16	BC	BC	BC	NAMED	majority	B	pass	pass	na	none	DGKB/PDE1A/NPHS1/TENM3/SLC24A3强命中BC marker库，无他系核心marker混杂	0
BTEST-run2	RET45	B	glm-5.1	Q5b::16	BC	BC	BC	NAMED	majority	B	pass	pass	na	none	DGKB/PDE1A等5基因KB命中BC;突触基因支持;无AC/MG核心marker	0
BTEST-run2	RET45	C	deepseek-v3.2	Q5b::16	BC	coarse:BC	COARSE	COARSE	coarse	C	fail	pass	na	none	5基因命中BC但缺核心marker VSX2/GRM6/ISL1	0
BTEST-run2	RET45	A	qwen3.8-max	Q5b::17	BC	BC	BC	NAMED	majority	B	pass	pass	na	none	PRKCA/GRM6/ADGRL2等8基因强命中BC；文献支持PRKCA为rod BC标志	0
BTEST-run2	RET45	B	glm-5.1	Q5b::17	BC	BC	BC	NAMED	majority	B	pass	pass	na	none	GRM6+PRKCA canonical BC markers;7/10基因命中BC库;AC核心marker缺席	0
BTEST-run2	RET45	C	deepseek-v3.2	Q5b::17	BC	BC	BC	NAMED	majority	B	pass	pass	na	none	PRKCA/ADGRL2/GRM5/GRM6等8基因强命中BC；文献支持PRKCA为BC marker	0
BTEST-run2	RET45	A	qwen3.8-max	Q5b::19	HC	HC	HC	NAMED	majority	B	pass	pass	na	none	top20中13基因命中HC权威marker(ONECUT1/FRMPD4等)，无其他谱系核心共存	0
BTEST-run2	RET45	B	glm-5.1	Q5b::19	HC	HC	HC	NAMED	majority	B	pass	pass	na	none	13/20 top genes命中HC marker库，ONECUT1/ONECUT2双阳性，次候选AC仅1基因，无谱系冲突	0
BTEST-run2	RET45	C	deepseek-v3.2	Q5b::19	HC	HC	HC	NAMED	majority	B	pass	pass	na	none	13个top基因命中HC marker库，ONECUT1/2文献支持水平细胞	0
BTEST-run2	RET45	A	qwen3.8-max	Q5b::2	Rod	Rod	Rod	NAMED	majority	B	pass	pass	na	none	RHO/NRL/ABCA4/AIPL1/RDH8等视杆核心marker强命中，无他谱系混杂	0
BTEST-run2	RET45	B	glm-5.1	Q5b::2	Rod	Rod	Rod	NAMED	majority	B	pass	pass	na	none	RHO+NRL双canonical marker居首，ABCA4/AIPL1/RDH12/RDH8等杆特异基因支撑，无Cone或其他谱系marker	0
BTEST-run2	RET45	C	deepseek-v3.2	Q5b::2	Rod	Rod	Rod	NAMED	majority	B	pass	pass	na	none	RHO/NRL强Rod marker，文献支持，无冲突marker	0
BTEST-run2	RET45	A	qwen3.8-max	Q5b::20	HC	HC	HC	NAMED	majority	B	pass	pass	na	none	12/20 top基因命中HC权威marker(ONECUT1等)，无他系核心混杂	0
BTEST-run2	RET45	B	glm-5.1	Q5b::20	HC	HC	HC	NAMED	majority	B	pass	pass	na	none	Top12genes HC; ONECUT1/TNR; AC absent	0
BTEST-run2	RET45	C	deepseek-v3.2	Q5b::20	HC	HC	HC	NAMED	majority	B	pass	pass	na	none	12个top基因命中HC marker；ONECUT1/2文献支持；组成相容	0
BTEST-run2	RET45	A	qwen3.8-max	Q5b::23	BC	BC	BC	NAMED	majority	B	pass	pass	na	none	DGKB/TENM3/NTNG1命中BC；ERBB4文献支持BC亚型；无他谱系核心marker	0
BTEST-run2	RET45	B	glm-5.1	Q5b::23	BC	BC	BC	NAMED	majority	B	pass	pass	na	none	DGKB/NTNG1/TENM3命中BC;ERBB4/DSCAM文献支持OFF-BC;无他系混杂	0
BTEST-run2	RET45	C	deepseek-v3.2	Q5b::23	BC	coarse:BC	COARSE	COARSE	coarse	C	pass	pass	na	none	DGKB/TENM3/NTNG1命中BC marker，但证据有限	0
BTEST-run2	RET45	A	qwen3.8-max	Q5b::3	Rod	Rod	Rod	NAMED	majority	B	pass	pass	na	none	RHO/NRL/ABCA4/AIPL1等视杆核心marker强命中，无其他谱系混杂	0
BTEST-run2	RET45	B	glm-5.1	Q5b::3	Rod	Rod	Rod	NAMED	majority	B	pass	pass	na	none	RHO+NRL canonical Rod markers top2;ABCA4/AIPL1/RPGRIP1/RDH12 photoreceptor;Cone markers absent	0
BTEST-run2	RET45	C	deepseek-v3.2	Q5b::3	Rod	Rod	Rod	NAMED	majority	B	pass	pass	na	none	top_genes含RHO/NRL核心marker；文献支持；组成相容	0
BTEST-run2	RET45	A	qwen3.8-max	Q5b::31	AC	AC	AC	NAMED	majority	B	pass	pass	na	none	GRM8/FGF13/DCC/CACNA1E等6基因强命中AC marker库，无他类竞争信号	0
BTEST-run2	RET45	B	glm-5.1	Q5b::31	AC	AC	AC	NAMED	majority	B	pass	pass	na	none	6/20 top genes命中AC marker库(GRM8/CACNA1E/DCC/FGF13/SNTG1/CNTN5);无RGC/BC/HC核心marker;基线相容	0
BTEST-run2	RET45	C	deepseek-v3.2	Q5b::31	AC	AC	AC	NAMED	majority	B	pass	pass	na	none	GRM8/FGF13/DCC/CACNA1E等6基因本地库明确标记AC，无冲突谱系	0
BTEST-run2	RET45	A	qwen3.8-max	Q5b::32	AC	AC	AC	NAMED	majority	B	pass	pass	na	none	GRM8/FGF13/OLFM3三基因强命中AC；TFAP2B支持；无他谱系核心marker混杂	0
BTEST-run2	RET45	B	glm-5.1	Q5b::32	AC	AC	AC	NAMED	majority	B	pass	pass	na	none	GRM8/FGF13/OLFM3均命中AC库;TFAP2B文献佐证AC(PMID40660409);无他类marker	0
BTEST-run2	RET45	C	deepseek-v3.2	Q5b::32	AC	AC	AC	NAMED	majority	B	pass	pass	na	none	GRM8/FGF13/OLFM3三基因强命中AC marker，无谱系混合	0
BTEST-run2	RET45	A	qwen3.8-max	Q5b::35	AC	coarse:AC	COARSE	COARSE	coarse	C	unresolved	pass	na	none	仅GRM8弱命中AC，缺GAD1/GAD2/SLC6A9等核心marker	0
BTEST-run2	RET45	B	glm-5.1	Q5b::35	AC	AC	AC	NAMED	majority	B	pass	pass	na	none	GRM8/CCDC39/SLC5A7均指向AC，无他系marker	0
BTEST-run2	RET45	C	deepseek-v3.2	Q5b::35	AC	undetermined	UNDET	UNDET	coarse	C	fail	pass	na	none	仅GRM8弱命中AC，无核心marker支持，证据不足定类	0
BTEST-run2	RET45	A	qwen3.8-max	Q5b::42	AC	AC	AC	NAMED	majority	B	pass	pass	na	none	GRIK2/ZNF804A/SLC35F3/GLCE命中AC v5面板;top基因无他类核心marker冲突	0
BTEST-run2	RET45	B	glm-5.1	Q5b::42	AC	AC	AC	NAMED	majority	B	pass	pass	na	none	GRIK2+3基因命中AC库;RGC/BC/HC/MG核心marker均缺席可排除	0
BTEST-run2	RET45	C	deepseek-v3.2	Q5b::42	AC	AC	AC	NAMED	majority	B	pass	pass	na	none	GRIK2/ZNF804A/SLC35F3/GLCE命中AC；相邻候选排除；文献支持	0
BTEST-run2	RET45	A	qwen3.8-max	Q5b::43	BC	BC	BC	NAMED	majority	B	pass	pass	na	none	DGKB/TMEM132C/PDE1A/GRM5/TENM3强命中BC；GRIK2单基因AC信号不足改判	0
BTEST-run2	RET45	B	glm-5.1	Q5b::43	BC	coarse:BC	COARSE	COARSE	coarse	B	pass	unresolved	na	none	Top基因强命中BC数据驱动marker(DGKB/PDE1A/GRM5)，缺经典marker(VSX2/GRM6)，给粗标签	0
BTEST-run2	RET45	C	deepseek-v3.2	Q5b::43	BC	BC	BC	NAMED	majority	B	pass	pass	na	none	DGKB/TMEM132C/PDE1A/GRM5等6基因命中BC marker；GRIK2等3基因命中AC但非主导	0
BTEST-run2	RET45	A	qwen3.8-max	Q5b::45	AC	AC	AC	NAMED	majority	B	pass	pass	na	none	GRIK2/SNTG1/ZNF804A命中AC marker库；无BC/RGC/MG核心marker混杂	0
BTEST-run2	RET45	B	glm-5.1	Q5b::45	AC	AC	AC	NAMED	majority	B	pass	pass	na	none	GRIK2/SNTG1/ZNF804A KB命中AC;SOX5文献支持GABA-AC;无他系marker	0
BTEST-run2	RET45	C	deepseek-v3.2	Q5b::45	AC	AC	AC	NAMED	majority	B	pass	pass	na	none	GRIK2/SNTG1/ZNF804A三AC marker强命中，无其他谱系核心marker	0
BTEST-run2	RET45	A	qwen3.8-max	Q5b::8	Rod	Rod	Rod	NAMED	majority	B	pass	pass	na	none	RHO/ABCA4/AIPL1/RPGRIP1强命中Rod光感受器签名，无他谱系核心marker共存	0
BTEST-run2	RET45	B	glm-5.1	Q5b::8	Rod	Rod	Rod	NAMED	majority	B	pass	pass	na	none	RHO#1+ABCA4/AIPL1/RPGRIP1强命中Rod;Cone标记零检出;基线相容	0
BTEST-run2	RET45	C	deepseek-v3.2	Q5b::8	Rod	coarse:photoreceptor	COARSE	COARSE	coarse	C	pass	fail	na	none	RHO强Rod marker但其他核心marker缺失，分辨率不足	0
BTEST-run2	RET45	A	qwen3.8-max	Q7::1	BC	BC	BC	NAMED	majority	B	pass	pass	na	none	Trpm1/Grm5/Gng13/Cck等强命中鼠ON双极细胞marker，6基因共支持BC	0
BTEST-run2	RET45	B	glm-5.1	Q7::1	BC	BC	BC	NAMED	majority	B	pass	pass	na	none	TRPM1/GRM5等6基因命中BC marker库，CNTN5仅1基因弱连AC，无其他谱系核心marker共存	0
BTEST-run2	RET45	C	deepseek-v3.2	Q7::1	BC	coarse:BC	COARSE	COARSE	coarse	C	pass	fail	na	technical_suspect	6个BC基因但缺核心marker；5431细胞可能谱系混合	0
BTEST-run2	RET45	A	qwen3.8-max	Q7::10	AC	AC	AC	NAMED	majority	B	pass	pass	na	none	Gad1+PTPRK+ROBO1强命中AC；无BC/HC核心marker共存	0
BTEST-run2	RET45	B	glm-5.1	Q7::10	AC	AC	AC	NAMED	majority	B	pass	pass	na	none	GAD1+PTPRK+ROBO1三基因命中AC;无HC/BC核心marker可排除相邻	0
BTEST-run2	RET45	C	deepseek-v3.2	Q7::10	AC	AC	AC	NAMED	majority	B	pass	pass	na	none	PTPRK/GAD1/ROBO1命中AC marker；无其他谱系核心共存	0
BTEST-run2	RET45	A	qwen3.8-max	Q7::18	Rod	Rod	Rod	NAMED	majority	B	pass	pass	na	none	Top基因Rho/Gnat1/Nrl等强命中鼠Rod核心marker，无混合谱系证据	0
BTEST-run2	RET45	B	glm-5.1	Q7::18	Rod	Rod	Rod	NAMED	majority	B	pass	pass	na	none	Rho/Gnat1/Nrl三canonical Rod marker top3命中，全top20为杆细胞光转导基因，无他谱系marker	0
BTEST-run2	RET45	C	deepseek-v3.2	Q7::18	Rod	Rod	Rod	NAMED	fine-cap	B	pass	pass	na	none	Rho/Gnat1/Nrl三核心标记强命中，文献佐证视杆特异性	0
BTEST-run2	RET45	A	qwen3.8-max	Q7::3	Micro	Micro	Micro	NAMED	majority	B	pass	pass	na	none	C1qb/Cst3/Trem2/Cx3cr1强命中鼠视网膜小胶质，文献佐证保守	0
BTEST-run2	RET45	B	glm-5.1	Q7::3	Micro	Micro	Micro	NAMED	majority	B	pass	pass	na	none	C1qb/C1qa/C1qc+Hexb+Tyrobp+Cx3cr1+Csf1r+Trem2全指向小胶质，无他谱系marker共存	0
BTEST-run2	RET45	C	deepseek-v3.2	Q7::3	Micro	Micro	Micro	NAMED	majority	B	pass	pass	na	none	C1qb/Hexb/Tyrobp/Fcer1g/Trem2强表达，排除其他视网膜细胞	0
BTEST-run2	RET45	A	qwen3.8-max	Q7::42	AC	AC	AC	NAMED	majority	B	pass	pass	na	none	Gad1/C1ql2/Grik2/Slc6a1强命中AC；无BC/RGC/MG混杂标记	0
BTEST-run2	RET45	B	glm-5.1	Q7::42	AC	AC	AC	NAMED	majority	B	pass	pass	na	none	Gad1+C1ql2+Grik2+Slc6a1四基因命中AC;HC仅共享Gad1可排除	0
BTEST-run2	RET45	C	deepseek-v3.2	Q7::42	AC	AC	AC	NAMED	majority	B	pass	pass	na	none	Gad1/C1ql2/Grik2/Slc6a1命中AC marker；文献PMID:38252153支持	0
BTEST-run2	RET45	A	qwen3.8-max	Q7::46	RGC	RGC	RGC	NAMED	majority	B	pass	pass	na	none	Sncg/Calb2/Ebf1/Cartpt/Thy1/Nefm强支持鼠RGC亚型，无他谱系核心marker混杂	0
BTEST-run2	RET45	B	glm-5.1	Q7::46	RGC	RGC	RGC	NAMED	majority	B	pass	pass	na	none	Sncg/Thy1/Nefm强命中RGC(PMID:32523990);排除AC/BC/HC	0
BTEST-run2	RET45	C	deepseek-v3.2	Q7::46	RGC	RGC	RGC	NAMED	majority	B	pass	pass	na	none	Sncg/Thy1文献支持RGC marker；Nefm/Stmn2神经元相关	0
BTEST-run2	RET45	A	qwen3.8-max	Q7::52	RGC	AC	AC	NAMED	majority	B	pass	pass	na	none	Grin3a为AC权威marker；Calb2/Pvalb/Sncg支持AC亚型；无RGC/BC核心冲突	0
BTEST-run2	RET45	B	glm-5.1	Q7::52	RGC	RGC	RGC	NAMED	majority	B	pass	pass	na	none	Sncg/Thy1/Nefm强命中RGC；缺Gad1/Gad2/Tfap2a排除AC；Calb2/Grin3a与RGC相容	0
BTEST-run2	RET45	C	deepseek-v3.2	Q7::52	RGC	coarse:interneuron	COARSE	COARSE	coarse	C	fail	pass	na	none	仅GRIN3A命中AC marker，无核心marker表达，证据弱	0
BTEST-run2	RET45	A	qwen3.8-max	Q7::58	RGC	AC	AC	NAMED	coarse	B	pass	unresolved	na	none	Calb2/Pvalb/Tac1支持AC；Sncg/Thy1/Nrn1提示RGC混杂，分辨率不足	0
BTEST-run2	RET45	B	glm-5.1	Q7::58	RGC	coarse:RGC	COARSE	COARSE	coarse	C	unresolved	pass	na	none	Sncg/Thy1/Nefm强指RGC，缺Rbpms/Pou4f2致粗判	0
BTEST-run2	RET45	C	deepseek-v3.2	Q7::58	RGC	coarse:neuron	COARSE	COARSE	coarse	C	fail	fail	na	none	仅CHRM3命中AC，缺乏核心marker；神经元特征但无法精确定位	0
BTEST-run2	RET45	A	qwen3.8-max	Q7::63	BC	BC	BC	NAMED	majority	B	pass	pass	na	none	Trpm1/Grm6/Vsx1/Isl1/Otx2强命中鼠视网膜BC；无AC/HC/RGC核心marker混杂	0
BTEST-run2	RET45	B	glm-5.1	Q7::63	BC	BC	BC	NAMED	majority	B	pass	pass	na	none	Trpm1/Grm6/Vsx1/Isl1/Otx2/Cdh8六基因命中BC;HC仅ISL1可排除	0
BTEST-run2	RET45	C	deepseek-v3.2	Q7::63	BC	BC	BC	NAMED	majority	B	pass	pass	na	none	Trpm1/Isl1/Vsx1/Grm6/Otx2/CDH8 6个BC marker强命中；文献支持Grm6/Isl1为BC标志	0
BTEST-run2	RET45	A	qwen3.8-max	Q7::8	AC	AC	AC	NAMED	majority	B	pass	pass	na	none	Gad1/Slc6a1/Tfap2b/Pax6强命中AC；无HC/BC/RGC核心marker共存	0
BTEST-run2	RET45	B	glm-5.1	Q7::8	AC	AC	AC	NAMED	majority	B	pass	pass	na	none	Gad1/Slc6a1/Slc32a1强命中，Tfap2b/Pax6支持，HC标志缺失	0
BTEST-run2	RET45	C	deepseek-v3.2	Q7::8	AC	AC	AC	NAMED	majority	B	pass	pass	na	none	Gad1/Slc6a1命中AC核心marker；文献PMID38252153支持Gad1为AC marker	0
KB9	Q6-25	A	qwen3.8-max	Q6::11	Endothelium	Endothelium	Endothelium	NAMED	majority	B	pass	pass	na	none	PECAM1/CLDN5/EMCN/FLT1内皮marker，kb与lit支持Endo	0
KB9	Q6-25	B	glm-5.1	Q6::11	Endothelium	Endothelium	Endothelium	NAMED	majority	B	pass	pass	na	none	PECAM1/CLDN5/FLT1/EMCN强命中血管内皮	0
KB9	Q6-25	C	deepseek-v3.2	Q6::11	Endothelium	Endothelium	Endothelium	NAMED	majority	B	pass	pass	na	none	top_genes PECAM1/CLDN5/FLT1 与 kb_celltype_ranking Endo 一致	0
KB9	Q6-25	A	qwen3.8-max	Q6::13	Fibroblasts	Fibroblasts	Fibroblasts	NAMED	majority	B	pass	pass	na	none	VIM/APOD/MGP等间质marker，kb与lit均指向角膜基质细胞	0
KB9	Q6-25	B	glm-5.1	Q6::13	Fibroblasts	Fibroblasts	Fibroblasts	NAMED	coarse	B	pass	pass	na	none	APOD/FBLN1/PRELP强，KB指Keratocytes，词表限Fibroblasts	0
KB9	Q6-25	C	deepseek-v3.2	Q6::13	Fibroblasts	Keratocytes	Keratocytes	NAMED	majority	B	pass	pass	na	none	top_genes APOD/VIM/MGP 与文献 Keratocytes 证据一致	0
KB9	Q6-25	A	qwen3.8-max	Q6::15	Fibroblasts	Fibroblasts	Fibroblasts	NAMED	majority	B	pass	pass	na	none	KERA/ALDH3A1/VIM强命中角膜基质细胞，kb与lit一致支持	0
KB9	Q6-25	B	glm-5.1	Q6::15	Fibroblasts	Fibroblasts	Fibroblasts	NAMED	coarse	B	pass	pass	na	none	KERA/ALDH3A1强，KB指Keratocytes，词表限Fibroblasts	0
KB9	Q6-25	C	deepseek-v3.2	Q6::15	Fibroblasts	Keratocytes	Keratocytes	NAMED	majority	B	pass	pass	na	none	top_genes APOD/KERA/ALDH3A1 与 kb_celltype_ranking Keratocytes 一致	0
KB9	Q6-25	A	qwen3.8-max	Q6::16	Fibroblasts	coarse:Fibroblasts	COARSE	COARSE	coarse	C	unresolved	pass	na	none	VIM/MMP/COL提示间质，但无kb/lit且NMB/CTSK混杂，分辨率不足	0
KB9	Q6-25	B	glm-5.1	Q6::16	Fibroblasts	Fibroblasts	Fibroblasts	NAMED	coarse	B	pass	pass	na	none	MMP1/MMP3/CTSK/VIM/COL6A3强命中成纤维	0
KB9	Q6-25	C	deepseek-v3.2	Q6::16	Fibroblasts	Fibroblasts	Fibroblasts	NAMED	coarse	C	pass	unresolved	na	out_of_baseline_coverage	top_genes含MMP3、MMP1、COL6A3等成纤维细胞相关基因，无其他谱系强marker	0
KB9	Q6-25	A	qwen3.8-max	Q6::17	Schwann Cells	Schwann Cells	Schwann Cells	NAMED	majority	B	pass	pass	na	none	PLP1/S100B/NRXN1/GPM6B/CDH19强命中施万细胞，kb与文献支持	0
KB9	Q6-25	B	glm-5.1	Q6::17	Schwann Cells	Schwann Cells	Schwann Cells	NAMED	fine-cap	B	pass	pass	na	none	CDH19/S100B/PLP1/NRXN1及文献支持施万细胞	0
KB9	Q6-25	C	deepseek-v3.2	Q6::17	Schwann Cells	Schwann Cells	Schwann Cells	NAMED	majority	B	pass	pass	na	none	top_genes含PLP1、GPM6B、S100B等施万细胞标志，kb_celltype_ranking与文献支持	0
KB9	Q6-25	A	qwen3.8-max	Q6::18	Fibroblasts	undetermined	UNDET	UNDET	coarse	C	fail	unresolved	na	candidate_biology	分泌/基质基因混合(PLA2G2A,SAA1,MYOC)，无kb/lit，无法定类	0
KB9	Q6-25	B	glm-5.1	Q6::18	Fibroblasts	Fibroblasts	Fibroblasts	NAMED	majority	B	pass	unresolved	na	candidate_biology	MYOC/ANGPTL7/COL8A1高，提示眼表成纤维/小梁网	0
KB9	Q6-25	C	deepseek-v3.2	Q6::18	Fibroblasts	undetermined	UNDET	UNDET	coarse	C	unresolved	pass	na	none	top_genes 无明确谱系标记；无kb_hits/lit；身份证据不足	0
KB9	Q6-25	A	qwen3.8-max	Q6::19	Fibroblasts	Fibroblasts	Fibroblasts	NAMED	majority	B	pass	pass	na	none	COL1A1/COL1A2/VIM/SPARC强支持成纤维细胞谱系	0
KB9	Q6-25	B	glm-5.1	Q6::19	Fibroblasts	Fibroblasts	Fibroblasts	NAMED	majority	B	pass	pass	na	candidate_biology	COL1A1/COL3A1/VIM强命中，HSP提示应激或Myofibroblast	0
KB9	Q6-25	C	deepseek-v3.2	Q6::19	Fibroblasts	Fibroblasts	Fibroblasts	NAMED	majority	B	pass	pass	na	none	top_genes COL1A1/COL1A2/COL3A1/SPARC 强成纤维标记；kb_celltype_ranking 与 lit 一致	0
KB9	Q6-25	A	qwen3.8-max	Q6::2	Epithelium	Epithelium	Epithelium	NAMED	majority	B	pass	pass	na	none	KRT13/KRT4/AQP5结膜上皮marker，kb排名basal与suprabasal共存	0
KB9	Q6-25	B	glm-5.1	Q6::2	Epithelium	Epithelium	Epithelium	NAMED	majority	B	pass	pass	na	candidate_biology	KRT13/KRT4指示结膜上皮，S100A8/9提示炎症	0
KB9	Q6-25	C	deepseek-v3.2	Q6::2	Epithelium	Epithelium	Epithelium	NAMED	coarse	C	pass	pass	na	none	top_genes KRT13/KRT19/KRT4 上皮标记；kb_celltype_ranking 混合 basal/suprabasal，证据不足细分	0
KB9	Q6-25	A	qwen3.8-max	Q6::20	Epithelium	Epithelium	Epithelium	NAMED	majority	B	pass	pass	na	none	KRT12/KRT3/KRT14/ALDH3A1强支持角膜上皮，词表取Epithelium	0
KB9	Q6-25	B	glm-5.1	Q6::20	Epithelium	Epithelium	Epithelium	NAMED	majority	B	pass	pass	na	none	KRT12/KRT3强指示角膜上皮，词表Epithelium	0
KB9	Q6-25	C	deepseek-v3.2	Q6::20	Epithelium	Epithelium	Epithelium	NAMED	coarse	C	pass	pass	na	none	top_genes KRT12/KRT14/KRT3 强上皮标记；无 kb/lit 细分证据，给 coarse	0
KB9	Q6-25	A	qwen3.8-max	Q6::21	Fibroblasts	Fibroblasts	Fibroblasts	NAMED	majority	B	pass	pass	na	none	KERA/COL5A2/COL6A3/PDGFD强支持角膜基质细胞，属Fibroblasts	0
KB9	Q6-25	B	glm-5.1	Q6::21	Fibroblasts	coarse:Fibroblasts	COARSE	COARSE	coarse	B	pass	pass	na	none	KERA/ALDH3A1强指示Keratocytes，词表限用Fibroblasts	0
KB9	Q6-25	C	deepseek-v3.2	Q6::21	Fibroblasts	Keratocytes	Keratocytes	NAMED	majority	B	pass	pass	na	none	top_genes KERA/APOD/COL5A2/COL6A3 强命中；kb_celltype_ranking 与 lit 一致	0
KB9	Q6-25	A	qwen3.8-max	Q6::22	Fibroblasts	Fibroblasts	Fibroblasts	NAMED	majority	B	pass	pass	na	none	KERA/VIM/COL1A2/FN1支持角膜基质细胞/成纤维细胞，文献一致	0
KB9	Q6-25	B	glm-5.1	Q6::22	Fibroblasts	Fibroblasts	Fibroblasts	NAMED	majority	B	pass	unresolved	na	candidate_biology	KERA/APOD/ANGPTL7高表达，文献支持角膜基质细胞	0
KB9	Q6-25	C	deepseek-v3.2	Q6::22	Fibroblasts	Fibroblasts	Fibroblasts	NAMED	coarse	B	pass	pass	na	none	top_genes KERA/COL1A2/VIM 间质标记；kb_ranking 与 lit 支持成纤维细胞	0
KB9	Q6-25	A	qwen3.8-max	Q6::24	Pericytes	Smooth Muscle Cells	Smooth Muscle Cells	NAMED	majority	B	pass	pass	na	none	ACTA2/TAGLN/MYL9/TPM2平滑肌核心marker共表达，无谱系冲突	0
KB9	Q6-25	B	glm-5.1	Q6::24	Pericytes	Smooth Muscle Cells	Smooth Muscle Cells	NAMED	majority	B	pass	pass	na	none	ACTA2/TAGLN/MYL9/TPM2强命中平滑肌	0
KB9	Q6-25	C	deepseek-v3.2	Q6::24	Pericytes	coarse:Fibroblasts	COARSE	COARSE	coarse	C	pass	pass	na	none	top_genes TAGLN/ACTA2/MYL9 提示肌成纤维/成纤维，无精细证据	0
KB9	Q6-25	A	qwen3.8-max	Q6::25	Melanocytes	Melanocytes	Melanocytes	NAMED	majority	B	pass	pass	na	none	TYR/TYRP1/PMEL/MLANA/MITF强命中黑素细胞，文献支持	0
KB9	Q6-25	B	glm-5.1	Q6::25	Melanocytes	Melanocytes	Melanocytes	NAMED	fine-cap	B	pass	pass	na	none	TYRP1/PMEL/DCT/MLANA/MITF/TYR经典marker及文献支持	0
KB9	Q6-25	C	deepseek-v3.2	Q6::25	Melanocytes	Melanocytes	Melanocytes	NAMED	majority	B	pass	pass	na	none	top_genes强表达TYRP1、PMEL、DCT、MLANA等黑色素细胞标志物，文献支持	0
KB9	Q6-25	A	qwen3.8-max	Q6::26	Immune Cells	Immune Cells	Immune Cells	NAMED	coarse	B	pass	pass	na	none	CXCL8/CCL3/HLA-DR/TYROBP强免疫标记，kb指向巨噬/单核	0
KB9	Q6-25	B	glm-5.1	Q6::26	Immune Cells	coarse:Immune Cells	COARSE	COARSE	coarse	B	pass	pass	na	none	CXCL8/IL1B/HLA-DRA/CD74强命中，属免疫细胞	0
KB9	Q6-25	C	deepseek-v3.2	Q6::26	Immune Cells	Immune Cells	Immune Cells	NAMED	coarse	C	pass	pass	na	none	top_genes 含 HLA-DR, CD74, CCL3/4, CXCL8 等免疫激活基因；kb_ranking 指向 Mac/Mono	0
KB9	Q6-25	A	qwen3.8-max	Q6::28	Fibroblasts	Fibroblasts	Fibroblasts	NAMED	majority	B	pass	pass	na	none	KERA/ALDH3A1/APOD为角膜基质细胞标志，kb与文献一致支持	0
KB9	Q6-25	B	glm-5.1	Q6::28	Fibroblasts	coarse:Fibroblasts	COARSE	COARSE	coarse	B	pass	pass	na	none	KERA/ALDH3A1/ANGPTL7强命中角膜基质细胞(属成纤维)	0
KB9	Q6-25	C	deepseek-v3.2	Q6::28	Fibroblasts	coarse:Keratocytes	COARSE	COARSE	coarse	C	pass	unresolved	na	out_of_baseline_coverage	top_genes含KERA、ALDH3A1等角膜基质细胞标志，kb_celltype_ranking支持	0
KB9	Q6-25	A	qwen3.8-max	Q6::29	Epithelium	Epithelium	Epithelium	NAMED	majority	B	pass	pass	na	none	KRT12/13/3及CLDN4强上皮标记，kb命中结膜基底上皮	0
KB9	Q6-25	B	glm-5.1	Q6::29	Epithelium	coarse:Epithelium	COARSE	COARSE	coarse	B	pass	pass	na	none	KRT13/12/3/19等角蛋白高表达，文献支持上皮	0
KB9	Q6-25	C	deepseek-v3.2	Q6::29	Epithelium	Epithelium	Epithelium	NAMED	coarse	C	pass	pass	na	none	top_genes 含 KRT12/13/3/19, CLDN4, FABP5 等上皮 marker；kb_ranking 指向结膜上皮	0
KB9	Q6-25	A	qwen3.8-max	Q6::3	Epithelium	Epithelium	Epithelium	NAMED	majority	B	pass	pass	na	none	S100A8/A9及KRT6A/16/17支持应激/基底上上皮，文献命中	0
KB9	Q6-25	B	glm-5.1	Q6::3	Epithelium	Epithelium	Epithelium	NAMED	majority	B	pass	unresolved	na	candidate_biology	KRT6A/16/17及SPRR高，S100A8/9提示炎症上皮	0
KB9	Q6-25	C	deepseek-v3.2	Q6::3	Epithelium	Epithelium	Epithelium	NAMED	majority	B	pass	pass	na	none	top_genes S100A9/S100A8/KRT6A/KRT17 强上皮/角化标记；kb_ranking 支持结膜上皮	0
KB9	Q6-25	A	qwen3.8-max	Q6::30	Epithelium	Epithelium	Epithelium	NAMED	majority	B	pass	unresolved	na	candidate_biology	KRT/S100A8/A9上皮伴炎症标记，SAA2提示应激态	0
KB9	Q6-25	B	glm-5.1	Q6::30	Epithelium	undetermined	UNDET	UNDET	coarse	C	unresolved	fail	na	technical_suspect	S100A8/A9与KRT19/7共存，双谱系混合疑为双细胞	0
KB9	Q6-25	C	deepseek-v3.2	Q6::30	Epithelium	Epithelium	Epithelium	NAMED	coarse	C	pass	pass	na	none	top_genes 含 KRT7/13/15/19, UPK3BL1；kb_ranking 指向结膜上皮基底/基底上层	0
KB9	Q6-25	A	qwen3.8-max	Q6::31	Fibroblasts	coarse:Fibroblasts	COARSE	COARSE	coarse	C	unresolved	pass	na	none	ANGPTL7/FBLN1/MGP提示间质，但无kb/lit且PLA2G2A/SAA1混杂	0
KB9	Q6-25	B	glm-5.1	Q6::31	Fibroblasts	coarse:Fibroblasts	COARSE	COARSE	coarse	B	pass	pass	na	candidate_biology	MYOC/ANGPTL7/MGP/FBLN1提示小梁网或特化成纤维	0
KB9	Q6-25	C	deepseek-v3.2	Q6::31	Fibroblasts	undetermined	UNDET	UNDET	coarse	C	fail	unresolved	na	conflicts_with_literature	top_genes混杂（PLA2G2A、MGP、SERPINA3等），无明确谱系特异性marker，身份证据不足	0
KB9	Q6-25	A	qwen3.8-max	Q6::32	Smooth Muscle Cells	Smooth Muscle Cells	Smooth Muscle Cells	NAMED	majority	B	pass	pass	na	none	ACTA2/MYH11/MYL9/TAGLN/DES平滑肌核心标记共表达	0
KB9	Q6-25	B	glm-5.1	Q6::32	Smooth Muscle Cells	Smooth Muscle Cells	Smooth Muscle Cells	NAMED	majority	B	pass	pass	na	none	ACTA2/MYH11/TAGLN/DES高表达，平滑肌特征明确	0
KB9	Q6-25	C	deepseek-v3.2	Q6::32	Smooth Muscle Cells	Smooth Muscle Cells	Smooth Muscle Cells	NAMED	majority	B	pass	pass	na	none	top_genes 含 ACTA2, MYH11, TAGLN, MYL9, TPM1/2 等平滑肌收缩蛋白	0
KB9	Q6-25	A	qwen3.8-max	Q6::33	Fibroblasts	Fibroblasts	Fibroblasts	NAMED	majority	B	pass	pass	na	none	COL1A1/A2/KERA/SPARC/BGN强支持成纤维细胞/角膜细胞，文献一致	0
KB9	Q6-25	B	glm-5.1	Q6::33	Fibroblasts	Fibroblasts	Fibroblasts	NAMED	majority	B	pass	unresolved	na	candidate_biology	COL1A1/COL1A2/BGN高，含KERA/ANGPTL7，成纤维细胞	0
KB9	Q6-25	C	deepseek-v3.2	Q6::33	Fibroblasts	Fibroblasts	Fibroblasts	NAMED	majority	B	pass	pass	na	none	top_genes COL1A1/COL1A2/SPARC 强胶原/间质标记；kb_ranking 与 lit 支持成纤维细胞	0
KB9	Q6-25	A	qwen3.8-max	Q6::4	Epithelium	Epithelium	Epithelium	NAMED	majority	B	pass	pass	na	none	KRT15/KRT14/KRT19基底上皮marker，文献支持结膜基底上皮	0
KB9	Q6-25	B	glm-5.1	Q6::4	Epithelium	Epithelium	Epithelium	NAMED	majority	B	pass	pass	na	none	KRT15/KRT19及kb支持结膜基底上皮，词表Epithelium	0
KB9	Q6-25	C	deepseek-v3.2	Q6::4	Epithelium	Epithelium	Epithelium	NAMED	coarse	C	pass	pass	na	none	top_genes KRT15/KRT14/KRT19 基底上皮标记；kb_celltype_ranking 支持 Conj_epithelium_basal	0
KB9	Q6-25	A	qwen3.8-max	Q6::5	Epithelium	Epithelium	Epithelium	NAMED	majority	B	pass	pass	na	none	KRT12/14/15/19及DSG3强支持角膜/结膜上皮，文献一致	0
KB9	Q6-25	B	glm-5.1	Q6::5	Epithelium	Epithelium	Epithelium	NAMED	majority	B	pass	pass	na	none	KRT12/14/15/19高表达，文献支持结膜上皮基底细胞	0
KB9	Q6-25	C	deepseek-v3.2	Q6::5	Epithelium	Epithelium	Epithelium	NAMED	majority	B	pass	pass	na	none	top_genes KRT12/KRT15/KRT19 强上皮标记；kb_ranking 指向结膜上皮基底	0
KB9	Q6-25	A	qwen3.8-max	Q6::6	Epithelium	Epithelium	Epithelium	NAMED	majority	B	pass	pass	na	none	KRT14/KRT12/S100A2/CLDN4为角膜上皮典型marker组合	0
KB9	Q6-25	B	glm-5.1	Q6::6	Epithelium	Epithelium	Epithelium	NAMED	majority	B	pass	pass	na	none	KRT14/KRT12/S100A2/DSG3强命中上皮	0
KB9	Q6-25	C	deepseek-v3.2	Q6::6	Epithelium	Epithelium	Epithelium	NAMED	majority	B	pass	pass	na	none	top_genes KRT14/KRT12/ALDH3A1 为角膜上皮特征	0
KB9	Q6-25	A	qwen3.8-max	Q6::7	Endothelium	Endothelium	Endothelium	NAMED	majority	B	pass	pass	na	none	CCL21/LYVE1/MMRN1/CLDN5淋巴管内皮标记，kb命中内皮	0
KB9	Q6-25	B	glm-5.1	Q6::7	Endothelium	coarse:Endothelium	COARSE	COARSE	coarse	B	pass	pass	na	none	CLDN5/LYVE1/CCL21强表达，确证内皮身份	0
KB9	Q6-25	C	deepseek-v3.2	Q6::7	Endothelium	Endothelium	Endothelium	NAMED	majority	B	pass	pass	na	none	top_genes 含 CLDN5, VIM, LYVE1, TFPI；kb_ranking 与 lit 均支持内皮身份	0
