term	gene	cpm_target	det_target	pool_target	neighbor	nbr_level	pool_nbr	cpm_nbr	lfc	donor_cons	donor_valid	nbr_ok
Melanocyte	TRPM1	1550.1	0.830	7209	Keratocytes	group	103738	1.94	9.046	1.0	34	ok
Melanocyte	TRPM1	1550.1	0.830	7209	Fibroblast-stroma	group	126500	1.06	9.556	1.0	42	ok
Melanocyte	TRPM1	1550.1	0.830	7209	Pericytes	group	37530	0.35	10.164	1.0	38	ok
Melanocyte	TRPM1	1550.1	0.830	7209	Epithelium	group	250323	1.96	9.034	1.0	43	ok
Melanocyte	TRPM1	1550.1	0.830	7209	Endothelium	group	33262	1.32	9.386	1.0	45	ok
Melanocyte	TRPM1	1550.1	0.830	7209	Immune	group	10003	0.95	9.633	1.0	46	ok
Melanocyte	TRPM1	1550.1	0.830	7209	Schwann	group	6059	1.42	9.321	1.0	35	ok
Melanocyte	TRPM1	1550.1	0.830	7209	SMC	group	2801	2.49	8.797			ok
Melanocyte	TRPM1	1550.1	0.830	7209	CornealEndo	group	432	1.09	9.535			ok
Melanocyte	MLANA	1944.9	0.927	7209	Keratocytes	group	103738	1.53	9.590	1.0	34	ok
Melanocyte	MLANA	1944.9	0.927	7209	Fibroblast-stroma	group	126500	1.63	9.531	1.0	42	ok
Melanocyte	MLANA	1944.9	0.927	7209	Pericytes	group	37530	0.89	10.009	1.0	38	ok
Melanocyte	MLANA	1944.9	0.927	7209	Epithelium	group	250323	2.23	9.235	1.0	43	ok
Melanocyte	MLANA	1944.9	0.927	7209	Endothelium	group	33262	1.47	9.619	1.0	45	ok
Melanocyte	MLANA	1944.9	0.927	7209	Immune	group	10003	2.90	8.961	1.0	46	ok
Melanocyte	MLANA	1944.9	0.927	7209	Schwann	group	6059	3.66	8.705	1.0	35	ok
Melanocyte	MLANA	1944.9	0.927	7209	SMC	group	2801	2.34	9.187			ok
Melanocyte	MLANA	1944.9	0.927	7209	CornealEndo	group	432	1.09	9.862			ok
Melanocyte	TYRP1	6041.2	0.927	7209	Keratocytes	group	103738	0.93	11.611	1.0	34	ok
Melanocyte	TYRP1	6041.2	0.927	7209	Fibroblast-stroma	group	126500	1.95	11.002	1.0	42	ok
Melanocyte	TYRP1	6041.2	0.927	7209	Pericytes	group	37530	0.85	11.676	1.0	38	ok
Melanocyte	TYRP1	6041.2	0.927	7209	Epithelium	group	250323	4.65	10.063	1.0	43	ok
Melanocyte	TYRP1	6041.2	0.927	7209	Endothelium	group	33262	2.22	10.874	1.0	45	ok
Melanocyte	TYRP1	6041.2	0.927	7209	Immune	group	10003	5.90	9.775	1.0	46	ok
Melanocyte	TYRP1	6041.2	0.927	7209	Schwann	group	6059	13.74	8.679	1.0	35	ok
Melanocyte	TYRP1	6041.2	0.927	7209	SMC	group	2801	4.23	10.174			ok
Melanocyte	TYRP1	6041.2	0.927	7209	CornealEndo	group	432	0.00	12.561			ok
Melanocyte	PMEL	4563.8	0.944	7209	Keratocytes	group	103738	5.02	9.567	1.0	34	ok
Melanocyte	PMEL	4563.8	0.944	7209	Fibroblast-stroma	group	126500	3.68	9.931	1.0	42	ok
Melanocyte	PMEL	4563.8	0.944	7209	Pericytes	group	37530	4.19	9.782	1.0	38	ok
Melanocyte	PMEL	4563.8	0.944	7209	Epithelium	group	250323	5.00	9.571	1.0	43	ok
Melanocyte	PMEL	4563.8	0.944	7209	Endothelium	group	33262	4.98	9.577	1.0	45	ok
Melanocyte	PMEL	4563.8	0.944	7209	Immune	group	10003	6.45	9.259	1.0	46	ok
Melanocyte	PMEL	4563.8	0.944	7209	Schwann	group	6059	12.47	8.405	1.0	35	ok
Melanocyte	PMEL	4563.8	0.944	7209	SMC	group	2801	3.98	9.840			ok
Melanocyte	PMEL	4563.8	0.944	7209	CornealEndo	group	432	21.81	7.645			ok
Melanocyte	DCT	4382.3	0.893	7209	Keratocytes	group	103738	1.24	10.933	1.0	34	ok
Melanocyte	DCT	4382.3	0.893	7209	Fibroblast-stroma	group	126500	2.55	10.270	1.0	42	ok
Melanocyte	DCT	4382.3	0.893	7209	Pericytes	group	37530	0.99	11.106	1.0	38	ok
Melanocyte	DCT	4382.3	0.893	7209	Epithelium	group	250323	5.07	9.496	1.0	43	ok
Melanocyte	DCT	4382.3	0.893	7209	Endothelium	group	33262	2.46	10.308	1.0	45	ok
Melanocyte	DCT	4382.3	0.893	7209	Immune	group	10003	3.37	9.971	1.0	46	ok
Melanocyte	DCT	4382.3	0.893	7209	Schwann	group	6059	12.67	8.325	1.0	35	ok
Melanocyte	DCT	4382.3	0.893	7209	SMC	group	2801	7.41	9.025			ok
Melanocyte	DCT	4382.3	0.893	7209	CornealEndo	group	432	0.55	11.470			ok
Melanocyte	TYR	669.3	0.697	7209	Keratocytes	group	103738	0.14	9.204	1.0	34	ok
Melanocyte	TYR	669.3	0.697	7209	Fibroblast-stroma	group	126500	0.41	8.893	1.0	42	ok
Melanocyte	TYR	669.3	0.697	7209	Pericytes	group	37530	0.19	9.132	1.0	38	ok
Melanocyte	TYR	669.3	0.697	7209	Epithelium	group	250323	0.80	8.540	1.0	43	ok
Melanocyte	TYR	669.3	0.697	7209	Endothelium	group	33262	0.69	8.633	1.0	45	ok
Melanocyte	TYR	669.3	0.697	7209	Immune	group	10003	0.84	8.507	1.0	46	ok
Melanocyte	TYR	669.3	0.697	7209	Schwann	group	6059	2.44	7.605	1.0	35	ok
Melanocyte	TYR	669.3	0.697	7209	SMC	group	2801	0.70	8.626			ok
Melanocyte	TYR	669.3	0.697	7209	CornealEndo	group	432	0.00	9.389			ok
Melanocyte	GAPDHS	265.4	0.533	7209	Keratocytes	group	103738	0.11	7.901	1.0	34	ok
Melanocyte	GAPDHS	265.4	0.533	7209	Fibroblast-stroma	group	126500	0.17	7.827	0.9761904761904762	42	ok
Melanocyte	GAPDHS	265.4	0.533	7209	Pericytes	group	37530	0.13	7.886	0.9736842105263158	38	ok
Melanocyte	GAPDHS	265.4	0.533	7209	Epithelium	group	250323	0.33	7.651	1.0	43	ok
Melanocyte	GAPDHS	265.4	0.533	7209	Endothelium	group	33262	0.17	7.830	1.0	45	ok
Melanocyte	GAPDHS	265.4	0.533	7209	Immune	group	10003	0.49	7.484	1.0	46	ok
Melanocyte	GAPDHS	265.4	0.533	7209	Schwann	group	6059	0.61	7.370	0.9714285714285714	35	ok
Melanocyte	GAPDHS	265.4	0.533	7209	SMC	group	2801	0.20	7.796			ok
Melanocyte	GAPDHS	265.4	0.533	7209	CornealEndo	group	432	0.00	8.057			ok
Melanocyte	GPR143	328.8	0.640	7209	Keratocytes	group	103738	0.48	7.795	1.0	34	ok
Melanocyte	GPR143	328.8	0.640	7209	Fibroblast-stroma	group	126500	0.34	7.942	1.0	42	ok
Melanocyte	GPR143	328.8	0.640	7209	Pericytes	group	37530	0.16	8.154	1.0	38	ok
Melanocyte	GPR143	328.8	0.640	7209	Epithelium	group	250323	2.03	6.765	1.0	43	ok
Melanocyte	GPR143	328.8	0.640	7209	Endothelium	group	33262	2.14	6.714	1.0	45	ok
Melanocyte	GPR143	328.8	0.640	7209	Immune	group	10003	1.88	6.837	1.0	46	ok
Melanocyte	GPR143	328.8	0.640	7209	Schwann	group	6059	0.36	7.926	1.0	35	ok
Melanocyte	GPR143	328.8	0.640	7209	SMC	group	2801	0.55	7.736			ok
Melanocyte	GPR143	328.8	0.640	7209	CornealEndo	group	432	0.00	8.365			ok
Melanocyte	GALNTL6	301.1	0.422	7209	Keratocytes	group	103738	0.65	7.521	1.0	34	ok
Melanocyte	GALNTL6	301.1	0.422	7209	Fibroblast-stroma	group	126500	2.29	6.521	1.0	42	ok
Melanocyte	GALNTL6	301.1	0.422	7209	Pericytes	group	37530	0.46	7.696	1.0	38	ok
Melanocyte	GALNTL6	301.1	0.422	7209	Epithelium	group	250323	1.20	7.100	1.0	43	ok
Melanocyte	GALNTL6	301.1	0.422	7209	Endothelium	group	33262	0.55	7.604	1.0	45	ok
Melanocyte	GALNTL6	301.1	0.422	7209	Immune	group	10003	0.91	7.306	1.0	46	ok
Melanocyte	GALNTL6	301.1	0.422	7209	Schwann	group	6059	1.22	7.088	1.0	35	ok
Melanocyte	GALNTL6	301.1	0.422	7209	SMC	group	2801	1.14	7.138			ok
Melanocyte	GALNTL6	301.1	0.422	7209	CornealEndo	group	432	0.00	8.239			ok
Melanocyte	SLC24A5	108.4	0.337	7209	Keratocytes	group	103738	0.19	6.521	1.0	34	ok
Melanocyte	SLC24A5	108.4	0.337	7209	Fibroblast-stroma	group	126500	0.31	6.379	1.0	42	ok
Melanocyte	SLC24A5	108.4	0.337	7209	Pericytes	group	37530	0.04	6.721	1.0	38	ok
Melanocyte	SLC24A5	108.4	0.337	7209	Epithelium	group	250323	0.13	6.591	1.0	43	ok
Melanocyte	SLC24A5	108.4	0.337	7209	Endothelium	group	33262	0.07	6.672	1.0	45	ok
Melanocyte	SLC24A5	108.4	0.337	7209	Immune	group	10003	0.22	6.484	1.0	46	ok
Melanocyte	SLC24A5	108.4	0.337	7209	Schwann	group	6059	0.41	6.280	0.9714285714285714	35	ok
Melanocyte	SLC24A5	108.4	0.337	7209	SMC	group	2801	0.25	6.452			ok
Melanocyte	SLC24A5	108.4	0.337	7209	CornealEndo	group	432	1.09	5.709			ok
Melanocyte	BCAN	161.5	0.437	7209	Keratocytes	group	103738	0.28	6.989	1.0	34	ok
Melanocyte	BCAN	161.5	0.437	7209	Fibroblast-stroma	group	126500	0.31	6.953	1.0	42	ok
Melanocyte	BCAN	161.5	0.437	7209	Pericytes	group	37530	0.41	6.849	1.0	38	ok
Melanocyte	BCAN	161.5	0.437	7209	Epithelium	group	250323	0.18	7.102	1.0	43	ok
Melanocyte	BCAN	161.5	0.437	7209	Endothelium	group	33262	0.15	7.143	1.0	45	ok
Melanocyte	BCAN	161.5	0.437	7209	Immune	group	10003	0.29	6.979	1.0	46	ok
Melanocyte	BCAN	161.5	0.437	7209	Schwann	group	6059	1.17	6.226	1.0	35	ok
Melanocyte	BCAN	161.5	0.437	7209	SMC	group	2801	0.15	7.144			ok
Melanocyte	BCAN	161.5	0.437	7209	CornealEndo	group	432	0.00	7.344			ok
Melanocyte	ABCB5	185.3	0.279	7209	Keratocytes	group	103738	0.28	7.181	0.9117647058823529	34	ok
Melanocyte	ABCB5	185.3	0.279	7209	Fibroblast-stroma	group	126500	0.37	7.085	0.9523809523809523	42	ok
Melanocyte	ABCB5	185.3	0.279	7209	Pericytes	group	37530	0.17	7.311	0.9473684210526315	38	ok
Melanocyte	ABCB5	185.3	0.279	7209	Epithelium	group	250323	0.11	7.397	0.9302325581395349	43	ok
Melanocyte	ABCB5	185.3	0.279	7209	Endothelium	group	33262	0.41	7.042	0.9555555555555556	45	ok
Melanocyte	ABCB5	185.3	0.279	7209	Immune	group	10003	0.91	6.609	0.9347826086956522	46	ok
Melanocyte	ABCB5	185.3	0.279	7209	Schwann	group	6059	1.78	6.066	0.9142857142857143	35	ok
Melanocyte	ABCB5	185.3	0.279	7209	SMC	group	2801	0.80	6.697			ok
Melanocyte	ABCB5	185.3	0.279	7209	CornealEndo	group	432	0.00	7.542			ok
Melanocyte	GMPR	430.2	0.679	7209	Keratocytes	group	103738	2.10	7.118	1.0	34	ok
Melanocyte	GMPR	430.2	0.679	7209	Fibroblast-stroma	group	126500	5.85	5.975	1.0	42	ok
Melanocyte	GMPR	430.2	0.679	7209	Pericytes	group	37530	5.16	6.128	1.0	38	ok
Melanocyte	GMPR	430.2	0.679	7209	Epithelium	group	250323	7.03	5.746	1.0	43	ok
Melanocyte	GMPR	430.2	0.679	7209	Endothelium	group	33262	9.16	5.408	1.0	45	ok
Melanocyte	GMPR	430.2	0.679	7209	Immune	group	10003	5.01	6.165	1.0	46	ok
Melanocyte	GMPR	430.2	0.679	7209	Schwann	group	6059	3.10	6.715	1.0	35	ok
Melanocyte	GMPR	430.2	0.679	7209	SMC	group	2801	9.90	5.306			ok
Melanocyte	GMPR	430.2	0.679	7209	CornealEndo	group	432	15.27	4.728			ok
Melanocyte	SLC6A15	190.6	0.490	7209	Keratocytes	group	103738	0.33	7.174	1.0	34	ok
Melanocyte	SLC6A15	190.6	0.490	7209	Fibroblast-stroma	group	126500	3.96	5.271	0.9761904761904762	42	ok
Melanocyte	SLC6A15	190.6	0.490	7209	Pericytes	group	37530	0.47	7.028	1.0	38	ok
Melanocyte	SLC6A15	190.6	0.490	7209	Epithelium	group	250323	2.72	5.688	0.9767441860465116	43	ok
Melanocyte	SLC6A15	190.6	0.490	7209	Endothelium	group	33262	0.99	6.590	0.9777777777777777	45	ok
Melanocyte	SLC6A15	190.6	0.490	7209	Immune	group	10003	0.22	7.293	1.0	46	ok
Melanocyte	SLC6A15	190.6	0.490	7209	Schwann	group	6059	1.12	6.498	1.0	35	ok
Melanocyte	SLC6A15	190.6	0.490	7209	SMC	group	2801	0.75	6.777			ok
Melanocyte	SLC6A15	190.6	0.490	7209	CornealEndo	group	432	0.00	7.582			ok
Melanocyte	DNAI3	300.5	0.490	7209	Keratocytes	group	103738	3.53	6.056	1.0	34	ok
Melanocyte	DNAI3	300.5	0.490	7209	Fibroblast-stroma	group	126500	1.81	6.747	0.9761904761904762	42	ok
Melanocyte	DNAI3	300.5	0.490	7209	Pericytes	group	37530	0.63	7.530	1.0	38	ok
Melanocyte	DNAI3	300.5	0.490	7209	Epithelium	group	250323	0.99	7.245	1.0	43	ok
Melanocyte	DNAI3	300.5	0.490	7209	Endothelium	group	33262	0.46	7.690	0.9777777777777777	45	ok
Melanocyte	DNAI3	300.5	0.490	7209	Immune	group	10003	7.82	5.095	0.9565217391304348	46	ok
Melanocyte	DNAI3	300.5	0.490	7209	Schwann	group	6059	2.85	6.291	0.9714285714285714	35	ok
Melanocyte	DNAI3	300.5	0.490	7209	SMC	group	2801	1.04	7.204			ok
Melanocyte	DNAI3	300.5	0.490	7209	CornealEndo	group	432	1.09	7.172			ok
Melanocyte	CAPN3	673.3	0.724	7209	Keratocytes	group	103738	6.87	6.420	1.0	34	ok
Melanocyte	CAPN3	673.3	0.724	7209	Fibroblast-stroma	group	126500	4.06	7.057	1.0	42	ok
Melanocyte	CAPN3	673.3	0.724	7209	Pericytes	group	37530	2.76	7.486	1.0	38	ok
Melanocyte	CAPN3	673.3	0.724	7209	Epithelium	group	250323	10.38	5.889	1.0	43	ok
Melanocyte	CAPN3	673.3	0.724	7209	Endothelium	group	33262	4.32	6.985	1.0	45	ok
Melanocyte	CAPN3	673.3	0.724	7209	Immune	group	10003	3.70	7.164	1.0	46	ok
Melanocyte	CAPN3	673.3	0.724	7209	Schwann	group	6059	18.83	5.088	1.0	35	ok
Melanocyte	CAPN3	673.3	0.724	7209	SMC	group	2801	3.93	7.095			ok
Melanocyte	CAPN3	673.3	0.724	7209	CornealEndo	group	432	6.00	6.590			ok
Melanocyte	CHCHD6	552.9	0.671	7209	Keratocytes	group	103738	14.10	5.197	1.0	34	ok
Melanocyte	CHCHD6	552.9	0.671	7209	Fibroblast-stroma	group	126500	13.27	5.279	1.0	42	ok
Melanocyte	CHCHD6	552.9	0.671	7209	Pericytes	group	37530	9.45	5.727	1.0	38	ok
Melanocyte	CHCHD6	552.9	0.671	7209	Epithelium	group	250323	17.62	4.895	1.0	43	ok
Melanocyte	CHCHD6	552.9	0.671	7209	Endothelium	group	33262	9.16	5.769	1.0	45	ok
Melanocyte	CHCHD6	552.9	0.671	7209	Immune	group	10003	8.75	5.827	1.0	46	ok
Melanocyte	CHCHD6	552.9	0.671	7209	Schwann	group	6059	15.37	5.081	1.0	35	ok
Melanocyte	CHCHD6	552.9	0.671	7209	SMC	group	2801	16.52	4.983			ok
Melanocyte	CHCHD6	552.9	0.671	7209	CornealEndo	group	432	9.81	5.678			ok
Melanocyte	TRIM63	130.3	0.369	7209	Keratocytes	group	103738	0.08	6.929	1.0	34	ok
Melanocyte	TRIM63	130.3	0.369	7209	Fibroblast-stroma	group	126500	0.08	6.919	1.0	42	ok
Melanocyte	TRIM63	130.3	0.369	7209	Pericytes	group	37530	0.05	6.962	1.0	38	ok
Melanocyte	TRIM63	130.3	0.369	7209	Epithelium	group	250323	0.11	6.890	1.0	43	ok
Melanocyte	TRIM63	130.3	0.369	7209	Endothelium	group	33262	0.07	6.935	1.0	45	ok
Melanocyte	TRIM63	130.3	0.369	7209	Immune	group	10003	4.41	4.600	1.0	46	ok
Melanocyte	TRIM63	130.3	0.369	7209	Schwann	group	6059	4.33	4.623	1.0	35	ok
Melanocyte	TRIM63	130.3	0.369	7209	SMC	group	2801	0.35	6.605			ok
Melanocyte	TRIM63	130.3	0.369	7209	CornealEndo	group	432	0.00	7.036			ok
Melanocyte	OCA2	481.4	0.514	7209	Keratocytes	group	103738	21.61	4.415	0.9411764705882353	34	ok
Melanocyte	OCA2	481.4	0.514	7209	Fibroblast-stroma	group	126500	17.82	4.680	0.9047619047619048	42	ok
Melanocyte	OCA2	481.4	0.514	7209	Pericytes	group	37530	3.72	6.674	1.0	38	ok
Melanocyte	OCA2	481.4	0.514	7209	Epithelium	group	250323	0.53	8.302	0.9767441860465116	43	ok
Melanocyte	OCA2	481.4	0.514	7209	Endothelium	group	33262	0.61	8.227	1.0	45	ok
Melanocyte	OCA2	481.4	0.514	7209	Immune	group	10003	0.55	8.278	1.0	46	ok
Melanocyte	OCA2	481.4	0.514	7209	Schwann	group	6059	15.42	4.877	1.0	35	ok
Melanocyte	OCA2	481.4	0.514	7209	SMC	group	2801	14.58	4.952			ok
Melanocyte	OCA2	481.4	0.514	7209	CornealEndo	group	432	73.07	2.703			ok
Melanocyte	MCOLN3	121.5	0.375	7209	Keratocytes	group	103738	4.42	4.497	0.9705882352941176	34	ok
Melanocyte	MCOLN3	121.5	0.375	7209	Fibroblast-stroma	group	126500	4.80	4.400	0.9047619047619048	42	ok
Melanocyte	MCOLN3	121.5	0.375	7209	Pericytes	group	37530	0.39	6.462	1.0	38	ok
Melanocyte	MCOLN3	121.5	0.375	7209	Epithelium	group	250323	0.52	6.330	1.0	43	ok
Melanocyte	MCOLN3	121.5	0.375	7209	Endothelium	group	33262	0.19	6.684	1.0	45	ok
Melanocyte	MCOLN3	121.5	0.375	7209	Immune	group	10003	1.46	5.636	0.9347826086956522	46	ok
Melanocyte	MCOLN3	121.5	0.375	7209	Schwann	group	6059	1.63	5.542	0.9428571428571428	35	ok
Melanocyte	MCOLN3	121.5	0.375	7209	SMC	group	2801	3.13	4.888			ok
Melanocyte	MCOLN3	121.5	0.375	7209	CornealEndo	group	432	0.55	6.308			ok
Melanocyte	ALX1	91.1	0.329	7209	Keratocytes	group	103738	0.07	6.429	1.0	34	ok
Melanocyte	ALX1	91.1	0.329	7209	Fibroblast-stroma	group	126500	4.62	4.033	0.9523809523809523	42	ok
Melanocyte	ALX1	91.1	0.329	7209	Pericytes	group	37530	1.37	5.279	1.0	38	ok
Melanocyte	ALX1	91.1	0.329	7209	Epithelium	group	250323	0.09	6.394	1.0	43	ok
Melanocyte	ALX1	91.1	0.329	7209	Endothelium	group	33262	0.09	6.397	1.0	45	ok
Melanocyte	ALX1	91.1	0.329	7209	Immune	group	10003	0.07	6.432	1.0	46	ok
Melanocyte	ALX1	91.1	0.329	7209	Schwann	group	6059	1.07	5.476	1.0	35	ok
Melanocyte	ALX1	91.1	0.329	7209	SMC	group	2801	0.95	5.565			ok
Melanocyte	ALX1	91.1	0.329	7209	CornealEndo	group	432	0.00	6.525			ok
Melanocyte	CITED1	195.0	0.256	7209	Keratocytes	group	103738	0.47	7.061	0.9411764705882353	34	ok
Melanocyte	CITED1	195.0	0.256	7209	Fibroblast-stroma	group	126500	4.12	5.259	0.9285714285714286	42	ok
Melanocyte	CITED1	195.0	0.256	7209	Pericytes	group	37530	4.22	5.230	0.9210526315789473	38	ok
Melanocyte	CITED1	195.0	0.256	7209	Epithelium	group	250323	0.20	7.349	0.9069767441860465	43	ok
Melanocyte	CITED1	195.0	0.256	7209	Endothelium	group	33262	0.81	6.761	0.9333333333333333	45	ok
Melanocyte	CITED1	195.0	0.256	7209	Immune	group	10003	2.02	6.022	1.0	46	ok
Melanocyte	CITED1	195.0	0.256	7209	Schwann	group	6059	11.14	4.012	0.8571428571428571	35	ok
Melanocyte	CITED1	195.0	0.256	7209	SMC	group	2801	3.43	5.466			ok
Melanocyte	CITED1	195.0	0.256	7209	CornealEndo	group	432	0.55	6.987			ok
Melanocyte	ROPN1B	98.0	0.340	7209	Keratocytes	group	103738	0.12	6.463	0.9705882352941176	34	ok
Melanocyte	ROPN1B	98.0	0.340	7209	Fibroblast-stroma	group	126500	0.45	6.091	0.9761904761904762	42	ok
Melanocyte	ROPN1B	98.0	0.340	7209	Pericytes	group	37530	0.43	6.112	1.0	38	ok
Melanocyte	ROPN1B	98.0	0.340	7209	Epithelium	group	250323	1.18	5.508	0.9767441860465116	43	ok
Melanocyte	ROPN1B	98.0	0.340	7209	Endothelium	group	33262	0.12	6.460	1.0	45	ok
Melanocyte	ROPN1B	98.0	0.340	7209	Immune	group	10003	0.18	6.394	1.0	46	ok
Melanocyte	ROPN1B	98.0	0.340	7209	Schwann	group	6059	5.14	4.011	0.9428571428571428	35	ok
Melanocyte	ROPN1B	98.0	0.340	7209	SMC	group	2801	0.50	6.047			ok
Melanocyte	ROPN1B	98.0	0.340	7209	CornealEndo	group	432	0.55	6.001			ok
Melanocyte	MFSD12	708.6	0.610	7209	Keratocytes	group	103738	9.36	6.098	1.0	34	ok
Melanocyte	MFSD12	708.6	0.610	7209	Fibroblast-stroma	group	126500	13.29	5.634	1.0	42	ok
Melanocyte	MFSD12	708.6	0.610	7209	Pericytes	group	37530	9.78	6.041	1.0	38	ok
Melanocyte	MFSD12	708.6	0.610	7209	Epithelium	group	250323	13.69	5.594	0.9767441860465116	43	ok
Melanocyte	MFSD12	708.6	0.610	7209	Endothelium	group	33262	13.22	5.641	0.9777777777777777	45	ok
Melanocyte	MFSD12	708.6	0.610	7209	Immune	group	10003	41.89	4.048	0.8478260869565217	46	ok
Melanocyte	MFSD12	708.6	0.610	7209	Schwann	group	6059	47.38	3.875	0.9142857142857143	35	ok
Melanocyte	MFSD12	708.6	0.610	7209	SMC	group	2801	5.72	6.722			ok
Melanocyte	MFSD12	708.6	0.610	7209	CornealEndo	group	432	16.90	5.309			ok
Melanocyte	QPCT	863.4	0.731	7209	Keratocytes	group	103738	63.71	3.740	1.0	34	ok
Melanocyte	QPCT	863.4	0.731	7209	Fibroblast-stroma	group	126500	26.46	4.976	1.0	42	ok
Melanocyte	QPCT	863.4	0.731	7209	Pericytes	group	37530	2.10	8.122	1.0	38	ok
Melanocyte	QPCT	863.4	0.731	7209	Epithelium	group	250323	4.68	7.249	1.0	43	ok
Melanocyte	QPCT	863.4	0.731	7209	Endothelium	group	33262	6.88	6.776	1.0	45	ok
Melanocyte	QPCT	863.4	0.731	7209	Immune	group	10003	6.89	6.775	1.0	46	ok
Melanocyte	QPCT	863.4	0.731	7209	Schwann	group	6059	14.10	5.839	1.0	35	ok
Melanocyte	QPCT	863.4	0.731	7209	SMC	group	2801	0.75	8.951			ok
Melanocyte	QPCT	863.4	0.731	7209	CornealEndo	group	432	16.36	5.638			ok
Melanocyte	CYB561A3	377.6	0.509	7209	Keratocytes	group	103738	10.85	4.997	0.9705882352941176	34	ok
Melanocyte	CYB561A3	377.6	0.509	7209	Fibroblast-stroma	group	126500	12.73	4.785	0.8809523809523809	42	ok
Melanocyte	CYB561A3	377.6	0.509	7209	Pericytes	group	37530	8.70	5.287	0.8947368421052632	38	ok
Melanocyte	CYB561A3	377.6	0.509	7209	Epithelium	group	250323	10.39	5.055	0.9767441860465116	43	ok
Melanocyte	CYB561A3	377.6	0.509	7209	Endothelium	group	33262	9.66	5.151	0.8888888888888888	45	ok
Melanocyte	CYB561A3	377.6	0.509	7209	Immune	group	10003	29.37	3.640	0.8913043478260869	46	ok
Melanocyte	CYB561A3	377.6	0.509	7209	Schwann	group	6059	9.31	5.198	0.9428571428571428	35	ok
Melanocyte	CYB561A3	377.6	0.509	7209	SMC	group	2801	7.26	5.518			ok
Melanocyte	CYB561A3	377.6	0.509	7209	CornealEndo	group	432	8.72	5.283			ok
Melanocyte	CABLES1	370.9	0.612	7209	Keratocytes	group	103738	19.48	4.183	0.9705882352941176	34	ok
Melanocyte	CABLES1	370.9	0.612	7209	Fibroblast-stroma	group	126500	29.16	3.624	1.0	42	ok
Melanocyte	CABLES1	370.9	0.612	7209	Pericytes	group	37530	7.48	5.455	1.0	38	ok
Melanocyte	CABLES1	370.9	0.612	7209	Epithelium	group	250323	5.31	5.881	1.0	43	ok
Melanocyte	CABLES1	370.9	0.612	7209	Endothelium	group	33262	9.41	5.159	1.0	45	ok
Melanocyte	CABLES1	370.9	0.612	7209	Immune	group	10003	17.46	4.332	0.9782608695652174	46	ok
Melanocyte	CABLES1	370.9	0.612	7209	Schwann	group	6059	18.62	4.244	0.9714285714285714	35	ok
Melanocyte	CABLES1	370.9	0.612	7209	SMC	group	2801	3.53	6.359			ok
Melanocyte	CABLES1	370.9	0.612	7209	CornealEndo	group	432	120.51	1.614			ok
Melanocyte	MLPH	218.7	0.555	7209	Keratocytes	group	103738	2.66	5.909	1.0	34	ok
Melanocyte	MLPH	218.7	0.555	7209	Fibroblast-stroma	group	126500	3.28	5.683	1.0	42	ok
Melanocyte	MLPH	218.7	0.555	7209	Pericytes	group	37530	0.85	6.894	1.0	38	ok
Melanocyte	MLPH	218.7	0.555	7209	Epithelium	group	250323	19.32	3.435	0.9534883720930233	43	ok
Melanocyte	MLPH	218.7	0.555	7209	Endothelium	group	33262	13.69	3.902	1.0	45	ok
Melanocyte	MLPH	218.7	0.555	7209	Immune	group	10003	6.21	4.930	1.0	46	ok
Melanocyte	MLPH	218.7	0.555	7209	Schwann	group	6059	1.22	6.628	1.0	35	ok
Melanocyte	MLPH	218.7	0.555	7209	SMC	group	2801	0.45	7.245			ok
Melanocyte	MLPH	218.7	0.555	7209	CornealEndo	group	432	0.00	7.779			ok
Melanocyte	MITF	820.8	0.760	7209	Keratocytes	group	103738	13.60	5.815	1.0	34	ok
Melanocyte	MITF	820.8	0.760	7209	Fibroblast-stroma	group	126500	33.72	4.565	1.0	42	ok
Melanocyte	MITF	820.8	0.760	7209	Pericytes	group	37530	44.36	4.180	1.0	38	ok
Melanocyte	MITF	820.8	0.760	7209	Epithelium	group	250323	3.73	7.441	1.0	43	ok
Melanocyte	MITF	820.8	0.760	7209	Endothelium	group	33262	11.39	6.052	1.0	45	ok
Melanocyte	MITF	820.8	0.760	7209	Immune	group	10003	81.27	3.320	0.9782608695652174	46	ok
Melanocyte	MITF	820.8	0.760	7209	Schwann	group	6059	27.22	4.864	1.0	35	ok
Melanocyte	MITF	820.8	0.760	7209	SMC	group	2801	51.30	3.974			ok
Melanocyte	MITF	820.8	0.760	7209	CornealEndo	group	432	32.72	4.607			ok
Melanocyte	APOE	3685.0	0.877	7209	Keratocytes	group	103738	4.54	9.378	1.0	34	ok
Melanocyte	APOE	3685.0	0.877	7209	Fibroblast-stroma	group	126500	136.27	4.747	0.9523809523809523	42	ok
Melanocyte	APOE	3685.0	0.877	7209	Pericytes	group	37530	419.74	3.131	0.9210526315789473	38	ok
Melanocyte	APOE	3685.0	0.877	7209	Epithelium	group	250323	14.47	7.896	1.0	43	ok
Melanocyte	APOE	3685.0	0.877	7209	Endothelium	group	33262	6.96	8.855	1.0	45	ok
Melanocyte	APOE	3685.0	0.877	7209	Immune	group	10003	382.54	3.265	0.9565217391304348	46	ok
Melanocyte	APOE	3685.0	0.877	7209	Schwann	group	6059	150.47	4.605	1.0	35	ok
Melanocyte	APOE	3685.0	0.877	7209	SMC	group	2801	16.87	7.689			ok
Melanocyte	APOE	3685.0	0.877	7209	CornealEndo	group	432	81.79	5.476			ok
Melanocyte	LZTS1	125.4	0.411	7209	Keratocytes	group	103738	1.51	5.655	1.0	34	ok
Melanocyte	LZTS1	125.4	0.411	7209	Fibroblast-stroma	group	126500	1.51	5.654	1.0	42	ok
Melanocyte	LZTS1	125.4	0.411	7209	Pericytes	group	37530	13.48	3.126	0.9736842105263158	38	ok
Melanocyte	LZTS1	125.4	0.411	7209	Epithelium	group	250323	0.22	6.693	1.0	43	ok
Melanocyte	LZTS1	125.4	0.411	7209	Endothelium	group	33262	0.23	6.686	1.0	45	ok
Melanocyte	LZTS1	125.4	0.411	7209	Immune	group	10003	1.71	5.545	1.0	46	ok
Melanocyte	LZTS1	125.4	0.411	7209	Schwann	group	6059	8.04	3.805	1.0	35	ok
Melanocyte	LZTS1	125.4	0.411	7209	SMC	group	2801	0.45	6.447			ok
Melanocyte	LZTS1	125.4	0.411	7209	CornealEndo	group	432	7.09	3.965			ok
Melanocyte	CCL28	63.9	0.255	7209	Keratocytes	group	103738	2.78	4.101	0.9705882352941176	34	ok
Melanocyte	CCL28	63.9	0.255	7209	Fibroblast-stroma	group	126500	3.61	3.815	0.9523809523809523	42	ok
Melanocyte	CCL28	63.9	0.255	7209	Pericytes	group	37530	0.99	5.024	1.0	38	ok
Melanocyte	CCL28	63.9	0.255	7209	Epithelium	group	250323	5.49	3.322	0.9767441860465116	43	ok
Melanocyte	CCL28	63.9	0.255	7209	Endothelium	group	33262	2.62	4.163	0.9555555555555556	45	ok
Melanocyte	CCL28	63.9	0.255	7209	Immune	group	10003	3.15	3.968	0.9347826086956522	46	ok
Melanocyte	CCL28	63.9	0.255	7209	Schwann	group	6059	6.51	3.110	0.9142857142857143	35	ok
Melanocyte	CCL28	63.9	0.255	7209	SMC	group	2801	1.89	4.488			ok
Melanocyte	CCL28	63.9	0.255	7209	CornealEndo	group	432	0.55	5.392			ok
Melanocyte	TFAP2A	508.4	0.677	7209	Keratocytes	group	103738	0.58	8.328	1.0	34	ok
Melanocyte	TFAP2A	508.4	0.677	7209	Fibroblast-stroma	group	126500	4.50	6.533	1.0	42	ok
Melanocyte	TFAP2A	508.4	0.677	7209	Pericytes	group	37530	6.85	6.020	1.0	38	ok
Melanocyte	TFAP2A	508.4	0.677	7209	Epithelium	group	250323	62.52	3.004	0.9534883720930233	43	ok
Melanocyte	TFAP2A	508.4	0.677	7209	Endothelium	group	33262	0.86	8.094	1.0	45	ok
Melanocyte	TFAP2A	508.4	0.677	7209	Immune	group	10003	0.86	8.094	1.0	46	ok
Melanocyte	TFAP2A	508.4	0.677	7209	Schwann	group	6059	60.61	3.048	1.0	35	ok
Melanocyte	TFAP2A	508.4	0.677	7209	SMC	group	2801	4.98	6.413			ok
Melanocyte	TFAP2A	508.4	0.677	7209	CornealEndo	group	432	0.55	8.365			ok
Melanocyte	SMC6	283.8	0.579	7209	Keratocytes	group	103738	18.11	3.897	0.9705882352941176	34	ok
Melanocyte	SMC6	283.8	0.579	7209	Fibroblast-stroma	group	126500	20.70	3.714	0.9761904761904762	42	ok
Melanocyte	SMC6	283.8	0.579	7209	Pericytes	group	37530	20.35	3.737	0.9736842105263158	38	ok
Melanocyte	SMC6	283.8	0.579	7209	Epithelium	group	250323	27.18	3.337	0.9767441860465116	43	ok
Melanocyte	SMC6	283.8	0.579	7209	Endothelium	group	33262	23.50	3.539	0.9777777777777777	45	ok
Melanocyte	SMC6	283.8	0.579	7209	Immune	group	10003	20.90	3.701	1.0	46	ok
Melanocyte	SMC6	283.8	0.579	7209	Schwann	group	6059	34.55	3.002	0.9714285714285714	35	ok
Melanocyte	SMC6	283.8	0.579	7209	SMC	group	2801	10.50	4.630			ok
Melanocyte	SMC6	283.8	0.579	7209	CornealEndo	group	432	21.27	3.677			ok
Melanocyte	OSTM1	377.4	0.653	7209	Keratocytes	group	103738	39.32	3.230	0.9705882352941176	34	ok
Melanocyte	OSTM1	377.4	0.653	7209	Fibroblast-stroma	group	126500	38.83	3.248	0.9761904761904762	42	ok
Melanocyte	OSTM1	377.4	0.653	7209	Pericytes	group	37530	27.58	3.727	0.9736842105263158	38	ok
Melanocyte	OSTM1	377.4	0.653	7209	Epithelium	group	250323	29.65	3.626	0.9767441860465116	43	ok
Melanocyte	OSTM1	377.4	0.653	7209	Endothelium	group	33262	28.29	3.691	1.0	45	ok
Melanocyte	OSTM1	377.4	0.653	7209	Immune	group	10003	38.43	3.262	0.9782608695652174	46	ok
Melanocyte	OSTM1	377.4	0.653	7209	Schwann	group	6059	41.88	3.141	0.9428571428571428	35	ok
Melanocyte	OSTM1	377.4	0.653	7209	SMC	group	2801	47.77	2.956			ok
Melanocyte	OSTM1	377.4	0.653	7209	CornealEndo	group	432	34.90	3.398			ok
Melanocyte	ST8SIA6	203.3	0.431	7209	Keratocytes	group	103738	1.10	6.602	1.0	34	ok
Melanocyte	ST8SIA6	203.3	0.431	7209	Fibroblast-stroma	group	126500	0.97	6.697	1.0	42	ok
Melanocyte	ST8SIA6	203.3	0.431	7209	Pericytes	group	37530	2.02	6.078	1.0	38	ok
Melanocyte	ST8SIA6	203.3	0.431	7209	Epithelium	group	250323	0.40	7.186	1.0	43	ok
Melanocyte	ST8SIA6	203.3	0.431	7209	Endothelium	group	33262	25.55	2.944	0.8222222222222222	45	ok
Melanocyte	ST8SIA6	203.3	0.431	7209	Immune	group	10003	10.79	4.115	0.9782608695652174	46	ok
Melanocyte	ST8SIA6	203.3	0.431	7209	Schwann	group	6059	3.31	5.568	1.0	35	ok
Melanocyte	ST8SIA6	203.3	0.431	7209	SMC	group	2801	1.49	6.357			ok
Melanocyte	ST8SIA6	203.3	0.431	7209	CornealEndo	group	432	1.09	6.611			ok
Melanocyte	GCNT2	358.1	0.594	7209	Keratocytes	group	103738	0.45	7.952	1.0	34	ok
Melanocyte	GCNT2	358.1	0.594	7209	Fibroblast-stroma	group	126500	0.63	7.784	1.0	42	ok
Melanocyte	GCNT2	358.1	0.594	7209	Pericytes	group	37530	1.51	7.161	1.0	38	ok
Melanocyte	GCNT2	358.1	0.594	7209	Epithelium	group	250323	9.90	5.042	0.9767441860465116	43	ok
Melanocyte	GCNT2	358.1	0.594	7209	Endothelium	group	33262	46.04	2.933	0.8888888888888888	45	ok
Melanocyte	GCNT2	358.1	0.594	7209	Immune	group	10003	24.18	3.834	0.9347826086956522	46	ok
Melanocyte	GCNT2	358.1	0.594	7209	Schwann	group	6059	1.17	7.370	0.9714285714285714	35	ok
Melanocyte	GCNT2	358.1	0.594	7209	SMC	group	2801	0.85	7.604			ok
Melanocyte	GCNT2	358.1	0.594	7209	CornealEndo	group	432	0.00	8.488			ok
Melanocyte	ZNF749	128.3	0.346	7209	Keratocytes	group	103738	6.82	4.048	0.9705882352941176	34	ok
Melanocyte	ZNF749	128.3	0.346	7209	Fibroblast-stroma	group	126500	7.47	3.933	0.9523809523809523	42	ok
Melanocyte	ZNF749	128.3	0.346	7209	Pericytes	group	37530	7.01	4.013	0.9210526315789473	38	ok
Melanocyte	ZNF749	128.3	0.346	7209	Epithelium	group	250323	16.08	2.921	0.9534883720930233	43	ok
Melanocyte	ZNF749	128.3	0.346	7209	Endothelium	group	33262	11.90	3.326	0.9111111111111111	45	ok
Melanocyte	ZNF749	128.3	0.346	7209	Immune	group	10003	6.65	4.080	0.9347826086956522	46	ok
Melanocyte	ZNF749	128.3	0.346	7209	Schwann	group	6059	6.97	4.020	1.0	35	ok
Melanocyte	ZNF749	128.3	0.346	7209	SMC	group	2801	3.58	4.819			ok
Melanocyte	ZNF749	128.3	0.346	7209	CornealEndo	group	432	6.54	4.100			ok
Melanocyte	DSTYK	327.6	0.559	7209	Keratocytes	group	103738	33.48	3.253	0.9705882352941176	34	ok
Melanocyte	DSTYK	327.6	0.559	7209	Fibroblast-stroma	group	126500	19.55	3.999	1.0	42	ok
Melanocyte	DSTYK	327.6	0.559	7209	Pericytes	group	37530	15.40	4.325	1.0	38	ok
Melanocyte	DSTYK	327.6	0.559	7209	Epithelium	group	250323	11.60	4.705	1.0	43	ok
Melanocyte	DSTYK	327.6	0.559	7209	Endothelium	group	33262	14.74	4.384	1.0	45	ok
Melanocyte	DSTYK	327.6	0.559	7209	Immune	group	10003	14.74	4.384	1.0	46	ok
Melanocyte	DSTYK	327.6	0.559	7209	Schwann	group	6059	42.64	2.913	0.8571428571428571	35	ok
Melanocyte	DSTYK	327.6	0.559	7209	SMC	group	2801	17.56	4.146			ok
Melanocyte	DSTYK	327.6	0.559	7209	CornealEndo	group	432	56.71	2.510			ok
Melanocyte	TRIB2	205.5	0.508	7209	Keratocytes	group	103738	9.60	4.284	1.0	34	ok
Melanocyte	TRIB2	205.5	0.508	7209	Fibroblast-stroma	group	126500	6.22	4.838	1.0	42	ok
Melanocyte	TRIB2	205.5	0.508	7209	Pericytes	group	37530	22.65	3.127	0.9210526315789473	38	ok
Melanocyte	TRIB2	205.5	0.508	7209	Epithelium	group	250323	1.99	6.108	1.0	43	ok
Melanocyte	TRIB2	205.5	0.508	7209	Endothelium	group	33262	27.85	2.840	0.9777777777777777	45	ok
Melanocyte	TRIB2	205.5	0.508	7209	Immune	group	10003	6.76	4.734	1.0	46	ok
Melanocyte	TRIB2	205.5	0.508	7209	Schwann	group	6059	22.49	3.136	0.9714285714285714	35	ok
Melanocyte	TRIB2	205.5	0.508	7209	SMC	group	2801	7.66	4.575			ok
Melanocyte	TRIB2	205.5	0.508	7209	CornealEndo	group	432	65.98	1.624			ok
Melanocyte	SGCD	381.7	0.600	7209	Keratocytes	group	103738	54.85	2.777	0.8823529411764706	34	ok
Melanocyte	SGCD	381.7	0.600	7209	Fibroblast-stroma	group	126500	47.16	2.990	0.9761904761904762	42	ok
Melanocyte	SGCD	381.7	0.600	7209	Pericytes	group	37530	7.32	5.523	1.0	38	ok
Melanocyte	SGCD	381.7	0.600	7209	Epithelium	group	250323	0.71	7.810	0.9767441860465116	43	ok
Melanocyte	SGCD	381.7	0.600	7209	Endothelium	group	33262	4.05	6.245	1.0	45	ok
Melanocyte	SGCD	381.7	0.600	7209	Immune	group	10003	2.93	6.607	0.9782608695652174	46	ok
Melanocyte	SGCD	381.7	0.600	7209	Schwann	group	6059	55.26	2.766	0.8857142857142857	35	ok
Melanocyte	SGCD	381.7	0.600	7209	SMC	group	2801	37.82	3.302			ok
Melanocyte	SGCD	381.7	0.600	7209	CornealEndo	group	432	1.09	7.516			ok
Melanocyte	KIT	271.9	0.518	7209	Keratocytes	group	103738	0.38	7.629	1.0	34	ok
Melanocyte	KIT	271.9	0.518	7209	Fibroblast-stroma	group	126500	0.99	7.101	1.0	42	ok
Melanocyte	KIT	271.9	0.518	7209	Pericytes	group	37530	1.46	6.796	1.0	38	ok
Melanocyte	KIT	271.9	0.518	7209	Epithelium	group	250323	16.75	3.943	0.9767441860465116	43	ok
Melanocyte	KIT	271.9	0.518	7209	Endothelium	group	33262	25.27	3.377	0.9333333333333333	45	ok
Melanocyte	KIT	271.9	0.518	7209	Immune	group	10003	39.34	2.758	0.9347826086956522	46	ok
Melanocyte	KIT	271.9	0.518	7209	Schwann	group	6059	1.32	6.876	1.0	35	ok
Melanocyte	KIT	271.9	0.518	7209	SMC	group	2801	1.84	6.586			ok
Melanocyte	KIT	271.9	0.518	7209	CornealEndo	group	432	1.64	6.694			ok
Melanocyte	VEPH1	95.3	0.252	7209	Keratocytes	group	103738	10.68	3.043	0.9117647058823529	34	ok
Melanocyte	VEPH1	95.3	0.252	7209	Fibroblast-stroma	group	126500	13.24	2.757	0.8333333333333334	42	ok
Melanocyte	VEPH1	95.3	0.252	7209	Pericytes	group	37530	0.42	6.083	0.9473684210526315	38	ok
Melanocyte	VEPH1	95.3	0.252	7209	Epithelium	group	250323	2.06	4.974	0.9534883720930233	43	ok
Melanocyte	VEPH1	95.3	0.252	7209	Endothelium	group	33262	0.87	5.683	0.9333333333333333	45	ok
Melanocyte	VEPH1	95.3	0.252	7209	Immune	group	10003	1.04	5.560	0.9130434782608695	46	ok
Melanocyte	VEPH1	95.3	0.252	7209	Schwann	group	6059	5.80	3.824	0.9142857142857143	35	ok
Melanocyte	VEPH1	95.3	0.252	7209	SMC	group	2801	1.54	5.243			ok
Melanocyte	VEPH1	95.3	0.252	7209	CornealEndo	group	432	20.72	2.149			ok
Melanocyte	SLC1A4	171.9	0.419	7209	Keratocytes	group	103738	10.10	3.962	1.0	34	ok
Melanocyte	SLC1A4	171.9	0.419	7209	Fibroblast-stroma	group	126500	12.84	3.643	0.9285714285714286	42	ok
Melanocyte	SLC1A4	171.9	0.419	7209	Pericytes	group	37530	9.27	4.073	0.868421052631579	38	ok
Melanocyte	SLC1A4	171.9	0.419	7209	Epithelium	group	250323	8.03	4.259	1.0	43	ok
Melanocyte	SLC1A4	171.9	0.419	7209	Endothelium	group	33262	6.94	4.445	0.9333333333333333	45	ok
Melanocyte	SLC1A4	171.9	0.419	7209	Immune	group	10003	25.75	2.692	0.8260869565217391	46	ok
Melanocyte	SLC1A4	171.9	0.419	7209	Schwann	group	6059	23.71	2.807	0.8285714285714286	35	ok
Melanocyte	SLC1A4	171.9	0.419	7209	SMC	group	2801	4.53	4.967			ok
Melanocyte	SLC1A4	171.9	0.419	7209	CornealEndo	group	432	16.90	3.272			ok
Melanocyte	TBC1D16	198.8	0.492	7209	Keratocytes	group	103738	23.74	3.014	1.0	34	ok
Melanocyte	TBC1D16	198.8	0.492	7209	Fibroblast-stroma	group	126500	30.54	2.663	0.8571428571428571	42	ok
Melanocyte	TBC1D16	198.8	0.492	7209	Pericytes	group	37530	14.71	3.669	0.8947368421052632	38	ok
Melanocyte	TBC1D16	198.8	0.492	7209	Epithelium	group	250323	5.12	5.029	1.0	43	ok
Melanocyte	TBC1D16	198.8	0.492	7209	Endothelium	group	33262	20.85	3.193	0.9555555555555556	45	ok
Melanocyte	TBC1D16	198.8	0.492	7209	Immune	group	10003	13.10	3.825	1.0	46	ok
Melanocyte	TBC1D16	198.8	0.492	7209	Schwann	group	6059	28.85	2.743	0.9142857142857143	35	ok
Melanocyte	TBC1D16	198.8	0.492	7209	SMC	group	2801	8.81	4.349			ok
Melanocyte	TBC1D16	198.8	0.492	7209	CornealEndo	group	432	29.99	2.689			ok
Melanocyte	PLEKHA5	1367.4	0.893	7209	Keratocytes	group	103738	108.66	3.641	1.0	34	ok
Melanocyte	PLEKHA5	1367.4	0.893	7209	Fibroblast-stroma	group	126500	100.17	3.758	1.0	42	ok
Melanocyte	PLEKHA5	1367.4	0.893	7209	Pericytes	group	37530	65.71	4.359	1.0	38	ok
Melanocyte	PLEKHA5	1367.4	0.893	7209	Epithelium	group	250323	69.77	4.273	1.0	43	ok
Melanocyte	PLEKHA5	1367.4	0.893	7209	Endothelium	group	33262	20.67	5.981	1.0	45	ok
Melanocyte	PLEKHA5	1367.4	0.893	7209	Immune	group	10003	112.79	3.588	1.0	46	ok
Melanocyte	PLEKHA5	1367.4	0.893	7209	Schwann	group	6059	218.45	2.641	1.0	35	ok
Melanocyte	PLEKHA5	1367.4	0.893	7209	SMC	group	2801	165.89	3.036			ok
Melanocyte	PLEKHA5	1367.4	0.893	7209	CornealEndo	group	432	86.15	3.973			ok
Melanocyte	CDK2	134.6	0.424	7209	Keratocytes	group	103738	9.34	3.714	1.0	34	ok
Melanocyte	CDK2	134.6	0.424	7209	Fibroblast-stroma	group	126500	9.34	3.713	1.0	42	ok
Melanocyte	CDK2	134.6	0.424	7209	Pericytes	group	37530	12.62	3.315	1.0	38	ok
Melanocyte	CDK2	134.6	0.424	7209	Epithelium	group	250323	8.58	3.823	1.0	43	ok
Melanocyte	CDK2	134.6	0.424	7209	Endothelium	group	33262	20.92	2.629	1.0	45	ok
Melanocyte	CDK2	134.6	0.424	7209	Immune	group	10003	7.74	3.957	1.0	46	ok
Melanocyte	CDK2	134.6	0.424	7209	Schwann	group	6059	15.47	3.042	0.9714285714285714	35	ok
Melanocyte	CDK2	134.6	0.424	7209	SMC	group	2801	8.81	3.790			ok
Melanocyte	CDK2	134.6	0.424	7209	CornealEndo	group	432	23.99	2.440			ok
Melanocyte	SLC6A17	82.8	0.274	7209	Keratocytes	group	103738	0.85	5.503	1.0	34	ok
Melanocyte	SLC6A17	82.8	0.274	7209	Fibroblast-stroma	group	126500	0.87	5.488	0.9761904761904762	42	ok
Melanocyte	SLC6A17	82.8	0.274	7209	Pericytes	group	37530	12.67	2.617	0.9473684210526315	38	ok
Melanocyte	SLC6A17	82.8	0.274	7209	Epithelium	group	250323	1.57	5.026	1.0	43	ok
Melanocyte	SLC6A17	82.8	0.274	7209	Endothelium	group	33262	0.26	6.052	1.0	45	ok
Melanocyte	SLC6A17	82.8	0.274	7209	Immune	group	10003	0.11	6.238	1.0	46	ok
Melanocyte	SLC6A17	82.8	0.274	7209	Schwann	group	6059	0.31	6.005	1.0	35	ok
Melanocyte	SLC6A17	82.8	0.274	7209	SMC	group	2801	0.30	6.013			ok
Melanocyte	SLC6A17	82.8	0.274	7209	CornealEndo	group	432	0.55	5.762			ok
Melanocyte	MRPL44	181.8	0.427	7209	Keratocytes	group	103738	14.47	3.563	0.9705882352941176	34	ok
Melanocyte	MRPL44	181.8	0.427	7209	Fibroblast-stroma	group	126500	21.00	3.055	1.0	42	ok
Melanocyte	MRPL44	181.8	0.427	7209	Pericytes	group	37530	10.53	3.987	1.0	38	ok
Melanocyte	MRPL44	181.8	0.427	7209	Epithelium	group	250323	22.30	2.972	1.0	43	ok
Melanocyte	MRPL44	181.8	0.427	7209	Endothelium	group	33262	29.03	2.606	0.9555555555555556	45	ok
Melanocyte	MRPL44	181.8	0.427	7209	Immune	group	10003	19.17	3.180	0.9347826086956522	46	ok
Melanocyte	MRPL44	181.8	0.427	7209	Schwann	group	6059	20.10	3.115	0.9142857142857143	35	ok
Melanocyte	MRPL44	181.8	0.427	7209	SMC	group	2801	13.88	3.619			ok
Melanocyte	MRPL44	181.8	0.427	7209	CornealEndo	group	432	3.82	5.246			ok
Melanocyte	MYO5A	702.4	0.774	7209	Keratocytes	group	103738	22.37	4.912	1.0	34	ok
Melanocyte	MYO5A	702.4	0.774	7209	Fibroblast-stroma	group	126500	25.85	4.712	1.0	42	ok
Melanocyte	MYO5A	702.4	0.774	7209	Pericytes	group	37530	12.51	5.702	1.0	38	ok
Melanocyte	MYO5A	702.4	0.774	7209	Epithelium	group	250323	38.66	4.149	1.0	43	ok
Melanocyte	MYO5A	702.4	0.774	7209	Endothelium	group	33262	96.06	2.857	1.0	45	ok
Melanocyte	MYO5A	702.4	0.774	7209	Immune	group	10003	114.83	2.602	0.9347826086956522	46	ok
Melanocyte	MYO5A	702.4	0.774	7209	Schwann	group	6059	76.94	3.174	0.9428571428571428	35	ok
Melanocyte	MYO5A	702.4	0.774	7209	SMC	group	2801	18.16	5.198			ok
Melanocyte	MYO5A	702.4	0.774	7209	CornealEndo	group	432	59.98	3.528			ok
Melanocyte	CYGB	276.0	0.545	7209	Keratocytes	group	103738	23.66	3.490	0.9705882352941176	34	ok
Melanocyte	CYGB	276.0	0.545	7209	Fibroblast-stroma	group	126500	38.71	2.802	0.8571428571428571	42	ok
Melanocyte	CYGB	276.0	0.545	7209	Pericytes	group	37530	32.20	3.061	0.7894736842105263	38	ok
Melanocyte	CYGB	276.0	0.545	7209	Epithelium	group	250323	0.67	7.370	1.0	43	ok
Melanocyte	CYGB	276.0	0.545	7209	Endothelium	group	33262	47.66	2.509	0.7777777777777778	45	ok
Melanocyte	CYGB	276.0	0.545	7209	Immune	group	10003	2.62	6.260	1.0	46	ok
Melanocyte	CYGB	276.0	0.545	7209	Schwann	group	6059	3.56	5.924	1.0	35	ok
Melanocyte	CYGB	276.0	0.545	7209	SMC	group	2801	1.14	7.013			ok
Melanocyte	CYGB	276.0	0.545	7209	CornealEndo	group	432	40.90	2.725			ok
Melanocyte	ST3GAL4	432.0	0.700	7209	Keratocytes	group	103738	1.02	7.745	1.0	34	ok
Melanocyte	ST3GAL4	432.0	0.700	7209	Fibroblast-stroma	group	126500	15.31	4.731	1.0	42	ok
Melanocyte	ST3GAL4	432.0	0.700	7209	Pericytes	group	37530	13.44	4.906	1.0	38	ok
Melanocyte	ST3GAL4	432.0	0.700	7209	Epithelium	group	250323	56.32	2.917	0.9302325581395349	43	ok
Melanocyte	ST3GAL4	432.0	0.700	7209	Endothelium	group	33262	7.25	5.713	1.0	45	ok
Melanocyte	ST3GAL4	432.0	0.700	7209	Immune	group	10003	11.13	5.158	1.0	46	ok
Melanocyte	ST3GAL4	432.0	0.700	7209	Schwann	group	6059	75.82	2.495	0.9714285714285714	35	ok
Melanocyte	ST3GAL4	432.0	0.700	7209	SMC	group	2801	14.48	4.806			ok
Melanocyte	ST3GAL4	432.0	0.700	7209	CornealEndo	group	432	6.00	5.951			ok
Melanocyte	RB1	824.4	0.733	7209	Keratocytes	group	103738	69.27	3.554	0.9705882352941176	34	ok
Melanocyte	RB1	824.4	0.733	7209	Fibroblast-stroma	group	126500	72.16	3.496	0.9047619047619048	42	ok
Melanocyte	RB1	824.4	0.733	7209	Pericytes	group	37530	87.18	3.227	0.9473684210526315	38	ok
Melanocyte	RB1	824.4	0.733	7209	Epithelium	group	250323	137.13	2.579	0.9069767441860465	43	ok
Melanocyte	RB1	824.4	0.733	7209	Endothelium	group	33262	146.25	2.487	0.8444444444444444	45	ok
Melanocyte	RB1	824.4	0.733	7209	Immune	group	10003	144.06	2.508	0.8695652173913043	46	ok
Melanocyte	RB1	824.4	0.733	7209	Schwann	group	6059	115.36	2.827	0.9142857142857143	35	ok
Melanocyte	RB1	824.4	0.733	7209	SMC	group	2801	37.27	4.431			ok
Melanocyte	RB1	824.4	0.733	7209	CornealEndo	group	432	121.05	2.758			ok
Melanocyte	FMN1	1254.6	0.830	7209	Keratocytes	group	103738	28.19	5.427	1.0	34	ok
Melanocyte	FMN1	1254.6	0.830	7209	Fibroblast-stroma	group	126500	6.55	7.378	1.0	42	ok
Melanocyte	FMN1	1254.6	0.830	7209	Pericytes	group	37530	0.62	9.602	1.0	38	ok
Melanocyte	FMN1	1254.6	0.830	7209	Epithelium	group	250323	27.53	5.460	1.0	43	ok
Melanocyte	FMN1	1254.6	0.830	7209	Endothelium	group	33262	1.58	8.925	1.0	45	ok
Melanocyte	FMN1	1254.6	0.830	7209	Immune	group	10003	230.72	2.438	0.9565217391304348	46	ok
Melanocyte	FMN1	1254.6	0.830	7209	Schwann	group	6059	3.10	8.257	1.0	35	ok
Melanocyte	FMN1	1254.6	0.830	7209	SMC	group	2801	5.67	7.556			ok
Melanocyte	FMN1	1254.6	0.830	7209	CornealEndo	group	432	4.36	7.871			ok
Melanocyte	HPS4	94.9	0.326	7209	Keratocytes	group	103738	14.12	2.665	0.9411764705882353	34	ok
Melanocyte	HPS4	94.9	0.326	7209	Fibroblast-stroma	group	126500	11.49	2.940	0.9523809523809523	42	ok
Melanocyte	HPS4	94.9	0.326	7209	Pericytes	group	37530	5.76	3.826	1.0	38	ok
Melanocyte	HPS4	94.9	0.326	7209	Epithelium	group	250323	13.77	2.699	0.9302325581395349	43	ok
Melanocyte	HPS4	94.9	0.326	7209	Endothelium	group	33262	13.84	2.692	0.9555555555555556	45	ok
Melanocyte	HPS4	94.9	0.326	7209	Immune	group	10003	13.83	2.693	0.9565217391304348	46	ok
Melanocyte	HPS4	94.9	0.326	7209	Schwann	group	6059	17.20	2.397	0.8571428571428571	35	ok
Melanocyte	HPS4	94.9	0.326	7209	SMC	group	2801	8.76	3.297			ok
Melanocyte	HPS4	94.9	0.326	7209	CornealEndo	group	432	33.81	1.462			ok
Melanocyte	C19ORF12	140.1	0.389	7209	Keratocytes	group	103738	17.72	2.914	0.8823529411764706	34	ok
Melanocyte	C19ORF12	140.1	0.389	7209	Fibroblast-stroma	group	126500	17.39	2.940	0.9523809523809523	42	ok
Melanocyte	C19ORF12	140.1	0.389	7209	Pericytes	group	37530	10.29	3.643	1.0	38	ok
Melanocyte	C19ORF12	140.1	0.389	7209	Epithelium	group	250323	7.07	4.129	1.0	43	ok
Melanocyte	C19ORF12	140.1	0.389	7209	Endothelium	group	33262	11.09	3.545	0.9555555555555556	45	ok
Melanocyte	C19ORF12	140.1	0.389	7209	Immune	group	10003	10.31	3.642	1.0	46	ok
Melanocyte	C19ORF12	140.1	0.389	7209	Schwann	group	6059	26.16	2.378	0.8857142857142857	35	ok
Melanocyte	C19ORF12	140.1	0.389	7209	SMC	group	2801	15.62	3.086			ok
Melanocyte	C19ORF12	140.1	0.389	7209	CornealEndo	group	432	12.00	3.441			ok
Melanocyte	PLXNC1	402.8	0.659	7209	Keratocytes	group	103738	10.78	5.099	1.0	34	ok
Melanocyte	PLXNC1	402.8	0.659	7209	Fibroblast-stroma	group	126500	15.20	4.639	1.0	42	ok
Melanocyte	PLXNC1	402.8	0.659	7209	Pericytes	group	37530	4.15	6.293	1.0	38	ok
Melanocyte	PLXNC1	402.8	0.659	7209	Epithelium	group	250323	3.80	6.395	1.0	43	ok
Melanocyte	PLXNC1	402.8	0.659	7209	Endothelium	group	33262	2.74	6.754	1.0	45	ok
Melanocyte	PLXNC1	402.8	0.659	7209	Immune	group	10003	77.13	2.370	0.8913043478260869	46	ok
Melanocyte	PLXNC1	402.8	0.659	7209	Schwann	group	6059	4.48	6.204	1.0	35	ok
Melanocyte	PLXNC1	402.8	0.659	7209	SMC	group	2801	3.73	6.415			ok
Melanocyte	PLXNC1	402.8	0.659	7209	CornealEndo	group	432	3.82	6.389			ok
Melanocyte	STXBP6	98.1	0.330	7209	Keratocytes	group	103738	0.43	6.119	1.0	34	ok
Melanocyte	STXBP6	98.1	0.330	7209	Fibroblast-stroma	group	126500	5.00	4.044	0.9285714285714286	42	ok
Melanocyte	STXBP6	98.1	0.330	7209	Pericytes	group	37530	19.91	2.245	0.8157894736842105	38	ok
Melanocyte	STXBP6	98.1	0.330	7209	Epithelium	group	250323	10.73	3.079	0.9534883720930233	43	ok
Melanocyte	STXBP6	98.1	0.330	7209	Endothelium	group	33262	12.94	2.829	0.7777777777777778	45	ok
Melanocyte	STXBP6	98.1	0.330	7209	Immune	group	10003	7.20	3.594	1.0	46	ok
Melanocyte	STXBP6	98.1	0.330	7209	Schwann	group	6059	14.50	2.676	0.9142857142857143	35	ok
Melanocyte	STXBP6	98.1	0.330	7209	SMC	group	2801	13.34	2.789			ok
Melanocyte	STXBP6	98.1	0.330	7209	CornealEndo	group	432	0.00	6.630			ok
Melanocyte	RAB32	585.5	0.665	7209	Keratocytes	group	103738	73.15	2.984	0.9411764705882353	34	ok
Melanocyte	RAB32	585.5	0.665	7209	Fibroblast-stroma	group	126500	78.98	2.875	0.8809523809523809	42	ok
Melanocyte	RAB32	585.5	0.665	7209	Pericytes	group	37530	40.42	3.824	0.9736842105263158	38	ok
Melanocyte	RAB32	585.5	0.665	7209	Epithelium	group	250323	24.07	4.548	1.0	43	ok
Melanocyte	RAB32	585.5	0.665	7209	Endothelium	group	33262	58.65	3.298	0.9555555555555556	45	ok
Melanocyte	RAB32	585.5	0.665	7209	Immune	group	10003	64.19	3.170	0.9347826086956522	46	ok
Melanocyte	RAB32	585.5	0.665	7209	Schwann	group	6059	123.30	2.238	0.8571428571428571	35	ok
Melanocyte	RAB32	585.5	0.665	7209	SMC	group	2801	28.91	4.294			ok
Melanocyte	RAB32	585.5	0.665	7209	CornealEndo	group	432	17.45	4.991			ok
Melanocyte	ILVBL	180.5	0.482	7209	Keratocytes	group	103738	15.02	3.502	0.9705882352941176	34	ok
Melanocyte	ILVBL	180.5	0.482	7209	Fibroblast-stroma	group	126500	11.67	3.840	0.9761904761904762	42	ok
Melanocyte	ILVBL	180.5	0.482	7209	Pericytes	group	37530	9.46	4.116	1.0	38	ok
Melanocyte	ILVBL	180.5	0.482	7209	Epithelium	group	250323	24.58	2.827	0.9069767441860465	43	ok
Melanocyte	ILVBL	180.5	0.482	7209	Endothelium	group	33262	13.36	3.660	0.9777777777777777	45	ok
Melanocyte	ILVBL	180.5	0.482	7209	Immune	group	10003	8.73	4.221	0.9782608695652174	46	ok
Melanocyte	ILVBL	180.5	0.482	7209	Schwann	group	6059	14.50	3.549	0.9428571428571428	35	ok
Melanocyte	ILVBL	180.5	0.482	7209	SMC	group	2801	37.47	2.238			ok
Melanocyte	ILVBL	180.5	0.482	7209	CornealEndo	group	432	10.36	3.998			ok
Schwann	XKR4	756.5	0.525	6059	Keratocytes	group	103738	0.28	9.209	0.9523809523809523	42	ok
Schwann	XKR4	756.5	0.525	6059	Fibroblast-stroma	group	126500	1.02	8.554	0.9787234042553191	47	ok
Schwann	XKR4	756.5	0.525	6059	Pericytes	group	37530	0.72	8.782	0.9787234042553191	47	ok
Schwann	XKR4	756.5	0.525	6059	Epithelium	group	250323	2.53	7.745	0.9761904761904762	42	ok
Schwann	XKR4	756.5	0.525	6059	Endothelium	group	33262	1.77	8.093	1.0	48	ok
Schwann	XKR4	756.5	0.525	6059	Immune	group	10003	0.22	9.276	1.0	47	ok
Schwann	XKR4	756.5	0.525	6059	Melanocytes	group	7209	0.53	8.954	1.0	35	ok
Schwann	XKR4	756.5	0.525	6059	SMC	group	2801	2.64	7.702			ok
Schwann	XKR4	756.5	0.525	6059	CornealEndo	group	432	0.55	8.937			ok
Schwann	MPZ	800.1	0.447	6059	Keratocytes	group	103738	0.33	9.239	1.0	42	ok
Schwann	MPZ	800.1	0.447	6059	Fibroblast-stroma	group	126500	0.69	8.889	0.9787234042553191	47	ok
Schwann	MPZ	800.1	0.447	6059	Pericytes	group	37530	1.63	8.251	0.9787234042553191	47	ok
Schwann	MPZ	800.1	0.447	6059	Epithelium	group	250323	0.26	9.313	0.9761904761904762	42	ok
Schwann	MPZ	800.1	0.447	6059	Endothelium	group	33262	1.15	8.543	0.9791666666666666	48	ok
Schwann	MPZ	800.1	0.447	6059	Immune	group	10003	1.09	8.585	0.9574468085106383	47	ok
Schwann	MPZ	800.1	0.447	6059	Melanocytes	group	7209	0.88	8.736	1.0	35	ok
Schwann	MPZ	800.1	0.447	6059	SMC	group	2801	5.32	6.985			ok
Schwann	MPZ	800.1	0.447	6059	CornealEndo	group	432	0.55	9.018			ok
Schwann	SCN7A	1144.9	0.695	6059	Keratocytes	group	103738	0.66	9.434	1.0	42	ok
Schwann	SCN7A	1144.9	0.695	6059	Fibroblast-stroma	group	126500	5.36	7.494	1.0	47	ok
Schwann	SCN7A	1144.9	0.695	6059	Pericytes	group	37530	1.46	8.863	1.0	47	ok
Schwann	SCN7A	1144.9	0.695	6059	Epithelium	group	250323	0.10	10.028	1.0	42	ok
Schwann	SCN7A	1144.9	0.695	6059	Endothelium	group	33262	0.67	9.425	1.0	48	ok
Schwann	SCN7A	1144.9	0.695	6059	Immune	group	10003	1.77	8.691	1.0	47	ok
Schwann	SCN7A	1144.9	0.695	6059	Melanocytes	group	7209	0.45	9.624	1.0	35	ok
Schwann	SCN7A	1144.9	0.695	6059	SMC	group	2801	10.20	6.677			ok
Schwann	SCN7A	1144.9	0.695	6059	CornealEndo	group	432	0.00	10.162			ok
Schwann	SOX2	207.8	0.316	6059	Keratocytes	group	103738	0.11	7.553	0.9761904761904762	42	ok
Schwann	SOX2	207.8	0.316	6059	Fibroblast-stroma	group	126500	0.20	7.444	1.0	47	ok
Schwann	SOX2	207.8	0.316	6059	Pericytes	group	37530	0.23	7.412	1.0	47	ok
Schwann	SOX2	207.8	0.316	6059	Epithelium	group	250323	0.22	7.420	0.9761904761904762	42	ok
Schwann	SOX2	207.8	0.316	6059	Endothelium	group	33262	0.12	7.544	1.0	48	ok
Schwann	SOX2	207.8	0.316	6059	Immune	group	10003	0.18	7.470	0.9787234042553191	47	ok
Schwann	SOX2	207.8	0.316	6059	Melanocytes	group	7209	0.23	7.412	1.0	35	ok
Schwann	SOX2	207.8	0.316	6059	SMC	group	2801	1.29	6.508			ok
Schwann	SOX2	207.8	0.316	6059	CornealEndo	group	432	0.00	7.706			ok
Schwann	FRMD5	746.0	0.511	6059	Keratocytes	group	103738	5.35	6.878	1.0	42	ok
Schwann	FRMD5	746.0	0.511	6059	Fibroblast-stroma	group	126500	4.15	7.181	1.0	47	ok
Schwann	FRMD5	746.0	0.511	6059	Pericytes	group	37530	3.02	7.537	1.0	47	ok
Schwann	FRMD5	746.0	0.511	6059	Epithelium	group	250323	4.10	7.195	1.0	42	ok
Schwann	FRMD5	746.0	0.511	6059	Endothelium	group	33262	1.74	8.089	1.0	48	ok
Schwann	FRMD5	746.0	0.511	6059	Immune	group	10003	2.35	7.801	1.0	47	ok
Schwann	FRMD5	746.0	0.511	6059	Melanocytes	group	7209	7.33	6.487	1.0	35	ok
Schwann	FRMD5	746.0	0.511	6059	SMC	group	2801	8.01	6.373			ok
Schwann	FRMD5	746.0	0.511	6059	CornealEndo	group	432	3.27	7.450			ok
Schwann	NRXN1	2643.5	0.826	6059	Keratocytes	group	103738	0.87	10.466	1.0	42	ok
Schwann	NRXN1	2643.5	0.826	6059	Fibroblast-stroma	group	126500	1.80	9.885	1.0	47	ok
Schwann	NRXN1	2643.5	0.826	6059	Pericytes	group	37530	1.99	9.787	1.0	47	ok
Schwann	NRXN1	2643.5	0.826	6059	Epithelium	group	250323	0.40	10.888	1.0	42	ok
Schwann	NRXN1	2643.5	0.826	6059	Endothelium	group	33262	1.94	9.811	1.0	48	ok
Schwann	NRXN1	2643.5	0.826	6059	Immune	group	10003	0.82	10.505	1.0	47	ok
Schwann	NRXN1	2643.5	0.826	6059	Melanocytes	group	7209	1.31	10.164	1.0	35	ok
Schwann	NRXN1	2643.5	0.826	6059	SMC	group	2801	40.06	6.009			ok
Schwann	NRXN1	2643.5	0.826	6059	CornealEndo	group	432	0.00	11.369			ok
Schwann	MYOT	131.4	0.250	6059	Keratocytes	group	103738	0.81	6.195	0.9761904761904762	42	ok
Schwann	MYOT	131.4	0.250	6059	Fibroblast-stroma	group	126500	0.53	6.434	0.9787234042553191	47	ok
Schwann	MYOT	131.4	0.250	6059	Pericytes	group	37530	0.38	6.586	1.0	47	ok
Schwann	MYOT	131.4	0.250	6059	Epithelium	group	250323	0.24	6.742	0.9761904761904762	42	ok
Schwann	MYOT	131.4	0.250	6059	Endothelium	group	33262	0.25	6.729	1.0	48	ok
Schwann	MYOT	131.4	0.250	6059	Immune	group	10003	0.47	6.498	1.0	47	ok
Schwann	MYOT	131.4	0.250	6059	Melanocytes	group	7209	1.03	6.028	1.0	35	ok
Schwann	MYOT	131.4	0.250	6059	SMC	group	2801	2.04	5.445			ok
Schwann	MYOT	131.4	0.250	6059	CornealEndo	group	432	1.09	5.985			ok
Schwann	NRXN3	721.5	0.637	6059	Keratocytes	group	103738	2.16	7.835	1.0	42	ok
Schwann	NRXN3	721.5	0.637	6059	Fibroblast-stroma	group	126500	13.86	5.604	1.0	47	ok
Schwann	NRXN3	721.5	0.637	6059	Pericytes	group	37530	8.18	6.299	1.0	47	ok
Schwann	NRXN3	721.5	0.637	6059	Epithelium	group	250323	7.95	6.334	1.0	42	ok
Schwann	NRXN3	721.5	0.637	6059	Endothelium	group	33262	8.57	6.238	1.0	48	ok
Schwann	NRXN3	721.5	0.637	6059	Immune	group	10003	1.42	8.223	1.0	47	ok
Schwann	NRXN3	721.5	0.637	6059	Melanocytes	group	7209	15.61	5.443	1.0	35	ok
Schwann	NRXN3	721.5	0.637	6059	SMC	group	2801	15.42	5.459			ok
Schwann	NRXN3	721.5	0.637	6059	CornealEndo	group	432	1312.48	-0.862			small-record
Schwann	NTM	418.0	0.420	6059	Keratocytes	group	103738	0.90	7.783	1.0	42	ok
Schwann	NTM	418.0	0.420	6059	Fibroblast-stroma	group	126500	9.42	5.329	0.9361702127659575	47	ok
Schwann	NTM	418.0	0.420	6059	Pericytes	group	37530	1.70	7.279	0.9787234042553191	47	ok
Schwann	NTM	418.0	0.420	6059	Epithelium	group	250323	0.93	7.762	1.0	42	ok
Schwann	NTM	418.0	0.420	6059	Endothelium	group	33262	0.76	7.895	1.0	48	ok
Schwann	NTM	418.0	0.420	6059	Immune	group	10003	9.93	5.261	0.9574468085106383	47	ok
Schwann	NTM	418.0	0.420	6059	Melanocytes	group	7209	0.80	7.860	1.0	35	ok
Schwann	NTM	418.0	0.420	6059	SMC	group	2801	5.08	6.108			ok
Schwann	NTM	418.0	0.420	6059	CornealEndo	group	432	0.00	8.711			ok
Schwann	COL28A1	267.6	0.406	6059	Keratocytes	group	103738	1.90	6.535	1.0	42	ok
Schwann	COL28A1	267.6	0.406	6059	Fibroblast-stroma	group	126500	1.90	6.535	1.0	47	ok
Schwann	COL28A1	267.6	0.406	6059	Pericytes	group	37530	0.38	7.600	1.0	47	ok
Schwann	COL28A1	267.6	0.406	6059	Epithelium	group	250323	6.82	5.102	0.9761904761904762	42	ok
Schwann	COL28A1	267.6	0.406	6059	Endothelium	group	33262	0.55	7.438	1.0	48	ok
Schwann	COL28A1	267.6	0.406	6059	Immune	group	10003	0.69	7.315	1.0	47	ok
Schwann	COL28A1	267.6	0.406	6059	Melanocytes	group	7209	0.38	7.608	1.0	35	ok
Schwann	COL28A1	267.6	0.406	6059	SMC	group	2801	4.98	5.490			ok
Schwann	COL28A1	267.6	0.406	6059	CornealEndo	group	432	1.64	6.671			ok
Schwann	GRIK2	498.0	0.485	6059	Keratocytes	group	103738	13.77	5.079	0.9285714285714286	42	ok
Schwann	GRIK2	498.0	0.485	6059	Fibroblast-stroma	group	126500	7.84	5.819	0.9361702127659575	47	ok
Schwann	GRIK2	498.0	0.485	6059	Pericytes	group	37530	1.30	7.759	1.0	47	ok
Schwann	GRIK2	498.0	0.485	6059	Epithelium	group	250323	4.14	6.600	0.9523809523809523	42	ok
Schwann	GRIK2	498.0	0.485	6059	Endothelium	group	33262	3.21	6.890	0.9583333333333334	48	ok
Schwann	GRIK2	498.0	0.485	6059	Immune	group	10003	1.02	7.949	1.0	47	ok
Schwann	GRIK2	498.0	0.485	6059	Melanocytes	group	7209	7.18	5.931	1.0	35	ok
Schwann	GRIK2	498.0	0.485	6059	SMC	group	2801	11.49	5.320			ok
Schwann	GRIK2	498.0	0.485	6059	CornealEndo	group	432	4.91	6.400			ok
Schwann	CADM2	1022.6	0.700	6059	Keratocytes	group	103738	3.16	7.945	1.0	42	ok
Schwann	CADM2	1022.6	0.700	6059	Fibroblast-stroma	group	126500	32.54	4.932	1.0	47	ok
Schwann	CADM2	1022.6	0.700	6059	Pericytes	group	37530	4.19	7.625	1.0	47	ok
Schwann	CADM2	1022.6	0.700	6059	Epithelium	group	250323	8.72	6.719	1.0	42	ok
Schwann	CADM2	1022.6	0.700	6059	Endothelium	group	33262	2.96	8.014	1.0	48	ok
Schwann	CADM2	1022.6	0.700	6059	Immune	group	10003	2.93	8.027	1.0	47	ok
Schwann	CADM2	1022.6	0.700	6059	Melanocytes	group	7209	6.02	7.187	1.0	35	ok
Schwann	CADM2	1022.6	0.700	6059	SMC	group	2801	38.16	4.708			ok
Schwann	CADM2	1022.6	0.700	6059	CornealEndo	group	432	193.57	2.395			ok
Schwann	SHC4	191.1	0.310	6059	Keratocytes	group	103738	0.77	6.765	0.9761904761904762	42	ok
Schwann	SHC4	191.1	0.310	6059	Fibroblast-stroma	group	126500	4.42	5.146	0.9787234042553191	47	ok
Schwann	SHC4	191.1	0.310	6059	Pericytes	group	37530	1.14	6.488	1.0	47	ok
Schwann	SHC4	191.1	0.310	6059	Epithelium	group	250323	0.44	7.060	0.9761904761904762	42	ok
Schwann	SHC4	191.1	0.310	6059	Endothelium	group	33262	0.45	7.050	1.0	48	ok
Schwann	SHC4	191.1	0.310	6059	Immune	group	10003	0.35	7.148	1.0	47	ok
Schwann	SHC4	191.1	0.310	6059	Melanocytes	group	7209	7.78	4.452	0.9714285714285714	35	ok
Schwann	SHC4	191.1	0.310	6059	SMC	group	2801	2.29	5.868			ok
Schwann	SHC4	191.1	0.310	6059	CornealEndo	group	432	171.22	0.158			small-record
Schwann	EGFL8	313.4	0.359	6059	Keratocytes	group	103738	6.57	5.376	1.0	42	ok
Schwann	EGFL8	313.4	0.359	6059	Fibroblast-stroma	group	126500	6.38	5.413	0.9787234042553191	47	ok
Schwann	EGFL8	313.4	0.359	6059	Pericytes	group	37530	13.80	4.409	0.9361702127659575	47	ok
Schwann	EGFL8	313.4	0.359	6059	Epithelium	group	250323	4.50	5.837	0.9761904761904762	42	ok
Schwann	EGFL8	313.4	0.359	6059	Endothelium	group	33262	16.91	4.134	0.9583333333333334	48	ok
Schwann	EGFL8	313.4	0.359	6059	Immune	group	10003	1.97	6.725	1.0	47	ok
Schwann	EGFL8	313.4	0.359	6059	Melanocytes	group	7209	9.99	4.838	0.9714285714285714	35	ok
Schwann	EGFL8	313.4	0.359	6059	SMC	group	2801	5.77	5.537			ok
Schwann	EGFL8	313.4	0.359	6059	CornealEndo	group	432	45.80	2.748			ok
Schwann	PPP2R2B	395.3	0.412	6059	Keratocytes	group	103738	0.73	7.841	1.0	42	ok
Schwann	PPP2R2B	395.3	0.412	6059	Fibroblast-stroma	group	126500	1.15	7.527	1.0	47	ok
Schwann	PPP2R2B	395.3	0.412	6059	Pericytes	group	37530	12.24	4.904	1.0	47	ok
Schwann	PPP2R2B	395.3	0.412	6059	Epithelium	group	250323	2.73	6.733	1.0	42	ok
Schwann	PPP2R2B	395.3	0.412	6059	Endothelium	group	33262	0.53	8.019	1.0	48	ok
Schwann	PPP2R2B	395.3	0.412	6059	Immune	group	10003	22.21	4.094	0.9148936170212766	47	ok
Schwann	PPP2R2B	395.3	0.412	6059	Melanocytes	group	7209	5.07	6.029	1.0	35	ok
Schwann	PPP2R2B	395.3	0.412	6059	SMC	group	2801	5.08	6.028			ok
Schwann	PPP2R2B	395.3	0.412	6059	CornealEndo	group	432	62.16	2.650			ok
Schwann	LRRC4C	176.3	0.293	6059	Keratocytes	group	103738	1.16	6.361	1.0	42	ok
Schwann	LRRC4C	176.3	0.293	6059	Fibroblast-stroma	group	126500	10.09	3.999	0.9787234042553191	47	ok
Schwann	LRRC4C	176.3	0.293	6059	Pericytes	group	37530	4.24	5.081	1.0	47	ok
Schwann	LRRC4C	176.3	0.293	6059	Epithelium	group	250323	0.40	6.982	1.0	42	ok
Schwann	LRRC4C	176.3	0.293	6059	Endothelium	group	33262	1.38	6.222	1.0	48	ok
Schwann	LRRC4C	176.3	0.293	6059	Immune	group	10003	1.86	5.953	1.0	47	ok
Schwann	LRRC4C	176.3	0.293	6059	Melanocytes	group	7209	0.98	6.486	1.0	35	ok
Schwann	LRRC4C	176.3	0.293	6059	SMC	group	2801	8.01	4.299			ok
Schwann	LRRC4C	176.3	0.293	6059	CornealEndo	group	432	4.91	4.908			ok
Schwann	KCNMB4	370.0	0.502	6059	Keratocytes	group	103738	23.13	3.942	0.9523809523809523	42	ok
Schwann	KCNMB4	370.0	0.502	6059	Fibroblast-stroma	group	126500	14.66	4.566	0.9574468085106383	47	ok
Schwann	KCNMB4	370.0	0.502	6059	Pericytes	group	37530	14.16	4.613	0.9787234042553191	47	ok
Schwann	KCNMB4	370.0	0.502	6059	Epithelium	group	250323	1.76	7.073	0.9761904761904762	42	ok
Schwann	KCNMB4	370.0	0.502	6059	Endothelium	group	33262	8.24	5.327	0.9791666666666666	48	ok
Schwann	KCNMB4	370.0	0.502	6059	Immune	group	10003	9.09	5.201	0.9787234042553191	47	ok
Schwann	KCNMB4	370.0	0.502	6059	Melanocytes	group	7209	3.54	6.353	1.0	35	ok
Schwann	KCNMB4	370.0	0.502	6059	SMC	group	2801	20.65	4.099			ok
Schwann	KCNMB4	370.0	0.502	6059	CornealEndo	group	432	17.45	4.330			ok
Schwann	SCN9A	156.5	0.303	6059	Keratocytes	group	103738	0.28	6.945	1.0	42	ok
Schwann	SCN9A	156.5	0.303	6059	Fibroblast-stroma	group	126500	0.38	6.832	1.0	47	ok
Schwann	SCN9A	156.5	0.303	6059	Pericytes	group	37530	0.48	6.730	1.0	47	ok
Schwann	SCN9A	156.5	0.303	6059	Epithelium	group	250323	0.25	6.982	1.0	42	ok
Schwann	SCN9A	156.5	0.303	6059	Endothelium	group	33262	9.58	3.895	0.9791666666666666	48	ok
Schwann	SCN9A	156.5	0.303	6059	Immune	group	10003	3.21	5.224	1.0	47	ok
Schwann	SCN9A	156.5	0.303	6059	Melanocytes	group	7209	0.93	6.351	1.0	35	ok
Schwann	SCN9A	156.5	0.303	6059	SMC	group	2801	2.14	5.648			ok
Schwann	SCN9A	156.5	0.303	6059	CornealEndo	group	432	1.09	6.235			ok
Schwann	ART3	129.4	0.250	6059	Keratocytes	group	103738	0.72	6.241	0.9523809523809523	42	ok
Schwann	ART3	129.4	0.250	6059	Fibroblast-stroma	group	126500	0.55	6.398	0.9787234042553191	47	ok
Schwann	ART3	129.4	0.250	6059	Pericytes	group	37530	2.97	5.037	1.0	47	ok
Schwann	ART3	129.4	0.250	6059	Epithelium	group	250323	0.37	6.572	0.9761904761904762	42	ok
Schwann	ART3	129.4	0.250	6059	Endothelium	group	33262	0.52	6.421	0.9791666666666666	48	ok
Schwann	ART3	129.4	0.250	6059	Immune	group	10003	0.44	6.498	1.0	47	ok
Schwann	ART3	129.4	0.250	6059	Melanocytes	group	7209	1.46	5.731	1.0	35	ok
Schwann	ART3	129.4	0.250	6059	SMC	group	2801	7.86	3.879			ok
Schwann	ART3	129.4	0.250	6059	CornealEndo	group	432	0.00	7.027			ok
Schwann	ASTN2	185.1	0.302	6059	Keratocytes	group	103738	9.97	4.084	1.0	42	ok
Schwann	ASTN2	185.1	0.302	6059	Fibroblast-stroma	group	126500	12.31	3.805	0.9574468085106383	47	ok
Schwann	ASTN2	185.1	0.302	6059	Pericytes	group	37530	11.46	3.901	0.9787234042553191	47	ok
Schwann	ASTN2	185.1	0.302	6059	Epithelium	group	250323	2.58	5.700	1.0	42	ok
Schwann	ASTN2	185.1	0.302	6059	Endothelium	group	33262	3.21	5.467	1.0	48	ok
Schwann	ASTN2	185.1	0.302	6059	Immune	group	10003	5.90	4.754	0.9787234042553191	47	ok
Schwann	ASTN2	185.1	0.302	6059	Melanocytes	group	7209	4.77	5.011	1.0	35	ok
Schwann	ASTN2	185.1	0.302	6059	SMC	group	2801	7.96	4.376			ok
Schwann	ASTN2	185.1	0.302	6059	CornealEndo	group	432	7.09	4.524			ok
Schwann	CDH19	2815.3	0.913	6059	Keratocytes	group	103738	0.61	10.773	1.0	42	ok
Schwann	CDH19	2815.3	0.913	6059	Fibroblast-stroma	group	126500	2.83	9.521	1.0	47	ok
Schwann	CDH19	2815.3	0.913	6059	Pericytes	group	37530	2.28	9.745	1.0	47	ok
Schwann	CDH19	2815.3	0.913	6059	Epithelium	group	250323	2.10	9.827	1.0	42	ok
Schwann	CDH19	2815.3	0.913	6059	Endothelium	group	33262	1.20	10.322	1.0	48	ok
Schwann	CDH19	2815.3	0.913	6059	Immune	group	10003	1.91	9.921	1.0	47	ok
Schwann	CDH19	2815.3	0.913	6059	Melanocytes	group	7209	211.65	3.727	1.0	35	ok
Schwann	CDH19	2815.3	0.913	6059	SMC	group	2801	48.12	5.841			ok
Schwann	CDH19	2815.3	0.913	6059	CornealEndo	group	432	0.00	11.460			ok
Schwann	TMOD2	161.3	0.306	6059	Keratocytes	group	103738	3.88	5.055	0.9523809523809523	42	ok
Schwann	TMOD2	161.3	0.306	6059	Fibroblast-stroma	group	126500	3.79	5.082	0.9574468085106383	47	ok
Schwann	TMOD2	161.3	0.306	6059	Pericytes	group	37530	3.50	5.174	0.9574468085106383	47	ok
Schwann	TMOD2	161.3	0.306	6059	Epithelium	group	250323	3.34	5.226	0.9523809523809523	42	ok
Schwann	TMOD2	161.3	0.306	6059	Endothelium	group	33262	11.54	3.694	0.8958333333333334	48	ok
Schwann	TMOD2	161.3	0.306	6059	Immune	group	10003	9.35	3.970	0.9148936170212766	47	ok
Schwann	TMOD2	161.3	0.306	6059	Melanocytes	group	7209	7.23	4.302	0.9714285714285714	35	ok
Schwann	TMOD2	161.3	0.306	6059	SMC	group	2801	6.17	4.500			ok
Schwann	TMOD2	161.3	0.306	6059	CornealEndo	group	432	0.00	7.342			ok
Schwann	RELN	262.3	0.353	6059	Keratocytes	group	103738	0.34	7.620	1.0	42	ok
Schwann	RELN	262.3	0.353	6059	Fibroblast-stroma	group	126500	4.57	5.563	1.0	47	ok
Schwann	RELN	262.3	0.353	6059	Pericytes	group	37530	0.44	7.513	1.0	47	ok
Schwann	RELN	262.3	0.353	6059	Epithelium	group	250323	3.86	5.759	0.9761904761904762	42	ok
Schwann	RELN	262.3	0.353	6059	Endothelium	group	33262	21.85	3.526	0.9166666666666666	48	ok
Schwann	RELN	262.3	0.353	6059	Immune	group	10003	0.35	7.603	1.0	47	ok
Schwann	RELN	262.3	0.353	6059	Melanocytes	group	7209	0.58	7.383	1.0	35	ok
Schwann	RELN	262.3	0.353	6059	SMC	group	2801	6.07	5.219			ok
Schwann	RELN	262.3	0.353	6059	CornealEndo	group	432	0.00	8.040			ok
Schwann	NEGR1	427.2	0.428	6059	Keratocytes	group	103738	2.79	6.820	1.0	42	ok
Schwann	NEGR1	427.2	0.428	6059	Fibroblast-stroma	group	126500	35.80	3.540	0.9361702127659575	47	ok
Schwann	NEGR1	427.2	0.428	6059	Pericytes	group	37530	18.90	4.428	0.9787234042553191	47	ok
Schwann	NEGR1	427.2	0.428	6059	Epithelium	group	250323	1.75	7.284	1.0	42	ok
Schwann	NEGR1	427.2	0.428	6059	Endothelium	group	33262	1.57	7.382	1.0	48	ok
Schwann	NEGR1	427.2	0.428	6059	Immune	group	10003	3.24	6.659	1.0	47	ok
Schwann	NEGR1	427.2	0.428	6059	Melanocytes	group	7209	2.33	7.005	1.0	35	ok
Schwann	NEGR1	427.2	0.428	6059	SMC	group	2801	37.82	3.464			ok
Schwann	NEGR1	427.2	0.428	6059	CornealEndo	group	432	5.45	6.052			ok
Schwann	IL1RAPL1	351.2	0.426	6059	Keratocytes	group	103738	3.60	6.259	0.9761904761904762	42	ok
Schwann	IL1RAPL1	351.2	0.426	6059	Fibroblast-stroma	group	126500	12.87	4.667	0.9574468085106383	47	ok
Schwann	IL1RAPL1	351.2	0.426	6059	Pericytes	group	37530	14.29	4.526	1.0	47	ok
Schwann	IL1RAPL1	351.2	0.426	6059	Epithelium	group	250323	1.38	7.207	0.9761904761904762	42	ok
Schwann	IL1RAPL1	351.2	0.426	6059	Endothelium	group	33262	1.42	7.187	1.0	48	ok
Schwann	IL1RAPL1	351.2	0.426	6059	Immune	group	10003	1.66	7.047	1.0	47	ok
Schwann	IL1RAPL1	351.2	0.426	6059	Melanocytes	group	7209	21.54	3.966	0.9428571428571428	35	ok
Schwann	IL1RAPL1	351.2	0.426	6059	SMC	group	2801	34.18	3.323			ok
Schwann	IL1RAPL1	351.2	0.426	6059	CornealEndo	group	432	0.55	7.832			ok
Schwann	SORCS1	901.6	0.705	6059	Keratocytes	group	103738	1.10	8.746	1.0	42	ok
Schwann	SORCS1	901.6	0.705	6059	Fibroblast-stroma	group	126500	5.35	7.152	1.0	47	ok
Schwann	SORCS1	901.6	0.705	6059	Pericytes	group	37530	1.09	8.756	1.0	47	ok
Schwann	SORCS1	901.6	0.705	6059	Epithelium	group	250323	0.57	9.169	1.0	42	ok
Schwann	SORCS1	901.6	0.705	6059	Endothelium	group	33262	0.79	8.981	1.0	48	ok
Schwann	SORCS1	901.6	0.705	6059	Immune	group	10003	3.61	7.612	1.0	47	ok
Schwann	SORCS1	901.6	0.705	6059	Melanocytes	group	7209	89.79	3.313	0.9428571428571428	35	ok
Schwann	SORCS1	901.6	0.705	6059	SMC	group	2801	38.31	4.521			ok
Schwann	SORCS1	901.6	0.705	6059	CornealEndo	group	432	29.44	4.890			ok
Schwann	FOXD3	132.8	0.253	6059	Keratocytes	group	103738	0.07	6.970	1.0	42	ok
Schwann	FOXD3	132.8	0.253	6059	Fibroblast-stroma	group	126500	0.24	6.758	0.9787234042553191	47	ok
Schwann	FOXD3	132.8	0.253	6059	Pericytes	group	37530	1.18	5.941	1.0	47	ok
Schwann	FOXD3	132.8	0.253	6059	Epithelium	group	250323	0.07	6.966	0.9761904761904762	42	ok
Schwann	FOXD3	132.8	0.253	6059	Endothelium	group	33262	0.11	6.915	1.0	48	ok
Schwann	FOXD3	132.8	0.253	6059	Immune	group	10003	0.07	6.971	1.0	47	ok
Schwann	FOXD3	132.8	0.253	6059	Melanocytes	group	7209	13.08	3.248	1.0	35	ok
Schwann	FOXD3	132.8	0.253	6059	SMC	group	2801	1.14	5.963			ok
Schwann	FOXD3	132.8	0.253	6059	CornealEndo	group	432	0.00	7.064			ok
Schwann	NKAIN3	237.8	0.342	6059	Keratocytes	group	103738	1.59	6.524	0.9523809523809523	42	ok
Schwann	NKAIN3	237.8	0.342	6059	Fibroblast-stroma	group	126500	2.85	5.956	0.9787234042553191	47	ok
Schwann	NKAIN3	237.8	0.342	6059	Pericytes	group	37530	0.89	6.982	1.0	47	ok
Schwann	NKAIN3	237.8	0.342	6059	Epithelium	group	250323	1.80	6.412	1.0	42	ok
Schwann	NKAIN3	237.8	0.342	6059	Endothelium	group	33262	0.28	7.538	1.0	48	ok
Schwann	NKAIN3	237.8	0.342	6059	Immune	group	10003	0.78	7.071	1.0	47	ok
Schwann	NKAIN3	237.8	0.342	6059	Melanocytes	group	7209	24.25	3.241	0.8	35	ok
Schwann	NKAIN3	237.8	0.342	6059	SMC	group	2801	5.87	5.119			ok
Schwann	NKAIN3	237.8	0.342	6059	CornealEndo	group	432	0.00	7.899			ok
Schwann	COL9A3	117.0	0.267	6059	Keratocytes	group	103738	0.17	6.657	1.0	42	ok
Schwann	COL9A3	117.0	0.267	6059	Fibroblast-stroma	group	126500	3.73	4.642	1.0	47	ok
Schwann	COL9A3	117.0	0.267	6059	Pericytes	group	37530	0.67	6.140	1.0	47	ok
Schwann	COL9A3	117.0	0.267	6059	Epithelium	group	250323	2.98	4.888	1.0	42	ok
Schwann	COL9A3	117.0	0.267	6059	Endothelium	group	33262	4.71	4.370	0.9791666666666666	48	ok
Schwann	COL9A3	117.0	0.267	6059	Immune	group	10003	1.77	5.411	1.0	47	ok
Schwann	COL9A3	117.0	0.267	6059	Melanocytes	group	7209	4.67	4.380	1.0	35	ok
Schwann	COL9A3	117.0	0.267	6059	SMC	group	2801	11.99	3.183			ok
Schwann	COL9A3	117.0	0.267	6059	CornealEndo	group	432	4.36	4.460			ok
Schwann	NCAM2	786.9	0.625	6059	Keratocytes	group	103738	2.09	7.995	1.0	42	ok
Schwann	NCAM2	786.9	0.625	6059	Fibroblast-stroma	group	126500	6.70	6.678	1.0	47	ok
Schwann	NCAM2	786.9	0.625	6059	Pericytes	group	37530	4.39	7.192	1.0	47	ok
Schwann	NCAM2	786.9	0.625	6059	Epithelium	group	250323	3.37	7.493	1.0	42	ok
Schwann	NCAM2	786.9	0.625	6059	Endothelium	group	33262	2.60	7.775	1.0	48	ok
Schwann	NCAM2	786.9	0.625	6059	Immune	group	10003	2.13	7.977	1.0	47	ok
Schwann	NCAM2	786.9	0.625	6059	Melanocytes	group	7209	86.88	3.165	0.9714285714285714	35	ok
Schwann	NCAM2	786.9	0.625	6059	SMC	group	2801	11.79	5.945			ok
Schwann	NCAM2	786.9	0.625	6059	CornealEndo	group	432	0.55	8.994			ok
Schwann	SAMHD1	346.8	0.490	6059	Keratocytes	group	103738	4.82	5.901	1.0	42	ok
Schwann	SAMHD1	346.8	0.490	6059	Fibroblast-stroma	group	126500	14.08	4.527	0.9787234042553191	47	ok
Schwann	SAMHD1	346.8	0.490	6059	Pericytes	group	37530	37.63	3.171	0.8723404255319149	47	ok
Schwann	SAMHD1	346.8	0.490	6059	Epithelium	group	250323	1.88	6.917	1.0	42	ok
Schwann	SAMHD1	346.8	0.490	6059	Endothelium	group	33262	34.99	3.273	0.9791666666666666	48	ok
Schwann	SAMHD1	346.8	0.490	6059	Immune	group	10003	37.97	3.158	0.851063829787234	47	ok
Schwann	SAMHD1	346.8	0.490	6059	Melanocytes	group	7209	15.84	4.368	1.0	35	ok
Schwann	SAMHD1	346.8	0.490	6059	SMC	group	2801	17.51	4.231			ok
Schwann	SAMHD1	346.8	0.490	6059	CornealEndo	group	432	3.27	6.347			ok
Schwann	TMEM176B	443.2	0.486	6059	Keratocytes	group	103738	1.24	7.629	1.0	42	ok
Schwann	TMEM176B	443.2	0.486	6059	Fibroblast-stroma	group	126500	27.64	3.955	0.8723404255319149	47	ok
Schwann	TMEM176B	443.2	0.486	6059	Pericytes	group	37530	43.15	3.331	0.9574468085106383	47	ok
Schwann	TMEM176B	443.2	0.486	6059	Epithelium	group	250323	0.69	8.039	1.0	42	ok
Schwann	TMEM176B	443.2	0.486	6059	Endothelium	group	33262	2.94	6.816	1.0	48	ok
Schwann	TMEM176B	443.2	0.486	6059	Immune	group	10003	55.34	2.979	0.9361702127659575	47	ok
Schwann	TMEM176B	443.2	0.486	6059	Melanocytes	group	7209	1.36	7.559	1.0	35	ok
Schwann	TMEM176B	443.2	0.486	6059	SMC	group	2801	11.99	5.096			ok
Schwann	TMEM176B	443.2	0.486	6059	CornealEndo	group	432	0.00	8.795			ok
Schwann	ANK3	701.8	0.630	6059	Keratocytes	group	103738	0.80	8.609	1.0	42	ok
Schwann	ANK3	701.8	0.630	6059	Fibroblast-stroma	group	126500	7.17	6.427	1.0	47	ok
Schwann	ANK3	701.8	0.630	6059	Pericytes	group	37530	10.05	5.991	1.0	47	ok
Schwann	ANK3	701.8	0.630	6059	Epithelium	group	250323	37.44	4.193	0.9523809523809523	42	ok
Schwann	ANK3	701.8	0.630	6059	Endothelium	group	33262	1.86	7.940	1.0	48	ok
Schwann	ANK3	701.8	0.630	6059	Immune	group	10003	88.54	2.972	0.9361702127659575	47	ok
Schwann	ANK3	701.8	0.630	6059	Melanocytes	group	7209	2.33	7.719	1.0	35	ok
Schwann	ANK3	701.8	0.630	6059	SMC	group	2801	15.87	5.380			ok
Schwann	ANK3	701.8	0.630	6059	CornealEndo	group	432	81.79	3.086			ok
Schwann	EHBP1	657.3	0.607	6059	Keratocytes	group	103738	74.46	3.125	0.9285714285714286	42	ok
Schwann	EHBP1	657.3	0.607	6059	Fibroblast-stroma	group	126500	60.56	3.419	1.0	47	ok
Schwann	EHBP1	657.3	0.607	6059	Pericytes	group	37530	50.95	3.664	1.0	47	ok
Schwann	EHBP1	657.3	0.607	6059	Epithelium	group	250323	64.31	3.333	1.0	42	ok
Schwann	EHBP1	657.3	0.607	6059	Endothelium	group	33262	57.70	3.487	0.9791666666666666	48	ok
Schwann	EHBP1	657.3	0.607	6059	Immune	group	10003	21.34	4.881	1.0	47	ok
Schwann	EHBP1	657.3	0.607	6059	Melanocytes	group	7209	87.60	2.893	1.0	35	ok
Schwann	EHBP1	657.3	0.607	6059	SMC	group	2801	49.86	3.694			ok
Schwann	EHBP1	657.3	0.607	6059	CornealEndo	group	432	55.07	3.553			ok
Schwann	STARD13	1020.7	0.719	6059	Keratocytes	group	103738	16.99	5.828	1.0	42	ok
Schwann	STARD13	1020.7	0.719	6059	Fibroblast-stroma	group	126500	49.51	4.338	1.0	47	ok
Schwann	STARD13	1020.7	0.719	6059	Pericytes	group	37530	142.04	2.837	1.0	47	ok
Schwann	STARD13	1020.7	0.719	6059	Epithelium	group	250323	17.05	5.823	1.0	42	ok
Schwann	STARD13	1020.7	0.719	6059	Endothelium	group	33262	72.24	3.802	1.0	48	ok
Schwann	STARD13	1020.7	0.719	6059	Immune	group	10003	80.50	3.648	0.9787234042553191	47	ok
Schwann	STARD13	1020.7	0.719	6059	Melanocytes	group	7209	18.75	5.693	1.0	35	ok
Schwann	STARD13	1020.7	0.719	6059	SMC	group	2801	47.82	4.387			ok
Schwann	STARD13	1020.7	0.719	6059	CornealEndo	group	432	105.78	3.258			ok
Schwann	LGI4	430.4	0.515	6059	Keratocytes	group	103738	2.58	6.912	1.0	42	ok
Schwann	LGI4	430.4	0.515	6059	Fibroblast-stroma	group	126500	3.33	6.638	1.0	47	ok
Schwann	LGI4	430.4	0.515	6059	Pericytes	group	37530	62.16	2.772	0.851063829787234	47	ok
Schwann	LGI4	430.4	0.515	6059	Epithelium	group	250323	0.46	8.203	1.0	42	ok
Schwann	LGI4	430.4	0.515	6059	Endothelium	group	33262	1.04	7.721	1.0	48	ok
Schwann	LGI4	430.4	0.515	6059	Immune	group	10003	1.13	7.662	1.0	47	ok
Schwann	LGI4	430.4	0.515	6059	Melanocytes	group	7209	8.69	5.477	1.0	35	ok
Schwann	LGI4	430.4	0.515	6059	SMC	group	2801	58.96	2.847			ok
Schwann	LGI4	430.4	0.515	6059	CornealEndo	group	432	0.00	8.753			ok
Schwann	ADGRB3	1087.4	0.653	6059	Keratocytes	group	103738	1.15	8.981	1.0	42	ok
Schwann	ADGRB3	1087.4	0.653	6059	Fibroblast-stroma	group	126500	14.88	6.099	1.0	47	ok
Schwann	ADGRB3	1087.4	0.653	6059	Pericytes	group	37530	90.08	3.579	0.851063829787234	47	ok
Schwann	ADGRB3	1087.4	0.653	6059	Epithelium	group	250323	2.03	8.486	1.0	42	ok
Schwann	ADGRB3	1087.4	0.653	6059	Endothelium	group	33262	3.13	8.042	1.0	48	ok
Schwann	ADGRB3	1087.4	0.653	6059	Immune	group	10003	18.46	5.805	1.0	47	ok
Schwann	ADGRB3	1087.4	0.653	6059	Melanocytes	group	7209	33.89	4.963	1.0	35	ok
Schwann	ADGRB3	1087.4	0.653	6059	SMC	group	2801	160.82	2.750			ok
Schwann	ADGRB3	1087.4	0.653	6059	CornealEndo	group	432	0.00	10.088			ok
Schwann	SEMA3B	278.9	0.475	6059	Keratocytes	group	103738	44.80	2.611	0.8571428571428571	42	ok
Schwann	SEMA3B	278.9	0.475	6059	Fibroblast-stroma	group	126500	22.01	3.604	1.0	47	ok
Schwann	SEMA3B	278.9	0.475	6059	Pericytes	group	37530	5.02	5.539	1.0	47	ok
Schwann	SEMA3B	278.9	0.475	6059	Epithelium	group	250323	4.07	5.787	1.0	42	ok
Schwann	SEMA3B	278.9	0.475	6059	Endothelium	group	33262	3.86	5.848	1.0	48	ok
Schwann	SEMA3B	278.9	0.475	6059	Immune	group	10003	2.28	6.414	1.0	47	ok
Schwann	SEMA3B	278.9	0.475	6059	Melanocytes	group	7209	7.05	5.119	1.0	35	ok
Schwann	SEMA3B	278.9	0.475	6059	SMC	group	2801	7.02	5.126			ok
Schwann	SEMA3B	278.9	0.475	6059	CornealEndo	group	432	94.33	1.554			ok
Schwann	MATN2	198.8	0.332	6059	Keratocytes	group	103738	9.45	4.257	0.9761904761904762	42	ok
Schwann	MATN2	198.8	0.332	6059	Fibroblast-stroma	group	126500	15.77	3.574	0.9574468085106383	47	ok
Schwann	MATN2	198.8	0.332	6059	Pericytes	group	37530	3.85	5.365	1.0	47	ok
Schwann	MATN2	198.8	0.332	6059	Epithelium	group	250323	32.07	2.595	0.8809523809523809	42	ok
Schwann	MATN2	198.8	0.332	6059	Endothelium	group	33262	15.50	3.598	0.9583333333333334	48	ok
Schwann	MATN2	198.8	0.332	6059	Immune	group	10003	1.53	6.304	1.0	47	ok
Schwann	MATN2	198.8	0.332	6059	Melanocytes	group	7209	13.58	3.777	1.0	35	ok
Schwann	MATN2	198.8	0.332	6059	SMC	group	2801	3.73	5.400			ok
Schwann	MATN2	198.8	0.332	6059	CornealEndo	group	432	4.36	5.220			ok
Schwann	AATK	126.4	0.253	6059	Keratocytes	group	103738	5.58	4.274	0.8809523809523809	42	ok
Schwann	AATK	126.4	0.253	6059	Fibroblast-stroma	group	126500	14.67	3.023	0.9148936170212766	47	ok
Schwann	AATK	126.4	0.253	6059	Pericytes	group	37530	4.67	4.488	1.0	47	ok
Schwann	AATK	126.4	0.253	6059	Epithelium	group	250323	6.33	4.119	0.9285714285714286	42	ok
Schwann	AATK	126.4	0.253	6059	Endothelium	group	33262	4.28	4.593	0.9583333333333334	48	ok
Schwann	AATK	126.4	0.253	6059	Immune	group	10003	9.29	3.630	0.9148936170212766	47	ok
Schwann	AATK	126.4	0.253	6059	Melanocytes	group	7209	18.88	2.680	0.9428571428571428	35	ok
Schwann	AATK	126.4	0.253	6059	SMC	group	2801	20.55	2.563			ok
Schwann	AATK	126.4	0.253	6059	CornealEndo	group	432	48.53	1.363			ok
Schwann	CHL1	486.2	0.576	6059	Keratocytes	group	103738	28.08	4.066	0.9761904761904762	42	ok
Schwann	CHL1	486.2	0.576	6059	Fibroblast-stroma	group	126500	13.12	5.109	1.0	47	ok
Schwann	CHL1	486.2	0.576	6059	Pericytes	group	37530	0.78	8.098	1.0	47	ok
Schwann	CHL1	486.2	0.576	6059	Epithelium	group	250323	83.81	2.522	0.8809523809523809	42	ok
Schwann	CHL1	486.2	0.576	6059	Endothelium	group	33262	2.54	7.105	1.0	48	ok
Schwann	CHL1	486.2	0.576	6059	Immune	group	10003	1.57	7.564	1.0	47	ok
Schwann	CHL1	486.2	0.576	6059	Melanocytes	group	7209	41.34	3.524	0.9714285714285714	35	ok
Schwann	CHL1	486.2	0.576	6059	SMC	group	2801	3.78	6.671			ok
Schwann	CHL1	486.2	0.576	6059	CornealEndo	group	432	0.00	8.928			ok
Schwann	CADM1	655.6	0.656	6059	Keratocytes	group	103738	41.20	3.960	1.0	42	ok
Schwann	CADM1	655.6	0.656	6059	Fibroblast-stroma	group	126500	114.52	2.507	0.9574468085106383	47	ok
Schwann	CADM1	655.6	0.656	6059	Pericytes	group	37530	104.58	2.637	0.9787234042553191	47	ok
Schwann	CADM1	655.6	0.656	6059	Epithelium	group	250323	47.02	3.773	1.0	42	ok
Schwann	CADM1	655.6	0.656	6059	Endothelium	group	33262	28.23	4.489	1.0	48	ok
Schwann	CADM1	655.6	0.656	6059	Immune	group	10003	88.46	2.876	0.9787234042553191	47	ok
Schwann	CADM1	655.6	0.656	6059	Melanocytes	group	7209	65.87	3.296	1.0	35	ok
Schwann	CADM1	655.6	0.656	6059	SMC	group	2801	114.10	2.512			ok
Schwann	CADM1	655.6	0.656	6059	CornealEndo	group	432	414.95	0.659			small-record
Schwann	VWA1	338.4	0.445	6059	Keratocytes	group	103738	2.54	6.582	1.0	42	ok
Schwann	VWA1	338.4	0.445	6059	Fibroblast-stroma	group	126500	3.35	6.285	1.0	47	ok
Schwann	VWA1	338.4	0.445	6059	Pericytes	group	37530	8.14	5.215	1.0	47	ok
Schwann	VWA1	338.4	0.445	6059	Epithelium	group	250323	8.27	5.194	1.0	42	ok
Schwann	VWA1	338.4	0.445	6059	Endothelium	group	33262	59.71	2.483	0.8125	48	ok
Schwann	VWA1	338.4	0.445	6059	Immune	group	10003	0.40	7.923	1.0	47	ok
Schwann	VWA1	338.4	0.445	6059	Melanocytes	group	7209	10.49	4.884	1.0	35	ok
Schwann	VWA1	338.4	0.445	6059	SMC	group	2801	56.82	2.553			ok
Schwann	VWA1	338.4	0.445	6059	CornealEndo	group	432	0.55	7.779			ok
Schwann	SPATA13	269.1	0.392	6059	Keratocytes	group	103738	20.94	3.622	0.9761904761904762	42	ok
Schwann	SPATA13	269.1	0.392	6059	Fibroblast-stroma	group	126500	25.59	3.345	1.0	47	ok
Schwann	SPATA13	269.1	0.392	6059	Pericytes	group	37530	13.78	4.192	1.0	47	ok
Schwann	SPATA13	269.1	0.392	6059	Epithelium	group	250323	22.95	3.496	0.9523809523809523	42	ok
Schwann	SPATA13	269.1	0.392	6059	Endothelium	group	33262	32.26	3.022	0.9375	48	ok
Schwann	SPATA13	269.1	0.392	6059	Immune	group	10003	48.38	2.451	0.8723404255319149	47	ok
Schwann	SPATA13	269.1	0.392	6059	Melanocytes	group	7209	23.77	3.447	1.0	35	ok
Schwann	SPATA13	269.1	0.392	6059	SMC	group	2801	28.11	3.214			ok
Schwann	SPATA13	269.1	0.392	6059	CornealEndo	group	432	34.90	2.912			ok
Schwann	PTPRZ1	279.0	0.396	6059	Keratocytes	group	103738	0.43	7.613	1.0	42	ok
Schwann	PTPRZ1	279.0	0.396	6059	Fibroblast-stroma	group	126500	2.10	6.499	1.0	47	ok
Schwann	PTPRZ1	279.0	0.396	6059	Pericytes	group	37530	6.07	5.307	1.0	47	ok
Schwann	PTPRZ1	279.0	0.396	6059	Epithelium	group	250323	14.10	4.213	0.9523809523809523	42	ok
Schwann	PTPRZ1	279.0	0.396	6059	Endothelium	group	33262	0.39	7.656	1.0	48	ok
Schwann	PTPRZ1	279.0	0.396	6059	Immune	group	10003	0.40	7.645	1.0	47	ok
Schwann	PTPRZ1	279.0	0.396	6059	Melanocytes	group	7209	50.96	2.430	0.8571428571428571	35	ok
Schwann	PTPRZ1	279.0	0.396	6059	SMC	group	2801	5.03	5.538			ok
Schwann	PTPRZ1	279.0	0.396	6059	CornealEndo	group	432	0.00	8.129			ok
Schwann	FIGN	246.4	0.386	6059	Keratocytes	group	103738	21.48	3.460	1.0	42	ok
Schwann	FIGN	246.4	0.386	6059	Fibroblast-stroma	group	126500	12.94	4.150	1.0	47	ok
Schwann	FIGN	246.4	0.386	6059	Pericytes	group	37530	16.98	3.783	0.9574468085106383	47	ok
Schwann	FIGN	246.4	0.386	6059	Epithelium	group	250323	0.24	7.643	1.0	42	ok
Schwann	FIGN	246.4	0.386	6059	Endothelium	group	33262	0.48	7.389	1.0	48	ok
Schwann	FIGN	246.4	0.386	6059	Immune	group	10003	0.35	7.513	1.0	47	ok
Schwann	FIGN	246.4	0.386	6059	Melanocytes	group	7209	45.68	2.406	0.9142857142857143	35	ok
Schwann	FIGN	246.4	0.386	6059	SMC	group	2801	3.88	5.663			ok
Schwann	FIGN	246.4	0.386	6059	CornealEndo	group	432	23.45	3.339			ok
Schwann	S100B	1087.3	0.625	6059	Keratocytes	group	103738	9.87	6.646	1.0	42	ok
Schwann	S100B	1087.3	0.625	6059	Fibroblast-stroma	group	126500	19.82	5.708	1.0	47	ok
Schwann	S100B	1087.3	0.625	6059	Pericytes	group	37530	1.14	8.993	1.0	47	ok
Schwann	S100B	1087.3	0.625	6059	Epithelium	group	250323	0.39	9.613	1.0	42	ok
Schwann	S100B	1087.3	0.625	6059	Endothelium	group	33262	1.18	8.961	1.0	48	ok
Schwann	S100B	1087.3	0.625	6059	Immune	group	10003	23.16	5.493	1.0	47	ok
Schwann	S100B	1087.3	0.625	6059	Melanocytes	group	7209	208.67	2.376	0.9142857142857143	35	ok
Schwann	S100B	1087.3	0.625	6059	SMC	group	2801	21.55	5.593			ok
Schwann	S100B	1087.3	0.625	6059	CornealEndo	group	432	0.55	9.460			ok
Schwann	SCCPDH	170.2	0.333	6059	Keratocytes	group	103738	1.75	5.963	1.0	42	ok
Schwann	SCCPDH	170.2	0.333	6059	Fibroblast-stroma	group	126500	6.99	4.421	1.0	47	ok
Schwann	SCCPDH	170.2	0.333	6059	Pericytes	group	37530	18.11	3.164	0.9574468085106383	47	ok
Schwann	SCCPDH	170.2	0.333	6059	Epithelium	group	250323	20.01	3.027	0.9761904761904762	42	ok
Schwann	SCCPDH	170.2	0.333	6059	Endothelium	group	33262	14.20	3.494	0.9791666666666666	48	ok
Schwann	SCCPDH	170.2	0.333	6059	Immune	group	10003	6.14	4.584	1.0	47	ok
Schwann	SCCPDH	170.2	0.333	6059	Melanocytes	group	7209	20.31	3.007	0.9714285714285714	35	ok
Schwann	SCCPDH	170.2	0.333	6059	SMC	group	2801	32.04	2.374			ok
Schwann	SCCPDH	170.2	0.333	6059	CornealEndo	group	432	0.00	7.420			ok
Schwann	ZNF536	228.4	0.388	6059	Keratocytes	group	103738	1.02	6.826	1.0	42	ok
Schwann	ZNF536	228.4	0.388	6059	Fibroblast-stroma	group	126500	43.96	2.351	0.8936170212765957	47	ok
Schwann	ZNF536	228.4	0.388	6059	Pericytes	group	37530	2.87	5.891	1.0	47	ok
Schwann	ZNF536	228.4	0.388	6059	Epithelium	group	250323	0.44	7.317	1.0	42	ok
Schwann	ZNF536	228.4	0.388	6059	Endothelium	group	33262	0.51	7.245	1.0	48	ok
Schwann	ZNF536	228.4	0.388	6059	Immune	group	10003	1.20	6.706	1.0	47	ok
Schwann	ZNF536	228.4	0.388	6059	Melanocytes	group	7209	0.95	6.875	1.0	35	ok
Schwann	ZNF536	228.4	0.388	6059	SMC	group	2801	7.96	4.678			ok
Schwann	ZNF536	228.4	0.388	6059	CornealEndo	group	432	2.73	5.944			ok
Schwann	RASSF4	168.3	0.316	6059	Keratocytes	group	103738	6.97	4.408	1.0	42	ok
Schwann	RASSF4	168.3	0.316	6059	Fibroblast-stroma	group	126500	6.04	4.588	1.0	47	ok
Schwann	RASSF4	168.3	0.316	6059	Pericytes	group	37530	19.04	3.079	1.0	47	ok
Schwann	RASSF4	168.3	0.316	6059	Epithelium	group	250323	3.37	5.276	1.0	42	ok
Schwann	RASSF4	168.3	0.316	6059	Endothelium	group	33262	8.76	4.117	0.8958333333333334	48	ok
Schwann	RASSF4	168.3	0.316	6059	Immune	group	10003	35.88	2.198	0.8723404255319149	47	ok
Schwann	RASSF4	168.3	0.316	6059	Melanocytes	group	7209	4.14	5.041	0.9714285714285714	35	ok
Schwann	RASSF4	168.3	0.316	6059	SMC	group	2801	19.16	3.070			ok
Schwann	RASSF4	168.3	0.316	6059	CornealEndo	group	432	10.91	3.830			ok
Schwann	NDRG2	268.1	0.429	6059	Keratocytes	group	103738	16.68	3.928	0.9761904761904762	42	ok
Schwann	NDRG2	268.1	0.429	6059	Fibroblast-stroma	group	126500	16.79	3.919	1.0	47	ok
Schwann	NDRG2	268.1	0.429	6059	Pericytes	group	37530	63.92	2.051	0.7659574468085106	47	ok
Schwann	NDRG2	268.1	0.429	6059	Epithelium	group	250323	50.74	2.379	0.7857142857142857	42	ok
Schwann	NDRG2	268.1	0.429	6059	Endothelium	group	33262	9.43	4.689	0.9791666666666666	48	ok
Schwann	NDRG2	268.1	0.429	6059	Immune	group	10003	10.77	4.515	1.0	47	ok
Schwann	NDRG2	268.1	0.429	6059	Melanocytes	group	7209	44.33	2.570	0.9142857142857143	35	ok
Schwann	NDRG2	268.1	0.429	6059	SMC	group	2801	45.23	2.541			ok
Schwann	NDRG2	268.1	0.429	6059	CornealEndo	group	432	26.72	3.279			ok
Schwann	DAG1	160.0	0.316	6059	Keratocytes	group	103738	14.81	3.348	1.0	42	ok
Schwann	DAG1	160.0	0.316	6059	Fibroblast-stroma	group	126500	14.99	3.332	1.0	47	ok
Schwann	DAG1	160.0	0.316	6059	Pericytes	group	37530	22.95	2.749	0.9574468085106383	47	ok
Schwann	DAG1	160.0	0.316	6059	Epithelium	group	250323	12.72	3.553	0.9761904761904762	42	ok
Schwann	DAG1	160.0	0.316	6059	Endothelium	group	33262	16.45	3.205	0.9791666666666666	48	ok
Schwann	DAG1	160.0	0.316	6059	Immune	group	10003	9.60	3.925	1.0	47	ok
Schwann	DAG1	160.0	0.316	6059	Melanocytes	group	7209	38.08	2.043	0.8571428571428571	35	ok
Schwann	DAG1	160.0	0.316	6059	SMC	group	2801	25.77	2.588			ok
Schwann	DAG1	160.0	0.316	6059	CornealEndo	group	432	49.07	1.685			ok
Conj_suprabasal	SLURP2	355.4	0.394	7264	Keratocytes	group	103738	0.13	8.306	0.875	16	ok
Conj_suprabasal	SLURP2	355.4	0.394	7264	Fibroblast-stroma	group	126500	0.16	8.259	0.75	16	ok
Conj_suprabasal	SLURP2	355.4	0.394	7264	Pericytes	group	37530	1.46	7.181	0.6875	16	ok
Conj_suprabasal	SLURP2	355.4	0.394	7264	Endothelium	group	33262	0.38	8.010	0.875	16	ok
Conj_suprabasal	SLURP2	355.4	0.394	7264	Immune	group	10003	0.24	8.163	0.9411764705882353	17	ok
Conj_suprabasal	SLURP2	355.4	0.394	7264	Melanocytes	group	7209	0.23	8.184	1.0	17	ok
Conj_suprabasal	SLURP2	355.4	0.394	7264	Schwann	group	6059	0.31	8.093	0.875	16	ok
Conj_suprabasal	SLURP2	355.4	0.394	7264	SMC	group	2801	1.94	6.921			ok
Conj_suprabasal	SLURP2	355.4	0.394	7264	CornealEndo	group	432	2.73	6.580			ok
Conj_suprabasal	SLURP2	355.4	0.394	7264	Artery	author	1211	0.00	8.477			ok
Conj_suprabasal	SLURP2	355.4	0.394	7264	Conj_basal	author	18732	13.80	4.590			ok
Conj_suprabasal	SLURP2	355.4	0.394	7264	Corneal_basal_lTAC	author	7301	0.15	8.270			ok
Conj_suprabasal	SLURP2	355.4	0.394	7264	Corneal_superficial_TDC	author	63553	4.29	6.073			ok
Conj_suprabasal	SLURP2	355.4	0.394	7264	Corneal_suprabasal_PMC	author	45660	0.10	8.339			ok
Conj_suprabasal	SLURP2	355.4	0.394	7264	Limbus_basal_LSC/LPC	author	27508	0.24	8.169			ok
Conj_suprabasal	SLURP2	355.4	0.394	7264	Limbus_superficial_TDC_like	author	18530	1.47	7.174			ok
Conj_suprabasal	SLURP2	355.4	0.394	7264	Limbus_suprabasal_eTAC_ConjFate	author	29438	0.01	8.458			ok
Conj_suprabasal	SLURP2	355.4	0.394	7264	Limbus_suprabasal_eTAC_CorFate	author	28791	16.07	4.384			ok
Conj_suprabasal	SLURP2	355.4	0.394	7264	Lymphatic_Endo	author	3425	3.26	6.388			ok
Conj_suprabasal	SLURP2	355.4	0.394	7264	Melanocytes	author	7209	0.23	8.184			ok
Conj_suprabasal	SLURP2	355.4	0.394	7264	Monocytes	author	253	3.67	6.254			ok
Conj_suprabasal	SLURP2	355.4	0.394	7264	NK/T Cells	author	3944	0.36	8.031			ok
Conj_suprabasal	SLURP2	355.4	0.394	7264	Venule_postCapillary	author	5407	0.06	8.390			ok
Conj_suprabasal	KRTDAP	110.5	0.283	7264	Keratocytes	group	103738	0.03	6.752	1.0	16	ok
Conj_suprabasal	KRTDAP	110.5	0.283	7264	Fibroblast-stroma	group	126500	0.23	6.497	0.9375	16	ok
Conj_suprabasal	KRTDAP	110.5	0.283	7264	Pericytes	group	37530	0.04	6.748	0.9375	16	ok
Conj_suprabasal	KRTDAP	110.5	0.283	7264	Endothelium	group	33262	0.14	6.605	0.9375	16	ok
Conj_suprabasal	KRTDAP	110.5	0.283	7264	Immune	group	10003	0.13	6.620	0.9411764705882353	17	ok
Conj_suprabasal	KRTDAP	110.5	0.283	7264	Melanocytes	group	7209	1.08	5.744	0.8823529411764706	17	ok
Conj_suprabasal	KRTDAP	110.5	0.283	7264	Schwann	group	6059	0.20	6.533	1.0	16	ok
Conj_suprabasal	KRTDAP	110.5	0.283	7264	SMC	group	2801	0.30	6.423			ok
Conj_suprabasal	KRTDAP	110.5	0.283	7264	CornealEndo	group	432	2.18	5.131			ok
Conj_suprabasal	KRTDAP	110.5	0.283	7264	Artery	author	1211	0.00	6.800			ok
Conj_suprabasal	KRTDAP	110.5	0.283	7264	Conj_basal	author	18732	1.73	5.350			ok
Conj_suprabasal	KRTDAP	110.5	0.283	7264	Corneal_basal_lTAC	author	7301	0.04	6.743			ok
Conj_suprabasal	KRTDAP	110.5	0.283	7264	Corneal_superficial_TDC	author	63553	0.23	6.497			ok
Conj_suprabasal	KRTDAP	110.5	0.283	7264	Corneal_suprabasal_PMC	author	45660	0.11	6.653			ok
Conj_suprabasal	KRTDAP	110.5	0.283	7264	Limbus_basal_LSC/LPC	author	27508	0.45	6.263			ok
Conj_suprabasal	KRTDAP	110.5	0.283	7264	Limbus_superficial_TDC_like	author	18530	7.18	3.769			ok
Conj_suprabasal	KRTDAP	110.5	0.283	7264	Limbus_suprabasal_eTAC_ConjFate	author	29438	2.60	4.954			ok
Conj_suprabasal	KRTDAP	110.5	0.283	7264	Limbus_suprabasal_eTAC_CorFate	author	28791	23.91	2.161			ok
Conj_suprabasal	KRTDAP	110.5	0.283	7264	Lymphatic_Endo	author	3425	0.41	6.308			ok
Conj_suprabasal	KRTDAP	110.5	0.283	7264	Melanocytes	author	7209	1.08	5.744			ok
Conj_suprabasal	KRTDAP	110.5	0.283	7264	Monocytes	author	253	0.00	6.800			ok
Conj_suprabasal	KRTDAP	110.5	0.283	7264	NK/T Cells	author	3944	0.27	6.453			ok
Conj_suprabasal	KRTDAP	110.5	0.283	7264	Venule_postCapillary	author	5407	0.19	6.551			ok
Conj_suprabasal	S100A8	19161.1	0.751	7264	Keratocytes	group	103738	7.04	11.219	1.0	16	ok
Conj_suprabasal	S100A8	19161.1	0.751	7264	Fibroblast-stroma	group	126500	8.17	11.029	1.0	16	ok
Conj_suprabasal	S100A8	19161.1	0.751	7264	Pericytes	group	37530	2.60	12.377	1.0	16	ok
Conj_suprabasal	S100A8	19161.1	0.751	7264	Endothelium	group	33262	4.02	11.899	1.0	16	ok
Conj_suprabasal	S100A8	19161.1	0.751	7264	Immune	group	10003	166.89	6.835	0.9411764705882353	17	ok
Conj_suprabasal	S100A8	19161.1	0.751	7264	Melanocytes	group	7209	2.31	12.499	1.0	17	ok
Conj_suprabasal	S100A8	19161.1	0.751	7264	Schwann	group	6059	5.34	11.561	1.0	16	ok
Conj_suprabasal	S100A8	19161.1	0.751	7264	SMC	group	2801	0.65	13.506			ok
Conj_suprabasal	S100A8	19161.1	0.751	7264	CornealEndo	group	432	1.09	13.162			ok
Conj_suprabasal	S100A8	19161.1	0.751	7264	Artery	author	1211	3.67	12.003			ok
Conj_suprabasal	S100A8	19161.1	0.751	7264	Conj_basal	author	18732	4333.41	2.144			ok
Conj_suprabasal	S100A8	19161.1	0.751	7264	Corneal_basal_lTAC	author	7301	36.25	9.007			ok
Conj_suprabasal	S100A8	19161.1	0.751	7264	Corneal_superficial_TDC	author	63553	305.37	5.967			ok
Conj_suprabasal	S100A8	19161.1	0.751	7264	Corneal_suprabasal_PMC	author	45660	23.83	9.592			ok
Conj_suprabasal	S100A8	19161.1	0.751	7264	Limbus_basal_LSC/LPC	author	27508	1035.09	4.209			ok
Conj_suprabasal	S100A8	19161.1	0.751	7264	Limbus_superficial_TDC_like	author	18530	530.88	5.171			ok
Conj_suprabasal	S100A8	19161.1	0.751	7264	Limbus_suprabasal_eTAC_ConjFate	author	29438	228.48	6.384			ok
Conj_suprabasal	S100A8	19161.1	0.751	7264	Limbus_suprabasal_eTAC_CorFate	author	28791	2113.95	3.180			ok
Conj_suprabasal	S100A8	19161.1	0.751	7264	Lymphatic_Endo	author	3425	7.33	11.168			ok
Conj_suprabasal	S100A8	19161.1	0.751	7264	Melanocytes	author	7209	2.31	12.499			ok
Conj_suprabasal	S100A8	19161.1	0.751	7264	Monocytes	author	253	1567.52	3.611			ok
Conj_suprabasal	S100A8	19161.1	0.751	7264	NK/T Cells	author	3944	23.66	9.602			ok
Conj_suprabasal	S100A8	19161.1	0.751	7264	Venule_postCapillary	author	5407	0.48	13.659			ok
Conj_suprabasal	KLK12	71.5	0.325	7264	Keratocytes	group	103738	0.02	6.147	1.0	16	ok
Conj_suprabasal	KLK12	71.5	0.325	7264	Fibroblast-stroma	group	126500	0.05	6.114	0.9375	16	ok
Conj_suprabasal	KLK12	71.5	0.325	7264	Pericytes	group	37530	0.03	6.135	1.0	16	ok
Conj_suprabasal	KLK12	71.5	0.325	7264	Endothelium	group	33262	0.03	6.143	0.9375	16	ok
Conj_suprabasal	KLK12	71.5	0.325	7264	Immune	group	10003	0.02	6.148	1.0	17	ok
Conj_suprabasal	KLK12	71.5	0.325	7264	Melanocytes	group	7209	0.00	6.180	1.0	17	ok
Conj_suprabasal	KLK12	71.5	0.325	7264	Schwann	group	6059	0.10	6.040	1.0	16	ok
Conj_suprabasal	KLK12	71.5	0.325	7264	SMC	group	2801	0.00	6.180			ok
Conj_suprabasal	KLK12	71.5	0.325	7264	CornealEndo	group	432	0.00	6.180			ok
Conj_suprabasal	KLK12	71.5	0.325	7264	Artery	author	1211	0.00	6.180			ok
Conj_suprabasal	KLK12	71.5	0.325	7264	Conj_basal	author	18732	13.17	2.355			ok
Conj_suprabasal	KLK12	71.5	0.325	7264	Corneal_basal_lTAC	author	7301	0.02	6.145			ok
Conj_suprabasal	KLK12	71.5	0.325	7264	Corneal_superficial_TDC	author	63553	0.53	5.568			ok
Conj_suprabasal	KLK12	71.5	0.325	7264	Corneal_suprabasal_PMC	author	45660	0.03	6.144			ok
Conj_suprabasal	KLK12	71.5	0.325	7264	Limbus_basal_LSC/LPC	author	27508	0.21	5.902			ok
Conj_suprabasal	KLK12	71.5	0.325	7264	Limbus_superficial_TDC_like	author	18530	0.55	5.547			ok
Conj_suprabasal	KLK12	71.5	0.325	7264	Limbus_suprabasal_eTAC_ConjFate	author	29438	0.18	5.947			ok
Conj_suprabasal	KLK12	71.5	0.325	7264	Limbus_suprabasal_eTAC_CorFate	author	28791	15.43	2.142			ok
Conj_suprabasal	KLK12	71.5	0.325	7264	Lymphatic_Endo	author	3425	0.00	6.180			ok
Conj_suprabasal	KLK12	71.5	0.325	7264	Melanocytes	author	7209	0.00	6.180			ok
Conj_suprabasal	KLK12	71.5	0.325	7264	Monocytes	author	253	0.00	6.180			ok
Conj_suprabasal	KLK12	71.5	0.325	7264	NK/T Cells	author	3944	0.09	6.055			ok
Conj_suprabasal	KLK12	71.5	0.325	7264	Venule_postCapillary	author	5407	0.04	6.121			ok
Conj_suprabasal	S100A9	34812.4	0.755	7264	Keratocytes	group	103738	8.95	11.772	1.0	16	ok
Conj_suprabasal	S100A9	34812.4	0.755	7264	Fibroblast-stroma	group	126500	10.93	11.511	1.0	16	ok
Conj_suprabasal	S100A9	34812.4	0.755	7264	Pericytes	group	37530	4.52	12.624	1.0	16	ok
Conj_suprabasal	S100A9	34812.4	0.755	7264	Endothelium	group	33262	7.18	12.054	1.0	16	ok
Conj_suprabasal	S100A9	34812.4	0.755	7264	Immune	group	10003	416.70	6.381	0.8235294117647058	17	ok
Conj_suprabasal	S100A9	34812.4	0.755	7264	Melanocytes	group	7209	3.04	13.074	1.0	17	ok
Conj_suprabasal	S100A9	34812.4	0.755	7264	Schwann	group	6059	12.01	11.386	1.0	16	ok
Conj_suprabasal	S100A9	34812.4	0.755	7264	SMC	group	2801	1.89	13.556			ok
Conj_suprabasal	S100A9	34812.4	0.755	7264	CornealEndo	group	432	0.55	14.459			ok
Conj_suprabasal	S100A9	34812.4	0.755	7264	Artery	author	1211	1.93	13.539			ok
Conj_suprabasal	S100A9	34812.4	0.755	7264	Conj_basal	author	18732	7975.72	2.126			ok
Conj_suprabasal	S100A9	34812.4	0.755	7264	Corneal_basal_lTAC	author	7301	27.46	10.257			ok
Conj_suprabasal	S100A9	34812.4	0.755	7264	Corneal_superficial_TDC	author	63553	378.39	6.520			ok
Conj_suprabasal	S100A9	34812.4	0.755	7264	Corneal_suprabasal_PMC	author	45660	14.88	11.098			ok
Conj_suprabasal	S100A9	34812.4	0.755	7264	Limbus_basal_LSC/LPC	author	27508	1846.10	4.236			ok
Conj_suprabasal	S100A9	34812.4	0.755	7264	Limbus_superficial_TDC_like	author	18530	444.31	6.289			ok
Conj_suprabasal	S100A9	34812.4	0.755	7264	Limbus_suprabasal_eTAC_ConjFate	author	29438	534.63	6.022			ok
Conj_suprabasal	S100A9	34812.4	0.755	7264	Limbus_suprabasal_eTAC_CorFate	author	28791	4237.51	3.038			ok
Conj_suprabasal	S100A9	34812.4	0.755	7264	Lymphatic_Endo	author	3425	15.35	11.056			ok
Conj_suprabasal	S100A9	34812.4	0.755	7264	Melanocytes	author	7209	3.04	13.074			ok
Conj_suprabasal	S100A9	34812.4	0.755	7264	Monocytes	author	253	1842.85	4.239			ok
Conj_suprabasal	S100A9	34812.4	0.755	7264	NK/T Cells	author	3944	39.70	9.740			ok
Conj_suprabasal	S100A9	34812.4	0.755	7264	Venule_postCapillary	author	5407	1.03	14.069			ok
Conj_suprabasal	SPINK5	352.7	0.623	7264	Keratocytes	group	103738	0.48	7.896	1.0	16	ok
Conj_suprabasal	SPINK5	352.7	0.623	7264	Fibroblast-stroma	group	126500	0.60	7.786	0.9375	16	ok
Conj_suprabasal	SPINK5	352.7	0.623	7264	Pericytes	group	37530	0.20	8.204	1.0	16	ok
Conj_suprabasal	SPINK5	352.7	0.623	7264	Endothelium	group	33262	1.37	7.224	1.0	16	ok
Conj_suprabasal	SPINK5	352.7	0.623	7264	Immune	group	10003	0.69	7.712	1.0	17	ok
Conj_suprabasal	SPINK5	352.7	0.623	7264	Melanocytes	group	7209	0.58	7.809	1.0	17	ok
Conj_suprabasal	SPINK5	352.7	0.623	7264	Schwann	group	6059	0.41	7.974	0.9375	16	ok
Conj_suprabasal	SPINK5	352.7	0.623	7264	SMC	group	2801	0.00	8.466			ok
Conj_suprabasal	SPINK5	352.7	0.623	7264	CornealEndo	group	432	0.00	8.466			ok
Conj_suprabasal	SPINK5	352.7	0.623	7264	Artery	author	1211	0.28	8.116			ok
Conj_suprabasal	SPINK5	352.7	0.623	7264	Conj_basal	author	18732	42.44	3.025			ok
Conj_suprabasal	SPINK5	352.7	0.623	7264	Corneal_basal_lTAC	author	7301	48.32	2.842			ok
Conj_suprabasal	SPINK5	352.7	0.623	7264	Corneal_superficial_TDC	author	63553	68.77	2.342			ok
Conj_suprabasal	SPINK5	352.7	0.623	7264	Corneal_suprabasal_PMC	author	45660	58.33	2.576			ok
Conj_suprabasal	SPINK5	352.7	0.623	7264	Limbus_basal_LSC/LPC	author	27508	81.19	2.105			ok
Conj_suprabasal	SPINK5	352.7	0.623	7264	Limbus_superficial_TDC_like	author	18530	63.53	2.454			ok
Conj_suprabasal	SPINK5	352.7	0.623	7264	Limbus_suprabasal_eTAC_ConjFate	author	29438	9.61	5.059			ok
Conj_suprabasal	SPINK5	352.7	0.623	7264	Limbus_suprabasal_eTAC_CorFate	author	28791	60.23	2.530			ok
Conj_suprabasal	SPINK5	352.7	0.623	7264	Lymphatic_Endo	author	3425	0.87	7.562			ok
Conj_suprabasal	SPINK5	352.7	0.623	7264	Melanocytes	author	7209	0.58	7.809			ok
Conj_suprabasal	SPINK5	352.7	0.623	7264	Monocytes	author	253	7.34	5.406			ok
Conj_suprabasal	SPINK5	352.7	0.623	7264	NK/T Cells	author	3944	1.45	7.173			ok
Conj_suprabasal	SPINK5	352.7	0.623	7264	Venule_postCapillary	author	5407	0.25	8.143			ok
Conj_suprabasal	KLK13	35.7	0.295	7264	Keratocytes	group	103738	0.08	5.093	1.0	16	ok
Conj_suprabasal	KLK13	35.7	0.295	7264	Fibroblast-stroma	group	126500	0.06	5.116	1.0	16	ok
Conj_suprabasal	KLK13	35.7	0.295	7264	Pericytes	group	37530	0.01	5.184	1.0	16	ok
Conj_suprabasal	KLK13	35.7	0.295	7264	Endothelium	group	33262	0.08	5.091	0.9375	16	ok
Conj_suprabasal	KLK13	35.7	0.295	7264	Immune	group	10003	0.04	5.136	1.0	17	ok
Conj_suprabasal	KLK13	35.7	0.295	7264	Melanocytes	group	7209	0.43	4.686	0.9411764705882353	17	ok
Conj_suprabasal	KLK13	35.7	0.295	7264	Schwann	group	6059	0.05	5.127	1.0	16	ok
Conj_suprabasal	KLK13	35.7	0.295	7264	SMC	group	2801	0.00	5.199			ok
Conj_suprabasal	KLK13	35.7	0.295	7264	CornealEndo	group	432	0.00	5.199			ok
Conj_suprabasal	KLK13	35.7	0.295	7264	Artery	author	1211	0.00	5.199			ok
Conj_suprabasal	KLK13	35.7	0.295	7264	Conj_basal	author	18732	7.76	2.068			ok
Conj_suprabasal	KLK13	35.7	0.295	7264	Corneal_basal_lTAC	author	7301	1.97	3.630			ok
Conj_suprabasal	KLK13	35.7	0.295	7264	Corneal_superficial_TDC	author	63553	2.43	3.420			ok
Conj_suprabasal	KLK13	35.7	0.295	7264	Corneal_suprabasal_PMC	author	45660	0.99	4.208			ok
Conj_suprabasal	KLK13	35.7	0.295	7264	Limbus_basal_LSC/LPC	author	27508	1.98	3.622			ok
Conj_suprabasal	KLK13	35.7	0.295	7264	Limbus_superficial_TDC_like	author	18530	2.43	3.421			ok
Conj_suprabasal	KLK13	35.7	0.295	7264	Limbus_suprabasal_eTAC_ConjFate	author	29438	0.68	4.448			ok
Conj_suprabasal	KLK13	35.7	0.295	7264	Limbus_suprabasal_eTAC_CorFate	author	28791	7.84	2.055			ok
Conj_suprabasal	KLK13	35.7	0.295	7264	Lymphatic_Endo	author	3425	0.06	5.117			ok
Conj_suprabasal	KLK13	35.7	0.295	7264	Melanocytes	author	7209	0.43	4.686			ok
Conj_suprabasal	KLK13	35.7	0.295	7264	Monocytes	author	253	0.00	5.199			ok
Conj_suprabasal	KLK13	35.7	0.295	7264	NK/T Cells	author	3944	0.00	5.199			ok
Conj_suprabasal	KLK13	35.7	0.295	7264	Venule_postCapillary	author	5407	0.08	5.083			ok
Conj_suprabasal	ADGRV1	101.3	0.304	7264	Keratocytes	group	103738	8.40	3.444	0.3125	16	ok
Conj_suprabasal	ADGRV1	101.3	0.304	7264	Fibroblast-stroma	group	126500	22.39	2.129	0.375	16	ok
Conj_suprabasal	ADGRV1	101.3	0.304	7264	Pericytes	group	37530	10.44	3.161	0.5	16	ok
Conj_suprabasal	ADGRV1	101.3	0.304	7264	Endothelium	group	33262	2.60	4.828	0.75	16	ok
Conj_suprabasal	ADGRV1	101.3	0.304	7264	Immune	group	10003	6.25	3.819	0.5882352941176471	17	ok
Conj_suprabasal	ADGRV1	101.3	0.304	7264	Melanocytes	group	7209	1.18	5.553	0.7647058823529411	17	ok
Conj_suprabasal	ADGRV1	101.3	0.304	7264	Schwann	group	6059	7.12	3.655	0.75	16	ok
Conj_suprabasal	ADGRV1	101.3	0.304	7264	SMC	group	2801	6.47	3.776			ok
Conj_suprabasal	ADGRV1	101.3	0.304	7264	CornealEndo	group	432	12.54	2.917			ok
Conj_suprabasal	ADGRV1	101.3	0.304	7264	Artery	author	1211	2.75	4.770			ok
Conj_suprabasal	ADGRV1	101.3	0.304	7264	Conj_basal	author	18732	24.06	2.030			ok
Conj_suprabasal	ADGRV1	101.3	0.304	7264	Corneal_basal_lTAC	author	7301	5.50	3.977			ok
Conj_suprabasal	ADGRV1	101.3	0.304	7264	Corneal_superficial_TDC	author	63553	5.90	3.889			ok
Conj_suprabasal	ADGRV1	101.3	0.304	7264	Corneal_suprabasal_PMC	author	45660	5.17	4.052			ok
Conj_suprabasal	ADGRV1	101.3	0.304	7264	Limbus_basal_LSC/LPC	author	27508	5.28	4.026			ok
Conj_suprabasal	ADGRV1	101.3	0.304	7264	Limbus_superficial_TDC_like	author	18530	6.26	3.816			ok
Conj_suprabasal	ADGRV1	101.3	0.304	7264	Limbus_suprabasal_eTAC_ConjFate	author	29438	4.68	4.170			ok
Conj_suprabasal	ADGRV1	101.3	0.304	7264	Limbus_suprabasal_eTAC_CorFate	author	28791	4.59	4.194			ok
Conj_suprabasal	ADGRV1	101.3	0.304	7264	Lymphatic_Endo	author	3425	1.80	5.190			ok
Conj_suprabasal	ADGRV1	101.3	0.304	7264	Melanocytes	author	7209	1.18	5.553			ok
Conj_suprabasal	ADGRV1	101.3	0.304	7264	Monocytes	author	253	3.67	4.453			ok
Conj_suprabasal	ADGRV1	101.3	0.304	7264	NK/T Cells	author	3944	3.72	4.439			ok
Conj_suprabasal	ADGRV1	101.3	0.304	7264	Venule_postCapillary	author	5407	1.86	5.160			ok
Conj_suprabasal	SPRR3	2363.9	0.396	7264	Keratocytes	group	103738	0.11	11.053	0.9375	16	ok
Conj_suprabasal	SPRR3	2363.9	0.396	7264	Fibroblast-stroma	group	126500	0.55	10.572	0.9375	16	ok
Conj_suprabasal	SPRR3	2363.9	0.396	7264	Pericytes	group	37530	0.49	10.628	1.0	16	ok
Conj_suprabasal	SPRR3	2363.9	0.396	7264	Endothelium	group	33262	0.67	10.470	0.9375	16	ok
Conj_suprabasal	SPRR3	2363.9	0.396	7264	Immune	group	10003	1.02	10.194	0.9411764705882353	17	ok
Conj_suprabasal	SPRR3	2363.9	0.396	7264	Melanocytes	group	7209	1.66	9.798	1.0	17	ok
Conj_suprabasal	SPRR3	2363.9	0.396	7264	Schwann	group	6059	1.07	10.159	0.9375	16	ok
Conj_suprabasal	SPRR3	2363.9	0.396	7264	SMC	group	2801	0.00	11.208			ok
Conj_suprabasal	SPRR3	2363.9	0.396	7264	CornealEndo	group	432	0.00	11.208			ok
Conj_suprabasal	SPRR3	2363.9	0.396	7264	Artery	author	1211	0.64	10.492			ok
Conj_suprabasal	SPRR3	2363.9	0.396	7264	Conj_basal	author	18732	180.92	3.700			ok
Conj_suprabasal	SPRR3	2363.9	0.396	7264	Corneal_basal_lTAC	author	7301	0.07	11.106			ok
Conj_suprabasal	SPRR3	2363.9	0.396	7264	Corneal_superficial_TDC	author	63553	12.65	7.437			ok
Conj_suprabasal	SPRR3	2363.9	0.396	7264	Corneal_suprabasal_PMC	author	45660	0.13	11.029			ok
Conj_suprabasal	SPRR3	2363.9	0.396	7264	Limbus_basal_LSC/LPC	author	27508	0.26	10.878			ok
Conj_suprabasal	SPRR3	2363.9	0.396	7264	Limbus_superficial_TDC_like	author	18530	0.90	10.285			ok
Conj_suprabasal	SPRR3	2363.9	0.396	7264	Limbus_suprabasal_eTAC_ConjFate	author	29438	2.17	9.541			ok
Conj_suprabasal	SPRR3	2363.9	0.396	7264	Limbus_suprabasal_eTAC_CorFate	author	28791	589.15	2.003			ok
Conj_suprabasal	SPRR3	2363.9	0.396	7264	Lymphatic_Endo	author	3425	1.10	10.134			ok
Conj_suprabasal	SPRR3	2363.9	0.396	7264	Melanocytes	author	7209	1.66	9.798			ok
Conj_suprabasal	SPRR3	2363.9	0.396	7264	Monocytes	author	253	11.01	7.621			ok
Conj_suprabasal	SPRR3	2363.9	0.396	7264	NK/T Cells	author	3944	2.36	9.461			ok
Conj_suprabasal	SPRR3	2363.9	0.396	7264	Venule_postCapillary	author	5407	0.67	10.468			ok
Conj_suprabasal	LY6D	1109.7	0.750	7264	Keratocytes	group	103738	0.28	9.757	1.0	16	ok
Conj_suprabasal	LY6D	1109.7	0.750	7264	Fibroblast-stroma	group	126500	0.41	9.618	1.0	16	ok
Conj_suprabasal	LY6D	1109.7	0.750	7264	Pericytes	group	37530	0.27	9.769	1.0	16	ok
Conj_suprabasal	LY6D	1109.7	0.750	7264	Endothelium	group	33262	0.45	9.581	1.0	16	ok
Conj_suprabasal	LY6D	1109.7	0.750	7264	Immune	group	10003	1.13	9.026	1.0	17	ok
Conj_suprabasal	LY6D	1109.7	0.750	7264	Melanocytes	group	7209	0.85	9.227	1.0	17	ok
Conj_suprabasal	LY6D	1109.7	0.750	7264	Schwann	group	6059	1.37	8.870	0.9375	16	ok
Conj_suprabasal	LY6D	1109.7	0.750	7264	SMC	group	2801	0.05	10.047			ok
Conj_suprabasal	LY6D	1109.7	0.750	7264	CornealEndo	group	432	0.00	10.117			ok
Conj_suprabasal	LY6D	1109.7	0.750	7264	Artery	author	1211	0.55	9.485			ok
Conj_suprabasal	LY6D	1109.7	0.750	7264	Conj_basal	author	18732	98.86	3.476			ok
Conj_suprabasal	LY6D	1109.7	0.750	7264	Corneal_basal_lTAC	author	7301	86.07	3.673			ok
Conj_suprabasal	LY6D	1109.7	0.750	7264	Corneal_superficial_TDC	author	63553	153.88	2.842			ok
Conj_suprabasal	LY6D	1109.7	0.750	7264	Corneal_suprabasal_PMC	author	45660	36.35	4.894			ok
Conj_suprabasal	LY6D	1109.7	0.750	7264	Limbus_basal_LSC/LPC	author	27508	83.91	3.709			ok
Conj_suprabasal	LY6D	1109.7	0.750	7264	Limbus_superficial_TDC_like	author	18530	288.75	1.939			ok
Conj_suprabasal	LY6D	1109.7	0.750	7264	Limbus_suprabasal_eTAC_ConjFate	author	29438	79.33	3.790			ok
Conj_suprabasal	LY6D	1109.7	0.750	7264	Limbus_suprabasal_eTAC_CorFate	author	28791	79.60	3.785			ok
Conj_suprabasal	LY6D	1109.7	0.750	7264	Lymphatic_Endo	author	3425	0.87	9.213			ok
Conj_suprabasal	LY6D	1109.7	0.750	7264	Melanocytes	author	7209	0.85	9.227			ok
Conj_suprabasal	LY6D	1109.7	0.750	7264	Monocytes	author	253	25.70	5.379			ok
Conj_suprabasal	LY6D	1109.7	0.750	7264	NK/T Cells	author	3944	2.45	8.332			ok
Conj_suprabasal	LY6D	1109.7	0.750	7264	Venule_postCapillary	author	5407	0.10	9.974			ok
Conj_suprabasal	IVL	448.6	0.589	7264	Keratocytes	group	103738	0.10	8.671	1.0	16	ok
Conj_suprabasal	IVL	448.6	0.589	7264	Fibroblast-stroma	group	126500	0.15	8.614	1.0	16	ok
Conj_suprabasal	IVL	448.6	0.589	7264	Pericytes	group	37530	0.09	8.682	1.0	16	ok
Conj_suprabasal	IVL	448.6	0.589	7264	Endothelium	group	33262	0.20	8.547	1.0	16	ok
Conj_suprabasal	IVL	448.6	0.589	7264	Immune	group	10003	0.42	8.305	1.0	17	ok
Conj_suprabasal	IVL	448.6	0.589	7264	Melanocytes	group	7209	0.35	8.378	1.0	17	ok
Conj_suprabasal	IVL	448.6	0.589	7264	Schwann	group	6059	0.46	8.268	1.0	16	ok
Conj_suprabasal	IVL	448.6	0.589	7264	SMC	group	2801	0.25	8.492			ok
Conj_suprabasal	IVL	448.6	0.589	7264	CornealEndo	group	432	0.00	8.812			ok
Conj_suprabasal	IVL	448.6	0.589	7264	Artery	author	1211	0.18	8.570			ok
Conj_suprabasal	IVL	448.6	0.589	7264	Conj_basal	author	18732	75.96	2.546			ok
Conj_suprabasal	IVL	448.6	0.589	7264	Corneal_basal_lTAC	author	7301	0.49	8.239			ok
Conj_suprabasal	IVL	448.6	0.589	7264	Corneal_superficial_TDC	author	63553	24.74	4.126			ok
Conj_suprabasal	IVL	448.6	0.589	7264	Corneal_suprabasal_PMC	author	45660	1.22	7.660			ok
Conj_suprabasal	IVL	448.6	0.589	7264	Limbus_basal_LSC/LPC	author	27508	0.76	7.998			ok
Conj_suprabasal	IVL	448.6	0.589	7264	Limbus_superficial_TDC_like	author	18530	8.39	5.581			ok
Conj_suprabasal	IVL	448.6	0.589	7264	Limbus_suprabasal_eTAC_ConjFate	author	29438	1.93	7.260			ok
Conj_suprabasal	IVL	448.6	0.589	7264	Limbus_suprabasal_eTAC_CorFate	author	28791	121.64	1.874			ok
Conj_suprabasal	IVL	448.6	0.589	7264	Lymphatic_Endo	author	3425	0.35	8.381			ok
Conj_suprabasal	IVL	448.6	0.589	7264	Melanocytes	author	7209	0.35	8.378			ok
Conj_suprabasal	IVL	448.6	0.589	7264	Monocytes	author	253	3.67	6.589			ok
Conj_suprabasal	IVL	448.6	0.589	7264	NK/T Cells	author	3944	1.09	7.751			ok
Conj_suprabasal	IVL	448.6	0.589	7264	Venule_postCapillary	author	5407	0.27	8.465			ok
Conj_suprabasal	PDZK1IP1	160.8	0.553	7264	Keratocytes	group	103738	2.31	5.609	0.75	16	ok
Conj_suprabasal	PDZK1IP1	160.8	0.553	7264	Fibroblast-stroma	group	126500	0.70	6.574	0.875	16	ok
Conj_suprabasal	PDZK1IP1	160.8	0.553	7264	Pericytes	group	37530	0.24	7.025	1.0	16	ok
Conj_suprabasal	PDZK1IP1	160.8	0.553	7264	Endothelium	group	33262	0.72	6.556	0.875	16	ok
Conj_suprabasal	PDZK1IP1	160.8	0.553	7264	Immune	group	10003	0.24	7.023	1.0	17	ok
Conj_suprabasal	PDZK1IP1	160.8	0.553	7264	Melanocytes	group	7209	0.05	7.267	0.9411764705882353	17	ok
Conj_suprabasal	PDZK1IP1	160.8	0.553	7264	Schwann	group	6059	0.15	7.133	1.0	16	ok
Conj_suprabasal	PDZK1IP1	160.8	0.553	7264	SMC	group	2801	0.05	7.268			ok
Conj_suprabasal	PDZK1IP1	160.8	0.553	7264	CornealEndo	group	432	0.00	7.338			ok
Conj_suprabasal	PDZK1IP1	160.8	0.553	7264	Artery	author	1211	0.37	6.887			ok
Conj_suprabasal	PDZK1IP1	160.8	0.553	7264	Conj_basal	author	18732	44.43	1.832			ok
Conj_suprabasal	PDZK1IP1	160.8	0.553	7264	Corneal_basal_lTAC	author	7301	0.80	6.486			ok
Conj_suprabasal	PDZK1IP1	160.8	0.553	7264	Corneal_superficial_TDC	author	63553	4.63	4.844			ok
Conj_suprabasal	PDZK1IP1	160.8	0.553	7264	Corneal_suprabasal_PMC	author	45660	0.66	6.607			ok
Conj_suprabasal	PDZK1IP1	160.8	0.553	7264	Limbus_basal_LSC/LPC	author	27508	8.19	4.138			ok
Conj_suprabasal	PDZK1IP1	160.8	0.553	7264	Limbus_superficial_TDC_like	author	18530	7.50	4.250			ok
Conj_suprabasal	PDZK1IP1	160.8	0.553	7264	Limbus_suprabasal_eTAC_ConjFate	author	29438	1.42	6.063			ok
Conj_suprabasal	PDZK1IP1	160.8	0.553	7264	Limbus_suprabasal_eTAC_CorFate	author	28791	12.82	3.549			ok
Conj_suprabasal	PDZK1IP1	160.8	0.553	7264	Lymphatic_Endo	author	3425	0.41	6.845			ok
Conj_suprabasal	PDZK1IP1	160.8	0.553	7264	Melanocytes	author	7209	0.05	7.267			ok
Conj_suprabasal	PDZK1IP1	160.8	0.553	7264	Monocytes	author	253	7.34	4.278			ok
Conj_suprabasal	PDZK1IP1	160.8	0.553	7264	NK/T Cells	author	3944	0.27	6.991			ok
Conj_suprabasal	PDZK1IP1	160.8	0.553	7264	Venule_postCapillary	author	5407	0.17	7.115			ok
Conj_suprabasal	RHCG	586.2	0.583	7264	Keratocytes	group	103738	0.29	8.832	1.0	16	ok
Conj_suprabasal	RHCG	586.2	0.583	7264	Fibroblast-stroma	group	126500	4.69	6.689	1.0	16	ok
Conj_suprabasal	RHCG	586.2	0.583	7264	Pericytes	group	37530	5.76	6.440	0.9375	16	ok
Conj_suprabasal	RHCG	586.2	0.583	7264	Endothelium	group	33262	0.48	8.636	1.0	16	ok
Conj_suprabasal	RHCG	586.2	0.583	7264	Immune	group	10003	10.37	5.690	0.9411764705882353	17	ok
Conj_suprabasal	RHCG	586.2	0.583	7264	Melanocytes	group	7209	1.38	7.946	1.0	17	ok
Conj_suprabasal	RHCG	586.2	0.583	7264	Schwann	group	6059	1.17	8.080	1.0	16	ok
Conj_suprabasal	RHCG	586.2	0.583	7264	SMC	group	2801	0.95	8.238			ok
Conj_suprabasal	RHCG	586.2	0.583	7264	CornealEndo	group	432	0.00	9.198			ok
Conj_suprabasal	RHCG	586.2	0.583	7264	Artery	author	1211	0.92	8.259			ok
Conj_suprabasal	RHCG	586.2	0.583	7264	Conj_basal	author	18732	146.96	1.989			ok
Conj_suprabasal	RHCG	586.2	0.583	7264	Corneal_basal_lTAC	author	7301	0.46	8.648			ok
Conj_suprabasal	RHCG	586.2	0.583	7264	Corneal_superficial_TDC	author	63553	9.67	5.782			ok
Conj_suprabasal	RHCG	586.2	0.583	7264	Corneal_suprabasal_PMC	author	45660	0.91	8.262			ok
Conj_suprabasal	RHCG	586.2	0.583	7264	Limbus_basal_LSC/LPC	author	27508	1.98	7.621			ok
Conj_suprabasal	RHCG	586.2	0.583	7264	Limbus_superficial_TDC_like	author	18530	9.28	5.836			ok
Conj_suprabasal	RHCG	586.2	0.583	7264	Limbus_suprabasal_eTAC_ConjFate	author	29438	39.51	3.858			ok
Conj_suprabasal	RHCG	586.2	0.583	7264	Limbus_suprabasal_eTAC_CorFate	author	28791	193.23	1.596			ok
Conj_suprabasal	RHCG	586.2	0.583	7264	Lymphatic_Endo	author	3425	0.93	8.249			ok
Conj_suprabasal	RHCG	586.2	0.583	7264	Melanocytes	author	7209	1.38	7.946			ok
Conj_suprabasal	RHCG	586.2	0.583	7264	Monocytes	author	253	3.67	6.974			ok
Conj_suprabasal	RHCG	586.2	0.583	7264	NK/T Cells	author	3944	2.36	7.451			ok
Conj_suprabasal	RHCG	586.2	0.583	7264	Venule_postCapillary	author	5407	0.40	8.715			ok
Conj_suprabasal	KRT4	2194.3	0.491	7264	Keratocytes	group	103738	0.30	10.722	0.9375	16	ok
Conj_suprabasal	KRT4	2194.3	0.491	7264	Fibroblast-stroma	group	126500	0.63	10.393	0.875	16	ok
Conj_suprabasal	KRT4	2194.3	0.491	7264	Pericytes	group	37530	0.33	10.687	0.9375	16	ok
Conj_suprabasal	KRT4	2194.3	0.491	7264	Endothelium	group	33262	0.56	10.460	1.0	16	ok
Conj_suprabasal	KRT4	2194.3	0.491	7264	Immune	group	10003	1.11	10.024	0.8823529411764706	17	ok
Conj_suprabasal	KRT4	2194.3	0.491	7264	Melanocytes	group	7209	1.13	10.010	0.9411764705882353	17	ok
Conj_suprabasal	KRT4	2194.3	0.491	7264	Schwann	group	6059	0.61	10.413	0.9375	16	ok
Conj_suprabasal	KRT4	2194.3	0.491	7264	SMC	group	2801	0.40	10.617			ok
Conj_suprabasal	KRT4	2194.3	0.491	7264	CornealEndo	group	432	0.00	11.100			ok
Conj_suprabasal	KRT4	2194.3	0.491	7264	Artery	author	1211	0.18	10.857			ok
Conj_suprabasal	KRT4	2194.3	0.491	7264	Conj_basal	author	18732	729.80	1.587			ok
Conj_suprabasal	KRT4	2194.3	0.491	7264	Corneal_basal_lTAC	author	7301	1.11	10.026			ok
Conj_suprabasal	KRT4	2194.3	0.491	7264	Corneal_superficial_TDC	author	63553	76.68	4.821			ok
Conj_suprabasal	KRT4	2194.3	0.491	7264	Corneal_suprabasal_PMC	author	45660	0.60	10.420			ok
Conj_suprabasal	KRT4	2194.3	0.491	7264	Limbus_basal_LSC/LPC	author	27508	5.03	8.509			ok
Conj_suprabasal	KRT4	2194.3	0.491	7264	Limbus_superficial_TDC_like	author	18530	25.82	6.355			ok
Conj_suprabasal	KRT4	2194.3	0.491	7264	Limbus_suprabasal_eTAC_ConjFate	author	29438	0.82	10.240			ok
Conj_suprabasal	KRT4	2194.3	0.491	7264	Limbus_suprabasal_eTAC_CorFate	author	28791	125.18	4.121			ok
Conj_suprabasal	KRT4	2194.3	0.491	7264	Lymphatic_Endo	author	3425	1.51	9.772			ok
Conj_suprabasal	KRT4	2194.3	0.491	7264	Melanocytes	author	7209	1.13	10.010			ok
Conj_suprabasal	KRT4	2194.3	0.491	7264	Monocytes	author	253	3.67	8.876			ok
Conj_suprabasal	KRT4	2194.3	0.491	7264	NK/T Cells	author	3944	3.17	9.039			ok
Conj_suprabasal	KRT4	2194.3	0.491	7264	Venule_postCapillary	author	5407	0.23	10.801			ok
Conj_suprabasal	PITX1	588.7	0.684	7264	Keratocytes	group	103738	0.32	8.800	1.0	16	ok
Conj_suprabasal	PITX1	588.7	0.684	7264	Fibroblast-stroma	group	126500	10.72	5.652	1.0	16	ok
Conj_suprabasal	PITX1	588.7	0.684	7264	Pericytes	group	37530	2.06	7.590	1.0	16	ok
Conj_suprabasal	PITX1	588.7	0.684	7264	Endothelium	group	33262	0.56	8.559	1.0	16	ok
Conj_suprabasal	PITX1	588.7	0.684	7264	Immune	group	10003	0.84	8.322	1.0	17	ok
Conj_suprabasal	PITX1	588.7	0.684	7264	Melanocytes	group	7209	0.45	8.666	1.0	17	ok
Conj_suprabasal	PITX1	588.7	0.684	7264	Schwann	group	6059	1.12	8.120	1.0	16	ok
Conj_suprabasal	PITX1	588.7	0.684	7264	SMC	group	2801	97.58	2.581			ok
Conj_suprabasal	PITX1	588.7	0.684	7264	CornealEndo	group	432	59.44	3.286			ok
Conj_suprabasal	PITX1	588.7	0.684	7264	Artery	author	1211	0.73	8.410			ok
Conj_suprabasal	PITX1	588.7	0.684	7264	Conj_basal	author	18732	118.64	2.301			ok
Conj_suprabasal	PITX1	588.7	0.684	7264	Corneal_basal_lTAC	author	7301	2.20	7.528			ok
Conj_suprabasal	PITX1	588.7	0.684	7264	Corneal_superficial_TDC	author	63553	37.42	3.940			ok
Conj_suprabasal	PITX1	588.7	0.684	7264	Corneal_suprabasal_PMC	author	45660	2.17	7.539			ok
Conj_suprabasal	PITX1	588.7	0.684	7264	Limbus_basal_LSC/LPC	author	27508	6.11	6.373			ok
Conj_suprabasal	PITX1	588.7	0.684	7264	Limbus_superficial_TDC_like	author	18530	21.36	4.721			ok
Conj_suprabasal	PITX1	588.7	0.684	7264	Limbus_suprabasal_eTAC_ConjFate	author	29438	14.78	5.224			ok
Conj_suprabasal	PITX1	588.7	0.684	7264	Limbus_suprabasal_eTAC_CorFate	author	28791	249.45	1.235			ok
Conj_suprabasal	PITX1	588.7	0.684	7264	Lymphatic_Endo	author	3425	0.93	8.255			ok
Conj_suprabasal	PITX1	588.7	0.684	7264	Melanocytes	author	7209	0.45	8.666			ok
Conj_suprabasal	PITX1	588.7	0.684	7264	Monocytes	author	253	3.67	6.980			ok
Conj_suprabasal	PITX1	588.7	0.684	7264	NK/T Cells	author	3944	1.00	8.206			ok
Conj_suprabasal	PITX1	588.7	0.684	7264	Venule_postCapillary	author	5407	0.75	8.394			ok
Conj_suprabasal	SERPINB13	98.4	0.480	7264	Keratocytes	group	103738	0.06	6.557	1.0	16	ok
Conj_suprabasal	SERPINB13	98.4	0.480	7264	Fibroblast-stroma	group	126500	0.14	6.444	1.0	16	ok
Conj_suprabasal	SERPINB13	98.4	0.480	7264	Pericytes	group	37530	0.03	6.598	1.0	16	ok
Conj_suprabasal	SERPINB13	98.4	0.480	7264	Endothelium	group	33262	0.09	6.507	1.0	16	ok
Conj_suprabasal	SERPINB13	98.4	0.480	7264	Immune	group	10003	0.27	6.295	1.0	17	ok
Conj_suprabasal	SERPINB13	98.4	0.480	7264	Melanocytes	group	7209	0.10	6.497	1.0	17	ok
Conj_suprabasal	SERPINB13	98.4	0.480	7264	Schwann	group	6059	0.10	6.496	1.0	16	ok
Conj_suprabasal	SERPINB13	98.4	0.480	7264	SMC	group	2801	0.05	6.565			ok
Conj_suprabasal	SERPINB13	98.4	0.480	7264	CornealEndo	group	432	0.00	6.635			ok
Conj_suprabasal	SERPINB13	98.4	0.480	7264	Artery	author	1211	0.09	6.509			ok
Conj_suprabasal	SERPINB13	98.4	0.480	7264	Conj_basal	author	18732	42.73	1.185			ok
Conj_suprabasal	SERPINB13	98.4	0.480	7264	Corneal_basal_lTAC	author	7301	3.33	4.520			ok
Conj_suprabasal	SERPINB13	98.4	0.480	7264	Corneal_superficial_TDC	author	63553	5.29	3.981			ok
Conj_suprabasal	SERPINB13	98.4	0.480	7264	Corneal_suprabasal_PMC	author	45660	2.40	4.868			ok
Conj_suprabasal	SERPINB13	98.4	0.480	7264	Limbus_basal_LSC/LPC	author	27508	5.00	4.051			ok
Conj_suprabasal	SERPINB13	98.4	0.480	7264	Limbus_superficial_TDC_like	author	18530	5.56	3.922			ok
Conj_suprabasal	SERPINB13	98.4	0.480	7264	Limbus_suprabasal_eTAC_ConjFate	author	29438	1.68	5.213			ok
Conj_suprabasal	SERPINB13	98.4	0.480	7264	Limbus_suprabasal_eTAC_CorFate	author	28791	13.51	2.776			ok
Conj_suprabasal	SERPINB13	98.4	0.480	7264	Lymphatic_Endo	author	3425	0.17	6.403			ok
Conj_suprabasal	SERPINB13	98.4	0.480	7264	Melanocytes	author	7209	0.10	6.497			ok
Conj_suprabasal	SERPINB13	98.4	0.480	7264	Monocytes	author	253	0.00	6.635			ok
Conj_suprabasal	SERPINB13	98.4	0.480	7264	NK/T Cells	author	3944	0.09	6.510			ok
Conj_suprabasal	SERPINB13	98.4	0.480	7264	Venule_postCapillary	author	5407	0.06	6.548			ok
Limbus_Fib	NMB	1183.1	0.376	42132	Keratocytes	group	103738	56.47	4.365	0.28205128205128205	39	ok
Limbus_Fib	NMB	1183.1	0.376	42132	Pericytes	group	37530	79.60	3.877	0.4838709677419355	31	ok
Limbus_Fib	NMB	1183.1	0.376	42132	Epithelium	group	250323	16.47	6.083	0.7435897435897436	39	ok
Limbus_Fib	NMB	1183.1	0.376	42132	Endothelium	group	33262	32.89	5.127	0.5161290322580645	31	ok
Limbus_Fib	NMB	1183.1	0.376	42132	Immune	group	10003	38.25	4.915	0.5526315789473685	38	ok
Limbus_Fib	NMB	1183.1	0.376	42132	Melanocytes	group	7209	35.07	5.037	0.56	25	ok
Limbus_Fib	NMB	1183.1	0.376	42132	Schwann	group	6059	93.63	3.645	0.44	25	ok
Limbus_Fib	NMB	1183.1	0.376	42132	SMC	group	2801	29.51	5.279			ok
Limbus_Fib	NMB	1183.1	0.376	42132	CornealEndo	group	432	7.09	7.194			ok
Limbus_Fib	NMB	1183.1	0.376	42132	B Cells	author	212	7.17	7.178			ok
Limbus_Fib	NMB	1183.1	0.376	42132	Capillary	author	5466	36.45	4.983			ok
Limbus_Fib	NMB	1183.1	0.376	42132	Conj_superficial	author	3546	94.66	3.630			ok
Limbus_Fib	NMB	1183.1	0.376	42132	Limbus/Sclera Fibroblasts - C1	author	33033	70.68	4.046			ok
Limbus_Fib	NMB	1183.1	0.376	42132	Limbus/Sclera Fibroblasts - C2	author	42047	87.81	3.737			ok
Limbus_Fib	NMB	1183.1	0.376	42132	Mast Cells	author	629	14.67	6.240			ok
Limbus_Fib	NMB	1183.1	0.376	42132	Pericytes	author	37530	79.60	3.877			ok
Limbus_Fib	NMB	1183.1	0.376	42132	Schwann_M	author	656	18.64	5.914			ok
Limbus_Fib	NMB	1183.1	0.376	42132	Schwann_N	author	5403	102.06	3.522			ok
Limbus_Fib	NMB	1183.1	0.376	42132	Sclera Fibroblasts	author	9288	66.17	4.140			ok
Limbus_Fib	NMB	1183.1	0.376	42132	Smooth Muscle Cells	author	2801	29.51	5.279			ok
Limbus_Fib	NMB	1183.1	0.376	42132	Venule_Sclera	author	17753	39.85	4.857			ok
Limbus_Fib	MMP1	6403.6	0.472	42132	Keratocytes	group	103738	93.94	6.076	0.48717948717948717	39	ok
Limbus_Fib	MMP1	6403.6	0.472	42132	Pericytes	group	37530	45.23	7.114	0.967741935483871	31	ok
Limbus_Fib	MMP1	6403.6	0.472	42132	Epithelium	group	250323	58.21	6.757	0.7692307692307693	39	ok
Limbus_Fib	MMP1	6403.6	0.472	42132	Endothelium	group	33262	803.78	2.992	0.25806451612903225	31	ok
Limbus_Fib	MMP1	6403.6	0.472	42132	Immune	group	10003	141.78	5.487	0.8157894736842105	38	ok
Limbus_Fib	MMP1	6403.6	0.472	42132	Melanocytes	group	7209	3.56	10.454	0.96	25	ok
Limbus_Fib	MMP1	6403.6	0.472	42132	Schwann	group	6059	5.29	9.991	1.0	25	ok
Limbus_Fib	MMP1	6403.6	0.472	42132	SMC	group	2801	0.05	12.575			ok
Limbus_Fib	MMP1	6403.6	0.472	42132	CornealEndo	group	432	0.00	12.645			ok
Limbus_Fib	MMP1	6403.6	0.472	42132	B Cells	author	212	0.90	11.721			ok
Limbus_Fib	MMP1	6403.6	0.472	42132	Capillary	author	5466	28.96	7.740			ok
Limbus_Fib	MMP1	6403.6	0.472	42132	Conj_superficial	author	3546	8.82	9.349			ok
Limbus_Fib	MMP1	6403.6	0.472	42132	Limbus/Sclera Fibroblasts - C1	author	33033	75.50	6.387			ok
Limbus_Fib	MMP1	6403.6	0.472	42132	Limbus/Sclera Fibroblasts - C2	author	42047	17.91	8.404			ok
Limbus_Fib	MMP1	6403.6	0.472	42132	Mast Cells	author	629	7.82	9.504			ok
Limbus_Fib	MMP1	6403.6	0.472	42132	Pericytes	author	37530	45.23	7.114			ok
Limbus_Fib	MMP1	6403.6	0.472	42132	Schwann_M	author	656	8.06	9.466			ok
Limbus_Fib	MMP1	6403.6	0.472	42132	Schwann_N	author	5403	4.98	10.064			ok
Limbus_Fib	MMP1	6403.6	0.472	42132	Sclera Fibroblasts	author	9288	337.27	4.243			ok
Limbus_Fib	MMP1	6403.6	0.472	42132	Smooth Muscle Cells	author	2801	0.05	12.575			ok
Limbus_Fib	MMP1	6403.6	0.472	42132	Venule_Sclera	author	17753	204.05	4.965			ok
Limbus_Fib	AKR1B1	441.2	0.443	42132	Keratocytes	group	103738	78.33	2.479	0.1794871794871795	39	ok
Limbus_Fib	AKR1B1	441.2	0.443	42132	Pericytes	group	37530	12.17	5.069	0.8709677419354839	31	ok
Limbus_Fib	AKR1B1	441.2	0.443	42132	Epithelium	group	250323	35.25	3.609	0.6666666666666666	39	ok
Limbus_Fib	AKR1B1	441.2	0.443	42132	Endothelium	group	33262	13.07	4.974	0.9354838709677419	31	ok
Limbus_Fib	AKR1B1	441.2	0.443	42132	Immune	group	10003	96.83	2.176	0.3157894736842105	38	ok
Limbus_Fib	AKR1B1	441.2	0.443	42132	Melanocytes	group	7209	35.74	3.589	0.6	25	ok
Limbus_Fib	AKR1B1	441.2	0.443	42132	Schwann	group	6059	26.31	4.017	0.72	25	ok
Limbus_Fib	AKR1B1	441.2	0.443	42132	SMC	group	2801	23.24	4.189			ok
Limbus_Fib	AKR1B1	441.2	0.443	42132	CornealEndo	group	432	45.26	3.257			ok
Limbus_Fib	AKR1B1	441.2	0.443	42132	B Cells	author	212	19.73	4.415			ok
Limbus_Fib	AKR1B1	441.2	0.443	42132	Capillary	author	5466	36.31	3.567			ok
Limbus_Fib	AKR1B1	441.2	0.443	42132	Conj_superficial	author	3546	39.67	3.443			ok
Limbus_Fib	AKR1B1	441.2	0.443	42132	Limbus/Sclera Fibroblasts - C1	author	33033	41.22	3.389			ok
Limbus_Fib	AKR1B1	441.2	0.443	42132	Limbus/Sclera Fibroblasts - C2	author	42047	35.85	3.585			ok
Limbus_Fib	AKR1B1	441.2	0.443	42132	Mast Cells	author	629	36.67	3.553			ok
Limbus_Fib	AKR1B1	441.2	0.443	42132	Pericytes	author	37530	12.17	5.069			ok
Limbus_Fib	AKR1B1	441.2	0.443	42132	Schwann_M	author	656	35.26	3.608			ok
Limbus_Fib	AKR1B1	441.2	0.443	42132	Schwann_N	author	5403	25.30	4.072			ok
Limbus_Fib	AKR1B1	441.2	0.443	42132	Sclera Fibroblasts	author	9288	56.74	2.937			ok
Limbus_Fib	AKR1B1	441.2	0.443	42132	Smooth Muscle Cells	author	2801	23.24	4.189			ok
Limbus_Fib	AKR1B1	441.2	0.443	42132	Venule_Sclera	author	17753	7.44	5.711			ok
Limbus_Fib	DNER	153.8	0.378	42132	Keratocytes	group	103738	18.72	2.972	0.5128205128205128	39	ok
Limbus_Fib	DNER	153.8	0.378	42132	Pericytes	group	37530	1.16	6.165	0.967741935483871	31	ok
Limbus_Fib	DNER	153.8	0.378	42132	Epithelium	group	250323	18.34	3.000	0.5384615384615384	39	ok
Limbus_Fib	DNER	153.8	0.378	42132	Endothelium	group	33262	0.81	6.420	0.9032258064516129	31	ok
Limbus_Fib	DNER	153.8	0.378	42132	Immune	group	10003	12.83	3.484	0.7894736842105263	38	ok
Limbus_Fib	DNER	153.8	0.378	42132	Melanocytes	group	7209	0.55	6.640	1.0	25	ok
Limbus_Fib	DNER	153.8	0.378	42132	Schwann	group	6059	1.17	6.156	1.0	25	ok
Limbus_Fib	DNER	153.8	0.378	42132	SMC	group	2801	3.08	5.244			ok
Limbus_Fib	DNER	153.8	0.378	42132	CornealEndo	group	432	9.27	3.914			ok
Limbus_Fib	DNER	153.8	0.378	42132	B Cells	author	212	0.00	7.274			ok
Limbus_Fib	DNER	153.8	0.378	42132	Capillary	author	5466	0.73	6.479			ok
Limbus_Fib	DNER	153.8	0.378	42132	Conj_superficial	author	3546	0.96	6.303			ok
Limbus_Fib	DNER	153.8	0.378	42132	Limbus/Sclera Fibroblasts - C1	author	33033	15.24	3.252			ok
Limbus_Fib	DNER	153.8	0.378	42132	Limbus/Sclera Fibroblasts - C2	author	42047	14.02	3.365			ok
Limbus_Fib	DNER	153.8	0.378	42132	Mast Cells	author	629	0.00	7.274			ok
Limbus_Fib	DNER	153.8	0.378	42132	Pericytes	author	37530	1.16	6.165			ok
Limbus_Fib	DNER	153.8	0.378	42132	Schwann_M	author	656	1.51	5.946			ok
Limbus_Fib	DNER	153.8	0.378	42132	Schwann_N	author	5403	1.13	6.182			ok
Limbus_Fib	DNER	153.8	0.378	42132	Sclera Fibroblasts	author	9288	33.75	2.155			ok
Limbus_Fib	DNER	153.8	0.378	42132	Smooth Muscle Cells	author	2801	3.08	5.244			ok
Limbus_Fib	DNER	153.8	0.378	42132	Venule_Sclera	author	17753	0.77	6.448			ok
Limbus_Fib	MMP3	25698.9	0.750	42132	Keratocytes	group	103738	1145.40	4.487	0.358974358974359	39	ok
Limbus_Fib	MMP3	25698.9	0.750	42132	Pericytes	group	37530	10.66	11.106	1.0	31	ok
Limbus_Fib	MMP3	25698.9	0.750	42132	Epithelium	group	250323	14.01	10.742	0.9743589743589743	39	ok
Limbus_Fib	MMP3	25698.9	0.750	42132	Endothelium	group	33262	6.76	11.693	1.0	31	ok
Limbus_Fib	MMP3	25698.9	0.750	42132	Immune	group	10003	18.53	10.362	1.0	38	ok
Limbus_Fib	MMP3	25698.9	0.750	42132	Melanocytes	group	7209	7.35	11.587	1.0	25	ok
Limbus_Fib	MMP3	25698.9	0.750	42132	Schwann	group	6059	17.35	10.452	1.0	25	ok
Limbus_Fib	MMP3	25698.9	0.750	42132	SMC	group	2801	0.00	14.649			ok
Limbus_Fib	MMP3	25698.9	0.750	42132	CornealEndo	group	432	0.55	14.022			ok
Limbus_Fib	MMP3	25698.9	0.750	42132	B Cells	author	212	5.38	11.976			ok
Limbus_Fib	MMP3	25698.9	0.750	42132	Capillary	author	5466	8.57	11.390			ok
Limbus_Fib	MMP3	25698.9	0.750	42132	Conj_superficial	author	3546	23.46	10.037			ok
Limbus_Fib	MMP3	25698.9	0.750	42132	Limbus/Sclera Fibroblasts - C1	author	33033	606.12	5.404			ok
Limbus_Fib	MMP3	25698.9	0.750	42132	Limbus/Sclera Fibroblasts - C2	author	42047	861.72	4.897			ok
Limbus_Fib	MMP3	25698.9	0.750	42132	Mast Cells	author	629	19.56	10.288			ok
Limbus_Fib	MMP3	25698.9	0.750	42132	Pericytes	author	37530	10.66	11.106			ok
Limbus_Fib	MMP3	25698.9	0.750	42132	Schwann_M	author	656	23.67	10.025			ok
Limbus_Fib	MMP3	25698.9	0.750	42132	Schwann_N	author	5403	16.64	10.509			ok
Limbus_Fib	MMP3	25698.9	0.750	42132	Sclera Fibroblasts	author	9288	6111.53	2.072			ok
Limbus_Fib	MMP3	25698.9	0.750	42132	Smooth Muscle Cells	author	2801	0.00	14.649			ok
Limbus_Fib	MMP3	25698.9	0.750	42132	Venule_Sclera	author	17753	5.49	11.950			ok
Limbus_Fib	CYP1B1	1163.0	0.682	42132	Keratocytes	group	103738	96.58	3.576	0.5897435897435898	39	ok
Limbus_Fib	CYP1B1	1163.0	0.682	42132	Pericytes	group	37530	94.98	3.600	0.8064516129032258	31	ok
Limbus_Fib	CYP1B1	1163.0	0.682	42132	Epithelium	group	250323	58.65	4.286	0.8461538461538461	39	ok
Limbus_Fib	CYP1B1	1163.0	0.682	42132	Endothelium	group	33262	237.26	2.288	0.7096774193548387	31	ok
Limbus_Fib	CYP1B1	1163.0	0.682	42132	Immune	group	10003	217.60	2.413	0.7368421052631579	38	ok
Limbus_Fib	CYP1B1	1163.0	0.682	42132	Melanocytes	group	7209	12.65	6.414	1.0	25	ok
Limbus_Fib	CYP1B1	1163.0	0.682	42132	Schwann	group	6059	13.38	6.339	0.96	25	ok
Limbus_Fib	CYP1B1	1163.0	0.682	42132	SMC	group	2801	84.64	3.765			ok
Limbus_Fib	CYP1B1	1163.0	0.682	42132	CornealEndo	group	432	74.70	3.943			ok
Limbus_Fib	CYP1B1	1163.0	0.682	42132	B Cells	author	212	7.17	7.154			ok
Limbus_Fib	CYP1B1	1163.0	0.682	42132	Capillary	author	5466	175.79	2.719			ok
Limbus_Fib	CYP1B1	1163.0	0.682	42132	Conj_superficial	author	3546	412.97	1.492			ok
Limbus_Fib	CYP1B1	1163.0	0.682	42132	Limbus/Sclera Fibroblasts - C1	author	33033	283.52	2.032			ok
Limbus_Fib	CYP1B1	1163.0	0.682	42132	Limbus/Sclera Fibroblasts - C2	author	42047	270.81	2.098			ok
Limbus_Fib	CYP1B1	1163.0	0.682	42132	Mast Cells	author	629	14.67	6.215			ok
Limbus_Fib	CYP1B1	1163.0	0.682	42132	Pericytes	author	37530	94.98	3.600			ok
Limbus_Fib	CYP1B1	1163.0	0.682	42132	Schwann_M	author	656	19.64	5.817			ok
Limbus_Fib	CYP1B1	1163.0	0.682	42132	Schwann_N	author	5403	12.68	6.411			ok
Limbus_Fib	CYP1B1	1163.0	0.682	42132	Sclera Fibroblasts	author	9288	276.81	2.067			ok
Limbus_Fib	CYP1B1	1163.0	0.682	42132	Smooth Muscle Cells	author	2801	84.64	3.765			ok
Limbus_Fib	CYP1B1	1163.0	0.682	42132	Venule_Sclera	author	17753	240.03	2.272			ok
Limbus_Fib	AKR1C2	2365.0	0.620	42132	Keratocytes	group	103738	555.75	2.087	0.23076923076923078	39	ok
Limbus_Fib	AKR1C2	2365.0	0.620	42132	Pericytes	group	37530	23.74	6.579	1.0	31	ok
Limbus_Fib	AKR1C2	2365.0	0.620	42132	Epithelium	group	250323	85.77	4.769	0.7692307692307693	39	ok
Limbus_Fib	AKR1C2	2365.0	0.620	42132	Endothelium	group	33262	13.46	7.354	1.0	31	ok
Limbus_Fib	AKR1C2	2365.0	0.620	42132	Immune	group	10003	9.53	7.812	1.0	38	ok
Limbus_Fib	AKR1C2	2365.0	0.620	42132	Melanocytes	group	7209	1.98	9.631	1.0	25	ok
Limbus_Fib	AKR1C2	2365.0	0.620	42132	Schwann	group	6059	7.33	8.150	0.96	25	ok
Limbus_Fib	AKR1C2	2365.0	0.620	42132	SMC	group	2801	1.94	9.652			ok
Limbus_Fib	AKR1C2	2365.0	0.620	42132	CornealEndo	group	432	158.13	3.894			ok
Limbus_Fib	AKR1C2	2365.0	0.620	42132	B Cells	author	212	1.79	9.726			ok
Limbus_Fib	AKR1C2	2365.0	0.620	42132	Capillary	author	5466	3.14	9.160			ok
Limbus_Fib	AKR1C2	2365.0	0.620	42132	Conj_superficial	author	3546	240.39	3.293			ok
Limbus_Fib	AKR1C2	2365.0	0.620	42132	Limbus/Sclera Fibroblasts - C1	author	33033	77.38	4.916			ok
Limbus_Fib	AKR1C2	2365.0	0.620	42132	Limbus/Sclera Fibroblasts - C2	author	42047	89.08	4.715			ok
Limbus_Fib	AKR1C2	2365.0	0.620	42132	Mast Cells	author	629	3.42	9.063			ok
Limbus_Fib	AKR1C2	2365.0	0.620	42132	Pericytes	author	37530	23.74	6.579			ok
Limbus_Fib	AKR1C2	2365.0	0.620	42132	Schwann_M	author	656	5.54	8.499			ok
Limbus_Fib	AKR1C2	2365.0	0.620	42132	Schwann_N	author	5403	7.53	8.116			ok
Limbus_Fib	AKR1C2	2365.0	0.620	42132	Sclera Fibroblasts	author	9288	848.31	1.478			ok
Limbus_Fib	AKR1C2	2365.0	0.620	42132	Smooth Muscle Cells	author	2801	1.94	9.652			ok
Limbus_Fib	AKR1C2	2365.0	0.620	42132	Venule_Sclera	author	17753	9.48	7.818			ok
Limbus_Fib	SERPINE2	1667.6	0.718	42132	Keratocytes	group	103738	375.02	2.150	0.4358974358974359	39	ok
Limbus_Fib	SERPINE2	1667.6	0.718	42132	Pericytes	group	37530	18.88	6.391	0.967741935483871	31	ok
Limbus_Fib	SERPINE2	1667.6	0.718	42132	Epithelium	group	250323	35.20	5.526	0.9487179487179487	39	ok
Limbus_Fib	SERPINE2	1667.6	0.718	42132	Endothelium	group	33262	43.78	5.220	0.967741935483871	31	ok
Limbus_Fib	SERPINE2	1667.6	0.718	42132	Immune	group	10003	14.32	6.767	1.0	38	ok
Limbus_Fib	SERPINE2	1667.6	0.718	42132	Melanocytes	group	7209	139.06	3.574	0.76	25	ok
Limbus_Fib	SERPINE2	1667.6	0.718	42132	Schwann	group	6059	234.64	2.824	0.6	25	ok
Limbus_Fib	SERPINE2	1667.6	0.718	42132	SMC	group	2801	13.43	6.853			ok
Limbus_Fib	SERPINE2	1667.6	0.718	42132	CornealEndo	group	432	96.51	4.097			ok
Limbus_Fib	SERPINE2	1667.6	0.718	42132	B Cells	author	212	12.56	6.944			ok
Limbus_Fib	SERPINE2	1667.6	0.718	42132	Capillary	author	5466	140.13	3.564			ok
Limbus_Fib	SERPINE2	1667.6	0.718	42132	Conj_superficial	author	3546	12.42	6.958			ok
Limbus_Fib	SERPINE2	1667.6	0.718	42132	Limbus/Sclera Fibroblasts - C1	author	33033	345.58	2.267			ok
Limbus_Fib	SERPINE2	1667.6	0.718	42132	Limbus/Sclera Fibroblasts - C2	author	42047	110.36	3.905			ok
Limbus_Fib	SERPINE2	1667.6	0.718	42132	Mast Cells	author	629	5.38	8.031			ok
Limbus_Fib	SERPINE2	1667.6	0.718	42132	Pericytes	author	37530	18.88	6.391			ok
Limbus_Fib	SERPINE2	1667.6	0.718	42132	Schwann_M	author	656	284.08	2.549			ok
Limbus_Fib	SERPINE2	1667.6	0.718	42132	Schwann_N	author	5403	229.08	2.858			ok
Limbus_Fib	SERPINE2	1667.6	0.718	42132	Sclera Fibroblasts	author	9288	606.91	1.457			ok
Limbus_Fib	SERPINE2	1667.6	0.718	42132	Smooth Muscle Cells	author	2801	13.43	6.853			ok
Limbus_Fib	SERPINE2	1667.6	0.718	42132	Venule_Sclera	author	17753	14.15	6.783			ok
Limbus_Fib	SRXN1	60.5	0.277	42132	Keratocytes	group	103738	20.77	1.499	0.3333333333333333	39	ok
Limbus_Fib	SRXN1	60.5	0.277	42132	Pericytes	group	37530	6.28	3.080	0.6774193548387096	31	ok
Limbus_Fib	SRXN1	60.5	0.277	42132	Epithelium	group	250323	9.14	2.601	0.5384615384615384	39	ok
Limbus_Fib	SRXN1	60.5	0.277	42132	Endothelium	group	33262	13.07	2.129	0.5806451612903226	31	ok
Limbus_Fib	SRXN1	60.5	0.277	42132	Immune	group	10003	21.76	1.434	0.5526315789473685	38	ok
Limbus_Fib	SRXN1	60.5	0.277	42132	Melanocytes	group	7209	5.17	3.318	0.88	25	ok
Limbus_Fib	SRXN1	60.5	0.277	42132	Schwann	group	6059	16.95	1.778	0.52	25	ok
Limbus_Fib	SRXN1	60.5	0.277	42132	SMC	group	2801	11.39	2.312			ok
Limbus_Fib	SRXN1	60.5	0.277	42132	CornealEndo	group	432	3.82	3.675			ok
Limbus_Fib	SRXN1	60.5	0.277	42132	B Cells	author	212	1.79	4.461			ok
Limbus_Fib	SRXN1	60.5	0.277	42132	Capillary	author	5466	6.61	3.014			ok
Limbus_Fib	SRXN1	60.5	0.277	42132	Conj_superficial	author	3546	20.50	1.517			ok
Limbus_Fib	SRXN1	60.5	0.277	42132	Limbus/Sclera Fibroblasts - C1	author	33033	8.85	2.643			ok
Limbus_Fib	SRXN1	60.5	0.277	42132	Limbus/Sclera Fibroblasts - C2	author	42047	6.47	3.042			ok
Limbus_Fib	SRXN1	60.5	0.277	42132	Mast Cells	author	629	5.38	3.270			ok
Limbus_Fib	SRXN1	60.5	0.277	42132	Pericytes	author	37530	6.28	3.080			ok
Limbus_Fib	SRXN1	60.5	0.277	42132	Schwann_M	author	656	21.15	1.474			ok
Limbus_Fib	SRXN1	60.5	0.277	42132	Schwann_N	author	5403	16.47	1.816			ok
Limbus_Fib	SRXN1	60.5	0.277	42132	Sclera Fibroblasts	author	9288	18.84	1.633			ok
Limbus_Fib	SRXN1	60.5	0.277	42132	Smooth Muscle Cells	author	2801	11.39	2.312			ok
Limbus_Fib	SRXN1	60.5	0.277	42132	Venule_Sclera	author	17753	5.90	3.157			ok
Limbus_Fib	TNFRSF11B	505.7	0.470	42132	Keratocytes	group	103738	195.31	1.368	0.15384615384615385	39	ok
Limbus_Fib	TNFRSF11B	505.7	0.470	42132	Pericytes	group	37530	26.86	4.185	0.7741935483870968	31	ok
Limbus_Fib	TNFRSF11B	505.7	0.470	42132	Epithelium	group	250323	0.93	8.037	1.0	39	ok
Limbus_Fib	TNFRSF11B	505.7	0.470	42132	Endothelium	group	33262	6.93	5.997	0.8709677419354839	31	ok
Limbus_Fib	TNFRSF11B	505.7	0.470	42132	Immune	group	10003	2.28	7.270	0.9736842105263158	38	ok
Limbus_Fib	TNFRSF11B	505.7	0.470	42132	Melanocytes	group	7209	0.40	8.498	1.0	25	ok
Limbus_Fib	TNFRSF11B	505.7	0.470	42132	Schwann	group	6059	14.20	5.059	0.92	25	ok
Limbus_Fib	TNFRSF11B	505.7	0.470	42132	SMC	group	2801	2.69	7.102			ok
Limbus_Fib	TNFRSF11B	505.7	0.470	42132	CornealEndo	group	432	1.64	7.587			ok
Limbus_Fib	TNFRSF11B	505.7	0.470	42132	B Cells	author	212	0.00	8.985			ok
Limbus_Fib	TNFRSF11B	505.7	0.470	42132	Capillary	author	5466	3.58	6.791			ok
Limbus_Fib	TNFRSF11B	505.7	0.470	42132	Conj_superficial	author	3546	2.61	7.132			ok
Limbus_Fib	TNFRSF11B	505.7	0.470	42132	Limbus/Sclera Fibroblasts - C1	author	33033	37.98	3.700			ok
Limbus_Fib	TNFRSF11B	505.7	0.470	42132	Limbus/Sclera Fibroblasts - C2	author	42047	34.96	3.817			ok
Limbus_Fib	TNFRSF11B	505.7	0.470	42132	Mast Cells	author	629	1.96	7.421			ok
Limbus_Fib	TNFRSF11B	505.7	0.470	42132	Pericytes	author	37530	26.86	4.185			ok
Limbus_Fib	TNFRSF11B	505.7	0.470	42132	Schwann_M	author	656	1.01	7.980			ok
Limbus_Fib	TNFRSF11B	505.7	0.470	42132	Schwann_N	author	5403	15.68	4.925			ok
Limbus_Fib	TNFRSF11B	505.7	0.470	42132	Sclera Fibroblasts	author	9288	39.17	3.657			ok
Limbus_Fib	TNFRSF11B	505.7	0.470	42132	Smooth Muscle Cells	author	2801	2.69	7.102			ok
Limbus_Fib	TNFRSF11B	505.7	0.470	42132	Venule_Sclera	author	17753	9.91	5.538			ok
Limbus_Fib	CEMIP	1706.3	0.464	42132	Keratocytes	group	103738	677.02	1.332	0.07692307692307693	39	ok
Limbus_Fib	CEMIP	1706.3	0.464	42132	Pericytes	group	37530	11.34	7.112	1.0	31	ok
Limbus_Fib	CEMIP	1706.3	0.464	42132	Epithelium	group	250323	23.91	6.099	0.9743589743589743	39	ok
Limbus_Fib	CEMIP	1706.3	0.464	42132	Endothelium	group	33262	16.13	6.639	0.967741935483871	31	ok
Limbus_Fib	CEMIP	1706.3	0.464	42132	Immune	group	10003	98.78	4.097	0.8421052631578947	38	ok
Limbus_Fib	CEMIP	1706.3	0.464	42132	Melanocytes	group	7209	5.80	7.972	0.96	25	ok
Limbus_Fib	CEMIP	1706.3	0.464	42132	Schwann	group	6059	7.28	7.688	0.96	25	ok
Limbus_Fib	CEMIP	1706.3	0.464	42132	SMC	group	2801	17.51	6.527			ok
Limbus_Fib	CEMIP	1706.3	0.464	42132	CornealEndo	group	432	669.60	1.348			ok
Limbus_Fib	CEMIP	1706.3	0.464	42132	B Cells	author	212	3.59	8.540			ok
Limbus_Fib	CEMIP	1706.3	0.464	42132	Capillary	author	5466	9.85	7.298			ok
Limbus_Fib	CEMIP	1706.3	0.464	42132	Conj_superficial	author	3546	17.94	6.494			ok
Limbus_Fib	CEMIP	1706.3	0.464	42132	Limbus/Sclera Fibroblasts - C1	author	33033	311.68	2.449			ok
Limbus_Fib	CEMIP	1706.3	0.464	42132	Limbus/Sclera Fibroblasts - C2	author	42047	241.14	2.818			ok
Limbus_Fib	CEMIP	1706.3	0.464	42132	Mast Cells	author	629	0.98	9.754			ok
Limbus_Fib	CEMIP	1706.3	0.464	42132	Pericytes	author	37530	11.34	7.112			ok
Limbus_Fib	CEMIP	1706.3	0.464	42132	Schwann_M	author	656	3.53	8.559			ok
Limbus_Fib	CEMIP	1706.3	0.464	42132	Schwann_N	author	5403	7.70	7.617			ok
Limbus_Fib	CEMIP	1706.3	0.464	42132	Sclera Fibroblasts	author	9288	463.96	1.877			ok
Limbus_Fib	CEMIP	1706.3	0.464	42132	Smooth Muscle Cells	author	2801	17.51	6.527			ok
Limbus_Fib	CEMIP	1706.3	0.464	42132	Venule_Sclera	author	17753	14.43	6.790			ok
Limbus_Fib	GSTO1	1053.4	0.821	42132	Keratocytes	group	103738	185.12	2.502	0.3076923076923077	39	ok
Limbus_Fib	GSTO1	1053.4	0.821	42132	Pericytes	group	37530	157.87	2.731	0.45161290322580644	31	ok
Limbus_Fib	GSTO1	1053.4	0.821	42132	Epithelium	group	250323	213.52	2.297	0.4358974358974359	39	ok
Limbus_Fib	GSTO1	1053.4	0.821	42132	Endothelium	group	33262	204.60	2.359	0.3870967741935484	31	ok
Limbus_Fib	GSTO1	1053.4	0.821	42132	Immune	group	10003	349.12	1.590	0.34210526315789475	38	ok
Limbus_Fib	GSTO1	1053.4	0.821	42132	Melanocytes	group	7209	426.62	1.302	0.12	25	ok
Limbus_Fib	GSTO1	1053.4	0.821	42132	Schwann	group	6059	146.60	2.837	0.48	25	ok
Limbus_Fib	GSTO1	1053.4	0.821	42132	SMC	group	2801	193.41	2.439			ok
Limbus_Fib	GSTO1	1053.4	0.821	42132	CornealEndo	group	432	13.63	6.171			ok
Limbus_Fib	GSTO1	1053.4	0.821	42132	B Cells	author	212	47.53	4.441			ok
Limbus_Fib	GSTO1	1053.4	0.821	42132	Capillary	author	5466	169.38	2.630			ok
Limbus_Fib	GSTO1	1053.4	0.821	42132	Conj_superficial	author	3546	58.25	4.153			ok
Limbus_Fib	GSTO1	1053.4	0.821	42132	Limbus/Sclera Fibroblasts - C1	author	33033	139.93	2.903			ok
Limbus_Fib	GSTO1	1053.4	0.821	42132	Limbus/Sclera Fibroblasts - C2	author	42047	160.92	2.703			ok
Limbus_Fib	GSTO1	1053.4	0.821	42132	Mast Cells	author	629	164.75	2.669			ok
Limbus_Fib	GSTO1	1053.4	0.821	42132	Pericytes	author	37530	157.87	2.731			ok
Limbus_Fib	GSTO1	1053.4	0.821	42132	Schwann_M	author	656	61.95	4.066			ok
Limbus_Fib	GSTO1	1053.4	0.821	42132	Schwann_N	author	5403	156.12	2.746			ok
Limbus_Fib	GSTO1	1053.4	0.821	42132	Sclera Fibroblasts	author	9288	213.95	2.294			ok
Limbus_Fib	GSTO1	1053.4	0.821	42132	Smooth Muscle Cells	author	2801	193.41	2.439			ok
Limbus_Fib	GSTO1	1053.4	0.821	42132	Venule_Sclera	author	17753	136.07	2.943			ok
LimScl_C1	DPT	200.4	0.363	33033	Keratocytes	group	103738	9.01	4.330	1.0	49	ok
LimScl_C1	DPT	200.4	0.363	33033	Pericytes	group	37530	8.85	4.354	1.0	52	ok
LimScl_C1	DPT	200.4	0.363	33033	Epithelium	group	250323	0.12	7.491	1.0	50	ok
LimScl_C1	DPT	200.4	0.363	33033	Endothelium	group	33262	0.41	7.160	1.0	56	ok
LimScl_C1	DPT	200.4	0.363	33033	Immune	group	10003	0.35	7.216	1.0	56	ok
LimScl_C1	DPT	200.4	0.363	33033	Melanocytes	group	7209	0.13	7.483	1.0	41	ok
LimScl_C1	DPT	200.4	0.363	33033	Schwann	group	6059	1.37	6.407	1.0	47	ok
LimScl_C1	DPT	200.4	0.363	33033	SMC	group	2801	0.40	7.170			ok
LimScl_C1	DPT	200.4	0.363	33033	CornealEndo	group	432	0.55	7.026			ok
LimScl_C1	DPT	200.4	0.363	33033	B Cells	author	212	2.69	5.770			ok
LimScl_C1	DPT	200.4	0.363	33033	Capillary	author	5466	0.78	6.819			ok
LimScl_C1	DPT	200.4	0.363	33033	Conj_superficial	author	3546	0.53	7.043			ok
LimScl_C1	DPT	200.4	0.363	33033	Limbus Fibroblasts	author	42132	21.16	3.184			ok
LimScl_C1	DPT	200.4	0.363	33033	Limbus/Sclera Fibroblasts - C2	author	42047	25.55	2.923			ok
LimScl_C1	DPT	200.4	0.363	33033	Mast Cells	author	629	0.98	6.670			ok
LimScl_C1	DPT	200.4	0.363	33033	Pericytes	author	37530	8.85	4.354			ok
LimScl_C1	DPT	200.4	0.363	33033	Schwann_M	author	656	1.51	6.326			ok
LimScl_C1	DPT	200.4	0.363	33033	Schwann_N	author	5403	1.36	6.416			ok
LimScl_C1	DPT	200.4	0.363	33033	Sclera Fibroblasts	author	9288	16.30	3.541			ok
LimScl_C1	DPT	200.4	0.363	33033	Smooth Muscle Cells	author	2801	0.40	7.170			ok
LimScl_C1	DPT	200.4	0.363	33033	Venule_Sclera	author	17753	0.43	7.135			ok
LimScl_C1	CFD	1753.7	0.446	33033	Keratocytes	group	103738	40.66	5.396	0.9387755102040817	49	ok
LimScl_C1	CFD	1753.7	0.446	33033	Pericytes	group	37530	42.79	5.325	0.9615384615384616	52	ok
LimScl_C1	CFD	1753.7	0.446	33033	Epithelium	group	250323	44.49	5.270	0.96	50	ok
LimScl_C1	CFD	1753.7	0.446	33033	Endothelium	group	33262	1.99	9.199	1.0	56	ok
LimScl_C1	CFD	1753.7	0.446	33033	Immune	group	10003	52.42	5.038	0.9285714285714286	56	ok
LimScl_C1	CFD	1753.7	0.446	33033	Melanocytes	group	7209	2.64	8.915	0.975609756097561	41	ok
LimScl_C1	CFD	1753.7	0.446	33033	Schwann	group	6059	340.23	2.362	0.6595744680851063	47	ok
LimScl_C1	CFD	1753.7	0.446	33033	SMC	group	2801	7.66	7.662			ok
LimScl_C1	CFD	1753.7	0.446	33033	CornealEndo	group	432	0.55	10.149			ok
LimScl_C1	CFD	1753.7	0.446	33033	B Cells	author	212	4.48	8.322			ok
LimScl_C1	CFD	1753.7	0.446	33033	Capillary	author	5466	3.43	8.630			ok
LimScl_C1	CFD	1753.7	0.446	33033	Conj_superficial	author	3546	23.41	6.168			ok
LimScl_C1	CFD	1753.7	0.446	33033	Limbus Fibroblasts	author	42132	57.32	4.911			ok
LimScl_C1	CFD	1753.7	0.446	33033	Limbus/Sclera Fibroblasts - C2	author	42047	64.87	4.736			ok
LimScl_C1	CFD	1753.7	0.446	33033	Mast Cells	author	629	1.96	9.214			ok
LimScl_C1	CFD	1753.7	0.446	33033	Pericytes	author	37530	42.79	5.325			ok
LimScl_C1	CFD	1753.7	0.446	33033	Schwann_M	author	656	12.09	7.067			ok
LimScl_C1	CFD	1753.7	0.446	33033	Schwann_N	author	5403	377.10	2.214			ok
LimScl_C1	CFD	1753.7	0.446	33033	Sclera Fibroblasts	author	9288	16.38	6.658			ok
LimScl_C1	CFD	1753.7	0.446	33033	Smooth Muscle Cells	author	2801	7.66	7.662			ok
LimScl_C1	CFD	1753.7	0.446	33033	Venule_Sclera	author	17753	2.30	9.055			ok
LimScl_C1	LAMA2	413.9	0.532	33033	Keratocytes	group	103738	14.88	4.708	1.0	49	ok
LimScl_C1	LAMA2	413.9	0.532	33033	Pericytes	group	37530	7.45	5.618	0.9615384615384616	52	ok
LimScl_C1	LAMA2	413.9	0.532	33033	Epithelium	group	250323	5.24	6.056	1.0	50	ok
LimScl_C1	LAMA2	413.9	0.532	33033	Endothelium	group	33262	8.80	5.403	1.0	56	ok
LimScl_C1	LAMA2	413.9	0.532	33033	Immune	group	10003	8.78	5.407	0.9821428571428571	56	ok
LimScl_C1	LAMA2	413.9	0.532	33033	Melanocytes	group	7209	0.65	7.972	1.0	41	ok
LimScl_C1	LAMA2	413.9	0.532	33033	Schwann	group	6059	112.61	1.869	0.8297872340425532	47	ok
LimScl_C1	LAMA2	413.9	0.532	33033	SMC	group	2801	2.24	7.001			ok
LimScl_C1	LAMA2	413.9	0.532	33033	CornealEndo	group	432	1.09	7.633			ok
LimScl_C1	LAMA2	413.9	0.532	33033	B Cells	author	212	0.90	7.773			ok
LimScl_C1	LAMA2	413.9	0.532	33033	Capillary	author	5466	42.82	3.243			ok
LimScl_C1	LAMA2	413.9	0.532	33033	Conj_superficial	author	3546	1.83	7.197			ok
LimScl_C1	LAMA2	413.9	0.532	33033	Limbus Fibroblasts	author	42132	15.68	4.637			ok
LimScl_C1	LAMA2	413.9	0.532	33033	Limbus/Sclera Fibroblasts - C2	author	42047	62.42	2.710			ok
LimScl_C1	LAMA2	413.9	0.532	33033	Mast Cells	author	629	16.13	4.598			ok
LimScl_C1	LAMA2	413.9	0.532	33033	Pericytes	author	37530	7.45	5.618			ok
LimScl_C1	LAMA2	413.9	0.532	33033	Schwann_M	author	656	22.16	4.163			ok
LimScl_C1	LAMA2	413.9	0.532	33033	Schwann_N	author	5403	122.78	1.745			ok
LimScl_C1	LAMA2	413.9	0.532	33033	Sclera Fibroblasts	author	9288	13.75	4.814			ok
LimScl_C1	LAMA2	413.9	0.532	33033	Smooth Muscle Cells	author	2801	2.24	7.001			ok
LimScl_C1	LAMA2	413.9	0.532	33033	Venule_Sclera	author	17753	4.83	6.152			ok
LimScl_C1	EFEMP1	119.2	0.271	33033	Keratocytes	group	103738	22.78	2.338	0.6938775510204082	49	ok
LimScl_C1	EFEMP1	119.2	0.271	33033	Pericytes	group	37530	2.77	4.997	0.9807692307692307	52	ok
LimScl_C1	EFEMP1	119.2	0.271	33033	Epithelium	group	250323	26.86	2.109	0.74	50	ok
LimScl_C1	EFEMP1	119.2	0.271	33033	Endothelium	group	33262	26.60	2.123	0.8214285714285714	56	ok
LimScl_C1	EFEMP1	119.2	0.271	33033	Immune	group	10003	2.37	5.156	1.0	56	ok
LimScl_C1	EFEMP1	119.2	0.271	33033	Melanocytes	group	7209	2.36	5.161	0.975609756097561	41	ok
LimScl_C1	EFEMP1	119.2	0.271	33033	Schwann	group	6059	3.00	4.909	0.9787234042553191	47	ok
LimScl_C1	EFEMP1	119.2	0.271	33033	SMC	group	2801	4.53	4.443			ok
LimScl_C1	EFEMP1	119.2	0.271	33033	CornealEndo	group	432	8.72	3.628			ok
LimScl_C1	EFEMP1	119.2	0.271	33033	B Cells	author	212	6.28	4.046			ok
LimScl_C1	EFEMP1	119.2	0.271	33033	Capillary	author	5466	6.96	3.917			ok
LimScl_C1	EFEMP1	119.2	0.271	33033	Conj_superficial	author	3546	16.58	2.774			ok
LimScl_C1	EFEMP1	119.2	0.271	33033	Limbus Fibroblasts	author	42132	24.92	2.214			ok
LimScl_C1	EFEMP1	119.2	0.271	33033	Limbus/Sclera Fibroblasts - C2	author	42047	36.32	1.688			ok
LimScl_C1	EFEMP1	119.2	0.271	33033	Mast Cells	author	629	6.84	3.938			ok
LimScl_C1	EFEMP1	119.2	0.271	33033	Pericytes	author	37530	2.77	4.997			ok
LimScl_C1	EFEMP1	119.2	0.271	33033	Schwann_M	author	656	1.01	5.904			ok
LimScl_C1	EFEMP1	119.2	0.271	33033	Schwann_N	author	5403	3.23	4.830			ok
LimScl_C1	EFEMP1	119.2	0.271	33033	Sclera Fibroblasts	author	9288	28.68	2.018			ok
LimScl_C1	EFEMP1	119.2	0.271	33033	Smooth Muscle Cells	author	2801	4.53	4.443			ok
LimScl_C1	EFEMP1	119.2	0.271	33033	Venule_Sclera	author	17753	2.99	4.913			ok
LimScl_C1	LEPR	526.1	0.589	33033	Keratocytes	group	103738	57.19	3.179	0.8775510204081632	49	ok
LimScl_C1	LEPR	526.1	0.589	33033	Pericytes	group	37530	5.55	6.330	1.0	52	ok
LimScl_C1	LEPR	526.1	0.589	33033	Epithelium	group	250323	5.48	6.346	1.0	50	ok
LimScl_C1	LEPR	526.1	0.589	33033	Endothelium	group	33262	64.53	3.008	0.8392857142857143	56	ok
LimScl_C1	LEPR	526.1	0.589	33033	Immune	group	10003	6.72	6.094	1.0	56	ok
LimScl_C1	LEPR	526.1	0.589	33033	Melanocytes	group	7209	8.33	5.819	1.0	41	ok
LimScl_C1	LEPR	526.1	0.589	33033	Schwann	group	6059	11.96	5.346	1.0	47	ok
LimScl_C1	LEPR	526.1	0.589	33033	SMC	group	2801	5.32	6.381			ok
LimScl_C1	LEPR	526.1	0.589	33033	CornealEndo	group	432	5.45	6.352			ok
LimScl_C1	LEPR	526.1	0.589	33033	B Cells	author	212	3.59	6.844			ok
LimScl_C1	LEPR	526.1	0.589	33033	Capillary	author	5466	164.38	1.672			ok
LimScl_C1	LEPR	526.1	0.589	33033	Conj_superficial	author	3546	15.44	5.003			ok
LimScl_C1	LEPR	526.1	0.589	33033	Limbus Fibroblasts	author	42132	63.74	3.025			ok
LimScl_C1	LEPR	526.1	0.589	33033	Limbus/Sclera Fibroblasts - C2	author	42047	49.68	3.379			ok
LimScl_C1	LEPR	526.1	0.589	33033	Mast Cells	author	629	6.36	6.163			ok
LimScl_C1	LEPR	526.1	0.589	33033	Pericytes	author	37530	5.55	6.330			ok
LimScl_C1	LEPR	526.1	0.589	33033	Schwann_M	author	656	12.09	5.332			ok
LimScl_C1	LEPR	526.1	0.589	33033	Schwann_N	author	5403	11.94	5.348			ok
LimScl_C1	LEPR	526.1	0.589	33033	Sclera Fibroblasts	author	9288	29.12	4.129			ok
LimScl_C1	LEPR	526.1	0.589	33033	Smooth Muscle Cells	author	2801	5.32	6.381			ok
LimScl_C1	LEPR	526.1	0.589	33033	Venule_Sclera	author	17753	63.98	3.020			ok
LimScl_C1	VCAN	196.7	0.388	33033	Keratocytes	group	103738	2.13	5.981	1.0	49	ok
LimScl_C1	VCAN	196.7	0.388	33033	Pericytes	group	37530	19.57	3.265	0.9807692307692307	52	ok
LimScl_C1	VCAN	196.7	0.388	33033	Epithelium	group	250323	1.06	6.582	1.0	50	ok
LimScl_C1	VCAN	196.7	0.388	33033	Endothelium	group	33262	36.96	2.381	0.8392857142857143	56	ok
LimScl_C1	VCAN	196.7	0.388	33033	Immune	group	10003	56.12	1.792	0.8214285714285714	56	ok
LimScl_C1	VCAN	196.7	0.388	33033	Melanocytes	group	7209	2.38	5.868	0.975609756097561	41	ok
LimScl_C1	VCAN	196.7	0.388	33033	Schwann	group	6059	42.59	2.181	0.851063829787234	47	ok
LimScl_C1	VCAN	196.7	0.388	33033	SMC	group	2801	2.99	5.633			ok
LimScl_C1	VCAN	196.7	0.388	33033	CornealEndo	group	432	0.00	7.627			ok
LimScl_C1	VCAN	196.7	0.388	33033	B Cells	author	212	0.00	7.627			ok
LimScl_C1	VCAN	196.7	0.388	33033	Capillary	author	5466	2.94	5.649			ok
LimScl_C1	VCAN	196.7	0.388	33033	Conj_superficial	author	3546	1.17	6.509			ok
LimScl_C1	VCAN	196.7	0.388	33033	Limbus Fibroblasts	author	42132	23.00	3.042			ok
LimScl_C1	VCAN	196.7	0.388	33033	Limbus/Sclera Fibroblasts - C2	author	42047	9.14	4.286			ok
LimScl_C1	VCAN	196.7	0.388	33033	Mast Cells	author	629	0.00	7.627			ok
LimScl_C1	VCAN	196.7	0.388	33033	Pericytes	author	37530	19.57	3.265			ok
LimScl_C1	VCAN	196.7	0.388	33033	Schwann_M	author	656	37.78	2.350			ok
LimScl_C1	VCAN	196.7	0.388	33033	Schwann_N	author	5403	43.13	2.164			ok
LimScl_C1	VCAN	196.7	0.388	33033	Sclera Fibroblasts	author	9288	47.48	2.028			ok
LimScl_C1	VCAN	196.7	0.388	33033	Smooth Muscle Cells	author	2801	2.99	5.633			ok
LimScl_C1	VCAN	196.7	0.388	33033	Venule_Sclera	author	17753	65.05	1.582			ok
LimScl_C1	DCLK1	142.1	0.357	33033	Keratocytes	group	103738	37.58	1.891	0.6122448979591837	49	ok
LimScl_C1	DCLK1	142.1	0.357	33033	Pericytes	group	37530	41.21	1.761	0.7115384615384616	52	ok
LimScl_C1	DCLK1	142.1	0.357	33033	Epithelium	group	250323	2.48	5.362	1.0	50	ok
LimScl_C1	DCLK1	142.1	0.357	33033	Endothelium	group	33262	1.85	5.652	0.9642857142857143	56	ok
LimScl_C1	DCLK1	142.1	0.357	33033	Immune	group	10003	0.89	6.245	0.9821428571428571	56	ok
LimScl_C1	DCLK1	142.1	0.357	33033	Melanocytes	group	7209	42.07	1.732	0.7804878048780488	41	ok
LimScl_C1	DCLK1	142.1	0.357	33033	Schwann	group	6059	3.77	4.908	0.9574468085106383	47	ok
LimScl_C1	DCLK1	142.1	0.357	33033	SMC	group	2801	52.20	1.428			ok
LimScl_C1	DCLK1	142.1	0.357	33033	CornealEndo	group	432	2.18	5.492			ok
LimScl_C1	DCLK1	142.1	0.357	33033	B Cells	author	212	1.79	5.679			ok
LimScl_C1	DCLK1	142.1	0.357	33033	Capillary	author	5466	8.53	3.909			ok
LimScl_C1	DCLK1	142.1	0.357	33033	Conj_superficial	author	3546	3.68	4.935			ok
LimScl_C1	DCLK1	142.1	0.357	33033	Limbus Fibroblasts	author	42132	33.05	2.071			ok
LimScl_C1	DCLK1	142.1	0.357	33033	Limbus/Sclera Fibroblasts - C2	author	42047	16.59	3.024			ok
LimScl_C1	DCLK1	142.1	0.357	33033	Mast Cells	author	629	1.96	5.598			ok
LimScl_C1	DCLK1	142.1	0.357	33033	Pericytes	author	37530	41.21	1.761			ok
LimScl_C1	DCLK1	142.1	0.357	33033	Schwann_M	author	656	18.13	2.903			ok
LimScl_C1	DCLK1	142.1	0.357	33033	Schwann_N	author	5403	2.15	5.505			ok
LimScl_C1	DCLK1	142.1	0.357	33033	Sclera Fibroblasts	author	9288	10.46	3.642			ok
LimScl_C1	DCLK1	142.1	0.357	33033	Smooth Muscle Cells	author	2801	52.20	1.428			ok
LimScl_C1	DCLK1	142.1	0.357	33033	Venule_Sclera	author	17753	1.08	6.103			ok
LimScl_C1	ABCA9	109.8	0.315	33033	Keratocytes	group	103738	42.65	1.344	0.673469387755102	49	ok
LimScl_C1	ABCA9	109.8	0.315	33033	Pericytes	group	37530	2.18	5.124	1.0	52	ok
LimScl_C1	ABCA9	109.8	0.315	33033	Epithelium	group	250323	2.71	4.900	0.98	50	ok
LimScl_C1	ABCA9	109.8	0.315	33033	Endothelium	group	33262	0.65	6.068	1.0	56	ok
LimScl_C1	ABCA9	109.8	0.315	33033	Immune	group	10003	1.35	5.558	1.0	56	ok
LimScl_C1	ABCA9	109.8	0.315	33033	Melanocytes	group	7209	30.12	1.832	0.8536585365853658	41	ok
LimScl_C1	ABCA9	109.8	0.315	33033	Schwann	group	6059	21.88	2.276	0.8723404255319149	47	ok
LimScl_C1	ABCA9	109.8	0.315	33033	SMC	group	2801	0.80	5.947			ok
LimScl_C1	ABCA9	109.8	0.315	33033	CornealEndo	group	432	13.63	2.921			ok
LimScl_C1	ABCA9	109.8	0.315	33033	B Cells	author	212	0.90	5.868			ok
LimScl_C1	ABCA9	109.8	0.315	33033	Capillary	author	5466	0.83	5.918			ok
LimScl_C1	ABCA9	109.8	0.315	33033	Conj_superficial	author	3546	0.74	5.994			ok
LimScl_C1	ABCA9	109.8	0.315	33033	Limbus Fibroblasts	author	42132	32.06	1.745			ok
LimScl_C1	ABCA9	109.8	0.315	33033	Limbus/Sclera Fibroblasts - C2	author	42047	23.49	2.178			ok
LimScl_C1	ABCA9	109.8	0.315	33033	Mast Cells	author	629	0.00	6.792			ok
LimScl_C1	ABCA9	109.8	0.315	33033	Pericytes	author	37530	2.18	5.124			ok
LimScl_C1	ABCA9	109.8	0.315	33033	Schwann_M	author	656	0.00	6.792			ok
LimScl_C1	ABCA9	109.8	0.315	33033	Schwann_N	author	5403	24.34	2.129			ok
LimScl_C1	ABCA9	109.8	0.315	33033	Sclera Fibroblasts	author	9288	9.46	3.405			ok
LimScl_C1	ABCA9	109.8	0.315	33033	Smooth Muscle Cells	author	2801	0.80	5.947			ok
LimScl_C1	ABCA9	109.8	0.315	33033	Venule_Sclera	author	17753	0.58	6.134			ok
LimScl_C1	COL3A1	757.8	0.488	33033	Keratocytes	group	103738	47.11	3.979	0.9183673469387755	49	ok
LimScl_C1	COL3A1	757.8	0.488	33033	Pericytes	group	37530	193.51	1.964	0.5	52	ok
LimScl_C1	COL3A1	757.8	0.488	33033	Epithelium	group	250323	0.22	9.276	1.0	50	ok
LimScl_C1	COL3A1	757.8	0.488	33033	Endothelium	group	33262	3.19	7.500	1.0	56	ok
LimScl_C1	COL3A1	757.8	0.488	33033	Immune	group	10003	1.40	8.307	1.0	56	ok
LimScl_C1	COL3A1	757.8	0.488	33033	Melanocytes	group	7209	0.28	9.216	1.0	41	ok
LimScl_C1	COL3A1	757.8	0.488	33033	Schwann	group	6059	299.62	1.336	0.8297872340425532	47	ok
LimScl_C1	COL3A1	757.8	0.488	33033	SMC	group	2801	85.68	3.130			ok
LimScl_C1	COL3A1	757.8	0.488	33033	CornealEndo	group	432	1.09	8.504			ok
LimScl_C1	COL3A1	757.8	0.488	33033	B Cells	author	212	1.79	8.085			ok
LimScl_C1	COL3A1	757.8	0.488	33033	Capillary	author	5466	4.80	7.031			ok
LimScl_C1	COL3A1	757.8	0.488	33033	Conj_superficial	author	3546	1.76	8.104			ok
LimScl_C1	COL3A1	757.8	0.488	33033	Limbus Fibroblasts	author	42132	32.82	4.488			ok
LimScl_C1	COL3A1	757.8	0.488	33033	Limbus/Sclera Fibroblasts - C2	author	42047	102.89	2.869			ok
LimScl_C1	COL3A1	757.8	0.488	33033	Mast Cells	author	629	0.98	8.584			ok
LimScl_C1	COL3A1	757.8	0.488	33033	Pericytes	author	37530	193.51	1.964			ok
LimScl_C1	COL3A1	757.8	0.488	33033	Schwann_M	author	656	54.90	3.763			ok
LimScl_C1	COL3A1	757.8	0.488	33033	Schwann_N	author	5403	327.12	1.210			ok
LimScl_C1	COL3A1	757.8	0.488	33033	Sclera Fibroblasts	author	9288	6.07	6.746			ok
LimScl_C1	COL3A1	757.8	0.488	33033	Smooth Muscle Cells	author	2801	85.68	3.130			ok
LimScl_C1	COL3A1	757.8	0.488	33033	Venule_Sclera	author	17753	4.72	7.051			ok
LimScl_C1	SEMA3A	211.1	0.256	33033	Keratocytes	group	103738	96.59	1.120	0.5918367346938775	49	ok
LimScl_C1	SEMA3A	211.1	0.256	33033	Pericytes	group	37530	4.87	5.174	0.9615384615384616	52	ok
LimScl_C1	SEMA3A	211.1	0.256	33033	Epithelium	group	250323	9.03	4.402	0.96	50	ok
LimScl_C1	SEMA3A	211.1	0.256	33033	Endothelium	group	33262	69.11	1.597	0.5892857142857143	56	ok
LimScl_C1	SEMA3A	211.1	0.256	33033	Immune	group	10003	10.79	4.168	0.8928571428571429	56	ok
LimScl_C1	SEMA3A	211.1	0.256	33033	Melanocytes	group	7209	3.36	5.603	0.9512195121951219	41	ok
LimScl_C1	SEMA3A	211.1	0.256	33033	Schwann	group	6059	9.16	4.384	0.8936170212765957	47	ok
LimScl_C1	SEMA3A	211.1	0.256	33033	SMC	group	2801	20.65	3.292			ok
LimScl_C1	SEMA3A	211.1	0.256	33033	CornealEndo	group	432	1.09	6.664			ok
LimScl_C1	SEMA3A	211.1	0.256	33033	B Cells	author	212	1.79	6.246			ok
LimScl_C1	SEMA3A	211.1	0.256	33033	Capillary	author	5466	5.49	5.031			ok
LimScl_C1	SEMA3A	211.1	0.256	33033	Conj_superficial	author	3546	19.24	3.389			ok
LimScl_C1	SEMA3A	211.1	0.256	33033	Limbus Fibroblasts	author	42132	87.96	1.253			ok
LimScl_C1	SEMA3A	211.1	0.256	33033	Limbus/Sclera Fibroblasts - C2	author	42047	17.24	3.539			ok
LimScl_C1	SEMA3A	211.1	0.256	33033	Mast Cells	author	629	0.98	6.744			ok
LimScl_C1	SEMA3A	211.1	0.256	33033	Pericytes	author	37530	4.87	5.174			ok
LimScl_C1	SEMA3A	211.1	0.256	33033	Schwann_M	author	656	23.67	3.103			ok
LimScl_C1	SEMA3A	211.1	0.256	33033	Schwann_N	author	5403	7.53	4.636			ok
LimScl_C1	SEMA3A	211.1	0.256	33033	Sclera Fibroblasts	author	9288	7.22	4.688			ok
LimScl_C1	SEMA3A	211.1	0.256	33033	Smooth Muscle Cells	author	2801	20.65	3.292			ok
LimScl_C1	SEMA3A	211.1	0.256	33033	Venule_Sclera	author	17753	40.48	2.354			ok
LimScl_C1	DIO2	282.5	0.426	33033	Keratocytes	group	103738	70.65	1.984	0.6938775510204082	49	ok
LimScl_C1	DIO2	282.5	0.426	33033	Pericytes	group	37530	8.42	4.911	0.9807692307692307	52	ok
LimScl_C1	DIO2	282.5	0.426	33033	Epithelium	group	250323	17.41	3.945	0.92	50	ok
LimScl_C1	DIO2	282.5	0.426	33033	Endothelium	group	33262	1.35	6.915	1.0	56	ok
LimScl_C1	DIO2	282.5	0.426	33033	Immune	group	10003	1.88	6.619	1.0	56	ok
LimScl_C1	DIO2	282.5	0.426	33033	Melanocytes	group	7209	1.41	6.881	1.0	41	ok
LimScl_C1	DIO2	282.5	0.426	33033	Schwann	group	6059	27.07	3.336	0.9148936170212766	47	ok
LimScl_C1	DIO2	282.5	0.426	33033	SMC	group	2801	32.14	3.097			ok
LimScl_C1	DIO2	282.5	0.426	33033	CornealEndo	group	432	29.44	3.219			ok
LimScl_C1	DIO2	282.5	0.426	33033	B Cells	author	212	1.79	6.665			ok
LimScl_C1	DIO2	282.5	0.426	33033	Capillary	author	5466	2.60	6.301			ok
LimScl_C1	DIO2	282.5	0.426	33033	Conj_superficial	author	3546	137.30	1.036			ok
LimScl_C1	DIO2	282.5	0.426	33033	Limbus Fibroblasts	author	42132	76.14	1.878			ok
LimScl_C1	DIO2	282.5	0.426	33033	Limbus/Sclera Fibroblasts - C2	author	42047	101.08	1.474			ok
LimScl_C1	DIO2	282.5	0.426	33033	Mast Cells	author	629	0.98	7.163			ok
LimScl_C1	DIO2	282.5	0.426	33033	Pericytes	author	37530	8.42	4.911			ok
LimScl_C1	DIO2	282.5	0.426	33033	Schwann_M	author	656	7.56	5.050			ok
LimScl_C1	DIO2	282.5	0.426	33033	Schwann_N	author	5403	29.26	3.228			ok
LimScl_C1	DIO2	282.5	0.426	33033	Sclera Fibroblasts	author	9288	33.17	3.053			ok
LimScl_C1	DIO2	282.5	0.426	33033	Smooth Muscle Cells	author	2801	32.14	3.097			ok
LimScl_C1	DIO2	282.5	0.426	33033	Venule_Sclera	author	17753	1.46	6.846			ok
LimScl_C1	VIT	124.0	0.359	33033	Keratocytes	group	103738	20.73	2.524	0.7755102040816326	49	ok
LimScl_C1	VIT	124.0	0.359	33033	Pericytes	group	37530	0.67	6.223	1.0	52	ok
LimScl_C1	VIT	124.0	0.359	33033	Epithelium	group	250323	27.25	2.146	0.92	50	ok
LimScl_C1	VIT	124.0	0.359	33033	Endothelium	group	33262	0.54	6.340	1.0	56	ok
LimScl_C1	VIT	124.0	0.359	33033	Immune	group	10003	0.93	6.016	1.0	56	ok
LimScl_C1	VIT	124.0	0.359	33033	Melanocytes	group	7209	0.63	6.263	1.0	41	ok
LimScl_C1	VIT	124.0	0.359	33033	Schwann	group	6059	1.73	5.517	1.0	47	ok
LimScl_C1	VIT	124.0	0.359	33033	SMC	group	2801	0.55	6.336			ok
LimScl_C1	VIT	124.0	0.359	33033	CornealEndo	group	432	0.00	6.966			ok
LimScl_C1	VIT	124.0	0.359	33033	B Cells	author	212	0.90	6.042			ok
LimScl_C1	VIT	124.0	0.359	33033	Capillary	author	5466	0.69	6.212			ok
LimScl_C1	VIT	124.0	0.359	33033	Conj_superficial	author	3546	0.32	6.569			ok
LimScl_C1	VIT	124.0	0.359	33033	Limbus Fibroblasts	author	42132	9.74	3.540			ok
LimScl_C1	VIT	124.0	0.359	33033	Limbus/Sclera Fibroblasts - C2	author	42047	60.08	1.033			ok
LimScl_C1	VIT	124.0	0.359	33033	Mast Cells	author	629	1.47	5.663			ok
LimScl_C1	VIT	124.0	0.359	33033	Pericytes	author	37530	0.67	6.223			ok
LimScl_C1	VIT	124.0	0.359	33033	Schwann_M	author	656	1.51	5.637			ok
LimScl_C1	VIT	124.0	0.359	33033	Schwann_N	author	5403	1.75	5.504			ok
LimScl_C1	VIT	124.0	0.359	33033	Sclera Fibroblasts	author	9288	3.44	4.814			ok
LimScl_C1	VIT	124.0	0.359	33033	Smooth Muscle Cells	author	2801	0.55	6.336			ok
LimScl_C1	VIT	124.0	0.359	33033	Venule_Sclera	author	17753	0.68	6.217			ok
LimScl_C2	COL11A1	158.3	0.320	42047	Keratocytes	group	103738	9.55	3.916	0.6666666666666666	39	ok
LimScl_C2	COL11A1	158.3	0.320	42047	Pericytes	group	37530	2.26	5.613	1.0	43	ok
LimScl_C2	COL11A1	158.3	0.320	42047	Epithelium	group	250323	0.12	7.155	0.9736842105263158	38	ok
LimScl_C2	COL11A1	158.3	0.320	42047	Endothelium	group	33262	0.41	6.816	1.0	44	ok
LimScl_C2	COL11A1	158.3	0.320	42047	Immune	group	10003	0.51	6.721	1.0	43	ok
LimScl_C2	COL11A1	158.3	0.320	42047	Melanocytes	group	7209	25.88	2.567	0.5	28	ok
LimScl_C2	COL11A1	158.3	0.320	42047	Schwann	group	6059	25.54	2.585	0.725	40	ok
LimScl_C2	COL11A1	158.3	0.320	42047	SMC	group	2801	29.21	2.399			ok
LimScl_C2	COL11A1	158.3	0.320	42047	CornealEndo	group	432	0.00	7.315			ok
LimScl_C2	COL11A1	158.3	0.320	42047	B Cells	author	212	4.48	4.860			ok
LimScl_C2	COL11A1	158.3	0.320	42047	Capillary	author	5466	0.88	6.403			ok
LimScl_C2	COL11A1	158.3	0.320	42047	Conj_superficial	author	3546	0.19	7.068			ok
LimScl_C2	COL11A1	158.3	0.320	42047	Limbus Fibroblasts	author	42132	1.59	5.941			ok
LimScl_C2	COL11A1	158.3	0.320	42047	Limbus/Sclera Fibroblasts - C1	author	33033	12.19	3.594			ok
LimScl_C2	COL11A1	158.3	0.320	42047	Mast Cells	author	629	0.49	6.741			ok
LimScl_C2	COL11A1	158.3	0.320	42047	Pericytes	author	37530	2.26	5.613			ok
LimScl_C2	COL11A1	158.3	0.320	42047	Schwann_M	author	656	0.50	6.727			ok
LimScl_C2	COL11A1	158.3	0.320	42047	Schwann_N	author	5403	28.36	2.440			ok
LimScl_C2	COL11A1	158.3	0.320	42047	Sclera Fibroblasts	author	9288	14.50	3.361			ok
LimScl_C2	COL11A1	158.3	0.320	42047	Smooth Muscle Cells	author	2801	29.21	2.399			ok
LimScl_C2	COL11A1	158.3	0.320	42047	Venule_Sclera	author	17753	0.44	6.786			ok
LimScl_C2	CPXM1	105.9	0.278	42047	Keratocytes	group	103738	0.84	5.858	0.8974358974358975	39	ok
LimScl_C2	CPXM1	105.9	0.278	42047	Pericytes	group	37530	2.21	5.056	0.7674418604651163	43	ok
LimScl_C2	CPXM1	105.9	0.278	42047	Epithelium	group	250323	0.02	6.705	0.9473684210526315	38	ok
LimScl_C2	CPXM1	105.9	0.278	42047	Endothelium	group	33262	0.40	6.257	0.9545454545454546	44	ok
LimScl_C2	CPXM1	105.9	0.278	42047	Immune	group	10003	0.89	5.824	0.8837209302325582	43	ok
LimScl_C2	CPXM1	105.9	0.278	42047	Melanocytes	group	7209	0.63	6.038	0.8928571428571429	28	ok
LimScl_C2	CPXM1	105.9	0.278	42047	Schwann	group	6059	2.75	4.834	0.975	40	ok
LimScl_C2	CPXM1	105.9	0.278	42047	SMC	group	2801	2.29	5.023			ok
LimScl_C2	CPXM1	105.9	0.278	42047	CornealEndo	group	432	0.00	6.740			ok
LimScl_C2	CPXM1	105.9	0.278	42047	B Cells	author	212	0.90	5.817			ok
LimScl_C2	CPXM1	105.9	0.278	42047	Capillary	author	5466	1.03	5.720			ok
LimScl_C2	CPXM1	105.9	0.278	42047	Conj_superficial	author	3546	0.06	6.658			ok
LimScl_C2	CPXM1	105.9	0.278	42047	Limbus Fibroblasts	author	42132	1.85	5.231			ok
LimScl_C2	CPXM1	105.9	0.278	42047	Limbus/Sclera Fibroblasts - C1	author	33033	18.99	2.419			ok
LimScl_C2	CPXM1	105.9	0.278	42047	Mast Cells	author	629	0.00	6.740			ok
LimScl_C2	CPXM1	105.9	0.278	42047	Pericytes	author	37530	2.21	5.056			ok
LimScl_C2	CPXM1	105.9	0.278	42047	Schwann_M	author	656	0.00	6.740			ok
LimScl_C2	CPXM1	105.9	0.278	42047	Schwann_N	author	5403	3.06	4.720			ok
LimScl_C2	CPXM1	105.9	0.278	42047	Sclera Fibroblasts	author	9288	19.28	2.398			ok
LimScl_C2	CPXM1	105.9	0.278	42047	Smooth Muscle Cells	author	2801	2.29	5.023			ok
LimScl_C2	CPXM1	105.9	0.278	42047	Venule_Sclera	author	17753	0.46	6.190			ok
LimScl_C2	COL1A1	5225.9	0.666	42047	Keratocytes	group	103738	577.48	3.176	0.3333333333333333	39	ok
LimScl_C2	COL1A1	5225.9	0.666	42047	Pericytes	group	37530	174.24	4.899	0.5116279069767442	43	ok
LimScl_C2	COL1A1	5225.9	0.666	42047	Epithelium	group	250323	3.05	10.335	1.0	38	ok
LimScl_C2	COL1A1	5225.9	0.666	42047	Endothelium	group	33262	6.00	9.544	1.0	44	ok
LimScl_C2	COL1A1	5225.9	0.666	42047	Immune	group	10003	5.67	9.613	1.0	43	ok
LimScl_C2	COL1A1	5225.9	0.666	42047	Melanocytes	group	7209	1.13	11.261	1.0	28	ok
LimScl_C2	COL1A1	5225.9	0.666	42047	Schwann	group	6059	105.64	5.615	0.925	40	ok
LimScl_C2	COL1A1	5225.9	0.666	42047	SMC	group	2801	139.62	5.216			ok
LimScl_C2	COL1A1	5225.9	0.666	42047	CornealEndo	group	432	22.36	7.806			ok
LimScl_C2	COL1A1	5225.9	0.666	42047	B Cells	author	212	37.67	7.079			ok
LimScl_C2	COL1A1	5225.9	0.666	42047	Capillary	author	5466	20.38	7.933			ok
LimScl_C2	COL1A1	5225.9	0.666	42047	Conj_superficial	author	3546	8.56	9.094			ok
LimScl_C2	COL1A1	5225.9	0.666	42047	Limbus Fibroblasts	author	42132	61.04	6.397			ok
LimScl_C2	COL1A1	5225.9	0.666	42047	Limbus/Sclera Fibroblasts - C1	author	33033	1425.77	1.873			ok
LimScl_C2	COL1A1	5225.9	0.666	42047	Mast Cells	author	629	4.89	9.794			ok
LimScl_C2	COL1A1	5225.9	0.666	42047	Pericytes	author	37530	174.24	4.899			ok
LimScl_C2	COL1A1	5225.9	0.666	42047	Schwann_M	author	656	4.53	9.884			ok
LimScl_C2	COL1A1	5225.9	0.666	42047	Schwann_N	author	5403	117.00	5.469			ok
LimScl_C2	COL1A1	5225.9	0.666	42047	Sclera Fibroblasts	author	9288	83.33	5.954			ok
LimScl_C2	COL1A1	5225.9	0.666	42047	Smooth Muscle Cells	author	2801	139.62	5.216			ok
LimScl_C2	COL1A1	5225.9	0.666	42047	Venule_Sclera	author	17753	6.59	9.428			ok
LimScl_C2	ANGPT1	172.1	0.435	42047	Keratocytes	group	103738	19.60	3.071	0.717948717948718	39	ok
LimScl_C2	ANGPT1	172.1	0.435	42047	Pericytes	group	37530	52.01	1.707	0.5348837209302325	43	ok
LimScl_C2	ANGPT1	172.1	0.435	42047	Epithelium	group	250323	0.41	6.943	1.0	38	ok
LimScl_C2	ANGPT1	172.1	0.435	42047	Endothelium	group	33262	0.93	6.486	1.0	44	ok
LimScl_C2	ANGPT1	172.1	0.435	42047	Immune	group	10003	1.24	6.271	1.0	43	ok
LimScl_C2	ANGPT1	172.1	0.435	42047	Melanocytes	group	7209	0.43	6.923	1.0	28	ok
LimScl_C2	ANGPT1	172.1	0.435	42047	Schwann	group	6059	2.39	5.673	1.0	40	ok
LimScl_C2	ANGPT1	172.1	0.435	42047	SMC	group	2801	10.85	3.869			ok
LimScl_C2	ANGPT1	172.1	0.435	42047	CornealEndo	group	432	0.55	6.807			ok
LimScl_C2	ANGPT1	172.1	0.435	42047	B Cells	author	212	1.79	5.953			ok
LimScl_C2	ANGPT1	172.1	0.435	42047	Capillary	author	5466	2.30	5.712			ok
LimScl_C2	ANGPT1	172.1	0.435	42047	Conj_superficial	author	3546	0.37	6.976			ok
LimScl_C2	ANGPT1	172.1	0.435	42047	Limbus Fibroblasts	author	42132	4.93	4.868			ok
LimScl_C2	ANGPT1	172.1	0.435	42047	Limbus/Sclera Fibroblasts - C1	author	33033	30.11	2.476			ok
LimScl_C2	ANGPT1	172.1	0.435	42047	Mast Cells	author	629	5.87	4.656			ok
LimScl_C2	ANGPT1	172.1	0.435	42047	Pericytes	author	37530	52.01	1.707			ok
LimScl_C2	ANGPT1	172.1	0.435	42047	Schwann_M	author	656	2.52	5.620			ok
LimScl_C2	ANGPT1	172.1	0.435	42047	Schwann_N	author	5403	2.38	5.679			ok
LimScl_C2	ANGPT1	172.1	0.435	42047	Sclera Fibroblasts	author	9288	20.69	2.996			ok
LimScl_C2	ANGPT1	172.1	0.435	42047	Smooth Muscle Cells	author	2801	10.85	3.869			ok
LimScl_C2	ANGPT1	172.1	0.435	42047	Venule_Sclera	author	17753	1.20	6.301			ok
LimScl_C2	PCOLCE	747.0	0.671	42047	Keratocytes	group	103738	132.58	2.485	0.28205128205128205	39	ok
LimScl_C2	PCOLCE	747.0	0.671	42047	Pericytes	group	37530	111.34	2.735	0.5348837209302325	43	ok
LimScl_C2	PCOLCE	747.0	0.671	42047	Epithelium	group	250323	1.94	7.992	1.0	38	ok
LimScl_C2	PCOLCE	747.0	0.671	42047	Endothelium	group	33262	3.66	7.326	1.0	44	ok
LimScl_C2	PCOLCE	747.0	0.671	42047	Immune	group	10003	3.59	7.348	1.0	43	ok
LimScl_C2	PCOLCE	747.0	0.671	42047	Melanocytes	group	7209	3.41	7.405	1.0	28	ok
LimScl_C2	PCOLCE	747.0	0.671	42047	Schwann	group	6059	8.75	6.261	1.0	40	ok
LimScl_C2	PCOLCE	747.0	0.671	42047	SMC	group	2801	114.59	2.694			ok
LimScl_C2	PCOLCE	747.0	0.671	42047	CornealEndo	group	432	67.61	3.447			ok
LimScl_C2	PCOLCE	747.0	0.671	42047	B Cells	author	212	10.76	5.991			ok
LimScl_C2	PCOLCE	747.0	0.671	42047	Capillary	author	5466	6.86	6.573			ok
LimScl_C2	PCOLCE	747.0	0.671	42047	Conj_superficial	author	3546	2.41	7.776			ok
LimScl_C2	PCOLCE	747.0	0.671	42047	Limbus Fibroblasts	author	42132	33.42	4.442			ok
LimScl_C2	PCOLCE	747.0	0.671	42047	Limbus/Sclera Fibroblasts - C1	author	33033	229.62	1.698			ok
LimScl_C2	PCOLCE	747.0	0.671	42047	Mast Cells	author	629	3.91	7.251			ok
LimScl_C2	PCOLCE	747.0	0.671	42047	Pericytes	author	37530	111.34	2.735			ok
LimScl_C2	PCOLCE	747.0	0.671	42047	Schwann_M	author	656	7.56	6.450			ok
LimScl_C2	PCOLCE	747.0	0.671	42047	Schwann_N	author	5403	8.89	6.241			ok
LimScl_C2	PCOLCE	747.0	0.671	42047	Sclera Fibroblasts	author	9288	78.65	3.231			ok
LimScl_C2	PCOLCE	747.0	0.671	42047	Smooth Muscle Cells	author	2801	114.59	2.694			ok
LimScl_C2	PCOLCE	747.0	0.671	42047	Venule_Sclera	author	17753	4.34	7.130			ok
LimScl_C2	RBP4	184.5	0.374	42047	Keratocytes	group	103738	3.06	5.514	0.8717948717948718	39	ok
LimScl_C2	RBP4	184.5	0.374	42047	Pericytes	group	37530	1.39	6.279	0.9534883720930233	43	ok
LimScl_C2	RBP4	184.5	0.374	42047	Epithelium	group	250323	0.13	7.353	0.8947368421052632	38	ok
LimScl_C2	RBP4	184.5	0.374	42047	Endothelium	group	33262	3.85	5.257	0.9545454545454546	44	ok
LimScl_C2	RBP4	184.5	0.374	42047	Immune	group	10003	0.69	6.780	0.9767441860465116	43	ok
LimScl_C2	RBP4	184.5	0.374	42047	Melanocytes	group	7209	0.38	7.074	1.0	28	ok
LimScl_C2	RBP4	184.5	0.374	42047	Schwann	group	6059	1.42	6.257	0.975	40	ok
LimScl_C2	RBP4	184.5	0.374	42047	SMC	group	2801	1.99	5.955			ok
LimScl_C2	RBP4	184.5	0.374	42047	CornealEndo	group	432	2.73	5.637			ok
LimScl_C2	RBP4	184.5	0.374	42047	B Cells	author	212	0.00	7.535			ok
LimScl_C2	RBP4	184.5	0.374	42047	Capillary	author	5466	2.30	5.811			ok
LimScl_C2	RBP4	184.5	0.374	42047	Conj_superficial	author	3546	0.20	7.273			ok
LimScl_C2	RBP4	184.5	0.374	42047	Limbus Fibroblasts	author	42132	25.23	2.822			ok
LimScl_C2	RBP4	184.5	0.374	42047	Limbus/Sclera Fibroblasts - C1	author	33033	46.58	1.963			ok
LimScl_C2	RBP4	184.5	0.374	42047	Mast Cells	author	629	0.00	7.535			ok
LimScl_C2	RBP4	184.5	0.374	42047	Pericytes	author	37530	1.39	6.279			ok
LimScl_C2	RBP4	184.5	0.374	42047	Schwann_M	author	656	0.00	7.535			ok
LimScl_C2	RBP4	184.5	0.374	42047	Schwann_N	author	5403	1.58	6.165			ok
LimScl_C2	RBP4	184.5	0.374	42047	Sclera Fibroblasts	author	9288	56.93	1.679			ok
LimScl_C2	RBP4	184.5	0.374	42047	Smooth Muscle Cells	author	2801	1.99	5.955			ok
LimScl_C2	RBP4	184.5	0.374	42047	Venule_Sclera	author	17753	5.59	4.815			ok
LimScl_C2	OGN	360.2	0.428	42047	Keratocytes	group	103738	19.15	4.164	0.717948717948718	39	ok
LimScl_C2	OGN	360.2	0.428	42047	Pericytes	group	37530	18.64	4.201	0.9302325581395349	43	ok
LimScl_C2	OGN	360.2	0.428	42047	Epithelium	group	250323	0.57	7.842	0.9736842105263158	38	ok
LimScl_C2	OGN	360.2	0.428	42047	Endothelium	group	33262	2.00	6.913	0.9772727272727273	44	ok
LimScl_C2	OGN	360.2	0.428	42047	Immune	group	10003	2.59	6.651	0.9767441860465116	43	ok
LimScl_C2	OGN	360.2	0.428	42047	Melanocytes	group	7209	2.23	6.803	1.0	28	ok
LimScl_C2	OGN	360.2	0.428	42047	Schwann	group	6059	3.82	6.229	0.875	40	ok
LimScl_C2	OGN	360.2	0.428	42047	SMC	group	2801	23.39	3.889			ok
LimScl_C2	OGN	360.2	0.428	42047	CornealEndo	group	432	9.27	5.136			ok
LimScl_C2	OGN	360.2	0.428	42047	B Cells	author	212	2.69	6.613			ok
LimScl_C2	OGN	360.2	0.428	42047	Capillary	author	5466	4.90	5.936			ok
LimScl_C2	OGN	360.2	0.428	42047	Conj_superficial	author	3546	0.22	8.207			ok
LimScl_C2	OGN	360.2	0.428	42047	Limbus Fibroblasts	author	42132	5.31	5.838			ok
LimScl_C2	OGN	360.2	0.428	42047	Limbus/Sclera Fibroblasts - C1	author	33033	116.84	1.616			ok
LimScl_C2	OGN	360.2	0.428	42047	Mast Cells	author	629	2.44	6.712			ok
LimScl_C2	OGN	360.2	0.428	42047	Pericytes	author	37530	18.64	4.201			ok
LimScl_C2	OGN	360.2	0.428	42047	Schwann_M	author	656	4.03	6.166			ok
LimScl_C2	OGN	360.2	0.428	42047	Schwann_N	author	5403	3.79	6.236			ok
LimScl_C2	OGN	360.2	0.428	42047	Sclera Fibroblasts	author	9288	27.91	3.643			ok
LimScl_C2	OGN	360.2	0.428	42047	Smooth Muscle Cells	author	2801	23.39	3.889			ok
LimScl_C2	OGN	360.2	0.428	42047	Venule_Sclera	author	17753	1.95	6.937			ok
LimScl_C2	CLEC11A	253.4	0.581	42047	Keratocytes	group	103738	84.46	1.574	0.41025641025641024	39	ok
LimScl_C2	CLEC11A	253.4	0.581	42047	Pericytes	group	37530	26.39	3.215	0.9302325581395349	43	ok
LimScl_C2	CLEC11A	253.4	0.581	42047	Epithelium	group	250323	16.39	3.871	0.9736842105263158	38	ok
LimScl_C2	CLEC11A	253.4	0.581	42047	Endothelium	group	33262	2.44	6.208	1.0	44	ok
LimScl_C2	CLEC11A	253.4	0.581	42047	Immune	group	10003	7.34	4.932	1.0	43	ok
LimScl_C2	CLEC11A	253.4	0.581	42047	Melanocytes	group	7209	57.98	2.109	0.6785714285714286	28	ok
LimScl_C2	CLEC11A	253.4	0.581	42047	Schwann	group	6059	26.36	3.217	0.9	40	ok
LimScl_C2	CLEC11A	253.4	0.581	42047	SMC	group	2801	35.53	2.800			ok
LimScl_C2	CLEC11A	253.4	0.581	42047	CornealEndo	group	432	9.81	4.556			ok
LimScl_C2	CLEC11A	253.4	0.581	42047	B Cells	author	212	2.69	6.107			ok
LimScl_C2	CLEC11A	253.4	0.581	42047	Capillary	author	5466	5.49	5.293			ok
LimScl_C2	CLEC11A	253.4	0.581	42047	Conj_superficial	author	3546	8.03	4.817			ok
LimScl_C2	CLEC11A	253.4	0.581	42047	Limbus Fibroblasts	author	42132	28.49	3.109			ok
LimScl_C2	CLEC11A	253.4	0.581	42047	Limbus/Sclera Fibroblasts - C1	author	33033	82.51	1.607			ok
LimScl_C2	CLEC11A	253.4	0.581	42047	Mast Cells	author	629	4.40	5.558			ok
LimScl_C2	CLEC11A	253.4	0.581	42047	Pericytes	author	37530	26.39	3.215			ok
LimScl_C2	CLEC11A	253.4	0.581	42047	Schwann_M	author	656	24.18	3.337			ok
LimScl_C2	CLEC11A	253.4	0.581	42047	Schwann_N	author	5403	26.60	3.204			ok
LimScl_C2	CLEC11A	253.4	0.581	42047	Sclera Fibroblasts	author	9288	51.47	2.278			ok
LimScl_C2	CLEC11A	253.4	0.581	42047	Smooth Muscle Cells	author	2801	35.53	2.800			ok
LimScl_C2	CLEC11A	253.4	0.581	42047	Venule_Sclera	author	17753	2.37	6.238			ok
LimScl_C2	COL1A2	4090.8	0.801	42047	Keratocytes	group	103738	885.37	2.207	0.05128205128205128	39	ok
LimScl_C2	COL1A2	4090.8	0.801	42047	Pericytes	group	37530	222.30	4.196	0.627906976744186	43	ok
LimScl_C2	COL1A2	4090.8	0.801	42047	Epithelium	group	250323	1.59	10.627	1.0	38	ok
LimScl_C2	COL1A2	4090.8	0.801	42047	Endothelium	group	33262	5.92	9.208	1.0	44	ok
LimScl_C2	COL1A2	4090.8	0.801	42047	Immune	group	10003	6.25	9.140	1.0	43	ok
LimScl_C2	COL1A2	4090.8	0.801	42047	Melanocytes	group	7209	7.78	8.864	0.9642857142857143	28	ok
LimScl_C2	COL1A2	4090.8	0.801	42047	Schwann	group	6059	206.14	4.304	0.9	40	ok
LimScl_C2	COL1A2	4090.8	0.801	42047	SMC	group	2801	139.42	4.865			ok
LimScl_C2	COL1A2	4090.8	0.801	42047	CornealEndo	group	432	382.78	3.414			ok
LimScl_C2	COL1A2	4090.8	0.801	42047	B Cells	author	212	24.22	7.342			ok
LimScl_C2	COL1A2	4090.8	0.801	42047	Capillary	author	5466	18.72	7.697			ok
LimScl_C2	COL1A2	4090.8	0.801	42047	Conj_superficial	author	3546	5.25	9.355			ok
LimScl_C2	COL1A2	4090.8	0.801	42047	Limbus Fibroblasts	author	42132	152.55	4.736			ok
LimScl_C2	COL1A2	4090.8	0.801	42047	Limbus/Sclera Fibroblasts - C1	author	33033	1412.90	1.533			ok
LimScl_C2	COL1A2	4090.8	0.801	42047	Mast Cells	author	629	8.31	8.780			ok
LimScl_C2	COL1A2	4090.8	0.801	42047	Pericytes	author	37530	222.30	4.196			ok
LimScl_C2	COL1A2	4090.8	0.801	42047	Schwann_M	author	656	12.59	8.234			ok
LimScl_C2	COL1A2	4090.8	0.801	42047	Schwann_N	author	5403	227.89	4.160			ok
LimScl_C2	COL1A2	4090.8	0.801	42047	Sclera Fibroblasts	author	9288	70.94	5.830			ok
LimScl_C2	COL1A2	4090.8	0.801	42047	Smooth Muscle Cells	author	2801	139.42	4.865			ok
LimScl_C2	COL1A2	4090.8	0.801	42047	Venule_Sclera	author	17753	6.10	9.170			ok
LimScl_C2	HAAO	67.7	0.263	42047	Keratocytes	group	103738	10.91	2.528	0.5897435897435898	39	ok
LimScl_C2	HAAO	67.7	0.263	42047	Pericytes	group	37530	5.94	3.306	0.8837209302325582	43	ok
LimScl_C2	HAAO	67.7	0.263	42047	Epithelium	group	250323	0.38	5.634	0.9210526315789473	38	ok
LimScl_C2	HAAO	67.7	0.263	42047	Endothelium	group	33262	0.63	5.396	0.9772727272727273	44	ok
LimScl_C2	HAAO	67.7	0.263	42047	Immune	group	10003	2.37	4.348	0.9534883720930233	43	ok
LimScl_C2	HAAO	67.7	0.263	42047	Melanocytes	group	7209	4.94	3.530	0.9285714285714286	28	ok
LimScl_C2	HAAO	67.7	0.263	42047	Schwann	group	6059	5.60	3.380	1.0	40	ok
LimScl_C2	HAAO	67.7	0.263	42047	SMC	group	2801	19.21	1.765			ok
LimScl_C2	HAAO	67.7	0.263	42047	CornealEndo	group	432	25.63	1.367			ok
LimScl_C2	HAAO	67.7	0.263	42047	B Cells	author	212	1.79	4.619			ok
LimScl_C2	HAAO	67.7	0.263	42047	Capillary	author	5466	1.03	5.081			ok
LimScl_C2	HAAO	67.7	0.263	42047	Conj_superficial	author	3546	0.88	5.192			ok
LimScl_C2	HAAO	67.7	0.263	42047	Limbus Fibroblasts	author	42132	2.39	4.340			ok
LimScl_C2	HAAO	67.7	0.263	42047	Limbus/Sclera Fibroblasts - C1	author	33033	23.61	1.481			ok
LimScl_C2	HAAO	67.7	0.263	42047	Mast Cells	author	629	7.82	2.960			ok
LimScl_C2	HAAO	67.7	0.263	42047	Pericytes	author	37530	5.94	3.306			ok
LimScl_C2	HAAO	67.7	0.263	42047	Schwann_M	author	656	2.52	4.287			ok
LimScl_C2	HAAO	67.7	0.263	42047	Schwann_N	author	5403	5.94	3.306			ok
LimScl_C2	HAAO	67.7	0.263	42047	Sclera Fibroblasts	author	9288	10.26	2.608			ok
LimScl_C2	HAAO	67.7	0.263	42047	Smooth Muscle Cells	author	2801	19.21	1.765			ok
LimScl_C2	HAAO	67.7	0.263	42047	Venule_Sclera	author	17753	0.65	5.380			ok
LimScl_C2	EIF2B3	143.6	0.252	42047	Keratocytes	group	103738	54.01	1.394	0.20512820512820512	39	ok
LimScl_C2	EIF2B3	143.6	0.252	42047	Pericytes	group	37530	30.90	2.181	0.3023255813953488	43	ok
LimScl_C2	EIF2B3	143.6	0.252	42047	Epithelium	group	250323	19.88	2.792	0.4473684210526316	38	ok
LimScl_C2	EIF2B3	143.6	0.252	42047	Endothelium	group	33262	20.42	2.755	0.4318181818181818	44	ok
LimScl_C2	EIF2B3	143.6	0.252	42047	Immune	group	10003	16.69	3.031	0.6046511627906976	43	ok
LimScl_C2	EIF2B3	143.6	0.252	42047	Melanocytes	group	7209	20.83	2.727	0.5357142857142857	28	ok
LimScl_C2	EIF2B3	143.6	0.252	42047	Schwann	group	6059	30.18	2.214	0.5	40	ok
LimScl_C2	EIF2B3	143.6	0.252	42047	SMC	group	2801	38.81	1.861			ok
LimScl_C2	EIF2B3	143.6	0.252	42047	CornealEndo	group	432	32.17	2.124			ok
LimScl_C2	EIF2B3	143.6	0.252	42047	B Cells	author	212	17.04	3.003			ok
LimScl_C2	EIF2B3	143.6	0.252	42047	Capillary	author	5466	27.14	2.361			ok
LimScl_C2	EIF2B3	143.6	0.252	42047	Conj_superficial	author	3546	19.48	2.820			ok
LimScl_C2	EIF2B3	143.6	0.252	42047	Limbus Fibroblasts	author	42132	27.98	2.319			ok
LimScl_C2	EIF2B3	143.6	0.252	42047	Limbus/Sclera Fibroblasts - C1	author	33033	43.67	1.695			ok
LimScl_C2	EIF2B3	143.6	0.252	42047	Mast Cells	author	629	20.53	2.747			ok
LimScl_C2	EIF2B3	143.6	0.252	42047	Pericytes	author	37530	30.90	2.181			ok
LimScl_C2	EIF2B3	143.6	0.252	42047	Schwann_M	author	656	23.17	2.581			ok
LimScl_C2	EIF2B3	143.6	0.252	42047	Schwann_N	author	5403	30.96	2.178			ok
LimScl_C2	EIF2B3	143.6	0.252	42047	Sclera Fibroblasts	author	9288	27.12	2.363			ok
LimScl_C2	EIF2B3	143.6	0.252	42047	Smooth Muscle Cells	author	2801	38.81	1.861			ok
LimScl_C2	EIF2B3	143.6	0.252	42047	Venule_Sclera	author	17753	17.19	2.991			ok
LimScl_C2	CHPF	115.6	0.374	42047	Keratocytes	group	103738	45.52	1.325	0.07692307692307693	39	ok
LimScl_C2	CHPF	115.6	0.374	42047	Pericytes	group	37530	15.17	2.850	0.8372093023255814	43	ok
LimScl_C2	CHPF	115.6	0.374	42047	Epithelium	group	250323	27.99	2.008	0.6842105263157895	38	ok
LimScl_C2	CHPF	115.6	0.374	42047	Endothelium	group	33262	1.26	5.687	1.0	44	ok
LimScl_C2	CHPF	115.6	0.374	42047	Immune	group	10003	6.12	4.034	0.9069767441860465	43	ok
LimScl_C2	CHPF	115.6	0.374	42047	Melanocytes	group	7209	40.61	1.486	0.4642857142857143	28	ok
LimScl_C2	CHPF	115.6	0.374	42047	Schwann	group	6059	18.57	2.574	0.7	40	ok
LimScl_C2	CHPF	115.6	0.374	42047	SMC	group	2801	19.95	2.476			ok
LimScl_C2	CHPF	115.6	0.374	42047	CornealEndo	group	432	25.08	2.160			ok
LimScl_C2	CHPF	115.6	0.374	42047	B Cells	author	212	26.91	2.062			ok
LimScl_C2	CHPF	115.6	0.374	42047	Capillary	author	5466	1.62	5.477			ok
LimScl_C2	CHPF	115.6	0.374	42047	Conj_superficial	author	3546	34.67	1.708			ok
LimScl_C2	CHPF	115.6	0.374	42047	Limbus Fibroblasts	author	42132	42.58	1.419			ok
LimScl_C2	CHPF	115.6	0.374	42047	Limbus/Sclera Fibroblasts - C1	author	33033	28.23	1.995			ok
LimScl_C2	CHPF	115.6	0.374	42047	Mast Cells	author	629	4.89	4.307			ok
LimScl_C2	CHPF	115.6	0.374	42047	Pericytes	author	37530	15.17	2.850			ok
LimScl_C2	CHPF	115.6	0.374	42047	Schwann_M	author	656	19.14	2.533			ok
LimScl_C2	CHPF	115.6	0.374	42047	Schwann_N	author	5403	18.51	2.579			ok
LimScl_C2	CHPF	115.6	0.374	42047	Sclera Fibroblasts	author	9288	43.52	1.389			ok
LimScl_C2	CHPF	115.6	0.374	42047	Smooth Muscle Cells	author	2801	19.95	2.476			ok
LimScl_C2	CHPF	115.6	0.374	42047	Venule_Sclera	author	17753	0.69	6.107			ok
Sclera_Fib	SLC9B1	176.5	0.250	9288	Keratocytes	group	103738	8.66	4.199	0.5555555555555556	9	ok
Sclera_Fib	SLC9B1	176.5	0.250	9288	Pericytes	group	37530	9.65	4.059	0.8888888888888888	9	ok
Sclera_Fib	SLC9B1	176.5	0.250	9288	Epithelium	group	250323	16.24	3.364	0.6666666666666666	9	ok
Sclera_Fib	SLC9B1	176.5	0.250	9288	Endothelium	group	33262	5.91	4.684	0.7777777777777778	9	ok
Sclera_Fib	SLC9B1	176.5	0.250	9288	Immune	group	10003	6.29	4.605	0.9	10	ok
Sclera_Fib	SLC9B1	176.5	0.250	9288	Melanocytes	group	7209	5.10	4.864	0.8333333333333334	6	ok
Sclera_Fib	SLC9B1	176.5	0.250	9288	Schwann	group	6059	9.57	4.070	0.75	8	ok
Sclera_Fib	SLC9B1	176.5	0.250	9288	SMC	group	2801	7.96	4.308			ok
Sclera_Fib	SLC9B1	176.5	0.250	9288	CornealEndo	group	432	4.91	4.909			ok
Sclera_Fib	SLC9B1	176.5	0.250	9288	B Cells	author	212	6.28	4.608			ok
Sclera_Fib	SLC9B1	176.5	0.250	9288	Capillary	author	5466	3.97	5.159			ok
Sclera_Fib	SLC9B1	176.5	0.250	9288	Conj_superficial	author	3546	1.77	6.002			ok
Sclera_Fib	SLC9B1	176.5	0.250	9288	Limbus Fibroblasts	author	42132	16.69	3.327			ok
Sclera_Fib	SLC9B1	176.5	0.250	9288	Limbus/Sclera Fibroblasts - C1	author	33033	9.02	4.146			ok
Sclera_Fib	SLC9B1	176.5	0.250	9288	Limbus/Sclera Fibroblasts - C2	author	42047	11.74	3.801			ok
Sclera_Fib	SLC9B1	176.5	0.250	9288	Mast Cells	author	629	2.93	5.496			ok
Sclera_Fib	SLC9B1	176.5	0.250	9288	Pericytes	author	37530	9.65	4.059			ok
Sclera_Fib	SLC9B1	176.5	0.250	9288	Schwann_M	author	656	6.04	4.655			ok
Sclera_Fib	SLC9B1	176.5	0.250	9288	Schwann_N	author	5403	9.96	4.017			ok
Sclera_Fib	SLC9B1	176.5	0.250	9288	Smooth Muscle Cells	author	2801	7.96	4.308			ok
Sclera_Fib	SLC9B1	176.5	0.250	9288	Venule_Sclera	author	17753	7.11	4.451			ok
Sclera_Fib	FAT1	1458.8	0.775	9288	Keratocytes	group	103738	27.55	5.676	0.8888888888888888	9	ok
Sclera_Fib	FAT1	1458.8	0.775	9288	Pericytes	group	37530	142.34	3.348	0.7777777777777778	9	ok
Sclera_Fib	FAT1	1458.8	0.775	9288	Epithelium	group	250323	157.74	3.201	0.6666666666666666	9	ok
Sclera_Fib	FAT1	1458.8	0.775	9288	Endothelium	group	33262	2.34	8.773	1.0	9	ok
Sclera_Fib	FAT1	1458.8	0.775	9288	Immune	group	10003	3.77	8.258	1.0	10	ok
Sclera_Fib	FAT1	1458.8	0.775	9288	Melanocytes	group	7209	20.31	6.098	1.0	6	ok
Sclera_Fib	FAT1	1458.8	0.775	9288	Schwann	group	6059	67.98	4.403	1.0	8	ok
Sclera_Fib	FAT1	1458.8	0.775	9288	SMC	group	2801	30.65	5.527			ok
Sclera_Fib	FAT1	1458.8	0.775	9288	CornealEndo	group	432	271.55	2.421			ok
Sclera_Fib	FAT1	1458.8	0.775	9288	B Cells	author	212	0.90	9.588			ok
Sclera_Fib	FAT1	1458.8	0.775	9288	Capillary	author	5466	2.06	8.899			ok
Sclera_Fib	FAT1	1458.8	0.775	9288	Conj_superficial	author	3546	53.80	4.735			ok
Sclera_Fib	FAT1	1458.8	0.775	9288	Limbus Fibroblasts	author	42132	91.73	3.977			ok
Sclera_Fib	FAT1	1458.8	0.775	9288	Limbus/Sclera Fibroblasts - C1	author	33033	94.14	3.940			ok
Sclera_Fib	FAT1	1458.8	0.775	9288	Limbus/Sclera Fibroblasts - C2	author	42047	100.76	3.842			ok
Sclera_Fib	FAT1	1458.8	0.775	9288	Mast Cells	author	629	26.89	5.710			ok
Sclera_Fib	FAT1	1458.8	0.775	9288	Pericytes	author	37530	142.34	3.348			ok
Sclera_Fib	FAT1	1458.8	0.775	9288	Schwann_M	author	656	156.64	3.211			ok
Sclera_Fib	FAT1	1458.8	0.775	9288	Schwann_N	author	5403	58.02	4.628			ok
Sclera_Fib	FAT1	1458.8	0.775	9288	Smooth Muscle Cells	author	2801	30.65	5.527			ok
Sclera_Fib	FAT1	1458.8	0.775	9288	Venule_Sclera	author	17753	2.63	8.652			ok
Sclera_Fib	HIVEP3	701.0	0.641	9288	Keratocytes	group	103738	56.61	3.607	0.2222222222222222	9	ok
Sclera_Fib	HIVEP3	701.0	0.641	9288	Pericytes	group	37530	32.64	4.383	0.8888888888888888	9	ok
Sclera_Fib	HIVEP3	701.0	0.641	9288	Epithelium	group	250323	21.59	4.958	0.7777777777777778	9	ok
Sclera_Fib	HIVEP3	701.0	0.641	9288	Endothelium	group	33262	31.95	4.413	0.8888888888888888	9	ok
Sclera_Fib	HIVEP3	701.0	0.641	9288	Immune	group	10003	40.94	4.065	0.8	10	ok
Sclera_Fib	HIVEP3	701.0	0.641	9288	Melanocytes	group	7209	28.01	4.597	0.6666666666666666	6	ok
Sclera_Fib	HIVEP3	701.0	0.641	9288	Schwann	group	6059	66.46	3.379	0.625	8	ok
Sclera_Fib	HIVEP3	701.0	0.641	9288	SMC	group	2801	20.35	5.039			ok
Sclera_Fib	HIVEP3	701.0	0.641	9288	CornealEndo	group	432	139.59	2.320			ok
Sclera_Fib	HIVEP3	701.0	0.641	9288	B Cells	author	212	19.73	5.082			ok
Sclera_Fib	HIVEP3	701.0	0.641	9288	Capillary	author	5466	31.55	4.431			ok
Sclera_Fib	HIVEP3	701.0	0.641	9288	Conj_superficial	author	3546	19.81	5.076			ok
Sclera_Fib	HIVEP3	701.0	0.641	9288	Limbus Fibroblasts	author	42132	36.74	4.217			ok
Sclera_Fib	HIVEP3	701.0	0.641	9288	Limbus/Sclera Fibroblasts - C1	author	33033	63.25	3.450			ok
Sclera_Fib	HIVEP3	701.0	0.641	9288	Limbus/Sclera Fibroblasts - C2	author	42047	78.05	3.151			ok
Sclera_Fib	HIVEP3	701.0	0.641	9288	Mast Cells	author	629	9.78	6.025			ok
Sclera_Fib	HIVEP3	701.0	0.641	9288	Pericytes	author	37530	32.64	4.383			ok
Sclera_Fib	HIVEP3	701.0	0.641	9288	Schwann_M	author	656	51.88	3.731			ok
Sclera_Fib	HIVEP3	701.0	0.641	9288	Schwann_N	author	5403	68.10	3.345			ok
Sclera_Fib	HIVEP3	701.0	0.641	9288	Smooth Muscle Cells	author	2801	20.35	5.039			ok
Sclera_Fib	HIVEP3	701.0	0.641	9288	Venule_Sclera	author	17753	31.48	4.434			ok
Sclera_Fib	FGGY	537.3	0.487	9288	Keratocytes	group	103738	30.78	4.082	0.7777777777777778	9	ok
Sclera_Fib	FGGY	537.3	0.487	9288	Pericytes	group	37530	11.53	5.425	1.0	9	ok
Sclera_Fib	FGGY	537.3	0.487	9288	Epithelium	group	250323	37.10	3.820	0.8888888888888888	9	ok
Sclera_Fib	FGGY	537.3	0.487	9288	Endothelium	group	33262	20.60	4.639	1.0	9	ok
Sclera_Fib	FGGY	537.3	0.487	9288	Immune	group	10003	29.23	4.154	1.0	10	ok
Sclera_Fib	FGGY	537.3	0.487	9288	Melanocytes	group	7209	12.60	5.307	1.0	6	ok
Sclera_Fib	FGGY	537.3	0.487	9288	Schwann	group	6059	37.40	3.809	0.875	8	ok
Sclera_Fib	FGGY	537.3	0.487	9288	SMC	group	2801	14.98	5.074			ok
Sclera_Fib	FGGY	537.3	0.487	9288	CornealEndo	group	432	40.90	3.683			ok
Sclera_Fib	FGGY	537.3	0.487	9288	B Cells	author	212	9.87	5.630			ok
Sclera_Fib	FGGY	537.3	0.487	9288	Capillary	author	5466	36.11	3.858			ok
Sclera_Fib	FGGY	537.3	0.487	9288	Conj_superficial	author	3546	25.88	4.324			ok
Sclera_Fib	FGGY	537.3	0.487	9288	Limbus Fibroblasts	author	42132	69.17	2.939			ok
Sclera_Fib	FGGY	537.3	0.487	9288	Limbus/Sclera Fibroblasts - C1	author	33033	17.96	4.827			ok
Sclera_Fib	FGGY	537.3	0.487	9288	Limbus/Sclera Fibroblasts - C2	author	42047	36.34	3.849			ok
Sclera_Fib	FGGY	537.3	0.487	9288	Mast Cells	author	629	20.53	4.644			ok
Sclera_Fib	FGGY	537.3	0.487	9288	Pericytes	author	37530	11.53	5.425			ok
Sclera_Fib	FGGY	537.3	0.487	9288	Schwann_M	author	656	39.79	3.722			ok
Sclera_Fib	FGGY	537.3	0.487	9288	Schwann_N	author	5403	37.13	3.819			ok
Sclera_Fib	FGGY	537.3	0.487	9288	Smooth Muscle Cells	author	2801	14.98	5.074			ok
Sclera_Fib	FGGY	537.3	0.487	9288	Venule_Sclera	author	17753	20.35	4.656			ok
Sclera_Fib	BDKRB1	269.4	0.354	9288	Keratocytes	group	103738	35.10	2.905	0.5555555555555556	9	ok
Sclera_Fib	BDKRB1	269.4	0.354	9288	Pericytes	group	37530	2.44	6.294	1.0	9	ok
Sclera_Fib	BDKRB1	269.4	0.354	9288	Epithelium	group	250323	17.71	3.853	0.8888888888888888	9	ok
Sclera_Fib	BDKRB1	269.4	0.354	9288	Endothelium	group	33262	12.16	4.361	0.7777777777777778	9	ok
Sclera_Fib	BDKRB1	269.4	0.354	9288	Immune	group	10003	0.40	7.595	1.0	10	ok
Sclera_Fib	BDKRB1	269.4	0.354	9288	Melanocytes	group	7209	0.35	7.644	1.0	6	ok
Sclera_Fib	BDKRB1	269.4	0.354	9288	Schwann	group	6059	0.31	7.695	1.0	8	ok
Sclera_Fib	BDKRB1	269.4	0.354	9288	SMC	group	2801	0.15	7.878			ok
Sclera_Fib	BDKRB1	269.4	0.354	9288	CornealEndo	group	432	9.27	4.719			ok
Sclera_Fib	BDKRB1	269.4	0.354	9288	B Cells	author	212	0.00	8.079			ok
Sclera_Fib	BDKRB1	269.4	0.354	9288	Capillary	author	5466	8.23	4.872			ok
Sclera_Fib	BDKRB1	269.4	0.354	9288	Conj_superficial	author	3546	4.02	5.752			ok
Sclera_Fib	BDKRB1	269.4	0.354	9288	Limbus Fibroblasts	author	42132	38.02	2.793			ok
Sclera_Fib	BDKRB1	269.4	0.354	9288	Limbus/Sclera Fibroblasts - C1	author	33033	27.61	3.240			ok
Sclera_Fib	BDKRB1	269.4	0.354	9288	Limbus/Sclera Fibroblasts - C2	author	42047	30.17	3.117			ok
Sclera_Fib	BDKRB1	269.4	0.354	9288	Mast Cells	author	629	0.98	7.095			ok
Sclera_Fib	BDKRB1	269.4	0.354	9288	Pericytes	author	37530	2.44	6.294			ok
Sclera_Fib	BDKRB1	269.4	0.354	9288	Schwann_M	author	656	0.00	8.079			ok
Sclera_Fib	BDKRB1	269.4	0.354	9288	Schwann_N	author	5403	0.34	7.657			ok
Sclera_Fib	BDKRB1	269.4	0.354	9288	Smooth Muscle Cells	author	2801	0.15	7.878			ok
Sclera_Fib	BDKRB1	269.4	0.354	9288	Venule_Sclera	author	17753	15.52	4.032			ok
Sclera_Fib	H2BC11	470.1	0.585	9288	Keratocytes	group	103738	7.45	5.801	0.5555555555555556	9	ok
Sclera_Fib	H2BC11	470.1	0.585	9288	Pericytes	group	37530	30.37	3.908	0.7777777777777778	9	ok
Sclera_Fib	H2BC11	470.1	0.585	9288	Epithelium	group	250323	7.28	5.830	0.5555555555555556	9	ok
Sclera_Fib	H2BC11	470.1	0.585	9288	Endothelium	group	33262	9.69	5.461	0.7777777777777778	9	ok
Sclera_Fib	H2BC11	470.1	0.585	9288	Immune	group	10003	33.13	3.787	0.5	10	ok
Sclera_Fib	H2BC11	470.1	0.585	9288	Melanocytes	group	7209	12.95	5.077	0.3333333333333333	6	ok
Sclera_Fib	H2BC11	470.1	0.585	9288	Schwann	group	6059	35.01	3.710	0.75	8	ok
Sclera_Fib	H2BC11	470.1	0.585	9288	SMC	group	2801	21.15	4.411			ok
Sclera_Fib	H2BC11	470.1	0.585	9288	CornealEndo	group	432	0.00	8.880			ok
Sclera_Fib	H2BC11	470.1	0.585	9288	B Cells	author	212	109.42	2.093			ok
Sclera_Fib	H2BC11	470.1	0.585	9288	Capillary	author	5466	11.91	5.190			ok
Sclera_Fib	H2BC11	470.1	0.585	9288	Conj_superficial	author	3546	37.67	3.607			ok
Sclera_Fib	H2BC11	470.1	0.585	9288	Limbus Fibroblasts	author	42132	10.98	5.297			ok
Sclera_Fib	H2BC11	470.1	0.585	9288	Limbus/Sclera Fibroblasts - C1	author	33033	34.51	3.730			ok
Sclera_Fib	H2BC11	470.1	0.585	9288	Limbus/Sclera Fibroblasts - C2	author	42047	96.26	2.276			ok
Sclera_Fib	H2BC11	470.1	0.585	9288	Mast Cells	author	629	32.27	3.824			ok
Sclera_Fib	H2BC11	470.1	0.585	9288	Pericytes	author	37530	30.37	3.908			ok
Sclera_Fib	H2BC11	470.1	0.585	9288	Schwann_M	author	656	19.64	4.512			ok
Sclera_Fib	H2BC11	470.1	0.585	9288	Schwann_N	author	5403	36.74	3.642			ok
Sclera_Fib	H2BC11	470.1	0.585	9288	Smooth Muscle Cells	author	2801	21.15	4.411			ok
Sclera_Fib	H2BC11	470.1	0.585	9288	Venule_Sclera	author	17753	9.31	5.514			ok
Sclera_Fib	CGNL1	246.4	0.521	9288	Keratocytes	group	103738	22.77	3.380	0.4444444444444444	9	ok
Sclera_Fib	CGNL1	246.4	0.521	9288	Pericytes	group	37530	2.69	6.068	1.0	9	ok
Sclera_Fib	CGNL1	246.4	0.521	9288	Epithelium	group	250323	4.42	5.512	1.0	9	ok
Sclera_Fib	CGNL1	246.4	0.521	9288	Endothelium	group	33262	18.53	3.663	0.8888888888888888	9	ok
Sclera_Fib	CGNL1	246.4	0.521	9288	Immune	group	10003	0.58	7.294	1.0	10	ok
Sclera_Fib	CGNL1	246.4	0.521	9288	Melanocytes	group	7209	6.73	5.001	0.8333333333333334	6	ok
Sclera_Fib	CGNL1	246.4	0.521	9288	Schwann	group	6059	8.65	4.680	1.0	8	ok
Sclera_Fib	CGNL1	246.4	0.521	9288	SMC	group	2801	1.64	6.549			ok
Sclera_Fib	CGNL1	246.4	0.521	9288	CornealEndo	group	432	115.05	1.092			ok
Sclera_Fib	CGNL1	246.4	0.521	9288	B Cells	author	212	0.00	7.951			ok
Sclera_Fib	CGNL1	246.4	0.521	9288	Capillary	author	5466	49.58	2.290			ok
Sclera_Fib	CGNL1	246.4	0.521	9288	Conj_superficial	author	3546	11.11	4.353			ok
Sclera_Fib	CGNL1	246.4	0.521	9288	Limbus Fibroblasts	author	42132	50.44	2.266			ok
Sclera_Fib	CGNL1	246.4	0.521	9288	Limbus/Sclera Fibroblasts - C1	author	33033	33.68	2.834			ok
Sclera_Fib	CGNL1	246.4	0.521	9288	Limbus/Sclera Fibroblasts - C2	author	42047	44.74	2.435			ok
Sclera_Fib	CGNL1	246.4	0.521	9288	Mast Cells	author	629	0.49	7.376			ok
Sclera_Fib	CGNL1	246.4	0.521	9288	Pericytes	author	37530	2.69	6.068			ok
Sclera_Fib	CGNL1	246.4	0.521	9288	Schwann_M	author	656	1.51	6.622			ok
Sclera_Fib	CGNL1	246.4	0.521	9288	Schwann_N	author	5403	9.45	4.565			ok
Sclera_Fib	CGNL1	246.4	0.521	9288	Smooth Muscle Cells	author	2801	1.64	6.549			ok
Sclera_Fib	CGNL1	246.4	0.521	9288	Venule_Sclera	author	17753	3.04	5.936			ok
Sclera_Fib	TMEM63B	151.1	0.452	9288	Keratocytes	group	103738	8.87	3.946	0.7777777777777778	9	ok
Sclera_Fib	TMEM63B	151.1	0.452	9288	Pericytes	group	37530	12.01	3.548	0.7777777777777778	9	ok
Sclera_Fib	TMEM63B	151.1	0.452	9288	Epithelium	group	250323	19.71	2.877	0.7777777777777778	9	ok
Sclera_Fib	TMEM63B	151.1	0.452	9288	Endothelium	group	33262	17.68	3.026	0.6666666666666666	9	ok
Sclera_Fib	TMEM63B	151.1	0.452	9288	Immune	group	10003	19.73	2.876	0.7	10	ok
Sclera_Fib	TMEM63B	151.1	0.452	9288	Melanocytes	group	7209	19.58	2.886	0.8333333333333334	6	ok
Sclera_Fib	TMEM63B	151.1	0.452	9288	Schwann	group	6059	17.96	3.004	0.625	8	ok
Sclera_Fib	TMEM63B	151.1	0.452	9288	SMC	group	2801	23.78	2.618			ok
Sclera_Fib	TMEM63B	151.1	0.452	9288	CornealEndo	group	432	35.99	2.040			ok
Sclera_Fib	TMEM63B	151.1	0.452	9288	B Cells	author	212	8.97	3.932			ok
Sclera_Fib	TMEM63B	151.1	0.452	9288	Capillary	author	5466	13.18	3.423			ok
Sclera_Fib	TMEM63B	151.1	0.452	9288	Conj_superficial	author	3546	31.60	2.222			ok
Sclera_Fib	TMEM63B	151.1	0.452	9288	Limbus Fibroblasts	author	42132	29.75	2.307			ok
Sclera_Fib	TMEM63B	151.1	0.452	9288	Limbus/Sclera Fibroblasts - C1	author	33033	24.43	2.581			ok
Sclera_Fib	TMEM63B	151.1	0.452	9288	Limbus/Sclera Fibroblasts - C2	author	42047	14.07	3.336			ok
Sclera_Fib	TMEM63B	151.1	0.452	9288	Mast Cells	author	629	16.13	3.150			ok
Sclera_Fib	TMEM63B	151.1	0.452	9288	Pericytes	author	37530	12.01	3.548			ok
Sclera_Fib	TMEM63B	151.1	0.452	9288	Schwann_M	author	656	14.10	3.332			ok
Sclera_Fib	TMEM63B	151.1	0.452	9288	Schwann_N	author	5403	18.40	2.971			ok
Sclera_Fib	TMEM63B	151.1	0.452	9288	Smooth Muscle Cells	author	2801	23.78	2.618			ok
Sclera_Fib	TMEM63B	151.1	0.452	9288	Venule_Sclera	author	17753	15.97	3.164			ok
Sclera_Fib	FOXC2	417.0	0.458	9288	Keratocytes	group	103738	11.14	5.106	0.7777777777777778	9	ok
Sclera_Fib	FOXC2	417.0	0.458	9288	Pericytes	group	37530	94.45	2.131	0.4444444444444444	9	ok
Sclera_Fib	FOXC2	417.0	0.458	9288	Epithelium	group	250323	2.68	6.827	1.0	9	ok
Sclera_Fib	FOXC2	417.0	0.458	9288	Endothelium	group	33262	6.17	5.866	0.8888888888888888	9	ok
Sclera_Fib	FOXC2	417.0	0.458	9288	Immune	group	10003	0.40	8.223	1.0	10	ok
Sclera_Fib	FOXC2	417.0	0.458	9288	Melanocytes	group	7209	0.25	8.384	1.0	6	ok
Sclera_Fib	FOXC2	417.0	0.458	9288	Schwann	group	6059	2.54	6.882	1.0	8	ok
Sclera_Fib	FOXC2	417.0	0.458	9288	SMC	group	2801	13.09	4.891			ok
Sclera_Fib	FOXC2	417.0	0.458	9288	CornealEndo	group	432	4.91	6.145			ok
Sclera_Fib	FOXC2	417.0	0.458	9288	B Cells	author	212	0.00	8.707			ok
Sclera_Fib	FOXC2	417.0	0.458	9288	Capillary	author	5466	0.88	7.795			ok
Sclera_Fib	FOXC2	417.0	0.458	9288	Conj_superficial	author	3546	4.69	6.200			ok
Sclera_Fib	FOXC2	417.0	0.458	9288	Limbus Fibroblasts	author	42132	24.32	4.045			ok
Sclera_Fib	FOXC2	417.0	0.458	9288	Limbus/Sclera Fibroblasts - C1	author	33033	35.72	3.509			ok
Sclera_Fib	FOXC2	417.0	0.458	9288	Limbus/Sclera Fibroblasts - C2	author	42047	24.57	4.031			ok
Sclera_Fib	FOXC2	417.0	0.458	9288	Mast Cells	author	629	0.49	8.133			ok
Sclera_Fib	FOXC2	417.0	0.458	9288	Pericytes	author	37530	94.45	2.131			ok
Sclera_Fib	FOXC2	417.0	0.458	9288	Schwann_M	author	656	0.00	8.707			ok
Sclera_Fib	FOXC2	417.0	0.458	9288	Schwann_N	author	5403	2.83	6.770			ok
Sclera_Fib	FOXC2	417.0	0.458	9288	Smooth Muscle Cells	author	2801	13.09	4.891			ok
Sclera_Fib	FOXC2	417.0	0.458	9288	Venule_Sclera	author	17753	1.48	7.394			ok
Sclera_Fib	LRRC49	490.7	0.603	9288	Keratocytes	group	103738	44.43	3.436	0.6666666666666666	9	ok
Sclera_Fib	LRRC49	490.7	0.603	9288	Pericytes	group	37530	14.57	4.981	1.0	9	ok
Sclera_Fib	LRRC49	490.7	0.603	9288	Epithelium	group	250323	7.09	5.926	1.0	9	ok
Sclera_Fib	LRRC49	490.7	0.603	9288	Endothelium	group	33262	45.65	3.398	0.8888888888888888	9	ok
Sclera_Fib	LRRC49	490.7	0.603	9288	Immune	group	10003	1.71	7.505	1.0	10	ok
Sclera_Fib	LRRC49	490.7	0.603	9288	Melanocytes	group	7209	2.49	7.140	1.0	6	ok
Sclera_Fib	LRRC49	490.7	0.603	9288	Schwann	group	6059	17.15	4.760	1.0	8	ok
Sclera_Fib	LRRC49	490.7	0.603	9288	SMC	group	2801	21.55	4.447			ok
Sclera_Fib	LRRC49	490.7	0.603	9288	CornealEndo	group	432	109.06	2.160			ok
Sclera_Fib	LRRC49	490.7	0.603	9288	B Cells	author	212	4.48	6.486			ok
Sclera_Fib	LRRC49	490.7	0.603	9288	Capillary	author	5466	27.24	4.122			ok
Sclera_Fib	LRRC49	490.7	0.603	9288	Conj_superficial	author	3546	6.73	5.992			ok
Sclera_Fib	LRRC49	490.7	0.603	9288	Limbus Fibroblasts	author	42132	116.13	2.070			ok
Sclera_Fib	LRRC49	490.7	0.603	9288	Limbus/Sclera Fibroblasts - C1	author	33033	51.61	3.224			ok
Sclera_Fib	LRRC49	490.7	0.603	9288	Limbus/Sclera Fibroblasts - C2	author	42047	82.09	2.565			ok
Sclera_Fib	LRRC49	490.7	0.603	9288	Mast Cells	author	629	2.93	6.966			ok
Sclera_Fib	LRRC49	490.7	0.603	9288	Pericytes	author	37530	14.57	4.981			ok
Sclera_Fib	LRRC49	490.7	0.603	9288	Schwann_M	author	656	12.09	5.231			ok
Sclera_Fib	LRRC49	490.7	0.603	9288	Schwann_N	author	5403	17.72	4.715			ok
Sclera_Fib	LRRC49	490.7	0.603	9288	Smooth Muscle Cells	author	2801	21.55	4.447			ok
Sclera_Fib	LRRC49	490.7	0.603	9288	Venule_Sclera	author	17753	57.91	3.061			ok
Sclera_Fib	SLC25A37	558.0	0.631	9288	Keratocytes	group	103738	69.05	2.997	0.6666666666666666	9	ok
Sclera_Fib	SLC25A37	558.0	0.631	9288	Pericytes	group	37530	41.08	3.732	0.8888888888888888	9	ok
Sclera_Fib	SLC25A37	558.0	0.631	9288	Epithelium	group	250323	39.81	3.776	0.8888888888888888	9	ok
Sclera_Fib	SLC25A37	558.0	0.631	9288	Endothelium	group	33262	85.61	2.690	0.8888888888888888	9	ok
Sclera_Fib	SLC25A37	558.0	0.631	9288	Immune	group	10003	123.81	2.163	0.7	10	ok
Sclera_Fib	SLC25A37	558.0	0.631	9288	Melanocytes	group	7209	28.49	4.245	1.0	6	ok
Sclera_Fib	SLC25A37	558.0	0.631	9288	Schwann	group	6059	42.54	3.683	0.75	8	ok
Sclera_Fib	SLC25A37	558.0	0.631	9288	SMC	group	2801	41.15	3.729			ok
Sclera_Fib	SLC25A37	558.0	0.631	9288	CornealEndo	group	432	142.86	1.958			ok
Sclera_Fib	SLC25A37	558.0	0.631	9288	B Cells	author	212	28.70	4.234			ok
Sclera_Fib	SLC25A37	558.0	0.631	9288	Capillary	author	5466	75.50	2.869			ok
Sclera_Fib	SLC25A37	558.0	0.631	9288	Conj_superficial	author	3546	60.51	3.184			ok
Sclera_Fib	SLC25A37	558.0	0.631	9288	Limbus Fibroblasts	author	42132	133.17	2.059			ok
Sclera_Fib	SLC25A37	558.0	0.631	9288	Limbus/Sclera Fibroblasts - C1	author	33033	66.92	3.041			ok
Sclera_Fib	SLC25A37	558.0	0.631	9288	Limbus/Sclera Fibroblasts - C2	author	42047	78.75	2.809			ok
Sclera_Fib	SLC25A37	558.0	0.631	9288	Mast Cells	author	629	32.27	4.071			ok
Sclera_Fib	SLC25A37	558.0	0.631	9288	Pericytes	author	37530	41.08	3.732			ok
Sclera_Fib	SLC25A37	558.0	0.631	9288	Schwann_M	author	656	78.57	2.813			ok
Sclera_Fib	SLC25A37	558.0	0.631	9288	Schwann_N	author	5403	38.49	3.823			ok
Sclera_Fib	SLC25A37	558.0	0.631	9288	Smooth Muscle Cells	author	2801	41.15	3.729			ok
Sclera_Fib	SLC25A37	558.0	0.631	9288	Venule_Sclera	author	17753	103.24	2.423			ok
Sclera_Fib	MED27	193.7	0.254	9288	Keratocytes	group	103738	32.92	2.521	0.4444444444444444	9	ok
Sclera_Fib	MED27	193.7	0.254	9288	Pericytes	group	37530	21.33	3.124	0.4444444444444444	9	ok
Sclera_Fib	MED27	193.7	0.254	9288	Epithelium	group	250323	28.10	2.742	0.5555555555555556	9	ok
Sclera_Fib	MED27	193.7	0.254	9288	Endothelium	group	33262	28.89	2.703	0.4444444444444444	9	ok
Sclera_Fib	MED27	193.7	0.254	9288	Immune	group	10003	35.79	2.404	0.4	10	ok
Sclera_Fib	MED27	193.7	0.254	9288	Melanocytes	group	7209	34.19	2.468	0.5	6	ok
Sclera_Fib	MED27	193.7	0.254	9288	Schwann	group	6059	35.72	2.406	0.375	8	ok
Sclera_Fib	MED27	193.7	0.254	9288	SMC	group	2801	14.73	3.630			ok
Sclera_Fib	MED27	193.7	0.254	9288	CornealEndo	group	432	256.28	-0.402			small-record
Sclera_Fib	MED27	193.7	0.254	9288	B Cells	author	212	22.42	3.055			ok
Sclera_Fib	MED27	193.7	0.254	9288	Capillary	author	5466	30.48	2.629			ok
Sclera_Fib	MED27	193.7	0.254	9288	Conj_superficial	author	3546	27.66	2.764			ok
Sclera_Fib	MED27	193.7	0.254	9288	Limbus Fibroblasts	author	42132	46.17	2.045			ok
Sclera_Fib	MED27	193.7	0.254	9288	Limbus/Sclera Fibroblasts - C1	author	33033	24.82	2.915			ok
Sclera_Fib	MED27	193.7	0.254	9288	Limbus/Sclera Fibroblasts - C2	author	42047	25.21	2.893			ok
Sclera_Fib	MED27	193.7	0.254	9288	Mast Cells	author	629	33.24	2.507			ok
Sclera_Fib	MED27	193.7	0.254	9288	Pericytes	author	37530	21.33	3.124			ok
Sclera_Fib	MED27	193.7	0.254	9288	Schwann_M	author	656	37.27	2.347			ok
Sclera_Fib	MED27	193.7	0.254	9288	Schwann_N	author	5403	35.55	2.413			ok
Sclera_Fib	MED27	193.7	0.254	9288	Smooth Muscle Cells	author	2801	14.73	3.630			ok
Sclera_Fib	MED27	193.7	0.254	9288	Venule_Sclera	author	17753	25.08	2.900			ok
