scope	cluster_id	n_cells_unit	truth	consensus	hit	donor	donor_cells	n_after	truth_after	tie_after	hit_after_loose	hit_after_strict	flip_strict	flip_loose	flip_type
票面v2.1(oblig)	Q6::0	2806	Epithelium	Epithelium	True	Atlanta_A230245	48	2758	Epithelium	False	True	True	False	False	
票面v2.1(oblig)	Q6::0	2806	Epithelium	Epithelium	True	BCM_21_3104	44	2762	Epithelium	False	True	True	False	False	
票面v2.1(oblig)	Q6::0	2806	Epithelium	Epithelium	True	BCM_22_0075	438	2368	Epithelium	False	True	True	False	False	
票面v2.1(oblig)	Q6::0	2806	Epithelium	Epithelium	True	BCM_22_0200	2	2804	Epithelium	False	True	True	False	False	
票面v2.1(oblig)	Q6::0	2806	Epithelium	Epithelium	True	BCM_22_0389	1	2805	Epithelium	False	True	True	False	False	
票面v2.1(oblig)	Q6::0	2806	Epithelium	Epithelium	True	BCM_22_0434	1	2805	Epithelium	False	True	True	False	False	
票面v2.1(oblig)	Q6::0	2806	Epithelium	Epithelium	True	BCM_22_0500	4	2802	Epithelium	False	True	True	False	False	
票面v2.1(oblig)	Q6::0	2806	Epithelium	Epithelium	True	BCM_22_0769	4	2802	Epithelium	False	True	True	False	False	
票面v2.1(oblig)	Q6::0	2806	Epithelium	Epithelium	True	BCM_22_0784	207	2599	Epithelium	False	True	True	False	False	
票面v2.1(oblig)	Q6::0	2806	Epithelium	Epithelium	True	BCM_22_0890	2	2804	Epithelium	False	True	True	False	False	
票面v2.1(oblig)	Q6::0	2806	Epithelium	Epithelium	True	BCM_23_0222	1	2805	Epithelium	False	True	True	False	False	
票面v2.1(oblig)	Q6::0	2806	Epithelium	Epithelium	True	BCM_23_0229	56	2750	Epithelium	False	True	True	False	False	
票面v2.1(oblig)	Q6::0	2806	Epithelium	Epithelium	True	BCM_23_0358	3	2803	Epithelium	False	True	True	False	False	
票面v2.1(oblig)	Q6::0	2806	Epithelium	Epithelium	True	BCM_23_0362	122	2684	Epithelium	False	True	True	False	False	
票面v2.1(oblig)	Q6::0	2806	Epithelium	Epithelium	True	dickman_Cornea05	1	2805	Epithelium	False	True	True	False	False	
票面v2.1(oblig)	Q6::0	2806	Epithelium	Epithelium	True	dickman_Cornea06	3	2803	Epithelium	False	True	True	False	False	
票面v2.1(oblig)	Q6::0	2806	Epithelium	Epithelium	True	pooled [dickman_Cornea07,dickman_Cornea08]	1	2805	Epithelium	False	True	True	False	False	
票面v2.1(oblig)	Q6::0	2806	Epithelium	Epithelium	True	shi_donor1	244	2562	Epithelium	False	True	True	False	False	
票面v2.1(oblig)	Q6::0	2806	Epithelium	Epithelium	True	shi_donor2	459	2347	Epithelium	False	True	True	False	False	
票面v2.1(oblig)	Q6::0	2806	Epithelium	Epithelium	True	shi_donor3	820	1986	Epithelium	False	True	True	False	False	
票面v2.1(oblig)	Q6::0	2806	Epithelium	Epithelium	True	shi_donor4	345	2461	Epithelium	False	True	True	False	False	
票面v2.1(oblig)	Q6::1	4421	Epithelium	Epithelium	True	257T	7	4414	Epithelium	False	True	True	False	False	
票面v2.1(oblig)	Q6::1	4421	Epithelium	Epithelium	True	283P	7	4414	Epithelium	False	True	True	False	False	
票面v2.1(oblig)	Q6::1	4421	Epithelium	Epithelium	True	719I	5	4416	Epithelium	False	True	True	False	False	
票面v2.1(oblig)	Q6::1	4421	Epithelium	Epithelium	True	Atlanta_A230245	3	4418	Epithelium	False	True	True	False	False	
票面v2.1(oblig)	Q6::1	4421	Epithelium	Epithelium	True	BCM_21_0933	2	4419	Epithelium	False	True	True	False	False	
票面v2.1(oblig)	Q6::1	4421	Epithelium	Epithelium	True	BCM_21_3104	695	3726	Epithelium	False	True	True	False	False	
票面v2.1(oblig)	Q6::1	4421	Epithelium	Epithelium	True	BCM_22_0075	658	3763	Epithelium	False	True	True	False	False	
票面v2.1(oblig)	Q6::1	4421	Epithelium	Epithelium	True	BCM_22_0200	3	4418	Epithelium	False	True	True	False	False	
票面v2.1(oblig)	Q6::1	4421	Epithelium	Epithelium	True	BCM_22_0389	6	4415	Epithelium	False	True	True	False	False	
票面v2.1(oblig)	Q6::1	4421	Epithelium	Epithelium	True	BCM_22_0434	1	4420	Epithelium	False	True	True	False	False	
票面v2.1(oblig)	Q6::1	4421	Epithelium	Epithelium	True	BCM_22_0458	16	4405	Epithelium	False	True	True	False	False	
票面v2.1(oblig)	Q6::1	4421	Epithelium	Epithelium	True	BCM_22_0485	7	4414	Epithelium	False	True	True	False	False	
票面v2.1(oblig)	Q6::1	4421	Epithelium	Epithelium	True	BCM_22_0496	150	4271	Epithelium	False	True	True	False	False	
票面v2.1(oblig)	Q6::1	4421	Epithelium	Epithelium	True	BCM_22_0500	1192	3229	Epithelium	False	True	True	False	False	
票面v2.1(oblig)	Q6::1	4421	Epithelium	Epithelium	True	BCM_22_0528	91	4330	Epithelium	False	True	True	False	False	
票面v2.1(oblig)	Q6::1	4421	Epithelium	Epithelium	True	BCM_22_0698	15	4406	Epithelium	False	True	True	False	False	
票面v2.1(oblig)	Q6::1	4421	Epithelium	Epithelium	True	BCM_22_0769	369	4052	Epithelium	False	True	True	False	False	
票面v2.1(oblig)	Q6::1	4421	Epithelium	Epithelium	True	BCM_22_0784	153	4268	Epithelium	False	True	True	False	False	
票面v2.1(oblig)	Q6::1	4421	Epithelium	Epithelium	True	BCM_22_0890	8	4413	Epithelium	False	True	True	False	False	
票面v2.1(oblig)	Q6::1	4421	Epithelium	Epithelium	True	BCM_22_0952	10	4411	Epithelium	False	True	True	False	False	
票面v2.1(oblig)	Q6::1	4421	Epithelium	Epithelium	True	BCM_23_0131	5	4416	Epithelium	False	True	True	False	False	
票面v2.1(oblig)	Q6::1	4421	Epithelium	Epithelium	True	BCM_23_0170	15	4406	Epithelium	False	True	True	False	False	
票面v2.1(oblig)	Q6::1	4421	Epithelium	Epithelium	True	BCM_23_0222	21	4400	Epithelium	False	True	True	False	False	
票面v2.1(oblig)	Q6::1	4421	Epithelium	Epithelium	True	BCM_23_0229	17	4404	Epithelium	False	True	True	False	False	
票面v2.1(oblig)	Q6::1	4421	Epithelium	Epithelium	True	BCM_23_0358	92	4329	Epithelium	False	True	True	False	False	
票面v2.1(oblig)	Q6::1	4421	Epithelium	Epithelium	True	BCM_23_0362	7	4414	Epithelium	False	True	True	False	False	
票面v2.1(oblig)	Q6::1	4421	Epithelium	Epithelium	True	LEI_22_49449	594	3827	Epithelium	False	True	True	False	False	
票面v2.1(oblig)	Q6::1	4421	Epithelium	Epithelium	True	chakravarti_Cornea1	143	4278	Epithelium	False	True	True	False	False	
票面v2.1(oblig)	Q6::1	4421	Epithelium	Epithelium	True	chakravarti_Cornea3	52	4369	Epithelium	False	True	True	False	False	
票面v2.1(oblig)	Q6::1	4421	Epithelium	Epithelium	True	chen_donor1	17	4404	Epithelium	False	True	True	False	False	
票面v2.1(oblig)	Q6::1	4421	Epithelium	Epithelium	True	chen_donor2	6	4415	Epithelium	False	True	True	False	False	
票面v2.1(oblig)	Q6::1	4421	Epithelium	Epithelium	True	dickman_Cornea01	2	4419	Epithelium	False	True	True	False	False	
票面v2.1(oblig)	Q6::1	4421	Epithelium	Epithelium	True	dickman_Cornea02	1	4420	Epithelium	False	True	True	False	False	
票面v2.1(oblig)	Q6::1	4421	Epithelium	Epithelium	True	dickman_Cornea03	1	4420	Epithelium	False	True	True	False	False	
票面v2.1(oblig)	Q6::1	4421	Epithelium	Epithelium	True	dickman_Cornea04	6	4415	Epithelium	False	True	True	False	False	
票面v2.1(oblig)	Q6::1	4421	Epithelium	Epithelium	True	dickman_Cornea05	2	4419	Epithelium	False	True	True	False	False	
票面v2.1(oblig)	Q6::1	4421	Epithelium	Epithelium	True	dickman_Cornea06	2	4419	Epithelium	False	True	True	False	False	
票面v2.1(oblig)	Q6::1	4421	Epithelium	Epithelium	True	li_donor73	1	4420	Epithelium	False	True	True	False	False	
票面v2.1(oblig)	Q6::1	4421	Epithelium	Epithelium	True	li_donor76	2	4419	Epithelium	False	True	True	False	False	
票面v2.1(oblig)	Q6::1	4421	Epithelium	Epithelium	True	shi_donor1	8	4413	Epithelium	False	True	True	False	False	
票面v2.1(oblig)	Q6::1	4421	Epithelium	Epithelium	True	shi_donor2	10	4411	Epithelium	False	True	True	False	False	
票面v2.1(oblig)	Q6::1	4421	Epithelium	Epithelium	True	shi_donor3	19	4402	Epithelium	False	True	True	False	False	
票面v2.1(oblig)	Q6::2	3499	Epithelium	Epithelium	True	246Z	93	3406	Epithelium	False	True	True	False	False	
票面v2.1(oblig)	Q6::2	3499	Epithelium	Epithelium	True	257T	130	3369	Epithelium	False	True	True	False	False	
票面v2.1(oblig)	Q6::2	3499	Epithelium	Epithelium	True	283P	496	3003	Epithelium	False	True	True	False	False	
票面v2.1(oblig)	Q6::2	3499	Epithelium	Epithelium	True	719I	77	3422	Epithelium	False	True	True	False	False	
票面v2.1(oblig)	Q6::2	3499	Epithelium	Epithelium	True	Atlanta_A230245	3	3496	Epithelium	False	True	True	False	False	
票面v2.1(oblig)	Q6::2	3499	Epithelium	Epithelium	True	BCM_21_0933	448	3051	Epithelium	False	True	True	False	False	
票面v2.1(oblig)	Q6::2	3499	Epithelium	Epithelium	True	BCM_21_0999	54	3445	Epithelium	False	True	True	False	False	
票面v2.1(oblig)	Q6::2	3499	Epithelium	Epithelium	True	BCM_21_3104	8	3491	Epithelium	False	True	True	False	False	
票面v2.1(oblig)	Q6::2	3499	Epithelium	Epithelium	True	BCM_22_0075	26	3473	Epithelium	False	True	True	False	False	
票面v2.1(oblig)	Q6::2	3499	Epithelium	Epithelium	True	BCM_22_0200	137	3362	Epithelium	False	True	True	False	False	
票面v2.1(oblig)	Q6::2	3499	Epithelium	Epithelium	True	BCM_22_0389	3	3496	Epithelium	False	True	True	False	False	
票面v2.1(oblig)	Q6::2	3499	Epithelium	Epithelium	True	BCM_22_0434	305	3194	Epithelium	False	True	True	False	False	
票面v2.1(oblig)	Q6::2	3499	Epithelium	Epithelium	True	BCM_22_0458	9	3490	Epithelium	False	True	True	False	False	
票面v2.1(oblig)	Q6::2	3499	Epithelium	Epithelium	True	BCM_22_0485	1	3498	Epithelium	False	True	True	False	False	
票面v2.1(oblig)	Q6::2	3499	Epithelium	Epithelium	True	BCM_22_0496	109	3390	Epithelium	False	True	True	False	False	
票面v2.1(oblig)	Q6::2	3499	Epithelium	Epithelium	True	BCM_22_0500	333	3166	Epithelium	False	True	True	False	False	
票面v2.1(oblig)	Q6::2	3499	Epithelium	Epithelium	True	BCM_22_0528	157	3342	Epithelium	False	True	True	False	False	
票面v2.1(oblig)	Q6::2	3499	Epithelium	Epithelium	True	BCM_22_0698	19	3480	Epithelium	False	True	True	False	False	
票面v2.1(oblig)	Q6::2	3499	Epithelium	Epithelium	True	BCM_22_0769	65	3434	Epithelium	False	True	True	False	False	
票面v2.1(oblig)	Q6::2	3499	Epithelium	Epithelium	True	BCM_22_0784	1	3498	Epithelium	False	True	True	False	False	
票面v2.1(oblig)	Q6::2	3499	Epithelium	Epithelium	True	BCM_22_0890	70	3429	Epithelium	False	True	True	False	False	
票面v2.1(oblig)	Q6::2	3499	Epithelium	Epithelium	True	BCM_22_0952	3	3496	Epithelium	False	True	True	False	False	
票面v2.1(oblig)	Q6::2	3499	Epithelium	Epithelium	True	BCM_23_0170	165	3334	Epithelium	False	True	True	False	False	
票面v2.1(oblig)	Q6::2	3499	Epithelium	Epithelium	True	BCM_23_0222	36	3463	Epithelium	False	True	True	False	False	
票面v2.1(oblig)	Q6::2	3499	Epithelium	Epithelium	True	BCM_23_0224	96	3403	Epithelium	False	True	True	False	False	
票面v2.1(oblig)	Q6::2	3499	Epithelium	Epithelium	True	BCM_23_0229	6	3493	Epithelium	False	True	True	False	False	
票面v2.1(oblig)	Q6::2	3499	Epithelium	Epithelium	True	BCM_23_0358	66	3433	Epithelium	False	True	True	False	False	
票面v2.1(oblig)	Q6::2	3499	Epithelium	Epithelium	True	BCM_23_0362	44	3455	Epithelium	False	True	True	False	False	
票面v2.1(oblig)	Q6::2	3499	Epithelium	Epithelium	True	LEI_22_49449	245	3254	Epithelium	False	True	True	False	False	
票面v2.1(oblig)	Q6::2	3499	Epithelium	Epithelium	True	chakravarti_Cornea2	4	3495	Epithelium	False	True	True	False	False	
票面v2.1(oblig)	Q6::2	3499	Epithelium	Epithelium	True	chakravarti_Cornea3	55	3444	Epithelium	False	True	True	False	False	
票面v2.1(oblig)	Q6::2	3499	Epithelium	Epithelium	True	chen_donor1	85	3414	Epithelium	False	True	True	False	False	
票面v2.1(oblig)	Q6::2	3499	Epithelium	Epithelium	True	chen_donor2	19	3480	Epithelium	False	True	True	False	False	
票面v2.1(oblig)	Q6::2	3499	Epithelium	Epithelium	True	dickman_Cornea02	6	3493	Epithelium	False	True	True	False	False	
票面v2.1(oblig)	Q6::2	3499	Epithelium	Epithelium	True	dickman_Cornea04	12	3487	Epithelium	False	True	True	False	False	
票面v2.1(oblig)	Q6::2	3499	Epithelium	Epithelium	True	li_donor72	1	3498	Epithelium	False	True	True	False	False	
票面v2.1(oblig)	Q6::2	3499	Epithelium	Epithelium	True	li_donor73	61	3438	Epithelium	False	True	True	False	False	
票面v2.1(oblig)	Q6::2	3499	Epithelium	Epithelium	True	li_donor75	3	3496	Epithelium	False	True	True	False	False	
票面v2.1(oblig)	Q6::2	3499	Epithelium	Epithelium	True	li_donor76	27	3472	Epithelium	False	True	True	False	False	
票面v2.1(oblig)	Q6::2	3499	Epithelium	Epithelium	True	pooled [dickman_Cornea07,dickman_Cornea08]	1	3498	Epithelium	False	True	True	False	False	
票面v2.1(oblig)	Q6::2	3499	Epithelium	Epithelium	True	shi_donor2	2	3497	Epithelium	False	True	True	False	False	
票面v2.1(oblig)	Q6::2	3499	Epithelium	Epithelium	True	shi_donor3	18	3481	Epithelium	False	True	True	False	False	
票面v2.1(oblig)	Q6::3	1552	Epithelium	Epithelium	True	257T	1	1551	Epithelium	False	True	True	False	False	
票面v2.1(oblig)	Q6::3	1552	Epithelium	Epithelium	True	Atlanta_A230245	2	1550	Epithelium	False	True	True	False	False	
票面v2.1(oblig)	Q6::3	1552	Epithelium	Epithelium	True	BCM_21_0999	3	1549	Epithelium	False	True	True	False	False	
票面v2.1(oblig)	Q6::3	1552	Epithelium	Epithelium	True	BCM_21_3104	16	1536	Epithelium	False	True	True	False	False	
票面v2.1(oblig)	Q6::3	1552	Epithelium	Epithelium	True	BCM_22_0075	274	1278	Epithelium	False	True	True	False	False	
票面v2.1(oblig)	Q6::3	1552	Epithelium	Epithelium	True	BCM_22_0389	1	1551	Epithelium	False	True	True	False	False	
票面v2.1(oblig)	Q6::3	1552	Epithelium	Epithelium	True	BCM_22_0434	4	1548	Epithelium	False	True	True	False	False	
票面v2.1(oblig)	Q6::3	1552	Epithelium	Epithelium	True	BCM_22_0458	8	1544	Epithelium	False	True	True	False	False	
票面v2.1(oblig)	Q6::3	1552	Epithelium	Epithelium	True	BCM_22_0485	1	1551	Epithelium	False	True	True	False	False	
票面v2.1(oblig)	Q6::3	1552	Epithelium	Epithelium	True	BCM_22_0496	2	1550	Epithelium	False	True	True	False	False	
票面v2.1(oblig)	Q6::3	1552	Epithelium	Epithelium	True	BCM_22_0500	3	1549	Epithelium	False	True	True	False	False	
票面v2.1(oblig)	Q6::3	1552	Epithelium	Epithelium	True	BCM_22_0528	1	1551	Epithelium	False	True	True	False	False	
票面v2.1(oblig)	Q6::3	1552	Epithelium	Epithelium	True	BCM_22_0769	2	1550	Epithelium	False	True	True	False	False	
票面v2.1(oblig)	Q6::3	1552	Epithelium	Epithelium	True	BCM_22_0784	1119	433	Epithelium	False	True	True	False	False	
票面v2.1(oblig)	Q6::3	1552	Epithelium	Epithelium	True	BCM_22_0952	1	1551	Epithelium	False	True	True	False	False	
票面v2.1(oblig)	Q6::3	1552	Epithelium	Epithelium	True	BCM_23_0229	3	1549	Epithelium	False	True	True	False	False	
票面v2.1(oblig)	Q6::3	1552	Epithelium	Epithelium	True	BCM_23_0358	57	1495	Epithelium	False	True	True	False	False	
票面v2.1(oblig)	Q6::3	1552	Epithelium	Epithelium	True	BCM_23_0362	10	1542	Epithelium	False	True	True	False	False	
票面v2.1(oblig)	Q6::3	1552	Epithelium	Epithelium	True	LEI_22_49449	1	1551	Epithelium	False	True	True	False	False	
票面v2.1(oblig)	Q6::3	1552	Epithelium	Epithelium	True	chakravarti_Cornea3	1	1551	Epithelium	False	True	True	False	False	
票面v2.1(oblig)	Q6::3	1552	Epithelium	Epithelium	True	dickman_Cornea06	16	1536	Epithelium	False	True	True	False	False	
票面v2.1(oblig)	Q6::3	1552	Epithelium	Epithelium	True	pooled [dickman_Cornea07,dickman_Cornea08]	8	1544	Epithelium	False	True	True	False	False	
票面v2.1(oblig)	Q6::3	1552	Epithelium	Epithelium	True	shi_donor1	11	1541	Epithelium	False	True	True	False	False	
票面v2.1(oblig)	Q6::3	1552	Epithelium	Epithelium	True	shi_donor2	1	1551	Epithelium	False	True	True	False	False	
票面v2.1(oblig)	Q6::3	1552	Epithelium	Epithelium	True	shi_donor3	6	1546	Epithelium	False	True	True	False	False	
票面v2.1(oblig)	Q6::4	4276	Epithelium	Epithelium	True	246Z	19	4257	Epithelium	False	True	True	False	False	
票面v2.1(oblig)	Q6::4	4276	Epithelium	Epithelium	True	257T	9	4267	Epithelium	False	True	True	False	False	
票面v2.1(oblig)	Q6::4	4276	Epithelium	Epithelium	True	283P	56	4220	Epithelium	False	True	True	False	False	
票面v2.1(oblig)	Q6::4	4276	Epithelium	Epithelium	True	719I	17	4259	Epithelium	False	True	True	False	False	
票面v2.1(oblig)	Q6::4	4276	Epithelium	Epithelium	True	Atlanta_A230245	28	4248	Epithelium	False	True	True	False	False	
票面v2.1(oblig)	Q6::4	4276	Epithelium	Epithelium	True	BCM_21_0933	242	4034	Epithelium	False	True	True	False	False	
票面v2.1(oblig)	Q6::4	4276	Epithelium	Epithelium	True	BCM_21_0999	684	3592	Epithelium	False	True	True	False	False	
票面v2.1(oblig)	Q6::4	4276	Epithelium	Epithelium	True	BCM_21_3104	9	4267	Epithelium	False	True	True	False	False	
票面v2.1(oblig)	Q6::4	4276	Epithelium	Epithelium	True	BCM_22_0075	1	4275	Epithelium	False	True	True	False	False	
票面v2.1(oblig)	Q6::4	4276	Epithelium	Epithelium	True	BCM_22_0200	163	4113	Epithelium	False	True	True	False	False	
票面v2.1(oblig)	Q6::4	4276	Epithelium	Epithelium	True	BCM_22_0389	4	4272	Epithelium	False	True	True	False	False	
票面v2.1(oblig)	Q6::4	4276	Epithelium	Epithelium	True	BCM_22_0434	58	4218	Epithelium	False	True	True	False	False	
票面v2.1(oblig)	Q6::4	4276	Epithelium	Epithelium	True	BCM_22_0458	83	4193	Epithelium	False	True	True	False	False	
票面v2.1(oblig)	Q6::4	4276	Epithelium	Epithelium	True	BCM_22_0485	32	4244	Epithelium	False	True	True	False	False	
票面v2.1(oblig)	Q6::4	4276	Epithelium	Epithelium	True	BCM_22_0496	66	4210	Epithelium	False	True	True	False	False	
票面v2.1(oblig)	Q6::4	4276	Epithelium	Epithelium	True	BCM_22_0500	16	4260	Epithelium	False	True	True	False	False	
票面v2.1(oblig)	Q6::4	4276	Epithelium	Epithelium	True	BCM_22_0528	43	4233	Epithelium	False	True	True	False	False	
票面v2.1(oblig)	Q6::4	4276	Epithelium	Epithelium	True	BCM_22_0698	84	4192	Epithelium	False	True	True	False	False	
票面v2.1(oblig)	Q6::4	4276	Epithelium	Epithelium	True	BCM_22_0769	16	4260	Epithelium	False	True	True	False	False	
票面v2.1(oblig)	Q6::4	4276	Epithelium	Epithelium	True	BCM_22_0784	21	4255	Epithelium	False	True	True	False	False	
票面v2.1(oblig)	Q6::4	4276	Epithelium	Epithelium	True	BCM_22_0890	484	3792	Epithelium	False	True	True	False	False	
票面v2.1(oblig)	Q6::4	4276	Epithelium	Epithelium	True	BCM_22_0952	19	4257	Epithelium	False	True	True	False	False	
票面v2.1(oblig)	Q6::4	4276	Epithelium	Epithelium	True	BCM_23_0170	764	3512	Epithelium	False	True	True	False	False	
票面v2.1(oblig)	Q6::4	4276	Epithelium	Epithelium	True	BCM_23_0222	216	4060	Epithelium	False	True	True	False	False	
票面v2.1(oblig)	Q6::4	4276	Epithelium	Epithelium	True	BCM_23_0224	86	4190	Epithelium	False	True	True	False	False	
票面v2.1(oblig)	Q6::4	4276	Epithelium	Epithelium	True	BCM_23_0229	14	4262	Epithelium	False	True	True	False	False	
票面v2.1(oblig)	Q6::4	4276	Epithelium	Epithelium	True	BCM_23_0358	111	4165	Epithelium	False	True	True	False	False	
票面v2.1(oblig)	Q6::4	4276	Epithelium	Epithelium	True	BCM_23_0362	7	4269	Epithelium	False	True	True	False	False	
票面v2.1(oblig)	Q6::4	4276	Epithelium	Epithelium	True	LEI_22_49449	100	4176	Epithelium	False	True	True	False	False	
票面v2.1(oblig)	Q6::4	4276	Epithelium	Epithelium	True	chakravarti_Cornea1	4	4272	Epithelium	False	True	True	False	False	
票面v2.1(oblig)	Q6::4	4276	Epithelium	Epithelium	True	chakravarti_Cornea2	34	4242	Epithelium	False	True	True	False	False	
票面v2.1(oblig)	Q6::4	4276	Epithelium	Epithelium	True	chakravarti_Cornea3	92	4184	Epithelium	False	True	True	False	False	
票面v2.1(oblig)	Q6::4	4276	Epithelium	Epithelium	True	chen_donor1	228	4048	Epithelium	False	True	True	False	False	
票面v2.1(oblig)	Q6::4	4276	Epithelium	Epithelium	True	chen_donor2	286	3990	Epithelium	False	True	True	False	False	
票面v2.1(oblig)	Q6::4	4276	Epithelium	Epithelium	True	dickman_Cornea02	36	4240	Epithelium	False	True	True	False	False	
票面v2.1(oblig)	Q6::4	4276	Epithelium	Epithelium	True	dickman_Cornea05	2	4274	Epithelium	False	True	True	False	False	
票面v2.1(oblig)	Q6::4	4276	Epithelium	Epithelium	True	li_donor72	1	4275	Epithelium	False	True	True	False	False	
票面v2.1(oblig)	Q6::4	4276	Epithelium	Epithelium	True	li_donor73	82	4194	Epithelium	False	True	True	False	False	
票面v2.1(oblig)	Q6::4	4276	Epithelium	Epithelium	True	li_donor76	46	4230	Epithelium	False	True	True	False	False	
票面v2.1(oblig)	Q6::4	4276	Epithelium	Epithelium	True	pooled [dickman_Cornea07,dickman_Cornea08]	2	4274	Epithelium	False	True	True	False	False	
票面v2.1(oblig)	Q6::4	4276	Epithelium	Epithelium	True	shi_donor1	5	4271	Epithelium	False	True	True	False	False	
票面v2.1(oblig)	Q6::4	4276	Epithelium	Epithelium	True	shi_donor2	1	4275	Epithelium	False	True	True	False	False	
票面v2.1(oblig)	Q6::4	4276	Epithelium	Epithelium	True	shi_donor3	5	4271	Epithelium	False	True	True	False	False	
票面v2.1(oblig)	Q6::5	2219	Epithelium	Epithelium	True	246Z	3	2216	Epithelium	False	True	True	False	False	
票面v2.1(oblig)	Q6::5	2219	Epithelium	Epithelium	True	257T	38	2181	Epithelium	False	True	True	False	False	
票面v2.1(oblig)	Q6::5	2219	Epithelium	Epithelium	True	283P	238	1981	Epithelium	False	True	True	False	False	
票面v2.1(oblig)	Q6::5	2219	Epithelium	Epithelium	True	719I	16	2203	Epithelium	False	True	True	False	False	
票面v2.1(oblig)	Q6::5	2219	Epithelium	Epithelium	True	Atlanta_A230245	7	2212	Epithelium	False	True	True	False	False	
票面v2.1(oblig)	Q6::5	2219	Epithelium	Epithelium	True	BCM_21_0933	30	2189	Epithelium	False	True	True	False	False	
票面v2.1(oblig)	Q6::5	2219	Epithelium	Epithelium	True	BCM_21_0999	28	2191	Epithelium	False	True	True	False	False	
票面v2.1(oblig)	Q6::5	2219	Epithelium	Epithelium	True	BCM_21_3104	9	2210	Epithelium	False	True	True	False	False	
票面v2.1(oblig)	Q6::5	2219	Epithelium	Epithelium	True	BCM_22_0075	3	2216	Epithelium	False	True	True	False	False	
票面v2.1(oblig)	Q6::5	2219	Epithelium	Epithelium	True	BCM_22_0200	429	1790	Epithelium	False	True	True	False	False	
票面v2.1(oblig)	Q6::5	2219	Epithelium	Epithelium	True	BCM_22_0389	2	2217	Epithelium	False	True	True	False	False	
票面v2.1(oblig)	Q6::5	2219	Epithelium	Epithelium	True	BCM_22_0434	55	2164	Epithelium	False	True	True	False	False	
票面v2.1(oblig)	Q6::5	2219	Epithelium	Epithelium	True	BCM_22_0458	7	2212	Epithelium	False	True	True	False	False	
票面v2.1(oblig)	Q6::5	2219	Epithelium	Epithelium	True	BCM_22_0485	5	2214	Epithelium	False	True	True	False	False	
票面v2.1(oblig)	Q6::5	2219	Epithelium	Epithelium	True	BCM_22_0496	446	1773	Epithelium	False	True	True	False	False	
票面v2.1(oblig)	Q6::5	2219	Epithelium	Epithelium	True	BCM_22_0500	17	2202	Epithelium	False	True	True	False	False	
票面v2.1(oblig)	Q6::5	2219	Epithelium	Epithelium	True	BCM_22_0528	42	2177	Epithelium	False	True	True	False	False	
票面v2.1(oblig)	Q6::5	2219	Epithelium	Epithelium	True	BCM_22_0698	13	2206	Epithelium	False	True	True	False	False	
票面v2.1(oblig)	Q6::5	2219	Epithelium	Epithelium	True	BCM_22_0769	8	2211	Epithelium	False	True	True	False	False	
票面v2.1(oblig)	Q6::5	2219	Epithelium	Epithelium	True	BCM_22_0784	2	2217	Epithelium	False	True	True	False	False	
票面v2.1(oblig)	Q6::5	2219	Epithelium	Epithelium	True	BCM_22_0890	17	2202	Epithelium	False	True	True	False	False	
票面v2.1(oblig)	Q6::5	2219	Epithelium	Epithelium	True	BCM_22_0952	12	2207	Epithelium	False	True	True	False	False	
票面v2.1(oblig)	Q6::5	2219	Epithelium	Epithelium	True	BCM_23_0131	146	2073	Epithelium	False	True	True	False	False	
票面v2.1(oblig)	Q6::5	2219	Epithelium	Epithelium	True	BCM_23_0170	279	1940	Epithelium	False	True	True	False	False	
票面v2.1(oblig)	Q6::5	2219	Epithelium	Epithelium	True	BCM_23_0222	70	2149	Epithelium	False	True	True	False	False	
票面v2.1(oblig)	Q6::5	2219	Epithelium	Epithelium	True	BCM_23_0224	11	2208	Epithelium	False	True	True	False	False	
票面v2.1(oblig)	Q6::5	2219	Epithelium	Epithelium	True	BCM_23_0229	1	2218	Epithelium	False	True	True	False	False	
票面v2.1(oblig)	Q6::5	2219	Epithelium	Epithelium	True	BCM_23_0358	76	2143	Epithelium	False	True	True	False	False	
票面v2.1(oblig)	Q6::5	2219	Epithelium	Epithelium	True	BCM_23_0362	1	2218	Epithelium	False	True	True	False	False	
票面v2.1(oblig)	Q6::5	2219	Epithelium	Epithelium	True	LEI_22_49449	43	2176	Epithelium	False	True	True	False	False	
票面v2.1(oblig)	Q6::5	2219	Epithelium	Epithelium	True	chakravarti_Cornea1	1	2218	Epithelium	False	True	True	False	False	
票面v2.1(oblig)	Q6::5	2219	Epithelium	Epithelium	True	chakravarti_Cornea3	5	2214	Epithelium	False	True	True	False	False	
票面v2.1(oblig)	Q6::5	2219	Epithelium	Epithelium	True	chen_donor1	70	2149	Epithelium	False	True	True	False	False	
票面v2.1(oblig)	Q6::5	2219	Epithelium	Epithelium	True	chen_donor2	8	2211	Epithelium	False	True	True	False	False	
票面v2.1(oblig)	Q6::5	2219	Epithelium	Epithelium	True	dickman_Cornea02	2	2217	Epithelium	False	True	True	False	False	
票面v2.1(oblig)	Q6::5	2219	Epithelium	Epithelium	True	dickman_Cornea04	2	2217	Epithelium	False	True	True	False	False	
票面v2.1(oblig)	Q6::5	2219	Epithelium	Epithelium	True	dickman_Cornea05	1	2218	Epithelium	False	True	True	False	False	
票面v2.1(oblig)	Q6::5	2219	Epithelium	Epithelium	True	dickman_Cornea06	2	2217	Epithelium	False	True	True	False	False	
票面v2.1(oblig)	Q6::5	2219	Epithelium	Epithelium	True	li_donor73	44	2175	Epithelium	False	True	True	False	False	
票面v2.1(oblig)	Q6::5	2219	Epithelium	Epithelium	True	li_donor76	25	2194	Epithelium	False	True	True	False	False	
票面v2.1(oblig)	Q6::5	2219	Epithelium	Epithelium	True	shi_donor1	3	2216	Epithelium	False	True	True	False	False	
票面v2.1(oblig)	Q6::5	2219	Epithelium	Epithelium	True	shi_donor2	1	2218	Epithelium	False	True	True	False	False	
票面v2.1(oblig)	Q6::5	2219	Epithelium	Epithelium	True	shi_donor4	1	2218	Epithelium	False	True	True	False	False	
票面v2.1(oblig)	Q6::6	6385	Epithelium	Epithelium	True	246Z	15	6370	Epithelium	False	True	True	False	False	
票面v2.1(oblig)	Q6::6	6385	Epithelium	Epithelium	True	257T	13	6372	Epithelium	False	True	True	False	False	
票面v2.1(oblig)	Q6::6	6385	Epithelium	Epithelium	True	283P	18	6367	Epithelium	False	True	True	False	False	
票面v2.1(oblig)	Q6::6	6385	Epithelium	Epithelium	True	719I	18	6367	Epithelium	False	True	True	False	False	
票面v2.1(oblig)	Q6::6	6385	Epithelium	Epithelium	True	Atlanta_A230245	43	6342	Epithelium	False	True	True	False	False	
票面v2.1(oblig)	Q6::6	6385	Epithelium	Epithelium	True	BCM_21_0933	36	6349	Epithelium	False	True	True	False	False	
票面v2.1(oblig)	Q6::6	6385	Epithelium	Epithelium	True	BCM_21_0999	10	6375	Epithelium	False	True	True	False	False	
票面v2.1(oblig)	Q6::6	6385	Epithelium	Epithelium	True	BCM_21_3104	323	6062	Epithelium	False	True	True	False	False	
票面v2.1(oblig)	Q6::6	6385	Epithelium	Epithelium	True	BCM_22_0075	1050	5335	Epithelium	False	True	True	False	False	
票面v2.1(oblig)	Q6::6	6385	Epithelium	Epithelium	True	BCM_22_0200	87	6298	Epithelium	False	True	True	False	False	
票面v2.1(oblig)	Q6::6	6385	Epithelium	Epithelium	True	BCM_22_0389	35	6350	Epithelium	False	True	True	False	False	
票面v2.1(oblig)	Q6::6	6385	Epithelium	Epithelium	True	BCM_22_0434	23	6362	Epithelium	False	True	True	False	False	
票面v2.1(oblig)	Q6::6	6385	Epithelium	Epithelium	True	BCM_22_0458	16	6369	Epithelium	False	True	True	False	False	
票面v2.1(oblig)	Q6::6	6385	Epithelium	Epithelium	True	BCM_22_0485	106	6279	Epithelium	False	True	True	False	False	
票面v2.1(oblig)	Q6::6	6385	Epithelium	Epithelium	True	BCM_22_0496	83	6302	Epithelium	False	True	True	False	False	
票面v2.1(oblig)	Q6::6	6385	Epithelium	Epithelium	True	BCM_22_0500	497	5888	Epithelium	False	True	True	False	False	
票面v2.1(oblig)	Q6::6	6385	Epithelium	Epithelium	True	BCM_22_0528	181	6204	Epithelium	False	True	True	False	False	
票面v2.1(oblig)	Q6::6	6385	Epithelium	Epithelium	True	BCM_22_0698	768	5617	Epithelium	False	True	True	False	False	
票面v2.1(oblig)	Q6::6	6385	Epithelium	Epithelium	True	BCM_22_0769	522	5863	Epithelium	False	True	True	False	False	
票面v2.1(oblig)	Q6::6	6385	Epithelium	Epithelium	True	BCM_22_0784	217	6168	Epithelium	False	True	True	False	False	
票面v2.1(oblig)	Q6::6	6385	Epithelium	Epithelium	True	BCM_22_0890	93	6292	Epithelium	False	True	True	False	False	
票面v2.1(oblig)	Q6::6	6385	Epithelium	Epithelium	True	BCM_22_0952	22	6363	Epithelium	False	True	True	False	False	
票面v2.1(oblig)	Q6::6	6385	Epithelium	Epithelium	True	BCM_23_0131	2	6383	Epithelium	False	True	True	False	False	
票面v2.1(oblig)	Q6::6	6385	Epithelium	Epithelium	True	BCM_23_0170	172	6213	Epithelium	False	True	True	False	False	
票面v2.1(oblig)	Q6::6	6385	Epithelium	Epithelium	True	BCM_23_0222	97	6288	Epithelium	False	True	True	False	False	
票面v2.1(oblig)	Q6::6	6385	Epithelium	Epithelium	True	BCM_23_0229	119	6266	Epithelium	False	True	True	False	False	
票面v2.1(oblig)	Q6::6	6385	Epithelium	Epithelium	True	BCM_23_0358	143	6242	Epithelium	False	True	True	False	False	
票面v2.1(oblig)	Q6::6	6385	Epithelium	Epithelium	True	BCM_23_0362	73	6312	Epithelium	False	True	True	False	False	
票面v2.1(oblig)	Q6::6	6385	Epithelium	Epithelium	True	LEI_22_49449	313	6072	Epithelium	False	True	True	False	False	
票面v2.1(oblig)	Q6::6	6385	Epithelium	Epithelium	True	chakravarti_Cornea1	241	6144	Epithelium	False	True	True	False	False	
票面v2.1(oblig)	Q6::6	6385	Epithelium	Epithelium	True	chakravarti_Cornea3	144	6241	Epithelium	False	True	True	False	False	
票面v2.1(oblig)	Q6::6	6385	Epithelium	Epithelium	True	chen_donor1	405	5980	Epithelium	False	True	True	False	False	
票面v2.1(oblig)	Q6::6	6385	Epithelium	Epithelium	True	chen_donor2	37	6348	Epithelium	False	True	True	False	False	
票面v2.1(oblig)	Q6::6	6385	Epithelium	Epithelium	True	dickman_Cornea01	2	6383	Epithelium	False	True	True	False	False	
票面v2.1(oblig)	Q6::6	6385	Epithelium	Epithelium	True	dickman_Cornea02	2	6383	Epithelium	False	True	True	False	False	
票面v2.1(oblig)	Q6::6	6385	Epithelium	Epithelium	True	dickman_Cornea04	18	6367	Epithelium	False	True	True	False	False	
票面v2.1(oblig)	Q6::6	6385	Epithelium	Epithelium	True	dickman_Cornea05	26	6359	Epithelium	False	True	True	False	False	
票面v2.1(oblig)	Q6::6	6385	Epithelium	Epithelium	True	dickman_Cornea06	24	6361	Epithelium	False	True	True	False	False	
票面v2.1(oblig)	Q6::6	6385	Epithelium	Epithelium	True	li_donor73	1	6384	Epithelium	False	True	True	False	False	
票面v2.1(oblig)	Q6::6	6385	Epithelium	Epithelium	True	li_donor76	48	6337	Epithelium	False	True	True	False	False	
票面v2.1(oblig)	Q6::6	6385	Epithelium	Epithelium	True	pooled [dickman_Cornea07,dickman_Cornea08]	2	6383	Epithelium	False	True	True	False	False	
票面v2.1(oblig)	Q6::6	6385	Epithelium	Epithelium	True	shi_donor1	69	6316	Epithelium	False	True	True	False	False	
票面v2.1(oblig)	Q6::6	6385	Epithelium	Epithelium	True	shi_donor2	26	6359	Epithelium	False	True	True	False	False	
票面v2.1(oblig)	Q6::6	6385	Epithelium	Epithelium	True	shi_donor3	220	6165	Epithelium	False	True	True	False	False	
票面v2.1(oblig)	Q6::6	6385	Epithelium	Epithelium	True	shi_donor4	25	6360	Epithelium	False	True	True	False	False	
票面v2.1(oblig)	Q6::7	601	Endothelium	Endothelium	True	246Z	8	593	Endothelium	False	True	True	False	False	
票面v2.1(oblig)	Q6::7	601	Endothelium	Endothelium	True	283P	17	584	Endothelium	False	True	True	False	False	
票面v2.1(oblig)	Q6::7	601	Endothelium	Endothelium	True	719I	6	595	Endothelium	False	True	True	False	False	
票面v2.1(oblig)	Q6::7	601	Endothelium	Endothelium	True	Atlanta_A230245	59	542	Endothelium	False	True	True	False	False	
票面v2.1(oblig)	Q6::7	601	Endothelium	Endothelium	True	BCM_21_0933	23	578	Endothelium	False	True	True	False	False	
票面v2.1(oblig)	Q6::7	601	Endothelium	Endothelium	True	BCM_21_0999	46	555	Endothelium	False	True	True	False	False	
票面v2.1(oblig)	Q6::7	601	Endothelium	Endothelium	True	BCM_21_3104	5	596	Endothelium	False	True	True	False	False	
票面v2.1(oblig)	Q6::7	601	Endothelium	Endothelium	True	BCM_22_0075	67	534	Endothelium	False	True	True	False	False	
票面v2.1(oblig)	Q6::7	601	Endothelium	Endothelium	True	BCM_22_0200	6	595	Endothelium	False	True	True	False	False	
票面v2.1(oblig)	Q6::7	601	Endothelium	Endothelium	True	BCM_22_0389	2	599	Endothelium	False	True	True	False	False	
票面v2.1(oblig)	Q6::7	601	Endothelium	Endothelium	True	BCM_22_0434	19	582	Endothelium	False	True	True	False	False	
票面v2.1(oblig)	Q6::7	601	Endothelium	Endothelium	True	BCM_22_0458	23	578	Endothelium	False	True	True	False	False	
票面v2.1(oblig)	Q6::7	601	Endothelium	Endothelium	True	BCM_22_0485	13	588	Endothelium	False	True	True	False	False	
票面v2.1(oblig)	Q6::7	601	Endothelium	Endothelium	True	BCM_22_0496	14	587	Endothelium	False	True	True	False	False	
票面v2.1(oblig)	Q6::7	601	Endothelium	Endothelium	True	BCM_22_0500	6	595	Endothelium	False	True	True	False	False	
票面v2.1(oblig)	Q6::7	601	Endothelium	Endothelium	True	BCM_22_0528	8	593	Endothelium	False	True	True	False	False	
票面v2.1(oblig)	Q6::7	601	Endothelium	Endothelium	True	BCM_22_0698	3	598	Endothelium	False	True	True	False	False	
票面v2.1(oblig)	Q6::7	601	Endothelium	Endothelium	True	BCM_22_0769	17	584	Endothelium	False	True	True	False	False	
票面v2.1(oblig)	Q6::7	601	Endothelium	Endothelium	True	BCM_22_0784	53	548	Endothelium	False	True	True	False	False	
票面v2.1(oblig)	Q6::7	601	Endothelium	Endothelium	True	BCM_22_0890	35	566	Endothelium	False	True	True	False	False	
票面v2.1(oblig)	Q6::7	601	Endothelium	Endothelium	True	BCM_22_0952	11	590	Endothelium	False	True	True	False	False	
票面v2.1(oblig)	Q6::7	601	Endothelium	Endothelium	True	BCM_23_0170	1	600	Endothelium	False	True	True	False	False	
票面v2.1(oblig)	Q6::7	601	Endothelium	Endothelium	True	BCM_23_0222	12	589	Endothelium	False	True	True	False	False	
票面v2.1(oblig)	Q6::7	601	Endothelium	Endothelium	True	BCM_23_0224	3	598	Endothelium	False	True	True	False	False	
票面v2.1(oblig)	Q6::7	601	Endothelium	Endothelium	True	BCM_23_0229	22	579	Endothelium	False	True	True	False	False	
票面v2.1(oblig)	Q6::7	601	Endothelium	Endothelium	True	BCM_23_0358	5	596	Endothelium	False	True	True	False	False	
票面v2.1(oblig)	Q6::7	601	Endothelium	Endothelium	True	BCM_23_0362	11	590	Endothelium	False	True	True	False	False	
票面v2.1(oblig)	Q6::7	601	Endothelium	Endothelium	True	LEI_22_49449	14	587	Endothelium	False	True	True	False	False	
票面v2.1(oblig)	Q6::7	601	Endothelium	Endothelium	True	chakravarti_Cornea2	1	600	Endothelium	False	True	True	False	False	
票面v2.1(oblig)	Q6::7	601	Endothelium	Endothelium	True	chakravarti_Cornea3	11	590	Endothelium	False	True	True	False	False	
票面v2.1(oblig)	Q6::7	601	Endothelium	Endothelium	True	dickman_Cornea02	3	598	Endothelium	False	True	True	False	False	
票面v2.1(oblig)	Q6::7	601	Endothelium	Endothelium	True	dickman_Cornea06	1	600	Endothelium	False	True	True	False	False	
票面v2.1(oblig)	Q6::7	601	Endothelium	Endothelium	True	li_donor73	4	597	Endothelium	False	True	True	False	False	
票面v2.1(oblig)	Q6::7	601	Endothelium	Endothelium	True	li_donor76	1	600	Endothelium	False	True	True	False	False	
票面v2.1(oblig)	Q6::7	601	Endothelium	Endothelium	True	pooled [dickman_Cornea07,dickman_Cornea08]	1	600	Endothelium	False	True	True	False	False	
票面v2.1(oblig)	Q6::7	601	Endothelium	Endothelium	True	shi_donor1	5	596	Endothelium	False	True	True	False	False	
票面v2.1(oblig)	Q6::7	601	Endothelium	Endothelium	True	shi_donor2	16	585	Endothelium	False	True	True	False	False	
票面v2.1(oblig)	Q6::7	601	Endothelium	Endothelium	True	shi_donor3	34	567	Endothelium	False	True	True	False	False	
票面v2.1(oblig)	Q6::7	601	Endothelium	Endothelium	True	shi_donor4	15	586	Endothelium	False	True	True	False	False	
票面v2.1(oblig)	Q6::8	972	Immune Cells	Immune Cells	True	246Z	7	965	Immune Cells	False	True	True	False	False	
票面v2.1(oblig)	Q6::8	972	Immune Cells	Immune Cells	True	257T	7	965	Immune Cells	False	True	True	False	False	
票面v2.1(oblig)	Q6::8	972	Immune Cells	Immune Cells	True	283P	19	953	Immune Cells	False	True	True	False	False	
票面v2.1(oblig)	Q6::8	972	Immune Cells	Immune Cells	True	719I	3	969	Immune Cells	False	True	True	False	False	
票面v2.1(oblig)	Q6::8	972	Immune Cells	Immune Cells	True	Atlanta_A230245	15	957	Immune Cells	False	True	True	False	False	
票面v2.1(oblig)	Q6::8	972	Immune Cells	Immune Cells	True	BCM_21_0933	18	954	Immune Cells	False	True	True	False	False	
票面v2.1(oblig)	Q6::8	972	Immune Cells	Immune Cells	True	BCM_21_0999	7	965	Immune Cells	False	True	True	False	False	
票面v2.1(oblig)	Q6::8	972	Immune Cells	Immune Cells	True	BCM_21_3104	33	939	Immune Cells	False	True	True	False	False	
票面v2.1(oblig)	Q6::8	972	Immune Cells	Immune Cells	True	BCM_22_0075	26	946	Immune Cells	False	True	True	False	False	
票面v2.1(oblig)	Q6::8	972	Immune Cells	Immune Cells	True	BCM_22_0200	10	962	Immune Cells	False	True	True	False	False	
票面v2.1(oblig)	Q6::8	972	Immune Cells	Immune Cells	True	BCM_22_0389	4	968	Immune Cells	False	True	True	False	False	
票面v2.1(oblig)	Q6::8	972	Immune Cells	Immune Cells	True	BCM_22_0434	32	940	Immune Cells	False	True	True	False	False	
票面v2.1(oblig)	Q6::8	972	Immune Cells	Immune Cells	True	BCM_22_0458	31	941	Immune Cells	False	True	True	False	False	
票面v2.1(oblig)	Q6::8	972	Immune Cells	Immune Cells	True	BCM_22_0485	88	884	Immune Cells	False	True	True	False	False	
票面v2.1(oblig)	Q6::8	972	Immune Cells	Immune Cells	True	BCM_22_0496	17	955	Immune Cells	False	True	True	False	False	
票面v2.1(oblig)	Q6::8	972	Immune Cells	Immune Cells	True	BCM_22_0500	10	962	Immune Cells	False	True	True	False	False	
票面v2.1(oblig)	Q6::8	972	Immune Cells	Immune Cells	True	BCM_22_0528	8	964	Immune Cells	False	True	True	False	False	
票面v2.1(oblig)	Q6::8	972	Immune Cells	Immune Cells	True	BCM_22_0698	18	954	Immune Cells	False	True	True	False	False	
票面v2.1(oblig)	Q6::8	972	Immune Cells	Immune Cells	True	BCM_22_0769	33	939	Immune Cells	False	True	True	False	False	
票面v2.1(oblig)	Q6::8	972	Immune Cells	Immune Cells	True	BCM_22_0784	49	923	Immune Cells	False	True	True	False	False	
票面v2.1(oblig)	Q6::8	972	Immune Cells	Immune Cells	True	BCM_22_0890	75	897	Immune Cells	False	True	True	False	False	
票面v2.1(oblig)	Q6::8	972	Immune Cells	Immune Cells	True	BCM_22_0952	49	923	Immune Cells	False	True	True	False	False	
票面v2.1(oblig)	Q6::8	972	Immune Cells	Immune Cells	True	BCM_23_0131	2	970	Immune Cells	False	True	True	False	False	
票面v2.1(oblig)	Q6::8	972	Immune Cells	Immune Cells	True	BCM_23_0170	2	970	Immune Cells	False	True	True	False	False	
票面v2.1(oblig)	Q6::8	972	Immune Cells	Immune Cells	True	BCM_23_0222	8	964	Immune Cells	False	True	True	False	False	
票面v2.1(oblig)	Q6::8	972	Immune Cells	Immune Cells	True	BCM_23_0224	12	960	Immune Cells	False	True	True	False	False	
票面v2.1(oblig)	Q6::8	972	Immune Cells	Immune Cells	True	BCM_23_0229	41	931	Immune Cells	False	True	True	False	False	
票面v2.1(oblig)	Q6::8	972	Immune Cells	Immune Cells	True	BCM_23_0358	12	960	Immune Cells	False	True	True	False	False	
票面v2.1(oblig)	Q6::8	972	Immune Cells	Immune Cells	True	BCM_23_0362	71	901	Immune Cells	False	True	True	False	False	
票面v2.1(oblig)	Q6::8	972	Immune Cells	Immune Cells	True	LEI_22_49449	60	912	Immune Cells	False	True	True	False	False	
票面v2.1(oblig)	Q6::8	972	Immune Cells	Immune Cells	True	chakravarti_Cornea2	2	970	Immune Cells	False	True	True	False	False	
票面v2.1(oblig)	Q6::8	972	Immune Cells	Immune Cells	True	chakravarti_Cornea3	2	970	Immune Cells	False	True	True	False	False	
票面v2.1(oblig)	Q6::8	972	Immune Cells	Immune Cells	True	chen_donor1	3	969	Immune Cells	False	True	True	False	False	
票面v2.1(oblig)	Q6::8	972	Immune Cells	Immune Cells	True	chen_donor2	3	969	Immune Cells	False	True	True	False	False	
票面v2.1(oblig)	Q6::8	972	Immune Cells	Immune Cells	True	dickman_Cornea01	1	971	Immune Cells	False	True	True	False	False	
票面v2.1(oblig)	Q6::8	972	Immune Cells	Immune Cells	True	dickman_Cornea02	2	970	Immune Cells	False	True	True	False	False	
票面v2.1(oblig)	Q6::8	972	Immune Cells	Immune Cells	True	dickman_Cornea03	70	902	Immune Cells	False	True	True	False	False	
票面v2.1(oblig)	Q6::8	972	Immune Cells	Immune Cells	True	dickman_Cornea05	2	970	Immune Cells	False	True	True	False	False	
票面v2.1(oblig)	Q6::8	972	Immune Cells	Immune Cells	True	dickman_Cornea06	2	970	Immune Cells	False	True	True	False	False	
票面v2.1(oblig)	Q6::8	972	Immune Cells	Immune Cells	True	li_donor73	1	971	Immune Cells	False	True	True	False	False	
票面v2.1(oblig)	Q6::8	972	Immune Cells	Immune Cells	True	li_donor75	15	957	Immune Cells	False	True	True	False	False	
票面v2.1(oblig)	Q6::8	972	Immune Cells	Immune Cells	True	li_donor76	6	966	Immune Cells	False	True	True	False	False	
票面v2.1(oblig)	Q6::8	972	Immune Cells	Immune Cells	True	pooled [dickman_Cornea07,dickman_Cornea08]	1	971	Immune Cells	False	True	True	False	False	
票面v2.1(oblig)	Q6::8	972	Immune Cells	Immune Cells	True	shi_donor1	11	961	Immune Cells	False	True	True	False	False	
票面v2.1(oblig)	Q6::8	972	Immune Cells	Immune Cells	True	shi_donor2	12	960	Immune Cells	False	True	True	False	False	
票面v2.1(oblig)	Q6::8	972	Immune Cells	Immune Cells	True	shi_donor3	45	927	Immune Cells	False	True	True	False	False	
票面v2.1(oblig)	Q6::8	972	Immune Cells	Immune Cells	True	shi_donor4	27	945	Immune Cells	False	True	True	False	False	
票面v2.1(oblig)	Q6::9	5861	Epithelium	Epithelium	True	246Z	17	5844	Epithelium	False	True	True	False	False	
票面v2.1(oblig)	Q6::9	5861	Epithelium	Epithelium	True	257T	8	5853	Epithelium	False	True	True	False	False	
票面v2.1(oblig)	Q6::9	5861	Epithelium	Epithelium	True	283P	5	5856	Epithelium	False	True	True	False	False	
票面v2.1(oblig)	Q6::9	5861	Epithelium	Epithelium	True	719I	13	5848	Epithelium	False	True	True	False	False	
票面v2.1(oblig)	Q6::9	5861	Epithelium	Epithelium	True	Atlanta_A230245	370	5491	Epithelium	False	True	True	False	False	
票面v2.1(oblig)	Q6::9	5861	Epithelium	Epithelium	True	BCM_21_0933	3	5858	Epithelium	False	True	True	False	False	
票面v2.1(oblig)	Q6::9	5861	Epithelium	Epithelium	True	BCM_21_0999	4	5857	Epithelium	False	True	True	False	False	
票面v2.1(oblig)	Q6::9	5861	Epithelium	Epithelium	True	BCM_21_3104	16	5845	Epithelium	False	True	True	False	False	
票面v2.1(oblig)	Q6::9	5861	Epithelium	Epithelium	True	BCM_22_0075	778	5083	Epithelium	False	True	True	False	False	
票面v2.1(oblig)	Q6::9	5861	Epithelium	Epithelium	True	BCM_22_0200	32	5829	Epithelium	False	True	True	False	False	
票面v2.1(oblig)	Q6::9	5861	Epithelium	Epithelium	True	BCM_22_0389	12	5849	Epithelium	False	True	True	False	False	
票面v2.1(oblig)	Q6::9	5861	Epithelium	Epithelium	True	BCM_22_0434	109	5752	Epithelium	False	True	True	False	False	
票面v2.1(oblig)	Q6::9	5861	Epithelium	Epithelium	True	BCM_22_0458	12	5849	Epithelium	False	True	True	False	False	
票面v2.1(oblig)	Q6::9	5861	Epithelium	Epithelium	True	BCM_22_0485	6	5855	Epithelium	False	True	True	False	False	
票面v2.1(oblig)	Q6::9	5861	Epithelium	Epithelium	True	BCM_22_0496	7	5854	Epithelium	False	True	True	False	False	
票面v2.1(oblig)	Q6::9	5861	Epithelium	Epithelium	True	BCM_22_0500	7	5854	Epithelium	False	True	True	False	False	
票面v2.1(oblig)	Q6::9	5861	Epithelium	Epithelium	True	BCM_22_0528	17	5844	Epithelium	False	True	True	False	False	
票面v2.1(oblig)	Q6::9	5861	Epithelium	Epithelium	True	BCM_22_0698	455	5406	Epithelium	False	True	True	False	False	
票面v2.1(oblig)	Q6::9	5861	Epithelium	Epithelium	True	BCM_22_0769	354	5507	Epithelium	False	True	True	False	False	
票面v2.1(oblig)	Q6::9	5861	Epithelium	Epithelium	True	BCM_22_0784	46	5815	Epithelium	False	True	True	False	False	
票面v2.1(oblig)	Q6::9	5861	Epithelium	Epithelium	True	BCM_22_0890	66	5795	Epithelium	False	True	True	False	False	
票面v2.1(oblig)	Q6::9	5861	Epithelium	Epithelium	True	BCM_22_0952	10	5851	Epithelium	False	True	True	False	False	
票面v2.1(oblig)	Q6::9	5861	Epithelium	Epithelium	True	BCM_23_0170	2	5859	Epithelium	False	True	True	False	False	
票面v2.1(oblig)	Q6::9	5861	Epithelium	Epithelium	True	BCM_23_0229	295	5566	Epithelium	False	True	True	False	False	
票面v2.1(oblig)	Q6::9	5861	Epithelium	Epithelium	True	BCM_23_0358	263	5598	Epithelium	False	True	True	False	False	
票面v2.1(oblig)	Q6::9	5861	Epithelium	Epithelium	True	BCM_23_0362	221	5640	Epithelium	False	True	True	False	False	
票面v2.1(oblig)	Q6::9	5861	Epithelium	Epithelium	True	LEI_22_49449	228	5633	Epithelium	False	True	True	False	False	
票面v2.1(oblig)	Q6::9	5861	Epithelium	Epithelium	True	chakravarti_Cornea1	11	5850	Epithelium	False	True	True	False	False	
票面v2.1(oblig)	Q6::9	5861	Epithelium	Epithelium	True	chakravarti_Cornea2	19	5842	Epithelium	False	True	True	False	False	
票面v2.1(oblig)	Q6::9	5861	Epithelium	Epithelium	True	chakravarti_Cornea3	394	5467	Epithelium	False	True	True	False	False	
票面v2.1(oblig)	Q6::9	5861	Epithelium	Epithelium	True	chen_donor1	4	5857	Epithelium	False	True	True	False	False	
票面v2.1(oblig)	Q6::9	5861	Epithelium	Epithelium	True	chen_donor2	13	5848	Epithelium	False	True	True	False	False	
票面v2.1(oblig)	Q6::9	5861	Epithelium	Epithelium	True	dickman_Cornea01	1	5860	Epithelium	False	True	True	False	False	
票面v2.1(oblig)	Q6::9	5861	Epithelium	Epithelium	True	dickman_Cornea02	4	5857	Epithelium	False	True	True	False	False	
票面v2.1(oblig)	Q6::9	5861	Epithelium	Epithelium	True	dickman_Cornea05	14	5847	Epithelium	False	True	True	False	False	
票面v2.1(oblig)	Q6::9	5861	Epithelium	Epithelium	True	dickman_Cornea06	26	5835	Epithelium	False	True	True	False	False	
票面v2.1(oblig)	Q6::9	5861	Epithelium	Epithelium	True	li_donor73	1	5860	Epithelium	False	True	True	False	False	
票面v2.1(oblig)	Q6::9	5861	Epithelium	Epithelium	True	li_donor76	5	5856	Epithelium	False	True	True	False	False	
票面v2.1(oblig)	Q6::9	5861	Epithelium	Epithelium	True	pooled [dickman_Cornea07,dickman_Cornea08]	3	5858	Epithelium	False	True	True	False	False	
票面v2.1(oblig)	Q6::9	5861	Epithelium	Epithelium	True	shi_donor1	356	5505	Epithelium	False	True	True	False	False	
票面v2.1(oblig)	Q6::9	5861	Epithelium	Epithelium	True	shi_donor2	357	5504	Epithelium	False	True	True	False	False	
票面v2.1(oblig)	Q6::9	5861	Epithelium	Epithelium	True	shi_donor3	854	5007	Epithelium	False	True	True	False	False	
票面v2.1(oblig)	Q6::9	5861	Epithelium	Epithelium	True	shi_donor4	443	5418	Epithelium	False	True	True	False	False	
票面v2.1(oblig)	Q6::11	5140	Endothelium	Endothelium	True	246Z	16	5124	Endothelium	False	True	True	False	False	
票面v2.1(oblig)	Q6::11	5140	Endothelium	Endothelium	True	257T	8	5132	Endothelium	False	True	True	False	False	
票面v2.1(oblig)	Q6::11	5140	Endothelium	Endothelium	True	283P	43	5097	Endothelium	False	True	True	False	False	
票面v2.1(oblig)	Q6::11	5140	Endothelium	Endothelium	True	719I	12	5128	Endothelium	False	True	True	False	False	
票面v2.1(oblig)	Q6::11	5140	Endothelium	Endothelium	True	Atlanta_A230245	169	4971	Endothelium	False	True	True	False	False	
票面v2.1(oblig)	Q6::11	5140	Endothelium	Endothelium	True	BCM_21_0933	6	5134	Endothelium	False	True	True	False	False	
票面v2.1(oblig)	Q6::11	5140	Endothelium	Endothelium	True	BCM_21_0999	148	4992	Endothelium	False	True	True	False	False	
票面v2.1(oblig)	Q6::11	5140	Endothelium	Endothelium	True	BCM_21_3104	7	5133	Endothelium	False	True	True	False	False	
票面v2.1(oblig)	Q6::11	5140	Endothelium	Endothelium	True	BCM_22_0075	311	4829	Endothelium	False	True	True	False	False	
票面v2.1(oblig)	Q6::11	5140	Endothelium	Endothelium	True	BCM_22_0200	30	5110	Endothelium	False	True	True	False	False	
票面v2.1(oblig)	Q6::11	5140	Endothelium	Endothelium	True	BCM_22_0389	54	5086	Endothelium	False	True	True	False	False	
票面v2.1(oblig)	Q6::11	5140	Endothelium	Endothelium	True	BCM_22_0434	530	4610	Endothelium	False	True	True	False	False	
票面v2.1(oblig)	Q6::11	5140	Endothelium	Endothelium	True	BCM_22_0458	486	4654	Endothelium	False	True	True	False	False	
票面v2.1(oblig)	Q6::11	5140	Endothelium	Endothelium	True	BCM_22_0485	240	4900	Endothelium	False	True	True	False	False	
票面v2.1(oblig)	Q6::11	5140	Endothelium	Endothelium	True	BCM_22_0496	547	4593	Endothelium	False	True	True	False	False	
票面v2.1(oblig)	Q6::11	5140	Endothelium	Endothelium	True	BCM_22_0500	162	4978	Endothelium	False	True	True	False	False	
票面v2.1(oblig)	Q6::11	5140	Endothelium	Endothelium	True	BCM_22_0528	39	5101	Endothelium	False	True	True	False	False	
票面v2.1(oblig)	Q6::11	5140	Endothelium	Endothelium	True	BCM_22_0698	196	4944	Endothelium	False	True	True	False	False	
票面v2.1(oblig)	Q6::11	5140	Endothelium	Endothelium	True	BCM_22_0769	59	5081	Endothelium	False	True	True	False	False	
票面v2.1(oblig)	Q6::11	5140	Endothelium	Endothelium	True	BCM_22_0784	319	4821	Endothelium	False	True	True	False	False	
票面v2.1(oblig)	Q6::11	5140	Endothelium	Endothelium	True	BCM_22_0890	126	5014	Endothelium	False	True	True	False	False	
票面v2.1(oblig)	Q6::11	5140	Endothelium	Endothelium	True	BCM_22_0952	172	4968	Endothelium	False	True	True	False	False	
票面v2.1(oblig)	Q6::11	5140	Endothelium	Endothelium	True	BCM_23_0170	92	5048	Endothelium	False	True	True	False	False	
票面v2.1(oblig)	Q6::11	5140	Endothelium	Endothelium	True	BCM_23_0222	166	4974	Endothelium	False	True	True	False	False	
票面v2.1(oblig)	Q6::11	5140	Endothelium	Endothelium	True	BCM_23_0224	42	5098	Endothelium	False	True	True	False	False	
票面v2.1(oblig)	Q6::11	5140	Endothelium	Endothelium	True	BCM_23_0229	145	4995	Endothelium	False	True	True	False	False	
票面v2.1(oblig)	Q6::11	5140	Endothelium	Endothelium	True	BCM_23_0358	75	5065	Endothelium	False	True	True	False	False	
票面v2.1(oblig)	Q6::11	5140	Endothelium	Endothelium	True	BCM_23_0362	205	4935	Endothelium	False	True	True	False	False	
票面v2.1(oblig)	Q6::11	5140	Endothelium	Endothelium	True	LEI_22_49449	275	4865	Endothelium	False	True	True	False	False	
票面v2.1(oblig)	Q6::11	5140	Endothelium	Endothelium	True	chakravarti_Cornea3	3	5137	Endothelium	False	True	True	False	False	
票面v2.1(oblig)	Q6::11	5140	Endothelium	Endothelium	True	chen_donor1	8	5132	Endothelium	False	True	True	False	False	
票面v2.1(oblig)	Q6::11	5140	Endothelium	Endothelium	True	dickman_Cornea06	3	5137	Endothelium	False	True	True	False	False	
票面v2.1(oblig)	Q6::11	5140	Endothelium	Endothelium	True	li_donor73	3	5137	Endothelium	False	True	True	False	False	
票面v2.1(oblig)	Q6::11	5140	Endothelium	Endothelium	True	li_donor75	8	5132	Endothelium	False	True	True	False	False	
票面v2.1(oblig)	Q6::11	5140	Endothelium	Endothelium	True	li_donor76	4	5136	Endothelium	False	True	True	False	False	
票面v2.1(oblig)	Q6::11	5140	Endothelium	Endothelium	True	shi_donor1	86	5054	Endothelium	False	True	True	False	False	
票面v2.1(oblig)	Q6::11	5140	Endothelium	Endothelium	True	shi_donor2	123	5017	Endothelium	False	True	True	False	False	
票面v2.1(oblig)	Q6::11	5140	Endothelium	Endothelium	True	shi_donor3	169	4971	Endothelium	False	True	True	False	False	
票面v2.1(oblig)	Q6::11	5140	Endothelium	Endothelium	True	shi_donor4	53	5087	Endothelium	False	True	True	False	False	
票面v2.1(oblig)	Q6::13	7357	Fibroblasts	Fibroblasts	True	246Z	17	7340	Fibroblasts	False	True	True	False	False	
票面v2.1(oblig)	Q6::13	7357	Fibroblasts	Fibroblasts	True	257T	45	7312	Fibroblasts	False	True	True	False	False	
票面v2.1(oblig)	Q6::13	7357	Fibroblasts	Fibroblasts	True	283P	37	7320	Fibroblasts	False	True	True	False	False	
票面v2.1(oblig)	Q6::13	7357	Fibroblasts	Fibroblasts	True	719I	15	7342	Fibroblasts	False	True	True	False	False	
票面v2.1(oblig)	Q6::13	7357	Fibroblasts	Fibroblasts	True	Atlanta_A230245	309	7048	Fibroblasts	False	True	True	False	False	
票面v2.1(oblig)	Q6::13	7357	Fibroblasts	Fibroblasts	True	BCM_21_0933	70	7287	Fibroblasts	False	True	True	False	False	
票面v2.1(oblig)	Q6::13	7357	Fibroblasts	Fibroblasts	True	BCM_21_0999	23	7334	Fibroblasts	False	True	True	False	False	
票面v2.1(oblig)	Q6::13	7357	Fibroblasts	Fibroblasts	True	BCM_21_3104	13	7344	Fibroblasts	False	True	True	False	False	
票面v2.1(oblig)	Q6::13	7357	Fibroblasts	Fibroblasts	True	BCM_22_0075	38	7319	Fibroblasts	False	True	True	False	False	
票面v2.1(oblig)	Q6::13	7357	Fibroblasts	Fibroblasts	True	BCM_22_0200	160	7197	Fibroblasts	False	True	True	False	False	
票面v2.1(oblig)	Q6::13	7357	Fibroblasts	Fibroblasts	True	BCM_22_0389	867	6490	Fibroblasts	False	True	True	False	False	
票面v2.1(oblig)	Q6::13	7357	Fibroblasts	Fibroblasts	True	BCM_22_0434	632	6725	Fibroblasts	False	True	True	False	False	
票面v2.1(oblig)	Q6::13	7357	Fibroblasts	Fibroblasts	True	BCM_22_0458	1843	5514	Fibroblasts	False	True	True	False	False	
票面v2.1(oblig)	Q6::13	7357	Fibroblasts	Fibroblasts	True	BCM_22_0485	62	7295	Fibroblasts	False	True	True	False	False	
票面v2.1(oblig)	Q6::13	7357	Fibroblasts	Fibroblasts	True	BCM_22_0496	83	7274	Fibroblasts	False	True	True	False	False	
票面v2.1(oblig)	Q6::13	7357	Fibroblasts	Fibroblasts	True	BCM_22_0500	419	6938	Fibroblasts	False	True	True	False	False	
票面v2.1(oblig)	Q6::13	7357	Fibroblasts	Fibroblasts	True	BCM_22_0528	360	6997	Fibroblasts	False	True	True	False	False	
票面v2.1(oblig)	Q6::13	7357	Fibroblasts	Fibroblasts	True	BCM_22_0769	288	7069	Fibroblasts	False	True	True	False	False	
票面v2.1(oblig)	Q6::13	7357	Fibroblasts	Fibroblasts	True	BCM_22_0784	200	7157	Fibroblasts	False	True	True	False	False	
票面v2.1(oblig)	Q6::13	7357	Fibroblasts	Fibroblasts	True	BCM_22_0890	104	7253	Fibroblasts	False	True	True	False	False	
票面v2.1(oblig)	Q6::13	7357	Fibroblasts	Fibroblasts	True	BCM_22_0952	324	7033	Fibroblasts	False	True	True	False	False	
票面v2.1(oblig)	Q6::13	7357	Fibroblasts	Fibroblasts	True	BCM_23_0170	14	7343	Fibroblasts	False	True	True	False	False	
票面v2.1(oblig)	Q6::13	7357	Fibroblasts	Fibroblasts	True	BCM_23_0222	22	7335	Fibroblasts	False	True	True	False	False	
票面v2.1(oblig)	Q6::13	7357	Fibroblasts	Fibroblasts	True	BCM_23_0224	6	7351	Fibroblasts	False	True	True	False	False	
票面v2.1(oblig)	Q6::13	7357	Fibroblasts	Fibroblasts	True	BCM_23_0229	319	7038	Fibroblasts	False	True	True	False	False	
票面v2.1(oblig)	Q6::13	7357	Fibroblasts	Fibroblasts	True	BCM_23_0358	185	7172	Fibroblasts	False	True	True	False	False	
票面v2.1(oblig)	Q6::13	7357	Fibroblasts	Fibroblasts	True	BCM_23_0362	197	7160	Fibroblasts	False	True	True	False	False	
票面v2.1(oblig)	Q6::13	7357	Fibroblasts	Fibroblasts	True	LEI_22_49449	418	6939	Fibroblasts	False	True	True	False	False	
票面v2.1(oblig)	Q6::13	7357	Fibroblasts	Fibroblasts	True	chakravarti_Cornea1	14	7343	Fibroblasts	False	True	True	False	False	
票面v2.1(oblig)	Q6::13	7357	Fibroblasts	Fibroblasts	True	chakravarti_Cornea2	20	7337	Fibroblasts	False	True	True	False	False	
票面v2.1(oblig)	Q6::13	7357	Fibroblasts	Fibroblasts	True	chakravarti_Cornea3	143	7214	Fibroblasts	False	True	True	False	False	
票面v2.1(oblig)	Q6::13	7357	Fibroblasts	Fibroblasts	True	chen_donor1	3	7354	Fibroblasts	False	True	True	False	False	
票面v2.1(oblig)	Q6::13	7357	Fibroblasts	Fibroblasts	True	dickman_Cornea02	11	7346	Fibroblasts	False	True	True	False	False	
票面v2.1(oblig)	Q6::13	7357	Fibroblasts	Fibroblasts	True	dickman_Cornea06	3	7354	Fibroblasts	False	True	True	False	False	
票面v2.1(oblig)	Q6::13	7357	Fibroblasts	Fibroblasts	True	li_donor72	1	7356	Fibroblasts	False	True	True	False	False	
票面v2.1(oblig)	Q6::13	7357	Fibroblasts	Fibroblasts	True	li_donor73	3	7354	Fibroblasts	False	True	True	False	False	
票面v2.1(oblig)	Q6::13	7357	Fibroblasts	Fibroblasts	True	li_donor75	19	7338	Fibroblasts	False	True	True	False	False	
票面v2.1(oblig)	Q6::13	7357	Fibroblasts	Fibroblasts	True	shi_donor1	5	7352	Fibroblasts	False	True	True	False	False	
票面v2.1(oblig)	Q6::13	7357	Fibroblasts	Fibroblasts	True	shi_donor2	39	7318	Fibroblasts	False	True	True	False	False	
票面v2.1(oblig)	Q6::13	7357	Fibroblasts	Fibroblasts	True	shi_donor3	24	7333	Fibroblasts	False	True	True	False	False	
票面v2.1(oblig)	Q6::13	7357	Fibroblasts	Fibroblasts	True	shi_donor4	2	7355	Fibroblasts	False	True	True	False	False	
票面v2.1(oblig)	Q6::14	1931	Fibroblasts	Fibroblasts	True	Atlanta_A230245	21	1910	Fibroblasts	False	True	True	False	False	
票面v2.1(oblig)	Q6::14	1931	Fibroblasts	Fibroblasts	True	BCM_21_0999	2	1929	Fibroblasts	False	True	True	False	False	
票面v2.1(oblig)	Q6::14	1931	Fibroblasts	Fibroblasts	True	BCM_21_3104	4	1927	Fibroblasts	False	True	True	False	False	
票面v2.1(oblig)	Q6::14	1931	Fibroblasts	Fibroblasts	True	BCM_22_0075	6	1925	Fibroblasts	False	True	True	False	False	
票面v2.1(oblig)	Q6::14	1931	Fibroblasts	Fibroblasts	True	BCM_22_0200	1	1930	Fibroblasts	False	True	True	False	False	
票面v2.1(oblig)	Q6::14	1931	Fibroblasts	Fibroblasts	True	BCM_22_0389	7	1924	Fibroblasts	False	True	True	False	False	
票面v2.1(oblig)	Q6::14	1931	Fibroblasts	Fibroblasts	True	BCM_22_0434	9	1922	Fibroblasts	False	True	True	False	False	
票面v2.1(oblig)	Q6::14	1931	Fibroblasts	Fibroblasts	True	BCM_22_0458	8	1923	Fibroblasts	False	True	True	False	False	
票面v2.1(oblig)	Q6::14	1931	Fibroblasts	Fibroblasts	True	BCM_22_0500	8	1923	Fibroblasts	False	True	True	False	False	
票面v2.1(oblig)	Q6::14	1931	Fibroblasts	Fibroblasts	True	BCM_22_0528	6	1925	Fibroblasts	False	True	True	False	False	
票面v2.1(oblig)	Q6::14	1931	Fibroblasts	Fibroblasts	True	BCM_22_0769	4	1927	Fibroblasts	False	True	True	False	False	
票面v2.1(oblig)	Q6::14	1931	Fibroblasts	Fibroblasts	True	BCM_22_0784	425	1506	Fibroblasts	False	True	True	False	False	
票面v2.1(oblig)	Q6::14	1931	Fibroblasts	Fibroblasts	True	BCM_23_0229	13	1918	Fibroblasts	False	True	True	False	False	
票面v2.1(oblig)	Q6::14	1931	Fibroblasts	Fibroblasts	True	BCM_23_0358	8	1923	Fibroblasts	False	True	True	False	False	
票面v2.1(oblig)	Q6::14	1931	Fibroblasts	Fibroblasts	True	chakravarti_Cornea1	1005	926	Fibroblasts	False	True	True	False	False	
票面v2.1(oblig)	Q6::14	1931	Fibroblasts	Fibroblasts	True	chakravarti_Cornea2	6	1925	Fibroblasts	False	True	True	False	False	
票面v2.1(oblig)	Q6::14	1931	Fibroblasts	Fibroblasts	True	chakravarti_Cornea3	383	1548	Fibroblasts	False	True	True	False	False	
票面v2.1(oblig)	Q6::14	1931	Fibroblasts	Fibroblasts	True	chen_donor1	1	1930	Fibroblasts	False	True	True	False	False	
票面v2.1(oblig)	Q6::14	1931	Fibroblasts	Fibroblasts	True	dickman_Cornea02	2	1929	Fibroblasts	False	True	True	False	False	
票面v2.1(oblig)	Q6::14	1931	Fibroblasts	Fibroblasts	True	dickman_Cornea03	3	1928	Fibroblasts	False	True	True	False	False	
票面v2.1(oblig)	Q6::14	1931	Fibroblasts	Fibroblasts	True	dickman_Cornea04	1	1930	Fibroblasts	False	True	True	False	False	
票面v2.1(oblig)	Q6::14	1931	Fibroblasts	Fibroblasts	True	dickman_Cornea05	1	1930	Fibroblasts	False	True	True	False	False	
票面v2.1(oblig)	Q6::14	1931	Fibroblasts	Fibroblasts	True	shi_donor1	3	1928	Fibroblasts	False	True	True	False	False	
票面v2.1(oblig)	Q6::14	1931	Fibroblasts	Fibroblasts	True	shi_donor3	3	1928	Fibroblasts	False	True	True	False	False	
票面v2.1(oblig)	Q6::14	1931	Fibroblasts	Fibroblasts	True	shi_donor4	1	1930	Fibroblasts	False	True	True	False	False	
票面v2.1(oblig)	Q6::17	982	Schwann Cells	Schwann Cells	True	246Z	4	978	Schwann Cells	False	True	True	False	False	
票面v2.1(oblig)	Q6::17	982	Schwann Cells	Schwann Cells	True	257T	7	975	Schwann Cells	False	True	True	False	False	
票面v2.1(oblig)	Q6::17	982	Schwann Cells	Schwann Cells	True	283P	1	981	Schwann Cells	False	True	True	False	False	
票面v2.1(oblig)	Q6::17	982	Schwann Cells	Schwann Cells	True	719I	4	978	Schwann Cells	False	True	True	False	False	
票面v2.1(oblig)	Q6::17	982	Schwann Cells	Schwann Cells	True	Atlanta_A230245	43	939	Schwann Cells	False	True	True	False	False	
票面v2.1(oblig)	Q6::17	982	Schwann Cells	Schwann Cells	True	BCM_21_0999	11	971	Schwann Cells	False	True	True	False	False	
票面v2.1(oblig)	Q6::17	982	Schwann Cells	Schwann Cells	True	BCM_21_3104	3	979	Schwann Cells	False	True	True	False	False	
票面v2.1(oblig)	Q6::17	982	Schwann Cells	Schwann Cells	True	BCM_22_0075	30	952	Schwann Cells	False	True	True	False	False	
票面v2.1(oblig)	Q6::17	982	Schwann Cells	Schwann Cells	True	BCM_22_0200	3	979	Schwann Cells	False	True	True	False	False	
票面v2.1(oblig)	Q6::17	982	Schwann Cells	Schwann Cells	True	BCM_22_0389	2	980	Schwann Cells	False	True	True	False	False	
票面v2.1(oblig)	Q6::17	982	Schwann Cells	Schwann Cells	True	BCM_22_0434	48	934	Schwann Cells	False	True	True	False	False	
票面v2.1(oblig)	Q6::17	982	Schwann Cells	Schwann Cells	True	BCM_22_0458	159	823	Schwann Cells	False	True	True	False	False	
票面v2.1(oblig)	Q6::17	982	Schwann Cells	Schwann Cells	True	BCM_22_0485	106	876	Schwann Cells	False	True	True	False	False	
票面v2.1(oblig)	Q6::17	982	Schwann Cells	Schwann Cells	True	BCM_22_0496	143	839	Schwann Cells	False	True	True	False	False	
票面v2.1(oblig)	Q6::17	982	Schwann Cells	Schwann Cells	True	BCM_22_0500	25	957	Schwann Cells	False	True	True	False	False	
票面v2.1(oblig)	Q6::17	982	Schwann Cells	Schwann Cells	True	BCM_22_0528	11	971	Schwann Cells	False	True	True	False	False	
票面v2.1(oblig)	Q6::17	982	Schwann Cells	Schwann Cells	True	BCM_22_0698	58	924	Schwann Cells	False	True	True	False	False	
票面v2.1(oblig)	Q6::17	982	Schwann Cells	Schwann Cells	True	BCM_22_0769	27	955	Schwann Cells	False	True	True	False	False	
票面v2.1(oblig)	Q6::17	982	Schwann Cells	Schwann Cells	True	BCM_22_0784	37	945	Schwann Cells	False	True	True	False	False	
票面v2.1(oblig)	Q6::17	982	Schwann Cells	Schwann Cells	True	BCM_22_0890	8	974	Schwann Cells	False	True	True	False	False	
票面v2.1(oblig)	Q6::17	982	Schwann Cells	Schwann Cells	True	BCM_22_0952	7	975	Schwann Cells	False	True	True	False	False	
票面v2.1(oblig)	Q6::17	982	Schwann Cells	Schwann Cells	True	BCM_23_0222	6	976	Schwann Cells	False	True	True	False	False	
票面v2.1(oblig)	Q6::17	982	Schwann Cells	Schwann Cells	True	BCM_23_0224	3	979	Schwann Cells	False	True	True	False	False	
票面v2.1(oblig)	Q6::17	982	Schwann Cells	Schwann Cells	True	BCM_23_0229	9	973	Schwann Cells	False	True	True	False	False	
票面v2.1(oblig)	Q6::17	982	Schwann Cells	Schwann Cells	True	BCM_23_0358	3	979	Schwann Cells	False	True	True	False	False	
票面v2.1(oblig)	Q6::17	982	Schwann Cells	Schwann Cells	True	BCM_23_0362	101	881	Schwann Cells	False	True	True	False	False	
票面v2.1(oblig)	Q6::17	982	Schwann Cells	Schwann Cells	True	LEI_22_49449	23	959	Schwann Cells	False	True	True	False	False	
票面v2.1(oblig)	Q6::17	982	Schwann Cells	Schwann Cells	True	chakravarti_Cornea3	42	940	Schwann Cells	False	True	True	False	False	
票面v2.1(oblig)	Q6::17	982	Schwann Cells	Schwann Cells	True	li_donor73	4	978	Schwann Cells	False	True	True	False	False	
票面v2.1(oblig)	Q6::17	982	Schwann Cells	Schwann Cells	True	shi_donor1	13	969	Schwann Cells	False	True	True	False	False	
票面v2.1(oblig)	Q6::17	982	Schwann Cells	Schwann Cells	True	shi_donor2	13	969	Schwann Cells	False	True	True	False	False	
票面v2.1(oblig)	Q6::17	982	Schwann Cells	Schwann Cells	True	shi_donor3	18	964	Schwann Cells	False	True	True	False	False	
票面v2.1(oblig)	Q6::17	982	Schwann Cells	Schwann Cells	True	shi_donor4	10	972	Schwann Cells	False	True	True	False	False	
票面v2.1(oblig)	Q6::19	2707	Fibroblasts	Fibroblasts	True	246Z	2	2705	Fibroblasts	False	True	True	False	False	
票面v2.1(oblig)	Q6::19	2707	Fibroblasts	Fibroblasts	True	283P	2	2705	Fibroblasts	False	True	True	False	False	
票面v2.1(oblig)	Q6::19	2707	Fibroblasts	Fibroblasts	True	Atlanta_A230245	2	2705	Fibroblasts	False	True	True	False	False	
票面v2.1(oblig)	Q6::19	2707	Fibroblasts	Fibroblasts	True	BCM_21_0933	1	2706	Fibroblasts	False	True	True	False	False	
票面v2.1(oblig)	Q6::19	2707	Fibroblasts	Fibroblasts	True	BCM_21_0999	3	2704	Fibroblasts	False	True	True	False	False	
票面v2.1(oblig)	Q6::19	2707	Fibroblasts	Fibroblasts	True	BCM_21_3104	1	2706	Fibroblasts	False	True	True	False	False	
票面v2.1(oblig)	Q6::19	2707	Fibroblasts	Fibroblasts	True	BCM_22_0200	3	2704	Fibroblasts	False	True	True	False	False	
票面v2.1(oblig)	Q6::19	2707	Fibroblasts	Fibroblasts	True	BCM_22_0434	25	2682	Fibroblasts	False	True	True	False	False	
票面v2.1(oblig)	Q6::19	2707	Fibroblasts	Fibroblasts	True	BCM_22_0458	7	2700	Fibroblasts	False	True	True	False	False	
票面v2.1(oblig)	Q6::19	2707	Fibroblasts	Fibroblasts	True	BCM_22_0485	1518	1189	Fibroblasts	False	True	True	False	False	
票面v2.1(oblig)	Q6::19	2707	Fibroblasts	Fibroblasts	True	BCM_22_0496	885	1822	Fibroblasts	False	True	True	False	False	
票面v2.1(oblig)	Q6::19	2707	Fibroblasts	Fibroblasts	True	BCM_22_0500	11	2696	Fibroblasts	False	True	True	False	False	
票面v2.1(oblig)	Q6::19	2707	Fibroblasts	Fibroblasts	True	BCM_22_0528	8	2699	Fibroblasts	False	True	True	False	False	
票面v2.1(oblig)	Q6::19	2707	Fibroblasts	Fibroblasts	True	BCM_22_0698	127	2580	Fibroblasts	False	True	True	False	False	
票面v2.1(oblig)	Q6::19	2707	Fibroblasts	Fibroblasts	True	BCM_22_0769	47	2660	Fibroblasts	False	True	True	False	False	
票面v2.1(oblig)	Q6::19	2707	Fibroblasts	Fibroblasts	True	BCM_22_0784	3	2704	Fibroblasts	False	True	True	False	False	
票面v2.1(oblig)	Q6::19	2707	Fibroblasts	Fibroblasts	True	BCM_22_0890	9	2698	Fibroblasts	False	True	True	False	False	
票面v2.1(oblig)	Q6::19	2707	Fibroblasts	Fibroblasts	True	BCM_22_0952	14	2693	Fibroblasts	False	True	True	False	False	
票面v2.1(oblig)	Q6::19	2707	Fibroblasts	Fibroblasts	True	BCM_23_0222	1	2706	Fibroblasts	False	True	True	False	False	
票面v2.1(oblig)	Q6::19	2707	Fibroblasts	Fibroblasts	True	BCM_23_0229	1	2706	Fibroblasts	False	True	True	False	False	
票面v2.1(oblig)	Q6::19	2707	Fibroblasts	Fibroblasts	True	BCM_23_0358	2	2705	Fibroblasts	False	True	True	False	False	
票面v2.1(oblig)	Q6::19	2707	Fibroblasts	Fibroblasts	True	BCM_23_0362	3	2704	Fibroblasts	False	True	True	False	False	
票面v2.1(oblig)	Q6::19	2707	Fibroblasts	Fibroblasts	True	LEI_22_49449	11	2696	Fibroblasts	False	True	True	False	False	
票面v2.1(oblig)	Q6::19	2707	Fibroblasts	Fibroblasts	True	chakravarti_Cornea2	9	2698	Fibroblasts	False	True	True	False	False	
票面v2.1(oblig)	Q6::19	2707	Fibroblasts	Fibroblasts	True	chakravarti_Cornea3	3	2704	Fibroblasts	False	True	True	False	False	
票面v2.1(oblig)	Q6::19	2707	Fibroblasts	Fibroblasts	True	dickman_Cornea02	6	2701	Fibroblasts	False	True	True	False	False	
票面v2.1(oblig)	Q6::19	2707	Fibroblasts	Fibroblasts	True	li_donor75	1	2706	Fibroblasts	False	True	True	False	False	
票面v2.1(oblig)	Q6::19	2707	Fibroblasts	Fibroblasts	True	shi_donor2	1	2706	Fibroblasts	False	True	True	False	False	
票面v2.1(oblig)	Q6::19	2707	Fibroblasts	Fibroblasts	True	shi_donor3	1	2706	Fibroblasts	False	True	True	False	False	
票面v2.1(oblig)	Q6::20	4542	Epithelium	Epithelium	True	246Z	12	4530	Epithelium	False	True	True	False	False	
票面v2.1(oblig)	Q6::20	4542	Epithelium	Epithelium	True	257T	47	4495	Epithelium	False	True	True	False	False	
票面v2.1(oblig)	Q6::20	4542	Epithelium	Epithelium	True	283P	43	4499	Epithelium	False	True	True	False	False	
票面v2.1(oblig)	Q6::20	4542	Epithelium	Epithelium	True	719I	16	4526	Epithelium	False	True	True	False	False	
票面v2.1(oblig)	Q6::20	4542	Epithelium	Epithelium	True	Atlanta_A230245	6	4536	Epithelium	False	True	True	False	False	
票面v2.1(oblig)	Q6::20	4542	Epithelium	Epithelium	True	BCM_21_0933	26	4516	Epithelium	False	True	True	False	False	
票面v2.1(oblig)	Q6::20	4542	Epithelium	Epithelium	True	BCM_21_0999	2	4540	Epithelium	False	True	True	False	False	
票面v2.1(oblig)	Q6::20	4542	Epithelium	Epithelium	True	BCM_21_3104	161	4381	Epithelium	False	True	True	False	False	
票面v2.1(oblig)	Q6::20	4542	Epithelium	Epithelium	True	BCM_22_0075	27	4515	Epithelium	False	True	True	False	False	
票面v2.1(oblig)	Q6::20	4542	Epithelium	Epithelium	True	BCM_22_0200	449	4093	Epithelium	False	True	True	False	False	
票面v2.1(oblig)	Q6::20	4542	Epithelium	Epithelium	True	BCM_22_0389	48	4494	Epithelium	False	True	True	False	False	
票面v2.1(oblig)	Q6::20	4542	Epithelium	Epithelium	True	BCM_22_0434	290	4252	Epithelium	False	True	True	False	False	
票面v2.1(oblig)	Q6::20	4542	Epithelium	Epithelium	True	BCM_22_0485	47	4495	Epithelium	False	True	True	False	False	
票面v2.1(oblig)	Q6::20	4542	Epithelium	Epithelium	True	BCM_22_0496	160	4382	Epithelium	False	True	True	False	False	
票面v2.1(oblig)	Q6::20	4542	Epithelium	Epithelium	True	BCM_22_0500	62	4480	Epithelium	False	True	True	False	False	
票面v2.1(oblig)	Q6::20	4542	Epithelium	Epithelium	True	BCM_22_0528	14	4528	Epithelium	False	True	True	False	False	
票面v2.1(oblig)	Q6::20	4542	Epithelium	Epithelium	True	BCM_22_0698	27	4515	Epithelium	False	True	True	False	False	
票面v2.1(oblig)	Q6::20	4542	Epithelium	Epithelium	True	BCM_22_0769	68	4474	Epithelium	False	True	True	False	False	
票面v2.1(oblig)	Q6::20	4542	Epithelium	Epithelium	True	BCM_22_0784	6	4536	Epithelium	False	True	True	False	False	
票面v2.1(oblig)	Q6::20	4542	Epithelium	Epithelium	True	BCM_22_0890	81	4461	Epithelium	False	True	True	False	False	
票面v2.1(oblig)	Q6::20	4542	Epithelium	Epithelium	True	BCM_22_0952	376	4166	Epithelium	False	True	True	False	False	
票面v2.1(oblig)	Q6::20	4542	Epithelium	Epithelium	True	BCM_23_0131	23	4519	Epithelium	False	True	True	False	False	
票面v2.1(oblig)	Q6::20	4542	Epithelium	Epithelium	True	BCM_23_0170	944	3598	Epithelium	False	True	True	False	False	
票面v2.1(oblig)	Q6::20	4542	Epithelium	Epithelium	True	BCM_23_0222	347	4195	Epithelium	False	True	True	False	False	
票面v2.1(oblig)	Q6::20	4542	Epithelium	Epithelium	True	BCM_23_0224	17	4525	Epithelium	False	True	True	False	False	
票面v2.1(oblig)	Q6::20	4542	Epithelium	Epithelium	True	BCM_23_0229	165	4377	Epithelium	False	True	True	False	False	
票面v2.1(oblig)	Q6::20	4542	Epithelium	Epithelium	True	BCM_23_0358	373	4169	Epithelium	False	True	True	False	False	
票面v2.1(oblig)	Q6::20	4542	Epithelium	Epithelium	True	BCM_23_0362	13	4529	Epithelium	False	True	True	False	False	
票面v2.1(oblig)	Q6::20	4542	Epithelium	Epithelium	True	LEI_22_49449	108	4434	Epithelium	False	True	True	False	False	
票面v2.1(oblig)	Q6::20	4542	Epithelium	Epithelium	True	chakravarti_Cornea1	20	4522	Epithelium	False	True	True	False	False	
票面v2.1(oblig)	Q6::20	4542	Epithelium	Epithelium	True	chakravarti_Cornea2	2	4540	Epithelium	False	True	True	False	False	
票面v2.1(oblig)	Q6::20	4542	Epithelium	Epithelium	True	chakravarti_Cornea3	81	4461	Epithelium	False	True	True	False	False	
票面v2.1(oblig)	Q6::20	4542	Epithelium	Epithelium	True	chen_donor1	25	4517	Epithelium	False	True	True	False	False	
票面v2.1(oblig)	Q6::20	4542	Epithelium	Epithelium	True	chen_donor2	2	4540	Epithelium	False	True	True	False	False	
票面v2.1(oblig)	Q6::20	4542	Epithelium	Epithelium	True	dickman_Cornea01	2	4540	Epithelium	False	True	True	False	False	
票面v2.1(oblig)	Q6::20	4542	Epithelium	Epithelium	True	dickman_Cornea02	76	4466	Epithelium	False	True	True	False	False	
票面v2.1(oblig)	Q6::20	4542	Epithelium	Epithelium	True	dickman_Cornea03	1	4541	Epithelium	False	True	True	False	False	
票面v2.1(oblig)	Q6::20	4542	Epithelium	Epithelium	True	dickman_Cornea04	74	4468	Epithelium	False	True	True	False	False	
票面v2.1(oblig)	Q6::20	4542	Epithelium	Epithelium	True	dickman_Cornea05	1	4541	Epithelium	False	True	True	False	False	
票面v2.1(oblig)	Q6::20	4542	Epithelium	Epithelium	True	li_donor73	44	4498	Epithelium	False	True	True	False	False	
票面v2.1(oblig)	Q6::20	4542	Epithelium	Epithelium	True	li_donor76	253	4289	Epithelium	False	True	True	False	False	
票面v2.1(oblig)	Q6::20	4542	Epithelium	Epithelium	True	pooled [dickman_Cornea07,dickman_Cornea08]	1	4541	Epithelium	False	True	True	False	False	
票面v2.1(oblig)	Q6::20	4542	Epithelium	Epithelium	True	shi_donor2	2	4540	Epithelium	False	True	True	False	False	
票面v2.1(oblig)	Q6::21	4897	Fibroblasts	Fibroblasts	True	246Z	17	4880	Fibroblasts	False	True	True	False	False	
票面v2.1(oblig)	Q6::21	4897	Fibroblasts	Fibroblasts	True	257T	24	4873	Fibroblasts	False	True	True	False	False	
票面v2.1(oblig)	Q6::21	4897	Fibroblasts	Fibroblasts	True	283P	60	4837	Fibroblasts	False	True	True	False	False	
票面v2.1(oblig)	Q6::21	4897	Fibroblasts	Fibroblasts	True	719I	12	4885	Fibroblasts	False	True	True	False	False	
票面v2.1(oblig)	Q6::21	4897	Fibroblasts	Fibroblasts	True	Atlanta_A230245	11	4886	Fibroblasts	False	True	True	False	False	
票面v2.1(oblig)	Q6::21	4897	Fibroblasts	Fibroblasts	True	BCM_21_0933	1	4896	Fibroblasts	False	True	True	False	False	
票面v2.1(oblig)	Q6::21	4897	Fibroblasts	Fibroblasts	True	BCM_21_3104	85	4812	Fibroblasts	False	True	True	False	False	
票面v2.1(oblig)	Q6::21	4897	Fibroblasts	Fibroblasts	True	BCM_22_0075	30	4867	Fibroblasts	False	True	True	False	False	
票面v2.1(oblig)	Q6::21	4897	Fibroblasts	Fibroblasts	True	BCM_22_0200	26	4871	Fibroblasts	False	True	True	False	False	
票面v2.1(oblig)	Q6::21	4897	Fibroblasts	Fibroblasts	True	BCM_22_0389	76	4821	Fibroblasts	False	True	True	False	False	
票面v2.1(oblig)	Q6::21	4897	Fibroblasts	Fibroblasts	True	BCM_22_0434	3230	1667	Fibroblasts	False	True	True	False	False	
票面v2.1(oblig)	Q6::21	4897	Fibroblasts	Fibroblasts	True	BCM_22_0458	19	4878	Fibroblasts	False	True	True	False	False	
票面v2.1(oblig)	Q6::21	4897	Fibroblasts	Fibroblasts	True	BCM_22_0485	10	4887	Fibroblasts	False	True	True	False	False	
票面v2.1(oblig)	Q6::21	4897	Fibroblasts	Fibroblasts	True	BCM_22_0496	135	4762	Fibroblasts	False	True	True	False	False	
票面v2.1(oblig)	Q6::21	4897	Fibroblasts	Fibroblasts	True	BCM_22_0500	38	4859	Fibroblasts	False	True	True	False	False	
票面v2.1(oblig)	Q6::21	4897	Fibroblasts	Fibroblasts	True	BCM_22_0528	20	4877	Fibroblasts	False	True	True	False	False	
票面v2.1(oblig)	Q6::21	4897	Fibroblasts	Fibroblasts	True	BCM_22_0769	73	4824	Fibroblasts	False	True	True	False	False	
票面v2.1(oblig)	Q6::21	4897	Fibroblasts	Fibroblasts	True	BCM_22_0784	86	4811	Fibroblasts	False	True	True	False	False	
票面v2.1(oblig)	Q6::21	4897	Fibroblasts	Fibroblasts	True	BCM_22_0890	50	4847	Fibroblasts	False	True	True	False	False	
票面v2.1(oblig)	Q6::21	4897	Fibroblasts	Fibroblasts	True	BCM_22_0952	607	4290	Fibroblasts	False	True	True	False	False	
票面v2.1(oblig)	Q6::21	4897	Fibroblasts	Fibroblasts	True	BCM_23_0170	5	4892	Fibroblasts	False	True	True	False	False	
票面v2.1(oblig)	Q6::21	4897	Fibroblasts	Fibroblasts	True	BCM_23_0222	10	4887	Fibroblasts	False	True	True	False	False	
票面v2.1(oblig)	Q6::21	4897	Fibroblasts	Fibroblasts	True	BCM_23_0224	1	4896	Fibroblasts	False	True	True	False	False	
票面v2.1(oblig)	Q6::21	4897	Fibroblasts	Fibroblasts	True	BCM_23_0229	19	4878	Fibroblasts	False	True	True	False	False	
票面v2.1(oblig)	Q6::21	4897	Fibroblasts	Fibroblasts	True	BCM_23_0358	163	4734	Fibroblasts	False	True	True	False	False	
票面v2.1(oblig)	Q6::21	4897	Fibroblasts	Fibroblasts	True	BCM_23_0362	3	4894	Fibroblasts	False	True	True	False	False	
票面v2.1(oblig)	Q6::21	4897	Fibroblasts	Fibroblasts	True	LEI_22_49449	47	4850	Fibroblasts	False	True	True	False	False	
票面v2.1(oblig)	Q6::21	4897	Fibroblasts	Fibroblasts	True	chakravarti_Cornea1	8	4889	Fibroblasts	False	True	True	False	False	
票面v2.1(oblig)	Q6::21	4897	Fibroblasts	Fibroblasts	True	chakravarti_Cornea2	22	4875	Fibroblasts	False	True	True	False	False	
票面v2.1(oblig)	Q6::21	4897	Fibroblasts	Fibroblasts	True	chakravarti_Cornea3	4	4893	Fibroblasts	False	True	True	False	False	
票面v2.1(oblig)	Q6::21	4897	Fibroblasts	Fibroblasts	True	dickman_Cornea02	4	4893	Fibroblasts	False	True	True	False	False	
票面v2.1(oblig)	Q6::21	4897	Fibroblasts	Fibroblasts	True	dickman_Cornea04	1	4896	Fibroblasts	False	True	True	False	False	
票面v2.1(oblig)	Q6::22	1521	Fibroblasts	Fibroblasts	True	246Z	1	1520	Fibroblasts	False	True	True	False	False	
票面v2.1(oblig)	Q6::22	1521	Fibroblasts	Fibroblasts	True	257T	1	1520	Fibroblasts	False	True	True	False	False	
票面v2.1(oblig)	Q6::22	1521	Fibroblasts	Fibroblasts	True	BCM_21_3104	13	1508	Fibroblasts	False	True	True	False	False	
票面v2.1(oblig)	Q6::22	1521	Fibroblasts	Fibroblasts	True	BCM_22_0200	1	1520	Fibroblasts	False	True	True	False	False	
票面v2.1(oblig)	Q6::22	1521	Fibroblasts	Fibroblasts	True	BCM_22_0389	1	1520	Fibroblasts	False	True	True	False	False	
票面v2.1(oblig)	Q6::22	1521	Fibroblasts	Fibroblasts	True	BCM_22_0434	14	1507	Fibroblasts	False	True	True	False	False	
票面v2.1(oblig)	Q6::22	1521	Fibroblasts	Fibroblasts	True	BCM_22_0458	1	1520	Fibroblasts	False	True	True	False	False	
票面v2.1(oblig)	Q6::22	1521	Fibroblasts	Fibroblasts	True	BCM_22_0485	1181	340	Fibroblasts	False	True	True	False	False	
票面v2.1(oblig)	Q6::22	1521	Fibroblasts	Fibroblasts	True	BCM_22_0496	233	1288	Fibroblasts	False	True	True	False	False	
票面v2.1(oblig)	Q6::22	1521	Fibroblasts	Fibroblasts	True	BCM_22_0500	1	1520	Fibroblasts	False	True	True	False	False	
票面v2.1(oblig)	Q6::22	1521	Fibroblasts	Fibroblasts	True	BCM_22_0698	1	1520	Fibroblasts	False	True	True	False	False	
票面v2.1(oblig)	Q6::22	1521	Fibroblasts	Fibroblasts	True	BCM_22_0769	40	1481	Fibroblasts	False	True	True	False	False	
票面v2.1(oblig)	Q6::22	1521	Fibroblasts	Fibroblasts	True	BCM_22_0890	2	1519	Fibroblasts	False	True	True	False	False	
票面v2.1(oblig)	Q6::22	1521	Fibroblasts	Fibroblasts	True	BCM_22_0952	3	1518	Fibroblasts	False	True	True	False	False	
票面v2.1(oblig)	Q6::22	1521	Fibroblasts	Fibroblasts	True	BCM_23_0229	1	1520	Fibroblasts	False	True	True	False	False	
票面v2.1(oblig)	Q6::22	1521	Fibroblasts	Fibroblasts	True	BCM_23_0362	1	1520	Fibroblasts	False	True	True	False	False	
票面v2.1(oblig)	Q6::22	1521	Fibroblasts	Fibroblasts	True	LEI_22_49449	2	1519	Fibroblasts	False	True	True	False	False	
票面v2.1(oblig)	Q6::22	1521	Fibroblasts	Fibroblasts	True	chakravarti_Cornea2	2	1519	Fibroblasts	False	True	True	False	False	
票面v2.1(oblig)	Q6::22	1521	Fibroblasts	Fibroblasts	True	dickman_Cornea02	20	1501	Fibroblasts	False	True	True	False	False	
票面v2.1(oblig)	Q6::22	1521	Fibroblasts	Fibroblasts	True	shi_donor1	1	1520	Fibroblasts	False	True	True	False	False	
票面v2.1(oblig)	Q6::22	1521	Fibroblasts	Fibroblasts	True	shi_donor2	1	1520	Fibroblasts	False	True	True	False	False	
票面v2.1(oblig)	Q6::23	6899	Epithelium	Epithelium	True	246Z	19	6880	Epithelium	False	True	True	False	False	
票面v2.1(oblig)	Q6::23	6899	Epithelium	Epithelium	True	257T	38	6861	Epithelium	False	True	True	False	False	
票面v2.1(oblig)	Q6::23	6899	Epithelium	Epithelium	True	283P	95	6804	Epithelium	False	True	True	False	False	
票面v2.1(oblig)	Q6::23	6899	Epithelium	Epithelium	True	719I	41	6858	Epithelium	False	True	True	False	False	
票面v2.1(oblig)	Q6::23	6899	Epithelium	Epithelium	True	Atlanta_A230245	3	6896	Epithelium	False	True	True	False	False	
票面v2.1(oblig)	Q6::23	6899	Epithelium	Epithelium	True	BCM_21_0933	39	6860	Epithelium	False	True	True	False	False	
票面v2.1(oblig)	Q6::23	6899	Epithelium	Epithelium	True	BCM_21_3104	399	6500	Epithelium	False	True	True	False	False	
票面v2.1(oblig)	Q6::23	6899	Epithelium	Epithelium	True	BCM_22_0075	66	6833	Epithelium	False	True	True	False	False	
票面v2.1(oblig)	Q6::23	6899	Epithelium	Epithelium	True	BCM_22_0200	651	6248	Epithelium	False	True	True	False	False	
票面v2.1(oblig)	Q6::23	6899	Epithelium	Epithelium	True	BCM_22_0389	375	6524	Epithelium	False	True	True	False	False	
票面v2.1(oblig)	Q6::23	6899	Epithelium	Epithelium	True	BCM_22_0434	54	6845	Epithelium	False	True	True	False	False	
票面v2.1(oblig)	Q6::23	6899	Epithelium	Epithelium	True	BCM_22_0485	38	6861	Epithelium	False	True	True	False	False	
票面v2.1(oblig)	Q6::23	6899	Epithelium	Epithelium	True	BCM_22_0496	595	6304	Epithelium	False	True	True	False	False	
票面v2.1(oblig)	Q6::23	6899	Epithelium	Epithelium	True	BCM_22_0500	132	6767	Epithelium	False	True	True	False	False	
票面v2.1(oblig)	Q6::23	6899	Epithelium	Epithelium	True	BCM_22_0528	35	6864	Epithelium	False	True	True	False	False	
票面v2.1(oblig)	Q6::23	6899	Epithelium	Epithelium	True	BCM_22_0698	44	6855	Epithelium	False	True	True	False	False	
票面v2.1(oblig)	Q6::23	6899	Epithelium	Epithelium	True	BCM_22_0769	65	6834	Epithelium	False	True	True	False	False	
票面v2.1(oblig)	Q6::23	6899	Epithelium	Epithelium	True	BCM_22_0784	15	6884	Epithelium	False	True	True	False	False	
票面v2.1(oblig)	Q6::23	6899	Epithelium	Epithelium	True	BCM_22_0890	60	6839	Epithelium	False	True	True	False	False	
票面v2.1(oblig)	Q6::23	6899	Epithelium	Epithelium	True	BCM_22_0952	487	6412	Epithelium	False	True	True	False	False	
票面v2.1(oblig)	Q6::23	6899	Epithelium	Epithelium	True	BCM_23_0131	210	6689	Epithelium	False	True	True	False	False	
票面v2.1(oblig)	Q6::23	6899	Epithelium	Epithelium	True	BCM_23_0170	1405	5494	Epithelium	False	True	True	False	False	
票面v2.1(oblig)	Q6::23	6899	Epithelium	Epithelium	True	BCM_23_0222	307	6592	Epithelium	False	True	True	False	False	
票面v2.1(oblig)	Q6::23	6899	Epithelium	Epithelium	True	BCM_23_0224	18	6881	Epithelium	False	True	True	False	False	
票面v2.1(oblig)	Q6::23	6899	Epithelium	Epithelium	True	BCM_23_0229	49	6850	Epithelium	False	True	True	False	False	
票面v2.1(oblig)	Q6::23	6899	Epithelium	Epithelium	True	BCM_23_0358	387	6512	Epithelium	False	True	True	False	False	
票面v2.1(oblig)	Q6::23	6899	Epithelium	Epithelium	True	BCM_23_0362	2	6897	Epithelium	False	True	True	False	False	
票面v2.1(oblig)	Q6::23	6899	Epithelium	Epithelium	True	LEI_22_49449	182	6717	Epithelium	False	True	True	False	False	
票面v2.1(oblig)	Q6::23	6899	Epithelium	Epithelium	True	chakravarti_Cornea1	27	6872	Epithelium	False	True	True	False	False	
票面v2.1(oblig)	Q6::23	6899	Epithelium	Epithelium	True	chakravarti_Cornea2	1	6898	Epithelium	False	True	True	False	False	
票面v2.1(oblig)	Q6::23	6899	Epithelium	Epithelium	True	chakravarti_Cornea3	25	6874	Epithelium	False	True	True	False	False	
票面v2.1(oblig)	Q6::23	6899	Epithelium	Epithelium	True	chen_donor1	205	6694	Epithelium	False	True	True	False	False	
票面v2.1(oblig)	Q6::23	6899	Epithelium	Epithelium	True	chen_donor2	351	6548	Epithelium	False	True	True	False	False	
票面v2.1(oblig)	Q6::23	6899	Epithelium	Epithelium	True	dickman_Cornea01	31	6868	Epithelium	False	True	True	False	False	
票面v2.1(oblig)	Q6::23	6899	Epithelium	Epithelium	True	dickman_Cornea02	6	6893	Epithelium	False	True	True	False	False	
票面v2.1(oblig)	Q6::23	6899	Epithelium	Epithelium	True	dickman_Cornea03	8	6891	Epithelium	False	True	True	False	False	
票面v2.1(oblig)	Q6::23	6899	Epithelium	Epithelium	True	dickman_Cornea04	148	6751	Epithelium	False	True	True	False	False	
票面v2.1(oblig)	Q6::23	6899	Epithelium	Epithelium	True	dickman_Cornea05	2	6897	Epithelium	False	True	True	False	False	
票面v2.1(oblig)	Q6::23	6899	Epithelium	Epithelium	True	dickman_Cornea06	52	6847	Epithelium	False	True	True	False	False	
票面v2.1(oblig)	Q6::23	6899	Epithelium	Epithelium	True	li_donor73	40	6859	Epithelium	False	True	True	False	False	
票面v2.1(oblig)	Q6::23	6899	Epithelium	Epithelium	True	li_donor76	182	6717	Epithelium	False	True	True	False	False	
票面v2.1(oblig)	Q6::23	6899	Epithelium	Epithelium	True	pooled [dickman_Cornea07,dickman_Cornea08]	7	6892	Epithelium	False	True	True	False	False	
票面v2.1(oblig)	Q6::23	6899	Epithelium	Epithelium	True	shi_donor1	2	6897	Epithelium	False	True	True	False	False	
票面v2.1(oblig)	Q6::23	6899	Epithelium	Epithelium	True	shi_donor2	1	6898	Epithelium	False	True	True	False	False	
票面v2.1(oblig)	Q6::25	1285	Melanocytes	Melanocytes	True	246Z	38	1247	Melanocytes	False	True	True	False	False	
票面v2.1(oblig)	Q6::25	1285	Melanocytes	Melanocytes	True	257T	13	1272	Melanocytes	False	True	True	False	False	
票面v2.1(oblig)	Q6::25	1285	Melanocytes	Melanocytes	True	283P	14	1271	Melanocytes	False	True	True	False	False	
票面v2.1(oblig)	Q6::25	1285	Melanocytes	Melanocytes	True	Atlanta_A230245	81	1204	Melanocytes	False	True	True	False	False	
票面v2.1(oblig)	Q6::25	1285	Melanocytes	Melanocytes	True	BCM_21_0933	78	1207	Melanocytes	False	True	True	False	False	
票面v2.1(oblig)	Q6::25	1285	Melanocytes	Melanocytes	True	BCM_21_0999	29	1256	Melanocytes	False	True	True	False	False	
票面v2.1(oblig)	Q6::25	1285	Melanocytes	Melanocytes	True	BCM_22_0075	17	1268	Melanocytes	False	True	True	False	False	
票面v2.1(oblig)	Q6::25	1285	Melanocytes	Melanocytes	True	BCM_22_0389	4	1281	Melanocytes	False	True	True	False	False	
票面v2.1(oblig)	Q6::25	1285	Melanocytes	Melanocytes	True	BCM_22_0434	5	1280	Melanocytes	False	True	True	False	False	
票面v2.1(oblig)	Q6::25	1285	Melanocytes	Melanocytes	True	BCM_22_0458	9	1276	Melanocytes	False	True	True	False	False	
票面v2.1(oblig)	Q6::25	1285	Melanocytes	Melanocytes	True	BCM_22_0485	4	1281	Melanocytes	False	True	True	False	False	
票面v2.1(oblig)	Q6::25	1285	Melanocytes	Melanocytes	True	BCM_22_0496	1	1284	Melanocytes	False	True	True	False	False	
票面v2.1(oblig)	Q6::25	1285	Melanocytes	Melanocytes	True	BCM_22_0500	77	1208	Melanocytes	False	True	True	False	False	
票面v2.1(oblig)	Q6::25	1285	Melanocytes	Melanocytes	True	BCM_22_0528	8	1277	Melanocytes	False	True	True	False	False	
票面v2.1(oblig)	Q6::25	1285	Melanocytes	Melanocytes	True	BCM_22_0698	13	1272	Melanocytes	False	True	True	False	False	
票面v2.1(oblig)	Q6::25	1285	Melanocytes	Melanocytes	True	BCM_22_0769	26	1259	Melanocytes	False	True	True	False	False	
票面v2.1(oblig)	Q6::25	1285	Melanocytes	Melanocytes	True	BCM_22_0784	175	1110	Melanocytes	False	True	True	False	False	
票面v2.1(oblig)	Q6::25	1285	Melanocytes	Melanocytes	True	BCM_22_0890	63	1222	Melanocytes	False	True	True	False	False	
票面v2.1(oblig)	Q6::25	1285	Melanocytes	Melanocytes	True	BCM_23_0170	33	1252	Melanocytes	False	True	True	False	False	
票面v2.1(oblig)	Q6::25	1285	Melanocytes	Melanocytes	True	BCM_23_0222	25	1260	Melanocytes	False	True	True	False	False	
票面v2.1(oblig)	Q6::25	1285	Melanocytes	Melanocytes	True	BCM_23_0224	14	1271	Melanocytes	False	True	True	False	False	
票面v2.1(oblig)	Q6::25	1285	Melanocytes	Melanocytes	True	BCM_23_0229	60	1225	Melanocytes	False	True	True	False	False	
票面v2.1(oblig)	Q6::25	1285	Melanocytes	Melanocytes	True	BCM_23_0358	28	1257	Melanocytes	False	True	True	False	False	
票面v2.1(oblig)	Q6::25	1285	Melanocytes	Melanocytes	True	BCM_23_0362	128	1157	Melanocytes	False	True	True	False	False	
票面v2.1(oblig)	Q6::25	1285	Melanocytes	Melanocytes	True	LEI_22_49449	40	1245	Melanocytes	False	True	True	False	False	
票面v2.1(oblig)	Q6::25	1285	Melanocytes	Melanocytes	True	chakravarti_Cornea2	1	1284	Melanocytes	False	True	True	False	False	
票面v2.1(oblig)	Q6::25	1285	Melanocytes	Melanocytes	True	chakravarti_Cornea3	36	1249	Melanocytes	False	True	True	False	False	
票面v2.1(oblig)	Q6::25	1285	Melanocytes	Melanocytes	True	chen_donor1	24	1261	Melanocytes	False	True	True	False	False	
票面v2.1(oblig)	Q6::25	1285	Melanocytes	Melanocytes	True	chen_donor2	18	1267	Melanocytes	False	True	True	False	False	
票面v2.1(oblig)	Q6::25	1285	Melanocytes	Melanocytes	True	dickman_Cornea02	2	1283	Melanocytes	False	True	True	False	False	
票面v2.1(oblig)	Q6::25	1285	Melanocytes	Melanocytes	True	dickman_Cornea06	3	1282	Melanocytes	False	True	True	False	False	
票面v2.1(oblig)	Q6::25	1285	Melanocytes	Melanocytes	True	li_donor73	17	1268	Melanocytes	False	True	True	False	False	
票面v2.1(oblig)	Q6::25	1285	Melanocytes	Melanocytes	True	li_donor75	61	1224	Melanocytes	False	True	True	False	False	
票面v2.1(oblig)	Q6::25	1285	Melanocytes	Melanocytes	True	li_donor76	6	1279	Melanocytes	False	True	True	False	False	
票面v2.1(oblig)	Q6::25	1285	Melanocytes	Melanocytes	True	pooled [dickman_Cornea07,dickman_Cornea08]	7	1278	Melanocytes	False	True	True	False	False	
票面v2.1(oblig)	Q6::25	1285	Melanocytes	Melanocytes	True	shi_donor1	15	1270	Melanocytes	False	True	True	False	False	
票面v2.1(oblig)	Q6::25	1285	Melanocytes	Melanocytes	True	shi_donor2	38	1247	Melanocytes	False	True	True	False	False	
票面v2.1(oblig)	Q6::25	1285	Melanocytes	Melanocytes	True	shi_donor3	53	1232	Melanocytes	False	True	True	False	False	
票面v2.1(oblig)	Q6::25	1285	Melanocytes	Melanocytes	True	shi_donor4	21	1264	Melanocytes	False	True	True	False	False	
票面v2.1(oblig)	Q6::26	885	Immune Cells	Immune Cells	True	246Z	24	861	Immune Cells	False	True	True	False	False	
票面v2.1(oblig)	Q6::26	885	Immune Cells	Immune Cells	True	257T	16	869	Immune Cells	False	True	True	False	False	
票面v2.1(oblig)	Q6::26	885	Immune Cells	Immune Cells	True	283P	6	879	Immune Cells	False	True	True	False	False	
票面v2.1(oblig)	Q6::26	885	Immune Cells	Immune Cells	True	719I	6	879	Immune Cells	False	True	True	False	False	
票面v2.1(oblig)	Q6::26	885	Immune Cells	Immune Cells	True	Atlanta_A230245	6	879	Immune Cells	False	True	True	False	False	
票面v2.1(oblig)	Q6::26	885	Immune Cells	Immune Cells	True	BCM_21_0933	23	862	Immune Cells	False	True	True	False	False	
票面v2.1(oblig)	Q6::26	885	Immune Cells	Immune Cells	True	BCM_21_0999	24	861	Immune Cells	False	True	True	False	False	
票面v2.1(oblig)	Q6::26	885	Immune Cells	Immune Cells	True	BCM_21_3104	35	850	Immune Cells	False	True	True	False	False	
票面v2.1(oblig)	Q6::26	885	Immune Cells	Immune Cells	True	BCM_22_0075	3	882	Immune Cells	False	True	True	False	False	
票面v2.1(oblig)	Q6::26	885	Immune Cells	Immune Cells	True	BCM_22_0200	4	881	Immune Cells	False	True	True	False	False	
票面v2.1(oblig)	Q6::26	885	Immune Cells	Immune Cells	True	BCM_22_0389	16	869	Immune Cells	False	True	True	False	False	
票面v2.1(oblig)	Q6::26	885	Immune Cells	Immune Cells	True	BCM_22_0434	127	758	Immune Cells	False	True	True	False	False	
票面v2.1(oblig)	Q6::26	885	Immune Cells	Immune Cells	True	BCM_22_0458	2	883	Immune Cells	False	True	True	False	False	
票面v2.1(oblig)	Q6::26	885	Immune Cells	Immune Cells	True	BCM_22_0485	19	866	Immune Cells	False	True	True	False	False	
票面v2.1(oblig)	Q6::26	885	Immune Cells	Immune Cells	True	BCM_22_0496	14	871	Immune Cells	False	True	True	False	False	
票面v2.1(oblig)	Q6::26	885	Immune Cells	Immune Cells	True	BCM_22_0528	14	871	Immune Cells	False	True	True	False	False	
票面v2.1(oblig)	Q6::26	885	Immune Cells	Immune Cells	True	BCM_22_0698	39	846	Immune Cells	False	True	True	False	False	
票面v2.1(oblig)	Q6::26	885	Immune Cells	Immune Cells	True	BCM_22_0769	14	871	Immune Cells	False	True	True	False	False	
票面v2.1(oblig)	Q6::26	885	Immune Cells	Immune Cells	True	BCM_22_0784	72	813	Immune Cells	False	True	True	False	False	
票面v2.1(oblig)	Q6::26	885	Immune Cells	Immune Cells	True	BCM_22_0890	15	870	Immune Cells	False	True	True	False	False	
票面v2.1(oblig)	Q6::26	885	Immune Cells	Immune Cells	True	BCM_22_0952	44	841	Immune Cells	False	True	True	False	False	
票面v2.1(oblig)	Q6::26	885	Immune Cells	Immune Cells	True	BCM_23_0131	1	884	Immune Cells	False	True	True	False	False	
票面v2.1(oblig)	Q6::26	885	Immune Cells	Immune Cells	True	BCM_23_0170	14	871	Immune Cells	False	True	True	False	False	
票面v2.1(oblig)	Q6::26	885	Immune Cells	Immune Cells	True	BCM_23_0222	4	881	Immune Cells	False	True	True	False	False	
票面v2.1(oblig)	Q6::26	885	Immune Cells	Immune Cells	True	BCM_23_0229	1	884	Immune Cells	False	True	True	False	False	
票面v2.1(oblig)	Q6::26	885	Immune Cells	Immune Cells	True	BCM_23_0358	17	868	Immune Cells	False	True	True	False	False	
票面v2.1(oblig)	Q6::26	885	Immune Cells	Immune Cells	True	BCM_23_0362	110	775	Immune Cells	False	True	True	False	False	
票面v2.1(oblig)	Q6::26	885	Immune Cells	Immune Cells	True	LEI_22_49449	29	856	Immune Cells	False	True	True	False	False	
票面v2.1(oblig)	Q6::26	885	Immune Cells	Immune Cells	True	chakravarti_Cornea1	14	871	Immune Cells	False	True	True	False	False	
票面v2.1(oblig)	Q6::26	885	Immune Cells	Immune Cells	True	chakravarti_Cornea2	16	869	Immune Cells	False	True	True	False	False	
票面v2.1(oblig)	Q6::26	885	Immune Cells	Immune Cells	True	chakravarti_Cornea3	16	869	Immune Cells	False	True	True	False	False	
票面v2.1(oblig)	Q6::26	885	Immune Cells	Immune Cells	True	chen_donor1	1	884	Immune Cells	False	True	True	False	False	
票面v2.1(oblig)	Q6::26	885	Immune Cells	Immune Cells	True	dickman_Cornea01	2	883	Immune Cells	False	True	True	False	False	
票面v2.1(oblig)	Q6::26	885	Immune Cells	Immune Cells	True	dickman_Cornea02	2	883	Immune Cells	False	True	True	False	False	
票面v2.1(oblig)	Q6::26	885	Immune Cells	Immune Cells	True	dickman_Cornea05	1	884	Immune Cells	False	True	True	False	False	
票面v2.1(oblig)	Q6::26	885	Immune Cells	Immune Cells	True	dickman_Cornea06	1	884	Immune Cells	False	True	True	False	False	
票面v2.1(oblig)	Q6::26	885	Immune Cells	Immune Cells	True	li_donor73	7	878	Immune Cells	False	True	True	False	False	
票面v2.1(oblig)	Q6::26	885	Immune Cells	Immune Cells	True	li_donor75	20	865	Immune Cells	False	True	True	False	False	
票面v2.1(oblig)	Q6::26	885	Immune Cells	Immune Cells	True	li_donor76	2	883	Immune Cells	False	True	True	False	False	
票面v2.1(oblig)	Q6::26	885	Immune Cells	Immune Cells	True	shi_donor1	19	866	Immune Cells	False	True	True	False	False	
票面v2.1(oblig)	Q6::26	885	Immune Cells	Immune Cells	True	shi_donor2	22	863	Immune Cells	False	True	True	False	False	
票面v2.1(oblig)	Q6::26	885	Immune Cells	Immune Cells	True	shi_donor3	40	845	Immune Cells	False	True	True	False	False	
票面v2.1(oblig)	Q6::26	885	Immune Cells	Immune Cells	True	shi_donor4	23	862	Immune Cells	False	True	True	False	False	
票面v2.1(oblig)	Q6::29	785	Epithelium	Epithelium	True	283P	1	784	Epithelium	False	True	True	False	False	
票面v2.1(oblig)	Q6::29	785	Epithelium	Epithelium	True	BCM_21_3104	4	781	Epithelium	False	True	True	False	False	
票面v2.1(oblig)	Q6::29	785	Epithelium	Epithelium	True	BCM_22_0075	2	783	Epithelium	False	True	True	False	False	
票面v2.1(oblig)	Q6::29	785	Epithelium	Epithelium	True	BCM_22_0200	3	782	Epithelium	False	True	True	False	False	
票面v2.1(oblig)	Q6::29	785	Epithelium	Epithelium	True	BCM_22_0389	2	783	Epithelium	False	True	True	False	False	
票面v2.1(oblig)	Q6::29	785	Epithelium	Epithelium	True	BCM_22_0434	2	783	Epithelium	False	True	True	False	False	
票面v2.1(oblig)	Q6::29	785	Epithelium	Epithelium	True	BCM_22_0458	1	784	Epithelium	False	True	True	False	False	
票面v2.1(oblig)	Q6::29	785	Epithelium	Epithelium	True	BCM_22_0496	23	762	Epithelium	False	True	True	False	False	
票面v2.1(oblig)	Q6::29	785	Epithelium	Epithelium	True	BCM_22_0500	16	769	Epithelium	False	True	True	False	False	
票面v2.1(oblig)	Q6::29	785	Epithelium	Epithelium	True	BCM_22_0528	2	783	Epithelium	False	True	True	False	False	
票面v2.1(oblig)	Q6::29	785	Epithelium	Epithelium	True	BCM_22_0698	679	106	Epithelium	False	True	True	False	False	
票面v2.1(oblig)	Q6::29	785	Epithelium	Epithelium	True	BCM_22_0769	8	777	Epithelium	False	True	True	False	False	
票面v2.1(oblig)	Q6::29	785	Epithelium	Epithelium	True	BCM_23_0358	1	784	Epithelium	False	True	True	False	False	
票面v2.1(oblig)	Q6::29	785	Epithelium	Epithelium	True	LEI_22_49449	29	756	Epithelium	False	True	True	False	False	
票面v2.1(oblig)	Q6::29	785	Epithelium	Epithelium	True	chakravarti_Cornea3	1	784	Epithelium	False	True	True	False	False	
票面v2.1(oblig)	Q6::29	785	Epithelium	Epithelium	True	chen_donor1	2	783	Epithelium	False	True	True	False	False	
票面v2.1(oblig)	Q6::29	785	Epithelium	Epithelium	True	chen_donor2	1	784	Epithelium	False	True	True	False	False	
票面v2.1(oblig)	Q6::29	785	Epithelium	Epithelium	True	dickman_Cornea02	2	783	Epithelium	False	True	True	False	False	
票面v2.1(oblig)	Q6::29	785	Epithelium	Epithelium	True	dickman_Cornea05	1	784	Epithelium	False	True	True	False	False	
票面v2.1(oblig)	Q6::29	785	Epithelium	Epithelium	True	li_donor76	2	783	Epithelium	False	True	True	False	False	
票面v2.1(oblig)	Q6::29	785	Epithelium	Epithelium	True	shi_donor2	3	782	Epithelium	False	True	True	False	False	
票面v2.1(oblig)	Q6::30	126	Epithelium	Epithelium	True	BCM_22_0500	1	125	Epithelium	False	True	True	False	False	
票面v2.1(oblig)	Q6::30	126	Epithelium	Epithelium	True	BCM_22_0784	1	125	Epithelium	False	True	True	False	False	
票面v2.1(oblig)	Q6::30	126	Epithelium	Epithelium	True	BCM_22_0890	5	121	Epithelium	False	True	True	False	False	
票面v2.1(oblig)	Q6::30	126	Epithelium	Epithelium	True	LEI_22_49449	1	125	Epithelium	False	True	True	False	False	
票面v2.1(oblig)	Q6::30	126	Epithelium	Epithelium	True	li_donor72	117	9		False	False	False	True	True	shrink_out
票面v2.1(oblig)	Q6::30	126	Epithelium	Epithelium	True	shi_donor3	1	125	Epithelium	False	True	True	False	False	
票面v2.1(oblig)	Q6::31	1203	Fibroblasts	Fibroblasts	True	BCM_22_0389	1	1202	Fibroblasts	False	True	True	False	False	
票面v2.1(oblig)	Q6::31	1203	Fibroblasts	Fibroblasts	True	BCM_22_0434	4	1199	Fibroblasts	False	True	True	False	False	
票面v2.1(oblig)	Q6::31	1203	Fibroblasts	Fibroblasts	True	BCM_22_0458	4	1199	Fibroblasts	False	True	True	False	False	
票面v2.1(oblig)	Q6::31	1203	Fibroblasts	Fibroblasts	True	BCM_22_0500	4	1199	Fibroblasts	False	True	True	False	False	
票面v2.1(oblig)	Q6::31	1203	Fibroblasts	Fibroblasts	True	BCM_22_0769	1167	36	Fibroblasts	False	True	True	False	False	
票面v2.1(oblig)	Q6::31	1203	Fibroblasts	Fibroblasts	True	BCM_22_0784	6	1197	Fibroblasts	False	True	True	False	False	
票面v2.1(oblig)	Q6::31	1203	Fibroblasts	Fibroblasts	True	BCM_22_0952	16	1187	Fibroblasts	False	True	True	False	False	
票面v2.1(oblig)	Q6::31	1203	Fibroblasts	Fibroblasts	True	BCM_23_0229	1	1202	Fibroblasts	False	True	True	False	False	
票面v2.1(oblig)	Q6::32	471	Smooth Muscle Cells	Smooth Muscle Cells	True	246Z	2	469	Smooth Muscle Cells	False	True	True	False	False	
票面v2.1(oblig)	Q6::32	471	Smooth Muscle Cells	Smooth Muscle Cells	True	257T	1	470	Smooth Muscle Cells	False	True	True	False	False	
票面v2.1(oblig)	Q6::32	471	Smooth Muscle Cells	Smooth Muscle Cells	True	BCM_22_0434	29	442	Smooth Muscle Cells	False	True	True	False	False	
票面v2.1(oblig)	Q6::32	471	Smooth Muscle Cells	Smooth Muscle Cells	True	BCM_22_0698	127	344	Smooth Muscle Cells	False	True	True	False	False	
票面v2.1(oblig)	Q6::32	471	Smooth Muscle Cells	Smooth Muscle Cells	True	BCM_23_0362	309	162	Smooth Muscle Cells	False	True	True	False	False	
票面v2.1(oblig)	Q6::32	471	Smooth Muscle Cells	Smooth Muscle Cells	True	chakravarti_Cornea3	3	468	Smooth Muscle Cells	False	True	True	False	False	
票面v2.1(oblig)	Q6::33	1339	Fibroblasts	Fibroblasts	True	257T	1	1338	Fibroblasts	False	True	True	False	False	
票面v2.1(oblig)	Q6::33	1339	Fibroblasts	Fibroblasts	True	BCM_22_0485	4	1335	Fibroblasts	False	True	True	False	False	
票面v2.1(oblig)	Q6::33	1339	Fibroblasts	Fibroblasts	True	BCM_22_0496	3	1336	Fibroblasts	False	True	True	False	False	
票面v2.1(oblig)	Q6::33	1339	Fibroblasts	Fibroblasts	True	BCM_22_0698	1331	8		False	False	False	True	True	shrink_out
评估卷(RUN5)	Q6::0	2806	Epithelium	Epithelium	True	Atlanta_A230245	48	2758	Epithelium	False	True	True	False	False	
评估卷(RUN5)	Q6::0	2806	Epithelium	Epithelium	True	BCM_21_3104	44	2762	Epithelium	False	True	True	False	False	
评估卷(RUN5)	Q6::0	2806	Epithelium	Epithelium	True	BCM_22_0075	438	2368	Epithelium	False	True	True	False	False	
评估卷(RUN5)	Q6::0	2806	Epithelium	Epithelium	True	BCM_22_0200	2	2804	Epithelium	False	True	True	False	False	
评估卷(RUN5)	Q6::0	2806	Epithelium	Epithelium	True	BCM_22_0389	1	2805	Epithelium	False	True	True	False	False	
评估卷(RUN5)	Q6::0	2806	Epithelium	Epithelium	True	BCM_22_0434	1	2805	Epithelium	False	True	True	False	False	
评估卷(RUN5)	Q6::0	2806	Epithelium	Epithelium	True	BCM_22_0500	4	2802	Epithelium	False	True	True	False	False	
评估卷(RUN5)	Q6::0	2806	Epithelium	Epithelium	True	BCM_22_0769	4	2802	Epithelium	False	True	True	False	False	
评估卷(RUN5)	Q6::0	2806	Epithelium	Epithelium	True	BCM_22_0784	207	2599	Epithelium	False	True	True	False	False	
评估卷(RUN5)	Q6::0	2806	Epithelium	Epithelium	True	BCM_22_0890	2	2804	Epithelium	False	True	True	False	False	
评估卷(RUN5)	Q6::0	2806	Epithelium	Epithelium	True	BCM_23_0222	1	2805	Epithelium	False	True	True	False	False	
评估卷(RUN5)	Q6::0	2806	Epithelium	Epithelium	True	BCM_23_0229	56	2750	Epithelium	False	True	True	False	False	
评估卷(RUN5)	Q6::0	2806	Epithelium	Epithelium	True	BCM_23_0358	3	2803	Epithelium	False	True	True	False	False	
评估卷(RUN5)	Q6::0	2806	Epithelium	Epithelium	True	BCM_23_0362	122	2684	Epithelium	False	True	True	False	False	
评估卷(RUN5)	Q6::0	2806	Epithelium	Epithelium	True	dickman_Cornea05	1	2805	Epithelium	False	True	True	False	False	
评估卷(RUN5)	Q6::0	2806	Epithelium	Epithelium	True	dickman_Cornea06	3	2803	Epithelium	False	True	True	False	False	
评估卷(RUN5)	Q6::0	2806	Epithelium	Epithelium	True	pooled [dickman_Cornea07,dickman_Cornea08]	1	2805	Epithelium	False	True	True	False	False	
评估卷(RUN5)	Q6::0	2806	Epithelium	Epithelium	True	shi_donor1	244	2562	Epithelium	False	True	True	False	False	
评估卷(RUN5)	Q6::0	2806	Epithelium	Epithelium	True	shi_donor2	459	2347	Epithelium	False	True	True	False	False	
评估卷(RUN5)	Q6::0	2806	Epithelium	Epithelium	True	shi_donor3	820	1986	Epithelium	False	True	True	False	False	
评估卷(RUN5)	Q6::0	2806	Epithelium	Epithelium	True	shi_donor4	345	2461	Epithelium	False	True	True	False	False	
评估卷(RUN5)	Q6::1	4421	Epithelium	Epithelium	True	257T	7	4414	Epithelium	False	True	True	False	False	
评估卷(RUN5)	Q6::1	4421	Epithelium	Epithelium	True	283P	7	4414	Epithelium	False	True	True	False	False	
评估卷(RUN5)	Q6::1	4421	Epithelium	Epithelium	True	719I	5	4416	Epithelium	False	True	True	False	False	
评估卷(RUN5)	Q6::1	4421	Epithelium	Epithelium	True	Atlanta_A230245	3	4418	Epithelium	False	True	True	False	False	
评估卷(RUN5)	Q6::1	4421	Epithelium	Epithelium	True	BCM_21_0933	2	4419	Epithelium	False	True	True	False	False	
评估卷(RUN5)	Q6::1	4421	Epithelium	Epithelium	True	BCM_21_3104	695	3726	Epithelium	False	True	True	False	False	
评估卷(RUN5)	Q6::1	4421	Epithelium	Epithelium	True	BCM_22_0075	658	3763	Epithelium	False	True	True	False	False	
评估卷(RUN5)	Q6::1	4421	Epithelium	Epithelium	True	BCM_22_0200	3	4418	Epithelium	False	True	True	False	False	
评估卷(RUN5)	Q6::1	4421	Epithelium	Epithelium	True	BCM_22_0389	6	4415	Epithelium	False	True	True	False	False	
评估卷(RUN5)	Q6::1	4421	Epithelium	Epithelium	True	BCM_22_0434	1	4420	Epithelium	False	True	True	False	False	
评估卷(RUN5)	Q6::1	4421	Epithelium	Epithelium	True	BCM_22_0458	16	4405	Epithelium	False	True	True	False	False	
评估卷(RUN5)	Q6::1	4421	Epithelium	Epithelium	True	BCM_22_0485	7	4414	Epithelium	False	True	True	False	False	
评估卷(RUN5)	Q6::1	4421	Epithelium	Epithelium	True	BCM_22_0496	150	4271	Epithelium	False	True	True	False	False	
评估卷(RUN5)	Q6::1	4421	Epithelium	Epithelium	True	BCM_22_0500	1192	3229	Epithelium	False	True	True	False	False	
评估卷(RUN5)	Q6::1	4421	Epithelium	Epithelium	True	BCM_22_0528	91	4330	Epithelium	False	True	True	False	False	
评估卷(RUN5)	Q6::1	4421	Epithelium	Epithelium	True	BCM_22_0698	15	4406	Epithelium	False	True	True	False	False	
评估卷(RUN5)	Q6::1	4421	Epithelium	Epithelium	True	BCM_22_0769	369	4052	Epithelium	False	True	True	False	False	
评估卷(RUN5)	Q6::1	4421	Epithelium	Epithelium	True	BCM_22_0784	153	4268	Epithelium	False	True	True	False	False	
评估卷(RUN5)	Q6::1	4421	Epithelium	Epithelium	True	BCM_22_0890	8	4413	Epithelium	False	True	True	False	False	
评估卷(RUN5)	Q6::1	4421	Epithelium	Epithelium	True	BCM_22_0952	10	4411	Epithelium	False	True	True	False	False	
评估卷(RUN5)	Q6::1	4421	Epithelium	Epithelium	True	BCM_23_0131	5	4416	Epithelium	False	True	True	False	False	
评估卷(RUN5)	Q6::1	4421	Epithelium	Epithelium	True	BCM_23_0170	15	4406	Epithelium	False	True	True	False	False	
评估卷(RUN5)	Q6::1	4421	Epithelium	Epithelium	True	BCM_23_0222	21	4400	Epithelium	False	True	True	False	False	
评估卷(RUN5)	Q6::1	4421	Epithelium	Epithelium	True	BCM_23_0229	17	4404	Epithelium	False	True	True	False	False	
评估卷(RUN5)	Q6::1	4421	Epithelium	Epithelium	True	BCM_23_0358	92	4329	Epithelium	False	True	True	False	False	
评估卷(RUN5)	Q6::1	4421	Epithelium	Epithelium	True	BCM_23_0362	7	4414	Epithelium	False	True	True	False	False	
评估卷(RUN5)	Q6::1	4421	Epithelium	Epithelium	True	LEI_22_49449	594	3827	Epithelium	False	True	True	False	False	
评估卷(RUN5)	Q6::1	4421	Epithelium	Epithelium	True	chakravarti_Cornea1	143	4278	Epithelium	False	True	True	False	False	
评估卷(RUN5)	Q6::1	4421	Epithelium	Epithelium	True	chakravarti_Cornea3	52	4369	Epithelium	False	True	True	False	False	
评估卷(RUN5)	Q6::1	4421	Epithelium	Epithelium	True	chen_donor1	17	4404	Epithelium	False	True	True	False	False	
评估卷(RUN5)	Q6::1	4421	Epithelium	Epithelium	True	chen_donor2	6	4415	Epithelium	False	True	True	False	False	
评估卷(RUN5)	Q6::1	4421	Epithelium	Epithelium	True	dickman_Cornea01	2	4419	Epithelium	False	True	True	False	False	
评估卷(RUN5)	Q6::1	4421	Epithelium	Epithelium	True	dickman_Cornea02	1	4420	Epithelium	False	True	True	False	False	
评估卷(RUN5)	Q6::1	4421	Epithelium	Epithelium	True	dickman_Cornea03	1	4420	Epithelium	False	True	True	False	False	
评估卷(RUN5)	Q6::1	4421	Epithelium	Epithelium	True	dickman_Cornea04	6	4415	Epithelium	False	True	True	False	False	
评估卷(RUN5)	Q6::1	4421	Epithelium	Epithelium	True	dickman_Cornea05	2	4419	Epithelium	False	True	True	False	False	
评估卷(RUN5)	Q6::1	4421	Epithelium	Epithelium	True	dickman_Cornea06	2	4419	Epithelium	False	True	True	False	False	
评估卷(RUN5)	Q6::1	4421	Epithelium	Epithelium	True	li_donor73	1	4420	Epithelium	False	True	True	False	False	
评估卷(RUN5)	Q6::1	4421	Epithelium	Epithelium	True	li_donor76	2	4419	Epithelium	False	True	True	False	False	
评估卷(RUN5)	Q6::1	4421	Epithelium	Epithelium	True	shi_donor1	8	4413	Epithelium	False	True	True	False	False	
评估卷(RUN5)	Q6::1	4421	Epithelium	Epithelium	True	shi_donor2	10	4411	Epithelium	False	True	True	False	False	
评估卷(RUN5)	Q6::1	4421	Epithelium	Epithelium	True	shi_donor3	19	4402	Epithelium	False	True	True	False	False	
评估卷(RUN5)	Q6::3	1552	Epithelium	Epithelium	True	257T	1	1551	Epithelium	False	True	True	False	False	
评估卷(RUN5)	Q6::3	1552	Epithelium	Epithelium	True	Atlanta_A230245	2	1550	Epithelium	False	True	True	False	False	
评估卷(RUN5)	Q6::3	1552	Epithelium	Epithelium	True	BCM_21_0999	3	1549	Epithelium	False	True	True	False	False	
评估卷(RUN5)	Q6::3	1552	Epithelium	Epithelium	True	BCM_21_3104	16	1536	Epithelium	False	True	True	False	False	
评估卷(RUN5)	Q6::3	1552	Epithelium	Epithelium	True	BCM_22_0075	274	1278	Epithelium	False	True	True	False	False	
评估卷(RUN5)	Q6::3	1552	Epithelium	Epithelium	True	BCM_22_0389	1	1551	Epithelium	False	True	True	False	False	
评估卷(RUN5)	Q6::3	1552	Epithelium	Epithelium	True	BCM_22_0434	4	1548	Epithelium	False	True	True	False	False	
评估卷(RUN5)	Q6::3	1552	Epithelium	Epithelium	True	BCM_22_0458	8	1544	Epithelium	False	True	True	False	False	
评估卷(RUN5)	Q6::3	1552	Epithelium	Epithelium	True	BCM_22_0485	1	1551	Epithelium	False	True	True	False	False	
评估卷(RUN5)	Q6::3	1552	Epithelium	Epithelium	True	BCM_22_0496	2	1550	Epithelium	False	True	True	False	False	
评估卷(RUN5)	Q6::3	1552	Epithelium	Epithelium	True	BCM_22_0500	3	1549	Epithelium	False	True	True	False	False	
评估卷(RUN5)	Q6::3	1552	Epithelium	Epithelium	True	BCM_22_0528	1	1551	Epithelium	False	True	True	False	False	
评估卷(RUN5)	Q6::3	1552	Epithelium	Epithelium	True	BCM_22_0769	2	1550	Epithelium	False	True	True	False	False	
评估卷(RUN5)	Q6::3	1552	Epithelium	Epithelium	True	BCM_22_0784	1119	433	Epithelium	False	True	True	False	False	
评估卷(RUN5)	Q6::3	1552	Epithelium	Epithelium	True	BCM_22_0952	1	1551	Epithelium	False	True	True	False	False	
评估卷(RUN5)	Q6::3	1552	Epithelium	Epithelium	True	BCM_23_0229	3	1549	Epithelium	False	True	True	False	False	
评估卷(RUN5)	Q6::3	1552	Epithelium	Epithelium	True	BCM_23_0358	57	1495	Epithelium	False	True	True	False	False	
评估卷(RUN5)	Q6::3	1552	Epithelium	Epithelium	True	BCM_23_0362	10	1542	Epithelium	False	True	True	False	False	
评估卷(RUN5)	Q6::3	1552	Epithelium	Epithelium	True	LEI_22_49449	1	1551	Epithelium	False	True	True	False	False	
评估卷(RUN5)	Q6::3	1552	Epithelium	Epithelium	True	chakravarti_Cornea3	1	1551	Epithelium	False	True	True	False	False	
评估卷(RUN5)	Q6::3	1552	Epithelium	Epithelium	True	dickman_Cornea06	16	1536	Epithelium	False	True	True	False	False	
评估卷(RUN5)	Q6::3	1552	Epithelium	Epithelium	True	pooled [dickman_Cornea07,dickman_Cornea08]	8	1544	Epithelium	False	True	True	False	False	
评估卷(RUN5)	Q6::3	1552	Epithelium	Epithelium	True	shi_donor1	11	1541	Epithelium	False	True	True	False	False	
评估卷(RUN5)	Q6::3	1552	Epithelium	Epithelium	True	shi_donor2	1	1551	Epithelium	False	True	True	False	False	
评估卷(RUN5)	Q6::3	1552	Epithelium	Epithelium	True	shi_donor3	6	1546	Epithelium	False	True	True	False	False	
评估卷(RUN5)	Q6::4	4276	Epithelium	Epithelium	True	246Z	19	4257	Epithelium	False	True	True	False	False	
评估卷(RUN5)	Q6::4	4276	Epithelium	Epithelium	True	257T	9	4267	Epithelium	False	True	True	False	False	
评估卷(RUN5)	Q6::4	4276	Epithelium	Epithelium	True	283P	56	4220	Epithelium	False	True	True	False	False	
评估卷(RUN5)	Q6::4	4276	Epithelium	Epithelium	True	719I	17	4259	Epithelium	False	True	True	False	False	
评估卷(RUN5)	Q6::4	4276	Epithelium	Epithelium	True	Atlanta_A230245	28	4248	Epithelium	False	True	True	False	False	
评估卷(RUN5)	Q6::4	4276	Epithelium	Epithelium	True	BCM_21_0933	242	4034	Epithelium	False	True	True	False	False	
评估卷(RUN5)	Q6::4	4276	Epithelium	Epithelium	True	BCM_21_0999	684	3592	Epithelium	False	True	True	False	False	
评估卷(RUN5)	Q6::4	4276	Epithelium	Epithelium	True	BCM_21_3104	9	4267	Epithelium	False	True	True	False	False	
评估卷(RUN5)	Q6::4	4276	Epithelium	Epithelium	True	BCM_22_0075	1	4275	Epithelium	False	True	True	False	False	
评估卷(RUN5)	Q6::4	4276	Epithelium	Epithelium	True	BCM_22_0200	163	4113	Epithelium	False	True	True	False	False	
评估卷(RUN5)	Q6::4	4276	Epithelium	Epithelium	True	BCM_22_0389	4	4272	Epithelium	False	True	True	False	False	
评估卷(RUN5)	Q6::4	4276	Epithelium	Epithelium	True	BCM_22_0434	58	4218	Epithelium	False	True	True	False	False	
评估卷(RUN5)	Q6::4	4276	Epithelium	Epithelium	True	BCM_22_0458	83	4193	Epithelium	False	True	True	False	False	
评估卷(RUN5)	Q6::4	4276	Epithelium	Epithelium	True	BCM_22_0485	32	4244	Epithelium	False	True	True	False	False	
评估卷(RUN5)	Q6::4	4276	Epithelium	Epithelium	True	BCM_22_0496	66	4210	Epithelium	False	True	True	False	False	
评估卷(RUN5)	Q6::4	4276	Epithelium	Epithelium	True	BCM_22_0500	16	4260	Epithelium	False	True	True	False	False	
评估卷(RUN5)	Q6::4	4276	Epithelium	Epithelium	True	BCM_22_0528	43	4233	Epithelium	False	True	True	False	False	
评估卷(RUN5)	Q6::4	4276	Epithelium	Epithelium	True	BCM_22_0698	84	4192	Epithelium	False	True	True	False	False	
评估卷(RUN5)	Q6::4	4276	Epithelium	Epithelium	True	BCM_22_0769	16	4260	Epithelium	False	True	True	False	False	
评估卷(RUN5)	Q6::4	4276	Epithelium	Epithelium	True	BCM_22_0784	21	4255	Epithelium	False	True	True	False	False	
评估卷(RUN5)	Q6::4	4276	Epithelium	Epithelium	True	BCM_22_0890	484	3792	Epithelium	False	True	True	False	False	
评估卷(RUN5)	Q6::4	4276	Epithelium	Epithelium	True	BCM_22_0952	19	4257	Epithelium	False	True	True	False	False	
评估卷(RUN5)	Q6::4	4276	Epithelium	Epithelium	True	BCM_23_0170	764	3512	Epithelium	False	True	True	False	False	
评估卷(RUN5)	Q6::4	4276	Epithelium	Epithelium	True	BCM_23_0222	216	4060	Epithelium	False	True	True	False	False	
评估卷(RUN5)	Q6::4	4276	Epithelium	Epithelium	True	BCM_23_0224	86	4190	Epithelium	False	True	True	False	False	
评估卷(RUN5)	Q6::4	4276	Epithelium	Epithelium	True	BCM_23_0229	14	4262	Epithelium	False	True	True	False	False	
评估卷(RUN5)	Q6::4	4276	Epithelium	Epithelium	True	BCM_23_0358	111	4165	Epithelium	False	True	True	False	False	
评估卷(RUN5)	Q6::4	4276	Epithelium	Epithelium	True	BCM_23_0362	7	4269	Epithelium	False	True	True	False	False	
评估卷(RUN5)	Q6::4	4276	Epithelium	Epithelium	True	LEI_22_49449	100	4176	Epithelium	False	True	True	False	False	
评估卷(RUN5)	Q6::4	4276	Epithelium	Epithelium	True	chakravarti_Cornea1	4	4272	Epithelium	False	True	True	False	False	
评估卷(RUN5)	Q6::4	4276	Epithelium	Epithelium	True	chakravarti_Cornea2	34	4242	Epithelium	False	True	True	False	False	
评估卷(RUN5)	Q6::4	4276	Epithelium	Epithelium	True	chakravarti_Cornea3	92	4184	Epithelium	False	True	True	False	False	
评估卷(RUN5)	Q6::4	4276	Epithelium	Epithelium	True	chen_donor1	228	4048	Epithelium	False	True	True	False	False	
评估卷(RUN5)	Q6::4	4276	Epithelium	Epithelium	True	chen_donor2	286	3990	Epithelium	False	True	True	False	False	
评估卷(RUN5)	Q6::4	4276	Epithelium	Epithelium	True	dickman_Cornea02	36	4240	Epithelium	False	True	True	False	False	
评估卷(RUN5)	Q6::4	4276	Epithelium	Epithelium	True	dickman_Cornea05	2	4274	Epithelium	False	True	True	False	False	
评估卷(RUN5)	Q6::4	4276	Epithelium	Epithelium	True	li_donor72	1	4275	Epithelium	False	True	True	False	False	
评估卷(RUN5)	Q6::4	4276	Epithelium	Epithelium	True	li_donor73	82	4194	Epithelium	False	True	True	False	False	
评估卷(RUN5)	Q6::4	4276	Epithelium	Epithelium	True	li_donor76	46	4230	Epithelium	False	True	True	False	False	
评估卷(RUN5)	Q6::4	4276	Epithelium	Epithelium	True	pooled [dickman_Cornea07,dickman_Cornea08]	2	4274	Epithelium	False	True	True	False	False	
评估卷(RUN5)	Q6::4	4276	Epithelium	Epithelium	True	shi_donor1	5	4271	Epithelium	False	True	True	False	False	
评估卷(RUN5)	Q6::4	4276	Epithelium	Epithelium	True	shi_donor2	1	4275	Epithelium	False	True	True	False	False	
评估卷(RUN5)	Q6::4	4276	Epithelium	Epithelium	True	shi_donor3	5	4271	Epithelium	False	True	True	False	False	
评估卷(RUN5)	Q6::5	2219	Epithelium	Epithelium	True	246Z	3	2216	Epithelium	False	True	True	False	False	
评估卷(RUN5)	Q6::5	2219	Epithelium	Epithelium	True	257T	38	2181	Epithelium	False	True	True	False	False	
评估卷(RUN5)	Q6::5	2219	Epithelium	Epithelium	True	283P	238	1981	Epithelium	False	True	True	False	False	
评估卷(RUN5)	Q6::5	2219	Epithelium	Epithelium	True	719I	16	2203	Epithelium	False	True	True	False	False	
评估卷(RUN5)	Q6::5	2219	Epithelium	Epithelium	True	Atlanta_A230245	7	2212	Epithelium	False	True	True	False	False	
评估卷(RUN5)	Q6::5	2219	Epithelium	Epithelium	True	BCM_21_0933	30	2189	Epithelium	False	True	True	False	False	
评估卷(RUN5)	Q6::5	2219	Epithelium	Epithelium	True	BCM_21_0999	28	2191	Epithelium	False	True	True	False	False	
评估卷(RUN5)	Q6::5	2219	Epithelium	Epithelium	True	BCM_21_3104	9	2210	Epithelium	False	True	True	False	False	
评估卷(RUN5)	Q6::5	2219	Epithelium	Epithelium	True	BCM_22_0075	3	2216	Epithelium	False	True	True	False	False	
评估卷(RUN5)	Q6::5	2219	Epithelium	Epithelium	True	BCM_22_0200	429	1790	Epithelium	False	True	True	False	False	
评估卷(RUN5)	Q6::5	2219	Epithelium	Epithelium	True	BCM_22_0389	2	2217	Epithelium	False	True	True	False	False	
评估卷(RUN5)	Q6::5	2219	Epithelium	Epithelium	True	BCM_22_0434	55	2164	Epithelium	False	True	True	False	False	
评估卷(RUN5)	Q6::5	2219	Epithelium	Epithelium	True	BCM_22_0458	7	2212	Epithelium	False	True	True	False	False	
评估卷(RUN5)	Q6::5	2219	Epithelium	Epithelium	True	BCM_22_0485	5	2214	Epithelium	False	True	True	False	False	
评估卷(RUN5)	Q6::5	2219	Epithelium	Epithelium	True	BCM_22_0496	446	1773	Epithelium	False	True	True	False	False	
评估卷(RUN5)	Q6::5	2219	Epithelium	Epithelium	True	BCM_22_0500	17	2202	Epithelium	False	True	True	False	False	
评估卷(RUN5)	Q6::5	2219	Epithelium	Epithelium	True	BCM_22_0528	42	2177	Epithelium	False	True	True	False	False	
评估卷(RUN5)	Q6::5	2219	Epithelium	Epithelium	True	BCM_22_0698	13	2206	Epithelium	False	True	True	False	False	
评估卷(RUN5)	Q6::5	2219	Epithelium	Epithelium	True	BCM_22_0769	8	2211	Epithelium	False	True	True	False	False	
评估卷(RUN5)	Q6::5	2219	Epithelium	Epithelium	True	BCM_22_0784	2	2217	Epithelium	False	True	True	False	False	
评估卷(RUN5)	Q6::5	2219	Epithelium	Epithelium	True	BCM_22_0890	17	2202	Epithelium	False	True	True	False	False	
评估卷(RUN5)	Q6::5	2219	Epithelium	Epithelium	True	BCM_22_0952	12	2207	Epithelium	False	True	True	False	False	
评估卷(RUN5)	Q6::5	2219	Epithelium	Epithelium	True	BCM_23_0131	146	2073	Epithelium	False	True	True	False	False	
评估卷(RUN5)	Q6::5	2219	Epithelium	Epithelium	True	BCM_23_0170	279	1940	Epithelium	False	True	True	False	False	
评估卷(RUN5)	Q6::5	2219	Epithelium	Epithelium	True	BCM_23_0222	70	2149	Epithelium	False	True	True	False	False	
评估卷(RUN5)	Q6::5	2219	Epithelium	Epithelium	True	BCM_23_0224	11	2208	Epithelium	False	True	True	False	False	
评估卷(RUN5)	Q6::5	2219	Epithelium	Epithelium	True	BCM_23_0229	1	2218	Epithelium	False	True	True	False	False	
评估卷(RUN5)	Q6::5	2219	Epithelium	Epithelium	True	BCM_23_0358	76	2143	Epithelium	False	True	True	False	False	
评估卷(RUN5)	Q6::5	2219	Epithelium	Epithelium	True	BCM_23_0362	1	2218	Epithelium	False	True	True	False	False	
评估卷(RUN5)	Q6::5	2219	Epithelium	Epithelium	True	LEI_22_49449	43	2176	Epithelium	False	True	True	False	False	
评估卷(RUN5)	Q6::5	2219	Epithelium	Epithelium	True	chakravarti_Cornea1	1	2218	Epithelium	False	True	True	False	False	
评估卷(RUN5)	Q6::5	2219	Epithelium	Epithelium	True	chakravarti_Cornea3	5	2214	Epithelium	False	True	True	False	False	
评估卷(RUN5)	Q6::5	2219	Epithelium	Epithelium	True	chen_donor1	70	2149	Epithelium	False	True	True	False	False	
评估卷(RUN5)	Q6::5	2219	Epithelium	Epithelium	True	chen_donor2	8	2211	Epithelium	False	True	True	False	False	
评估卷(RUN5)	Q6::5	2219	Epithelium	Epithelium	True	dickman_Cornea02	2	2217	Epithelium	False	True	True	False	False	
评估卷(RUN5)	Q6::5	2219	Epithelium	Epithelium	True	dickman_Cornea04	2	2217	Epithelium	False	True	True	False	False	
评估卷(RUN5)	Q6::5	2219	Epithelium	Epithelium	True	dickman_Cornea05	1	2218	Epithelium	False	True	True	False	False	
评估卷(RUN5)	Q6::5	2219	Epithelium	Epithelium	True	dickman_Cornea06	2	2217	Epithelium	False	True	True	False	False	
评估卷(RUN5)	Q6::5	2219	Epithelium	Epithelium	True	li_donor73	44	2175	Epithelium	False	True	True	False	False	
评估卷(RUN5)	Q6::5	2219	Epithelium	Epithelium	True	li_donor76	25	2194	Epithelium	False	True	True	False	False	
评估卷(RUN5)	Q6::5	2219	Epithelium	Epithelium	True	shi_donor1	3	2216	Epithelium	False	True	True	False	False	
评估卷(RUN5)	Q6::5	2219	Epithelium	Epithelium	True	shi_donor2	1	2218	Epithelium	False	True	True	False	False	
评估卷(RUN5)	Q6::5	2219	Epithelium	Epithelium	True	shi_donor4	1	2218	Epithelium	False	True	True	False	False	
评估卷(RUN5)	Q6::6	6385	Epithelium	Epithelium	True	246Z	15	6370	Epithelium	False	True	True	False	False	
评估卷(RUN5)	Q6::6	6385	Epithelium	Epithelium	True	257T	13	6372	Epithelium	False	True	True	False	False	
评估卷(RUN5)	Q6::6	6385	Epithelium	Epithelium	True	283P	18	6367	Epithelium	False	True	True	False	False	
评估卷(RUN5)	Q6::6	6385	Epithelium	Epithelium	True	719I	18	6367	Epithelium	False	True	True	False	False	
评估卷(RUN5)	Q6::6	6385	Epithelium	Epithelium	True	Atlanta_A230245	43	6342	Epithelium	False	True	True	False	False	
评估卷(RUN5)	Q6::6	6385	Epithelium	Epithelium	True	BCM_21_0933	36	6349	Epithelium	False	True	True	False	False	
评估卷(RUN5)	Q6::6	6385	Epithelium	Epithelium	True	BCM_21_0999	10	6375	Epithelium	False	True	True	False	False	
评估卷(RUN5)	Q6::6	6385	Epithelium	Epithelium	True	BCM_21_3104	323	6062	Epithelium	False	True	True	False	False	
评估卷(RUN5)	Q6::6	6385	Epithelium	Epithelium	True	BCM_22_0075	1050	5335	Epithelium	False	True	True	False	False	
评估卷(RUN5)	Q6::6	6385	Epithelium	Epithelium	True	BCM_22_0200	87	6298	Epithelium	False	True	True	False	False	
评估卷(RUN5)	Q6::6	6385	Epithelium	Epithelium	True	BCM_22_0389	35	6350	Epithelium	False	True	True	False	False	
评估卷(RUN5)	Q6::6	6385	Epithelium	Epithelium	True	BCM_22_0434	23	6362	Epithelium	False	True	True	False	False	
评估卷(RUN5)	Q6::6	6385	Epithelium	Epithelium	True	BCM_22_0458	16	6369	Epithelium	False	True	True	False	False	
评估卷(RUN5)	Q6::6	6385	Epithelium	Epithelium	True	BCM_22_0485	106	6279	Epithelium	False	True	True	False	False	
评估卷(RUN5)	Q6::6	6385	Epithelium	Epithelium	True	BCM_22_0496	83	6302	Epithelium	False	True	True	False	False	
评估卷(RUN5)	Q6::6	6385	Epithelium	Epithelium	True	BCM_22_0500	497	5888	Epithelium	False	True	True	False	False	
评估卷(RUN5)	Q6::6	6385	Epithelium	Epithelium	True	BCM_22_0528	181	6204	Epithelium	False	True	True	False	False	
评估卷(RUN5)	Q6::6	6385	Epithelium	Epithelium	True	BCM_22_0698	768	5617	Epithelium	False	True	True	False	False	
评估卷(RUN5)	Q6::6	6385	Epithelium	Epithelium	True	BCM_22_0769	522	5863	Epithelium	False	True	True	False	False	
评估卷(RUN5)	Q6::6	6385	Epithelium	Epithelium	True	BCM_22_0784	217	6168	Epithelium	False	True	True	False	False	
评估卷(RUN5)	Q6::6	6385	Epithelium	Epithelium	True	BCM_22_0890	93	6292	Epithelium	False	True	True	False	False	
评估卷(RUN5)	Q6::6	6385	Epithelium	Epithelium	True	BCM_22_0952	22	6363	Epithelium	False	True	True	False	False	
评估卷(RUN5)	Q6::6	6385	Epithelium	Epithelium	True	BCM_23_0131	2	6383	Epithelium	False	True	True	False	False	
评估卷(RUN5)	Q6::6	6385	Epithelium	Epithelium	True	BCM_23_0170	172	6213	Epithelium	False	True	True	False	False	
评估卷(RUN5)	Q6::6	6385	Epithelium	Epithelium	True	BCM_23_0222	97	6288	Epithelium	False	True	True	False	False	
评估卷(RUN5)	Q6::6	6385	Epithelium	Epithelium	True	BCM_23_0229	119	6266	Epithelium	False	True	True	False	False	
评估卷(RUN5)	Q6::6	6385	Epithelium	Epithelium	True	BCM_23_0358	143	6242	Epithelium	False	True	True	False	False	
评估卷(RUN5)	Q6::6	6385	Epithelium	Epithelium	True	BCM_23_0362	73	6312	Epithelium	False	True	True	False	False	
评估卷(RUN5)	Q6::6	6385	Epithelium	Epithelium	True	LEI_22_49449	313	6072	Epithelium	False	True	True	False	False	
评估卷(RUN5)	Q6::6	6385	Epithelium	Epithelium	True	chakravarti_Cornea1	241	6144	Epithelium	False	True	True	False	False	
评估卷(RUN5)	Q6::6	6385	Epithelium	Epithelium	True	chakravarti_Cornea3	144	6241	Epithelium	False	True	True	False	False	
评估卷(RUN5)	Q6::6	6385	Epithelium	Epithelium	True	chen_donor1	405	5980	Epithelium	False	True	True	False	False	
评估卷(RUN5)	Q6::6	6385	Epithelium	Epithelium	True	chen_donor2	37	6348	Epithelium	False	True	True	False	False	
评估卷(RUN5)	Q6::6	6385	Epithelium	Epithelium	True	dickman_Cornea01	2	6383	Epithelium	False	True	True	False	False	
评估卷(RUN5)	Q6::6	6385	Epithelium	Epithelium	True	dickman_Cornea02	2	6383	Epithelium	False	True	True	False	False	
评估卷(RUN5)	Q6::6	6385	Epithelium	Epithelium	True	dickman_Cornea04	18	6367	Epithelium	False	True	True	False	False	
评估卷(RUN5)	Q6::6	6385	Epithelium	Epithelium	True	dickman_Cornea05	26	6359	Epithelium	False	True	True	False	False	
评估卷(RUN5)	Q6::6	6385	Epithelium	Epithelium	True	dickman_Cornea06	24	6361	Epithelium	False	True	True	False	False	
评估卷(RUN5)	Q6::6	6385	Epithelium	Epithelium	True	li_donor73	1	6384	Epithelium	False	True	True	False	False	
评估卷(RUN5)	Q6::6	6385	Epithelium	Epithelium	True	li_donor76	48	6337	Epithelium	False	True	True	False	False	
评估卷(RUN5)	Q6::6	6385	Epithelium	Epithelium	True	pooled [dickman_Cornea07,dickman_Cornea08]	2	6383	Epithelium	False	True	True	False	False	
评估卷(RUN5)	Q6::6	6385	Epithelium	Epithelium	True	shi_donor1	69	6316	Epithelium	False	True	True	False	False	
评估卷(RUN5)	Q6::6	6385	Epithelium	Epithelium	True	shi_donor2	26	6359	Epithelium	False	True	True	False	False	
评估卷(RUN5)	Q6::6	6385	Epithelium	Epithelium	True	shi_donor3	220	6165	Epithelium	False	True	True	False	False	
评估卷(RUN5)	Q6::6	6385	Epithelium	Epithelium	True	shi_donor4	25	6360	Epithelium	False	True	True	False	False	
评估卷(RUN5)	Q6::7	601	Endothelium	Endothelium	True	246Z	8	593	Endothelium	False	True	True	False	False	
评估卷(RUN5)	Q6::7	601	Endothelium	Endothelium	True	283P	17	584	Endothelium	False	True	True	False	False	
评估卷(RUN5)	Q6::7	601	Endothelium	Endothelium	True	719I	6	595	Endothelium	False	True	True	False	False	
评估卷(RUN5)	Q6::7	601	Endothelium	Endothelium	True	Atlanta_A230245	59	542	Endothelium	False	True	True	False	False	
评估卷(RUN5)	Q6::7	601	Endothelium	Endothelium	True	BCM_21_0933	23	578	Endothelium	False	True	True	False	False	
评估卷(RUN5)	Q6::7	601	Endothelium	Endothelium	True	BCM_21_0999	46	555	Endothelium	False	True	True	False	False	
评估卷(RUN5)	Q6::7	601	Endothelium	Endothelium	True	BCM_21_3104	5	596	Endothelium	False	True	True	False	False	
评估卷(RUN5)	Q6::7	601	Endothelium	Endothelium	True	BCM_22_0075	67	534	Endothelium	False	True	True	False	False	
评估卷(RUN5)	Q6::7	601	Endothelium	Endothelium	True	BCM_22_0200	6	595	Endothelium	False	True	True	False	False	
评估卷(RUN5)	Q6::7	601	Endothelium	Endothelium	True	BCM_22_0389	2	599	Endothelium	False	True	True	False	False	
评估卷(RUN5)	Q6::7	601	Endothelium	Endothelium	True	BCM_22_0434	19	582	Endothelium	False	True	True	False	False	
评估卷(RUN5)	Q6::7	601	Endothelium	Endothelium	True	BCM_22_0458	23	578	Endothelium	False	True	True	False	False	
评估卷(RUN5)	Q6::7	601	Endothelium	Endothelium	True	BCM_22_0485	13	588	Endothelium	False	True	True	False	False	
评估卷(RUN5)	Q6::7	601	Endothelium	Endothelium	True	BCM_22_0496	14	587	Endothelium	False	True	True	False	False	
评估卷(RUN5)	Q6::7	601	Endothelium	Endothelium	True	BCM_22_0500	6	595	Endothelium	False	True	True	False	False	
评估卷(RUN5)	Q6::7	601	Endothelium	Endothelium	True	BCM_22_0528	8	593	Endothelium	False	True	True	False	False	
评估卷(RUN5)	Q6::7	601	Endothelium	Endothelium	True	BCM_22_0698	3	598	Endothelium	False	True	True	False	False	
评估卷(RUN5)	Q6::7	601	Endothelium	Endothelium	True	BCM_22_0769	17	584	Endothelium	False	True	True	False	False	
评估卷(RUN5)	Q6::7	601	Endothelium	Endothelium	True	BCM_22_0784	53	548	Endothelium	False	True	True	False	False	
评估卷(RUN5)	Q6::7	601	Endothelium	Endothelium	True	BCM_22_0890	35	566	Endothelium	False	True	True	False	False	
评估卷(RUN5)	Q6::7	601	Endothelium	Endothelium	True	BCM_22_0952	11	590	Endothelium	False	True	True	False	False	
评估卷(RUN5)	Q6::7	601	Endothelium	Endothelium	True	BCM_23_0170	1	600	Endothelium	False	True	True	False	False	
评估卷(RUN5)	Q6::7	601	Endothelium	Endothelium	True	BCM_23_0222	12	589	Endothelium	False	True	True	False	False	
评估卷(RUN5)	Q6::7	601	Endothelium	Endothelium	True	BCM_23_0224	3	598	Endothelium	False	True	True	False	False	
评估卷(RUN5)	Q6::7	601	Endothelium	Endothelium	True	BCM_23_0229	22	579	Endothelium	False	True	True	False	False	
评估卷(RUN5)	Q6::7	601	Endothelium	Endothelium	True	BCM_23_0358	5	596	Endothelium	False	True	True	False	False	
评估卷(RUN5)	Q6::7	601	Endothelium	Endothelium	True	BCM_23_0362	11	590	Endothelium	False	True	True	False	False	
评估卷(RUN5)	Q6::7	601	Endothelium	Endothelium	True	LEI_22_49449	14	587	Endothelium	False	True	True	False	False	
评估卷(RUN5)	Q6::7	601	Endothelium	Endothelium	True	chakravarti_Cornea2	1	600	Endothelium	False	True	True	False	False	
评估卷(RUN5)	Q6::7	601	Endothelium	Endothelium	True	chakravarti_Cornea3	11	590	Endothelium	False	True	True	False	False	
评估卷(RUN5)	Q6::7	601	Endothelium	Endothelium	True	dickman_Cornea02	3	598	Endothelium	False	True	True	False	False	
评估卷(RUN5)	Q6::7	601	Endothelium	Endothelium	True	dickman_Cornea06	1	600	Endothelium	False	True	True	False	False	
评估卷(RUN5)	Q6::7	601	Endothelium	Endothelium	True	li_donor73	4	597	Endothelium	False	True	True	False	False	
评估卷(RUN5)	Q6::7	601	Endothelium	Endothelium	True	li_donor76	1	600	Endothelium	False	True	True	False	False	
评估卷(RUN5)	Q6::7	601	Endothelium	Endothelium	True	pooled [dickman_Cornea07,dickman_Cornea08]	1	600	Endothelium	False	True	True	False	False	
评估卷(RUN5)	Q6::7	601	Endothelium	Endothelium	True	shi_donor1	5	596	Endothelium	False	True	True	False	False	
评估卷(RUN5)	Q6::7	601	Endothelium	Endothelium	True	shi_donor2	16	585	Endothelium	False	True	True	False	False	
评估卷(RUN5)	Q6::7	601	Endothelium	Endothelium	True	shi_donor3	34	567	Endothelium	False	True	True	False	False	
评估卷(RUN5)	Q6::7	601	Endothelium	Endothelium	True	shi_donor4	15	586	Endothelium	False	True	True	False	False	
评估卷(RUN5)	Q6::8	972	Immune Cells	Immune Cells	True	246Z	7	965	Immune Cells	False	True	True	False	False	
评估卷(RUN5)	Q6::8	972	Immune Cells	Immune Cells	True	257T	7	965	Immune Cells	False	True	True	False	False	
评估卷(RUN5)	Q6::8	972	Immune Cells	Immune Cells	True	283P	19	953	Immune Cells	False	True	True	False	False	
评估卷(RUN5)	Q6::8	972	Immune Cells	Immune Cells	True	719I	3	969	Immune Cells	False	True	True	False	False	
评估卷(RUN5)	Q6::8	972	Immune Cells	Immune Cells	True	Atlanta_A230245	15	957	Immune Cells	False	True	True	False	False	
评估卷(RUN5)	Q6::8	972	Immune Cells	Immune Cells	True	BCM_21_0933	18	954	Immune Cells	False	True	True	False	False	
评估卷(RUN5)	Q6::8	972	Immune Cells	Immune Cells	True	BCM_21_0999	7	965	Immune Cells	False	True	True	False	False	
评估卷(RUN5)	Q6::8	972	Immune Cells	Immune Cells	True	BCM_21_3104	33	939	Immune Cells	False	True	True	False	False	
评估卷(RUN5)	Q6::8	972	Immune Cells	Immune Cells	True	BCM_22_0075	26	946	Immune Cells	False	True	True	False	False	
评估卷(RUN5)	Q6::8	972	Immune Cells	Immune Cells	True	BCM_22_0200	10	962	Immune Cells	False	True	True	False	False	
评估卷(RUN5)	Q6::8	972	Immune Cells	Immune Cells	True	BCM_22_0389	4	968	Immune Cells	False	True	True	False	False	
评估卷(RUN5)	Q6::8	972	Immune Cells	Immune Cells	True	BCM_22_0434	32	940	Immune Cells	False	True	True	False	False	
评估卷(RUN5)	Q6::8	972	Immune Cells	Immune Cells	True	BCM_22_0458	31	941	Immune Cells	False	True	True	False	False	
评估卷(RUN5)	Q6::8	972	Immune Cells	Immune Cells	True	BCM_22_0485	88	884	Immune Cells	False	True	True	False	False	
评估卷(RUN5)	Q6::8	972	Immune Cells	Immune Cells	True	BCM_22_0496	17	955	Immune Cells	False	True	True	False	False	
评估卷(RUN5)	Q6::8	972	Immune Cells	Immune Cells	True	BCM_22_0500	10	962	Immune Cells	False	True	True	False	False	
评估卷(RUN5)	Q6::8	972	Immune Cells	Immune Cells	True	BCM_22_0528	8	964	Immune Cells	False	True	True	False	False	
评估卷(RUN5)	Q6::8	972	Immune Cells	Immune Cells	True	BCM_22_0698	18	954	Immune Cells	False	True	True	False	False	
评估卷(RUN5)	Q6::8	972	Immune Cells	Immune Cells	True	BCM_22_0769	33	939	Immune Cells	False	True	True	False	False	
评估卷(RUN5)	Q6::8	972	Immune Cells	Immune Cells	True	BCM_22_0784	49	923	Immune Cells	False	True	True	False	False	
评估卷(RUN5)	Q6::8	972	Immune Cells	Immune Cells	True	BCM_22_0890	75	897	Immune Cells	False	True	True	False	False	
评估卷(RUN5)	Q6::8	972	Immune Cells	Immune Cells	True	BCM_22_0952	49	923	Immune Cells	False	True	True	False	False	
评估卷(RUN5)	Q6::8	972	Immune Cells	Immune Cells	True	BCM_23_0131	2	970	Immune Cells	False	True	True	False	False	
评估卷(RUN5)	Q6::8	972	Immune Cells	Immune Cells	True	BCM_23_0170	2	970	Immune Cells	False	True	True	False	False	
评估卷(RUN5)	Q6::8	972	Immune Cells	Immune Cells	True	BCM_23_0222	8	964	Immune Cells	False	True	True	False	False	
评估卷(RUN5)	Q6::8	972	Immune Cells	Immune Cells	True	BCM_23_0224	12	960	Immune Cells	False	True	True	False	False	
评估卷(RUN5)	Q6::8	972	Immune Cells	Immune Cells	True	BCM_23_0229	41	931	Immune Cells	False	True	True	False	False	
评估卷(RUN5)	Q6::8	972	Immune Cells	Immune Cells	True	BCM_23_0358	12	960	Immune Cells	False	True	True	False	False	
评估卷(RUN5)	Q6::8	972	Immune Cells	Immune Cells	True	BCM_23_0362	71	901	Immune Cells	False	True	True	False	False	
评估卷(RUN5)	Q6::8	972	Immune Cells	Immune Cells	True	LEI_22_49449	60	912	Immune Cells	False	True	True	False	False	
评估卷(RUN5)	Q6::8	972	Immune Cells	Immune Cells	True	chakravarti_Cornea2	2	970	Immune Cells	False	True	True	False	False	
评估卷(RUN5)	Q6::8	972	Immune Cells	Immune Cells	True	chakravarti_Cornea3	2	970	Immune Cells	False	True	True	False	False	
评估卷(RUN5)	Q6::8	972	Immune Cells	Immune Cells	True	chen_donor1	3	969	Immune Cells	False	True	True	False	False	
评估卷(RUN5)	Q6::8	972	Immune Cells	Immune Cells	True	chen_donor2	3	969	Immune Cells	False	True	True	False	False	
评估卷(RUN5)	Q6::8	972	Immune Cells	Immune Cells	True	dickman_Cornea01	1	971	Immune Cells	False	True	True	False	False	
评估卷(RUN5)	Q6::8	972	Immune Cells	Immune Cells	True	dickman_Cornea02	2	970	Immune Cells	False	True	True	False	False	
评估卷(RUN5)	Q6::8	972	Immune Cells	Immune Cells	True	dickman_Cornea03	70	902	Immune Cells	False	True	True	False	False	
评估卷(RUN5)	Q6::8	972	Immune Cells	Immune Cells	True	dickman_Cornea05	2	970	Immune Cells	False	True	True	False	False	
评估卷(RUN5)	Q6::8	972	Immune Cells	Immune Cells	True	dickman_Cornea06	2	970	Immune Cells	False	True	True	False	False	
评估卷(RUN5)	Q6::8	972	Immune Cells	Immune Cells	True	li_donor73	1	971	Immune Cells	False	True	True	False	False	
评估卷(RUN5)	Q6::8	972	Immune Cells	Immune Cells	True	li_donor75	15	957	Immune Cells	False	True	True	False	False	
评估卷(RUN5)	Q6::8	972	Immune Cells	Immune Cells	True	li_donor76	6	966	Immune Cells	False	True	True	False	False	
评估卷(RUN5)	Q6::8	972	Immune Cells	Immune Cells	True	pooled [dickman_Cornea07,dickman_Cornea08]	1	971	Immune Cells	False	True	True	False	False	
评估卷(RUN5)	Q6::8	972	Immune Cells	Immune Cells	True	shi_donor1	11	961	Immune Cells	False	True	True	False	False	
评估卷(RUN5)	Q6::8	972	Immune Cells	Immune Cells	True	shi_donor2	12	960	Immune Cells	False	True	True	False	False	
评估卷(RUN5)	Q6::8	972	Immune Cells	Immune Cells	True	shi_donor3	45	927	Immune Cells	False	True	True	False	False	
评估卷(RUN5)	Q6::8	972	Immune Cells	Immune Cells	True	shi_donor4	27	945	Immune Cells	False	True	True	False	False	
评估卷(RUN5)	Q6::9	5861	Epithelium	Epithelium	True	246Z	17	5844	Epithelium	False	True	True	False	False	
评估卷(RUN5)	Q6::9	5861	Epithelium	Epithelium	True	257T	8	5853	Epithelium	False	True	True	False	False	
评估卷(RUN5)	Q6::9	5861	Epithelium	Epithelium	True	283P	5	5856	Epithelium	False	True	True	False	False	
评估卷(RUN5)	Q6::9	5861	Epithelium	Epithelium	True	719I	13	5848	Epithelium	False	True	True	False	False	
评估卷(RUN5)	Q6::9	5861	Epithelium	Epithelium	True	Atlanta_A230245	370	5491	Epithelium	False	True	True	False	False	
评估卷(RUN5)	Q6::9	5861	Epithelium	Epithelium	True	BCM_21_0933	3	5858	Epithelium	False	True	True	False	False	
评估卷(RUN5)	Q6::9	5861	Epithelium	Epithelium	True	BCM_21_0999	4	5857	Epithelium	False	True	True	False	False	
评估卷(RUN5)	Q6::9	5861	Epithelium	Epithelium	True	BCM_21_3104	16	5845	Epithelium	False	True	True	False	False	
评估卷(RUN5)	Q6::9	5861	Epithelium	Epithelium	True	BCM_22_0075	778	5083	Epithelium	False	True	True	False	False	
评估卷(RUN5)	Q6::9	5861	Epithelium	Epithelium	True	BCM_22_0200	32	5829	Epithelium	False	True	True	False	False	
评估卷(RUN5)	Q6::9	5861	Epithelium	Epithelium	True	BCM_22_0389	12	5849	Epithelium	False	True	True	False	False	
评估卷(RUN5)	Q6::9	5861	Epithelium	Epithelium	True	BCM_22_0434	109	5752	Epithelium	False	True	True	False	False	
评估卷(RUN5)	Q6::9	5861	Epithelium	Epithelium	True	BCM_22_0458	12	5849	Epithelium	False	True	True	False	False	
评估卷(RUN5)	Q6::9	5861	Epithelium	Epithelium	True	BCM_22_0485	6	5855	Epithelium	False	True	True	False	False	
评估卷(RUN5)	Q6::9	5861	Epithelium	Epithelium	True	BCM_22_0496	7	5854	Epithelium	False	True	True	False	False	
评估卷(RUN5)	Q6::9	5861	Epithelium	Epithelium	True	BCM_22_0500	7	5854	Epithelium	False	True	True	False	False	
评估卷(RUN5)	Q6::9	5861	Epithelium	Epithelium	True	BCM_22_0528	17	5844	Epithelium	False	True	True	False	False	
评估卷(RUN5)	Q6::9	5861	Epithelium	Epithelium	True	BCM_22_0698	455	5406	Epithelium	False	True	True	False	False	
评估卷(RUN5)	Q6::9	5861	Epithelium	Epithelium	True	BCM_22_0769	354	5507	Epithelium	False	True	True	False	False	
评估卷(RUN5)	Q6::9	5861	Epithelium	Epithelium	True	BCM_22_0784	46	5815	Epithelium	False	True	True	False	False	
评估卷(RUN5)	Q6::9	5861	Epithelium	Epithelium	True	BCM_22_0890	66	5795	Epithelium	False	True	True	False	False	
评估卷(RUN5)	Q6::9	5861	Epithelium	Epithelium	True	BCM_22_0952	10	5851	Epithelium	False	True	True	False	False	
评估卷(RUN5)	Q6::9	5861	Epithelium	Epithelium	True	BCM_23_0170	2	5859	Epithelium	False	True	True	False	False	
评估卷(RUN5)	Q6::9	5861	Epithelium	Epithelium	True	BCM_23_0229	295	5566	Epithelium	False	True	True	False	False	
评估卷(RUN5)	Q6::9	5861	Epithelium	Epithelium	True	BCM_23_0358	263	5598	Epithelium	False	True	True	False	False	
评估卷(RUN5)	Q6::9	5861	Epithelium	Epithelium	True	BCM_23_0362	221	5640	Epithelium	False	True	True	False	False	
评估卷(RUN5)	Q6::9	5861	Epithelium	Epithelium	True	LEI_22_49449	228	5633	Epithelium	False	True	True	False	False	
评估卷(RUN5)	Q6::9	5861	Epithelium	Epithelium	True	chakravarti_Cornea1	11	5850	Epithelium	False	True	True	False	False	
评估卷(RUN5)	Q6::9	5861	Epithelium	Epithelium	True	chakravarti_Cornea2	19	5842	Epithelium	False	True	True	False	False	
评估卷(RUN5)	Q6::9	5861	Epithelium	Epithelium	True	chakravarti_Cornea3	394	5467	Epithelium	False	True	True	False	False	
评估卷(RUN5)	Q6::9	5861	Epithelium	Epithelium	True	chen_donor1	4	5857	Epithelium	False	True	True	False	False	
评估卷(RUN5)	Q6::9	5861	Epithelium	Epithelium	True	chen_donor2	13	5848	Epithelium	False	True	True	False	False	
评估卷(RUN5)	Q6::9	5861	Epithelium	Epithelium	True	dickman_Cornea01	1	5860	Epithelium	False	True	True	False	False	
评估卷(RUN5)	Q6::9	5861	Epithelium	Epithelium	True	dickman_Cornea02	4	5857	Epithelium	False	True	True	False	False	
评估卷(RUN5)	Q6::9	5861	Epithelium	Epithelium	True	dickman_Cornea05	14	5847	Epithelium	False	True	True	False	False	
评估卷(RUN5)	Q6::9	5861	Epithelium	Epithelium	True	dickman_Cornea06	26	5835	Epithelium	False	True	True	False	False	
评估卷(RUN5)	Q6::9	5861	Epithelium	Epithelium	True	li_donor73	1	5860	Epithelium	False	True	True	False	False	
评估卷(RUN5)	Q6::9	5861	Epithelium	Epithelium	True	li_donor76	5	5856	Epithelium	False	True	True	False	False	
评估卷(RUN5)	Q6::9	5861	Epithelium	Epithelium	True	pooled [dickman_Cornea07,dickman_Cornea08]	3	5858	Epithelium	False	True	True	False	False	
评估卷(RUN5)	Q6::9	5861	Epithelium	Epithelium	True	shi_donor1	356	5505	Epithelium	False	True	True	False	False	
评估卷(RUN5)	Q6::9	5861	Epithelium	Epithelium	True	shi_donor2	357	5504	Epithelium	False	True	True	False	False	
评估卷(RUN5)	Q6::9	5861	Epithelium	Epithelium	True	shi_donor3	854	5007	Epithelium	False	True	True	False	False	
评估卷(RUN5)	Q6::9	5861	Epithelium	Epithelium	True	shi_donor4	443	5418	Epithelium	False	True	True	False	False	
评估卷(RUN5)	Q6::11	5140	Endothelium	Endothelium	True	246Z	16	5124	Endothelium	False	True	True	False	False	
评估卷(RUN5)	Q6::11	5140	Endothelium	Endothelium	True	257T	8	5132	Endothelium	False	True	True	False	False	
评估卷(RUN5)	Q6::11	5140	Endothelium	Endothelium	True	283P	43	5097	Endothelium	False	True	True	False	False	
评估卷(RUN5)	Q6::11	5140	Endothelium	Endothelium	True	719I	12	5128	Endothelium	False	True	True	False	False	
评估卷(RUN5)	Q6::11	5140	Endothelium	Endothelium	True	Atlanta_A230245	169	4971	Endothelium	False	True	True	False	False	
评估卷(RUN5)	Q6::11	5140	Endothelium	Endothelium	True	BCM_21_0933	6	5134	Endothelium	False	True	True	False	False	
评估卷(RUN5)	Q6::11	5140	Endothelium	Endothelium	True	BCM_21_0999	148	4992	Endothelium	False	True	True	False	False	
评估卷(RUN5)	Q6::11	5140	Endothelium	Endothelium	True	BCM_21_3104	7	5133	Endothelium	False	True	True	False	False	
评估卷(RUN5)	Q6::11	5140	Endothelium	Endothelium	True	BCM_22_0075	311	4829	Endothelium	False	True	True	False	False	
评估卷(RUN5)	Q6::11	5140	Endothelium	Endothelium	True	BCM_22_0200	30	5110	Endothelium	False	True	True	False	False	
评估卷(RUN5)	Q6::11	5140	Endothelium	Endothelium	True	BCM_22_0389	54	5086	Endothelium	False	True	True	False	False	
评估卷(RUN5)	Q6::11	5140	Endothelium	Endothelium	True	BCM_22_0434	530	4610	Endothelium	False	True	True	False	False	
评估卷(RUN5)	Q6::11	5140	Endothelium	Endothelium	True	BCM_22_0458	486	4654	Endothelium	False	True	True	False	False	
评估卷(RUN5)	Q6::11	5140	Endothelium	Endothelium	True	BCM_22_0485	240	4900	Endothelium	False	True	True	False	False	
评估卷(RUN5)	Q6::11	5140	Endothelium	Endothelium	True	BCM_22_0496	547	4593	Endothelium	False	True	True	False	False	
评估卷(RUN5)	Q6::11	5140	Endothelium	Endothelium	True	BCM_22_0500	162	4978	Endothelium	False	True	True	False	False	
评估卷(RUN5)	Q6::11	5140	Endothelium	Endothelium	True	BCM_22_0528	39	5101	Endothelium	False	True	True	False	False	
评估卷(RUN5)	Q6::11	5140	Endothelium	Endothelium	True	BCM_22_0698	196	4944	Endothelium	False	True	True	False	False	
评估卷(RUN5)	Q6::11	5140	Endothelium	Endothelium	True	BCM_22_0769	59	5081	Endothelium	False	True	True	False	False	
评估卷(RUN5)	Q6::11	5140	Endothelium	Endothelium	True	BCM_22_0784	319	4821	Endothelium	False	True	True	False	False	
评估卷(RUN5)	Q6::11	5140	Endothelium	Endothelium	True	BCM_22_0890	126	5014	Endothelium	False	True	True	False	False	
评估卷(RUN5)	Q6::11	5140	Endothelium	Endothelium	True	BCM_22_0952	172	4968	Endothelium	False	True	True	False	False	
评估卷(RUN5)	Q6::11	5140	Endothelium	Endothelium	True	BCM_23_0170	92	5048	Endothelium	False	True	True	False	False	
评估卷(RUN5)	Q6::11	5140	Endothelium	Endothelium	True	BCM_23_0222	166	4974	Endothelium	False	True	True	False	False	
评估卷(RUN5)	Q6::11	5140	Endothelium	Endothelium	True	BCM_23_0224	42	5098	Endothelium	False	True	True	False	False	
评估卷(RUN5)	Q6::11	5140	Endothelium	Endothelium	True	BCM_23_0229	145	4995	Endothelium	False	True	True	False	False	
评估卷(RUN5)	Q6::11	5140	Endothelium	Endothelium	True	BCM_23_0358	75	5065	Endothelium	False	True	True	False	False	
评估卷(RUN5)	Q6::11	5140	Endothelium	Endothelium	True	BCM_23_0362	205	4935	Endothelium	False	True	True	False	False	
评估卷(RUN5)	Q6::11	5140	Endothelium	Endothelium	True	LEI_22_49449	275	4865	Endothelium	False	True	True	False	False	
评估卷(RUN5)	Q6::11	5140	Endothelium	Endothelium	True	chakravarti_Cornea3	3	5137	Endothelium	False	True	True	False	False	
评估卷(RUN5)	Q6::11	5140	Endothelium	Endothelium	True	chen_donor1	8	5132	Endothelium	False	True	True	False	False	
评估卷(RUN5)	Q6::11	5140	Endothelium	Endothelium	True	dickman_Cornea06	3	5137	Endothelium	False	True	True	False	False	
评估卷(RUN5)	Q6::11	5140	Endothelium	Endothelium	True	li_donor73	3	5137	Endothelium	False	True	True	False	False	
评估卷(RUN5)	Q6::11	5140	Endothelium	Endothelium	True	li_donor75	8	5132	Endothelium	False	True	True	False	False	
评估卷(RUN5)	Q6::11	5140	Endothelium	Endothelium	True	li_donor76	4	5136	Endothelium	False	True	True	False	False	
评估卷(RUN5)	Q6::11	5140	Endothelium	Endothelium	True	shi_donor1	86	5054	Endothelium	False	True	True	False	False	
评估卷(RUN5)	Q6::11	5140	Endothelium	Endothelium	True	shi_donor2	123	5017	Endothelium	False	True	True	False	False	
评估卷(RUN5)	Q6::11	5140	Endothelium	Endothelium	True	shi_donor3	169	4971	Endothelium	False	True	True	False	False	
评估卷(RUN5)	Q6::11	5140	Endothelium	Endothelium	True	shi_donor4	53	5087	Endothelium	False	True	True	False	False	
评估卷(RUN5)	Q6::13	7357	Fibroblasts	Fibroblasts	True	246Z	17	7340	Fibroblasts	False	True	True	False	False	
评估卷(RUN5)	Q6::13	7357	Fibroblasts	Fibroblasts	True	257T	45	7312	Fibroblasts	False	True	True	False	False	
评估卷(RUN5)	Q6::13	7357	Fibroblasts	Fibroblasts	True	283P	37	7320	Fibroblasts	False	True	True	False	False	
评估卷(RUN5)	Q6::13	7357	Fibroblasts	Fibroblasts	True	719I	15	7342	Fibroblasts	False	True	True	False	False	
评估卷(RUN5)	Q6::13	7357	Fibroblasts	Fibroblasts	True	Atlanta_A230245	309	7048	Fibroblasts	False	True	True	False	False	
评估卷(RUN5)	Q6::13	7357	Fibroblasts	Fibroblasts	True	BCM_21_0933	70	7287	Fibroblasts	False	True	True	False	False	
评估卷(RUN5)	Q6::13	7357	Fibroblasts	Fibroblasts	True	BCM_21_0999	23	7334	Fibroblasts	False	True	True	False	False	
评估卷(RUN5)	Q6::13	7357	Fibroblasts	Fibroblasts	True	BCM_21_3104	13	7344	Fibroblasts	False	True	True	False	False	
评估卷(RUN5)	Q6::13	7357	Fibroblasts	Fibroblasts	True	BCM_22_0075	38	7319	Fibroblasts	False	True	True	False	False	
评估卷(RUN5)	Q6::13	7357	Fibroblasts	Fibroblasts	True	BCM_22_0200	160	7197	Fibroblasts	False	True	True	False	False	
评估卷(RUN5)	Q6::13	7357	Fibroblasts	Fibroblasts	True	BCM_22_0389	867	6490	Fibroblasts	False	True	True	False	False	
评估卷(RUN5)	Q6::13	7357	Fibroblasts	Fibroblasts	True	BCM_22_0434	632	6725	Fibroblasts	False	True	True	False	False	
评估卷(RUN5)	Q6::13	7357	Fibroblasts	Fibroblasts	True	BCM_22_0458	1843	5514	Fibroblasts	False	True	True	False	False	
评估卷(RUN5)	Q6::13	7357	Fibroblasts	Fibroblasts	True	BCM_22_0485	62	7295	Fibroblasts	False	True	True	False	False	
评估卷(RUN5)	Q6::13	7357	Fibroblasts	Fibroblasts	True	BCM_22_0496	83	7274	Fibroblasts	False	True	True	False	False	
评估卷(RUN5)	Q6::13	7357	Fibroblasts	Fibroblasts	True	BCM_22_0500	419	6938	Fibroblasts	False	True	True	False	False	
评估卷(RUN5)	Q6::13	7357	Fibroblasts	Fibroblasts	True	BCM_22_0528	360	6997	Fibroblasts	False	True	True	False	False	
评估卷(RUN5)	Q6::13	7357	Fibroblasts	Fibroblasts	True	BCM_22_0769	288	7069	Fibroblasts	False	True	True	False	False	
评估卷(RUN5)	Q6::13	7357	Fibroblasts	Fibroblasts	True	BCM_22_0784	200	7157	Fibroblasts	False	True	True	False	False	
评估卷(RUN5)	Q6::13	7357	Fibroblasts	Fibroblasts	True	BCM_22_0890	104	7253	Fibroblasts	False	True	True	False	False	
评估卷(RUN5)	Q6::13	7357	Fibroblasts	Fibroblasts	True	BCM_22_0952	324	7033	Fibroblasts	False	True	True	False	False	
评估卷(RUN5)	Q6::13	7357	Fibroblasts	Fibroblasts	True	BCM_23_0170	14	7343	Fibroblasts	False	True	True	False	False	
评估卷(RUN5)	Q6::13	7357	Fibroblasts	Fibroblasts	True	BCM_23_0222	22	7335	Fibroblasts	False	True	True	False	False	
评估卷(RUN5)	Q6::13	7357	Fibroblasts	Fibroblasts	True	BCM_23_0224	6	7351	Fibroblasts	False	True	True	False	False	
评估卷(RUN5)	Q6::13	7357	Fibroblasts	Fibroblasts	True	BCM_23_0229	319	7038	Fibroblasts	False	True	True	False	False	
评估卷(RUN5)	Q6::13	7357	Fibroblasts	Fibroblasts	True	BCM_23_0358	185	7172	Fibroblasts	False	True	True	False	False	
评估卷(RUN5)	Q6::13	7357	Fibroblasts	Fibroblasts	True	BCM_23_0362	197	7160	Fibroblasts	False	True	True	False	False	
评估卷(RUN5)	Q6::13	7357	Fibroblasts	Fibroblasts	True	LEI_22_49449	418	6939	Fibroblasts	False	True	True	False	False	
评估卷(RUN5)	Q6::13	7357	Fibroblasts	Fibroblasts	True	chakravarti_Cornea1	14	7343	Fibroblasts	False	True	True	False	False	
评估卷(RUN5)	Q6::13	7357	Fibroblasts	Fibroblasts	True	chakravarti_Cornea2	20	7337	Fibroblasts	False	True	True	False	False	
评估卷(RUN5)	Q6::13	7357	Fibroblasts	Fibroblasts	True	chakravarti_Cornea3	143	7214	Fibroblasts	False	True	True	False	False	
评估卷(RUN5)	Q6::13	7357	Fibroblasts	Fibroblasts	True	chen_donor1	3	7354	Fibroblasts	False	True	True	False	False	
评估卷(RUN5)	Q6::13	7357	Fibroblasts	Fibroblasts	True	dickman_Cornea02	11	7346	Fibroblasts	False	True	True	False	False	
评估卷(RUN5)	Q6::13	7357	Fibroblasts	Fibroblasts	True	dickman_Cornea06	3	7354	Fibroblasts	False	True	True	False	False	
评估卷(RUN5)	Q6::13	7357	Fibroblasts	Fibroblasts	True	li_donor72	1	7356	Fibroblasts	False	True	True	False	False	
评估卷(RUN5)	Q6::13	7357	Fibroblasts	Fibroblasts	True	li_donor73	3	7354	Fibroblasts	False	True	True	False	False	
评估卷(RUN5)	Q6::13	7357	Fibroblasts	Fibroblasts	True	li_donor75	19	7338	Fibroblasts	False	True	True	False	False	
评估卷(RUN5)	Q6::13	7357	Fibroblasts	Fibroblasts	True	shi_donor1	5	7352	Fibroblasts	False	True	True	False	False	
评估卷(RUN5)	Q6::13	7357	Fibroblasts	Fibroblasts	True	shi_donor2	39	7318	Fibroblasts	False	True	True	False	False	
评估卷(RUN5)	Q6::13	7357	Fibroblasts	Fibroblasts	True	shi_donor3	24	7333	Fibroblasts	False	True	True	False	False	
评估卷(RUN5)	Q6::13	7357	Fibroblasts	Fibroblasts	True	shi_donor4	2	7355	Fibroblasts	False	True	True	False	False	
评估卷(RUN5)	Q6::14	1931	Fibroblasts	Fibroblasts	True	Atlanta_A230245	21	1910	Fibroblasts	False	True	True	False	False	
评估卷(RUN5)	Q6::14	1931	Fibroblasts	Fibroblasts	True	BCM_21_0999	2	1929	Fibroblasts	False	True	True	False	False	
评估卷(RUN5)	Q6::14	1931	Fibroblasts	Fibroblasts	True	BCM_21_3104	4	1927	Fibroblasts	False	True	True	False	False	
评估卷(RUN5)	Q6::14	1931	Fibroblasts	Fibroblasts	True	BCM_22_0075	6	1925	Fibroblasts	False	True	True	False	False	
评估卷(RUN5)	Q6::14	1931	Fibroblasts	Fibroblasts	True	BCM_22_0200	1	1930	Fibroblasts	False	True	True	False	False	
评估卷(RUN5)	Q6::14	1931	Fibroblasts	Fibroblasts	True	BCM_22_0389	7	1924	Fibroblasts	False	True	True	False	False	
评估卷(RUN5)	Q6::14	1931	Fibroblasts	Fibroblasts	True	BCM_22_0434	9	1922	Fibroblasts	False	True	True	False	False	
评估卷(RUN5)	Q6::14	1931	Fibroblasts	Fibroblasts	True	BCM_22_0458	8	1923	Fibroblasts	False	True	True	False	False	
评估卷(RUN5)	Q6::14	1931	Fibroblasts	Fibroblasts	True	BCM_22_0500	8	1923	Fibroblasts	False	True	True	False	False	
评估卷(RUN5)	Q6::14	1931	Fibroblasts	Fibroblasts	True	BCM_22_0528	6	1925	Fibroblasts	False	True	True	False	False	
评估卷(RUN5)	Q6::14	1931	Fibroblasts	Fibroblasts	True	BCM_22_0769	4	1927	Fibroblasts	False	True	True	False	False	
评估卷(RUN5)	Q6::14	1931	Fibroblasts	Fibroblasts	True	BCM_22_0784	425	1506	Fibroblasts	False	True	True	False	False	
评估卷(RUN5)	Q6::14	1931	Fibroblasts	Fibroblasts	True	BCM_23_0229	13	1918	Fibroblasts	False	True	True	False	False	
评估卷(RUN5)	Q6::14	1931	Fibroblasts	Fibroblasts	True	BCM_23_0358	8	1923	Fibroblasts	False	True	True	False	False	
评估卷(RUN5)	Q6::14	1931	Fibroblasts	Fibroblasts	True	chakravarti_Cornea1	1005	926	Fibroblasts	False	True	True	False	False	
评估卷(RUN5)	Q6::14	1931	Fibroblasts	Fibroblasts	True	chakravarti_Cornea2	6	1925	Fibroblasts	False	True	True	False	False	
评估卷(RUN5)	Q6::14	1931	Fibroblasts	Fibroblasts	True	chakravarti_Cornea3	383	1548	Fibroblasts	False	True	True	False	False	
评估卷(RUN5)	Q6::14	1931	Fibroblasts	Fibroblasts	True	chen_donor1	1	1930	Fibroblasts	False	True	True	False	False	
评估卷(RUN5)	Q6::14	1931	Fibroblasts	Fibroblasts	True	dickman_Cornea02	2	1929	Fibroblasts	False	True	True	False	False	
评估卷(RUN5)	Q6::14	1931	Fibroblasts	Fibroblasts	True	dickman_Cornea03	3	1928	Fibroblasts	False	True	True	False	False	
评估卷(RUN5)	Q6::14	1931	Fibroblasts	Fibroblasts	True	dickman_Cornea04	1	1930	Fibroblasts	False	True	True	False	False	
评估卷(RUN5)	Q6::14	1931	Fibroblasts	Fibroblasts	True	dickman_Cornea05	1	1930	Fibroblasts	False	True	True	False	False	
评估卷(RUN5)	Q6::14	1931	Fibroblasts	Fibroblasts	True	shi_donor1	3	1928	Fibroblasts	False	True	True	False	False	
评估卷(RUN5)	Q6::14	1931	Fibroblasts	Fibroblasts	True	shi_donor3	3	1928	Fibroblasts	False	True	True	False	False	
评估卷(RUN5)	Q6::14	1931	Fibroblasts	Fibroblasts	True	shi_donor4	1	1930	Fibroblasts	False	True	True	False	False	
评估卷(RUN5)	Q6::15	7128	Fibroblasts	Fibroblasts	True	246Z	97	7031	Fibroblasts	False	True	True	False	False	
评估卷(RUN5)	Q6::15	7128	Fibroblasts	Fibroblasts	True	257T	152	6976	Fibroblasts	False	True	True	False	False	
评估卷(RUN5)	Q6::15	7128	Fibroblasts	Fibroblasts	True	283P	115	7013	Fibroblasts	False	True	True	False	False	
评估卷(RUN5)	Q6::15	7128	Fibroblasts	Fibroblasts	True	719I	10	7118	Fibroblasts	False	True	True	False	False	
评估卷(RUN5)	Q6::15	7128	Fibroblasts	Fibroblasts	True	Atlanta_A230245	267	6861	Fibroblasts	False	True	True	False	False	
评估卷(RUN5)	Q6::15	7128	Fibroblasts	Fibroblasts	True	BCM_21_0933	2	7126	Fibroblasts	False	True	True	False	False	
评估卷(RUN5)	Q6::15	7128	Fibroblasts	Fibroblasts	True	BCM_21_0999	3	7125	Fibroblasts	False	True	True	False	False	
评估卷(RUN5)	Q6::15	7128	Fibroblasts	Fibroblasts	True	BCM_21_3104	519	6609	Fibroblasts	False	True	True	False	False	
评估卷(RUN5)	Q6::15	7128	Fibroblasts	Fibroblasts	True	BCM_22_0075	199	6929	Fibroblasts	False	True	True	False	False	
评估卷(RUN5)	Q6::15	7128	Fibroblasts	Fibroblasts	True	BCM_22_0200	243	6885	Fibroblasts	False	True	True	False	False	
评估卷(RUN5)	Q6::15	7128	Fibroblasts	Fibroblasts	True	BCM_22_0389	2176	4952	Fibroblasts	False	True	True	False	False	
评估卷(RUN5)	Q6::15	7128	Fibroblasts	Fibroblasts	True	BCM_22_0434	259	6869	Fibroblasts	False	True	True	False	False	
评估卷(RUN5)	Q6::15	7128	Fibroblasts	Fibroblasts	True	BCM_22_0458	3	7125	Fibroblasts	False	True	True	False	False	
评估卷(RUN5)	Q6::15	7128	Fibroblasts	Fibroblasts	True	BCM_22_0485	9	7119	Fibroblasts	False	True	True	False	False	
评估卷(RUN5)	Q6::15	7128	Fibroblasts	Fibroblasts	True	BCM_22_0496	30	7098	Fibroblasts	False	True	True	False	False	
评估卷(RUN5)	Q6::15	7128	Fibroblasts	Fibroblasts	True	BCM_22_0500	738	6390	Fibroblasts	False	True	True	False	False	
评估卷(RUN5)	Q6::15	7128	Fibroblasts	Fibroblasts	True	BCM_22_0528	118	7010	Fibroblasts	False	True	True	False	False	
评估卷(RUN5)	Q6::15	7128	Fibroblasts	Fibroblasts	True	BCM_22_0769	346	6782	Fibroblasts	False	True	True	False	False	
评估卷(RUN5)	Q6::15	7128	Fibroblasts	Fibroblasts	True	BCM_22_0784	22	7106	Fibroblasts	False	True	True	False	False	
评估卷(RUN5)	Q6::15	7128	Fibroblasts	Fibroblasts	True	BCM_22_0890	6	7122	Fibroblasts	False	True	True	False	False	
评估卷(RUN5)	Q6::15	7128	Fibroblasts	Fibroblasts	True	BCM_22_0952	7	7121	Fibroblasts	False	True	True	False	False	
评估卷(RUN5)	Q6::15	7128	Fibroblasts	Fibroblasts	True	BCM_23_0222	1	7127	Fibroblasts	False	True	True	False	False	
评估卷(RUN5)	Q6::15	7128	Fibroblasts	Fibroblasts	True	BCM_23_0229	55	7073	Fibroblasts	False	True	True	False	False	
评估卷(RUN5)	Q6::15	7128	Fibroblasts	Fibroblasts	True	BCM_23_0358	21	7107	Fibroblasts	False	True	True	False	False	
评估卷(RUN5)	Q6::15	7128	Fibroblasts	Fibroblasts	True	BCM_23_0362	46	7082	Fibroblasts	False	True	True	False	False	
评估卷(RUN5)	Q6::15	7128	Fibroblasts	Fibroblasts	True	LEI_22_49449	213	6915	Fibroblasts	False	True	True	False	False	
评估卷(RUN5)	Q6::15	7128	Fibroblasts	Fibroblasts	True	chakravarti_Cornea1	38	7090	Fibroblasts	False	True	True	False	False	
评估卷(RUN5)	Q6::15	7128	Fibroblasts	Fibroblasts	True	chakravarti_Cornea2	29	7099	Fibroblasts	False	True	True	False	False	
评估卷(RUN5)	Q6::15	7128	Fibroblasts	Fibroblasts	True	chakravarti_Cornea3	77	7051	Fibroblasts	False	True	True	False	False	
评估卷(RUN5)	Q6::15	7128	Fibroblasts	Fibroblasts	True	dickman_Cornea01	484	6644	Fibroblasts	False	True	True	False	False	
评估卷(RUN5)	Q6::15	7128	Fibroblasts	Fibroblasts	True	dickman_Cornea02	244	6884	Fibroblasts	False	True	True	False	False	
评估卷(RUN5)	Q6::15	7128	Fibroblasts	Fibroblasts	True	dickman_Cornea03	226	6902	Fibroblasts	False	True	True	False	False	
评估卷(RUN5)	Q6::15	7128	Fibroblasts	Fibroblasts	True	dickman_Cornea04	289	6839	Fibroblasts	False	True	True	False	False	
评估卷(RUN5)	Q6::15	7128	Fibroblasts	Fibroblasts	True	dickman_Cornea05	13	7115	Fibroblasts	False	True	True	False	False	
评估卷(RUN5)	Q6::15	7128	Fibroblasts	Fibroblasts	True	dickman_Cornea06	13	7115	Fibroblasts	False	True	True	False	False	
评估卷(RUN5)	Q6::15	7128	Fibroblasts	Fibroblasts	True	shi_donor2	22	7106	Fibroblasts	False	True	True	False	False	
评估卷(RUN5)	Q6::15	7128	Fibroblasts	Fibroblasts	True	shi_donor3	33	7095	Fibroblasts	False	True	True	False	False	
评估卷(RUN5)	Q6::15	7128	Fibroblasts	Fibroblasts	True	shi_donor4	3	7125	Fibroblasts	False	True	True	False	False	
评估卷(RUN5)	Q6::17	982	Schwann Cells	Schwann Cells	True	246Z	4	978	Schwann Cells	False	True	True	False	False	
评估卷(RUN5)	Q6::17	982	Schwann Cells	Schwann Cells	True	257T	7	975	Schwann Cells	False	True	True	False	False	
评估卷(RUN5)	Q6::17	982	Schwann Cells	Schwann Cells	True	283P	1	981	Schwann Cells	False	True	True	False	False	
评估卷(RUN5)	Q6::17	982	Schwann Cells	Schwann Cells	True	719I	4	978	Schwann Cells	False	True	True	False	False	
评估卷(RUN5)	Q6::17	982	Schwann Cells	Schwann Cells	True	Atlanta_A230245	43	939	Schwann Cells	False	True	True	False	False	
评估卷(RUN5)	Q6::17	982	Schwann Cells	Schwann Cells	True	BCM_21_0999	11	971	Schwann Cells	False	True	True	False	False	
评估卷(RUN5)	Q6::17	982	Schwann Cells	Schwann Cells	True	BCM_21_3104	3	979	Schwann Cells	False	True	True	False	False	
评估卷(RUN5)	Q6::17	982	Schwann Cells	Schwann Cells	True	BCM_22_0075	30	952	Schwann Cells	False	True	True	False	False	
评估卷(RUN5)	Q6::17	982	Schwann Cells	Schwann Cells	True	BCM_22_0200	3	979	Schwann Cells	False	True	True	False	False	
评估卷(RUN5)	Q6::17	982	Schwann Cells	Schwann Cells	True	BCM_22_0389	2	980	Schwann Cells	False	True	True	False	False	
评估卷(RUN5)	Q6::17	982	Schwann Cells	Schwann Cells	True	BCM_22_0434	48	934	Schwann Cells	False	True	True	False	False	
评估卷(RUN5)	Q6::17	982	Schwann Cells	Schwann Cells	True	BCM_22_0458	159	823	Schwann Cells	False	True	True	False	False	
评估卷(RUN5)	Q6::17	982	Schwann Cells	Schwann Cells	True	BCM_22_0485	106	876	Schwann Cells	False	True	True	False	False	
评估卷(RUN5)	Q6::17	982	Schwann Cells	Schwann Cells	True	BCM_22_0496	143	839	Schwann Cells	False	True	True	False	False	
评估卷(RUN5)	Q6::17	982	Schwann Cells	Schwann Cells	True	BCM_22_0500	25	957	Schwann Cells	False	True	True	False	False	
评估卷(RUN5)	Q6::17	982	Schwann Cells	Schwann Cells	True	BCM_22_0528	11	971	Schwann Cells	False	True	True	False	False	
评估卷(RUN5)	Q6::17	982	Schwann Cells	Schwann Cells	True	BCM_22_0698	58	924	Schwann Cells	False	True	True	False	False	
评估卷(RUN5)	Q6::17	982	Schwann Cells	Schwann Cells	True	BCM_22_0769	27	955	Schwann Cells	False	True	True	False	False	
评估卷(RUN5)	Q6::17	982	Schwann Cells	Schwann Cells	True	BCM_22_0784	37	945	Schwann Cells	False	True	True	False	False	
评估卷(RUN5)	Q6::17	982	Schwann Cells	Schwann Cells	True	BCM_22_0890	8	974	Schwann Cells	False	True	True	False	False	
评估卷(RUN5)	Q6::17	982	Schwann Cells	Schwann Cells	True	BCM_22_0952	7	975	Schwann Cells	False	True	True	False	False	
评估卷(RUN5)	Q6::17	982	Schwann Cells	Schwann Cells	True	BCM_23_0222	6	976	Schwann Cells	False	True	True	False	False	
评估卷(RUN5)	Q6::17	982	Schwann Cells	Schwann Cells	True	BCM_23_0224	3	979	Schwann Cells	False	True	True	False	False	
评估卷(RUN5)	Q6::17	982	Schwann Cells	Schwann Cells	True	BCM_23_0229	9	973	Schwann Cells	False	True	True	False	False	
评估卷(RUN5)	Q6::17	982	Schwann Cells	Schwann Cells	True	BCM_23_0358	3	979	Schwann Cells	False	True	True	False	False	
评估卷(RUN5)	Q6::17	982	Schwann Cells	Schwann Cells	True	BCM_23_0362	101	881	Schwann Cells	False	True	True	False	False	
评估卷(RUN5)	Q6::17	982	Schwann Cells	Schwann Cells	True	LEI_22_49449	23	959	Schwann Cells	False	True	True	False	False	
评估卷(RUN5)	Q6::17	982	Schwann Cells	Schwann Cells	True	chakravarti_Cornea3	42	940	Schwann Cells	False	True	True	False	False	
评估卷(RUN5)	Q6::17	982	Schwann Cells	Schwann Cells	True	li_donor73	4	978	Schwann Cells	False	True	True	False	False	
评估卷(RUN5)	Q6::17	982	Schwann Cells	Schwann Cells	True	shi_donor1	13	969	Schwann Cells	False	True	True	False	False	
评估卷(RUN5)	Q6::17	982	Schwann Cells	Schwann Cells	True	shi_donor2	13	969	Schwann Cells	False	True	True	False	False	
评估卷(RUN5)	Q6::17	982	Schwann Cells	Schwann Cells	True	shi_donor3	18	964	Schwann Cells	False	True	True	False	False	
评估卷(RUN5)	Q6::17	982	Schwann Cells	Schwann Cells	True	shi_donor4	10	972	Schwann Cells	False	True	True	False	False	
评估卷(RUN5)	Q6::19	2707	Fibroblasts	Fibroblasts	True	246Z	2	2705	Fibroblasts	False	True	True	False	False	
评估卷(RUN5)	Q6::19	2707	Fibroblasts	Fibroblasts	True	283P	2	2705	Fibroblasts	False	True	True	False	False	
评估卷(RUN5)	Q6::19	2707	Fibroblasts	Fibroblasts	True	Atlanta_A230245	2	2705	Fibroblasts	False	True	True	False	False	
评估卷(RUN5)	Q6::19	2707	Fibroblasts	Fibroblasts	True	BCM_21_0933	1	2706	Fibroblasts	False	True	True	False	False	
评估卷(RUN5)	Q6::19	2707	Fibroblasts	Fibroblasts	True	BCM_21_0999	3	2704	Fibroblasts	False	True	True	False	False	
评估卷(RUN5)	Q6::19	2707	Fibroblasts	Fibroblasts	True	BCM_21_3104	1	2706	Fibroblasts	False	True	True	False	False	
评估卷(RUN5)	Q6::19	2707	Fibroblasts	Fibroblasts	True	BCM_22_0200	3	2704	Fibroblasts	False	True	True	False	False	
评估卷(RUN5)	Q6::19	2707	Fibroblasts	Fibroblasts	True	BCM_22_0434	25	2682	Fibroblasts	False	True	True	False	False	
评估卷(RUN5)	Q6::19	2707	Fibroblasts	Fibroblasts	True	BCM_22_0458	7	2700	Fibroblasts	False	True	True	False	False	
评估卷(RUN5)	Q6::19	2707	Fibroblasts	Fibroblasts	True	BCM_22_0485	1518	1189	Fibroblasts	False	True	True	False	False	
评估卷(RUN5)	Q6::19	2707	Fibroblasts	Fibroblasts	True	BCM_22_0496	885	1822	Fibroblasts	False	True	True	False	False	
评估卷(RUN5)	Q6::19	2707	Fibroblasts	Fibroblasts	True	BCM_22_0500	11	2696	Fibroblasts	False	True	True	False	False	
评估卷(RUN5)	Q6::19	2707	Fibroblasts	Fibroblasts	True	BCM_22_0528	8	2699	Fibroblasts	False	True	True	False	False	
评估卷(RUN5)	Q6::19	2707	Fibroblasts	Fibroblasts	True	BCM_22_0698	127	2580	Fibroblasts	False	True	True	False	False	
评估卷(RUN5)	Q6::19	2707	Fibroblasts	Fibroblasts	True	BCM_22_0769	47	2660	Fibroblasts	False	True	True	False	False	
评估卷(RUN5)	Q6::19	2707	Fibroblasts	Fibroblasts	True	BCM_22_0784	3	2704	Fibroblasts	False	True	True	False	False	
评估卷(RUN5)	Q6::19	2707	Fibroblasts	Fibroblasts	True	BCM_22_0890	9	2698	Fibroblasts	False	True	True	False	False	
评估卷(RUN5)	Q6::19	2707	Fibroblasts	Fibroblasts	True	BCM_22_0952	14	2693	Fibroblasts	False	True	True	False	False	
评估卷(RUN5)	Q6::19	2707	Fibroblasts	Fibroblasts	True	BCM_23_0222	1	2706	Fibroblasts	False	True	True	False	False	
评估卷(RUN5)	Q6::19	2707	Fibroblasts	Fibroblasts	True	BCM_23_0229	1	2706	Fibroblasts	False	True	True	False	False	
评估卷(RUN5)	Q6::19	2707	Fibroblasts	Fibroblasts	True	BCM_23_0358	2	2705	Fibroblasts	False	True	True	False	False	
评估卷(RUN5)	Q6::19	2707	Fibroblasts	Fibroblasts	True	BCM_23_0362	3	2704	Fibroblasts	False	True	True	False	False	
评估卷(RUN5)	Q6::19	2707	Fibroblasts	Fibroblasts	True	LEI_22_49449	11	2696	Fibroblasts	False	True	True	False	False	
评估卷(RUN5)	Q6::19	2707	Fibroblasts	Fibroblasts	True	chakravarti_Cornea2	9	2698	Fibroblasts	False	True	True	False	False	
评估卷(RUN5)	Q6::19	2707	Fibroblasts	Fibroblasts	True	chakravarti_Cornea3	3	2704	Fibroblasts	False	True	True	False	False	
评估卷(RUN5)	Q6::19	2707	Fibroblasts	Fibroblasts	True	dickman_Cornea02	6	2701	Fibroblasts	False	True	True	False	False	
评估卷(RUN5)	Q6::19	2707	Fibroblasts	Fibroblasts	True	li_donor75	1	2706	Fibroblasts	False	True	True	False	False	
评估卷(RUN5)	Q6::19	2707	Fibroblasts	Fibroblasts	True	shi_donor2	1	2706	Fibroblasts	False	True	True	False	False	
评估卷(RUN5)	Q6::19	2707	Fibroblasts	Fibroblasts	True	shi_donor3	1	2706	Fibroblasts	False	True	True	False	False	
评估卷(RUN5)	Q6::20	4542	Epithelium	Epithelium	True	246Z	12	4530	Epithelium	False	True	True	False	False	
评估卷(RUN5)	Q6::20	4542	Epithelium	Epithelium	True	257T	47	4495	Epithelium	False	True	True	False	False	
评估卷(RUN5)	Q6::20	4542	Epithelium	Epithelium	True	283P	43	4499	Epithelium	False	True	True	False	False	
评估卷(RUN5)	Q6::20	4542	Epithelium	Epithelium	True	719I	16	4526	Epithelium	False	True	True	False	False	
评估卷(RUN5)	Q6::20	4542	Epithelium	Epithelium	True	Atlanta_A230245	6	4536	Epithelium	False	True	True	False	False	
评估卷(RUN5)	Q6::20	4542	Epithelium	Epithelium	True	BCM_21_0933	26	4516	Epithelium	False	True	True	False	False	
评估卷(RUN5)	Q6::20	4542	Epithelium	Epithelium	True	BCM_21_0999	2	4540	Epithelium	False	True	True	False	False	
评估卷(RUN5)	Q6::20	4542	Epithelium	Epithelium	True	BCM_21_3104	161	4381	Epithelium	False	True	True	False	False	
评估卷(RUN5)	Q6::20	4542	Epithelium	Epithelium	True	BCM_22_0075	27	4515	Epithelium	False	True	True	False	False	
评估卷(RUN5)	Q6::20	4542	Epithelium	Epithelium	True	BCM_22_0200	449	4093	Epithelium	False	True	True	False	False	
评估卷(RUN5)	Q6::20	4542	Epithelium	Epithelium	True	BCM_22_0389	48	4494	Epithelium	False	True	True	False	False	
评估卷(RUN5)	Q6::20	4542	Epithelium	Epithelium	True	BCM_22_0434	290	4252	Epithelium	False	True	True	False	False	
评估卷(RUN5)	Q6::20	4542	Epithelium	Epithelium	True	BCM_22_0485	47	4495	Epithelium	False	True	True	False	False	
评估卷(RUN5)	Q6::20	4542	Epithelium	Epithelium	True	BCM_22_0496	160	4382	Epithelium	False	True	True	False	False	
评估卷(RUN5)	Q6::20	4542	Epithelium	Epithelium	True	BCM_22_0500	62	4480	Epithelium	False	True	True	False	False	
评估卷(RUN5)	Q6::20	4542	Epithelium	Epithelium	True	BCM_22_0528	14	4528	Epithelium	False	True	True	False	False	
评估卷(RUN5)	Q6::20	4542	Epithelium	Epithelium	True	BCM_22_0698	27	4515	Epithelium	False	True	True	False	False	
评估卷(RUN5)	Q6::20	4542	Epithelium	Epithelium	True	BCM_22_0769	68	4474	Epithelium	False	True	True	False	False	
评估卷(RUN5)	Q6::20	4542	Epithelium	Epithelium	True	BCM_22_0784	6	4536	Epithelium	False	True	True	False	False	
评估卷(RUN5)	Q6::20	4542	Epithelium	Epithelium	True	BCM_22_0890	81	4461	Epithelium	False	True	True	False	False	
评估卷(RUN5)	Q6::20	4542	Epithelium	Epithelium	True	BCM_22_0952	376	4166	Epithelium	False	True	True	False	False	
评估卷(RUN5)	Q6::20	4542	Epithelium	Epithelium	True	BCM_23_0131	23	4519	Epithelium	False	True	True	False	False	
评估卷(RUN5)	Q6::20	4542	Epithelium	Epithelium	True	BCM_23_0170	944	3598	Epithelium	False	True	True	False	False	
评估卷(RUN5)	Q6::20	4542	Epithelium	Epithelium	True	BCM_23_0222	347	4195	Epithelium	False	True	True	False	False	
评估卷(RUN5)	Q6::20	4542	Epithelium	Epithelium	True	BCM_23_0224	17	4525	Epithelium	False	True	True	False	False	
评估卷(RUN5)	Q6::20	4542	Epithelium	Epithelium	True	BCM_23_0229	165	4377	Epithelium	False	True	True	False	False	
评估卷(RUN5)	Q6::20	4542	Epithelium	Epithelium	True	BCM_23_0358	373	4169	Epithelium	False	True	True	False	False	
评估卷(RUN5)	Q6::20	4542	Epithelium	Epithelium	True	BCM_23_0362	13	4529	Epithelium	False	True	True	False	False	
评估卷(RUN5)	Q6::20	4542	Epithelium	Epithelium	True	LEI_22_49449	108	4434	Epithelium	False	True	True	False	False	
评估卷(RUN5)	Q6::20	4542	Epithelium	Epithelium	True	chakravarti_Cornea1	20	4522	Epithelium	False	True	True	False	False	
评估卷(RUN5)	Q6::20	4542	Epithelium	Epithelium	True	chakravarti_Cornea2	2	4540	Epithelium	False	True	True	False	False	
评估卷(RUN5)	Q6::20	4542	Epithelium	Epithelium	True	chakravarti_Cornea3	81	4461	Epithelium	False	True	True	False	False	
评估卷(RUN5)	Q6::20	4542	Epithelium	Epithelium	True	chen_donor1	25	4517	Epithelium	False	True	True	False	False	
评估卷(RUN5)	Q6::20	4542	Epithelium	Epithelium	True	chen_donor2	2	4540	Epithelium	False	True	True	False	False	
评估卷(RUN5)	Q6::20	4542	Epithelium	Epithelium	True	dickman_Cornea01	2	4540	Epithelium	False	True	True	False	False	
评估卷(RUN5)	Q6::20	4542	Epithelium	Epithelium	True	dickman_Cornea02	76	4466	Epithelium	False	True	True	False	False	
评估卷(RUN5)	Q6::20	4542	Epithelium	Epithelium	True	dickman_Cornea03	1	4541	Epithelium	False	True	True	False	False	
评估卷(RUN5)	Q6::20	4542	Epithelium	Epithelium	True	dickman_Cornea04	74	4468	Epithelium	False	True	True	False	False	
评估卷(RUN5)	Q6::20	4542	Epithelium	Epithelium	True	dickman_Cornea05	1	4541	Epithelium	False	True	True	False	False	
评估卷(RUN5)	Q6::20	4542	Epithelium	Epithelium	True	li_donor73	44	4498	Epithelium	False	True	True	False	False	
评估卷(RUN5)	Q6::20	4542	Epithelium	Epithelium	True	li_donor76	253	4289	Epithelium	False	True	True	False	False	
评估卷(RUN5)	Q6::20	4542	Epithelium	Epithelium	True	pooled [dickman_Cornea07,dickman_Cornea08]	1	4541	Epithelium	False	True	True	False	False	
评估卷(RUN5)	Q6::20	4542	Epithelium	Epithelium	True	shi_donor2	2	4540	Epithelium	False	True	True	False	False	
评估卷(RUN5)	Q6::21	4897	Fibroblasts	Fibroblasts	True	246Z	17	4880	Fibroblasts	False	True	True	False	False	
评估卷(RUN5)	Q6::21	4897	Fibroblasts	Fibroblasts	True	257T	24	4873	Fibroblasts	False	True	True	False	False	
评估卷(RUN5)	Q6::21	4897	Fibroblasts	Fibroblasts	True	283P	60	4837	Fibroblasts	False	True	True	False	False	
评估卷(RUN5)	Q6::21	4897	Fibroblasts	Fibroblasts	True	719I	12	4885	Fibroblasts	False	True	True	False	False	
评估卷(RUN5)	Q6::21	4897	Fibroblasts	Fibroblasts	True	Atlanta_A230245	11	4886	Fibroblasts	False	True	True	False	False	
评估卷(RUN5)	Q6::21	4897	Fibroblasts	Fibroblasts	True	BCM_21_0933	1	4896	Fibroblasts	False	True	True	False	False	
评估卷(RUN5)	Q6::21	4897	Fibroblasts	Fibroblasts	True	BCM_21_3104	85	4812	Fibroblasts	False	True	True	False	False	
评估卷(RUN5)	Q6::21	4897	Fibroblasts	Fibroblasts	True	BCM_22_0075	30	4867	Fibroblasts	False	True	True	False	False	
评估卷(RUN5)	Q6::21	4897	Fibroblasts	Fibroblasts	True	BCM_22_0200	26	4871	Fibroblasts	False	True	True	False	False	
评估卷(RUN5)	Q6::21	4897	Fibroblasts	Fibroblasts	True	BCM_22_0389	76	4821	Fibroblasts	False	True	True	False	False	
评估卷(RUN5)	Q6::21	4897	Fibroblasts	Fibroblasts	True	BCM_22_0434	3230	1667	Fibroblasts	False	True	True	False	False	
评估卷(RUN5)	Q6::21	4897	Fibroblasts	Fibroblasts	True	BCM_22_0458	19	4878	Fibroblasts	False	True	True	False	False	
评估卷(RUN5)	Q6::21	4897	Fibroblasts	Fibroblasts	True	BCM_22_0485	10	4887	Fibroblasts	False	True	True	False	False	
评估卷(RUN5)	Q6::21	4897	Fibroblasts	Fibroblasts	True	BCM_22_0496	135	4762	Fibroblasts	False	True	True	False	False	
评估卷(RUN5)	Q6::21	4897	Fibroblasts	Fibroblasts	True	BCM_22_0500	38	4859	Fibroblasts	False	True	True	False	False	
评估卷(RUN5)	Q6::21	4897	Fibroblasts	Fibroblasts	True	BCM_22_0528	20	4877	Fibroblasts	False	True	True	False	False	
评估卷(RUN5)	Q6::21	4897	Fibroblasts	Fibroblasts	True	BCM_22_0769	73	4824	Fibroblasts	False	True	True	False	False	
评估卷(RUN5)	Q6::21	4897	Fibroblasts	Fibroblasts	True	BCM_22_0784	86	4811	Fibroblasts	False	True	True	False	False	
评估卷(RUN5)	Q6::21	4897	Fibroblasts	Fibroblasts	True	BCM_22_0890	50	4847	Fibroblasts	False	True	True	False	False	
评估卷(RUN5)	Q6::21	4897	Fibroblasts	Fibroblasts	True	BCM_22_0952	607	4290	Fibroblasts	False	True	True	False	False	
评估卷(RUN5)	Q6::21	4897	Fibroblasts	Fibroblasts	True	BCM_23_0170	5	4892	Fibroblasts	False	True	True	False	False	
评估卷(RUN5)	Q6::21	4897	Fibroblasts	Fibroblasts	True	BCM_23_0222	10	4887	Fibroblasts	False	True	True	False	False	
评估卷(RUN5)	Q6::21	4897	Fibroblasts	Fibroblasts	True	BCM_23_0224	1	4896	Fibroblasts	False	True	True	False	False	
评估卷(RUN5)	Q6::21	4897	Fibroblasts	Fibroblasts	True	BCM_23_0229	19	4878	Fibroblasts	False	True	True	False	False	
评估卷(RUN5)	Q6::21	4897	Fibroblasts	Fibroblasts	True	BCM_23_0358	163	4734	Fibroblasts	False	True	True	False	False	
评估卷(RUN5)	Q6::21	4897	Fibroblasts	Fibroblasts	True	BCM_23_0362	3	4894	Fibroblasts	False	True	True	False	False	
评估卷(RUN5)	Q6::21	4897	Fibroblasts	Fibroblasts	True	LEI_22_49449	47	4850	Fibroblasts	False	True	True	False	False	
评估卷(RUN5)	Q6::21	4897	Fibroblasts	Fibroblasts	True	chakravarti_Cornea1	8	4889	Fibroblasts	False	True	True	False	False	
评估卷(RUN5)	Q6::21	4897	Fibroblasts	Fibroblasts	True	chakravarti_Cornea2	22	4875	Fibroblasts	False	True	True	False	False	
评估卷(RUN5)	Q6::21	4897	Fibroblasts	Fibroblasts	True	chakravarti_Cornea3	4	4893	Fibroblasts	False	True	True	False	False	
评估卷(RUN5)	Q6::21	4897	Fibroblasts	Fibroblasts	True	dickman_Cornea02	4	4893	Fibroblasts	False	True	True	False	False	
评估卷(RUN5)	Q6::21	4897	Fibroblasts	Fibroblasts	True	dickman_Cornea04	1	4896	Fibroblasts	False	True	True	False	False	
评估卷(RUN5)	Q6::22	1521	Fibroblasts	Fibroblasts	True	246Z	1	1520	Fibroblasts	False	True	True	False	False	
评估卷(RUN5)	Q6::22	1521	Fibroblasts	Fibroblasts	True	257T	1	1520	Fibroblasts	False	True	True	False	False	
评估卷(RUN5)	Q6::22	1521	Fibroblasts	Fibroblasts	True	BCM_21_3104	13	1508	Fibroblasts	False	True	True	False	False	
评估卷(RUN5)	Q6::22	1521	Fibroblasts	Fibroblasts	True	BCM_22_0200	1	1520	Fibroblasts	False	True	True	False	False	
评估卷(RUN5)	Q6::22	1521	Fibroblasts	Fibroblasts	True	BCM_22_0389	1	1520	Fibroblasts	False	True	True	False	False	
评估卷(RUN5)	Q6::22	1521	Fibroblasts	Fibroblasts	True	BCM_22_0434	14	1507	Fibroblasts	False	True	True	False	False	
评估卷(RUN5)	Q6::22	1521	Fibroblasts	Fibroblasts	True	BCM_22_0458	1	1520	Fibroblasts	False	True	True	False	False	
评估卷(RUN5)	Q6::22	1521	Fibroblasts	Fibroblasts	True	BCM_22_0485	1181	340	Fibroblasts	False	True	True	False	False	
评估卷(RUN5)	Q6::22	1521	Fibroblasts	Fibroblasts	True	BCM_22_0496	233	1288	Fibroblasts	False	True	True	False	False	
评估卷(RUN5)	Q6::22	1521	Fibroblasts	Fibroblasts	True	BCM_22_0500	1	1520	Fibroblasts	False	True	True	False	False	
评估卷(RUN5)	Q6::22	1521	Fibroblasts	Fibroblasts	True	BCM_22_0698	1	1520	Fibroblasts	False	True	True	False	False	
评估卷(RUN5)	Q6::22	1521	Fibroblasts	Fibroblasts	True	BCM_22_0769	40	1481	Fibroblasts	False	True	True	False	False	
评估卷(RUN5)	Q6::22	1521	Fibroblasts	Fibroblasts	True	BCM_22_0890	2	1519	Fibroblasts	False	True	True	False	False	
评估卷(RUN5)	Q6::22	1521	Fibroblasts	Fibroblasts	True	BCM_22_0952	3	1518	Fibroblasts	False	True	True	False	False	
评估卷(RUN5)	Q6::22	1521	Fibroblasts	Fibroblasts	True	BCM_23_0229	1	1520	Fibroblasts	False	True	True	False	False	
评估卷(RUN5)	Q6::22	1521	Fibroblasts	Fibroblasts	True	BCM_23_0362	1	1520	Fibroblasts	False	True	True	False	False	
评估卷(RUN5)	Q6::22	1521	Fibroblasts	Fibroblasts	True	LEI_22_49449	2	1519	Fibroblasts	False	True	True	False	False	
评估卷(RUN5)	Q6::22	1521	Fibroblasts	Fibroblasts	True	chakravarti_Cornea2	2	1519	Fibroblasts	False	True	True	False	False	
评估卷(RUN5)	Q6::22	1521	Fibroblasts	Fibroblasts	True	dickman_Cornea02	20	1501	Fibroblasts	False	True	True	False	False	
评估卷(RUN5)	Q6::22	1521	Fibroblasts	Fibroblasts	True	shi_donor1	1	1520	Fibroblasts	False	True	True	False	False	
评估卷(RUN5)	Q6::22	1521	Fibroblasts	Fibroblasts	True	shi_donor2	1	1520	Fibroblasts	False	True	True	False	False	
评估卷(RUN5)	Q6::23	6899	Epithelium	Epithelium	True	246Z	19	6880	Epithelium	False	True	True	False	False	
评估卷(RUN5)	Q6::23	6899	Epithelium	Epithelium	True	257T	38	6861	Epithelium	False	True	True	False	False	
评估卷(RUN5)	Q6::23	6899	Epithelium	Epithelium	True	283P	95	6804	Epithelium	False	True	True	False	False	
评估卷(RUN5)	Q6::23	6899	Epithelium	Epithelium	True	719I	41	6858	Epithelium	False	True	True	False	False	
评估卷(RUN5)	Q6::23	6899	Epithelium	Epithelium	True	Atlanta_A230245	3	6896	Epithelium	False	True	True	False	False	
评估卷(RUN5)	Q6::23	6899	Epithelium	Epithelium	True	BCM_21_0933	39	6860	Epithelium	False	True	True	False	False	
评估卷(RUN5)	Q6::23	6899	Epithelium	Epithelium	True	BCM_21_3104	399	6500	Epithelium	False	True	True	False	False	
评估卷(RUN5)	Q6::23	6899	Epithelium	Epithelium	True	BCM_22_0075	66	6833	Epithelium	False	True	True	False	False	
评估卷(RUN5)	Q6::23	6899	Epithelium	Epithelium	True	BCM_22_0200	651	6248	Epithelium	False	True	True	False	False	
评估卷(RUN5)	Q6::23	6899	Epithelium	Epithelium	True	BCM_22_0389	375	6524	Epithelium	False	True	True	False	False	
评估卷(RUN5)	Q6::23	6899	Epithelium	Epithelium	True	BCM_22_0434	54	6845	Epithelium	False	True	True	False	False	
评估卷(RUN5)	Q6::23	6899	Epithelium	Epithelium	True	BCM_22_0485	38	6861	Epithelium	False	True	True	False	False	
评估卷(RUN5)	Q6::23	6899	Epithelium	Epithelium	True	BCM_22_0496	595	6304	Epithelium	False	True	True	False	False	
评估卷(RUN5)	Q6::23	6899	Epithelium	Epithelium	True	BCM_22_0500	132	6767	Epithelium	False	True	True	False	False	
评估卷(RUN5)	Q6::23	6899	Epithelium	Epithelium	True	BCM_22_0528	35	6864	Epithelium	False	True	True	False	False	
评估卷(RUN5)	Q6::23	6899	Epithelium	Epithelium	True	BCM_22_0698	44	6855	Epithelium	False	True	True	False	False	
评估卷(RUN5)	Q6::23	6899	Epithelium	Epithelium	True	BCM_22_0769	65	6834	Epithelium	False	True	True	False	False	
评估卷(RUN5)	Q6::23	6899	Epithelium	Epithelium	True	BCM_22_0784	15	6884	Epithelium	False	True	True	False	False	
评估卷(RUN5)	Q6::23	6899	Epithelium	Epithelium	True	BCM_22_0890	60	6839	Epithelium	False	True	True	False	False	
评估卷(RUN5)	Q6::23	6899	Epithelium	Epithelium	True	BCM_22_0952	487	6412	Epithelium	False	True	True	False	False	
评估卷(RUN5)	Q6::23	6899	Epithelium	Epithelium	True	BCM_23_0131	210	6689	Epithelium	False	True	True	False	False	
评估卷(RUN5)	Q6::23	6899	Epithelium	Epithelium	True	BCM_23_0170	1405	5494	Epithelium	False	True	True	False	False	
评估卷(RUN5)	Q6::23	6899	Epithelium	Epithelium	True	BCM_23_0222	307	6592	Epithelium	False	True	True	False	False	
评估卷(RUN5)	Q6::23	6899	Epithelium	Epithelium	True	BCM_23_0224	18	6881	Epithelium	False	True	True	False	False	
评估卷(RUN5)	Q6::23	6899	Epithelium	Epithelium	True	BCM_23_0229	49	6850	Epithelium	False	True	True	False	False	
评估卷(RUN5)	Q6::23	6899	Epithelium	Epithelium	True	BCM_23_0358	387	6512	Epithelium	False	True	True	False	False	
评估卷(RUN5)	Q6::23	6899	Epithelium	Epithelium	True	BCM_23_0362	2	6897	Epithelium	False	True	True	False	False	
评估卷(RUN5)	Q6::23	6899	Epithelium	Epithelium	True	LEI_22_49449	182	6717	Epithelium	False	True	True	False	False	
评估卷(RUN5)	Q6::23	6899	Epithelium	Epithelium	True	chakravarti_Cornea1	27	6872	Epithelium	False	True	True	False	False	
评估卷(RUN5)	Q6::23	6899	Epithelium	Epithelium	True	chakravarti_Cornea2	1	6898	Epithelium	False	True	True	False	False	
评估卷(RUN5)	Q6::23	6899	Epithelium	Epithelium	True	chakravarti_Cornea3	25	6874	Epithelium	False	True	True	False	False	
评估卷(RUN5)	Q6::23	6899	Epithelium	Epithelium	True	chen_donor1	205	6694	Epithelium	False	True	True	False	False	
评估卷(RUN5)	Q6::23	6899	Epithelium	Epithelium	True	chen_donor2	351	6548	Epithelium	False	True	True	False	False	
评估卷(RUN5)	Q6::23	6899	Epithelium	Epithelium	True	dickman_Cornea01	31	6868	Epithelium	False	True	True	False	False	
评估卷(RUN5)	Q6::23	6899	Epithelium	Epithelium	True	dickman_Cornea02	6	6893	Epithelium	False	True	True	False	False	
评估卷(RUN5)	Q6::23	6899	Epithelium	Epithelium	True	dickman_Cornea03	8	6891	Epithelium	False	True	True	False	False	
评估卷(RUN5)	Q6::23	6899	Epithelium	Epithelium	True	dickman_Cornea04	148	6751	Epithelium	False	True	True	False	False	
评估卷(RUN5)	Q6::23	6899	Epithelium	Epithelium	True	dickman_Cornea05	2	6897	Epithelium	False	True	True	False	False	
评估卷(RUN5)	Q6::23	6899	Epithelium	Epithelium	True	dickman_Cornea06	52	6847	Epithelium	False	True	True	False	False	
评估卷(RUN5)	Q6::23	6899	Epithelium	Epithelium	True	li_donor73	40	6859	Epithelium	False	True	True	False	False	
评估卷(RUN5)	Q6::23	6899	Epithelium	Epithelium	True	li_donor76	182	6717	Epithelium	False	True	True	False	False	
评估卷(RUN5)	Q6::23	6899	Epithelium	Epithelium	True	pooled [dickman_Cornea07,dickman_Cornea08]	7	6892	Epithelium	False	True	True	False	False	
评估卷(RUN5)	Q6::23	6899	Epithelium	Epithelium	True	shi_donor1	2	6897	Epithelium	False	True	True	False	False	
评估卷(RUN5)	Q6::23	6899	Epithelium	Epithelium	True	shi_donor2	1	6898	Epithelium	False	True	True	False	False	
评估卷(RUN5)	Q6::25	1285	Melanocytes	Melanocytes	True	246Z	38	1247	Melanocytes	False	True	True	False	False	
评估卷(RUN5)	Q6::25	1285	Melanocytes	Melanocytes	True	257T	13	1272	Melanocytes	False	True	True	False	False	
评估卷(RUN5)	Q6::25	1285	Melanocytes	Melanocytes	True	283P	14	1271	Melanocytes	False	True	True	False	False	
评估卷(RUN5)	Q6::25	1285	Melanocytes	Melanocytes	True	Atlanta_A230245	81	1204	Melanocytes	False	True	True	False	False	
评估卷(RUN5)	Q6::25	1285	Melanocytes	Melanocytes	True	BCM_21_0933	78	1207	Melanocytes	False	True	True	False	False	
评估卷(RUN5)	Q6::25	1285	Melanocytes	Melanocytes	True	BCM_21_0999	29	1256	Melanocytes	False	True	True	False	False	
评估卷(RUN5)	Q6::25	1285	Melanocytes	Melanocytes	True	BCM_22_0075	17	1268	Melanocytes	False	True	True	False	False	
评估卷(RUN5)	Q6::25	1285	Melanocytes	Melanocytes	True	BCM_22_0389	4	1281	Melanocytes	False	True	True	False	False	
评估卷(RUN5)	Q6::25	1285	Melanocytes	Melanocytes	True	BCM_22_0434	5	1280	Melanocytes	False	True	True	False	False	
评估卷(RUN5)	Q6::25	1285	Melanocytes	Melanocytes	True	BCM_22_0458	9	1276	Melanocytes	False	True	True	False	False	
评估卷(RUN5)	Q6::25	1285	Melanocytes	Melanocytes	True	BCM_22_0485	4	1281	Melanocytes	False	True	True	False	False	
评估卷(RUN5)	Q6::25	1285	Melanocytes	Melanocytes	True	BCM_22_0496	1	1284	Melanocytes	False	True	True	False	False	
评估卷(RUN5)	Q6::25	1285	Melanocytes	Melanocytes	True	BCM_22_0500	77	1208	Melanocytes	False	True	True	False	False	
评估卷(RUN5)	Q6::25	1285	Melanocytes	Melanocytes	True	BCM_22_0528	8	1277	Melanocytes	False	True	True	False	False	
评估卷(RUN5)	Q6::25	1285	Melanocytes	Melanocytes	True	BCM_22_0698	13	1272	Melanocytes	False	True	True	False	False	
评估卷(RUN5)	Q6::25	1285	Melanocytes	Melanocytes	True	BCM_22_0769	26	1259	Melanocytes	False	True	True	False	False	
评估卷(RUN5)	Q6::25	1285	Melanocytes	Melanocytes	True	BCM_22_0784	175	1110	Melanocytes	False	True	True	False	False	
评估卷(RUN5)	Q6::25	1285	Melanocytes	Melanocytes	True	BCM_22_0890	63	1222	Melanocytes	False	True	True	False	False	
评估卷(RUN5)	Q6::25	1285	Melanocytes	Melanocytes	True	BCM_23_0170	33	1252	Melanocytes	False	True	True	False	False	
评估卷(RUN5)	Q6::25	1285	Melanocytes	Melanocytes	True	BCM_23_0222	25	1260	Melanocytes	False	True	True	False	False	
评估卷(RUN5)	Q6::25	1285	Melanocytes	Melanocytes	True	BCM_23_0224	14	1271	Melanocytes	False	True	True	False	False	
评估卷(RUN5)	Q6::25	1285	Melanocytes	Melanocytes	True	BCM_23_0229	60	1225	Melanocytes	False	True	True	False	False	
评估卷(RUN5)	Q6::25	1285	Melanocytes	Melanocytes	True	BCM_23_0358	28	1257	Melanocytes	False	True	True	False	False	
评估卷(RUN5)	Q6::25	1285	Melanocytes	Melanocytes	True	BCM_23_0362	128	1157	Melanocytes	False	True	True	False	False	
评估卷(RUN5)	Q6::25	1285	Melanocytes	Melanocytes	True	LEI_22_49449	40	1245	Melanocytes	False	True	True	False	False	
评估卷(RUN5)	Q6::25	1285	Melanocytes	Melanocytes	True	chakravarti_Cornea2	1	1284	Melanocytes	False	True	True	False	False	
评估卷(RUN5)	Q6::25	1285	Melanocytes	Melanocytes	True	chakravarti_Cornea3	36	1249	Melanocytes	False	True	True	False	False	
评估卷(RUN5)	Q6::25	1285	Melanocytes	Melanocytes	True	chen_donor1	24	1261	Melanocytes	False	True	True	False	False	
评估卷(RUN5)	Q6::25	1285	Melanocytes	Melanocytes	True	chen_donor2	18	1267	Melanocytes	False	True	True	False	False	
评估卷(RUN5)	Q6::25	1285	Melanocytes	Melanocytes	True	dickman_Cornea02	2	1283	Melanocytes	False	True	True	False	False	
评估卷(RUN5)	Q6::25	1285	Melanocytes	Melanocytes	True	dickman_Cornea06	3	1282	Melanocytes	False	True	True	False	False	
评估卷(RUN5)	Q6::25	1285	Melanocytes	Melanocytes	True	li_donor73	17	1268	Melanocytes	False	True	True	False	False	
评估卷(RUN5)	Q6::25	1285	Melanocytes	Melanocytes	True	li_donor75	61	1224	Melanocytes	False	True	True	False	False	
评估卷(RUN5)	Q6::25	1285	Melanocytes	Melanocytes	True	li_donor76	6	1279	Melanocytes	False	True	True	False	False	
评估卷(RUN5)	Q6::25	1285	Melanocytes	Melanocytes	True	pooled [dickman_Cornea07,dickman_Cornea08]	7	1278	Melanocytes	False	True	True	False	False	
评估卷(RUN5)	Q6::25	1285	Melanocytes	Melanocytes	True	shi_donor1	15	1270	Melanocytes	False	True	True	False	False	
评估卷(RUN5)	Q6::25	1285	Melanocytes	Melanocytes	True	shi_donor2	38	1247	Melanocytes	False	True	True	False	False	
评估卷(RUN5)	Q6::25	1285	Melanocytes	Melanocytes	True	shi_donor3	53	1232	Melanocytes	False	True	True	False	False	
评估卷(RUN5)	Q6::25	1285	Melanocytes	Melanocytes	True	shi_donor4	21	1264	Melanocytes	False	True	True	False	False	
评估卷(RUN5)	Q6::26	885	Immune Cells	Immune Cells	True	246Z	24	861	Immune Cells	False	True	True	False	False	
评估卷(RUN5)	Q6::26	885	Immune Cells	Immune Cells	True	257T	16	869	Immune Cells	False	True	True	False	False	
评估卷(RUN5)	Q6::26	885	Immune Cells	Immune Cells	True	283P	6	879	Immune Cells	False	True	True	False	False	
评估卷(RUN5)	Q6::26	885	Immune Cells	Immune Cells	True	719I	6	879	Immune Cells	False	True	True	False	False	
评估卷(RUN5)	Q6::26	885	Immune Cells	Immune Cells	True	Atlanta_A230245	6	879	Immune Cells	False	True	True	False	False	
评估卷(RUN5)	Q6::26	885	Immune Cells	Immune Cells	True	BCM_21_0933	23	862	Immune Cells	False	True	True	False	False	
评估卷(RUN5)	Q6::26	885	Immune Cells	Immune Cells	True	BCM_21_0999	24	861	Immune Cells	False	True	True	False	False	
评估卷(RUN5)	Q6::26	885	Immune Cells	Immune Cells	True	BCM_21_3104	35	850	Immune Cells	False	True	True	False	False	
评估卷(RUN5)	Q6::26	885	Immune Cells	Immune Cells	True	BCM_22_0075	3	882	Immune Cells	False	True	True	False	False	
评估卷(RUN5)	Q6::26	885	Immune Cells	Immune Cells	True	BCM_22_0200	4	881	Immune Cells	False	True	True	False	False	
评估卷(RUN5)	Q6::26	885	Immune Cells	Immune Cells	True	BCM_22_0389	16	869	Immune Cells	False	True	True	False	False	
评估卷(RUN5)	Q6::26	885	Immune Cells	Immune Cells	True	BCM_22_0434	127	758	Immune Cells	False	True	True	False	False	
评估卷(RUN5)	Q6::26	885	Immune Cells	Immune Cells	True	BCM_22_0458	2	883	Immune Cells	False	True	True	False	False	
评估卷(RUN5)	Q6::26	885	Immune Cells	Immune Cells	True	BCM_22_0485	19	866	Immune Cells	False	True	True	False	False	
评估卷(RUN5)	Q6::26	885	Immune Cells	Immune Cells	True	BCM_22_0496	14	871	Immune Cells	False	True	True	False	False	
评估卷(RUN5)	Q6::26	885	Immune Cells	Immune Cells	True	BCM_22_0528	14	871	Immune Cells	False	True	True	False	False	
评估卷(RUN5)	Q6::26	885	Immune Cells	Immune Cells	True	BCM_22_0698	39	846	Immune Cells	False	True	True	False	False	
评估卷(RUN5)	Q6::26	885	Immune Cells	Immune Cells	True	BCM_22_0769	14	871	Immune Cells	False	True	True	False	False	
评估卷(RUN5)	Q6::26	885	Immune Cells	Immune Cells	True	BCM_22_0784	72	813	Immune Cells	False	True	True	False	False	
评估卷(RUN5)	Q6::26	885	Immune Cells	Immune Cells	True	BCM_22_0890	15	870	Immune Cells	False	True	True	False	False	
评估卷(RUN5)	Q6::26	885	Immune Cells	Immune Cells	True	BCM_22_0952	44	841	Immune Cells	False	True	True	False	False	
评估卷(RUN5)	Q6::26	885	Immune Cells	Immune Cells	True	BCM_23_0131	1	884	Immune Cells	False	True	True	False	False	
评估卷(RUN5)	Q6::26	885	Immune Cells	Immune Cells	True	BCM_23_0170	14	871	Immune Cells	False	True	True	False	False	
评估卷(RUN5)	Q6::26	885	Immune Cells	Immune Cells	True	BCM_23_0222	4	881	Immune Cells	False	True	True	False	False	
评估卷(RUN5)	Q6::26	885	Immune Cells	Immune Cells	True	BCM_23_0229	1	884	Immune Cells	False	True	True	False	False	
评估卷(RUN5)	Q6::26	885	Immune Cells	Immune Cells	True	BCM_23_0358	17	868	Immune Cells	False	True	True	False	False	
评估卷(RUN5)	Q6::26	885	Immune Cells	Immune Cells	True	BCM_23_0362	110	775	Immune Cells	False	True	True	False	False	
评估卷(RUN5)	Q6::26	885	Immune Cells	Immune Cells	True	LEI_22_49449	29	856	Immune Cells	False	True	True	False	False	
评估卷(RUN5)	Q6::26	885	Immune Cells	Immune Cells	True	chakravarti_Cornea1	14	871	Immune Cells	False	True	True	False	False	
评估卷(RUN5)	Q6::26	885	Immune Cells	Immune Cells	True	chakravarti_Cornea2	16	869	Immune Cells	False	True	True	False	False	
评估卷(RUN5)	Q6::26	885	Immune Cells	Immune Cells	True	chakravarti_Cornea3	16	869	Immune Cells	False	True	True	False	False	
评估卷(RUN5)	Q6::26	885	Immune Cells	Immune Cells	True	chen_donor1	1	884	Immune Cells	False	True	True	False	False	
评估卷(RUN5)	Q6::26	885	Immune Cells	Immune Cells	True	dickman_Cornea01	2	883	Immune Cells	False	True	True	False	False	
评估卷(RUN5)	Q6::26	885	Immune Cells	Immune Cells	True	dickman_Cornea02	2	883	Immune Cells	False	True	True	False	False	
评估卷(RUN5)	Q6::26	885	Immune Cells	Immune Cells	True	dickman_Cornea05	1	884	Immune Cells	False	True	True	False	False	
评估卷(RUN5)	Q6::26	885	Immune Cells	Immune Cells	True	dickman_Cornea06	1	884	Immune Cells	False	True	True	False	False	
评估卷(RUN5)	Q6::26	885	Immune Cells	Immune Cells	True	li_donor73	7	878	Immune Cells	False	True	True	False	False	
评估卷(RUN5)	Q6::26	885	Immune Cells	Immune Cells	True	li_donor75	20	865	Immune Cells	False	True	True	False	False	
评估卷(RUN5)	Q6::26	885	Immune Cells	Immune Cells	True	li_donor76	2	883	Immune Cells	False	True	True	False	False	
评估卷(RUN5)	Q6::26	885	Immune Cells	Immune Cells	True	shi_donor1	19	866	Immune Cells	False	True	True	False	False	
评估卷(RUN5)	Q6::26	885	Immune Cells	Immune Cells	True	shi_donor2	22	863	Immune Cells	False	True	True	False	False	
评估卷(RUN5)	Q6::26	885	Immune Cells	Immune Cells	True	shi_donor3	40	845	Immune Cells	False	True	True	False	False	
评估卷(RUN5)	Q6::26	885	Immune Cells	Immune Cells	True	shi_donor4	23	862	Immune Cells	False	True	True	False	False	
评估卷(RUN5)	Q6::28	1283	Fibroblasts	Fibroblasts	True	257T	1	1282	Fibroblasts	False	True	True	False	False	
评估卷(RUN5)	Q6::28	1283	Fibroblasts	Fibroblasts	True	Atlanta_A230245	2	1281	Fibroblasts	False	True	True	False	False	
评估卷(RUN5)	Q6::28	1283	Fibroblasts	Fibroblasts	True	BCM_21_0933	1	1282	Fibroblasts	False	True	True	False	False	
评估卷(RUN5)	Q6::28	1283	Fibroblasts	Fibroblasts	True	BCM_21_3104	30	1253	Fibroblasts	False	True	True	False	False	
评估卷(RUN5)	Q6::28	1283	Fibroblasts	Fibroblasts	True	BCM_22_0075	12	1271	Fibroblasts	False	True	True	False	False	
评估卷(RUN5)	Q6::28	1283	Fibroblasts	Fibroblasts	True	BCM_22_0200	9	1274	Fibroblasts	False	True	True	False	False	
评估卷(RUN5)	Q6::28	1283	Fibroblasts	Fibroblasts	True	BCM_22_0389	5	1278	Fibroblasts	False	True	True	False	False	
评估卷(RUN5)	Q6::28	1283	Fibroblasts	Fibroblasts	True	BCM_22_0434	22	1261	Fibroblasts	False	True	True	False	False	
评估卷(RUN5)	Q6::28	1283	Fibroblasts	Fibroblasts	True	BCM_22_0485	1	1282	Fibroblasts	False	True	True	False	False	
评估卷(RUN5)	Q6::28	1283	Fibroblasts	Fibroblasts	True	BCM_22_0496	14	1269	Fibroblasts	False	True	True	False	False	
评估卷(RUN5)	Q6::28	1283	Fibroblasts	Fibroblasts	True	BCM_22_0500	20	1263	Fibroblasts	False	True	True	False	False	
评估卷(RUN5)	Q6::28	1283	Fibroblasts	Fibroblasts	True	BCM_22_0528	4	1279	Fibroblasts	False	True	True	False	False	
评估卷(RUN5)	Q6::28	1283	Fibroblasts	Fibroblasts	True	BCM_22_0769	42	1241	Fibroblasts	False	True	True	False	False	
评估卷(RUN5)	Q6::28	1283	Fibroblasts	Fibroblasts	True	BCM_22_0784	1	1282	Fibroblasts	False	True	True	False	False	
评估卷(RUN5)	Q6::28	1283	Fibroblasts	Fibroblasts	True	BCM_23_0229	1	1282	Fibroblasts	False	True	True	False	False	
评估卷(RUN5)	Q6::28	1283	Fibroblasts	Fibroblasts	True	chakravarti_Cornea1	10	1273	Fibroblasts	False	True	True	False	False	
评估卷(RUN5)	Q6::28	1283	Fibroblasts	Fibroblasts	True	chakravarti_Cornea2	1071	212	Fibroblasts	False	True	True	False	False	
评估卷(RUN5)	Q6::28	1283	Fibroblasts	Fibroblasts	True	chakravarti_Cornea3	19	1264	Fibroblasts	False	True	True	False	False	
评估卷(RUN5)	Q6::28	1283	Fibroblasts	Fibroblasts	True	dickman_Cornea01	1	1282	Fibroblasts	False	True	True	False	False	
评估卷(RUN5)	Q6::28	1283	Fibroblasts	Fibroblasts	True	dickman_Cornea02	7	1276	Fibroblasts	False	True	True	False	False	
评估卷(RUN5)	Q6::28	1283	Fibroblasts	Fibroblasts	True	dickman_Cornea04	3	1280	Fibroblasts	False	True	True	False	False	
评估卷(RUN5)	Q6::28	1283	Fibroblasts	Fibroblasts	True	shi_donor2	5	1278	Fibroblasts	False	True	True	False	False	
评估卷(RUN5)	Q6::28	1283	Fibroblasts	Fibroblasts	True	shi_donor3	2	1281	Fibroblasts	False	True	True	False	False	
评估卷(RUN5)	Q6::29	785	Epithelium	Epithelium	True	283P	1	784	Epithelium	False	True	True	False	False	
评估卷(RUN5)	Q6::29	785	Epithelium	Epithelium	True	BCM_21_3104	4	781	Epithelium	False	True	True	False	False	
评估卷(RUN5)	Q6::29	785	Epithelium	Epithelium	True	BCM_22_0075	2	783	Epithelium	False	True	True	False	False	
评估卷(RUN5)	Q6::29	785	Epithelium	Epithelium	True	BCM_22_0200	3	782	Epithelium	False	True	True	False	False	
评估卷(RUN5)	Q6::29	785	Epithelium	Epithelium	True	BCM_22_0389	2	783	Epithelium	False	True	True	False	False	
评估卷(RUN5)	Q6::29	785	Epithelium	Epithelium	True	BCM_22_0434	2	783	Epithelium	False	True	True	False	False	
评估卷(RUN5)	Q6::29	785	Epithelium	Epithelium	True	BCM_22_0458	1	784	Epithelium	False	True	True	False	False	
评估卷(RUN5)	Q6::29	785	Epithelium	Epithelium	True	BCM_22_0496	23	762	Epithelium	False	True	True	False	False	
评估卷(RUN5)	Q6::29	785	Epithelium	Epithelium	True	BCM_22_0500	16	769	Epithelium	False	True	True	False	False	
评估卷(RUN5)	Q6::29	785	Epithelium	Epithelium	True	BCM_22_0528	2	783	Epithelium	False	True	True	False	False	
评估卷(RUN5)	Q6::29	785	Epithelium	Epithelium	True	BCM_22_0698	679	106	Epithelium	False	True	True	False	False	
评估卷(RUN5)	Q6::29	785	Epithelium	Epithelium	True	BCM_22_0769	8	777	Epithelium	False	True	True	False	False	
评估卷(RUN5)	Q6::29	785	Epithelium	Epithelium	True	BCM_23_0358	1	784	Epithelium	False	True	True	False	False	
评估卷(RUN5)	Q6::29	785	Epithelium	Epithelium	True	LEI_22_49449	29	756	Epithelium	False	True	True	False	False	
评估卷(RUN5)	Q6::29	785	Epithelium	Epithelium	True	chakravarti_Cornea3	1	784	Epithelium	False	True	True	False	False	
评估卷(RUN5)	Q6::29	785	Epithelium	Epithelium	True	chen_donor1	2	783	Epithelium	False	True	True	False	False	
评估卷(RUN5)	Q6::29	785	Epithelium	Epithelium	True	chen_donor2	1	784	Epithelium	False	True	True	False	False	
评估卷(RUN5)	Q6::29	785	Epithelium	Epithelium	True	dickman_Cornea02	2	783	Epithelium	False	True	True	False	False	
评估卷(RUN5)	Q6::29	785	Epithelium	Epithelium	True	dickman_Cornea05	1	784	Epithelium	False	True	True	False	False	
评估卷(RUN5)	Q6::29	785	Epithelium	Epithelium	True	li_donor76	2	783	Epithelium	False	True	True	False	False	
评估卷(RUN5)	Q6::29	785	Epithelium	Epithelium	True	shi_donor2	3	782	Epithelium	False	True	True	False	False	
评估卷(RUN5)	Q6::32	471	Smooth Muscle Cells	Smooth Muscle Cells	True	246Z	2	469	Smooth Muscle Cells	False	True	True	False	False	
评估卷(RUN5)	Q6::32	471	Smooth Muscle Cells	Smooth Muscle Cells	True	257T	1	470	Smooth Muscle Cells	False	True	True	False	False	
评估卷(RUN5)	Q6::32	471	Smooth Muscle Cells	Smooth Muscle Cells	True	BCM_22_0434	29	442	Smooth Muscle Cells	False	True	True	False	False	
评估卷(RUN5)	Q6::32	471	Smooth Muscle Cells	Smooth Muscle Cells	True	BCM_22_0698	127	344	Smooth Muscle Cells	False	True	True	False	False	
评估卷(RUN5)	Q6::32	471	Smooth Muscle Cells	Smooth Muscle Cells	True	BCM_23_0362	309	162	Smooth Muscle Cells	False	True	True	False	False	
评估卷(RUN5)	Q6::32	471	Smooth Muscle Cells	Smooth Muscle Cells	True	chakravarti_Cornea3	3	468	Smooth Muscle Cells	False	True	True	False	False	
评估卷(RUN5)	Q6::33	1339	Fibroblasts	Fibroblasts	True	257T	1	1338	Fibroblasts	False	True	True	False	False	
评估卷(RUN5)	Q6::33	1339	Fibroblasts	Fibroblasts	True	BCM_22_0485	4	1335	Fibroblasts	False	True	True	False	False	
评估卷(RUN5)	Q6::33	1339	Fibroblasts	Fibroblasts	True	BCM_22_0496	3	1336	Fibroblasts	False	True	True	False	False	
评估卷(RUN5)	Q6::33	1339	Fibroblasts	Fibroblasts	True	BCM_22_0698	1331	8		False	False	False	True	True	shrink_out
