entry	gene	cpm_target	det_target	neighbor	nbr_level	pool	cpm_nbr	lfc	cons	cons_donors	nbr_ok
Conj_basal	PIGR	78.2	0.225	Keratocytes	group	103738	0.04	11.034	0.944		ok
Conj_basal	PIGR	78.2	0.225	Fibroblast-stroma	group	126500	0.06	10.363	0.925		ok
Conj_basal	PIGR	78.2	0.225	Pericytes	group	37530	0.04	11.052	1.000		ok
Conj_basal	PIGR	78.2	0.225	Endothelium	group	33262	0.03	11.298	1.000		ok
Conj_basal	PIGR	78.2	0.225	Immune	group	10003	0.86	6.499	0.953		ok
Conj_basal	PIGR	78.2	0.225	Melanocytes	group	7209	0.08	10.020	1.000		ok
Conj_basal	PIGR	78.2	0.225	Schwann	group	6059	0.20	8.585	1.000		ok
Conj_basal	PIGR	78.2	0.225	SMC	group	2801	0.00	36.186			ok
Conj_basal	PIGR	78.2	0.225	Artery	sibling	1211	0.00	36.186			ok
Conj_basal	PIGR	78.2	0.225	Conj_suprabasal	sibling	7264	2.24	5.126			ok
Conj_basal	PIGR	78.2	0.225	Corneal_basal_lTAC	sibling	7301	0.04	10.909			ok
Conj_basal	PIGR	78.2	0.225	Corneal_superficial_TDC	sibling	63553	0.38	7.682	0.974		ok
Conj_basal	PIGR	78.2	0.225	Corneal_suprabasal_PMC	sibling	45660	0.61	6.995	0.974		ok
Conj_basal	PIGR	78.2	0.225	Limbus_basal_LSC/LPC	sibling	27508	0.43	7.522			ok
Conj_basal	PIGR	78.2	0.225	Limbus_superficial_TDC_like	sibling	18530	0.49	7.320			ok
Conj_basal	PIGR	78.2	0.225	Limbus_suprabasal_eTAC_ConjFate	sibling	29438	0.11	9.419	0.929		ok
Conj_basal	PIGR	78.2	0.225	Limbus_suprabasal_eTAC_CorFate	sibling	28791	0.85	6.526			ok
Conj_basal	PIGR	78.2	0.225	Lymphatic_Endo	sibling	3425	0.06	10.393			ok
Conj_basal	PIGR	78.2	0.225	Melanocytes	sibling	7209	0.08	10.020			ok
Conj_basal	PIGR	78.2	0.225	NK/T Cells	sibling	3944	0.09	9.752			ok
Conj_basal	PIGR	78.2	0.225	Venule_postCapillary	sibling	5407	0.02	11.868			ok
Conj_basal	PIGR	78.2	0.225	Monocytes	sibling_small	253	0.00	36.186	skip		ok
Conj_basal	ALKAL1	8.5	0.082	Keratocytes	group	103738	0.22	5.254	0.889		ok
Conj_basal	ALKAL1	8.5	0.082	Fibroblast-stroma	group	126500	0.20	5.385	0.850		ok
Conj_basal	ALKAL1	8.5	0.082	Pericytes	group	37530	0.11	6.273	0.886		ok
Conj_basal	ALKAL1	8.5	0.082	Endothelium	group	33262	0.07	6.881	0.927		ok
Conj_basal	ALKAL1	8.5	0.082	Immune	group	10003	0.09	6.589	0.953		ok
Conj_basal	ALKAL1	8.5	0.082	Melanocytes	group	7209	0.35	4.602	0.914		ok
Conj_basal	ALKAL1	8.5	0.082	Schwann	group	6059	0.25	5.068	0.970		ok
Conj_basal	ALKAL1	8.5	0.082	SMC	group	2801	0.20	5.423			ok
Conj_basal	ALKAL1	8.5	0.082	Artery	sibling	1211	0.00	32.991			ok
Conj_basal	ALKAL1	8.5	0.082	Conj_suprabasal	sibling	7264	0.21	5.332			ok
Conj_basal	ALKAL1	8.5	0.082	Corneal_basal_lTAC	sibling	7301	0.05	7.451			ok
Conj_basal	ALKAL1	8.5	0.082	Corneal_superficial_TDC	sibling	63553	0.14	5.949	0.974		ok
Conj_basal	ALKAL1	8.5	0.082	Corneal_suprabasal_PMC	sibling	45660	0.22	5.286	0.923		ok
Conj_basal	ALKAL1	8.5	0.082	Limbus_basal_LSC/LPC	sibling	27508	0.51	4.056			ok
Conj_basal	ALKAL1	8.5	0.082	Limbus_superficial_TDC_like	sibling	18530	0.14	5.880			ok
Conj_basal	ALKAL1	8.5	0.082	Limbus_suprabasal_eTAC_ConjFate	sibling	29438	0.16	5.696	0.929		ok
Conj_basal	ALKAL1	8.5	0.082	Limbus_suprabasal_eTAC_CorFate	sibling	28791	0.38	4.494			ok
Conj_basal	ALKAL1	8.5	0.082	Lymphatic_Endo	sibling	3425	0.06	7.198			ok
Conj_basal	ALKAL1	8.5	0.082	Melanocytes	sibling	7209	0.35	4.602			ok
Conj_basal	ALKAL1	8.5	0.082	NK/T Cells	sibling	3944	0.18	5.557			ok
Conj_basal	ALKAL1	8.5	0.082	Venule_postCapillary	sibling	5407	0.02	8.673			ok
Conj_basal	ALKAL1	8.5	0.082	Monocytes	sibling_small	253	0.00	32.991	skip		ok
Conj_basal	CEL	32.7	0.217	Keratocytes	group	103738	1.46	4.487	0.944		ok
Conj_basal	CEL	32.7	0.217	Fibroblast-stroma	group	126500	0.93	5.135	0.900		ok
Conj_basal	CEL	32.7	0.217	Pericytes	group	37530	0.37	6.454	0.943		ok
Conj_basal	CEL	32.7	0.217	Endothelium	group	33262	0.52	5.984	0.902		ok
Conj_basal	CEL	32.7	0.217	Immune	group	10003	0.27	6.943	0.977		ok
Conj_basal	CEL	32.7	0.217	Melanocytes	group	7209	0.45	6.179	1.000		ok
Conj_basal	CEL	32.7	0.217	Schwann	group	6059	0.81	5.329	1.000		ok
Conj_basal	CEL	32.7	0.217	SMC	group	2801	0.20	7.361			ok
Conj_basal	CEL	32.7	0.217	Artery	sibling	1211	0.37	6.480			ok
Conj_basal	CEL	32.7	0.217	Conj_suprabasal	sibling	7264	2.48	3.723			ok
Conj_basal	CEL	32.7	0.217	Corneal_basal_lTAC	sibling	7301	0.77	5.405			ok
Conj_basal	CEL	32.7	0.217	Corneal_superficial_TDC	sibling	63553	1.59	4.364	0.949		ok
Conj_basal	CEL	32.7	0.217	Corneal_suprabasal_PMC	sibling	45660	0.98	5.057	0.949		ok
Conj_basal	CEL	32.7	0.217	Limbus_basal_LSC/LPC	sibling	27508	0.88	5.211			ok
Conj_basal	CEL	32.7	0.217	Limbus_superficial_TDC_like	sibling	18530	2.46	3.731			ok
Conj_basal	CEL	32.7	0.217	Limbus_suprabasal_eTAC_ConjFate	sibling	29438	0.76	5.430	1.000		ok
Conj_basal	CEL	32.7	0.217	Limbus_suprabasal_eTAC_CorFate	sibling	28791	1.62	4.332			ok
Conj_basal	CEL	32.7	0.217	Lymphatic_Endo	sibling	3425	0.47	6.137			ok
Conj_basal	CEL	32.7	0.217	Melanocytes	sibling	7209	0.45	6.179			ok
Conj_basal	CEL	32.7	0.217	NK/T Cells	sibling	3944	0.63	5.689			ok
Conj_basal	CEL	32.7	0.217	Venule_postCapillary	sibling	5407	0.36	6.524			ok
Conj_basal	CEL	32.7	0.217	Monocytes	sibling_small	253	3.67	3.156	skip		ok
Conj_basal	ERN2	7.4	0.076	Keratocytes	group	103738	0.23	5.036	0.917		ok
Conj_basal	ERN2	7.4	0.076	Fibroblast-stroma	group	126500	0.08	6.490	0.975		ok
Conj_basal	ERN2	7.4	0.076	Pericytes	group	37530	0.03	7.871	1.000		ok
Conj_basal	ERN2	7.4	0.076	Endothelium	group	33262	0.04	7.672	1.000		ok
Conj_basal	ERN2	7.4	0.076	Immune	group	10003	0.33	4.473	0.907		ok
Conj_basal	ERN2	7.4	0.076	Melanocytes	group	7209	0.03	8.200	1.000		ok
Conj_basal	ERN2	7.4	0.076	Schwann	group	6059	0.10	6.181	0.970		ok
Conj_basal	ERN2	7.4	0.076	SMC	group	2801	0.10	6.213			ok
Conj_basal	ERN2	7.4	0.076	Artery	sibling	1211	0.00	32.782			ok
Conj_basal	ERN2	7.4	0.076	Conj_suprabasal	sibling	7264	0.45	4.033			ok
Conj_basal	ERN2	7.4	0.076	Corneal_basal_lTAC	sibling	7301	0.07	6.827			ok
Conj_basal	ERN2	7.4	0.076	Corneal_superficial_TDC	sibling	63553	0.21	5.154	0.974		ok
Conj_basal	ERN2	7.4	0.076	Corneal_suprabasal_PMC	sibling	45660	0.27	4.775	0.949		ok
Conj_basal	ERN2	7.4	0.076	Limbus_basal_LSC/LPC	sibling	27508	0.19	5.248			ok
Conj_basal	ERN2	7.4	0.076	Limbus_superficial_TDC_like	sibling	18530	0.29	4.653			ok
Conj_basal	ERN2	7.4	0.076	Limbus_suprabasal_eTAC_ConjFate	sibling	29438	0.13	5.798	0.964		ok
Conj_basal	ERN2	7.4	0.076	Limbus_suprabasal_eTAC_CorFate	sibling	28791	0.57	3.688			ok
Conj_basal	ERN2	7.4	0.076	Lymphatic_Endo	sibling	3425	0.06	6.989			ok
Conj_basal	ERN2	7.4	0.076	Melanocytes	sibling	7209	0.03	8.200			ok
Conj_basal	ERN2	7.4	0.076	NK/T Cells	sibling	3944	0.00	32.782			ok
Conj_basal	ERN2	7.4	0.076	Venule_postCapillary	sibling	5407	0.02	8.463			ok
Conj_basal	ERN2	7.4	0.076	Monocytes	sibling_small	253	0.00	32.782	skip		ok
Conj_basal	LINC02395	6.4	0.077	Keratocytes	group	103738	0.07	6.506	0.944		ok
Conj_basal	LINC02395	6.4	0.077	Fibroblast-stroma	group	126500	0.06	6.694	0.875		ok
Conj_basal	LINC02395	6.4	0.077	Pericytes	group	37530	0.03	7.923	0.971		ok
Conj_basal	LINC02395	6.4	0.077	Endothelium	group	33262	0.06	6.810	0.951		ok
Conj_basal	LINC02395	6.4	0.077	Immune	group	10003	0.11	5.848	1.000		ok
Conj_basal	LINC02395	6.4	0.077	Melanocytes	group	7209	0.10	5.990	1.000		ok
Conj_basal	LINC02395	6.4	0.077	Schwann	group	6059	0.05	6.971	1.000		ok
Conj_basal	LINC02395	6.4	0.077	SMC	group	2801	0.05	7.003			ok
Conj_basal	LINC02395	6.4	0.077	Artery	sibling	1211	0.00	32.571			ok
Conj_basal	LINC02395	6.4	0.077	Conj_suprabasal	sibling	7264	0.51	3.643			ok
Conj_basal	LINC02395	6.4	0.077	Corneal_basal_lTAC	sibling	7301	0.05	7.031			ok
Conj_basal	LINC02395	6.4	0.077	Corneal_superficial_TDC	sibling	63553	0.07	6.554	1.000		ok
Conj_basal	LINC02395	6.4	0.077	Corneal_suprabasal_PMC	sibling	45660	0.02	8.356	0.974		ok
Conj_basal	LINC02395	6.4	0.077	Limbus_basal_LSC/LPC	sibling	27508	0.12	5.721			ok
Conj_basal	LINC02395	6.4	0.077	Limbus_superficial_TDC_like	sibling	18530	0.24	4.760			ok
Conj_basal	LINC02395	6.4	0.077	Limbus_suprabasal_eTAC_ConjFate	sibling	29438	0.01	9.231	1.000		ok
Conj_basal	LINC02395	6.4	0.077	Limbus_suprabasal_eTAC_CorFate	sibling	28791	0.74	3.117			ok
Conj_basal	LINC02395	6.4	0.077	Lymphatic_Endo	sibling	3425	0.00	32.571			ok
Conj_basal	LINC02395	6.4	0.077	Melanocytes	sibling	7209	0.10	5.990			ok
Conj_basal	LINC02395	6.4	0.077	NK/T Cells	sibling	3944	0.00	32.571			ok
Conj_basal	LINC02395	6.4	0.077	Venule_postCapillary	sibling	5407	0.06	6.668			ok
Conj_basal	LINC02395	6.4	0.077	Monocytes	sibling_small	253	3.67	0.798	skip		fail
Conj_basal	HNF4G	17.8	0.129	Keratocytes	group	103738	0.23	6.249	0.889		ok
Conj_basal	HNF4G	17.8	0.129	Fibroblast-stroma	group	126500	0.58	4.944	0.850		ok
Conj_basal	HNF4G	17.8	0.129	Pericytes	group	37530	0.18	6.636	0.971		ok
Conj_basal	HNF4G	17.8	0.129	Endothelium	group	33262	0.10	7.425	0.951		ok
Conj_basal	HNF4G	17.8	0.129	Immune	group	10003	0.18	6.648	0.977		ok
Conj_basal	HNF4G	17.8	0.129	Melanocytes	group	7209	0.10	7.468	1.000		ok
Conj_basal	HNF4G	17.8	0.129	Schwann	group	6059	0.41	5.448	0.970		ok
Conj_basal	HNF4G	17.8	0.129	SMC	group	2801	2.54	2.808			ok
Conj_basal	HNF4G	17.8	0.129	Artery	sibling	1211	0.00	34.049			ok
Conj_basal	HNF4G	17.8	0.129	Conj_suprabasal	sibling	7264	2.23	2.993			ok
Conj_basal	HNF4G	17.8	0.129	Corneal_basal_lTAC	sibling	7301	0.09	7.635			ok
Conj_basal	HNF4G	17.8	0.129	Corneal_superficial_TDC	sibling	63553	0.42	5.418	0.949		ok
Conj_basal	HNF4G	17.8	0.129	Corneal_suprabasal_PMC	sibling	45660	0.32	5.779	0.974		ok
Conj_basal	HNF4G	17.8	0.129	Limbus_basal_LSC/LPC	sibling	27508	1.13	3.981			ok
Conj_basal	HNF4G	17.8	0.129	Limbus_superficial_TDC_like	sibling	18530	0.37	5.602			ok
Conj_basal	HNF4G	17.8	0.129	Limbus_suprabasal_eTAC_ConjFate	sibling	29438	0.90	4.308	0.857		ok
Conj_basal	HNF4G	17.8	0.129	Limbus_suprabasal_eTAC_CorFate	sibling	28791	1.46	3.601			ok
Conj_basal	HNF4G	17.8	0.129	Lymphatic_Endo	sibling	3425	0.06	8.256			ok
Conj_basal	HNF4G	17.8	0.129	Melanocytes	sibling	7209	0.10	7.468			ok
Conj_basal	HNF4G	17.8	0.129	NK/T Cells	sibling	3944	0.00	34.049			ok
Conj_basal	HNF4G	17.8	0.129	Venule_postCapillary	sibling	5407	0.13	7.146			ok
Conj_basal	HNF4G	17.8	0.129	Monocytes	sibling_small	253	0.00	34.049	skip		ok
Conj_basal	KRTAP3-1	13.3	0.026	Keratocytes	group	103738	0.01	10.370	1.000		ok
Conj_basal	KRTAP3-1	13.3	0.026	Fibroblast-stroma	group	126500	0.06	7.834	0.975		ok
Conj_basal	KRTAP3-1	13.3	0.026	Pericytes	group	37530	0.08	7.302	0.971		ok
Conj_basal	KRTAP3-1	13.3	0.026	Endothelium	group	33262	0.01	10.326	1.000		ok
Conj_basal	KRTAP3-1	13.3	0.026	Immune	group	10003	0.04	8.226	1.000		ok
Conj_basal	KRTAP3-1	13.3	0.026	Melanocytes	group	7209	0.03	9.047	1.000		ok
Conj_basal	KRTAP3-1	13.3	0.026	Schwann	group	6059	0.05	8.027	1.000		ok
Conj_basal	KRTAP3-1	13.3	0.026	SMC	group	2801	0.00	33.628			ok
Conj_basal	KRTAP3-1	13.3	0.026	Artery	sibling	1211	0.00	33.628			ok
Conj_basal	KRTAP3-1	13.3	0.026	Conj_suprabasal	sibling	7264	1.55	3.095			ok
Conj_basal	KRTAP3-1	13.3	0.026	Corneal_basal_lTAC	sibling	7301	0.01	10.673			ok
Conj_basal	KRTAP3-1	13.3	0.026	Corneal_superficial_TDC	sibling	63553	0.89	3.893	0.923		ok
Conj_basal	KRTAP3-1	13.3	0.026	Corneal_suprabasal_PMC	sibling	45660	0.23	5.828	0.872		ok
Conj_basal	KRTAP3-1	13.3	0.026	Limbus_basal_LSC/LPC	sibling	27508	2.00	2.732			ok
Conj_basal	KRTAP3-1	13.3	0.026	Limbus_superficial_TDC_like	sibling	18530	0.51	4.710			ok
Conj_basal	KRTAP3-1	13.3	0.026	Limbus_suprabasal_eTAC_ConjFate	sibling	29438	1.06	3.644	0.821		ok
Conj_basal	KRTAP3-1	13.3	0.026	Limbus_suprabasal_eTAC_CorFate	sibling	28791	0.25	5.747			ok
Conj_basal	KRTAP3-1	13.3	0.026	Lymphatic_Endo	sibling	3425	0.00	33.628			ok
Conj_basal	KRTAP3-1	13.3	0.026	Melanocytes	sibling	7209	0.03	9.047			ok
Conj_basal	KRTAP3-1	13.3	0.026	NK/T Cells	sibling	3944	0.09	7.195			ok
Conj_basal	KRTAP3-1	13.3	0.026	Venule_postCapillary	sibling	5407	0.00	33.628			ok
Conj_basal	KRTAP3-1	13.3	0.026	Monocytes	sibling_small	253	0.00	33.628	skip		ok
Conj_basal	ENSG00000260645	11.4	0.122	Keratocytes	group	103738	0.37	4.961	0.889		ok
Conj_basal	ENSG00000260645	11.4	0.122	Fibroblast-stroma	group	126500	0.33	5.130	0.900		ok
Conj_basal	ENSG00000260645	11.4	0.122	Pericytes	group	37530	0.08	7.179	0.971		ok
Conj_basal	ENSG00000260645	11.4	0.122	Endothelium	group	33262	0.19	5.900	0.976		ok
Conj_basal	ENSG00000260645	11.4	0.122	Immune	group	10003	0.07	7.426	1.000		ok
Conj_basal	ENSG00000260645	11.4	0.122	Melanocytes	group	7209	0.10	6.831	1.000		ok
Conj_basal	ENSG00000260645	11.4	0.122	Schwann	group	6059	0.46	4.642	0.939		ok
Conj_basal	ENSG00000260645	11.4	0.122	SMC	group	2801	0.15	6.259			ok
Conj_basal	ENSG00000260645	11.4	0.122	Artery	sibling	1211	0.09	6.962			ok
Conj_basal	ENSG00000260645	11.4	0.122	Conj_suprabasal	sibling	7264	1.73	2.726			ok
Conj_basal	ENSG00000260645	11.4	0.122	Corneal_basal_lTAC	sibling	7301	0.24	5.550			ok
Conj_basal	ENSG00000260645	11.4	0.122	Corneal_superficial_TDC	sibling	63553	0.16	6.187	0.949		ok
Conj_basal	ENSG00000260645	11.4	0.122	Corneal_suprabasal_PMC	sibling	45660	0.11	6.727	0.949		ok
Conj_basal	ENSG00000260645	11.4	0.122	Limbus_basal_LSC/LPC	sibling	27508	0.23	5.652			ok
Conj_basal	ENSG00000260645	11.4	0.122	Limbus_superficial_TDC_like	sibling	18530	0.69	4.053			ok
Conj_basal	ENSG00000260645	11.4	0.122	Limbus_suprabasal_eTAC_ConjFate	sibling	29438	0.06	7.680	0.893		ok
Conj_basal	ENSG00000260645	11.4	0.122	Limbus_suprabasal_eTAC_CorFate	sibling	28791	0.44	4.685			ok
Conj_basal	ENSG00000260645	11.4	0.122	Lymphatic_Endo	sibling	3425	0.12	6.619			ok
Conj_basal	ENSG00000260645	11.4	0.122	Melanocytes	sibling	7209	0.10	6.831			ok
Conj_basal	ENSG00000260645	11.4	0.122	NK/T Cells	sibling	3944	0.00	33.412			ok
Conj_basal	ENSG00000260645	11.4	0.122	Venule_postCapillary	sibling	5407	0.13	6.509			ok
Conj_basal	ENSG00000260645	11.4	0.122	Monocytes	sibling_small	253	0.00	33.412	skip		ok
Conj_basal	LINC01226	58.9	0.233	Keratocytes	group	103738	1.47	5.327	0.917		ok
Conj_basal	LINC01226	58.9	0.233	Fibroblast-stroma	group	126500	0.68	6.434	0.925		ok
Conj_basal	LINC01226	58.9	0.233	Pericytes	group	37530	1.54	5.262	0.857		ok
Conj_basal	LINC01226	58.9	0.233	Endothelium	group	33262	1.10	5.741	0.878		ok
Conj_basal	LINC01226	58.9	0.233	Immune	group	10003	4.06	3.861	0.837		ok
Conj_basal	LINC01226	58.9	0.233	Melanocytes	group	7209	0.38	7.290	0.971		ok
Conj_basal	LINC01226	58.9	0.233	Schwann	group	6059	0.81	6.177	0.939		ok
Conj_basal	LINC01226	58.9	0.233	SMC	group	2801	0.55	6.750			ok
Conj_basal	LINC01226	58.9	0.233	Artery	sibling	1211	0.55	6.743			ok
Conj_basal	LINC01226	58.9	0.233	Conj_suprabasal	sibling	7264	9.77	2.593			ok
Conj_basal	LINC01226	58.9	0.233	Corneal_basal_lTAC	sibling	7301	0.66	6.483			ok
Conj_basal	LINC01226	58.9	0.233	Corneal_superficial_TDC	sibling	63553	1.59	5.214	0.974		ok
Conj_basal	LINC01226	58.9	0.233	Corneal_suprabasal_PMC	sibling	45660	0.77	6.266	0.949		ok
Conj_basal	LINC01226	58.9	0.233	Limbus_basal_LSC/LPC	sibling	27508	0.96	5.944			ok
Conj_basal	LINC01226	58.9	0.233	Limbus_superficial_TDC_like	sibling	18530	0.98	5.917			ok
Conj_basal	LINC01226	58.9	0.233	Limbus_suprabasal_eTAC_ConjFate	sibling	29438	0.27	7.765	0.964		ok
Conj_basal	LINC01226	58.9	0.233	Limbus_suprabasal_eTAC_CorFate	sibling	28791	10.10	2.544			ok
Conj_basal	LINC01226	58.9	0.233	Lymphatic_Endo	sibling	3425	0.29	7.663			ok
Conj_basal	LINC01226	58.9	0.233	Melanocytes	sibling	7209	0.38	7.290			ok
Conj_basal	LINC01226	58.9	0.233	NK/T Cells	sibling	3944	0.54	6.759			ok
Conj_basal	LINC01226	58.9	0.233	Venule_postCapillary	sibling	5407	0.40	7.212			ok
Conj_basal	LINC01226	58.9	0.233	Monocytes	sibling_small	253	11.01	2.420	skip		ok
Conj_basal	ENSG00000251616	40.1	0.217	Keratocytes	group	103738	0.08	9.043	1.000		ok
Conj_basal	ENSG00000251616	40.1	0.217	Fibroblast-stroma	group	126500	0.04	10.013	1.000		ok
Conj_basal	ENSG00000251616	40.1	0.217	Pericytes	group	37530	0.02	10.896	1.000		ok
Conj_basal	ENSG00000251616	40.1	0.217	Endothelium	group	33262	0.03	10.598	0.976		ok
Conj_basal	ENSG00000251616	40.1	0.217	Immune	group	10003	0.09	8.821	1.000		ok
Conj_basal	ENSG00000251616	40.1	0.217	Melanocytes	group	7209	0.15	8.056	0.943		ok
Conj_basal	ENSG00000251616	40.1	0.217	Schwann	group	6059	0.20	7.622	0.970		ok
Conj_basal	ENSG00000251616	40.1	0.217	SMC	group	2801	0.00	35.222			ok
Conj_basal	ENSG00000251616	40.1	0.217	Artery	sibling	1211	0.18	7.772			ok
Conj_basal	ENSG00000251616	40.1	0.217	Conj_suprabasal	sibling	7264	5.66	2.824			ok
Conj_basal	ENSG00000251616	40.1	0.217	Corneal_basal_lTAC	sibling	7301	0.11	8.567			ok
Conj_basal	ENSG00000251616	40.1	0.217	Corneal_superficial_TDC	sibling	63553	6.44	2.639	0.872		ok
Conj_basal	ENSG00000251616	40.1	0.217	Corneal_suprabasal_PMC	sibling	45660	0.06	9.498	1.000		ok
Conj_basal	ENSG00000251616	40.1	0.217	Limbus_basal_LSC/LPC	sibling	27508	0.14	8.131			ok
Conj_basal	ENSG00000251616	40.1	0.217	Limbus_superficial_TDC_like	sibling	18530	7.09	2.499			ok
Conj_basal	ENSG00000251616	40.1	0.217	Limbus_suprabasal_eTAC_ConjFate	sibling	29438	0.03	10.423	0.964		ok
Conj_basal	ENSG00000251616	40.1	0.217	Limbus_suprabasal_eTAC_CorFate	sibling	28791	1.53	4.711			ok
Conj_basal	ENSG00000251616	40.1	0.217	Lymphatic_Endo	sibling	3425	0.00	35.222			ok
Conj_basal	ENSG00000251616	40.1	0.217	Melanocytes	sibling	7209	0.15	8.056			ok
Conj_basal	ENSG00000251616	40.1	0.217	NK/T Cells	sibling	3944	0.18	7.789			ok
Conj_basal	ENSG00000251616	40.1	0.217	Venule_postCapillary	sibling	5407	0.00	35.222			ok
Conj_basal	ENSG00000251616	40.1	0.217	Monocytes	sibling_small	253	0.00	35.222	skip		ok
Conj_basal	ATP6V1C2	20.7	0.156	Keratocytes	group	103738	3.27	2.661	0.806		ok
Conj_basal	ATP6V1C2	20.7	0.156	Fibroblast-stroma	group	126500	1.24	4.064	0.900		ok
Conj_basal	ATP6V1C2	20.7	0.156	Pericytes	group	37530	0.56	5.213	0.886		ok
Conj_basal	ATP6V1C2	20.7	0.156	Endothelium	group	33262	1.56	3.731	0.805		ok
Conj_basal	ATP6V1C2	20.7	0.156	Immune	group	10003	1.55	3.736	0.930		ok
Conj_basal	ATP6V1C2	20.7	0.156	Melanocytes	group	7209	1.31	3.986	0.857		ok
Conj_basal	ATP6V1C2	20.7	0.156	Schwann	group	6059	1.83	3.497	0.788		ok
Conj_basal	ATP6V1C2	20.7	0.156	SMC	group	2801	0.90	4.529			ok
Conj_basal	ATP6V1C2	20.7	0.156	Artery	sibling	1211	2.38	3.117			ok
Conj_basal	ATP6V1C2	20.7	0.156	Conj_suprabasal	sibling	7264	2.43	3.086			ok
Conj_basal	ATP6V1C2	20.7	0.156	Corneal_basal_lTAC	sibling	7301	0.53	5.290			ok
Conj_basal	ATP6V1C2	20.7	0.156	Corneal_superficial_TDC	sibling	63553	0.43	5.580	0.897		ok
Conj_basal	ATP6V1C2	20.7	0.156	Corneal_suprabasal_PMC	sibling	45660	0.74	4.801	0.923		ok
Conj_basal	ATP6V1C2	20.7	0.156	Limbus_basal_LSC/LPC	sibling	27508	0.85	4.609			ok
Conj_basal	ATP6V1C2	20.7	0.156	Limbus_superficial_TDC_like	sibling	18530	0.68	4.923			ok
Conj_basal	ATP6V1C2	20.7	0.156	Limbus_suprabasal_eTAC_ConjFate	sibling	29438	2.36	3.131	0.750		ok
Conj_basal	ATP6V1C2	20.7	0.156	Limbus_suprabasal_eTAC_CorFate	sibling	28791	4.04	2.354			ok
Conj_basal	ATP6V1C2	20.7	0.156	Lymphatic_Endo	sibling	3425	0.70	4.889			ok
Conj_basal	ATP6V1C2	20.7	0.156	Melanocytes	sibling	7209	1.31	3.986			ok
Conj_basal	ATP6V1C2	20.7	0.156	NK/T Cells	sibling	3944	1.90	3.441			ok
Conj_basal	ATP6V1C2	20.7	0.156	Venule_postCapillary	sibling	5407	1.09	4.248			ok
Conj_basal	ATP6V1C2	20.7	0.156	Monocytes	sibling_small	253	3.67	2.494	skip		ok
Conj_basal	SERPINB11	20.2	0.130	Keratocytes	group	103738	0.06	8.358	0.972		ok
Conj_basal	SERPINB11	20.2	0.130	Fibroblast-stroma	group	126500	0.05	8.756	0.950		ok
Conj_basal	SERPINB11	20.2	0.130	Pericytes	group	37530	0.04	8.909	0.971		ok
Conj_basal	SERPINB11	20.2	0.130	Endothelium	group	33262	0.03	9.348	1.000		ok
Conj_basal	SERPINB11	20.2	0.130	Immune	group	10003	0.07	8.249	1.000		ok
Conj_basal	SERPINB11	20.2	0.130	Melanocytes	group	7209	0.00	34.235	1.000		ok
Conj_basal	SERPINB11	20.2	0.130	Schwann	group	6059	0.00	34.235	1.000		ok
Conj_basal	SERPINB11	20.2	0.130	SMC	group	2801	0.00	34.235			ok
Conj_basal	SERPINB11	20.2	0.130	Artery	sibling	1211	0.00	34.235			ok
Conj_basal	SERPINB11	20.2	0.130	Conj_suprabasal	sibling	7264	4.07	2.313			ok
Conj_basal	SERPINB11	20.2	0.130	Corneal_basal_lTAC	sibling	7301	0.26	6.280			ok
Conj_basal	SERPINB11	20.2	0.130	Corneal_superficial_TDC	sibling	63553	0.38	5.749	0.974		ok
Conj_basal	SERPINB11	20.2	0.130	Corneal_suprabasal_PMC	sibling	45660	2.01	3.334	0.846		ok
Conj_basal	SERPINB11	20.2	0.130	Limbus_basal_LSC/LPC	sibling	27508	0.79	4.674			ok
Conj_basal	SERPINB11	20.2	0.130	Limbus_superficial_TDC_like	sibling	18530	0.76	4.732			ok
Conj_basal	SERPINB11	20.2	0.130	Limbus_suprabasal_eTAC_ConjFate	sibling	29438	0.10	7.686	1.000		ok
Conj_basal	SERPINB11	20.2	0.130	Limbus_suprabasal_eTAC_CorFate	sibling	28791	2.22	3.190			ok
Conj_basal	SERPINB11	20.2	0.130	Lymphatic_Endo	sibling	3425	0.12	7.442			ok
Conj_basal	SERPINB11	20.2	0.130	Melanocytes	sibling	7209	0.00	34.235			ok
Conj_basal	SERPINB11	20.2	0.130	NK/T Cells	sibling	3944	0.09	7.802			ok
Conj_basal	SERPINB11	20.2	0.130	Venule_postCapillary	sibling	5407	0.02	9.917			ok
Conj_basal	SERPINB11	20.2	0.130	Monocytes	sibling_small	253	0.00	34.235	skip		ok
Conj_suprabasal	DYNAP	16.3	0.117	Keratocytes	group	103738	0.00	13.471	1.000		ok
Conj_suprabasal	DYNAP	16.3	0.117	Fibroblast-stroma	group	126500	0.01	10.800	0.812		ok
Conj_suprabasal	DYNAP	16.3	0.117	Pericytes	group	37530	0.01	10.596	1.000		ok
Conj_suprabasal	DYNAP	16.3	0.117	Endothelium	group	33262	0.00	33.922	1.000		ok
Conj_suprabasal	DYNAP	16.3	0.117	Immune	group	10003	0.00	33.922	1.000		ok
Conj_suprabasal	DYNAP	16.3	0.117	Melanocytes	group	7209	0.05	8.341	1.000		ok
Conj_suprabasal	DYNAP	16.3	0.117	Schwann	group	6059	0.00	33.922	1.000		ok
Conj_suprabasal	DYNAP	16.3	0.117	SMC	group	2801	0.00	33.922			ok
Conj_suprabasal	DYNAP	16.3	0.117	Artery	sibling	1211	0.00	33.922			ok
Conj_suprabasal	DYNAP	16.3	0.117	Conj_basal	sibling	18732	0.93	4.123			ok
Conj_suprabasal	DYNAP	16.3	0.117	Corneal_basal_lTAC	sibling	7301	0.01	10.967			ok
Conj_suprabasal	DYNAP	16.3	0.117	Corneal_superficial_TDC	sibling	63553	0.04	8.633	0.938		ok
Conj_suprabasal	DYNAP	16.3	0.117	Corneal_suprabasal_PMC	sibling	45660	0.02	9.822	0.882		ok
Conj_suprabasal	DYNAP	16.3	0.117	Limbus_basal_LSC/LPC	sibling	27508	0.04	8.657			ok
Conj_suprabasal	DYNAP	16.3	0.117	Limbus_superficial_TDC_like	sibling	18530	0.03	8.963			ok
Conj_suprabasal	DYNAP	16.3	0.117	Limbus_suprabasal_eTAC_ConjFate	sibling	29438	0.01	11.582	0.941		ok
Conj_suprabasal	DYNAP	16.3	0.117	Limbus_suprabasal_eTAC_CorFate	sibling	28791	0.07	7.821			ok
Conj_suprabasal	DYNAP	16.3	0.117	Lymphatic_Endo	sibling	3425	0.00	33.922			ok
Conj_suprabasal	DYNAP	16.3	0.117	Melanocytes	sibling	7209	0.05	8.341			ok
Conj_suprabasal	DYNAP	16.3	0.117	NK/T Cells	sibling	3944	0.00	33.922			ok
Conj_suprabasal	DYNAP	16.3	0.117	Venule_postCapillary	sibling	5407	0.00	33.922			ok
Conj_suprabasal	DYNAP	16.3	0.117	Monocytes	sibling_small	253	0.00	33.922	skip		ok
Conj_suprabasal	TMPRSS11E	12.7	0.145	Keratocytes	group	103738	0.02	9.407	1.000		ok
Conj_suprabasal	TMPRSS11E	12.7	0.145	Fibroblast-stroma	group	126500	0.03	8.977	0.938		ok
Conj_suprabasal	TMPRSS11E	12.7	0.145	Pericytes	group	37530	0.02	9.232	0.938		ok
Conj_suprabasal	TMPRSS11E	12.7	0.145	Endothelium	group	33262	0.05	7.934	0.875		ok
Conj_suprabasal	TMPRSS11E	12.7	0.145	Immune	group	10003	0.22	5.835	1.000		ok
Conj_suprabasal	TMPRSS11E	12.7	0.145	Melanocytes	group	7209	0.08	7.392	0.941		ok
Conj_suprabasal	TMPRSS11E	12.7	0.145	Schwann	group	6059	0.00	33.559	1.000		ok
Conj_suprabasal	TMPRSS11E	12.7	0.145	SMC	group	2801	0.00	33.559			ok
Conj_suprabasal	TMPRSS11E	12.7	0.145	Artery	sibling	1211	0.00	33.559			ok
Conj_suprabasal	TMPRSS11E	12.7	0.145	Conj_basal	sibling	18732	0.46	4.783			ok
Conj_suprabasal	TMPRSS11E	12.7	0.145	Corneal_basal_lTAC	sibling	7301	0.00	33.559			ok
Conj_suprabasal	TMPRSS11E	12.7	0.145	Corneal_superficial_TDC	sibling	63553	0.04	8.311	1.000		ok
Conj_suprabasal	TMPRSS11E	12.7	0.145	Corneal_suprabasal_PMC	sibling	45660	0.02	9.136	1.000		ok
Conj_suprabasal	TMPRSS11E	12.7	0.145	Limbus_basal_LSC/LPC	sibling	27508	0.05	8.052			ok
Conj_suprabasal	TMPRSS11E	12.7	0.145	Limbus_superficial_TDC_like	sibling	18530	0.02	9.447			ok
Conj_suprabasal	TMPRSS11E	12.7	0.145	Limbus_suprabasal_eTAC_ConjFate	sibling	29438	0.05	7.970	0.765		ok
Conj_suprabasal	TMPRSS11E	12.7	0.145	Limbus_suprabasal_eTAC_CorFate	sibling	28791	1.97	2.682			ok
Conj_suprabasal	TMPRSS11E	12.7	0.145	Lymphatic_Endo	sibling	3425	0.00	33.559			ok
Conj_suprabasal	TMPRSS11E	12.7	0.145	Melanocytes	sibling	7209	0.08	7.392			ok
Conj_suprabasal	TMPRSS11E	12.7	0.145	NK/T Cells	sibling	3944	0.45	4.803			ok
Conj_suprabasal	TMPRSS11E	12.7	0.145	Venule_postCapillary	sibling	5407	0.06	7.655			ok
Conj_suprabasal	TMPRSS11E	12.7	0.145	Monocytes	sibling_small	253	0.00	33.559	skip		ok
Conj_suprabasal	SPRR2F	113.4	0.174	Keratocytes	group	103738	0.01	13.101	1.000		ok
Conj_suprabasal	SPRR2F	113.4	0.174	Fibroblast-stroma	group	126500	0.04	11.556	0.938		ok
Conj_suprabasal	SPRR2F	113.4	0.174	Pericytes	group	37530	0.05	11.074	1.000		ok
Conj_suprabasal	SPRR2F	113.4	0.174	Endothelium	group	33262	0.03	11.835	1.000		ok
Conj_suprabasal	SPRR2F	113.4	0.174	Immune	group	10003	0.00	36.722	1.000		ok
Conj_suprabasal	SPRR2F	113.4	0.174	Melanocytes	group	7209	0.03	12.141	1.000		ok
Conj_suprabasal	SPRR2F	113.4	0.174	Schwann	group	6059	0.05	11.122	1.000		ok
Conj_suprabasal	SPRR2F	113.4	0.174	SMC	group	2801	0.00	36.722			ok
Conj_suprabasal	SPRR2F	113.4	0.174	Artery	sibling	1211	0.00	36.722			ok
Conj_suprabasal	SPRR2F	113.4	0.174	Conj_basal	sibling	18732	22.31	2.346			ok
Conj_suprabasal	SPRR2F	113.4	0.174	Corneal_basal_lTAC	sibling	7301	0.02	12.767			ok
Conj_suprabasal	SPRR2F	113.4	0.174	Corneal_superficial_TDC	sibling	63553	0.98	6.848	0.750		ok
Conj_suprabasal	SPRR2F	113.4	0.174	Corneal_suprabasal_PMC	sibling	45660	0.19	9.207	0.941		ok
Conj_suprabasal	SPRR2F	113.4	0.174	Limbus_basal_LSC/LPC	sibling	27508	0.31	8.524			ok
Conj_suprabasal	SPRR2F	113.4	0.174	Limbus_superficial_TDC_like	sibling	18530	0.17	9.378			ok
Conj_suprabasal	SPRR2F	113.4	0.174	Limbus_suprabasal_eTAC_ConjFate	sibling	29438	0.47	7.906	0.765		ok
Conj_suprabasal	SPRR2F	113.4	0.174	Limbus_suprabasal_eTAC_CorFate	sibling	28791	6.40	4.146			ok
Conj_suprabasal	SPRR2F	113.4	0.174	Lymphatic_Endo	sibling	3425	0.00	36.722			ok
Conj_suprabasal	SPRR2F	113.4	0.174	Melanocytes	sibling	7209	0.03	12.141			ok
Conj_suprabasal	SPRR2F	113.4	0.174	NK/T Cells	sibling	3944	0.00	36.722			ok
Conj_suprabasal	SPRR2F	113.4	0.174	Venule_postCapillary	sibling	5407	0.02	12.404			ok
Conj_suprabasal	SPRR2F	113.4	0.174	Monocytes	sibling_small	253	0.00	36.722	skip		ok
Conj_suprabasal	KLK12	71.5	0.325	Keratocytes	group	103738	0.02	11.606	1.000		ok
Conj_suprabasal	KLK12	71.5	0.325	Fibroblast-stroma	group	126500	0.05	10.577	0.938		ok
Conj_suprabasal	KLK12	71.5	0.325	Pericytes	group	37530	0.03	11.146	1.000		ok
Conj_suprabasal	KLK12	71.5	0.325	Endothelium	group	33262	0.03	11.433	0.938		ok
Conj_suprabasal	KLK12	71.5	0.325	Immune	group	10003	0.02	11.656	1.000		ok
Conj_suprabasal	KLK12	71.5	0.325	Melanocytes	group	7209	0.00	36.057	1.000		ok
Conj_suprabasal	KLK12	71.5	0.325	Schwann	group	6059	0.10	9.456	1.000		ok
Conj_suprabasal	KLK12	71.5	0.325	SMC	group	2801	0.00	36.057			ok
Conj_suprabasal	KLK12	71.5	0.325	Artery	sibling	1211	0.00	36.057			ok
Conj_suprabasal	KLK12	71.5	0.325	Conj_basal	sibling	18732	13.17	2.441			ok
Conj_suprabasal	KLK12	71.5	0.325	Corneal_basal_lTAC	sibling	7301	0.02	11.517			ok
Conj_suprabasal	KLK12	71.5	0.325	Corneal_superficial_TDC	sibling	63553	0.53	7.080	0.938		ok
Conj_suprabasal	KLK12	71.5	0.325	Corneal_suprabasal_PMC	sibling	45660	0.03	11.455	1.000		ok
Conj_suprabasal	KLK12	71.5	0.325	Limbus_basal_LSC/LPC	sibling	27508	0.21	8.393			ok
Conj_suprabasal	KLK12	71.5	0.325	Limbus_superficial_TDC_like	sibling	18530	0.55	7.020			ok
Conj_suprabasal	KLK12	71.5	0.325	Limbus_suprabasal_eTAC_ConjFate	sibling	29438	0.18	8.672	0.882		ok
Conj_suprabasal	KLK12	71.5	0.325	Limbus_suprabasal_eTAC_CorFate	sibling	28791	15.43	2.213			ok
Conj_suprabasal	KLK12	71.5	0.325	Lymphatic_Endo	sibling	3425	0.00	36.057			ok
Conj_suprabasal	KLK12	71.5	0.325	Melanocytes	sibling	7209	0.00	36.057			ok
Conj_suprabasal	KLK12	71.5	0.325	NK/T Cells	sibling	3944	0.09	9.624			ok
Conj_suprabasal	KLK12	71.5	0.325	Venule_postCapillary	sibling	5407	0.04	10.739			ok
Conj_suprabasal	KLK12	71.5	0.325	Monocytes	sibling_small	253	0.00	36.057	skip		ok
Conj_suprabasal	KLK13	35.7	0.295	Keratocytes	group	103738	0.08	8.877	1.000		ok
Conj_suprabasal	KLK13	35.7	0.295	Fibroblast-stroma	group	126500	0.06	9.234	1.000		ok
Conj_suprabasal	KLK13	35.7	0.295	Pericytes	group	37530	0.01	11.730	1.000		ok
Conj_suprabasal	KLK13	35.7	0.295	Endothelium	group	33262	0.08	8.847	0.938		ok
Conj_suprabasal	KLK13	35.7	0.295	Immune	group	10003	0.04	9.655	1.000		ok
Conj_suprabasal	KLK13	35.7	0.295	Melanocytes	group	7209	0.43	6.388	0.941		ok
Conj_suprabasal	KLK13	35.7	0.295	Schwann	group	6059	0.05	9.456	1.000		ok
Conj_suprabasal	KLK13	35.7	0.295	SMC	group	2801	0.00	35.056			ok
Conj_suprabasal	KLK13	35.7	0.295	Artery	sibling	1211	0.00	35.056			ok
Conj_suprabasal	KLK13	35.7	0.295	Conj_basal	sibling	18732	7.76	2.203			ok
Conj_suprabasal	KLK13	35.7	0.295	Corneal_basal_lTAC	sibling	7301	1.97	4.183			ok
Conj_suprabasal	KLK13	35.7	0.295	Corneal_superficial_TDC	sibling	63553	2.43	3.877	0.875		ok
Conj_suprabasal	KLK13	35.7	0.295	Corneal_suprabasal_PMC	sibling	45660	0.99	5.177	0.882		ok
Conj_suprabasal	KLK13	35.7	0.295	Limbus_basal_LSC/LPC	sibling	27508	1.98	4.171			ok
Conj_suprabasal	KLK13	35.7	0.295	Limbus_superficial_TDC_like	sibling	18530	2.43	3.879			ok
Conj_suprabasal	KLK13	35.7	0.295	Limbus_suprabasal_eTAC_ConjFate	sibling	29438	0.68	5.710	0.824		ok
Conj_suprabasal	KLK13	35.7	0.295	Limbus_suprabasal_eTAC_CorFate	sibling	28791	7.84	2.189			ok
Conj_suprabasal	KLK13	35.7	0.295	Lymphatic_Endo	sibling	3425	0.06	9.263			ok
Conj_suprabasal	KLK13	35.7	0.295	Melanocytes	sibling	7209	0.43	6.388			ok
Conj_suprabasal	KLK13	35.7	0.295	NK/T Cells	sibling	3944	0.00	35.056			ok
Conj_suprabasal	KLK13	35.7	0.295	Venule_postCapillary	sibling	5407	0.08	8.738			ok
Conj_suprabasal	KLK13	35.7	0.295	Monocytes	sibling_small	253	0.00	35.056	skip		ok
Conj_suprabasal	S100A8	19161.1	0.751	Keratocytes	group	103738	7.04	11.410	1.000		ok
Conj_suprabasal	S100A8	19161.1	0.751	Fibroblast-stroma	group	126500	8.17	11.196	1.000		ok
Conj_suprabasal	S100A8	19161.1	0.751	Pericytes	group	37530	2.60	12.846	1.000		ok
Conj_suprabasal	S100A8	19161.1	0.751	Endothelium	group	33262	4.02	12.219	1.000		ok
Conj_suprabasal	S100A8	19161.1	0.751	Immune	group	10003	166.89	6.843	0.941		ok
Conj_suprabasal	S100A8	19161.1	0.751	Melanocytes	group	7209	2.31	13.018	1.000		ok
Conj_suprabasal	S100A8	19161.1	0.751	Schwann	group	6059	5.34	11.808	1.000		ok
Conj_suprabasal	S100A8	19161.1	0.751	SMC	group	2801	0.65	14.854			ok
Conj_suprabasal	S100A8	19161.1	0.751	Artery	sibling	1211	3.67	12.351			ok
Conj_suprabasal	S100A8	19161.1	0.751	Conj_basal	sibling	18732	4333.41	2.145			ok
Conj_suprabasal	S100A8	19161.1	0.751	Corneal_basal_lTAC	sibling	7301	36.25	9.046			ok
Conj_suprabasal	S100A8	19161.1	0.751	Corneal_superficial_TDC	sibling	63553	305.37	5.971	0.938		ok
Conj_suprabasal	S100A8	19161.1	0.751	Corneal_suprabasal_PMC	sibling	45660	23.83	9.651	1.000		ok
Conj_suprabasal	S100A8	19161.1	0.751	Limbus_basal_LSC/LPC	sibling	27508	1035.09	4.210			ok
Conj_suprabasal	S100A8	19161.1	0.751	Limbus_superficial_TDC_like	sibling	18530	530.88	5.174			ok
Conj_suprabasal	S100A8	19161.1	0.751	Limbus_suprabasal_eTAC_ConjFate	sibling	29438	228.48	6.390	0.824		ok
Conj_suprabasal	S100A8	19161.1	0.751	Limbus_suprabasal_eTAC_CorFate	sibling	28791	2113.95	3.180			ok
Conj_suprabasal	S100A8	19161.1	0.751	Lymphatic_Endo	sibling	3425	7.33	11.353			ok
Conj_suprabasal	S100A8	19161.1	0.751	Melanocytes	sibling	7209	2.31	13.018			ok
Conj_suprabasal	S100A8	19161.1	0.751	NK/T Cells	sibling	3944	23.66	9.662			ok
Conj_suprabasal	S100A8	19161.1	0.751	Venule_postCapillary	sibling	5407	0.48	15.281			ok
Conj_suprabasal	S100A8	19161.1	0.751	Monocytes	sibling_small	253	1567.52	3.612	skip		ok
Conj_suprabasal	S100A9	34812.4	0.755	Keratocytes	group	103738	8.95	11.925	1.000		ok
Conj_suprabasal	S100A9	34812.4	0.755	Fibroblast-stroma	group	126500	10.93	11.637	1.000		ok
Conj_suprabasal	S100A9	34812.4	0.755	Pericytes	group	37530	4.52	12.912	1.000		ok
Conj_suprabasal	S100A9	34812.4	0.755	Endothelium	group	33262	7.18	12.242	1.000		ok
Conj_suprabasal	S100A9	34812.4	0.755	Immune	group	10003	416.70	6.384	0.824		ok
Conj_suprabasal	S100A9	34812.4	0.755	Melanocytes	group	7209	3.04	13.485	1.000		ok
Conj_suprabasal	S100A9	34812.4	0.755	Schwann	group	6059	12.01	11.501	1.000		ok
Conj_suprabasal	S100A9	34812.4	0.755	SMC	group	2801	1.89	14.168			ok
Conj_suprabasal	S100A9	34812.4	0.755	Artery	sibling	1211	1.93	14.142			ok
Conj_suprabasal	S100A9	34812.4	0.755	Conj_basal	sibling	18732	7975.72	2.126			ok
Conj_suprabasal	S100A9	34812.4	0.755	Corneal_basal_lTAC	sibling	7301	27.46	10.308			ok
Conj_suprabasal	S100A9	34812.4	0.755	Corneal_superficial_TDC	sibling	63553	378.39	6.524	0.875		ok
Conj_suprabasal	S100A9	34812.4	0.755	Corneal_suprabasal_PMC	sibling	45660	14.88	11.192	1.000		ok
Conj_suprabasal	S100A9	34812.4	0.755	Limbus_basal_LSC/LPC	sibling	27508	1846.10	4.237			ok
Conj_suprabasal	S100A9	34812.4	0.755	Limbus_superficial_TDC_like	sibling	18530	444.31	6.292			ok
Conj_suprabasal	S100A9	34812.4	0.755	Limbus_suprabasal_eTAC_ConjFate	sibling	29438	534.63	6.025	0.824		ok
Conj_suprabasal	S100A9	34812.4	0.755	Limbus_suprabasal_eTAC_CorFate	sibling	28791	4237.51	3.038			ok
Conj_suprabasal	S100A9	34812.4	0.755	Lymphatic_Endo	sibling	3425	15.35	11.147			ok
Conj_suprabasal	S100A9	34812.4	0.755	Melanocytes	sibling	7209	3.04	13.485			ok
Conj_suprabasal	S100A9	34812.4	0.755	NK/T Cells	sibling	3944	39.70	9.776			ok
Conj_suprabasal	S100A9	34812.4	0.755	Venule_postCapillary	sibling	5407	1.03	15.052			ok
Conj_suprabasal	S100A9	34812.4	0.755	Monocytes	sibling_small	253	1842.85	4.240	skip		ok
Conj_suprabasal	SPRR3	2363.9	0.396	Keratocytes	group	103738	0.11	14.349	0.938		ok
Conj_suprabasal	SPRR3	2363.9	0.396	Fibroblast-stroma	group	126500	0.55	12.060	0.938		ok
Conj_suprabasal	SPRR3	2363.9	0.396	Pericytes	group	37530	0.49	12.224	1.000		ok
Conj_suprabasal	SPRR3	2363.9	0.396	Endothelium	group	33262	0.67	11.791	0.938		ok
Conj_suprabasal	SPRR3	2363.9	0.396	Immune	group	10003	1.02	11.179	0.941		ok
Conj_suprabasal	SPRR3	2363.9	0.396	Melanocytes	group	7209	1.66	10.479	1.000		ok
Conj_suprabasal	SPRR3	2363.9	0.396	Schwann	group	6059	1.07	11.111	0.938		ok
Conj_suprabasal	SPRR3	2363.9	0.396	SMC	group	2801	0.00	41.104			ok
Conj_suprabasal	SPRR3	2363.9	0.396	Artery	sibling	1211	0.64	11.847			ok
Conj_suprabasal	SPRR3	2363.9	0.396	Conj_basal	sibling	18732	180.92	3.708			ok
Conj_suprabasal	SPRR3	2363.9	0.396	Corneal_basal_lTAC	sibling	7301	0.07	14.979			ok
Conj_suprabasal	SPRR3	2363.9	0.396	Corneal_superficial_TDC	sibling	63553	12.65	7.546	0.750		ok
Conj_suprabasal	SPRR3	2363.9	0.396	Corneal_suprabasal_PMC	sibling	45660	0.13	14.130	0.882		ok
Conj_suprabasal	SPRR3	2363.9	0.396	Limbus_basal_LSC/LPC	sibling	27508	0.26	13.169			ok
Conj_suprabasal	SPRR3	2363.9	0.396	Limbus_superficial_TDC_like	sibling	18530	0.90	11.367			ok
Conj_suprabasal	SPRR3	2363.9	0.396	Limbus_suprabasal_eTAC_ConjFate	sibling	29438	2.17	10.086	0.882		ok
Conj_suprabasal	SPRR3	2363.9	0.396	Limbus_suprabasal_eTAC_CorFate	sibling	28791	589.15	2.004			ok
Conj_suprabasal	SPRR3	2363.9	0.396	Lymphatic_Endo	sibling	3425	1.10	11.063			ok
Conj_suprabasal	SPRR3	2363.9	0.396	Melanocytes	sibling	7209	1.66	10.479			ok
Conj_suprabasal	SPRR3	2363.9	0.396	NK/T Cells	sibling	3944	2.36	9.970			ok
Conj_suprabasal	SPRR3	2363.9	0.396	Venule_postCapillary	sibling	5407	0.67	11.786			ok
Conj_suprabasal	SPRR3	2363.9	0.396	Monocytes	sibling_small	253	11.01	7.746	skip		ok
Conj_suprabasal	PDZK1IP1	160.8	0.553	Keratocytes	group	103738	2.31	6.119	0.750		ok
Conj_suprabasal	PDZK1IP1	160.8	0.553	Fibroblast-stroma	group	126500	0.70	7.847	0.875		ok
Conj_suprabasal	PDZK1IP1	160.8	0.553	Pericytes	group	37530	0.24	9.377	1.000		ok
Conj_suprabasal	PDZK1IP1	160.8	0.553	Endothelium	group	33262	0.72	7.805	0.875		ok
Conj_suprabasal	PDZK1IP1	160.8	0.553	Immune	group	10003	0.24	9.365	1.000		ok
Conj_suprabasal	PDZK1IP1	160.8	0.553	Melanocytes	group	7209	0.05	11.645	0.941		ok
Conj_suprabasal	PDZK1IP1	160.8	0.553	Schwann	group	6059	0.15	10.041	1.000		ok
Conj_suprabasal	PDZK1IP1	160.8	0.553	SMC	group	2801	0.05	11.658			ok
Conj_suprabasal	PDZK1IP1	160.8	0.553	Artery	sibling	1211	0.37	8.776			ok
Conj_suprabasal	PDZK1IP1	160.8	0.553	Conj_basal	sibling	18732	44.43	1.856			ok
Conj_suprabasal	PDZK1IP1	160.8	0.553	Corneal_basal_lTAC	sibling	7301	0.80	7.642			ok
Conj_suprabasal	PDZK1IP1	160.8	0.553	Corneal_superficial_TDC	sibling	63553	4.63	5.118	0.812		ok
Conj_suprabasal	PDZK1IP1	160.8	0.553	Corneal_suprabasal_PMC	sibling	45660	0.66	7.930	0.824		ok
Conj_suprabasal	PDZK1IP1	160.8	0.553	Limbus_basal_LSC/LPC	sibling	27508	8.19	4.295			ok
Conj_suprabasal	PDZK1IP1	160.8	0.553	Limbus_superficial_TDC_like	sibling	18530	7.50	4.422			ok
Conj_suprabasal	PDZK1IP1	160.8	0.553	Limbus_suprabasal_eTAC_ConjFate	sibling	29438	1.42	6.823	0.882		ok
Conj_suprabasal	PDZK1IP1	160.8	0.553	Limbus_suprabasal_eTAC_CorFate	sibling	28791	12.82	3.648			ok
Conj_suprabasal	PDZK1IP1	160.8	0.553	Lymphatic_Endo	sibling	3425	0.41	8.626			ok
Conj_suprabasal	PDZK1IP1	160.8	0.553	Melanocytes	sibling	7209	0.05	11.645			ok
Conj_suprabasal	PDZK1IP1	160.8	0.553	NK/T Cells	sibling	3944	0.27	9.208			ok
Conj_suprabasal	PDZK1IP1	160.8	0.553	Venule_postCapillary	sibling	5407	0.17	9.908			ok
Conj_suprabasal	PDZK1IP1	160.8	0.553	Monocytes	sibling_small	253	7.34	4.453	skip		ok
Conj_suprabasal	RHCG	586.2	0.583	Keratocytes	group	103738	0.29	10.991	1.000		ok
Conj_suprabasal	RHCG	586.2	0.583	Fibroblast-stroma	group	126500	4.69	6.965	1.000		ok
Conj_suprabasal	RHCG	586.2	0.583	Pericytes	group	37530	5.76	6.669	0.938		ok
Conj_suprabasal	RHCG	586.2	0.583	Endothelium	group	33262	0.48	10.267	1.000		ok
Conj_suprabasal	RHCG	586.2	0.583	Immune	group	10003	10.37	5.821	0.941		ok
Conj_suprabasal	RHCG	586.2	0.583	Melanocytes	group	7209	1.38	8.730	1.000		ok
Conj_suprabasal	RHCG	586.2	0.583	Schwann	group	6059	1.17	8.968	1.000		ok
Conj_suprabasal	RHCG	586.2	0.583	SMC	group	2801	0.95	9.276			ok
Conj_suprabasal	RHCG	586.2	0.583	Artery	sibling	1211	0.92	9.321			ok
Conj_suprabasal	RHCG	586.2	0.583	Conj_basal	sibling	18732	146.96	1.996			ok
Conj_suprabasal	RHCG	586.2	0.583	Corneal_basal_lTAC	sibling	7301	0.46	10.305			ok
Conj_suprabasal	RHCG	586.2	0.583	Corneal_superficial_TDC	sibling	63553	9.67	5.922	0.812		ok
Conj_suprabasal	RHCG	586.2	0.583	Corneal_suprabasal_PMC	sibling	45660	0.91	9.327	1.000		ok
Conj_suprabasal	RHCG	586.2	0.583	Limbus_basal_LSC/LPC	sibling	27508	1.98	8.207			ok
Conj_suprabasal	RHCG	586.2	0.583	Limbus_superficial_TDC_like	sibling	18530	9.28	5.981			ok
Conj_suprabasal	RHCG	586.2	0.583	Limbus_suprabasal_eTAC_ConjFate	sibling	29438	39.51	3.891	0.882		ok
Conj_suprabasal	RHCG	586.2	0.583	Limbus_suprabasal_eTAC_CorFate	sibling	28791	193.23	1.601			ok
Conj_suprabasal	RHCG	586.2	0.583	Lymphatic_Endo	sibling	3425	0.93	9.300			ok
Conj_suprabasal	RHCG	586.2	0.583	Melanocytes	sibling	7209	1.38	8.730			ok
Conj_suprabasal	RHCG	586.2	0.583	NK/T Cells	sibling	3944	2.36	7.959			ok
Conj_suprabasal	RHCG	586.2	0.583	Venule_postCapillary	sibling	5407	0.40	10.526			ok
Conj_suprabasal	RHCG	586.2	0.583	Monocytes	sibling_small	253	3.67	7.319	skip		ok
Conj_suprabasal	KRT4	2194.3	0.491	Keratocytes	group	103738	0.30	12.838	0.938		ok
Conj_suprabasal	KRT4	2194.3	0.491	Fibroblast-stroma	group	126500	0.63	11.761	0.875		ok
Conj_suprabasal	KRT4	2194.3	0.491	Pericytes	group	37530	0.33	12.694	0.938		ok
Conj_suprabasal	KRT4	2194.3	0.491	Endothelium	group	33262	0.56	11.940	1.000		ok
Conj_suprabasal	KRT4	2194.3	0.491	Immune	group	10003	1.11	10.951	0.882		ok
Conj_suprabasal	KRT4	2194.3	0.491	Melanocytes	group	7209	1.13	10.924	0.941		ok
Conj_suprabasal	KRT4	2194.3	0.491	Schwann	group	6059	0.61	11.811	0.938		ok
Conj_suprabasal	KRT4	2194.3	0.491	SMC	group	2801	0.40	12.428			ok
Conj_suprabasal	KRT4	2194.3	0.491	Artery	sibling	1211	0.18	13.547			ok
Conj_suprabasal	KRT4	2194.3	0.491	Conj_basal	sibling	18732	729.80	1.588			ok
Conj_suprabasal	KRT4	2194.3	0.491	Corneal_basal_lTAC	sibling	7301	1.11	10.954			ok
Conj_suprabasal	KRT4	2194.3	0.491	Corneal_superficial_TDC	sibling	63553	76.68	4.839	0.875		ok
Conj_suprabasal	KRT4	2194.3	0.491	Corneal_suprabasal_PMC	sibling	45660	0.60	11.831	0.941		ok
Conj_suprabasal	KRT4	2194.3	0.491	Limbus_basal_LSC/LPC	sibling	27508	5.03	8.770			ok
Conj_suprabasal	KRT4	2194.3	0.491	Limbus_superficial_TDC_like	sibling	18530	25.82	6.409			ok
Conj_suprabasal	KRT4	2194.3	0.491	Limbus_suprabasal_eTAC_ConjFate	sibling	29438	0.82	11.394	0.882		ok
Conj_suprabasal	KRT4	2194.3	0.491	Limbus_suprabasal_eTAC_CorFate	sibling	28791	125.18	4.132			ok
Conj_suprabasal	KRT4	2194.3	0.491	Lymphatic_Endo	sibling	3425	1.51	10.503			ok
Conj_suprabasal	KRT4	2194.3	0.491	Melanocytes	sibling	7209	1.13	10.924			ok
Conj_suprabasal	KRT4	2194.3	0.491	NK/T Cells	sibling	3944	3.17	9.434			ok
Conj_suprabasal	KRT4	2194.3	0.491	Venule_postCapillary	sibling	5407	0.23	13.219			ok
Conj_suprabasal	KRT4	2194.3	0.491	Monocytes	sibling_small	253	3.67	9.223	skip		ok
Conj_suprabasal	SERPINB3	5.9	0.085	Keratocytes	group	103738	0.01	10.015	1.000		ok
Conj_suprabasal	SERPINB3	5.9	0.085	Fibroblast-stroma	group	126500	0.01	8.885	0.938		ok
Conj_suprabasal	SERPINB3	5.9	0.085	Pericytes	group	37530	0.01	9.140	0.938		ok
Conj_suprabasal	SERPINB3	5.9	0.085	Endothelium	group	33262	0.04	7.357	0.938		ok
Conj_suprabasal	SERPINB3	5.9	0.085	Immune	group	10003	0.04	7.065	1.000		ok
Conj_suprabasal	SERPINB3	5.9	0.085	Melanocytes	group	7209	0.00	32.466	1.000		ok
Conj_suprabasal	SERPINB3	5.9	0.085	Schwann	group	6059	0.00	32.466	1.000		ok
Conj_suprabasal	SERPINB3	5.9	0.085	SMC	group	2801	0.00	32.466			ok
Conj_suprabasal	SERPINB3	5.9	0.085	Artery	sibling	1211	0.18	5.016			ok
Conj_suprabasal	SERPINB3	5.9	0.085	Conj_basal	sibling	18732	2.00	1.569			ok
Conj_suprabasal	SERPINB3	5.9	0.085	Corneal_basal_lTAC	sibling	7301	0.05	6.926			ok
Conj_suprabasal	SERPINB3	5.9	0.085	Corneal_superficial_TDC	sibling	63553	0.04	7.262	0.875		ok
Conj_suprabasal	SERPINB3	5.9	0.085	Corneal_suprabasal_PMC	sibling	45660	0.13	5.492	0.765		ok
Conj_suprabasal	SERPINB3	5.9	0.085	Limbus_basal_LSC/LPC	sibling	27508	1.33	2.161			ok
Conj_suprabasal	SERPINB3	5.9	0.085	Limbus_superficial_TDC_like	sibling	18530	0.57	3.382			ok
Conj_suprabasal	SERPINB3	5.9	0.085	Limbus_suprabasal_eTAC_ConjFate	sibling	29438	0.56	3.405	0.765		ok
Conj_suprabasal	SERPINB3	5.9	0.085	Limbus_suprabasal_eTAC_CorFate	sibling	28791	0.34	4.134			ok
Conj_suprabasal	SERPINB3	5.9	0.085	Lymphatic_Endo	sibling	3425	0.06	6.673			ok
Conj_suprabasal	SERPINB3	5.9	0.085	Melanocytes	sibling	7209	0.00	32.466			ok
Conj_suprabasal	SERPINB3	5.9	0.085	NK/T Cells	sibling	3944	0.00	32.466			ok
Conj_suprabasal	SERPINB3	5.9	0.085	Venule_postCapillary	sibling	5407	0.00	32.466			ok
Conj_suprabasal	SERPINB3	5.9	0.085	Monocytes	sibling_small	253	3.67	0.693	skip		fail
Conj_superficial	SPTSSB	18.8	0.209	Keratocytes	group	103738	0.19	6.636			ok
Conj_superficial	SPTSSB	18.8	0.209	Pericytes	group	37530	1.37	3.777			ok
Conj_superficial	SPTSSB	18.8	0.209	Epithelium	group	250323	2.01	3.223	0.800		ok
Conj_superficial	SPTSSB	18.8	0.209	Endothelium	group	33262	0.10	7.581			ok
Conj_superficial	SPTSSB	18.8	0.209	Immune	group	10003	0.31	5.922			ok
Conj_superficial	SPTSSB	18.8	0.209	Melanocytes	group	7209	0.15	6.965			ok
Conj_superficial	SPTSSB	18.8	0.209	Schwann	group	6059	0.05	8.530			ok
Conj_superficial	SPTSSB	18.8	0.209	SMC	group	2801	0.00	34.131			ok
Conj_superficial	SPTSSB	18.8	0.209	Capillary	sibling	5466	0.10	7.585			ok
Conj_superficial	SPTSSB	18.8	0.209	Limbus Fibroblasts	sibling	42132	0.21	6.520			ok
Conj_superficial	SPTSSB	18.8	0.209	Limbus/Sclera Fibroblasts - C1	sibling	33033	0.39	5.610			ok
Conj_superficial	SPTSSB	18.8	0.209	Limbus/Sclera Fibroblasts - C2	sibling	42047	0.25	6.230			ok
Conj_superficial	SPTSSB	18.8	0.209	Mast Cells	sibling	629	0.00	34.131			ok
Conj_superficial	SPTSSB	18.8	0.209	Pericytes	sibling	37530	1.37	3.777			ok
Conj_superficial	SPTSSB	18.8	0.209	Schwann_M	sibling	656	0.00	34.131			ok
Conj_superficial	SPTSSB	18.8	0.209	Schwann_N	sibling	5403	0.06	8.377			ok
Conj_superficial	SPTSSB	18.8	0.209	Sclera Fibroblasts	sibling	9288	0.08	7.794			ok
Conj_superficial	SPTSSB	18.8	0.209	Smooth Muscle Cells	sibling	2801	0.00	34.131			ok
Conj_superficial	SPTSSB	18.8	0.209	Venule_Sclera	sibling	17753	0.08	7.834			ok
Conj_superficial	SPTSSB	18.8	0.209	B Cells	sibling_small	212	0.00	34.131	skip		ok
Conj_superficial	ANXA9	13.1	0.168	Keratocytes	group	103738	0.23	5.824			ok
Conj_superficial	ANXA9	13.1	0.168	Pericytes	group	37530	0.07	7.580			ok
Conj_superficial	ANXA9	13.1	0.168	Epithelium	group	250323	2.17	2.589	0.800		ok
Conj_superficial	ANXA9	13.1	0.168	Endothelium	group	33262	0.07	7.603			ok
Conj_superficial	ANXA9	13.1	0.168	Immune	group	10003	0.20	6.035			ok
Conj_superficial	ANXA9	13.1	0.168	Melanocytes	group	7209	0.30	5.440			ok
Conj_superficial	ANXA9	13.1	0.168	Schwann	group	6059	0.87	3.918			ok
Conj_superficial	ANXA9	13.1	0.168	SMC	group	2801	0.05	8.038			ok
Conj_superficial	ANXA9	13.1	0.168	Capillary	sibling	5466	0.10	7.060			ok
Conj_superficial	ANXA9	13.1	0.168	Limbus Fibroblasts	sibling	42132	0.08	7.373			ok
Conj_superficial	ANXA9	13.1	0.168	Limbus/Sclera Fibroblasts - C1	sibling	33033	0.16	6.356			ok
Conj_superficial	ANXA9	13.1	0.168	Limbus/Sclera Fibroblasts - C2	sibling	42047	0.31	5.401			ok
Conj_superficial	ANXA9	13.1	0.168	Mast Cells	sibling	629	0.49	4.741			ok
Conj_superficial	ANXA9	13.1	0.168	Pericytes	sibling	37530	0.07	7.580			ok
Conj_superficial	ANXA9	13.1	0.168	Schwann_M	sibling	656	3.02	2.113			ok
Conj_superficial	ANXA9	13.1	0.168	Schwann_N	sibling	5403	0.62	4.392			ok
Conj_superficial	ANXA9	13.1	0.168	Sclera Fibroblasts	sibling	9288	0.34	5.269			ok
Conj_superficial	ANXA9	13.1	0.168	Smooth Muscle Cells	sibling	2801	0.05	8.038			ok
Conj_superficial	ANXA9	13.1	0.168	Venule_Sclera	sibling	17753	0.05	7.987			ok
Conj_superficial	ANXA9	13.1	0.168	B Cells	sibling_small	212	0.00	33.606	skip		ok
Conj_superficial	FDCSP	31.0	0.010	Keratocytes	group	103738	0.00	12.816			ok
Conj_superficial	FDCSP	31.0	0.010	Pericytes	group	37530	0.00	34.852			ok
Conj_superficial	FDCSP	31.0	0.010	Epithelium	group	250323	1.35	4.526	0.800		ok
Conj_superficial	FDCSP	31.0	0.010	Endothelium	group	33262	0.01	12.550			ok
Conj_superficial	FDCSP	31.0	0.010	Immune	group	10003	0.00	34.852			ok
Conj_superficial	FDCSP	31.0	0.010	Melanocytes	group	7209	8.81	1.816			ok
Conj_superficial	FDCSP	31.0	0.010	Schwann	group	6059	1.02	4.929			ok
Conj_superficial	FDCSP	31.0	0.010	SMC	group	2801	0.00	34.852			ok
Conj_superficial	FDCSP	31.0	0.010	Capillary	sibling	5466	0.00	34.852			ok
Conj_superficial	FDCSP	31.0	0.010	Limbus Fibroblasts	sibling	42132	0.01	11.204			ok
Conj_superficial	FDCSP	31.0	0.010	Limbus/Sclera Fibroblasts - C1	sibling	33033	0.16	7.602			ok
Conj_superficial	FDCSP	31.0	0.010	Limbus/Sclera Fibroblasts - C2	sibling	42047	0.34	6.508			ok
Conj_superficial	FDCSP	31.0	0.010	Mast Cells	sibling	629	0.00	34.852			ok
Conj_superficial	FDCSP	31.0	0.010	Pericytes	sibling	37530	0.00	34.852			ok
Conj_superficial	FDCSP	31.0	0.010	Schwann_M	sibling	656	0.00	34.852			ok
Conj_superficial	FDCSP	31.0	0.010	Schwann_N	sibling	5403	1.13	4.776			ok
Conj_superficial	FDCSP	31.0	0.010	Sclera Fibroblasts	sibling	9288	0.02	10.837			ok
Conj_superficial	FDCSP	31.0	0.010	Smooth Muscle Cells	sibling	2801	0.00	34.852			ok
Conj_superficial	FDCSP	31.0	0.010	Venule_Sclera	sibling	17753	0.01	11.555			ok
Conj_superficial	FDCSP	31.0	0.010	B Cells	sibling_small	212	0.00	34.852	skip		ok
Conj_superficial	KLK12	24.0	0.226	Keratocytes	group	103738	0.02	10.029			ok
Conj_superficial	KLK12	24.0	0.226	Pericytes	group	37530	0.03	9.569			ok
Conj_superficial	KLK12	24.0	0.226	Epithelium	group	250323	7.12	1.751	0.800		ok
Conj_superficial	KLK12	24.0	0.226	Endothelium	group	33262	0.03	9.855			ok
Conj_superficial	KLK12	24.0	0.226	Immune	group	10003	0.02	10.078			ok
Conj_superficial	KLK12	24.0	0.226	Melanocytes	group	7209	0.00	34.480			ok
Conj_superficial	KLK12	24.0	0.226	Schwann	group	6059	0.10	7.879			ok
Conj_superficial	KLK12	24.0	0.226	SMC	group	2801	0.00	34.480			ok
Conj_superficial	KLK12	24.0	0.226	Capillary	sibling	5466	0.05	8.934			ok
Conj_superficial	KLK12	24.0	0.226	Limbus Fibroblasts	sibling	42132	0.05	8.832			ok
Conj_superficial	KLK12	24.0	0.226	Limbus/Sclera Fibroblasts - C1	sibling	33033	0.03	9.502			ok
Conj_superficial	KLK12	24.0	0.226	Limbus/Sclera Fibroblasts - C2	sibling	42047	0.03	9.578			ok
Conj_superficial	KLK12	24.0	0.226	Mast Cells	sibling	629	0.00	34.480			ok
Conj_superficial	KLK12	24.0	0.226	Pericytes	sibling	37530	0.03	9.569			ok
Conj_superficial	KLK12	24.0	0.226	Schwann_M	sibling	656	0.00	34.480			ok
Conj_superficial	KLK12	24.0	0.226	Schwann_N	sibling	5403	0.11	7.725			ok
Conj_superficial	KLK12	24.0	0.226	Sclera Fibroblasts	sibling	9288	0.12	7.657			ok
Conj_superficial	KLK12	24.0	0.226	Smooth Muscle Cells	sibling	2801	0.00	34.480			ok
Conj_superficial	KLK12	24.0	0.226	Venule_Sclera	sibling	17753	0.02	10.183			ok
Conj_superficial	KLK12	24.0	0.226	B Cells	sibling_small	212	0.00	34.480	skip		ok
Limbus/Sclera Fibroblasts - C1	WIF1	50.0	0.098	Keratocytes	group	103738	0.30	7.397	0.939		ok
Limbus/Sclera Fibroblasts - C1	WIF1	50.0	0.098	Pericytes	group	37530	0.09	9.045	0.981		ok
Limbus/Sclera Fibroblasts - C1	WIF1	50.0	0.098	Epithelium	group	250323	0.06	9.604	0.960		ok
Limbus/Sclera Fibroblasts - C1	WIF1	50.0	0.098	Endothelium	group	33262	0.19	8.030	0.982		ok
Limbus/Sclera Fibroblasts - C1	WIF1	50.0	0.098	Immune	group	10003	0.18	8.140	0.964		ok
Limbus/Sclera Fibroblasts - C1	WIF1	50.0	0.098	Melanocytes	group	7209	0.08	9.375	0.976		ok
Limbus/Sclera Fibroblasts - C1	WIF1	50.0	0.098	Schwann	group	6059	1.02	5.619	0.979		ok
Limbus/Sclera Fibroblasts - C1	WIF1	50.0	0.098	SMC	group	2801	4.28	3.547			ok
Limbus/Sclera Fibroblasts - C1	WIF1	50.0	0.098	Capillary	sibling	5466	0.10	8.995			ok
Limbus/Sclera Fibroblasts - C1	WIF1	50.0	0.098	Conj_superficial	sibling	3546	0.07	9.474			ok
Limbus/Sclera Fibroblasts - C1	WIF1	50.0	0.098	Limbus Fibroblasts	sibling	42132	1.48	5.078	0.806		ok
Limbus/Sclera Fibroblasts - C1	WIF1	50.0	0.098	Limbus/Sclera Fibroblasts - C2	sibling	42047	0.78	6.011	0.932		ok
Limbus/Sclera Fibroblasts - C1	WIF1	50.0	0.098	Mast Cells	sibling	629	0.00	35.541			ok
Limbus/Sclera Fibroblasts - C1	WIF1	50.0	0.098	Pericytes	sibling	37530	0.09	9.045	0.981		ok
Limbus/Sclera Fibroblasts - C1	WIF1	50.0	0.098	Schwann_M	sibling	656	0.00	35.541			ok
Limbus/Sclera Fibroblasts - C1	WIF1	50.0	0.098	Schwann_N	sibling	5403	1.13	5.465			ok
Limbus/Sclera Fibroblasts - C1	WIF1	50.0	0.098	Sclera Fibroblasts	sibling	9288	0.15	8.356			ok
Limbus/Sclera Fibroblasts - C1	WIF1	50.0	0.098	Smooth Muscle Cells	sibling	2801	4.28	3.547			ok
Limbus/Sclera Fibroblasts - C1	WIF1	50.0	0.098	Venule_Sclera	sibling	17753	0.13	8.544			ok
Limbus/Sclera Fibroblasts - C1	WIF1	50.0	0.098	B Cells	sibling_small	212	0.90	5.801	skip		ok
Limbus/Sclera Fibroblasts - C1	DPT	200.4	0.363	Keratocytes	group	103738	9.01	4.475	1.000		ok
Limbus/Sclera Fibroblasts - C1	DPT	200.4	0.363	Pericytes	group	37530	8.85	4.501	1.000		ok
Limbus/Sclera Fibroblasts - C1	DPT	200.4	0.363	Epithelium	group	250323	0.12	10.716	1.000		ok
Limbus/Sclera Fibroblasts - C1	DPT	200.4	0.363	Endothelium	group	33262	0.41	8.938	1.000		ok
Limbus/Sclera Fibroblasts - C1	DPT	200.4	0.363	Immune	group	10003	0.35	9.142	1.000		ok
Limbus/Sclera Fibroblasts - C1	DPT	200.4	0.363	Melanocytes	group	7209	0.13	10.641	1.000		ok
Limbus/Sclera Fibroblasts - C1	DPT	200.4	0.363	Schwann	group	6059	1.37	7.188	1.000		ok
Limbus/Sclera Fibroblasts - C1	DPT	200.4	0.363	SMC	group	2801	0.40	8.976			ok
Limbus/Sclera Fibroblasts - C1	DPT	200.4	0.363	Capillary	sibling	5466	0.78	7.998			ok
Limbus/Sclera Fibroblasts - C1	DPT	200.4	0.363	Conj_superficial	sibling	3546	0.53	8.570			ok
Limbus/Sclera Fibroblasts - C1	DPT	200.4	0.363	Limbus Fibroblasts	sibling	42132	21.16	3.244	0.871		ok
Limbus/Sclera Fibroblasts - C1	DPT	200.4	0.363	Limbus/Sclera Fibroblasts - C2	sibling	42047	25.55	2.971	0.955		ok
Limbus/Sclera Fibroblasts - C1	DPT	200.4	0.363	Mast Cells	sibling	629	0.98	7.679			ok
Limbus/Sclera Fibroblasts - C1	DPT	200.4	0.363	Pericytes	sibling	37530	8.85	4.501	1.000		ok
Limbus/Sclera Fibroblasts - C1	DPT	200.4	0.363	Schwann_M	sibling	656	1.51	7.051			ok
Limbus/Sclera Fibroblasts - C1	DPT	200.4	0.363	Schwann_N	sibling	5403	1.36	7.205			ok
Limbus/Sclera Fibroblasts - C1	DPT	200.4	0.363	Sclera Fibroblasts	sibling	9288	16.30	3.620			ok
Limbus/Sclera Fibroblasts - C1	DPT	200.4	0.363	Smooth Muscle Cells	sibling	2801	0.40	8.976			ok
Limbus/Sclera Fibroblasts - C1	DPT	200.4	0.363	Venule_Sclera	sibling	17753	0.43	8.854			ok
Limbus/Sclera Fibroblasts - C1	DPT	200.4	0.363	B Cells	sibling_small	212	2.69	6.219	skip		ok
Limbus/Sclera Fibroblasts - C1	SP5	6.0	0.029	Keratocytes	group	103738	0.46	3.702	0.918		ok
Limbus/Sclera Fibroblasts - C1	SP5	6.0	0.029	Pericytes	group	37530	0.17	5.123	0.942		ok
Limbus/Sclera Fibroblasts - C1	SP5	6.0	0.029	Epithelium	group	250323	0.03	7.737	0.940		ok
Limbus/Sclera Fibroblasts - C1	SP5	6.0	0.029	Endothelium	group	33262	0.10	5.943	0.929		ok
Limbus/Sclera Fibroblasts - C1	SP5	6.0	0.029	Immune	group	10003	0.02	8.091	1.000		ok
Limbus/Sclera Fibroblasts - C1	SP5	6.0	0.029	Melanocytes	group	7209	0.08	6.327	1.000		ok
Limbus/Sclera Fibroblasts - C1	SP5	6.0	0.029	Schwann	group	6059	0.10	5.892	1.000		ok
Limbus/Sclera Fibroblasts - C1	SP5	6.0	0.029	SMC	group	2801	0.75	3.018			ok
Limbus/Sclera Fibroblasts - C1	SP5	6.0	0.029	Capillary	sibling	5466	0.20	4.947			ok
Limbus/Sclera Fibroblasts - C1	SP5	6.0	0.029	Conj_superficial	sibling	3546	0.02	8.011			ok
Limbus/Sclera Fibroblasts - C1	SP5	6.0	0.029	Limbus Fibroblasts	sibling	42132	0.77	2.967	0.839		ok
Limbus/Sclera Fibroblasts - C1	SP5	6.0	0.029	Limbus/Sclera Fibroblasts - C2	sibling	42047	0.05	6.891	0.955		ok
Limbus/Sclera Fibroblasts - C1	SP5	6.0	0.029	Mast Cells	sibling	629	0.00	32.493			ok
Limbus/Sclera Fibroblasts - C1	SP5	6.0	0.029	Pericytes	sibling	37530	0.17	5.123	0.942		ok
Limbus/Sclera Fibroblasts - C1	SP5	6.0	0.029	Schwann_M	sibling	656	0.00	32.493			ok
Limbus/Sclera Fibroblasts - C1	SP5	6.0	0.029	Schwann_N	sibling	5403	0.11	5.739			ok
Limbus/Sclera Fibroblasts - C1	SP5	6.0	0.029	Sclera Fibroblasts	sibling	9288	0.03	7.478			ok
Limbus/Sclera Fibroblasts - C1	SP5	6.0	0.029	Smooth Muscle Cells	sibling	2801	0.75	3.018			ok
Limbus/Sclera Fibroblasts - C1	SP5	6.0	0.029	Venule_Sclera	sibling	17753	0.06	6.611			ok
Limbus/Sclera Fibroblasts - C1	SP5	6.0	0.029	B Cells	sibling_small	212	0.00	32.493	skip		ok
Limbus/Sclera Fibroblasts - C1	PI16	95.0	0.144	Keratocytes	group	103738	0.90	6.719	0.918		ok
Limbus/Sclera Fibroblasts - C1	PI16	95.0	0.144	Pericytes	group	37530	0.45	7.732	0.981		ok
Limbus/Sclera Fibroblasts - C1	PI16	95.0	0.144	Epithelium	group	250323	0.05	10.893	0.940		ok
Limbus/Sclera Fibroblasts - C1	PI16	95.0	0.144	Endothelium	group	33262	1.62	5.870	0.929		ok
Limbus/Sclera Fibroblasts - C1	PI16	95.0	0.144	Immune	group	10003	1.57	5.916	0.964		ok
Limbus/Sclera Fibroblasts - C1	PI16	95.0	0.144	Melanocytes	group	7209	0.80	6.886	1.000		ok
Limbus/Sclera Fibroblasts - C1	PI16	95.0	0.144	Schwann	group	6059	3.56	4.737	0.957		ok
Limbus/Sclera Fibroblasts - C1	PI16	95.0	0.144	SMC	group	2801	2.49	5.255			ok
Limbus/Sclera Fibroblasts - C1	PI16	95.0	0.144	Capillary	sibling	5466	12.10	2.973			ok
Limbus/Sclera Fibroblasts - C1	PI16	95.0	0.144	Conj_superficial	sibling	3546	0.07	10.400			ok
Limbus/Sclera Fibroblasts - C1	PI16	95.0	0.144	Limbus Fibroblasts	sibling	42132	0.76	6.971	0.839		ok
Limbus/Sclera Fibroblasts - C1	PI16	95.0	0.144	Limbus/Sclera Fibroblasts - C2	sibling	42047	12.67	2.907	0.886		ok
Limbus/Sclera Fibroblasts - C1	PI16	95.0	0.144	Mast Cells	sibling	629	2.44	5.280			ok
Limbus/Sclera Fibroblasts - C1	PI16	95.0	0.144	Pericytes	sibling	37530	0.45	7.732	0.981		ok
Limbus/Sclera Fibroblasts - C1	PI16	95.0	0.144	Schwann_M	sibling	656	2.52	5.237			ok
Limbus/Sclera Fibroblasts - C1	PI16	95.0	0.144	Schwann_N	sibling	5403	3.68	4.690			ok
Limbus/Sclera Fibroblasts - C1	PI16	95.0	0.144	Sclera Fibroblasts	sibling	9288	8.41	3.498			ok
Limbus/Sclera Fibroblasts - C1	PI16	95.0	0.144	Smooth Muscle Cells	sibling	2801	2.49	5.255			ok
Limbus/Sclera Fibroblasts - C1	PI16	95.0	0.144	Venule_Sclera	sibling	17753	0.60	7.312			ok
Limbus/Sclera Fibroblasts - C1	PI16	95.0	0.144	B Cells	sibling_small	212	2.69	5.142	skip		ok
Limbus/Sclera Fibroblasts - C1	FOXL2	9.3	0.041	Keratocytes	group	103738	0.03	8.137	0.980		ok
Limbus/Sclera Fibroblasts - C1	FOXL2	9.3	0.041	Pericytes	group	37530	1.00	3.216	0.904		ok
Limbus/Sclera Fibroblasts - C1	FOXL2	9.3	0.041	Epithelium	group	250323	0.08	6.858	0.900		ok
Limbus/Sclera Fibroblasts - C1	FOXL2	9.3	0.041	Endothelium	group	33262	0.45	4.366	0.911		ok
Limbus/Sclera Fibroblasts - C1	FOXL2	9.3	0.041	Immune	group	10003	0.20	5.540	0.964		ok
Limbus/Sclera Fibroblasts - C1	FOXL2	9.3	0.041	Melanocytes	group	7209	2.18	2.088	0.780		ok
Limbus/Sclera Fibroblasts - C1	FOXL2	9.3	0.041	Schwann	group	6059	0.05	7.511	0.979		ok
Limbus/Sclera Fibroblasts - C1	FOXL2	9.3	0.041	SMC	group	2801	0.10	6.543			ok
Limbus/Sclera Fibroblasts - C1	FOXL2	9.3	0.041	Capillary	sibling	5466	1.08	3.106			ok
Limbus/Sclera Fibroblasts - C1	FOXL2	9.3	0.041	Conj_superficial	sibling	3546	0.05	7.630			ok
Limbus/Sclera Fibroblasts - C1	FOXL2	9.3	0.041	Limbus Fibroblasts	sibling	42132	1.08	3.106	0.871		ok
Limbus/Sclera Fibroblasts - C1	FOXL2	9.3	0.041	Limbus/Sclera Fibroblasts - C2	sibling	42047	0.19	5.596	0.977		ok
Limbus/Sclera Fibroblasts - C1	FOXL2	9.3	0.041	Mast Cells	sibling	629	0.00	33.112			ok
Limbus/Sclera Fibroblasts - C1	FOXL2	9.3	0.041	Pericytes	sibling	37530	1.00	3.216	0.904		ok
Limbus/Sclera Fibroblasts - C1	FOXL2	9.3	0.041	Schwann_M	sibling	656	0.00	33.112			ok
Limbus/Sclera Fibroblasts - C1	FOXL2	9.3	0.041	Schwann_N	sibling	5403	0.06	7.357			ok
Limbus/Sclera Fibroblasts - C1	FOXL2	9.3	0.041	Sclera Fibroblasts	sibling	9288	0.14	6.096			ok
Limbus/Sclera Fibroblasts - C1	FOXL2	9.3	0.041	Smooth Muscle Cells	sibling	2801	0.10	6.543			ok
Limbus/Sclera Fibroblasts - C1	FOXL2	9.3	0.041	Venule_Sclera	sibling	17753	0.55	4.087			ok
Limbus/Sclera Fibroblasts - C1	FOXL2	9.3	0.041	B Cells	sibling_small	212	0.00	33.112	skip		ok
Limbus/Sclera Fibroblasts - C1	LAMA2	413.9	0.532	Keratocytes	group	103738	14.88	4.798	1.000		ok
Limbus/Sclera Fibroblasts - C1	LAMA2	413.9	0.532	Pericytes	group	37530	7.45	5.796	0.962		ok
Limbus/Sclera Fibroblasts - C1	LAMA2	413.9	0.532	Epithelium	group	250323	5.24	6.304	1.000		ok
Limbus/Sclera Fibroblasts - C1	LAMA2	413.9	0.532	Endothelium	group	33262	8.80	5.555	1.000		ok
Limbus/Sclera Fibroblasts - C1	LAMA2	413.9	0.532	Immune	group	10003	8.78	5.559	0.982		ok
Limbus/Sclera Fibroblasts - C1	LAMA2	413.9	0.532	Melanocytes	group	7209	0.65	9.309	1.000		ok
Limbus/Sclera Fibroblasts - C1	LAMA2	413.9	0.532	Schwann	group	6059	112.61	1.878	0.830		ok
Limbus/Sclera Fibroblasts - C1	LAMA2	413.9	0.532	SMC	group	2801	2.24	7.530			ok
Limbus/Sclera Fibroblasts - C1	LAMA2	413.9	0.532	Capillary	sibling	5466	42.82	3.273			ok
Limbus/Sclera Fibroblasts - C1	LAMA2	413.9	0.532	Conj_superficial	sibling	3546	1.83	7.823			ok
Limbus/Sclera Fibroblasts - C1	LAMA2	413.9	0.532	Limbus Fibroblasts	sibling	42132	15.68	4.723	0.935		ok
Limbus/Sclera Fibroblasts - C1	LAMA2	413.9	0.532	Limbus/Sclera Fibroblasts - C2	sibling	42047	62.42	2.729	0.932		ok
Limbus/Sclera Fibroblasts - C1	LAMA2	413.9	0.532	Mast Cells	sibling	629	16.13	4.681			ok
Limbus/Sclera Fibroblasts - C1	LAMA2	413.9	0.532	Pericytes	sibling	37530	7.45	5.796	0.962		ok
Limbus/Sclera Fibroblasts - C1	LAMA2	413.9	0.532	Schwann_M	sibling	656	22.16	4.223			ok
Limbus/Sclera Fibroblasts - C1	LAMA2	413.9	0.532	Schwann_N	sibling	5403	122.78	1.753			ok
Limbus/Sclera Fibroblasts - C1	LAMA2	413.9	0.532	Sclera Fibroblasts	sibling	9288	13.75	4.911			ok
Limbus/Sclera Fibroblasts - C1	LAMA2	413.9	0.532	Smooth Muscle Cells	sibling	2801	2.24	7.530			ok
Limbus/Sclera Fibroblasts - C1	LAMA2	413.9	0.532	Venule_Sclera	sibling	17753	4.83	6.420			ok
Limbus/Sclera Fibroblasts - C1	LAMA2	413.9	0.532	B Cells	sibling_small	212	0.90	8.850	skip		ok
Limbus/Sclera Fibroblasts - C1	LEPR	526.1	0.589	Keratocytes	group	103738	57.19	3.201	0.878		ok
Limbus/Sclera Fibroblasts - C1	LEPR	526.1	0.589	Pericytes	group	37530	5.55	6.566	1.000		ok
Limbus/Sclera Fibroblasts - C1	LEPR	526.1	0.589	Epithelium	group	250323	5.48	6.585	1.000		ok
Limbus/Sclera Fibroblasts - C1	LEPR	526.1	0.589	Endothelium	group	33262	64.53	3.027	0.839		ok
Limbus/Sclera Fibroblasts - C1	LEPR	526.1	0.589	Immune	group	10003	6.72	6.292	1.000		ok
Limbus/Sclera Fibroblasts - C1	LEPR	526.1	0.589	Melanocytes	group	7209	8.33	5.980	1.000		ok
Limbus/Sclera Fibroblasts - C1	LEPR	526.1	0.589	Schwann	group	6059	11.96	5.459	1.000		ok
Limbus/Sclera Fibroblasts - C1	LEPR	526.1	0.589	SMC	group	2801	5.32	6.627			ok
Limbus/Sclera Fibroblasts - C1	LEPR	526.1	0.589	Capillary	sibling	5466	164.38	1.678			ok
Limbus/Sclera Fibroblasts - C1	LEPR	526.1	0.589	Conj_superficial	sibling	3546	15.44	5.090			ok
Limbus/Sclera Fibroblasts - C1	LEPR	526.1	0.589	Limbus Fibroblasts	sibling	42132	63.74	3.045	0.871		ok
Limbus/Sclera Fibroblasts - C1	LEPR	526.1	0.589	Limbus/Sclera Fibroblasts - C2	sibling	42047	49.68	3.405	0.955		ok
Limbus/Sclera Fibroblasts - C1	LEPR	526.1	0.589	Mast Cells	sibling	629	6.36	6.371			ok
Limbus/Sclera Fibroblasts - C1	LEPR	526.1	0.589	Pericytes	sibling	37530	5.55	6.566	1.000		ok
Limbus/Sclera Fibroblasts - C1	LEPR	526.1	0.589	Schwann_M	sibling	656	12.09	5.444			ok
Limbus/Sclera Fibroblasts - C1	LEPR	526.1	0.589	Schwann_N	sibling	5403	11.94	5.461			ok
Limbus/Sclera Fibroblasts - C1	LEPR	526.1	0.589	Sclera Fibroblasts	sibling	9288	29.12	4.175			ok
Limbus/Sclera Fibroblasts - C1	LEPR	526.1	0.589	Smooth Muscle Cells	sibling	2801	5.32	6.627			ok
Limbus/Sclera Fibroblasts - C1	LEPR	526.1	0.589	Venule_Sclera	sibling	17753	63.98	3.040			ok
Limbus/Sclera Fibroblasts - C1	LEPR	526.1	0.589	B Cells	sibling_small	212	3.59	7.196	skip		ok
Limbus/Sclera Fibroblasts - C1	OSR1	8.8	0.038	Keratocytes	group	103738	0.10	6.497	0.918		ok
Limbus/Sclera Fibroblasts - C1	OSR1	8.8	0.038	Pericytes	group	37530	1.44	2.617	0.865		ok
Limbus/Sclera Fibroblasts - C1	OSR1	8.8	0.038	Epithelium	group	250323	0.04	7.973	0.960		ok
Limbus/Sclera Fibroblasts - C1	OSR1	8.8	0.038	Endothelium	group	33262	0.17	5.689	0.964		ok
Limbus/Sclera Fibroblasts - C1	OSR1	8.8	0.038	Immune	group	10003	0.02	8.634	0.982		ok
Limbus/Sclera Fibroblasts - C1	OSR1	8.8	0.038	Melanocytes	group	7209	0.03	8.454	1.000		ok
Limbus/Sclera Fibroblasts - C1	OSR1	8.8	0.038	Schwann	group	6059	2.49	1.820	0.809		ok
Limbus/Sclera Fibroblasts - C1	OSR1	8.8	0.038	SMC	group	2801	0.10	6.467			ok
Limbus/Sclera Fibroblasts - C1	OSR1	8.8	0.038	Capillary	sibling	5466	0.05	7.489			ok
Limbus/Sclera Fibroblasts - C1	OSR1	8.8	0.038	Conj_superficial	sibling	3546	0.05	7.553			ok
Limbus/Sclera Fibroblasts - C1	OSR1	8.8	0.038	Limbus Fibroblasts	sibling	42132	0.28	4.954	0.806		ok
Limbus/Sclera Fibroblasts - C1	OSR1	8.8	0.038	Limbus/Sclera Fibroblasts - C2	sibling	42047	0.31	4.830	0.955		ok
Limbus/Sclera Fibroblasts - C1	OSR1	8.8	0.038	Mast Cells	sibling	629	0.00	33.035			ok
Limbus/Sclera Fibroblasts - C1	OSR1	8.8	0.038	Pericytes	sibling	37530	1.44	2.617	0.865		ok
Limbus/Sclera Fibroblasts - C1	OSR1	8.8	0.038	Schwann_M	sibling	656	0.00	33.035			ok
Limbus/Sclera Fibroblasts - C1	OSR1	8.8	0.038	Schwann_N	sibling	5403	2.77	1.666			ok
Limbus/Sclera Fibroblasts - C1	OSR1	8.8	0.038	Sclera Fibroblasts	sibling	9288	0.37	4.561			ok
Limbus/Sclera Fibroblasts - C1	OSR1	8.8	0.038	Smooth Muscle Cells	sibling	2801	0.10	6.467			ok
Limbus/Sclera Fibroblasts - C1	OSR1	8.8	0.038	Venule_Sclera	sibling	17753	0.03	8.153			ok
Limbus/Sclera Fibroblasts - C1	OSR1	8.8	0.038	B Cells	sibling_small	212	0.00	33.035	skip		ok
Limbus/Sclera Fibroblasts - C1	VCAN	196.7	0.388	Keratocytes	group	103738	2.13	6.529	1.000		ok
Limbus/Sclera Fibroblasts - C1	VCAN	196.7	0.388	Pericytes	group	37530	19.57	3.330	0.981		ok
Limbus/Sclera Fibroblasts - C1	VCAN	196.7	0.388	Epithelium	group	250323	1.06	7.531	1.000		ok
Limbus/Sclera Fibroblasts - C1	VCAN	196.7	0.388	Endothelium	group	33262	36.96	2.412	0.839		ok
Limbus/Sclera Fibroblasts - C1	VCAN	196.7	0.388	Immune	group	10003	56.12	1.810	0.821		ok
Limbus/Sclera Fibroblasts - C1	VCAN	196.7	0.388	Melanocytes	group	7209	2.38	6.366	0.976		ok
Limbus/Sclera Fibroblasts - C1	VCAN	196.7	0.388	Schwann	group	6059	42.59	2.208	0.851		ok
Limbus/Sclera Fibroblasts - C1	VCAN	196.7	0.388	SMC	group	2801	2.99	6.042			ok
Limbus/Sclera Fibroblasts - C1	VCAN	196.7	0.388	Capillary	sibling	5466	2.94	6.064			ok
Limbus/Sclera Fibroblasts - C1	VCAN	196.7	0.388	Conj_superficial	sibling	3546	1.17	7.392			ok
Limbus/Sclera Fibroblasts - C1	VCAN	196.7	0.388	Limbus Fibroblasts	sibling	42132	23.00	3.096	0.871		ok
Limbus/Sclera Fibroblasts - C1	VCAN	196.7	0.388	Limbus/Sclera Fibroblasts - C2	sibling	42047	9.14	4.429	0.955		ok
Limbus/Sclera Fibroblasts - C1	VCAN	196.7	0.388	Mast Cells	sibling	629	0.00	37.518			ok
Limbus/Sclera Fibroblasts - C1	VCAN	196.7	0.388	Pericytes	sibling	37530	19.57	3.330	0.981		ok
Limbus/Sclera Fibroblasts - C1	VCAN	196.7	0.388	Schwann_M	sibling	656	37.78	2.381			ok
Limbus/Sclera Fibroblasts - C1	VCAN	196.7	0.388	Schwann_N	sibling	5403	43.13	2.189			ok
Limbus/Sclera Fibroblasts - C1	VCAN	196.7	0.388	Sclera Fibroblasts	sibling	9288	47.48	2.051			ok
Limbus/Sclera Fibroblasts - C1	VCAN	196.7	0.388	Smooth Muscle Cells	sibling	2801	2.99	6.042			ok
Limbus/Sclera Fibroblasts - C1	VCAN	196.7	0.388	Venule_Sclera	sibling	17753	65.05	1.597			ok
Limbus/Sclera Fibroblasts - C1	VCAN	196.7	0.388	B Cells	sibling_small	212	0.00	37.518	skip		ok
Limbus/Sclera Fibroblasts - C1	BMP5	14.7	0.047	Keratocytes	group	103738	0.34	5.419	0.959		ok
Limbus/Sclera Fibroblasts - C1	BMP5	14.7	0.047	Pericytes	group	37530	6.25	1.231	0.750		ok
Limbus/Sclera Fibroblasts - C1	BMP5	14.7	0.047	Epithelium	group	250323	0.07	7.727	1.000		ok
Limbus/Sclera Fibroblasts - C1	BMP5	14.7	0.047	Endothelium	group	33262	0.10	7.221	1.000		ok
Limbus/Sclera Fibroblasts - C1	BMP5	14.7	0.047	Immune	group	10003	0.24	5.910	1.000		ok
Limbus/Sclera Fibroblasts - C1	BMP5	14.7	0.047	Melanocytes	group	7209	0.08	7.605	1.000		ok
Limbus/Sclera Fibroblasts - C1	BMP5	14.7	0.047	Schwann	group	6059	0.87	4.083	0.979		ok
Limbus/Sclera Fibroblasts - C1	BMP5	14.7	0.047	SMC	group	2801	0.80	4.203			ok
Limbus/Sclera Fibroblasts - C1	BMP5	14.7	0.047	Capillary	sibling	5466	0.34	5.418			ok
Limbus/Sclera Fibroblasts - C1	BMP5	14.7	0.047	Conj_superficial	sibling	3546	0.08	7.482			ok
Limbus/Sclera Fibroblasts - C1	BMP5	14.7	0.047	Limbus Fibroblasts	sibling	42132	2.88	2.347	0.968		ok
Limbus/Sclera Fibroblasts - C1	BMP5	14.7	0.047	Limbus/Sclera Fibroblasts - C2	sibling	42047	1.12	3.715	0.909		ok
Limbus/Sclera Fibroblasts - C1	BMP5	14.7	0.047	Mast Cells	sibling	629	0.00	33.771			ok
Limbus/Sclera Fibroblasts - C1	BMP5	14.7	0.047	Pericytes	sibling	37530	6.25	1.231	0.750		ok
Limbus/Sclera Fibroblasts - C1	BMP5	14.7	0.047	Schwann_M	sibling	656	0.00	33.771			ok
Limbus/Sclera Fibroblasts - C1	BMP5	14.7	0.047	Schwann_N	sibling	5403	0.96	3.929			ok
Limbus/Sclera Fibroblasts - C1	BMP5	14.7	0.047	Sclera Fibroblasts	sibling	9288	2.56	2.517			ok
Limbus/Sclera Fibroblasts - C1	BMP5	14.7	0.047	Smooth Muscle Cells	sibling	2801	0.80	4.203			ok
Limbus/Sclera Fibroblasts - C1	BMP5	14.7	0.047	Venule_Sclera	sibling	17753	0.09	7.304			ok
Limbus/Sclera Fibroblasts - C1	BMP5	14.7	0.047	B Cells	sibling_small	212	0.90	4.031	skip		ok
Limbus/Sclera Fibroblasts - C2	ODAD2	84.2	0.248	Keratocytes	group	103738	1.13	6.226	0.846		ok
Limbus/Sclera Fibroblasts - C2	ODAD2	84.2	0.248	Pericytes	group	37530	0.94	6.492	0.977		ok
Limbus/Sclera Fibroblasts - C2	ODAD2	84.2	0.248	Epithelium	group	250323	0.56	7.236	0.868		ok
Limbus/Sclera Fibroblasts - C2	ODAD2	84.2	0.248	Endothelium	group	33262	0.69	6.925	0.909		ok
Limbus/Sclera Fibroblasts - C2	ODAD2	84.2	0.248	Immune	group	10003	0.22	8.570	0.977		ok
Limbus/Sclera Fibroblasts - C2	ODAD2	84.2	0.248	Melanocytes	group	7209	0.25	8.390	0.964		ok
Limbus/Sclera Fibroblasts - C2	ODAD2	84.2	0.248	Schwann	group	6059	0.87	6.605	1.000		ok
Limbus/Sclera Fibroblasts - C2	ODAD2	84.2	0.248	SMC	group	2801	5.17	4.025			ok
Limbus/Sclera Fibroblasts - C2	ODAD2	84.2	0.248	Capillary	sibling	5466	0.49	7.425			ok
Limbus/Sclera Fibroblasts - C2	ODAD2	84.2	0.248	Conj_superficial	sibling	3546	0.20	8.724			ok
Limbus/Sclera Fibroblasts - C2	ODAD2	84.2	0.248	Limbus Fibroblasts	sibling	42132	1.02	6.364	0.833		ok
Limbus/Sclera Fibroblasts - C2	ODAD2	84.2	0.248	Limbus/Sclera Fibroblasts - C1	sibling	33033	5.00	4.074	0.955		ok
Limbus/Sclera Fibroblasts - C2	ODAD2	84.2	0.248	Mast Cells	sibling	629	0.49	7.428			ok
Limbus/Sclera Fibroblasts - C2	ODAD2	84.2	0.248	Pericytes	sibling	37530	0.94	6.492	0.977		ok
Limbus/Sclera Fibroblasts - C2	ODAD2	84.2	0.248	Schwann_M	sibling	656	1.01	6.385			ok
Limbus/Sclera Fibroblasts - C2	ODAD2	84.2	0.248	Schwann_N	sibling	5403	0.85	6.632			ok
Limbus/Sclera Fibroblasts - C2	ODAD2	84.2	0.248	Sclera Fibroblasts	sibling	9288	11.67	2.852			ok
Limbus/Sclera Fibroblasts - C2	ODAD2	84.2	0.248	Smooth Muscle Cells	sibling	2801	5.17	4.025			ok
Limbus/Sclera Fibroblasts - C2	ODAD2	84.2	0.248	Venule_Sclera	sibling	17753	0.68	6.952			ok
Limbus/Sclera Fibroblasts - C2	ODAD2	84.2	0.248	B Cells	sibling_small	212	0.00	36.293	skip		ok
Limbus/Sclera Fibroblasts - C2	MKX	59.8	0.246	Keratocytes	group	103738	1.90	4.974	0.795		ok
Limbus/Sclera Fibroblasts - C2	MKX	59.8	0.246	Pericytes	group	37530	1.97	4.926	0.977		ok
Limbus/Sclera Fibroblasts - C2	MKX	59.8	0.246	Epithelium	group	250323	1.31	5.514	0.895		ok
Limbus/Sclera Fibroblasts - C2	MKX	59.8	0.246	Endothelium	group	33262	0.40	7.230	0.977		ok
Limbus/Sclera Fibroblasts - C2	MKX	59.8	0.246	Immune	group	10003	0.78	6.268	0.977		ok
Limbus/Sclera Fibroblasts - C2	MKX	59.8	0.246	Melanocytes	group	7209	0.93	6.008	0.929		ok
Limbus/Sclera Fibroblasts - C2	MKX	59.8	0.246	Schwann	group	6059	0.76	6.291	0.975		ok
Limbus/Sclera Fibroblasts - C2	MKX	59.8	0.246	SMC	group	2801	2.54	4.558			ok
Limbus/Sclera Fibroblasts - C2	MKX	59.8	0.246	Capillary	sibling	5466	0.49	6.931			ok
Limbus/Sclera Fibroblasts - C2	MKX	59.8	0.246	Conj_superficial	sibling	3546	1.30	5.522			ok
Limbus/Sclera Fibroblasts - C2	MKX	59.8	0.246	Limbus Fibroblasts	sibling	42132	4.13	3.856	0.875		ok
Limbus/Sclera Fibroblasts - C2	MKX	59.8	0.246	Limbus/Sclera Fibroblasts - C1	sibling	33033	9.59	2.640	0.750		ok
Limbus/Sclera Fibroblasts - C2	MKX	59.8	0.246	Mast Cells	sibling	629	0.00	35.799			ok
Limbus/Sclera Fibroblasts - C2	MKX	59.8	0.246	Pericytes	sibling	37530	1.97	4.926	0.977		ok
Limbus/Sclera Fibroblasts - C2	MKX	59.8	0.246	Schwann_M	sibling	656	0.50	6.891			ok
Limbus/Sclera Fibroblasts - C2	MKX	59.8	0.246	Schwann_N	sibling	5403	0.79	6.237			ok
Limbus/Sclera Fibroblasts - C2	MKX	59.8	0.246	Sclera Fibroblasts	sibling	9288	14.92	2.002			ok
Limbus/Sclera Fibroblasts - C2	MKX	59.8	0.246	Smooth Muscle Cells	sibling	2801	2.54	4.558			ok
Limbus/Sclera Fibroblasts - C2	MKX	59.8	0.246	Venule_Sclera	sibling	17753	0.38	7.292			ok
Limbus/Sclera Fibroblasts - C2	MKX	59.8	0.246	B Cells	sibling_small	212	2.69	4.474	skip		ok
Limbus/Sclera Fibroblasts - C2	PDE11A	9.5	0.036	Keratocytes	group	103738	0.99	3.268	0.795		ok
Limbus/Sclera Fibroblasts - C2	PDE11A	9.5	0.036	Pericytes	group	37530	0.96	3.309	0.791		ok
Limbus/Sclera Fibroblasts - C2	PDE11A	9.5	0.036	Epithelium	group	250323	0.47	4.355	0.763		ok
Limbus/Sclera Fibroblasts - C2	PDE11A	9.5	0.036	Endothelium	group	33262	0.80	3.573	0.795		ok
Limbus/Sclera Fibroblasts - C2	PDE11A	9.5	0.036	Immune	group	10003	0.38	4.662	0.977		ok
Limbus/Sclera Fibroblasts - C2	PDE11A	9.5	0.036	Melanocytes	group	7209	1.03	3.212	0.786		ok
Limbus/Sclera Fibroblasts - C2	PDE11A	9.5	0.036	Schwann	group	6059	0.71	3.743	0.900		ok
Limbus/Sclera Fibroblasts - C2	PDE11A	9.5	0.036	SMC	group	2801	0.85	3.495			ok
Limbus/Sclera Fibroblasts - C2	PDE11A	9.5	0.036	Capillary	sibling	5466	0.69	3.798			ok
Limbus/Sclera Fibroblasts - C2	PDE11A	9.5	0.036	Conj_superficial	sibling	3546	0.11	6.499			ok
Limbus/Sclera Fibroblasts - C2	PDE11A	9.5	0.036	Limbus Fibroblasts	sibling	42132	0.35	4.781	0.792		ok
Limbus/Sclera Fibroblasts - C2	PDE11A	9.5	0.036	Limbus/Sclera Fibroblasts - C1	sibling	33033	0.53	4.159	0.909		ok
Limbus/Sclera Fibroblasts - C2	PDE11A	9.5	0.036	Mast Cells	sibling	629	0.49	4.286			ok
Limbus/Sclera Fibroblasts - C2	PDE11A	9.5	0.036	Pericytes	sibling	37530	0.96	3.309	0.791		ok
Limbus/Sclera Fibroblasts - C2	PDE11A	9.5	0.036	Schwann_M	sibling	656	0.00	33.151			ok
Limbus/Sclera Fibroblasts - C2	PDE11A	9.5	0.036	Schwann_N	sibling	5403	0.79	3.589			ok
Limbus/Sclera Fibroblasts - C2	PDE11A	9.5	0.036	Sclera Fibroblasts	sibling	9288	2.97	1.685			ok
Limbus/Sclera Fibroblasts - C2	PDE11A	9.5	0.036	Smooth Muscle Cells	sibling	2801	0.85	3.495			ok
Limbus/Sclera Fibroblasts - C2	PDE11A	9.5	0.036	Venule_Sclera	sibling	17753	1.20	2.996			ok
Limbus/Sclera Fibroblasts - C2	PDE11A	9.5	0.036	B Cells	sibling_small	212	0.90	3.411	skip		ok
Limbus/Sclera Fibroblasts - C2	SMPX	15.6	0.070	Keratocytes	group	103738	0.24	6.050	0.769		ok
Limbus/Sclera Fibroblasts - C2	SMPX	15.6	0.070	Pericytes	group	37530	0.08	7.532	1.000		ok
Limbus/Sclera Fibroblasts - C2	SMPX	15.6	0.070	Epithelium	group	250323	0.01	11.058	0.974		ok
Limbus/Sclera Fibroblasts - C2	SMPX	15.6	0.070	Endothelium	group	33262	0.08	7.649	0.955		ok
Limbus/Sclera Fibroblasts - C2	SMPX	15.6	0.070	Immune	group	10003	0.07	7.872	1.000		ok
Limbus/Sclera Fibroblasts - C2	SMPX	15.6	0.070	Melanocytes	group	7209	0.03	9.277	1.000		ok
Limbus/Sclera Fibroblasts - C2	SMPX	15.6	0.070	Schwann	group	6059	0.15	6.673	0.950		ok
Limbus/Sclera Fibroblasts - C2	SMPX	15.6	0.070	SMC	group	2801	5.47	1.508			ok
Limbus/Sclera Fibroblasts - C2	SMPX	15.6	0.070	Capillary	sibling	5466	0.24	5.990			ok
Limbus/Sclera Fibroblasts - C2	SMPX	15.6	0.070	Conj_superficial	sibling	3546	0.06	8.054			ok
Limbus/Sclera Fibroblasts - C2	SMPX	15.6	0.070	Limbus Fibroblasts	sibling	42132	5.17	1.590	0.875		ok
Limbus/Sclera Fibroblasts - C2	SMPX	15.6	0.070	Limbus/Sclera Fibroblasts - C1	sibling	33033	0.14	6.765	0.932		ok
Limbus/Sclera Fibroblasts - C2	SMPX	15.6	0.070	Mast Cells	sibling	629	0.00	33.858			ok
Limbus/Sclera Fibroblasts - C2	SMPX	15.6	0.070	Pericytes	sibling	37530	0.08	7.532	1.000		ok
Limbus/Sclera Fibroblasts - C2	SMPX	15.6	0.070	Schwann_M	sibling	656	0.50	4.950			ok
Limbus/Sclera Fibroblasts - C2	SMPX	15.6	0.070	Schwann_N	sibling	5403	0.11	7.104			ok
Limbus/Sclera Fibroblasts - C2	SMPX	15.6	0.070	Sclera Fibroblasts	sibling	9288	6.22	1.323			ok
Limbus/Sclera Fibroblasts - C2	SMPX	15.6	0.070	Smooth Muscle Cells	sibling	2801	5.47	1.508			ok
Limbus/Sclera Fibroblasts - C2	SMPX	15.6	0.070	Venule_Sclera	sibling	17753	0.10	7.239			ok
Limbus/Sclera Fibroblasts - C2	SMPX	15.6	0.070	B Cells	sibling_small	212	0.00	33.858	skip		ok
Limbus/Sclera Fibroblasts - C2	HPD	27.7	0.076	Keratocytes	group	103738	1.08	4.674	0.846		ok
Limbus/Sclera Fibroblasts - C2	HPD	27.7	0.076	Pericytes	group	37530	0.38	6.191	0.953		ok
Limbus/Sclera Fibroblasts - C2	HPD	27.7	0.076	Epithelium	group	250323	0.16	7.470	0.895		ok
Limbus/Sclera Fibroblasts - C2	HPD	27.7	0.076	Endothelium	group	33262	0.24	6.861	0.932		ok
Limbus/Sclera Fibroblasts - C2	HPD	27.7	0.076	Immune	group	10003	1.97	3.810	0.837		ok
Limbus/Sclera Fibroblasts - C2	HPD	27.7	0.076	Melanocytes	group	7209	0.38	6.199	1.000		ok
Limbus/Sclera Fibroblasts - C2	HPD	27.7	0.076	Schwann	group	6059	1.98	3.801	0.950		ok
Limbus/Sclera Fibroblasts - C2	HPD	27.7	0.076	SMC	group	2801	0.80	5.119			ok
Limbus/Sclera Fibroblasts - C2	HPD	27.7	0.076	Capillary	sibling	5466	0.29	6.556			ok
Limbus/Sclera Fibroblasts - C2	HPD	27.7	0.076	Conj_superficial	sibling	3546	0.33	6.398			ok
Limbus/Sclera Fibroblasts - C2	HPD	27.7	0.076	Limbus Fibroblasts	sibling	42132	4.33	2.676	0.875		ok
Limbus/Sclera Fibroblasts - C2	HPD	27.7	0.076	Limbus/Sclera Fibroblasts - C1	sibling	33033	1.82	3.928	0.841		ok
Limbus/Sclera Fibroblasts - C2	HPD	27.7	0.076	Mast Cells	sibling	629	1.47	4.237			ok
Limbus/Sclera Fibroblasts - C2	HPD	27.7	0.076	Pericytes	sibling	37530	0.38	6.191	0.953		ok
Limbus/Sclera Fibroblasts - C2	HPD	27.7	0.076	Schwann_M	sibling	656	3.02	3.194			ok
Limbus/Sclera Fibroblasts - C2	HPD	27.7	0.076	Schwann_N	sibling	5403	1.87	3.888			ok
Limbus/Sclera Fibroblasts - C2	HPD	27.7	0.076	Sclera Fibroblasts	sibling	9288	11.07	1.321			ok
Limbus/Sclera Fibroblasts - C2	HPD	27.7	0.076	Smooth Muscle Cells	sibling	2801	0.80	5.119			ok
Limbus/Sclera Fibroblasts - C2	HPD	27.7	0.076	Venule_Sclera	sibling	17753	0.32	6.436			ok
Limbus/Sclera Fibroblasts - C2	HPD	27.7	0.076	B Cells	sibling_small	212	1.79	3.947	skip		ok
Limbus/Sclera Fibroblasts - C2	SCGB3A2	22.5	0.027	Keratocytes	group	103738	0.11	7.689	0.897		ok
Limbus/Sclera Fibroblasts - C2	SCGB3A2	22.5	0.027	Pericytes	group	37530	0.09	7.974	1.000		ok
Limbus/Sclera Fibroblasts - C2	SCGB3A2	22.5	0.027	Epithelium	group	250323	0.01	11.022	0.895		ok
Limbus/Sclera Fibroblasts - C2	SCGB3A2	22.5	0.027	Endothelium	group	33262	0.05	8.763	1.000		ok
Limbus/Sclera Fibroblasts - C2	SCGB3A2	22.5	0.027	Immune	group	10003	0.11	7.664	0.977		ok
Limbus/Sclera Fibroblasts - C2	SCGB3A2	22.5	0.027	Melanocytes	group	7209	0.03	9.807	1.000		ok
Limbus/Sclera Fibroblasts - C2	SCGB3A2	22.5	0.027	Schwann	group	6059	0.10	7.787	1.000		ok
Limbus/Sclera Fibroblasts - C2	SCGB3A2	22.5	0.027	SMC	group	2801	0.00	34.388			ok
Limbus/Sclera Fibroblasts - C2	SCGB3A2	22.5	0.027	Capillary	sibling	5466	0.15	7.257			ok
Limbus/Sclera Fibroblasts - C2	SCGB3A2	22.5	0.027	Conj_superficial	sibling	3546	0.04	9.321			ok
Limbus/Sclera Fibroblasts - C2	SCGB3A2	22.5	0.027	Limbus Fibroblasts	sibling	42132	0.23	6.619	0.833		ok
Limbus/Sclera Fibroblasts - C2	SCGB3A2	22.5	0.027	Limbus/Sclera Fibroblasts - C1	sibling	33033	0.10	7.825	0.932		ok
Limbus/Sclera Fibroblasts - C2	SCGB3A2	22.5	0.027	Mast Cells	sibling	629	0.00	34.388			ok
Limbus/Sclera Fibroblasts - C2	SCGB3A2	22.5	0.027	Pericytes	sibling	37530	0.09	7.974	1.000		ok
Limbus/Sclera Fibroblasts - C2	SCGB3A2	22.5	0.027	Schwann_M	sibling	656	0.00	34.388			ok
Limbus/Sclera Fibroblasts - C2	SCGB3A2	22.5	0.027	Schwann_N	sibling	5403	0.11	7.633			ok
Limbus/Sclera Fibroblasts - C2	SCGB3A2	22.5	0.027	Sclera Fibroblasts	sibling	9288	9.36	1.264			ok
Limbus/Sclera Fibroblasts - C2	SCGB3A2	22.5	0.027	Smooth Muscle Cells	sibling	2801	0.00	34.388			ok
Limbus/Sclera Fibroblasts - C2	SCGB3A2	22.5	0.027	Venule_Sclera	sibling	17753	0.05	8.769			ok
Limbus/Sclera Fibroblasts - C2	SCGB3A2	22.5	0.027	B Cells	sibling_small	212	0.90	4.648	skip		ok
Limbus/Sclera Fibroblasts - C2	HP	185.8	0.176	Keratocytes	group	103738	0.88	7.726	0.846		ok
Limbus/Sclera Fibroblasts - C2	HP	185.8	0.176	Pericytes	group	37530	0.34	9.086	0.930		ok
Limbus/Sclera Fibroblasts - C2	HP	185.8	0.176	Epithelium	group	250323	0.03	12.635	0.842		ok
Limbus/Sclera Fibroblasts - C2	HP	185.8	0.176	Endothelium	group	33262	1.27	7.190	0.841		ok
Limbus/Sclera Fibroblasts - C2	HP	185.8	0.176	Immune	group	10003	0.20	9.863	0.953		ok
Limbus/Sclera Fibroblasts - C2	HP	185.8	0.176	Melanocytes	group	7209	0.00	37.435	1.000		ok
Limbus/Sclera Fibroblasts - C2	HP	185.8	0.176	Schwann	group	6059	1.78	6.705	0.825		ok
Limbus/Sclera Fibroblasts - C2	HP	185.8	0.176	SMC	group	2801	0.05	11.866			ok
Limbus/Sclera Fibroblasts - C2	HP	185.8	0.176	Capillary	sibling	5466	0.83	7.801			ok
Limbus/Sclera Fibroblasts - C2	HP	185.8	0.176	Conj_superficial	sibling	3546	0.19	9.953			ok
Limbus/Sclera Fibroblasts - C2	HP	185.8	0.176	Limbus Fibroblasts	sibling	42132	2.50	6.215	0.917		ok
Limbus/Sclera Fibroblasts - C2	HP	185.8	0.176	Limbus/Sclera Fibroblasts - C1	sibling	33033	3.62	5.683	0.909		ok
Limbus/Sclera Fibroblasts - C2	HP	185.8	0.176	Mast Cells	sibling	629	0.00	37.435			ok
Limbus/Sclera Fibroblasts - C2	HP	185.8	0.176	Pericytes	sibling	37530	0.34	9.086	0.930		ok
Limbus/Sclera Fibroblasts - C2	HP	185.8	0.176	Schwann_M	sibling	656	0.00	37.435			ok
Limbus/Sclera Fibroblasts - C2	HP	185.8	0.176	Schwann_N	sibling	5403	1.98	6.551			ok
Limbus/Sclera Fibroblasts - C2	HP	185.8	0.176	Sclera Fibroblasts	sibling	9288	85.28	1.123			ok
Limbus/Sclera Fibroblasts - C2	HP	185.8	0.176	Smooth Muscle Cells	sibling	2801	0.05	11.866			ok
Limbus/Sclera Fibroblasts - C2	HP	185.8	0.176	Venule_Sclera	sibling	17753	0.94	7.630			ok
Limbus/Sclera Fibroblasts - C2	HP	185.8	0.176	B Cells	sibling_small	212	0.00	37.435	skip		ok
Sclera Fibroblasts	ENSG00000250038	9.9	0.008	Keratocytes	group	103738	0.10	6.599			ok
Sclera Fibroblasts	ENSG00000250038	9.9	0.008	Pericytes	group	37530	0.02	8.874			ok
Sclera Fibroblasts	ENSG00000250038	9.9	0.008	Epithelium	group	250323	0.16	5.952			ok
Sclera Fibroblasts	ENSG00000250038	9.9	0.008	Endothelium	group	33262	0.02	9.313			ok
Sclera Fibroblasts	ENSG00000250038	9.9	0.008	Immune	group	10003	0.02	8.799	0.900		ok
Sclera Fibroblasts	ENSG00000250038	9.9	0.008	Melanocytes	group	7209	0.10	6.619			ok
Sclera Fibroblasts	ENSG00000250038	9.9	0.008	Schwann	group	6059	0.00	33.200			ok
Sclera Fibroblasts	ENSG00000250038	9.9	0.008	SMC	group	2801	0.00	33.200			ok
Sclera Fibroblasts	ENSG00000250038	9.9	0.008	Capillary	sibling	5466	0.00	33.200			ok
Sclera Fibroblasts	ENSG00000250038	9.9	0.008	Conj_superficial	sibling	3546	0.02	8.718			ok
Sclera Fibroblasts	ENSG00000250038	9.9	0.008	Limbus Fibroblasts	sibling	42132	0.13	6.259			ok
Sclera Fibroblasts	ENSG00000250038	9.9	0.008	Limbus/Sclera Fibroblasts - C1	sibling	33033	0.10	6.638			ok
Sclera Fibroblasts	ENSG00000250038	9.9	0.008	Limbus/Sclera Fibroblasts - C2	sibling	42047	0.18	5.807			ok
Sclera Fibroblasts	ENSG00000250038	9.9	0.008	Mast Cells	sibling	629	0.00	33.200			ok
Sclera Fibroblasts	ENSG00000250038	9.9	0.008	Pericytes	sibling	37530	0.02	8.874			ok
Sclera Fibroblasts	ENSG00000250038	9.9	0.008	Schwann_M	sibling	656	0.00	33.200			ok
Sclera Fibroblasts	ENSG00000250038	9.9	0.008	Schwann_N	sibling	5403	0.00	33.200			ok
Sclera Fibroblasts	ENSG00000250038	9.9	0.008	Smooth Muscle Cells	sibling	2801	0.00	33.200			ok
Sclera Fibroblasts	ENSG00000250038	9.9	0.008	Venule_Sclera	sibling	17753	0.02	8.903			ok
Sclera Fibroblasts	ENSG00000250038	9.9	0.008	B Cells	sibling_small	212	0.00	33.200	skip		ok
Sclera Fibroblasts	ENSG00000236823	37.6	0.069	Keratocytes	group	103738	0.24	7.321			ok
Sclera Fibroblasts	ENSG00000236823	37.6	0.069	Pericytes	group	37530	0.16	7.850			ok
Sclera Fibroblasts	ENSG00000236823	37.6	0.069	Epithelium	group	250323	0.02	10.845			ok
Sclera Fibroblasts	ENSG00000236823	37.6	0.069	Endothelium	group	33262	0.06	9.368			ok
Sclera Fibroblasts	ENSG00000236823	37.6	0.069	Immune	group	10003	0.24	7.269	0.900		ok
Sclera Fibroblasts	ENSG00000236823	37.6	0.069	Melanocytes	group	7209	0.00	35.130			ok
Sclera Fibroblasts	ENSG00000236823	37.6	0.069	Schwann	group	6059	0.20	7.529			ok
Sclera Fibroblasts	ENSG00000236823	37.6	0.069	SMC	group	2801	0.05	9.561			ok
Sclera Fibroblasts	ENSG00000236823	37.6	0.069	Capillary	sibling	5466	0.00	35.130			ok
Sclera Fibroblasts	ENSG00000236823	37.6	0.069	Conj_superficial	sibling	3546	0.11	8.478			ok
Sclera Fibroblasts	ENSG00000236823	37.6	0.069	Limbus Fibroblasts	sibling	42132	1.16	5.012			ok
Sclera Fibroblasts	ENSG00000236823	37.6	0.069	Limbus/Sclera Fibroblasts - C1	sibling	33033	0.22	7.415			ok
Sclera Fibroblasts	ENSG00000236823	37.6	0.069	Limbus/Sclera Fibroblasts - C2	sibling	42047	0.20	7.584			ok
Sclera Fibroblasts	ENSG00000236823	37.6	0.069	Mast Cells	sibling	629	0.00	35.130			ok
Sclera Fibroblasts	ENSG00000236823	37.6	0.069	Pericytes	sibling	37530	0.16	7.850			ok
Sclera Fibroblasts	ENSG00000236823	37.6	0.069	Schwann_M	sibling	656	0.00	35.130			ok
Sclera Fibroblasts	ENSG00000236823	37.6	0.069	Schwann_N	sibling	5403	0.23	7.375			ok
Sclera Fibroblasts	ENSG00000236823	37.6	0.069	Smooth Muscle Cells	sibling	2801	0.05	9.561			ok
Sclera Fibroblasts	ENSG00000236823	37.6	0.069	Venule_Sclera	sibling	17753	0.05	9.511			ok
Sclera Fibroblasts	ENSG00000236823	37.6	0.069	B Cells	sibling_small	212	0.00	35.130	skip		ok
Sclera Fibroblasts	KRTAP21-2	16.9	0.021	Keratocytes	group	103738	0.02	9.527			ok
Sclera Fibroblasts	KRTAP21-2	16.9	0.021	Pericytes	group	37530	0.02	9.652			ok
Sclera Fibroblasts	KRTAP21-2	16.9	0.021	Epithelium	group	250323	0.06	8.048			ok
Sclera Fibroblasts	KRTAP21-2	16.9	0.021	Endothelium	group	33262	0.01	10.676			ok
Sclera Fibroblasts	KRTAP21-2	16.9	0.021	Immune	group	10003	0.00	33.978	1.000		ok
Sclera Fibroblasts	KRTAP21-2	16.9	0.021	Melanocytes	group	7209	0.10	7.397			ok
Sclera Fibroblasts	KRTAP21-2	16.9	0.021	Schwann	group	6059	0.00	33.978			ok
Sclera Fibroblasts	KRTAP21-2	16.9	0.021	SMC	group	2801	0.00	33.978			ok
Sclera Fibroblasts	KRTAP21-2	16.9	0.021	Capillary	sibling	5466	0.00	33.978			ok
Sclera Fibroblasts	KRTAP21-2	16.9	0.021	Conj_superficial	sibling	3546	0.01	10.496			ok
Sclera Fibroblasts	KRTAP21-2	16.9	0.021	Limbus Fibroblasts	sibling	42132	0.53	5.008			ok
Sclera Fibroblasts	KRTAP21-2	16.9	0.021	Limbus/Sclera Fibroblasts - C1	sibling	33033	0.06	8.264			ok
Sclera Fibroblasts	KRTAP21-2	16.9	0.021	Limbus/Sclera Fibroblasts - C2	sibling	42047	0.07	7.989			ok
Sclera Fibroblasts	KRTAP21-2	16.9	0.021	Mast Cells	sibling	629	0.00	33.978			ok
Sclera Fibroblasts	KRTAP21-2	16.9	0.021	Pericytes	sibling	37530	0.02	9.652			ok
Sclera Fibroblasts	KRTAP21-2	16.9	0.021	Schwann_M	sibling	656	0.00	33.978			ok
Sclera Fibroblasts	KRTAP21-2	16.9	0.021	Schwann_N	sibling	5403	0.00	33.978			ok
Sclera Fibroblasts	KRTAP21-2	16.9	0.021	Smooth Muscle Cells	sibling	2801	0.00	33.978			ok
Sclera Fibroblasts	KRTAP21-2	16.9	0.021	Venule_Sclera	sibling	17753	0.02	9.681			ok
Sclera Fibroblasts	KRTAP21-2	16.9	0.021	B Cells	sibling_small	212	0.00	33.978	skip		ok
Sclera Fibroblasts	ENSG00000274766	7.1	0.030	Keratocytes	group	103738	0.08	6.501			ok
Sclera Fibroblasts	ENSG00000274766	7.1	0.030	Pericytes	group	37530	0.07	6.600			ok
Sclera Fibroblasts	ENSG00000274766	7.1	0.030	Epithelium	group	250323	0.01	9.255			ok
Sclera Fibroblasts	ENSG00000274766	7.1	0.030	Endothelium	group	33262	0.04	7.623			ok
Sclera Fibroblasts	ENSG00000274766	7.1	0.030	Immune	group	10003	0.04	7.331	0.900		ok
Sclera Fibroblasts	ENSG00000274766	7.1	0.030	Melanocytes	group	7209	0.10	6.152			ok
Sclera Fibroblasts	ENSG00000274766	7.1	0.030	Schwann	group	6059	0.05	7.132			ok
Sclera Fibroblasts	ENSG00000274766	7.1	0.030	SMC	group	2801	0.00	32.733			ok
Sclera Fibroblasts	ENSG00000274766	7.1	0.030	Capillary	sibling	5466	0.10	6.187			ok
Sclera Fibroblasts	ENSG00000274766	7.1	0.030	Conj_superficial	sibling	3546	0.01	9.251			ok
Sclera Fibroblasts	ENSG00000274766	7.1	0.030	Limbus Fibroblasts	sibling	42132	0.39	4.178			ok
Sclera Fibroblasts	ENSG00000274766	7.1	0.030	Limbus/Sclera Fibroblasts - C1	sibling	33033	0.08	6.434			ok
Sclera Fibroblasts	ENSG00000274766	7.1	0.030	Limbus/Sclera Fibroblasts - C2	sibling	42047	0.38	4.217			ok
Sclera Fibroblasts	ENSG00000274766	7.1	0.030	Mast Cells	sibling	629	0.00	32.733			ok
Sclera Fibroblasts	ENSG00000274766	7.1	0.030	Pericytes	sibling	37530	0.07	6.600			ok
Sclera Fibroblasts	ENSG00000274766	7.1	0.030	Schwann_M	sibling	656	0.00	32.733			ok
Sclera Fibroblasts	ENSG00000274766	7.1	0.030	Schwann_N	sibling	5403	0.06	6.979			ok
Sclera Fibroblasts	ENSG00000274766	7.1	0.030	Smooth Muscle Cells	sibling	2801	0.00	32.733			ok
Sclera Fibroblasts	ENSG00000274766	7.1	0.030	Venule_Sclera	sibling	17753	0.05	7.114			ok
Sclera Fibroblasts	ENSG00000274766	7.1	0.030	B Cells	sibling_small	212	0.00	32.733	skip		ok
Sclera Fibroblasts	ESM1	228.3	0.148	Keratocytes	group	103738	0.16	10.461			ok
Sclera Fibroblasts	ESM1	228.3	0.148	Pericytes	group	37530	0.56	8.678			ok
Sclera Fibroblasts	ESM1	228.3	0.148	Epithelium	group	250323	0.23	9.970			ok
Sclera Fibroblasts	ESM1	228.3	0.148	Endothelium	group	33262	11.73	4.282			ok
Sclera Fibroblasts	ESM1	228.3	0.148	Immune	group	10003	0.40	9.160	1.000		ok
Sclera Fibroblasts	ESM1	228.3	0.148	Melanocytes	group	7209	0.03	13.151			ok
Sclera Fibroblasts	ESM1	228.3	0.148	Schwann	group	6059	0.81	8.131			ok
Sclera Fibroblasts	ESM1	228.3	0.148	SMC	group	2801	6.62	5.108			ok
Sclera Fibroblasts	ESM1	228.3	0.148	Capillary	sibling	5466	13.18	4.114			ok
Sclera Fibroblasts	ESM1	228.3	0.148	Conj_superficial	sibling	3546	0.21	10.080			ok
Sclera Fibroblasts	ESM1	228.3	0.148	Limbus Fibroblasts	sibling	42132	3.95	5.853			ok
Sclera Fibroblasts	ESM1	228.3	0.148	Limbus/Sclera Fibroblasts - C1	sibling	33033	0.51	8.800			ok
Sclera Fibroblasts	ESM1	228.3	0.148	Limbus/Sclera Fibroblasts - C2	sibling	42047	6.91	5.047			ok
Sclera Fibroblasts	ESM1	228.3	0.148	Mast Cells	sibling	629	0.00	37.732			ok
Sclera Fibroblasts	ESM1	228.3	0.148	Pericytes	sibling	37530	0.56	8.678			ok
Sclera Fibroblasts	ESM1	228.3	0.148	Schwann_M	sibling	656	1.51	7.239			ok
Sclera Fibroblasts	ESM1	228.3	0.148	Schwann_N	sibling	5403	0.74	8.277			ok
Sclera Fibroblasts	ESM1	228.3	0.148	Smooth Muscle Cells	sibling	2801	6.62	5.108			ok
Sclera Fibroblasts	ESM1	228.3	0.148	Venule_Sclera	sibling	17753	4.88	5.549			ok
Sclera Fibroblasts	ESM1	228.3	0.148	B Cells	sibling_small	212	0.00	37.732	skip		ok
Sclera Fibroblasts	ENSG00000249642	10.9	0.032	Keratocytes	group	103738	0.61	4.173			ok
Sclera Fibroblasts	ENSG00000249642	10.9	0.032	Pericytes	group	37530	0.13	6.379			ok
Sclera Fibroblasts	ENSG00000249642	10.9	0.032	Epithelium	group	250323	0.82	3.730			ok
Sclera Fibroblasts	ENSG00000249642	10.9	0.032	Endothelium	group	33262	0.13	6.346			ok
Sclera Fibroblasts	ENSG00000249642	10.9	0.032	Immune	group	10003	0.09	6.947	0.800		ok
Sclera Fibroblasts	ENSG00000249642	10.9	0.032	Melanocytes	group	7209	0.13	6.445			ok
Sclera Fibroblasts	ENSG00000249642	10.9	0.032	Schwann	group	6059	0.10	6.748			ok
Sclera Fibroblasts	ENSG00000249642	10.9	0.032	SMC	group	2801	0.30	5.195			ok
Sclera Fibroblasts	ENSG00000249642	10.9	0.032	Capillary	sibling	5466	0.10	6.803			ok
Sclera Fibroblasts	ENSG00000249642	10.9	0.032	Conj_superficial	sibling	3546	0.13	6.407			ok
Sclera Fibroblasts	ENSG00000249642	10.9	0.032	Limbus Fibroblasts	sibling	42132	0.36	4.935			ok
Sclera Fibroblasts	ENSG00000249642	10.9	0.032	Limbus/Sclera Fibroblasts - C1	sibling	33033	0.70	3.956			ok
Sclera Fibroblasts	ENSG00000249642	10.9	0.032	Limbus/Sclera Fibroblasts - C2	sibling	42047	0.78	3.803			ok
Sclera Fibroblasts	ENSG00000249642	10.9	0.032	Mast Cells	sibling	629	0.00	33.349			ok
Sclera Fibroblasts	ENSG00000249642	10.9	0.032	Pericytes	sibling	37530	0.13	6.379			ok
Sclera Fibroblasts	ENSG00000249642	10.9	0.032	Schwann_M	sibling	656	0.00	33.349			ok
Sclera Fibroblasts	ENSG00000249642	10.9	0.032	Schwann_N	sibling	5403	0.11	6.594			ok
Sclera Fibroblasts	ENSG00000249642	10.9	0.032	Smooth Muscle Cells	sibling	2801	0.30	5.195			ok
Sclera Fibroblasts	ENSG00000249642	10.9	0.032	Venule_Sclera	sibling	17753	0.16	6.051			ok
Sclera Fibroblasts	ENSG00000249642	10.9	0.032	B Cells	sibling_small	212	0.00	33.349	skip		ok
Sclera Fibroblasts	LINC00366	14.6	0.051	Keratocytes	group	103738	0.33	5.455			ok
Sclera Fibroblasts	LINC00366	14.6	0.051	Pericytes	group	37530	0.17	6.393			ok
Sclera Fibroblasts	LINC00366	14.6	0.051	Epithelium	group	250323	0.25	5.839			ok
Sclera Fibroblasts	LINC00366	14.6	0.051	Endothelium	group	33262	0.13	6.817			ok
Sclera Fibroblasts	LINC00366	14.6	0.051	Immune	group	10003	0.02	9.362	1.000		ok
Sclera Fibroblasts	LINC00366	14.6	0.051	Melanocytes	group	7209	0.03	9.182			ok
Sclera Fibroblasts	LINC00366	14.6	0.051	Schwann	group	6059	0.05	8.163			ok
Sclera Fibroblasts	LINC00366	14.6	0.051	SMC	group	2801	0.05	8.195			ok
Sclera Fibroblasts	LINC00366	14.6	0.051	Capillary	sibling	5466	0.00	33.764			ok
Sclera Fibroblasts	LINC00366	14.6	0.051	Conj_superficial	sibling	3546	0.09	7.282			ok
Sclera Fibroblasts	LINC00366	14.6	0.051	Limbus Fibroblasts	sibling	42132	0.62	4.561			ok
Sclera Fibroblasts	LINC00366	14.6	0.051	Limbus/Sclera Fibroblasts - C1	sibling	33033	0.49	4.895			ok
Sclera Fibroblasts	LINC00366	14.6	0.051	Limbus/Sclera Fibroblasts - C2	sibling	42047	1.16	3.648			ok
Sclera Fibroblasts	LINC00366	14.6	0.051	Mast Cells	sibling	629	0.00	33.764			ok
Sclera Fibroblasts	LINC00366	14.6	0.051	Pericytes	sibling	37530	0.17	6.393			ok
Sclera Fibroblasts	LINC00366	14.6	0.051	Schwann_M	sibling	656	0.00	33.764			ok
Sclera Fibroblasts	LINC00366	14.6	0.051	Schwann_N	sibling	5403	0.06	8.009			ok
Sclera Fibroblasts	LINC00366	14.6	0.051	Smooth Muscle Cells	sibling	2801	0.05	8.195			ok
Sclera Fibroblasts	LINC00366	14.6	0.051	Venule_Sclera	sibling	17753	0.19	6.296			ok
Sclera Fibroblasts	LINC00366	14.6	0.051	B Cells	sibling_small	212	0.00	33.764	skip		ok
Sclera Fibroblasts	LINC00605	13.0	0.055	Keratocytes	group	103738	0.58	4.473			ok
Sclera Fibroblasts	LINC00605	13.0	0.055	Pericytes	group	37530	0.04	8.271			ok
Sclera Fibroblasts	LINC00605	13.0	0.055	Epithelium	group	250323	0.02	9.463			ok
Sclera Fibroblasts	LINC00605	13.0	0.055	Endothelium	group	33262	0.06	7.709			ok
Sclera Fibroblasts	LINC00605	13.0	0.055	Immune	group	10003	0.02	9.195	1.000		ok
Sclera Fibroblasts	LINC00605	13.0	0.055	Melanocytes	group	7209	0.00	33.597			ok
Sclera Fibroblasts	LINC00605	13.0	0.055	Schwann	group	6059	0.31	5.411			ok
Sclera Fibroblasts	LINC00605	13.0	0.055	SMC	group	2801	0.00	33.597			ok
Sclera Fibroblasts	LINC00605	13.0	0.055	Capillary	sibling	5466	0.10	7.051			ok
Sclera Fibroblasts	LINC00605	13.0	0.055	Conj_superficial	sibling	3546	0.06	7.793			ok
Sclera Fibroblasts	LINC00605	13.0	0.055	Limbus Fibroblasts	sibling	42132	0.96	3.759			ok
Sclera Fibroblasts	LINC00605	13.0	0.055	Limbus/Sclera Fibroblasts - C1	sibling	33033	0.94	3.786			ok
Sclera Fibroblasts	LINC00605	13.0	0.055	Limbus/Sclera Fibroblasts - C2	sibling	42047	1.04	3.645			ok
Sclera Fibroblasts	LINC00605	13.0	0.055	Mast Cells	sibling	629	0.00	33.597			ok
Sclera Fibroblasts	LINC00605	13.0	0.055	Pericytes	sibling	37530	0.04	8.271			ok
Sclera Fibroblasts	LINC00605	13.0	0.055	Schwann_M	sibling	656	0.00	33.597			ok
Sclera Fibroblasts	LINC00605	13.0	0.055	Schwann_N	sibling	5403	0.34	5.257			ok
Sclera Fibroblasts	LINC00605	13.0	0.055	Smooth Muscle Cells	sibling	2801	0.00	33.597			ok
Sclera Fibroblasts	LINC00605	13.0	0.055	Venule_Sclera	sibling	17753	0.03	8.714			ok
Sclera Fibroblasts	LINC00605	13.0	0.055	B Cells	sibling_small	212	0.00	33.597	skip		ok
Sclera Fibroblasts	ANXA13	46.1	0.139	Keratocytes	group	103738	0.73	5.981			ok
Sclera Fibroblasts	ANXA13	46.1	0.139	Pericytes	group	37530	0.28	7.342			ok
Sclera Fibroblasts	ANXA13	46.1	0.139	Epithelium	group	250323	0.06	9.690			ok
Sclera Fibroblasts	ANXA13	46.1	0.139	Endothelium	group	33262	0.11	8.729			ok
Sclera Fibroblasts	ANXA13	46.1	0.139	Immune	group	10003	0.09	9.022	1.000		ok
Sclera Fibroblasts	ANXA13	46.1	0.139	Melanocytes	group	7209	0.83	5.798			ok
Sclera Fibroblasts	ANXA13	46.1	0.139	Schwann	group	6059	1.02	5.501			ok
Sclera Fibroblasts	ANXA13	46.1	0.139	SMC	group	2801	1.19	5.270			ok
Sclera Fibroblasts	ANXA13	46.1	0.139	Capillary	sibling	5466	0.10	8.877			ok
Sclera Fibroblasts	ANXA13	46.1	0.139	Conj_superficial	sibling	3546	0.18	8.034			ok
Sclera Fibroblasts	ANXA13	46.1	0.139	Limbus Fibroblasts	sibling	42132	4.23	3.444			ok
Sclera Fibroblasts	ANXA13	46.1	0.139	Limbus/Sclera Fibroblasts - C1	sibling	33033	1.61	4.841			ok
Sclera Fibroblasts	ANXA13	46.1	0.139	Limbus/Sclera Fibroblasts - C2	sibling	42047	3.46	3.734			ok
Sclera Fibroblasts	ANXA13	46.1	0.139	Mast Cells	sibling	629	0.00	35.423			ok
Sclera Fibroblasts	ANXA13	46.1	0.139	Pericytes	sibling	37530	0.28	7.342			ok
Sclera Fibroblasts	ANXA13	46.1	0.139	Schwann_M	sibling	656	0.00	35.423			ok
Sclera Fibroblasts	ANXA13	46.1	0.139	Schwann_N	sibling	5403	1.13	5.347			ok
Sclera Fibroblasts	ANXA13	46.1	0.139	Smooth Muscle Cells	sibling	2801	1.19	5.270			ok
Sclera Fibroblasts	ANXA13	46.1	0.139	Venule_Sclera	sibling	17753	0.15	8.219			ok
Sclera Fibroblasts	ANXA13	46.1	0.139	B Cells	sibling_small	212	0.00	35.423	skip		ok
Sclera Fibroblasts	SLC9B1	176.5	0.250	Keratocytes	group	103738	8.66	4.349			ok
Sclera Fibroblasts	SLC9B1	176.5	0.250	Pericytes	group	37530	9.65	4.193			ok
Sclera Fibroblasts	SLC9B1	176.5	0.250	Epithelium	group	250323	16.24	3.442			ok
Sclera Fibroblasts	SLC9B1	176.5	0.250	Endothelium	group	33262	5.91	4.901			ok
Sclera Fibroblasts	SLC9B1	176.5	0.250	Immune	group	10003	6.29	4.809	0.900		ok
Sclera Fibroblasts	SLC9B1	176.5	0.250	Melanocytes	group	7209	5.10	5.114			ok
Sclera Fibroblasts	SLC9B1	176.5	0.250	Schwann	group	6059	9.57	4.206			ok
Sclera Fibroblasts	SLC9B1	176.5	0.250	SMC	group	2801	7.96	4.471			ok
Sclera Fibroblasts	SLC9B1	176.5	0.250	Capillary	sibling	5466	3.97	5.475			ok
Sclera Fibroblasts	SLC9B1	176.5	0.250	Conj_superficial	sibling	3546	1.77	6.640			ok
Sclera Fibroblasts	SLC9B1	176.5	0.250	Limbus Fibroblasts	sibling	42132	16.69	3.403			ok
Sclera Fibroblasts	SLC9B1	176.5	0.250	Limbus/Sclera Fibroblasts - C1	sibling	33033	9.02	4.290			ok
Sclera Fibroblasts	SLC9B1	176.5	0.250	Limbus/Sclera Fibroblasts - C2	sibling	42047	11.74	3.911			ok
Sclera Fibroblasts	SLC9B1	176.5	0.250	Mast Cells	sibling	629	2.93	5.911			ok
Sclera Fibroblasts	SLC9B1	176.5	0.250	Pericytes	sibling	37530	9.65	4.193			ok
Sclera Fibroblasts	SLC9B1	176.5	0.250	Schwann_M	sibling	656	6.04	4.868			ok
Sclera Fibroblasts	SLC9B1	176.5	0.250	Schwann_N	sibling	5403	9.96	4.147			ok
Sclera Fibroblasts	SLC9B1	176.5	0.250	Smooth Muscle Cells	sibling	2801	7.96	4.471			ok
Sclera Fibroblasts	SLC9B1	176.5	0.250	Venule_Sclera	sibling	17753	7.11	4.633			ok
Sclera Fibroblasts	SLC9B1	176.5	0.250	B Cells	sibling_small	212	6.28	4.813	skip		ok
Sclera Fibroblasts	FAT1	1458.8	0.775	Keratocytes	group	103738	27.55	5.727			ok
Sclera Fibroblasts	FAT1	1458.8	0.775	Pericytes	group	37530	142.34	3.357			ok
Sclera Fibroblasts	FAT1	1458.8	0.775	Epithelium	group	250323	157.74	3.209			ok
Sclera Fibroblasts	FAT1	1458.8	0.775	Endothelium	group	33262	2.34	9.285			ok
Sclera Fibroblasts	FAT1	1458.8	0.775	Immune	group	10003	3.77	8.597	1.000		ok
Sclera Fibroblasts	FAT1	1458.8	0.775	Melanocytes	group	7209	20.31	6.167			ok
Sclera Fibroblasts	FAT1	1458.8	0.775	Schwann	group	6059	67.98	4.423			ok
Sclera Fibroblasts	FAT1	1458.8	0.775	SMC	group	2801	30.65	5.573			ok
Sclera Fibroblasts	FAT1	1458.8	0.775	Capillary	sibling	5466	2.06	9.469			ok
Sclera Fibroblasts	FAT1	1458.8	0.775	Conj_superficial	sibling	3546	53.80	4.761			ok
Sclera Fibroblasts	FAT1	1458.8	0.775	Limbus Fibroblasts	sibling	42132	91.73	3.991			ok
Sclera Fibroblasts	FAT1	1458.8	0.775	Limbus/Sclera Fibroblasts - C1	sibling	33033	94.14	3.954			ok
Sclera Fibroblasts	FAT1	1458.8	0.775	Limbus/Sclera Fibroblasts - C2	sibling	42047	100.76	3.856			ok
Sclera Fibroblasts	FAT1	1458.8	0.775	Mast Cells	sibling	629	26.89	5.762			ok
Sclera Fibroblasts	FAT1	1458.8	0.775	Pericytes	sibling	37530	142.34	3.357			ok
Sclera Fibroblasts	FAT1	1458.8	0.775	Schwann_M	sibling	656	156.64	3.219			ok
Sclera Fibroblasts	FAT1	1458.8	0.775	Schwann_N	sibling	5403	58.02	4.652			ok
Sclera Fibroblasts	FAT1	1458.8	0.775	Smooth Muscle Cells	sibling	2801	30.65	5.573			ok
Sclera Fibroblasts	FAT1	1458.8	0.775	Venule_Sclera	sibling	17753	2.63	9.116			ok
Sclera Fibroblasts	FAT1	1458.8	0.775	B Cells	sibling_small	212	0.90	10.668	skip		ok
Sclera Fibroblasts	HIVEP3	701.0	0.641	Keratocytes	group	103738	56.61	3.630			ok
Sclera Fibroblasts	HIVEP3	701.0	0.641	Pericytes	group	37530	32.64	4.425			ok
Sclera Fibroblasts	HIVEP3	701.0	0.641	Epithelium	group	250323	21.59	5.021			ok
Sclera Fibroblasts	HIVEP3	701.0	0.641	Endothelium	group	33262	31.95	4.456			ok
Sclera Fibroblasts	HIVEP3	701.0	0.641	Immune	group	10003	40.94	4.098	0.800		ok
Sclera Fibroblasts	HIVEP3	701.0	0.641	Melanocytes	group	7209	28.01	4.645			ok
Sclera Fibroblasts	HIVEP3	701.0	0.641	Schwann	group	6059	66.46	3.399			ok
Sclera Fibroblasts	HIVEP3	701.0	0.641	SMC	group	2801	20.35	5.106			ok
Sclera Fibroblasts	HIVEP3	701.0	0.641	Capillary	sibling	5466	31.55	4.474			ok
Sclera Fibroblasts	HIVEP3	701.0	0.641	Conj_superficial	sibling	3546	19.81	5.145			ok
Sclera Fibroblasts	HIVEP3	701.0	0.641	Limbus Fibroblasts	sibling	42132	36.74	4.254			ok
Sclera Fibroblasts	HIVEP3	701.0	0.641	Limbus/Sclera Fibroblasts - C1	sibling	33033	63.25	3.470			ok
Sclera Fibroblasts	HIVEP3	701.0	0.641	Limbus/Sclera Fibroblasts - C2	sibling	42047	78.05	3.167			ok
Sclera Fibroblasts	HIVEP3	701.0	0.641	Mast Cells	sibling	629	9.78	6.164			ok
Sclera Fibroblasts	HIVEP3	701.0	0.641	Pericytes	sibling	37530	32.64	4.425			ok
Sclera Fibroblasts	HIVEP3	701.0	0.641	Schwann_M	sibling	656	51.88	3.756			ok
Sclera Fibroblasts	HIVEP3	701.0	0.641	Schwann_N	sibling	5403	68.10	3.364			ok
Sclera Fibroblasts	HIVEP3	701.0	0.641	Smooth Muscle Cells	sibling	2801	20.35	5.106			ok
Sclera Fibroblasts	HIVEP3	701.0	0.641	Venule_Sclera	sibling	17753	31.48	4.477			ok
Sclera Fibroblasts	HIVEP3	701.0	0.641	B Cells	sibling_small	212	19.73	5.151	skip		ok
