frame	surface	kind	path	cls	gene	pmid	note	title	extra	rec_title	rec_journal	rec_year	channels	grade	c1	c2	eye	cls_hit	note_echo	diverge	reason	yb
F3	markers_membrane_v1.json	R2_prov_ctx	/provenance/Endo/CLDN5[2]	Endo	CLDN5	41827851	Claudins in Retinal Disease		该类注释的文献语境 (v1 MCP 检索实证), 非该基因的逐条引用	Claudins in Retinal Disease: Beyond Barrier Integrity to Signaling and Therapy.	Cells	2026 Feb	epmc,eutils	GOOD	1	0	1	0	3	0	C1+类语境(眼/类词)命中(基因豁免)	2025+
F3	markers_membrane_v1.json	R2_prov_ctx	/provenance/Endo/CLDN5[3]	Endo	CLDN5	41390488	Endothelial RAB5IF retinal angiogenesis		该类注释的文献语境 (v1 MCP 检索实证), 非该基因的逐条引用	Endothelial RAB5IF is required for pathological and developmental retinal angiogenesis.	Nature communications	2025 Dec	epmc,eutils	GOOD	1	0	1	1	4	0	C1+类语境(眼/类词)命中(基因豁免)	2025+
F3	markers_membrane_v1.json	R2_prov_ctx	/provenance/Endo/CLDN5[4]	Endo	CLDN5	36277849	single-cell multiome human retina		该类注释的文献语境 (v1 MCP 检索实证), 非该基因的逐条引用	Single-cell multiome of the human retina and deep learning nominate causal variants in complex eye diseases.	Cell genomics	2022 Aug	epmc,eutils	GOOD	1	0	1	0	4	0	C1+类语境(眼/类词)命中(基因豁免)	2020-22
F3	markers_membrane_v1.json	R2_prov_ctx	/provenance/Endo/PECAM1[2]	Endo	PECAM1	41827851	Claudins in Retinal Disease		该类注释的文献语境 (v1 MCP 检索实证), 非该基因的逐条引用	Claudins in Retinal Disease: Beyond Barrier Integrity to Signaling and Therapy.	Cells	2026 Feb	epmc,eutils	GOOD	1	0	1	0	3	0	C1+类语境(眼/类词)命中(基因豁免)	2025+
F3	markers_membrane_v1.json	R2_prov_ctx	/provenance/Endo/PECAM1[3]	Endo	PECAM1	41390488	Endothelial RAB5IF retinal angiogenesis		该类注释的文献语境 (v1 MCP 检索实证), 非该基因的逐条引用	Endothelial RAB5IF is required for pathological and developmental retinal angiogenesis.	Nature communications	2025 Dec	epmc,eutils	GOOD	1	0	1	1	4	0	C1+类语境(眼/类词)命中(基因豁免)	2025+
F3	markers_membrane_v1.json	R2_prov_ctx	/provenance/Endo/PECAM1[4]	Endo	PECAM1	36277849	single-cell multiome human retina		该类注释的文献语境 (v1 MCP 检索实证), 非该基因的逐条引用	Single-cell multiome of the human retina and deep learning nominate causal variants in complex eye diseases.	Cell genomics	2022 Aug	epmc,eutils	GOOD	1	0	1	0	4	0	C1+类语境(眼/类词)命中(基因豁免)	2020-22
F3	markers_membrane_v1.json	R2_prov_ctx	/provenance/Endo/CDH5[1]	Endo	CDH5	41827851	Claudins in Retinal Disease		该类注释的文献语境 (v1 MCP 检索实证), 非该基因的逐条引用	Claudins in Retinal Disease: Beyond Barrier Integrity to Signaling and Therapy.	Cells	2026 Feb	epmc,eutils	GOOD	1	0	1	0	3	0	C1+类语境(眼/类词)命中(基因豁免)	2025+
F3	markers_membrane_v1.json	R2_prov_ctx	/provenance/Endo/CDH5[2]	Endo	CDH5	41390488	Endothelial RAB5IF retinal angiogenesis		该类注释的文献语境 (v1 MCP 检索实证), 非该基因的逐条引用	Endothelial RAB5IF is required for pathological and developmental retinal angiogenesis.	Nature communications	2025 Dec	epmc,eutils	GOOD	1	0	1	1	4	0	C1+类语境(眼/类词)命中(基因豁免)	2025+
F3	markers_membrane_v1.json	R2_prov_ctx	/provenance/Endo/CDH5[3]	Endo	CDH5	36277849	single-cell multiome human retina		该类注释的文献语境 (v1 MCP 检索实证), 非该基因的逐条引用	Single-cell multiome of the human retina and deep learning nominate causal variants in complex eye diseases.	Cell genomics	2022 Aug	epmc,eutils	GOOD	1	0	1	0	4	0	C1+类语境(眼/类词)命中(基因豁免)	2020-22
F3	markers_membrane_v1.json	R2_prov_ctx	/provenance/Endo/VWF[2]	Endo	VWF	41827851	Claudins in Retinal Disease		该类注释的文献语境 (v1 MCP 检索实证), 非该基因的逐条引用	Claudins in Retinal Disease: Beyond Barrier Integrity to Signaling and Therapy.	Cells	2026 Feb	epmc,eutils	GOOD	1	0	1	0	3	0	C1+类语境(眼/类词)命中(基因豁免)	2025+
F3	markers_membrane_v1.json	R2_prov_ctx	/provenance/Endo/VWF[3]	Endo	VWF	41390488	Endothelial RAB5IF retinal angiogenesis		该类注释的文献语境 (v1 MCP 检索实证), 非该基因的逐条引用	Endothelial RAB5IF is required for pathological and developmental retinal angiogenesis.	Nature communications	2025 Dec	epmc,eutils	GOOD	1	0	1	1	4	0	C1+类语境(眼/类词)命中(基因豁免)	2025+
F3	markers_membrane_v1.json	R2_prov_ctx	/provenance/Endo/VWF[4]	Endo	VWF	36277849	single-cell multiome human retina		该类注释的文献语境 (v1 MCP 检索实证), 非该基因的逐条引用	Single-cell multiome of the human retina and deep learning nominate causal variants in complex eye diseases.	Cell genomics	2022 Aug	epmc,eutils	GOOD	1	0	1	0	4	0	C1+类语境(眼/类词)命中(基因豁免)	2020-22
F3	markers_membrane_v1.json	R2_prov_ctx	/provenance/Endo/TM4SF1[2]	Endo	TM4SF1	41827851	Claudins in Retinal Disease		该类注释的文献语境 (v1 MCP 检索实证), 非该基因的逐条引用	Claudins in Retinal Disease: Beyond Barrier Integrity to Signaling and Therapy.	Cells	2026 Feb	epmc,eutils	GOOD	1	0	1	0	3	0	C1+类语境(眼/类词)命中(基因豁免)	2025+
F3	markers_membrane_v1.json	R2_prov_ctx	/provenance/Endo/TM4SF1[3]	Endo	TM4SF1	41390488	Endothelial RAB5IF retinal angiogenesis		该类注释的文献语境 (v1 MCP 检索实证), 非该基因的逐条引用	Endothelial RAB5IF is required for pathological and developmental retinal angiogenesis.	Nature communications	2025 Dec	epmc,eutils	GOOD	1	0	1	1	4	0	C1+类语境(眼/类词)命中(基因豁免)	2025+
F3	markers_membrane_v1.json	R2_prov_ctx	/provenance/Endo/TM4SF1[4]	Endo	TM4SF1	36277849	single-cell multiome human retina		该类注释的文献语境 (v1 MCP 检索实证), 非该基因的逐条引用	Single-cell multiome of the human retina and deep learning nominate causal variants in complex eye diseases.	Cell genomics	2022 Aug	epmc,eutils	GOOD	1	0	1	0	4	0	C1+类语境(眼/类词)命中(基因豁免)	2020-22
F3	markers_membrane_v1.json	R2_prov_ctx	/provenance/Endo/RAMP2[2]	Endo	RAMP2	41827851	Claudins in Retinal Disease		该类注释的文献语境 (v1 MCP 检索实证), 非该基因的逐条引用	Claudins in Retinal Disease: Beyond Barrier Integrity to Signaling and Therapy.	Cells	2026 Feb	epmc,eutils	GOOD	1	0	1	0	3	0	C1+类语境(眼/类词)命中(基因豁免)	2025+
F3	markers_membrane_v1.json	R2_prov_ctx	/provenance/Endo/RAMP2[3]	Endo	RAMP2	41390488	Endothelial RAB5IF retinal angiogenesis		该类注释的文献语境 (v1 MCP 检索实证), 非该基因的逐条引用	Endothelial RAB5IF is required for pathological and developmental retinal angiogenesis.	Nature communications	2025 Dec	epmc,eutils	GOOD	1	0	1	1	4	0	C1+类语境(眼/类词)命中(基因豁免)	2025+
F3	markers_membrane_v1.json	R2_prov_ctx	/provenance/Endo/RAMP2[4]	Endo	RAMP2	36277849	single-cell multiome human retina		该类注释的文献语境 (v1 MCP 检索实证), 非该基因的逐条引用	Single-cell multiome of the human retina and deep learning nominate causal variants in complex eye diseases.	Cell genomics	2022 Aug	epmc,eutils	GOOD	1	0	1	0	4	0	C1+类语境(眼/类词)命中(基因豁免)	2020-22
F3	markers_membrane_v1.json	R2_prov_ctx	/provenance/Endo/ESAM[2]	Endo	ESAM	41827851	Claudins in Retinal Disease		该类注释的文献语境 (v1 MCP 检索实证), 非该基因的逐条引用	Claudins in Retinal Disease: Beyond Barrier Integrity to Signaling and Therapy.	Cells	2026 Feb	epmc,eutils	GOOD	1	0	1	0	3	0	C1+类语境(眼/类词)命中(基因豁免)	2025+
F3	markers_membrane_v1.json	R2_prov_ctx	/provenance/Endo/ESAM[3]	Endo	ESAM	41390488	Endothelial RAB5IF retinal angiogenesis		该类注释的文献语境 (v1 MCP 检索实证), 非该基因的逐条引用	Endothelial RAB5IF is required for pathological and developmental retinal angiogenesis.	Nature communications	2025 Dec	epmc,eutils	GOOD	1	0	1	1	4	0	C1+类语境(眼/类词)命中(基因豁免)	2025+
F3	markers_membrane_v1.json	R2_prov_ctx	/provenance/Endo/ESAM[4]	Endo	ESAM	36277849	single-cell multiome human retina		该类注释的文献语境 (v1 MCP 检索实证), 非该基因的逐条引用	Single-cell multiome of the human retina and deep learning nominate causal variants in complex eye diseases.	Cell genomics	2022 Aug	epmc,eutils	GOOD	1	0	1	0	4	0	C1+类语境(眼/类词)命中(基因豁免)	2020-22
F3	markers_membrane_v1.json	R2_prov_ctx	/provenance/Endo/FLT1[2]	Endo	FLT1	41827851	Claudins in Retinal Disease		该类注释的文献语境 (v1 MCP 检索实证), 非该基因的逐条引用	Claudins in Retinal Disease: Beyond Barrier Integrity to Signaling and Therapy.	Cells	2026 Feb	epmc,eutils	GOOD	1	0	1	0	3	0	C1+类语境(眼/类词)命中(基因豁免)	2025+
F3	markers_membrane_v1.json	R2_prov_ctx	/provenance/Endo/FLT1[3]	Endo	FLT1	41390488	Endothelial RAB5IF retinal angiogenesis		该类注释的文献语境 (v1 MCP 检索实证), 非该基因的逐条引用	Endothelial RAB5IF is required for pathological and developmental retinal angiogenesis.	Nature communications	2025 Dec	epmc,eutils	GOOD	1	0	1	1	4	0	C1+类语境(眼/类词)命中(基因豁免)	2025+
F3	markers_membrane_v1.json	R2_prov_ctx	/provenance/Endo/FLT1[4]	Endo	FLT1	36277849	single-cell multiome human retina		该类注释的文献语境 (v1 MCP 检索实证), 非该基因的逐条引用	Single-cell multiome of the human retina and deep learning nominate causal variants in complex eye diseases.	Cell genomics	2022 Aug	epmc,eutils	GOOD	1	0	1	0	4	0	C1+类语境(眼/类词)命中(基因豁免)	2020-22
F3	markers_membrane_v1.json	R2_prov_ctx	/provenance/Endo/KDR[1]	Endo	KDR	41827851	Claudins in Retinal Disease		该类注释的文献语境 (v1 MCP 检索实证), 非该基因的逐条引用	Claudins in Retinal Disease: Beyond Barrier Integrity to Signaling and Therapy.	Cells	2026 Feb	epmc,eutils	GOOD	1	0	1	0	3	0	C1+类语境(眼/类词)命中(基因豁免)	2025+
F3	markers_membrane_v1.json	R2_prov_ctx	/provenance/Endo/KDR[2]	Endo	KDR	41390488	Endothelial RAB5IF retinal angiogenesis		该类注释的文献语境 (v1 MCP 检索实证), 非该基因的逐条引用	Endothelial RAB5IF is required for pathological and developmental retinal angiogenesis.	Nature communications	2025 Dec	epmc,eutils	GOOD	1	0	1	1	4	0	C1+类语境(眼/类词)命中(基因豁免)	2025+
F3	markers_membrane_v1.json	R2_prov_ctx	/provenance/Endo/KDR[3]	Endo	KDR	36277849	single-cell multiome human retina		该类注释的文献语境 (v1 MCP 检索实证), 非该基因的逐条引用	Single-cell multiome of the human retina and deep learning nominate causal variants in complex eye diseases.	Cell genomics	2022 Aug	epmc,eutils	GOOD	1	0	1	0	4	0	C1+类语境(眼/类词)命中(基因豁免)	2020-22
F3	markers_membrane_v1.json	R2_prov_ctx	/provenance/Endo/ADGRL4[2]	Endo	ADGRL4	41827851	Claudins in Retinal Disease		该类注释的文献语境 (v1 MCP 检索实证), 非该基因的逐条引用	Claudins in Retinal Disease: Beyond Barrier Integrity to Signaling and Therapy.	Cells	2026 Feb	epmc,eutils	GOOD	1	0	1	0	3	0	C1+类语境(眼/类词)命中(基因豁免)	2025+
F3	markers_membrane_v1.json	R2_prov_ctx	/provenance/Endo/ADGRL4[3]	Endo	ADGRL4	41390488	Endothelial RAB5IF retinal angiogenesis		该类注释的文献语境 (v1 MCP 检索实证), 非该基因的逐条引用	Endothelial RAB5IF is required for pathological and developmental retinal angiogenesis.	Nature communications	2025 Dec	epmc,eutils	GOOD	1	0	1	1	4	0	C1+类语境(眼/类词)命中(基因豁免)	2025+
F3	markers_membrane_v1.json	R2_prov_ctx	/provenance/Endo/ADGRL4[4]	Endo	ADGRL4	36277849	single-cell multiome human retina		该类注释的文献语境 (v1 MCP 检索实证), 非该基因的逐条引用	Single-cell multiome of the human retina and deep learning nominate causal variants in complex eye diseases.	Cell genomics	2022 Aug	epmc,eutils	GOOD	1	0	1	0	4	0	C1+类语境(眼/类词)命中(基因豁免)	2020-22
F3	markers_membrane_v1.json	R2_prov_ctx	/provenance/Endo/ECSCR[2]	Endo	ECSCR	41827851	Claudins in Retinal Disease		该类注释的文献语境 (v1 MCP 检索实证), 非该基因的逐条引用	Claudins in Retinal Disease: Beyond Barrier Integrity to Signaling and Therapy.	Cells	2026 Feb	epmc,eutils	GOOD	1	0	1	0	3	0	C1+类语境(眼/类词)命中(基因豁免)	2025+
F3	markers_membrane_v1.json	R2_prov_ctx	/provenance/Endo/ECSCR[3]	Endo	ECSCR	41390488	Endothelial RAB5IF retinal angiogenesis		该类注释的文献语境 (v1 MCP 检索实证), 非该基因的逐条引用	Endothelial RAB5IF is required for pathological and developmental retinal angiogenesis.	Nature communications	2025 Dec	epmc,eutils	GOOD	1	0	1	1	4	0	C1+类语境(眼/类词)命中(基因豁免)	2025+
F3	markers_membrane_v1.json	R2_prov_ctx	/provenance/Endo/ECSCR[4]	Endo	ECSCR	36277849	single-cell multiome human retina		该类注释的文献语境 (v1 MCP 检索实证), 非该基因的逐条引用	Single-cell multiome of the human retina and deep learning nominate causal variants in complex eye diseases.	Cell genomics	2022 Aug	epmc,eutils	GOOD	1	0	1	0	4	0	C1+类语境(眼/类词)命中(基因豁免)	2020-22
F3	markers_membrane_v1.json	R2_prov_ctx	/provenance/Endo/GNG11[2]	Endo	GNG11	41827851	Claudins in Retinal Disease		该类注释的文献语境 (v1 MCP 检索实证), 非该基因的逐条引用	Claudins in Retinal Disease: Beyond Barrier Integrity to Signaling and Therapy.	Cells	2026 Feb	epmc,eutils	GOOD	1	0	1	0	3	0	C1+类语境(眼/类词)命中(基因豁免)	2025+
F3	markers_membrane_v1.json	R2_prov_ctx	/provenance/Endo/GNG11[3]	Endo	GNG11	41390488	Endothelial RAB5IF retinal angiogenesis		该类注释的文献语境 (v1 MCP 检索实证), 非该基因的逐条引用	Endothelial RAB5IF is required for pathological and developmental retinal angiogenesis.	Nature communications	2025 Dec	epmc,eutils	GOOD	1	0	1	1	4	0	C1+类语境(眼/类词)命中(基因豁免)	2025+
F3	markers_membrane_v1.json	R2_prov_ctx	/provenance/Endo/GNG11[4]	Endo	GNG11	36277849	single-cell multiome human retina		该类注释的文献语境 (v1 MCP 检索实证), 非该基因的逐条引用	Single-cell multiome of the human retina and deep learning nominate causal variants in complex eye diseases.	Cell genomics	2022 Aug	epmc,eutils	GOOD	1	0	1	0	4	0	C1+类语境(眼/类词)命中(基因豁免)	2020-22
F3	markers_membrane_v1.json	R2_prov_ctx	/provenance/Endo/PLVAP[1]	Endo	PLVAP	41827851	Claudins in Retinal Disease		该类注释的文献语境 (v1 MCP 检索实证), 非该基因的逐条引用	Claudins in Retinal Disease: Beyond Barrier Integrity to Signaling and Therapy.	Cells	2026 Feb	epmc,eutils	GOOD	1	0	1	0	3	0	C1+类语境(眼/类词)命中(基因豁免)	2025+
F3	markers_membrane_v1.json	R2_prov_ctx	/provenance/Endo/PLVAP[2]	Endo	PLVAP	41390488	Endothelial RAB5IF retinal angiogenesis		该类注释的文献语境 (v1 MCP 检索实证), 非该基因的逐条引用	Endothelial RAB5IF is required for pathological and developmental retinal angiogenesis.	Nature communications	2025 Dec	epmc,eutils	GOOD	1	0	1	1	4	0	C1+类语境(眼/类词)命中(基因豁免)	2025+
F3	markers_membrane_v1.json	R2_prov_ctx	/provenance/Endo/PLVAP[3]	Endo	PLVAP	36277849	single-cell multiome human retina		该类注释的文献语境 (v1 MCP 检索实证), 非该基因的逐条引用	Single-cell multiome of the human retina and deep learning nominate causal variants in complex eye diseases.	Cell genomics	2022 Aug	epmc,eutils	GOOD	1	0	1	0	4	0	C1+类语境(眼/类词)命中(基因豁免)	2020-22
F3	markers_membrane_v1.json	R2_prov_ctx	/provenance/Endo_Patho/PLVAP[1]	Endo_Patho	PLVAP	41827851	Claudins in Retinal Disease		该类注释的文献语境 (v1 MCP 检索实证), 非该基因的逐条引用	Claudins in Retinal Disease: Beyond Barrier Integrity to Signaling and Therapy.	Cells	2026 Feb	epmc,eutils	GOOD	1	0	1	0	3	0	C1+类语境(眼/类词)命中(基因豁免)	2025+
F3	markers_membrane_v1.json	R2_prov_ctx	/provenance/Endo_Patho/PLVAP[2]	Endo_Patho	PLVAP	41390488	Endothelial RAB5IF retinal angiogenesis		该类注释的文献语境 (v1 MCP 检索实证), 非该基因的逐条引用	Endothelial RAB5IF is required for pathological and developmental retinal angiogenesis.	Nature communications	2025 Dec	epmc,eutils	GOOD	1	0	1	1	4	0	C1+类语境(眼/类词)命中(基因豁免)	2025+
F3	markers_membrane_v1.json	R2_prov_ctx	/provenance/Endo_Patho/PLVAP[3]	Endo_Patho	PLVAP	36277849	single-cell multiome human retina		该类注释的文献语境 (v1 MCP 检索实证), 非该基因的逐条引用	Single-cell multiome of the human retina and deep learning nominate causal variants in complex eye diseases.	Cell genomics	2022 Aug	epmc,eutils	GOOD	1	0	1	0	4	0	C1+类语境(眼/类词)命中(基因豁免)	2020-22
F3	markers_membrane_v1.json	R2_prov_ctx	/provenance/Endo_Patho/ICAM1[1]	Endo_Patho	ICAM1	41827851	Claudins in Retinal Disease		该类注释的文献语境 (v1 MCP 检索实证), 非该基因的逐条引用	Claudins in Retinal Disease: Beyond Barrier Integrity to Signaling and Therapy.	Cells	2026 Feb	epmc,eutils	GOOD	1	0	1	0	3	0	C1+类语境(眼/类词)命中(基因豁免)	2025+
F3	markers_membrane_v1.json	R2_prov_ctx	/provenance/Endo_Patho/ICAM1[2]	Endo_Patho	ICAM1	41390488	Endothelial RAB5IF retinal angiogenesis		该类注释的文献语境 (v1 MCP 检索实证), 非该基因的逐条引用	Endothelial RAB5IF is required for pathological and developmental retinal angiogenesis.	Nature communications	2025 Dec	epmc,eutils	GOOD	1	0	1	1	4	0	C1+类语境(眼/类词)命中(基因豁免)	2025+
F3	markers_membrane_v1.json	R2_prov_ctx	/provenance/Endo_Patho/ICAM1[3]	Endo_Patho	ICAM1	36277849	single-cell multiome human retina		该类注释的文献语境 (v1 MCP 检索实证), 非该基因的逐条引用	Single-cell multiome of the human retina and deep learning nominate causal variants in complex eye diseases.	Cell genomics	2022 Aug	epmc,eutils	GOOD	1	0	1	0	4	0	C1+类语境(眼/类词)命中(基因豁免)	2020-22
F3	markers_membrane_v1.json	R2_prov_ctx	/provenance/Endo_Patho/VCAM1[1]	Endo_Patho	VCAM1	41827851	Claudins in Retinal Disease		该类注释的文献语境 (v1 MCP 检索实证), 非该基因的逐条引用	Claudins in Retinal Disease: Beyond Barrier Integrity to Signaling and Therapy.	Cells	2026 Feb	epmc,eutils	GOOD	1	0	1	0	3	0	C1+类语境(眼/类词)命中(基因豁免)	2025+
F3	markers_membrane_v1.json	R2_prov_ctx	/provenance/Endo_Patho/VCAM1[2]	Endo_Patho	VCAM1	41390488	Endothelial RAB5IF retinal angiogenesis		该类注释的文献语境 (v1 MCP 检索实证), 非该基因的逐条引用	Endothelial RAB5IF is required for pathological and developmental retinal angiogenesis.	Nature communications	2025 Dec	epmc,eutils	GOOD	1	0	1	1	4	0	C1+类语境(眼/类词)命中(基因豁免)	2025+
F3	markers_membrane_v1.json	R2_prov_ctx	/provenance/Endo_Patho/VCAM1[3]	Endo_Patho	VCAM1	36277849	single-cell multiome human retina		该类注释的文献语境 (v1 MCP 检索实证), 非该基因的逐条引用	Single-cell multiome of the human retina and deep learning nominate causal variants in complex eye diseases.	Cell genomics	2022 Aug	epmc,eutils	GOOD	1	0	1	0	4	0	C1+类语境(眼/类词)命中(基因豁免)	2020-22
F3	markers_membrane_v1.json	R2_prov_ctx	/provenance/Endo_Patho/DLL4[1]	Endo_Patho	DLL4	41827851	Claudins in Retinal Disease		该类注释的文献语境 (v1 MCP 检索实证), 非该基因的逐条引用	Claudins in Retinal Disease: Beyond Barrier Integrity to Signaling and Therapy.	Cells	2026 Feb	epmc,eutils	GOOD	1	0	1	0	3	0	C1+类语境(眼/类词)命中(基因豁免)	2025+
F3	markers_membrane_v1.json	R2_prov_ctx	/provenance/Endo_Patho/DLL4[2]	Endo_Patho	DLL4	41390488	Endothelial RAB5IF retinal angiogenesis		该类注释的文献语境 (v1 MCP 检索实证), 非该基因的逐条引用	Endothelial RAB5IF is required for pathological and developmental retinal angiogenesis.	Nature communications	2025 Dec	epmc,eutils	GOOD	1	0	1	1	4	0	C1+类语境(眼/类词)命中(基因豁免)	2025+
F3	markers_membrane_v1.json	R2_prov_ctx	/provenance/Endo_Patho/DLL4[3]	Endo_Patho	DLL4	36277849	single-cell multiome human retina		该类注释的文献语境 (v1 MCP 检索实证), 非该基因的逐条引用	Single-cell multiome of the human retina and deep learning nominate causal variants in complex eye diseases.	Cell genomics	2022 Aug	epmc,eutils	GOOD	1	0	1	0	4	0	C1+类语境(眼/类词)命中(基因豁免)	2020-22
F3	markers_membrane_v1.json	R2_prov_ctx	/provenance/Endo_Patho/NDUFA4L2[2]	Endo_Patho	NDUFA4L2	41827851	Claudins in Retinal Disease		该类注释的文献语境 (v1 MCP 检索实证), 非该基因的逐条引用	Claudins in Retinal Disease: Beyond Barrier Integrity to Signaling and Therapy.	Cells	2026 Feb	epmc,eutils	GOOD	1	0	1	0	3	0	C1+类语境(眼/类词)命中(基因豁免)	2025+
F3	markers_membrane_v1.json	R2_prov_ctx	/provenance/Endo_Patho/NDUFA4L2[3]	Endo_Patho	NDUFA4L2	41390488	Endothelial RAB5IF retinal angiogenesis		该类注释的文献语境 (v1 MCP 检索实证), 非该基因的逐条引用	Endothelial RAB5IF is required for pathological and developmental retinal angiogenesis.	Nature communications	2025 Dec	epmc,eutils	GOOD	1	0	1	1	4	0	C1+类语境(眼/类词)命中(基因豁免)	2025+
F3	markers_membrane_v1.json	R2_prov_ctx	/provenance/Endo_Patho/NDUFA4L2[4]	Endo_Patho	NDUFA4L2	36277849	single-cell multiome human retina		该类注释的文献语境 (v1 MCP 检索实证), 非该基因的逐条引用	Single-cell multiome of the human retina and deep learning nominate causal variants in complex eye diseases.	Cell genomics	2022 Aug	epmc,eutils	GOOD	1	0	1	0	4	0	C1+类语境(眼/类词)命中(基因豁免)	2020-22
F3	markers_membrane_v1.json	R2_prov_ctx	/provenance/Endo_Patho/HIF1A[1]	Endo_Patho	HIF1A	41827851	Claudins in Retinal Disease		该类注释的文献语境 (v1 MCP 检索实证), 非该基因的逐条引用	Claudins in Retinal Disease: Beyond Barrier Integrity to Signaling and Therapy.	Cells	2026 Feb	epmc,eutils	GOOD	1	0	1	0	3	0	C1+类语境(眼/类词)命中(基因豁免)	2025+
F3	markers_membrane_v1.json	R2_prov_ctx	/provenance/Endo_Patho/HIF1A[2]	Endo_Patho	HIF1A	41390488	Endothelial RAB5IF retinal angiogenesis		该类注释的文献语境 (v1 MCP 检索实证), 非该基因的逐条引用	Endothelial RAB5IF is required for pathological and developmental retinal angiogenesis.	Nature communications	2025 Dec	epmc,eutils	GOOD	1	0	1	1	4	0	C1+类语境(眼/类词)命中(基因豁免)	2025+
F3	markers_membrane_v1.json	R2_prov_ctx	/provenance/Endo_Patho/HIF1A[3]	Endo_Patho	HIF1A	36277849	single-cell multiome human retina		该类注释的文献语境 (v1 MCP 检索实证), 非该基因的逐条引用	Single-cell multiome of the human retina and deep learning nominate causal variants in complex eye diseases.	Cell genomics	2022 Aug	epmc,eutils	GOOD	1	0	1	0	4	0	C1+类语境(眼/类词)命中(基因豁免)	2020-22
F3	markers_membrane_v1.json	R2_prov_ctx	/provenance/Pericyte/RGS5[2]	Pericyte	RGS5	41230906	PRRX1 Pericyte-Myofibroblast Transition		该类注释的文献语境 (v1 MCP 检索实证), 非该基因的逐条引用	PRRX1 Orchestrates Pericyte-Myofibroblast Transition in Pathological Retinal Fibrosis.	Investigative ophthalmology & visual science	2025 Nov	epmc,eutils	GOOD	1	0	1	1	3	0	C1+类语境(眼/类词)命中(基因豁免)	2025+
F3	markers_membrane_v1.json	R2_prov_ctx	/provenance/Pericyte/RGS5[3]	Pericyte	RGS5	42018650	Spatial proteomic mapping human/mouse retina IBEX		该类注释的文献语境 (v1 MCP 检索实证), 非该基因的逐条引用	Spatial proteomic mapping of the human and mouse retina using IBEX.	JCI insight	2026 Apr	epmc,eutils	GOOD	1	0	1	0	7	0	C1+类语境(眼/类词)命中(基因豁免)	2025+
F3	markers_membrane_v1.json	R2_prov_ctx	/provenance/Pericyte/RGS5[4]	Pericyte	RGS5	36277849	single-cell multiome human retina		该类注释的文献语境 (v1 MCP 检索实证), 非该基因的逐条引用	Single-cell multiome of the human retina and deep learning nominate causal variants in complex eye diseases.	Cell genomics	2022 Aug	epmc,eutils	GOOD	1	0	1	0	4	0	C1+类语境(眼/类词)命中(基因豁免)	2020-22
F3	markers_membrane_v1.json	R2_prov_ctx	/provenance/Pericyte/RGS4[1]	Pericyte	RGS4	41230906	PRRX1 Pericyte-Myofibroblast Transition		该类注释的文献语境 (v1 MCP 检索实证), 非该基因的逐条引用	PRRX1 Orchestrates Pericyte-Myofibroblast Transition in Pathological Retinal Fibrosis.	Investigative ophthalmology & visual science	2025 Nov	epmc,eutils	GOOD	1	0	1	1	3	0	C1+类语境(眼/类词)命中(基因豁免)	2025+
F3	markers_membrane_v1.json	R2_prov_ctx	/provenance/Pericyte/RGS4[2]	Pericyte	RGS4	42018650	Spatial proteomic mapping human/mouse retina IBEX		该类注释的文献语境 (v1 MCP 检索实证), 非该基因的逐条引用	Spatial proteomic mapping of the human and mouse retina using IBEX.	JCI insight	2026 Apr	epmc,eutils	GOOD	1	0	1	0	7	0	C1+类语境(眼/类词)命中(基因豁免)	2025+
F3	markers_membrane_v1.json	R2_prov_ctx	/provenance/Pericyte/RGS4[3]	Pericyte	RGS4	36277849	single-cell multiome human retina		该类注释的文献语境 (v1 MCP 检索实证), 非该基因的逐条引用	Single-cell multiome of the human retina and deep learning nominate causal variants in complex eye diseases.	Cell genomics	2022 Aug	epmc,eutils	GOOD	1	0	1	0	4	0	C1+类语境(眼/类词)命中(基因豁免)	2020-22
F3	markers_membrane_v1.json	R2_prov_ctx	/provenance/Pericyte/PDGFRB[1]	Pericyte	PDGFRB	41230906	PRRX1 Pericyte-Myofibroblast Transition		该类注释的文献语境 (v1 MCP 检索实证), 非该基因的逐条引用	PRRX1 Orchestrates Pericyte-Myofibroblast Transition in Pathological Retinal Fibrosis.	Investigative ophthalmology & visual science	2025 Nov	epmc,eutils	GOOD	1	0	1	1	3	0	C1+类语境(眼/类词)命中(基因豁免)	2025+
F3	markers_membrane_v1.json	R2_prov_ctx	/provenance/Pericyte/PDGFRB[2]	Pericyte	PDGFRB	42018650	Spatial proteomic mapping human/mouse retina IBEX		该类注释的文献语境 (v1 MCP 检索实证), 非该基因的逐条引用	Spatial proteomic mapping of the human and mouse retina using IBEX.	JCI insight	2026 Apr	epmc,eutils	GOOD	1	0	1	0	7	0	C1+类语境(眼/类词)命中(基因豁免)	2025+
F3	markers_membrane_v1.json	R2_prov_ctx	/provenance/Pericyte/PDGFRB[3]	Pericyte	PDGFRB	36277849	single-cell multiome human retina		该类注释的文献语境 (v1 MCP 检索实证), 非该基因的逐条引用	Single-cell multiome of the human retina and deep learning nominate causal variants in complex eye diseases.	Cell genomics	2022 Aug	epmc,eutils	GOOD	1	0	1	0	4	0	C1+类语境(眼/类词)命中(基因豁免)	2020-22
F3	markers_membrane_v1.json	R2_prov_ctx	/provenance/Pericyte/NOTCH3[1]	Pericyte	NOTCH3	41230906	PRRX1 Pericyte-Myofibroblast Transition		该类注释的文献语境 (v1 MCP 检索实证), 非该基因的逐条引用	PRRX1 Orchestrates Pericyte-Myofibroblast Transition in Pathological Retinal Fibrosis.	Investigative ophthalmology & visual science	2025 Nov	epmc,eutils	GOOD	1	0	1	1	3	0	C1+类语境(眼/类词)命中(基因豁免)	2025+
F3	markers_membrane_v1.json	R2_prov_ctx	/provenance/Pericyte/NOTCH3[2]	Pericyte	NOTCH3	42018650	Spatial proteomic mapping human/mouse retina IBEX		该类注释的文献语境 (v1 MCP 检索实证), 非该基因的逐条引用	Spatial proteomic mapping of the human and mouse retina using IBEX.	JCI insight	2026 Apr	epmc,eutils	GOOD	1	0	1	0	7	0	C1+类语境(眼/类词)命中(基因豁免)	2025+
F3	markers_membrane_v1.json	R2_prov_ctx	/provenance/Pericyte/NOTCH3[3]	Pericyte	NOTCH3	36277849	single-cell multiome human retina		该类注释的文献语境 (v1 MCP 检索实证), 非该基因的逐条引用	Single-cell multiome of the human retina and deep learning nominate causal variants in complex eye diseases.	Cell genomics	2022 Aug	epmc,eutils	GOOD	1	0	1	0	4	0	C1+类语境(眼/类词)命中(基因豁免)	2020-22
F3	markers_membrane_v1.json	R2_prov_ctx	/provenance/Pericyte/HIGD1B[1]	Pericyte	HIGD1B	41230906	PRRX1 Pericyte-Myofibroblast Transition		该类注释的文献语境 (v1 MCP 检索实证), 非该基因的逐条引用	PRRX1 Orchestrates Pericyte-Myofibroblast Transition in Pathological Retinal Fibrosis.	Investigative ophthalmology & visual science	2025 Nov	epmc,eutils	GOOD	1	0	1	1	3	0	C1+类语境(眼/类词)命中(基因豁免)	2025+
F3	markers_membrane_v1.json	R2_prov_ctx	/provenance/Pericyte/HIGD1B[2]	Pericyte	HIGD1B	42018650	Spatial proteomic mapping human/mouse retina IBEX		该类注释的文献语境 (v1 MCP 检索实证), 非该基因的逐条引用	Spatial proteomic mapping of the human and mouse retina using IBEX.	JCI insight	2026 Apr	epmc,eutils	GOOD	1	0	1	0	7	0	C1+类语境(眼/类词)命中(基因豁免)	2025+
F3	markers_membrane_v1.json	R2_prov_ctx	/provenance/Pericyte/HIGD1B[3]	Pericyte	HIGD1B	36277849	single-cell multiome human retina		该类注释的文献语境 (v1 MCP 检索实证), 非该基因的逐条引用	Single-cell multiome of the human retina and deep learning nominate causal variants in complex eye diseases.	Cell genomics	2022 Aug	epmc,eutils	GOOD	1	0	1	0	4	0	C1+类语境(眼/类词)命中(基因豁免)	2020-22
F3	markers_membrane_v1.json	R2_prov_ctx	/provenance/Pericyte/PRRX1[1]	Pericyte	PRRX1	41230906	PRRX1 Pericyte-Myofibroblast Transition		该类注释的文献语境 (v1 MCP 检索实证), 非该基因的逐条引用	PRRX1 Orchestrates Pericyte-Myofibroblast Transition in Pathological Retinal Fibrosis.	Investigative ophthalmology & visual science	2025 Nov	epmc,eutils	GOOD	1	0	1	1	3	0	C1+类语境(眼/类词)命中(基因豁免)	2025+
F3	markers_membrane_v1.json	R2_prov_ctx	/provenance/Pericyte/PRRX1[2]	Pericyte	PRRX1	42018650	Spatial proteomic mapping human/mouse retina IBEX		该类注释的文献语境 (v1 MCP 检索实证), 非该基因的逐条引用	Spatial proteomic mapping of the human and mouse retina using IBEX.	JCI insight	2026 Apr	epmc,eutils	GOOD	1	0	1	0	7	0	C1+类语境(眼/类词)命中(基因豁免)	2025+
F3	markers_membrane_v1.json	R2_prov_ctx	/provenance/Pericyte/PRRX1[3]	Pericyte	PRRX1	36277849	single-cell multiome human retina		该类注释的文献语境 (v1 MCP 检索实证), 非该基因的逐条引用	Single-cell multiome of the human retina and deep learning nominate causal variants in complex eye diseases.	Cell genomics	2022 Aug	epmc,eutils	GOOD	1	0	1	0	4	0	C1+类语境(眼/类词)命中(基因豁免)	2020-22
F3	markers_membrane_v1.json	R2_prov_ctx	/provenance/Pericyte/COL1A2[2]	Pericyte	COL1A2	41230906	PRRX1 Pericyte-Myofibroblast Transition		该类注释的文献语境 (v1 MCP 检索实证), 非该基因的逐条引用	PRRX1 Orchestrates Pericyte-Myofibroblast Transition in Pathological Retinal Fibrosis.	Investigative ophthalmology & visual science	2025 Nov	epmc,eutils	GOOD	1	0	1	1	3	0	C1+类语境(眼/类词)命中(基因豁免)	2025+
F3	markers_membrane_v1.json	R2_prov_ctx	/provenance/Pericyte/COL1A2[3]	Pericyte	COL1A2	42018650	Spatial proteomic mapping human/mouse retina IBEX		该类注释的文献语境 (v1 MCP 检索实证), 非该基因的逐条引用	Spatial proteomic mapping of the human and mouse retina using IBEX.	JCI insight	2026 Apr	epmc,eutils	GOOD	1	0	1	0	7	0	C1+类语境(眼/类词)命中(基因豁免)	2025+
F3	markers_membrane_v1.json	R2_prov_ctx	/provenance/Pericyte/COL1A2[4]	Pericyte	COL1A2	36277849	single-cell multiome human retina		该类注释的文献语境 (v1 MCP 检索实证), 非该基因的逐条引用	Single-cell multiome of the human retina and deep learning nominate causal variants in complex eye diseases.	Cell genomics	2022 Aug	epmc,eutils	GOOD	1	0	1	0	4	0	C1+类语境(眼/类词)命中(基因豁免)	2020-22
F3	markers_membrane_v1.json	R2_prov_ctx	/provenance/Pericyte/MGP[2]	Pericyte	MGP	41230906	PRRX1 Pericyte-Myofibroblast Transition		该类注释的文献语境 (v1 MCP 检索实证), 非该基因的逐条引用	PRRX1 Orchestrates Pericyte-Myofibroblast Transition in Pathological Retinal Fibrosis.	Investigative ophthalmology & visual science	2025 Nov	epmc,eutils	GOOD	1	0	1	1	3	0	C1+类语境(眼/类词)命中(基因豁免)	2025+
F3	markers_membrane_v1.json	R2_prov_ctx	/provenance/Pericyte/MGP[3]	Pericyte	MGP	42018650	Spatial proteomic mapping human/mouse retina IBEX		该类注释的文献语境 (v1 MCP 检索实证), 非该基因的逐条引用	Spatial proteomic mapping of the human and mouse retina using IBEX.	JCI insight	2026 Apr	epmc,eutils	GOOD	1	0	1	0	7	0	C1+类语境(眼/类词)命中(基因豁免)	2025+
F3	markers_membrane_v1.json	R2_prov_ctx	/provenance/Pericyte/MGP[4]	Pericyte	MGP	36277849	single-cell multiome human retina		该类注释的文献语境 (v1 MCP 检索实证), 非该基因的逐条引用	Single-cell multiome of the human retina and deep learning nominate causal variants in complex eye diseases.	Cell genomics	2022 Aug	epmc,eutils	GOOD	1	0	1	0	4	0	C1+类语境(眼/类词)命中(基因豁免)	2020-22
F3	markers_membrane_v1.json	R2_prov_ctx	/provenance/Pericyte/THY1[2]	Pericyte	THY1	41230906	PRRX1 Pericyte-Myofibroblast Transition		该类注释的文献语境 (v1 MCP 检索实证), 非该基因的逐条引用	PRRX1 Orchestrates Pericyte-Myofibroblast Transition in Pathological Retinal Fibrosis.	Investigative ophthalmology & visual science	2025 Nov	epmc,eutils	GOOD	1	0	1	1	3	0	C1+类语境(眼/类词)命中(基因豁免)	2025+
F3	markers_membrane_v1.json	R2_prov_ctx	/provenance/Pericyte/THY1[3]	Pericyte	THY1	42018650	Spatial proteomic mapping human/mouse retina IBEX		该类注释的文献语境 (v1 MCP 检索实证), 非该基因的逐条引用	Spatial proteomic mapping of the human and mouse retina using IBEX.	JCI insight	2026 Apr	epmc,eutils	GOOD	1	0	1	0	7	0	C1+类语境(眼/类词)命中(基因豁免)	2025+
F3	markers_membrane_v1.json	R2_prov_ctx	/provenance/Pericyte/THY1[4]	Pericyte	THY1	36277849	single-cell multiome human retina		该类注释的文献语境 (v1 MCP 检索实证), 非该基因的逐条引用	Single-cell multiome of the human retina and deep learning nominate causal variants in complex eye diseases.	Cell genomics	2022 Aug	epmc,eutils	GOOD	1	0	1	0	4	0	C1+类语境(眼/类词)命中(基因豁免)	2020-22
F3	markers_membrane_v1.json	R2_prov_ctx	/provenance/Pericyte/ITGA1[2]	Pericyte	ITGA1	41230906	PRRX1 Pericyte-Myofibroblast Transition		该类注释的文献语境 (v1 MCP 检索实证), 非该基因的逐条引用	PRRX1 Orchestrates Pericyte-Myofibroblast Transition in Pathological Retinal Fibrosis.	Investigative ophthalmology & visual science	2025 Nov	epmc,eutils	GOOD	1	0	1	1	3	0	C1+类语境(眼/类词)命中(基因豁免)	2025+
F3	markers_membrane_v1.json	R2_prov_ctx	/provenance/Pericyte/ITGA1[3]	Pericyte	ITGA1	42018650	Spatial proteomic mapping human/mouse retina IBEX		该类注释的文献语境 (v1 MCP 检索实证), 非该基因的逐条引用	Spatial proteomic mapping of the human and mouse retina using IBEX.	JCI insight	2026 Apr	epmc,eutils	GOOD	1	0	1	0	7	0	C1+类语境(眼/类词)命中(基因豁免)	2025+
F3	markers_membrane_v1.json	R2_prov_ctx	/provenance/Pericyte/ITGA1[4]	Pericyte	ITGA1	36277849	single-cell multiome human retina		该类注释的文献语境 (v1 MCP 检索实证), 非该基因的逐条引用	Single-cell multiome of the human retina and deep learning nominate causal variants in complex eye diseases.	Cell genomics	2022 Aug	epmc,eutils	GOOD	1	0	1	0	4	0	C1+类语境(眼/类词)命中(基因豁免)	2020-22
F3	markers_membrane_v1.json	R2_prov_ctx	/provenance/Pericyte/IGFBP7[2]	Pericyte	IGFBP7	41230906	PRRX1 Pericyte-Myofibroblast Transition		该类注释的文献语境 (v1 MCP 检索实证), 非该基因的逐条引用	PRRX1 Orchestrates Pericyte-Myofibroblast Transition in Pathological Retinal Fibrosis.	Investigative ophthalmology & visual science	2025 Nov	epmc,eutils	GOOD	1	0	1	1	3	0	C1+类语境(眼/类词)命中(基因豁免)	2025+
F3	markers_membrane_v1.json	R2_prov_ctx	/provenance/Pericyte/IGFBP7[3]	Pericyte	IGFBP7	42018650	Spatial proteomic mapping human/mouse retina IBEX		该类注释的文献语境 (v1 MCP 检索实证), 非该基因的逐条引用	Spatial proteomic mapping of the human and mouse retina using IBEX.	JCI insight	2026 Apr	epmc,eutils	GOOD	1	0	1	0	7	0	C1+类语境(眼/类词)命中(基因豁免)	2025+
F3	markers_membrane_v1.json	R2_prov_ctx	/provenance/Pericyte/IGFBP7[4]	Pericyte	IGFBP7	36277849	single-cell multiome human retina		该类注释的文献语境 (v1 MCP 检索实证), 非该基因的逐条引用	Single-cell multiome of the human retina and deep learning nominate causal variants in complex eye diseases.	Cell genomics	2022 Aug	epmc,eutils	GOOD	1	0	1	0	4	0	C1+类语境(眼/类词)命中(基因豁免)	2020-22
F3	markers_membrane_v1.json	R2_prov_ctx	/provenance/Pericyte/CALD1[2]	Pericyte	CALD1	41230906	PRRX1 Pericyte-Myofibroblast Transition		该类注释的文献语境 (v1 MCP 检索实证), 非该基因的逐条引用	PRRX1 Orchestrates Pericyte-Myofibroblast Transition in Pathological Retinal Fibrosis.	Investigative ophthalmology & visual science	2025 Nov	epmc,eutils	GOOD	1	0	1	1	3	0	C1+类语境(眼/类词)命中(基因豁免)	2025+
F3	markers_membrane_v1.json	R2_prov_ctx	/provenance/Pericyte/CALD1[3]	Pericyte	CALD1	42018650	Spatial proteomic mapping human/mouse retina IBEX		该类注释的文献语境 (v1 MCP 检索实证), 非该基因的逐条引用	Spatial proteomic mapping of the human and mouse retina using IBEX.	JCI insight	2026 Apr	epmc,eutils	GOOD	1	0	1	0	7	0	C1+类语境(眼/类词)命中(基因豁免)	2025+
F3	markers_membrane_v1.json	R2_prov_ctx	/provenance/Pericyte/CALD1[4]	Pericyte	CALD1	36277849	single-cell multiome human retina		该类注释的文献语境 (v1 MCP 检索实证), 非该基因的逐条引用	Single-cell multiome of the human retina and deep learning nominate causal variants in complex eye diseases.	Cell genomics	2022 Aug	epmc,eutils	GOOD	1	0	1	0	4	0	C1+类语境(眼/类词)命中(基因豁免)	2020-22
F3	markers_membrane_v1.json	R2_prov_ctx	/provenance/SMC/ACTA2[3]	SMC	ACTA2	41230906	PRRX1 Pericyte-Myofibroblast Transition		该类注释的文献语境 (v1 MCP 检索实证), 非该基因的逐条引用	PRRX1 Orchestrates Pericyte-Myofibroblast Transition in Pathological Retinal Fibrosis.	Investigative ophthalmology & visual science	2025 Nov	epmc,eutils	GOOD	1	0	1	0	3	0	C1+类语境(眼/类词)命中(基因豁免)	2025+
F3	markers_membrane_v1.json	R2_prov_ctx	/provenance/SMC/ACTA2[4]	SMC	ACTA2	42018650	Spatial proteomic mapping human/mouse retina IBEX		该类注释的文献语境 (v1 MCP 检索实证), 非该基因的逐条引用	Spatial proteomic mapping of the human and mouse retina using IBEX.	JCI insight	2026 Apr	epmc,eutils	GOOD	1	0	1	0	7	0	C1+类语境(眼/类词)命中(基因豁免)	2025+
F3	markers_membrane_v1.json	R2_prov_ctx	/provenance/SMC/ACTA2[5]	SMC	ACTA2	36277849	single-cell multiome human retina		该类注释的文献语境 (v1 MCP 检索实证), 非该基因的逐条引用	Single-cell multiome of the human retina and deep learning nominate causal variants in complex eye diseases.	Cell genomics	2022 Aug	epmc,eutils	GOOD	1	0	1	0	4	0	C1+类语境(眼/类词)命中(基因豁免)	2020-22
F3	markers_membrane_v1.json	R2_prov_ctx	/provenance/SMC/CNN1[1]	SMC	CNN1	41230906	PRRX1 Pericyte-Myofibroblast Transition		该类注释的文献语境 (v1 MCP 检索实证), 非该基因的逐条引用	PRRX1 Orchestrates Pericyte-Myofibroblast Transition in Pathological Retinal Fibrosis.	Investigative ophthalmology & visual science	2025 Nov	epmc,eutils	GOOD	1	0	1	0	3	0	C1+类语境(眼/类词)命中(基因豁免)	2025+
F3	markers_membrane_v1.json	R2_prov_ctx	/provenance/SMC/CNN1[2]	SMC	CNN1	42018650	Spatial proteomic mapping human/mouse retina IBEX		该类注释的文献语境 (v1 MCP 检索实证), 非该基因的逐条引用	Spatial proteomic mapping of the human and mouse retina using IBEX.	JCI insight	2026 Apr	epmc,eutils	GOOD	1	0	1	0	7	0	C1+类语境(眼/类词)命中(基因豁免)	2025+
F3	markers_membrane_v1.json	R2_prov_ctx	/provenance/SMC/CNN1[3]	SMC	CNN1	36277849	single-cell multiome human retina		该类注释的文献语境 (v1 MCP 检索实证), 非该基因的逐条引用	Single-cell multiome of the human retina and deep learning nominate causal variants in complex eye diseases.	Cell genomics	2022 Aug	epmc,eutils	GOOD	1	0	1	0	4	0	C1+类语境(眼/类词)命中(基因豁免)	2020-22
F3	markers_membrane_v1.json	R2_prov_ctx	/provenance/SMC/MYH11[1]	SMC	MYH11	41230906	PRRX1 Pericyte-Myofibroblast Transition		该类注释的文献语境 (v1 MCP 检索实证), 非该基因的逐条引用	PRRX1 Orchestrates Pericyte-Myofibroblast Transition in Pathological Retinal Fibrosis.	Investigative ophthalmology & visual science	2025 Nov	epmc,eutils	GOOD	1	0	1	0	3	0	C1+类语境(眼/类词)命中(基因豁免)	2025+
F3	markers_membrane_v1.json	R2_prov_ctx	/provenance/SMC/MYH11[2]	SMC	MYH11	42018650	Spatial proteomic mapping human/mouse retina IBEX		该类注释的文献语境 (v1 MCP 检索实证), 非该基因的逐条引用	Spatial proteomic mapping of the human and mouse retina using IBEX.	JCI insight	2026 Apr	epmc,eutils	GOOD	1	0	1	0	7	0	C1+类语境(眼/类词)命中(基因豁免)	2025+
F3	markers_membrane_v1.json	R2_prov_ctx	/provenance/SMC/MYH11[3]	SMC	MYH11	36277849	single-cell multiome human retina		该类注释的文献语境 (v1 MCP 检索实证), 非该基因的逐条引用	Single-cell multiome of the human retina and deep learning nominate causal variants in complex eye diseases.	Cell genomics	2022 Aug	epmc,eutils	GOOD	1	0	1	0	4	0	C1+类语境(眼/类词)命中(基因豁免)	2020-22
F3	markers_membrane_v1.json	R2_prov_ctx	/provenance/SMC/TAGLN[3]	SMC	TAGLN	41230906	PRRX1 Pericyte-Myofibroblast Transition		该类注释的文献语境 (v1 MCP 检索实证), 非该基因的逐条引用	PRRX1 Orchestrates Pericyte-Myofibroblast Transition in Pathological Retinal Fibrosis.	Investigative ophthalmology & visual science	2025 Nov	epmc,eutils	GOOD	1	0	1	0	3	0	C1+类语境(眼/类词)命中(基因豁免)	2025+
F3	markers_membrane_v1.json	R2_prov_ctx	/provenance/SMC/TAGLN[4]	SMC	TAGLN	42018650	Spatial proteomic mapping human/mouse retina IBEX		该类注释的文献语境 (v1 MCP 检索实证), 非该基因的逐条引用	Spatial proteomic mapping of the human and mouse retina using IBEX.	JCI insight	2026 Apr	epmc,eutils	GOOD	1	0	1	0	7	0	C1+类语境(眼/类词)命中(基因豁免)	2025+
F3	markers_membrane_v1.json	R2_prov_ctx	/provenance/SMC/TAGLN[5]	SMC	TAGLN	36277849	single-cell multiome human retina		该类注释的文献语境 (v1 MCP 检索实证), 非该基因的逐条引用	Single-cell multiome of the human retina and deep learning nominate causal variants in complex eye diseases.	Cell genomics	2022 Aug	epmc,eutils	GOOD	1	0	1	0	4	0	C1+类语境(眼/类词)命中(基因豁免)	2020-22
F3	markers_membrane_v1.json	R2_prov_ctx	/provenance/SMC/MYL9[3]	SMC	MYL9	41230906	PRRX1 Pericyte-Myofibroblast Transition		该类注释的文献语境 (v1 MCP 检索实证), 非该基因的逐条引用	PRRX1 Orchestrates Pericyte-Myofibroblast Transition in Pathological Retinal Fibrosis.	Investigative ophthalmology & visual science	2025 Nov	epmc,eutils	GOOD	1	0	1	0	3	0	C1+类语境(眼/类词)命中(基因豁免)	2025+
F3	markers_membrane_v1.json	R2_prov_ctx	/provenance/SMC/MYL9[4]	SMC	MYL9	42018650	Spatial proteomic mapping human/mouse retina IBEX		该类注释的文献语境 (v1 MCP 检索实证), 非该基因的逐条引用	Spatial proteomic mapping of the human and mouse retina using IBEX.	JCI insight	2026 Apr	epmc,eutils	GOOD	1	0	1	0	7	0	C1+类语境(眼/类词)命中(基因豁免)	2025+
F3	markers_membrane_v1.json	R2_prov_ctx	/provenance/SMC/MYL9[5]	SMC	MYL9	36277849	single-cell multiome human retina		该类注释的文献语境 (v1 MCP 检索实证), 非该基因的逐条引用	Single-cell multiome of the human retina and deep learning nominate causal variants in complex eye diseases.	Cell genomics	2022 Aug	epmc,eutils	GOOD	1	0	1	0	4	0	C1+类语境(眼/类词)命中(基因豁免)	2020-22
F3	markers_membrane_v1.json	R2_prov_ctx	/provenance/SMC/DES[1]	SMC	DES	41230906	PRRX1 Pericyte-Myofibroblast Transition		该类注释的文献语境 (v1 MCP 检索实证), 非该基因的逐条引用	PRRX1 Orchestrates Pericyte-Myofibroblast Transition in Pathological Retinal Fibrosis.	Investigative ophthalmology & visual science	2025 Nov	epmc,eutils	GOOD	1	0	1	0	3	0	C1+类语境(眼/类词)命中(基因豁免)	2025+
F3	markers_membrane_v1.json	R2_prov_ctx	/provenance/SMC/DES[2]	SMC	DES	42018650	Spatial proteomic mapping human/mouse retina IBEX		该类注释的文献语境 (v1 MCP 检索实证), 非该基因的逐条引用	Spatial proteomic mapping of the human and mouse retina using IBEX.	JCI insight	2026 Apr	epmc,eutils	GOOD	1	0	1	0	7	0	C1+类语境(眼/类词)命中(基因豁免)	2025+
F3	markers_membrane_v1.json	R2_prov_ctx	/provenance/SMC/DES[3]	SMC	DES	36277849	single-cell multiome human retina		该类注释的文献语境 (v1 MCP 检索实证), 非该基因的逐条引用	Single-cell multiome of the human retina and deep learning nominate causal variants in complex eye diseases.	Cell genomics	2022 Aug	epmc,eutils	GOOD	1	0	1	0	4	0	C1+类语境(眼/类词)命中(基因豁免)	2020-22
F3	markers_membrane_v1.json	R2_prov_ctx	/provenance/SMC/CALD1[3]	SMC	CALD1	41230906	PRRX1 Pericyte-Myofibroblast Transition		该类注释的文献语境 (v1 MCP 检索实证), 非该基因的逐条引用	PRRX1 Orchestrates Pericyte-Myofibroblast Transition in Pathological Retinal Fibrosis.	Investigative ophthalmology & visual science	2025 Nov	epmc,eutils	GOOD	1	0	1	0	3	0	C1+类语境(眼/类词)命中(基因豁免)	2025+
F3	markers_membrane_v1.json	R2_prov_ctx	/provenance/SMC/CALD1[4]	SMC	CALD1	42018650	Spatial proteomic mapping human/mouse retina IBEX		该类注释的文献语境 (v1 MCP 检索实证), 非该基因的逐条引用	Spatial proteomic mapping of the human and mouse retina using IBEX.	JCI insight	2026 Apr	epmc,eutils	GOOD	1	0	1	0	7	0	C1+类语境(眼/类词)命中(基因豁免)	2025+
F3	markers_membrane_v1.json	R2_prov_ctx	/provenance/SMC/CALD1[5]	SMC	CALD1	36277849	single-cell multiome human retina		该类注释的文献语境 (v1 MCP 检索实证), 非该基因的逐条引用	Single-cell multiome of the human retina and deep learning nominate causal variants in complex eye diseases.	Cell genomics	2022 Aug	epmc,eutils	GOOD	1	0	1	0	4	0	C1+类语境(眼/类词)命中(基因豁免)	2020-22
F3	markers_membrane_v1.json	R2_prov_ctx	/provenance/SMC/LMOD1[1]	SMC	LMOD1	41230906	PRRX1 Pericyte-Myofibroblast Transition		该类注释的文献语境 (v1 MCP 检索实证), 非该基因的逐条引用	PRRX1 Orchestrates Pericyte-Myofibroblast Transition in Pathological Retinal Fibrosis.	Investigative ophthalmology & visual science	2025 Nov	epmc,eutils	GOOD	1	0	1	0	3	0	C1+类语境(眼/类词)命中(基因豁免)	2025+
F3	markers_membrane_v1.json	R2_prov_ctx	/provenance/SMC/LMOD1[2]	SMC	LMOD1	42018650	Spatial proteomic mapping human/mouse retina IBEX		该类注释的文献语境 (v1 MCP 检索实证), 非该基因的逐条引用	Spatial proteomic mapping of the human and mouse retina using IBEX.	JCI insight	2026 Apr	epmc,eutils	GOOD	1	0	1	0	7	0	C1+类语境(眼/类词)命中(基因豁免)	2025+
F3	markers_membrane_v1.json	R2_prov_ctx	/provenance/SMC/LMOD1[3]	SMC	LMOD1	36277849	single-cell multiome human retina		该类注释的文献语境 (v1 MCP 检索实证), 非该基因的逐条引用	Single-cell multiome of the human retina and deep learning nominate causal variants in complex eye diseases.	Cell genomics	2022 Aug	epmc,eutils	GOOD	1	0	1	0	4	0	C1+类语境(眼/类词)命中(基因豁免)	2020-22
F3	markers_membrane_v1.json	R2_prov_ctx	/provenance/Fibroblast/COL1A1[2]	Fibroblast	COL1A1	41230906	PRRX1 Pericyte-Myofibroblast Transition		该类注释的文献语境 (v1 MCP 检索实证), 非该基因的逐条引用	PRRX1 Orchestrates Pericyte-Myofibroblast Transition in Pathological Retinal Fibrosis.	Investigative ophthalmology & visual science	2025 Nov	epmc,eutils	GOOD	1	0	1	1	3	0	C1+类语境(眼/类词)命中(基因豁免)	2025+
F3	markers_membrane_v1.json	R2_prov_ctx	/provenance/Fibroblast/COL1A1[3]	Fibroblast	COL1A1	36231108	Transcriptional reprogramming RPE/stroma		该类注释的文献语境 (v1 MCP 检索实证), 非该基因的逐条引用	Global Transcriptional and Epigenetic Reconfiguration during Chemical Reprogramming of Human Retinal Pigment Epithelial Cells into Photoreceptor-like Cells.	Cells	2022 Oct	epmc,eutils	GOOD	1	0	1	0	2	0	C1+类语境(眼/类词)命中(基因豁免)	2020-22
F3	markers_membrane_v1.json	R2_prov_ctx	/provenance/Fibroblast/COL1A2[3]	Fibroblast	COL1A2	41230906	PRRX1 Pericyte-Myofibroblast Transition		该类注释的文献语境 (v1 MCP 检索实证), 非该基因的逐条引用	PRRX1 Orchestrates Pericyte-Myofibroblast Transition in Pathological Retinal Fibrosis.	Investigative ophthalmology & visual science	2025 Nov	epmc,eutils	GOOD	1	0	1	1	3	0	C1+类语境(眼/类词)命中(基因豁免)	2025+
F3	markers_membrane_v1.json	R2_prov_ctx	/provenance/Fibroblast/COL1A2[4]	Fibroblast	COL1A2	36231108	Transcriptional reprogramming RPE/stroma		该类注释的文献语境 (v1 MCP 检索实证), 非该基因的逐条引用	Global Transcriptional and Epigenetic Reconfiguration during Chemical Reprogramming of Human Retinal Pigment Epithelial Cells into Photoreceptor-like Cells.	Cells	2022 Oct	epmc,eutils	GOOD	1	0	1	0	2	0	C1+类语境(眼/类词)命中(基因豁免)	2020-22
F3	markers_membrane_v1.json	R2_prov_ctx	/provenance/Fibroblast/COL3A1[2]	Fibroblast	COL3A1	41230906	PRRX1 Pericyte-Myofibroblast Transition		该类注释的文献语境 (v1 MCP 检索实证), 非该基因的逐条引用	PRRX1 Orchestrates Pericyte-Myofibroblast Transition in Pathological Retinal Fibrosis.	Investigative ophthalmology & visual science	2025 Nov	epmc,eutils	GOOD	1	0	1	1	3	0	C1+类语境(眼/类词)命中(基因豁免)	2025+
F3	markers_membrane_v1.json	R2_prov_ctx	/provenance/Fibroblast/COL3A1[3]	Fibroblast	COL3A1	36231108	Transcriptional reprogramming RPE/stroma		该类注释的文献语境 (v1 MCP 检索实证), 非该基因的逐条引用	Global Transcriptional and Epigenetic Reconfiguration during Chemical Reprogramming of Human Retinal Pigment Epithelial Cells into Photoreceptor-like Cells.	Cells	2022 Oct	epmc,eutils	GOOD	1	0	1	0	2	0	C1+类语境(眼/类词)命中(基因豁免)	2020-22
F3	markers_membrane_v1.json	R2_prov_ctx	/provenance/Fibroblast/DCN[2]	Fibroblast	DCN	41230906	PRRX1 Pericyte-Myofibroblast Transition		该类注释的文献语境 (v1 MCP 检索实证), 非该基因的逐条引用	PRRX1 Orchestrates Pericyte-Myofibroblast Transition in Pathological Retinal Fibrosis.	Investigative ophthalmology & visual science	2025 Nov	epmc,eutils	GOOD	1	0	1	1	3	0	C1+类语境(眼/类词)命中(基因豁免)	2025+
F3	markers_membrane_v1.json	R2_prov_ctx	/provenance/Fibroblast/DCN[3]	Fibroblast	DCN	36231108	Transcriptional reprogramming RPE/stroma		该类注释的文献语境 (v1 MCP 检索实证), 非该基因的逐条引用	Global Transcriptional and Epigenetic Reconfiguration during Chemical Reprogramming of Human Retinal Pigment Epithelial Cells into Photoreceptor-like Cells.	Cells	2022 Oct	epmc,eutils	GOOD	1	0	1	0	2	0	C1+类语境(眼/类词)命中(基因豁免)	2020-22
F3	markers_membrane_v1.json	R2_prov_ctx	/provenance/Fibroblast/LUM[1]	Fibroblast	LUM	41230906	PRRX1 Pericyte-Myofibroblast Transition		该类注释的文献语境 (v1 MCP 检索实证), 非该基因的逐条引用	PRRX1 Orchestrates Pericyte-Myofibroblast Transition in Pathological Retinal Fibrosis.	Investigative ophthalmology & visual science	2025 Nov	epmc,eutils	GOOD	1	0	1	1	3	0	C1+类语境(眼/类词)命中(基因豁免)	2025+
F3	markers_membrane_v1.json	R2_prov_ctx	/provenance/Fibroblast/LUM[2]	Fibroblast	LUM	36231108	Transcriptional reprogramming RPE/stroma		该类注释的文献语境 (v1 MCP 检索实证), 非该基因的逐条引用	Global Transcriptional and Epigenetic Reconfiguration during Chemical Reprogramming of Human Retinal Pigment Epithelial Cells into Photoreceptor-like Cells.	Cells	2022 Oct	epmc,eutils	GOOD	1	0	1	0	2	0	C1+类语境(眼/类词)命中(基因豁免)	2020-22
F3	markers_membrane_v1.json	R2_prov_ctx	/provenance/Fibroblast/FBN1[2]	Fibroblast	FBN1	41230906	PRRX1 Pericyte-Myofibroblast Transition		该类注释的文献语境 (v1 MCP 检索实证), 非该基因的逐条引用	PRRX1 Orchestrates Pericyte-Myofibroblast Transition in Pathological Retinal Fibrosis.	Investigative ophthalmology & visual science	2025 Nov	epmc,eutils	GOOD	1	0	1	1	3	0	C1+类语境(眼/类词)命中(基因豁免)	2025+
F3	markers_membrane_v1.json	R2_prov_ctx	/provenance/Fibroblast/FBN1[3]	Fibroblast	FBN1	36231108	Transcriptional reprogramming RPE/stroma		该类注释的文献语境 (v1 MCP 检索实证), 非该基因的逐条引用	Global Transcriptional and Epigenetic Reconfiguration during Chemical Reprogramming of Human Retinal Pigment Epithelial Cells into Photoreceptor-like Cells.	Cells	2022 Oct	epmc,eutils	GOOD	1	0	1	0	2	0	C1+类语境(眼/类词)命中(基因豁免)	2020-22
F3	markers_membrane_v1.json	R2_prov_ctx	/provenance/Fibroblast/FN1[1]	Fibroblast	FN1	41230906	PRRX1 Pericyte-Myofibroblast Transition		该类注释的文献语境 (v1 MCP 检索实证), 非该基因的逐条引用	PRRX1 Orchestrates Pericyte-Myofibroblast Transition in Pathological Retinal Fibrosis.	Investigative ophthalmology & visual science	2025 Nov	epmc,eutils	GOOD	1	0	1	1	3	0	C1+类语境(眼/类词)命中(基因豁免)	2025+
F3	markers_membrane_v1.json	R2_prov_ctx	/provenance/Fibroblast/FN1[2]	Fibroblast	FN1	36231108	Transcriptional reprogramming RPE/stroma		该类注释的文献语境 (v1 MCP 检索实证), 非该基因的逐条引用	Global Transcriptional and Epigenetic Reconfiguration during Chemical Reprogramming of Human Retinal Pigment Epithelial Cells into Photoreceptor-like Cells.	Cells	2022 Oct	epmc,eutils	GOOD	1	0	1	0	2	0	C1+类语境(眼/类词)命中(基因豁免)	2020-22
F3	markers_membrane_v1.json	R2_prov_ctx	/provenance/Fibroblast/PTGDS[1]	Fibroblast	PTGDS	41230906	PRRX1 Pericyte-Myofibroblast Transition		该类注释的文献语境 (v1 MCP 检索实证), 非该基因的逐条引用	PRRX1 Orchestrates Pericyte-Myofibroblast Transition in Pathological Retinal Fibrosis.	Investigative ophthalmology & visual science	2025 Nov	epmc,eutils	GOOD	1	0	1	1	3	0	C1+类语境(眼/类词)命中(基因豁免)	2025+
F3	markers_membrane_v1.json	R2_prov_ctx	/provenance/Fibroblast/PTGDS[2]	Fibroblast	PTGDS	36231108	Transcriptional reprogramming RPE/stroma		该类注释的文献语境 (v1 MCP 检索实证), 非该基因的逐条引用	Global Transcriptional and Epigenetic Reconfiguration during Chemical Reprogramming of Human Retinal Pigment Epithelial Cells into Photoreceptor-like Cells.	Cells	2022 Oct	epmc,eutils	GOOD	1	0	1	0	2	0	C1+类语境(眼/类词)命中(基因豁免)	2020-22
F3	markers_membrane_v1.json	R2_prov_ctx	/provenance/Fibroblast/MMP2[1]	Fibroblast	MMP2	41230906	PRRX1 Pericyte-Myofibroblast Transition		该类注释的文献语境 (v1 MCP 检索实证), 非该基因的逐条引用	PRRX1 Orchestrates Pericyte-Myofibroblast Transition in Pathological Retinal Fibrosis.	Investigative ophthalmology & visual science	2025 Nov	epmc,eutils	GOOD	1	0	1	1	3	0	C1+类语境(眼/类词)命中(基因豁免)	2025+
F3	markers_membrane_v1.json	R2_prov_ctx	/provenance/Fibroblast/MMP2[2]	Fibroblast	MMP2	36231108	Transcriptional reprogramming RPE/stroma		该类注释的文献语境 (v1 MCP 检索实证), 非该基因的逐条引用	Global Transcriptional and Epigenetic Reconfiguration during Chemical Reprogramming of Human Retinal Pigment Epithelial Cells into Photoreceptor-like Cells.	Cells	2022 Oct	epmc,eutils	GOOD	1	0	1	0	2	0	C1+类语境(眼/类词)命中(基因豁免)	2020-22
F3	markers_membrane_v1.json	R2_prov_ctx	/provenance/Fibroblast/THY1[1]	Fibroblast	THY1	41230906	PRRX1 Pericyte-Myofibroblast Transition		该类注释的文献语境 (v1 MCP 检索实证), 非该基因的逐条引用	PRRX1 Orchestrates Pericyte-Myofibroblast Transition in Pathological Retinal Fibrosis.	Investigative ophthalmology & visual science	2025 Nov	epmc,eutils	GOOD	1	0	1	1	3	0	C1+类语境(眼/类词)命中(基因豁免)	2025+
F3	markers_membrane_v1.json	R2_prov_ctx	/provenance/Fibroblast/THY1[2]	Fibroblast	THY1	36231108	Transcriptional reprogramming RPE/stroma		该类注释的文献语境 (v1 MCP 检索实证), 非该基因的逐条引用	Global Transcriptional and Epigenetic Reconfiguration during Chemical Reprogramming of Human Retinal Pigment Epithelial Cells into Photoreceptor-like Cells.	Cells	2022 Oct	epmc,eutils	GOOD	1	0	1	0	2	0	C1+类语境(眼/类词)命中(基因豁免)	2020-22
F3	markers_membrane_v1.json	R2_prov_ctx	/provenance/Myofibroblast/ACTA2[2]	Myofibroblast	ACTA2	41230906	PRRX1 Pericyte-Myofibroblast Transition		该类注释的文献语境 (v1 MCP 检索实证), 非该基因的逐条引用	PRRX1 Orchestrates Pericyte-Myofibroblast Transition in Pathological Retinal Fibrosis.	Investigative ophthalmology & visual science	2025 Nov	epmc,eutils	GOOD	1	0	1	1	3	0	C1+类语境(眼/类词)命中(基因豁免)	2025+
F3	markers_membrane_v1.json	R2_prov_ctx	/provenance/Myofibroblast/ACTA2[3]	Myofibroblast	ACTA2	36231108	Transcriptional reprogramming RPE/stroma		该类注释的文献语境 (v1 MCP 检索实证), 非该基因的逐条引用	Global Transcriptional and Epigenetic Reconfiguration during Chemical Reprogramming of Human Retinal Pigment Epithelial Cells into Photoreceptor-like Cells.	Cells	2022 Oct	epmc,eutils	GOOD	1	0	1	0	2	0	C1+类语境(眼/类词)命中(基因豁免)	2020-22
F3	markers_membrane_v1.json	R2_prov_ctx	/provenance/Myofibroblast/TAGLN[2]	Myofibroblast	TAGLN	41230906	PRRX1 Pericyte-Myofibroblast Transition		该类注释的文献语境 (v1 MCP 检索实证), 非该基因的逐条引用	PRRX1 Orchestrates Pericyte-Myofibroblast Transition in Pathological Retinal Fibrosis.	Investigative ophthalmology & visual science	2025 Nov	epmc,eutils	GOOD	1	0	1	1	3	0	C1+类语境(眼/类词)命中(基因豁免)	2025+
F3	markers_membrane_v1.json	R2_prov_ctx	/provenance/Myofibroblast/TAGLN[3]	Myofibroblast	TAGLN	36231108	Transcriptional reprogramming RPE/stroma		该类注释的文献语境 (v1 MCP 检索实证), 非该基因的逐条引用	Global Transcriptional and Epigenetic Reconfiguration during Chemical Reprogramming of Human Retinal Pigment Epithelial Cells into Photoreceptor-like Cells.	Cells	2022 Oct	epmc,eutils	GOOD	1	0	1	0	2	0	C1+类语境(眼/类词)命中(基因豁免)	2020-22
F3	markers_membrane_v1.json	R2_prov_ctx	/provenance/Myofibroblast/MYL9[2]	Myofibroblast	MYL9	41230906	PRRX1 Pericyte-Myofibroblast Transition		该类注释的文献语境 (v1 MCP 检索实证), 非该基因的逐条引用	PRRX1 Orchestrates Pericyte-Myofibroblast Transition in Pathological Retinal Fibrosis.	Investigative ophthalmology & visual science	2025 Nov	epmc,eutils	GOOD	1	0	1	1	3	0	C1+类语境(眼/类词)命中(基因豁免)	2025+
F3	markers_membrane_v1.json	R2_prov_ctx	/provenance/Myofibroblast/MYL9[3]	Myofibroblast	MYL9	36231108	Transcriptional reprogramming RPE/stroma		该类注释的文献语境 (v1 MCP 检索实证), 非该基因的逐条引用	Global Transcriptional and Epigenetic Reconfiguration during Chemical Reprogramming of Human Retinal Pigment Epithelial Cells into Photoreceptor-like Cells.	Cells	2022 Oct	epmc,eutils	GOOD	1	0	1	0	2	0	C1+类语境(眼/类词)命中(基因豁免)	2020-22
F3	markers_membrane_v1.json	R2_prov_ctx	/provenance/Myofibroblast/POSTN[2]	Myofibroblast	POSTN	41230906	PRRX1 Pericyte-Myofibroblast Transition		该类注释的文献语境 (v1 MCP 检索实证), 非该基因的逐条引用	PRRX1 Orchestrates Pericyte-Myofibroblast Transition in Pathological Retinal Fibrosis.	Investigative ophthalmology & visual science	2025 Nov	epmc,eutils	GOOD	1	0	1	1	3	0	C1+类语境(眼/类词)命中(基因豁免)	2025+
F3	markers_membrane_v1.json	R2_prov_ctx	/provenance/Myofibroblast/POSTN[3]	Myofibroblast	POSTN	36231108	Transcriptional reprogramming RPE/stroma		该类注释的文献语境 (v1 MCP 检索实证), 非该基因的逐条引用	Global Transcriptional and Epigenetic Reconfiguration during Chemical Reprogramming of Human Retinal Pigment Epithelial Cells into Photoreceptor-like Cells.	Cells	2022 Oct	epmc,eutils	GOOD	1	0	1	0	2	0	C1+类语境(眼/类词)命中(基因豁免)	2020-22
F3	markers_membrane_v1.json	R2_prov_ctx	/provenance/Myofibroblast/TPM1[2]	Myofibroblast	TPM1	41230906	PRRX1 Pericyte-Myofibroblast Transition		该类注释的文献语境 (v1 MCP 检索实证), 非该基因的逐条引用	PRRX1 Orchestrates Pericyte-Myofibroblast Transition in Pathological Retinal Fibrosis.	Investigative ophthalmology & visual science	2025 Nov	epmc,eutils	GOOD	1	0	1	1	3	0	C1+类语境(眼/类词)命中(基因豁免)	2025+
F3	markers_membrane_v1.json	R2_prov_ctx	/provenance/Myofibroblast/TPM1[3]	Myofibroblast	TPM1	36231108	Transcriptional reprogramming RPE/stroma		该类注释的文献语境 (v1 MCP 检索实证), 非该基因的逐条引用	Global Transcriptional and Epigenetic Reconfiguration during Chemical Reprogramming of Human Retinal Pigment Epithelial Cells into Photoreceptor-like Cells.	Cells	2022 Oct	epmc,eutils	GOOD	1	0	1	0	2	0	C1+类语境(眼/类词)命中(基因豁免)	2020-22
F3	markers_membrane_v1.json	R2_prov_ctx	/provenance/Myofibroblast/TPM2[2]	Myofibroblast	TPM2	41230906	PRRX1 Pericyte-Myofibroblast Transition		该类注释的文献语境 (v1 MCP 检索实证), 非该基因的逐条引用	PRRX1 Orchestrates Pericyte-Myofibroblast Transition in Pathological Retinal Fibrosis.	Investigative ophthalmology & visual science	2025 Nov	epmc,eutils	GOOD	1	0	1	1	3	0	C1+类语境(眼/类词)命中(基因豁免)	2025+
F3	markers_membrane_v1.json	R2_prov_ctx	/provenance/Myofibroblast/TPM2[3]	Myofibroblast	TPM2	36231108	Transcriptional reprogramming RPE/stroma		该类注释的文献语境 (v1 MCP 检索实证), 非该基因的逐条引用	Global Transcriptional and Epigenetic Reconfiguration during Chemical Reprogramming of Human Retinal Pigment Epithelial Cells into Photoreceptor-like Cells.	Cells	2022 Oct	epmc,eutils	GOOD	1	0	1	0	2	0	C1+类语境(眼/类词)命中(基因豁免)	2020-22
F3	markers_membrane_v1.json	R2_prov_ctx	/provenance/Myofibroblast/FN1[1]	Myofibroblast	FN1	41230906	PRRX1 Pericyte-Myofibroblast Transition		该类注释的文献语境 (v1 MCP 检索实证), 非该基因的逐条引用	PRRX1 Orchestrates Pericyte-Myofibroblast Transition in Pathological Retinal Fibrosis.	Investigative ophthalmology & visual science	2025 Nov	epmc,eutils	GOOD	1	0	1	1	3	0	C1+类语境(眼/类词)命中(基因豁免)	2025+
F3	markers_membrane_v1.json	R2_prov_ctx	/provenance/Myofibroblast/FN1[2]	Myofibroblast	FN1	36231108	Transcriptional reprogramming RPE/stroma		该类注释的文献语境 (v1 MCP 检索实证), 非该基因的逐条引用	Global Transcriptional and Epigenetic Reconfiguration during Chemical Reprogramming of Human Retinal Pigment Epithelial Cells into Photoreceptor-like Cells.	Cells	2022 Oct	epmc,eutils	GOOD	1	0	1	0	2	0	C1+类语境(眼/类词)命中(基因豁免)	2020-22
F3	markers_membrane_v1.json	R2_prov_ctx	/provenance/Myofibroblast/COL1A1[2]	Myofibroblast	COL1A1	41230906	PRRX1 Pericyte-Myofibroblast Transition		该类注释的文献语境 (v1 MCP 检索实证), 非该基因的逐条引用	PRRX1 Orchestrates Pericyte-Myofibroblast Transition in Pathological Retinal Fibrosis.	Investigative ophthalmology & visual science	2025 Nov	epmc,eutils	GOOD	1	0	1	1	3	0	C1+类语境(眼/类词)命中(基因豁免)	2025+
F3	markers_membrane_v1.json	R2_prov_ctx	/provenance/Myofibroblast/COL1A1[3]	Myofibroblast	COL1A1	36231108	Transcriptional reprogramming RPE/stroma		该类注释的文献语境 (v1 MCP 检索实证), 非该基因的逐条引用	Global Transcriptional and Epigenetic Reconfiguration during Chemical Reprogramming of Human Retinal Pigment Epithelial Cells into Photoreceptor-like Cells.	Cells	2022 Oct	epmc,eutils	GOOD	1	0	1	0	2	0	C1+类语境(眼/类词)命中(基因豁免)	2020-22
F3	markers_membrane_v1.json	R2_prov_ctx	/provenance/Myofibroblast/COL1A2[2]	Myofibroblast	COL1A2	41230906	PRRX1 Pericyte-Myofibroblast Transition		该类注释的文献语境 (v1 MCP 检索实证), 非该基因的逐条引用	PRRX1 Orchestrates Pericyte-Myofibroblast Transition in Pathological Retinal Fibrosis.	Investigative ophthalmology & visual science	2025 Nov	epmc,eutils	GOOD	1	0	1	1	3	0	C1+类语境(眼/类词)命中(基因豁免)	2025+
F3	markers_membrane_v1.json	R2_prov_ctx	/provenance/Myofibroblast/COL1A2[3]	Myofibroblast	COL1A2	36231108	Transcriptional reprogramming RPE/stroma		该类注释的文献语境 (v1 MCP 检索实证), 非该基因的逐条引用	Global Transcriptional and Epigenetic Reconfiguration during Chemical Reprogramming of Human Retinal Pigment Epithelial Cells into Photoreceptor-like Cells.	Cells	2022 Oct	epmc,eutils	GOOD	1	0	1	0	2	0	C1+类语境(眼/类词)命中(基因豁免)	2020-22
F3	markers_membrane_v1.json	R2_prov_ctx	/provenance/Myofibroblast/CTHRC1[2]	Myofibroblast	CTHRC1	41230906	PRRX1 Pericyte-Myofibroblast Transition		该类注释的文献语境 (v1 MCP 检索实证), 非该基因的逐条引用	PRRX1 Orchestrates Pericyte-Myofibroblast Transition in Pathological Retinal Fibrosis.	Investigative ophthalmology & visual science	2025 Nov	epmc,eutils	GOOD	1	0	1	1	3	0	C1+类语境(眼/类词)命中(基因豁免)	2025+
F3	markers_membrane_v1.json	R2_prov_ctx	/provenance/Myofibroblast/CTHRC1[3]	Myofibroblast	CTHRC1	36231108	Transcriptional reprogramming RPE/stroma		该类注释的文献语境 (v1 MCP 检索实证), 非该基因的逐条引用	Global Transcriptional and Epigenetic Reconfiguration during Chemical Reprogramming of Human Retinal Pigment Epithelial Cells into Photoreceptor-like Cells.	Cells	2022 Oct	epmc,eutils	GOOD	1	0	1	0	2	0	C1+类语境(眼/类词)命中(基因豁免)	2020-22
F3	markers_membrane_v1.json	R2_prov_ctx	/provenance/Myofibroblast/TIMP1[2]	Myofibroblast	TIMP1	41230906	PRRX1 Pericyte-Myofibroblast Transition		该类注释的文献语境 (v1 MCP 检索实证), 非该基因的逐条引用	PRRX1 Orchestrates Pericyte-Myofibroblast Transition in Pathological Retinal Fibrosis.	Investigative ophthalmology & visual science	2025 Nov	epmc,eutils	GOOD	1	0	1	1	3	0	C1+类语境(眼/类词)命中(基因豁免)	2025+
F3	markers_membrane_v1.json	R2_prov_ctx	/provenance/Myofibroblast/TIMP1[3]	Myofibroblast	TIMP1	36231108	Transcriptional reprogramming RPE/stroma		该类注释的文献语境 (v1 MCP 检索实证), 非该基因的逐条引用	Global Transcriptional and Epigenetic Reconfiguration during Chemical Reprogramming of Human Retinal Pigment Epithelial Cells into Photoreceptor-like Cells.	Cells	2022 Oct	epmc,eutils	GOOD	1	0	1	0	2	0	C1+类语境(眼/类词)命中(基因豁免)	2020-22
F3	markers_membrane_v1.json	R2_prov_ctx	/provenance/Myofibroblast/PRRX1[1]	Myofibroblast	PRRX1	41230906	PRRX1 Pericyte-Myofibroblast Transition		该类注释的文献语境 (v1 MCP 检索实证), 非该基因的逐条引用	PRRX1 Orchestrates Pericyte-Myofibroblast Transition in Pathological Retinal Fibrosis.	Investigative ophthalmology & visual science	2025 Nov	epmc,eutils	GOOD	1	0	1	1	3	0	C1+类语境(眼/类词)命中(基因豁免)	2025+
F3	markers_membrane_v1.json	R2_prov_ctx	/provenance/Myofibroblast/PRRX1[2]	Myofibroblast	PRRX1	36231108	Transcriptional reprogramming RPE/stroma		该类注释的文献语境 (v1 MCP 检索实证), 非该基因的逐条引用	Global Transcriptional and Epigenetic Reconfiguration during Chemical Reprogramming of Human Retinal Pigment Epithelial Cells into Photoreceptor-like Cells.	Cells	2022 Oct	epmc,eutils	GOOD	1	0	1	0	2	0	C1+类语境(眼/类词)命中(基因豁免)	2020-22
F3	markers_membrane_v1.json	R2_prov_ctx	/provenance/Mono_Classical/FCN1[2]	Mono_Classical	FCN1	38409074	unique retinal microglia types early DR		该类注释的文献语境 (v1 MCP 检索实证), 非该基因的逐条引用	Single-cell RNA sequencing reveals roles of unique retinal microglia types in early diabetic retinopathy.	Diabetology & metabolic syndrome	2024 Feb	epmc,eutils	GOOD	1	0	1	0	5	0	C1+类语境(眼/类词)命中(基因豁免)	2024
F3	markers_membrane_v1.json	R2_prov_ctx	/provenance/Mono_Classical/FCN1[3]	Mono_Classical	FCN1	40999978	retinal microglia in DR review		该类注释的文献语境 (v1 MCP 检索实证), 非该基因的逐条引用	Mechanisms of action of retinal microglia in diabetic retinopathy (Review).	International journal of molecular medicine	2025 Dec	epmc,eutils	GOOD	1	0	1	0	3	0	C1+类语境(眼/类词)命中(基因豁免)	2025+
F3	markers_membrane_v1.json	R2_prov_ctx	/provenance/Mono_Classical/FCN1[4]	Mono_Classical	FCN1	36119084	activated retinal microglia metabolic reprogramming		该类注释的文献语境 (v1 MCP 检索实证), 非该基因的逐条引用	Integrated multi-omics reveals the activated retinal microglia with intracellular metabolic reprogramming contributes to inflammation in STZ-induced early diabetic retinopathy.	Frontiers in immunology	2022	epmc,eutils	GOOD	1	0	1	0	5	0	C1+类语境(眼/类词)命中(基因豁免)	2020-22
F3	markers_membrane_v1.json	R2_prov_ctx	/provenance/Mono_Classical/FCN1[5]	Mono_Classical	FCN1	34006945	scRNA human retina DR		该类注释的文献语境 (v1 MCP 检索实证), 非该基因的逐条引用	In-depth transcriptomic analysis of human retina reveals molecular mechanisms underlying diabetic retinopathy.	Scientific reports	2021 May	epmc,eutils	GOOD	1	0	1	0	2	0	C1+类语境(眼/类词)命中(基因豁免)	2020-22
F3	markers_membrane_v1.json	R2_prov_ctx	/provenance/Mono_Classical/VCAN[2]	Mono_Classical	VCAN	38409074	unique retinal microglia types early DR		该类注释的文献语境 (v1 MCP 检索实证), 非该基因的逐条引用	Single-cell RNA sequencing reveals roles of unique retinal microglia types in early diabetic retinopathy.	Diabetology & metabolic syndrome	2024 Feb	epmc,eutils	GOOD	1	0	1	0	5	0	C1+类语境(眼/类词)命中(基因豁免)	2024
F3	markers_membrane_v1.json	R2_prov_ctx	/provenance/Mono_Classical/VCAN[3]	Mono_Classical	VCAN	40999978	retinal microglia in DR review		该类注释的文献语境 (v1 MCP 检索实证), 非该基因的逐条引用	Mechanisms of action of retinal microglia in diabetic retinopathy (Review).	International journal of molecular medicine	2025 Dec	epmc,eutils	GOOD	1	0	1	0	3	0	C1+类语境(眼/类词)命中(基因豁免)	2025+
F3	markers_membrane_v1.json	R2_prov_ctx	/provenance/Mono_Classical/VCAN[4]	Mono_Classical	VCAN	36119084	activated retinal microglia metabolic reprogramming		该类注释的文献语境 (v1 MCP 检索实证), 非该基因的逐条引用	Integrated multi-omics reveals the activated retinal microglia with intracellular metabolic reprogramming contributes to inflammation in STZ-induced early diabetic retinopathy.	Frontiers in immunology	2022	epmc,eutils	GOOD	1	0	1	0	5	0	C1+类语境(眼/类词)命中(基因豁免)	2020-22
F3	markers_membrane_v1.json	R2_prov_ctx	/provenance/Mono_Classical/VCAN[5]	Mono_Classical	VCAN	34006945	scRNA human retina DR		该类注释的文献语境 (v1 MCP 检索实证), 非该基因的逐条引用	In-depth transcriptomic analysis of human retina reveals molecular mechanisms underlying diabetic retinopathy.	Scientific reports	2021 May	epmc,eutils	GOOD	1	0	1	0	2	0	C1+类语境(眼/类词)命中(基因豁免)	2020-22
F3	markers_membrane_v1.json	R2_prov_ctx	/provenance/Mono_Classical/S100A8[2]	Mono_Classical	S100A8	38409074	unique retinal microglia types early DR		该类注释的文献语境 (v1 MCP 检索实证), 非该基因的逐条引用	Single-cell RNA sequencing reveals roles of unique retinal microglia types in early diabetic retinopathy.	Diabetology & metabolic syndrome	2024 Feb	epmc,eutils	GOOD	1	0	1	0	5	0	C1+类语境(眼/类词)命中(基因豁免)	2024
F3	markers_membrane_v1.json	R2_prov_ctx	/provenance/Mono_Classical/S100A8[3]	Mono_Classical	S100A8	40999978	retinal microglia in DR review		该类注释的文献语境 (v1 MCP 检索实证), 非该基因的逐条引用	Mechanisms of action of retinal microglia in diabetic retinopathy (Review).	International journal of molecular medicine	2025 Dec	epmc,eutils	GOOD	1	0	1	0	3	0	C1+类语境(眼/类词)命中(基因豁免)	2025+
F3	markers_membrane_v1.json	R2_prov_ctx	/provenance/Mono_Classical/S100A8[4]	Mono_Classical	S100A8	36119084	activated retinal microglia metabolic reprogramming		该类注释的文献语境 (v1 MCP 检索实证), 非该基因的逐条引用	Integrated multi-omics reveals the activated retinal microglia with intracellular metabolic reprogramming contributes to inflammation in STZ-induced early diabetic retinopathy.	Frontiers in immunology	2022	epmc,eutils	GOOD	1	0	1	0	5	0	C1+类语境(眼/类词)命中(基因豁免)	2020-22
F3	markers_membrane_v1.json	R2_prov_ctx	/provenance/Mono_Classical/S100A8[5]	Mono_Classical	S100A8	34006945	scRNA human retina DR		该类注释的文献语境 (v1 MCP 检索实证), 非该基因的逐条引用	In-depth transcriptomic analysis of human retina reveals molecular mechanisms underlying diabetic retinopathy.	Scientific reports	2021 May	epmc,eutils	GOOD	1	0	1	0	2	0	C1+类语境(眼/类词)命中(基因豁免)	2020-22
F3	markers_membrane_v1.json	R2_prov_ctx	/provenance/Mono_Classical/S100A9[2]	Mono_Classical	S100A9	38409074	unique retinal microglia types early DR		该类注释的文献语境 (v1 MCP 检索实证), 非该基因的逐条引用	Single-cell RNA sequencing reveals roles of unique retinal microglia types in early diabetic retinopathy.	Diabetology & metabolic syndrome	2024 Feb	epmc,eutils	GOOD	1	0	1	0	5	0	C1+类语境(眼/类词)命中(基因豁免)	2024
F3	markers_membrane_v1.json	R2_prov_ctx	/provenance/Mono_Classical/S100A9[3]	Mono_Classical	S100A9	40999978	retinal microglia in DR review		该类注释的文献语境 (v1 MCP 检索实证), 非该基因的逐条引用	Mechanisms of action of retinal microglia in diabetic retinopathy (Review).	International journal of molecular medicine	2025 Dec	epmc,eutils	GOOD	1	0	1	0	3	0	C1+类语境(眼/类词)命中(基因豁免)	2025+
F3	markers_membrane_v1.json	R2_prov_ctx	/provenance/Mono_Classical/S100A9[4]	Mono_Classical	S100A9	36119084	activated retinal microglia metabolic reprogramming		该类注释的文献语境 (v1 MCP 检索实证), 非该基因的逐条引用	Integrated multi-omics reveals the activated retinal microglia with intracellular metabolic reprogramming contributes to inflammation in STZ-induced early diabetic retinopathy.	Frontiers in immunology	2022	epmc,eutils	GOOD	1	0	1	0	5	0	C1+类语境(眼/类词)命中(基因豁免)	2020-22
F3	markers_membrane_v1.json	R2_prov_ctx	/provenance/Mono_Classical/S100A9[5]	Mono_Classical	S100A9	34006945	scRNA human retina DR		该类注释的文献语境 (v1 MCP 检索实证), 非该基因的逐条引用	In-depth transcriptomic analysis of human retina reveals molecular mechanisms underlying diabetic retinopathy.	Scientific reports	2021 May	epmc,eutils	GOOD	1	0	1	0	2	0	C1+类语境(眼/类词)命中(基因豁免)	2020-22
F3	markers_membrane_v1.json	R2_prov_ctx	/provenance/Mono_Classical/S100A12[2]	Mono_Classical	S100A12	38409074	unique retinal microglia types early DR		该类注释的文献语境 (v1 MCP 检索实证), 非该基因的逐条引用	Single-cell RNA sequencing reveals roles of unique retinal microglia types in early diabetic retinopathy.	Diabetology & metabolic syndrome	2024 Feb	epmc,eutils	GOOD	1	0	1	0	5	0	C1+类语境(眼/类词)命中(基因豁免)	2024
F3	markers_membrane_v1.json	R2_prov_ctx	/provenance/Mono_Classical/S100A12[3]	Mono_Classical	S100A12	40999978	retinal microglia in DR review		该类注释的文献语境 (v1 MCP 检索实证), 非该基因的逐条引用	Mechanisms of action of retinal microglia in diabetic retinopathy (Review).	International journal of molecular medicine	2025 Dec	epmc,eutils	GOOD	1	0	1	0	3	0	C1+类语境(眼/类词)命中(基因豁免)	2025+
F3	markers_membrane_v1.json	R2_prov_ctx	/provenance/Mono_Classical/S100A12[4]	Mono_Classical	S100A12	36119084	activated retinal microglia metabolic reprogramming		该类注释的文献语境 (v1 MCP 检索实证), 非该基因的逐条引用	Integrated multi-omics reveals the activated retinal microglia with intracellular metabolic reprogramming contributes to inflammation in STZ-induced early diabetic retinopathy.	Frontiers in immunology	2022	epmc,eutils	GOOD	1	0	1	0	5	0	C1+类语境(眼/类词)命中(基因豁免)	2020-22
F3	markers_membrane_v1.json	R2_prov_ctx	/provenance/Mono_Classical/S100A12[5]	Mono_Classical	S100A12	34006945	scRNA human retina DR		该类注释的文献语境 (v1 MCP 检索实证), 非该基因的逐条引用	In-depth transcriptomic analysis of human retina reveals molecular mechanisms underlying diabetic retinopathy.	Scientific reports	2021 May	epmc,eutils	GOOD	1	0	1	0	2	0	C1+类语境(眼/类词)命中(基因豁免)	2020-22
F3	markers_membrane_v1.json	R2_prov_ctx	/provenance/Mono_Classical/SELL[1]	Mono_Classical	SELL	38409074	unique retinal microglia types early DR		该类注释的文献语境 (v1 MCP 检索实证), 非该基因的逐条引用	Single-cell RNA sequencing reveals roles of unique retinal microglia types in early diabetic retinopathy.	Diabetology & metabolic syndrome	2024 Feb	epmc,eutils	GOOD	1	0	1	0	5	0	C1+类语境(眼/类词)命中(基因豁免)	2024
F3	markers_membrane_v1.json	R2_prov_ctx	/provenance/Mono_Classical/SELL[2]	Mono_Classical	SELL	40999978	retinal microglia in DR review		该类注释的文献语境 (v1 MCP 检索实证), 非该基因的逐条引用	Mechanisms of action of retinal microglia in diabetic retinopathy (Review).	International journal of molecular medicine	2025 Dec	epmc,eutils	GOOD	1	0	1	0	3	0	C1+类语境(眼/类词)命中(基因豁免)	2025+
F3	markers_membrane_v1.json	R2_prov_ctx	/provenance/Mono_Classical/SELL[3]	Mono_Classical	SELL	36119084	activated retinal microglia metabolic reprogramming		该类注释的文献语境 (v1 MCP 检索实证), 非该基因的逐条引用	Integrated multi-omics reveals the activated retinal microglia with intracellular metabolic reprogramming contributes to inflammation in STZ-induced early diabetic retinopathy.	Frontiers in immunology	2022	epmc,eutils	GOOD	1	0	1	0	5	0	C1+类语境(眼/类词)命中(基因豁免)	2020-22
F3	markers_membrane_v1.json	R2_prov_ctx	/provenance/Mono_Classical/SELL[4]	Mono_Classical	SELL	34006945	scRNA human retina DR		该类注释的文献语境 (v1 MCP 检索实证), 非该基因的逐条引用	In-depth transcriptomic analysis of human retina reveals molecular mechanisms underlying diabetic retinopathy.	Scientific reports	2021 May	epmc,eutils	GOOD	1	0	1	0	2	0	C1+类语境(眼/类词)命中(基因豁免)	2020-22
F3	markers_membrane_v1.json	R2_prov_ctx	/provenance/Mono_Classical/CD14[1]	Mono_Classical	CD14	38409074	unique retinal microglia types early DR		该类注释的文献语境 (v1 MCP 检索实证), 非该基因的逐条引用	Single-cell RNA sequencing reveals roles of unique retinal microglia types in early diabetic retinopathy.	Diabetology & metabolic syndrome	2024 Feb	epmc,eutils	GOOD	1	0	1	0	5	0	C1+类语境(眼/类词)命中(基因豁免)	2024
F3	markers_membrane_v1.json	R2_prov_ctx	/provenance/Mono_Classical/CD14[2]	Mono_Classical	CD14	40999978	retinal microglia in DR review		该类注释的文献语境 (v1 MCP 检索实证), 非该基因的逐条引用	Mechanisms of action of retinal microglia in diabetic retinopathy (Review).	International journal of molecular medicine	2025 Dec	epmc,eutils	GOOD	1	0	1	0	3	0	C1+类语境(眼/类词)命中(基因豁免)	2025+
F3	markers_membrane_v1.json	R2_prov_ctx	/provenance/Mono_Classical/CD14[3]	Mono_Classical	CD14	36119084	activated retinal microglia metabolic reprogramming		该类注释的文献语境 (v1 MCP 检索实证), 非该基因的逐条引用	Integrated multi-omics reveals the activated retinal microglia with intracellular metabolic reprogramming contributes to inflammation in STZ-induced early diabetic retinopathy.	Frontiers in immunology	2022	epmc,eutils	GOOD	1	0	1	0	5	0	C1+类语境(眼/类词)命中(基因豁免)	2020-22
F3	markers_membrane_v1.json	R2_prov_ctx	/provenance/Mono_Classical/CD14[4]	Mono_Classical	CD14	34006945	scRNA human retina DR		该类注释的文献语境 (v1 MCP 检索实证), 非该基因的逐条引用	In-depth transcriptomic analysis of human retina reveals molecular mechanisms underlying diabetic retinopathy.	Scientific reports	2021 May	epmc,eutils	GOOD	1	0	1	0	2	0	C1+类语境(眼/类词)命中(基因豁免)	2020-22
F3	markers_membrane_v1.json	R2_prov_ctx	/provenance/Mono_Classical/LYZ[2]	Mono_Classical	LYZ	38409074	unique retinal microglia types early DR		该类注释的文献语境 (v1 MCP 检索实证), 非该基因的逐条引用	Single-cell RNA sequencing reveals roles of unique retinal microglia types in early diabetic retinopathy.	Diabetology & metabolic syndrome	2024 Feb	epmc,eutils	GOOD	1	0	1	0	5	0	C1+类语境(眼/类词)命中(基因豁免)	2024
F3	markers_membrane_v1.json	R2_prov_ctx	/provenance/Mono_Classical/LYZ[3]	Mono_Classical	LYZ	40999978	retinal microglia in DR review		该类注释的文献语境 (v1 MCP 检索实证), 非该基因的逐条引用	Mechanisms of action of retinal microglia in diabetic retinopathy (Review).	International journal of molecular medicine	2025 Dec	epmc,eutils	GOOD	1	0	1	0	3	0	C1+类语境(眼/类词)命中(基因豁免)	2025+
F3	markers_membrane_v1.json	R2_prov_ctx	/provenance/Mono_Classical/LYZ[4]	Mono_Classical	LYZ	36119084	activated retinal microglia metabolic reprogramming		该类注释的文献语境 (v1 MCP 检索实证), 非该基因的逐条引用	Integrated multi-omics reveals the activated retinal microglia with intracellular metabolic reprogramming contributes to inflammation in STZ-induced early diabetic retinopathy.	Frontiers in immunology	2022	epmc,eutils	GOOD	1	0	1	0	5	0	C1+类语境(眼/类词)命中(基因豁免)	2020-22
F3	markers_membrane_v1.json	R2_prov_ctx	/provenance/Mono_Classical/LYZ[5]	Mono_Classical	LYZ	34006945	scRNA human retina DR		该类注释的文献语境 (v1 MCP 检索实证), 非该基因的逐条引用	In-depth transcriptomic analysis of human retina reveals molecular mechanisms underlying diabetic retinopathy.	Scientific reports	2021 May	epmc,eutils	GOOD	1	0	1	0	2	0	C1+类语境(眼/类词)命中(基因豁免)	2020-22
F3	markers_membrane_v1.json	R2_prov_ctx	/provenance/Mono_Classical/MNDA[2]	Mono_Classical	MNDA	38409074	unique retinal microglia types early DR		该类注释的文献语境 (v1 MCP 检索实证), 非该基因的逐条引用	Single-cell RNA sequencing reveals roles of unique retinal microglia types in early diabetic retinopathy.	Diabetology & metabolic syndrome	2024 Feb	epmc,eutils	GOOD	1	0	1	0	5	0	C1+类语境(眼/类词)命中(基因豁免)	2024
F3	markers_membrane_v1.json	R2_prov_ctx	/provenance/Mono_Classical/MNDA[3]	Mono_Classical	MNDA	40999978	retinal microglia in DR review		该类注释的文献语境 (v1 MCP 检索实证), 非该基因的逐条引用	Mechanisms of action of retinal microglia in diabetic retinopathy (Review).	International journal of molecular medicine	2025 Dec	epmc,eutils	GOOD	1	0	1	0	3	0	C1+类语境(眼/类词)命中(基因豁免)	2025+
F3	markers_membrane_v1.json	R2_prov_ctx	/provenance/Mono_Classical/MNDA[4]	Mono_Classical	MNDA	36119084	activated retinal microglia metabolic reprogramming		该类注释的文献语境 (v1 MCP 检索实证), 非该基因的逐条引用	Integrated multi-omics reveals the activated retinal microglia with intracellular metabolic reprogramming contributes to inflammation in STZ-induced early diabetic retinopathy.	Frontiers in immunology	2022	epmc,eutils	GOOD	1	0	1	0	5	0	C1+类语境(眼/类词)命中(基因豁免)	2020-22
F3	markers_membrane_v1.json	R2_prov_ctx	/provenance/Mono_Classical/MNDA[5]	Mono_Classical	MNDA	34006945	scRNA human retina DR		该类注释的文献语境 (v1 MCP 检索实证), 非该基因的逐条引用	In-depth transcriptomic analysis of human retina reveals molecular mechanisms underlying diabetic retinopathy.	Scientific reports	2021 May	epmc,eutils	GOOD	1	0	1	0	2	0	C1+类语境(眼/类词)命中(基因豁免)	2020-22
F3	markers_membrane_v1.json	R2_prov_ctx	/provenance/Mono_Classical/CTSS[2]	Mono_Classical	CTSS	38409074	unique retinal microglia types early DR		该类注释的文献语境 (v1 MCP 检索实证), 非该基因的逐条引用	Single-cell RNA sequencing reveals roles of unique retinal microglia types in early diabetic retinopathy.	Diabetology & metabolic syndrome	2024 Feb	epmc,eutils	GOOD	1	0	1	0	5	0	C1+类语境(眼/类词)命中(基因豁免)	2024
F3	markers_membrane_v1.json	R2_prov_ctx	/provenance/Mono_Classical/CTSS[3]	Mono_Classical	CTSS	40999978	retinal microglia in DR review		该类注释的文献语境 (v1 MCP 检索实证), 非该基因的逐条引用	Mechanisms of action of retinal microglia in diabetic retinopathy (Review).	International journal of molecular medicine	2025 Dec	epmc,eutils	GOOD	1	0	1	0	3	0	C1+类语境(眼/类词)命中(基因豁免)	2025+
F3	markers_membrane_v1.json	R2_prov_ctx	/provenance/Mono_Classical/CTSS[4]	Mono_Classical	CTSS	36119084	activated retinal microglia metabolic reprogramming		该类注释的文献语境 (v1 MCP 检索实证), 非该基因的逐条引用	Integrated multi-omics reveals the activated retinal microglia with intracellular metabolic reprogramming contributes to inflammation in STZ-induced early diabetic retinopathy.	Frontiers in immunology	2022	epmc,eutils	GOOD	1	0	1	0	5	0	C1+类语境(眼/类词)命中(基因豁免)	2020-22
F3	markers_membrane_v1.json	R2_prov_ctx	/provenance/Mono_Classical/CTSS[5]	Mono_Classical	CTSS	34006945	scRNA human retina DR		该类注释的文献语境 (v1 MCP 检索实证), 非该基因的逐条引用	In-depth transcriptomic analysis of human retina reveals molecular mechanisms underlying diabetic retinopathy.	Scientific reports	2021 May	epmc,eutils	GOOD	1	0	1	0	2	0	C1+类语境(眼/类词)命中(基因豁免)	2020-22
F3	markers_membrane_v1.json	R2_prov_ctx	/provenance/Mono_Classical/SERPINA1[2]	Mono_Classical	SERPINA1	38409074	unique retinal microglia types early DR		该类注释的文献语境 (v1 MCP 检索实证), 非该基因的逐条引用	Single-cell RNA sequencing reveals roles of unique retinal microglia types in early diabetic retinopathy.	Diabetology & metabolic syndrome	2024 Feb	epmc,eutils	GOOD	1	0	1	0	5	0	C1+类语境(眼/类词)命中(基因豁免)	2024
F3	markers_membrane_v1.json	R2_prov_ctx	/provenance/Mono_Classical/SERPINA1[3]	Mono_Classical	SERPINA1	40999978	retinal microglia in DR review		该类注释的文献语境 (v1 MCP 检索实证), 非该基因的逐条引用	Mechanisms of action of retinal microglia in diabetic retinopathy (Review).	International journal of molecular medicine	2025 Dec	epmc,eutils	GOOD	1	0	1	0	3	0	C1+类语境(眼/类词)命中(基因豁免)	2025+
F3	markers_membrane_v1.json	R2_prov_ctx	/provenance/Mono_Classical/SERPINA1[4]	Mono_Classical	SERPINA1	36119084	activated retinal microglia metabolic reprogramming		该类注释的文献语境 (v1 MCP 检索实证), 非该基因的逐条引用	Integrated multi-omics reveals the activated retinal microglia with intracellular metabolic reprogramming contributes to inflammation in STZ-induced early diabetic retinopathy.	Frontiers in immunology	2022	epmc,eutils	GOOD	1	0	1	0	5	0	C1+类语境(眼/类词)命中(基因豁免)	2020-22
F3	markers_membrane_v1.json	R2_prov_ctx	/provenance/Mono_Classical/SERPINA1[5]	Mono_Classical	SERPINA1	34006945	scRNA human retina DR		该类注释的文献语境 (v1 MCP 检索实证), 非该基因的逐条引用	In-depth transcriptomic analysis of human retina reveals molecular mechanisms underlying diabetic retinopathy.	Scientific reports	2021 May	epmc,eutils	GOOD	1	0	1	0	2	0	C1+类语境(眼/类词)命中(基因豁免)	2020-22
F3	markers_membrane_v1.json	R2_prov_ctx	/provenance/Mono_Nonclassical/FCGR3A[1]	Mono_Nonclassical	FCGR3A	38409074	unique retinal microglia types early DR		该类注释的文献语境 (v1 MCP 检索实证), 非该基因的逐条引用	Single-cell RNA sequencing reveals roles of unique retinal microglia types in early diabetic retinopathy.	Diabetology & metabolic syndrome	2024 Feb	epmc,eutils	GOOD	1	0	1	0	5	0	C1+类语境(眼/类词)命中(基因豁免)	2024
F3	markers_membrane_v1.json	R2_prov_ctx	/provenance/Mono_Nonclassical/FCGR3A[2]	Mono_Nonclassical	FCGR3A	40999978	retinal microglia in DR review		该类注释的文献语境 (v1 MCP 检索实证), 非该基因的逐条引用	Mechanisms of action of retinal microglia in diabetic retinopathy (Review).	International journal of molecular medicine	2025 Dec	epmc,eutils	GOOD	1	0	1	0	3	0	C1+类语境(眼/类词)命中(基因豁免)	2025+
F3	markers_membrane_v1.json	R2_prov_ctx	/provenance/Mono_Nonclassical/FCGR3A[3]	Mono_Nonclassical	FCGR3A	36119084	activated retinal microglia metabolic reprogramming		该类注释的文献语境 (v1 MCP 检索实证), 非该基因的逐条引用	Integrated multi-omics reveals the activated retinal microglia with intracellular metabolic reprogramming contributes to inflammation in STZ-induced early diabetic retinopathy.	Frontiers in immunology	2022	epmc,eutils	GOOD	1	0	1	0	5	0	C1+类语境(眼/类词)命中(基因豁免)	2020-22
F3	markers_membrane_v1.json	R2_prov_ctx	/provenance/Mono_Nonclassical/FCGR3A[4]	Mono_Nonclassical	FCGR3A	34006945	scRNA human retina DR		该类注释的文献语境 (v1 MCP 检索实证), 非该基因的逐条引用	In-depth transcriptomic analysis of human retina reveals molecular mechanisms underlying diabetic retinopathy.	Scientific reports	2021 May	epmc,eutils	GOOD	1	0	1	0	2	0	C1+类语境(眼/类词)命中(基因豁免)	2020-22
F3	markers_membrane_v1.json	R2_prov_ctx	/provenance/Mono_Nonclassical/LST1[1]	Mono_Nonclassical	LST1	38409074	unique retinal microglia types early DR		该类注释的文献语境 (v1 MCP 检索实证), 非该基因的逐条引用	Single-cell RNA sequencing reveals roles of unique retinal microglia types in early diabetic retinopathy.	Diabetology & metabolic syndrome	2024 Feb	epmc,eutils	GOOD	1	0	1	0	5	0	C1+类语境(眼/类词)命中(基因豁免)	2024
F3	markers_membrane_v1.json	R2_prov_ctx	/provenance/Mono_Nonclassical/LST1[2]	Mono_Nonclassical	LST1	40999978	retinal microglia in DR review		该类注释的文献语境 (v1 MCP 检索实证), 非该基因的逐条引用	Mechanisms of action of retinal microglia in diabetic retinopathy (Review).	International journal of molecular medicine	2025 Dec	epmc,eutils	GOOD	1	0	1	0	3	0	C1+类语境(眼/类词)命中(基因豁免)	2025+
F3	markers_membrane_v1.json	R2_prov_ctx	/provenance/Mono_Nonclassical/LST1[3]	Mono_Nonclassical	LST1	36119084	activated retinal microglia metabolic reprogramming		该类注释的文献语境 (v1 MCP 检索实证), 非该基因的逐条引用	Integrated multi-omics reveals the activated retinal microglia with intracellular metabolic reprogramming contributes to inflammation in STZ-induced early diabetic retinopathy.	Frontiers in immunology	2022	epmc,eutils	GOOD	1	0	1	0	5	0	C1+类语境(眼/类词)命中(基因豁免)	2020-22
F3	markers_membrane_v1.json	R2_prov_ctx	/provenance/Mono_Nonclassical/LST1[4]	Mono_Nonclassical	LST1	34006945	scRNA human retina DR		该类注释的文献语境 (v1 MCP 检索实证), 非该基因的逐条引用	In-depth transcriptomic analysis of human retina reveals molecular mechanisms underlying diabetic retinopathy.	Scientific reports	2021 May	epmc,eutils	GOOD	1	0	1	0	2	0	C1+类语境(眼/类词)命中(基因豁免)	2020-22
F3	markers_membrane_v1.json	R2_prov_ctx	/provenance/Mono_Nonclassical/MS4A7[1]	Mono_Nonclassical	MS4A7	38409074	unique retinal microglia types early DR		该类注释的文献语境 (v1 MCP 检索实证), 非该基因的逐条引用	Single-cell RNA sequencing reveals roles of unique retinal microglia types in early diabetic retinopathy.	Diabetology & metabolic syndrome	2024 Feb	epmc,eutils	GOOD	1	0	1	0	5	0	C1+类语境(眼/类词)命中(基因豁免)	2024
F3	markers_membrane_v1.json	R2_prov_ctx	/provenance/Mono_Nonclassical/MS4A7[2]	Mono_Nonclassical	MS4A7	40999978	retinal microglia in DR review		该类注释的文献语境 (v1 MCP 检索实证), 非该基因的逐条引用	Mechanisms of action of retinal microglia in diabetic retinopathy (Review).	International journal of molecular medicine	2025 Dec	epmc,eutils	GOOD	1	0	1	0	3	0	C1+类语境(眼/类词)命中(基因豁免)	2025+
F3	markers_membrane_v1.json	R2_prov_ctx	/provenance/Mono_Nonclassical/MS4A7[3]	Mono_Nonclassical	MS4A7	36119084	activated retinal microglia metabolic reprogramming		该类注释的文献语境 (v1 MCP 检索实证), 非该基因的逐条引用	Integrated multi-omics reveals the activated retinal microglia with intracellular metabolic reprogramming contributes to inflammation in STZ-induced early diabetic retinopathy.	Frontiers in immunology	2022	epmc,eutils	GOOD	1	0	1	0	5	0	C1+类语境(眼/类词)命中(基因豁免)	2020-22
F3	markers_membrane_v1.json	R2_prov_ctx	/provenance/Mono_Nonclassical/MS4A7[4]	Mono_Nonclassical	MS4A7	34006945	scRNA human retina DR		该类注释的文献语境 (v1 MCP 检索实证), 非该基因的逐条引用	In-depth transcriptomic analysis of human retina reveals molecular mechanisms underlying diabetic retinopathy.	Scientific reports	2021 May	epmc,eutils	GOOD	1	0	1	0	2	0	C1+类语境(眼/类词)命中(基因豁免)	2020-22
F3	markers_membrane_v1.json	R2_prov_ctx	/provenance/Mono_Nonclassical/CX3CR1[1]	Mono_Nonclassical	CX3CR1	38409074	unique retinal microglia types early DR		该类注释的文献语境 (v1 MCP 检索实证), 非该基因的逐条引用	Single-cell RNA sequencing reveals roles of unique retinal microglia types in early diabetic retinopathy.	Diabetology & metabolic syndrome	2024 Feb	epmc,eutils	GOOD	1	0	1	0	5	0	C1+类语境(眼/类词)命中(基因豁免)	2024
F3	markers_membrane_v1.json	R2_prov_ctx	/provenance/Mono_Nonclassical/CX3CR1[2]	Mono_Nonclassical	CX3CR1	40999978	retinal microglia in DR review		该类注释的文献语境 (v1 MCP 检索实证), 非该基因的逐条引用	Mechanisms of action of retinal microglia in diabetic retinopathy (Review).	International journal of molecular medicine	2025 Dec	epmc,eutils	GOOD	1	0	1	0	3	0	C1+类语境(眼/类词)命中(基因豁免)	2025+
F3	markers_membrane_v1.json	R2_prov_ctx	/provenance/Mono_Nonclassical/CX3CR1[3]	Mono_Nonclassical	CX3CR1	36119084	activated retinal microglia metabolic reprogramming		该类注释的文献语境 (v1 MCP 检索实证), 非该基因的逐条引用	Integrated multi-omics reveals the activated retinal microglia with intracellular metabolic reprogramming contributes to inflammation in STZ-induced early diabetic retinopathy.	Frontiers in immunology	2022	epmc,eutils	GOOD	1	0	1	0	5	0	C1+类语境(眼/类词)命中(基因豁免)	2020-22
F3	markers_membrane_v1.json	R2_prov_ctx	/provenance/Mono_Nonclassical/CX3CR1[4]	Mono_Nonclassical	CX3CR1	34006945	scRNA human retina DR		该类注释的文献语境 (v1 MCP 检索实证), 非该基因的逐条引用	In-depth transcriptomic analysis of human retina reveals molecular mechanisms underlying diabetic retinopathy.	Scientific reports	2021 May	epmc,eutils	GOOD	1	0	1	0	2	0	C1+类语境(眼/类词)命中(基因豁免)	2020-22
F3	markers_membrane_v1.json	R2_prov_ctx	/provenance/Mono_Nonclassical/IL1B[1]	Mono_Nonclassical	IL1B	38409074	unique retinal microglia types early DR		该类注释的文献语境 (v1 MCP 检索实证), 非该基因的逐条引用	Single-cell RNA sequencing reveals roles of unique retinal microglia types in early diabetic retinopathy.	Diabetology & metabolic syndrome	2024 Feb	epmc,eutils	GOOD	1	0	1	0	5	0	C1+类语境(眼/类词)命中(基因豁免)	2024
F3	markers_membrane_v1.json	R2_prov_ctx	/provenance/Mono_Nonclassical/IL1B[2]	Mono_Nonclassical	IL1B	40999978	retinal microglia in DR review		该类注释的文献语境 (v1 MCP 检索实证), 非该基因的逐条引用	Mechanisms of action of retinal microglia in diabetic retinopathy (Review).	International journal of molecular medicine	2025 Dec	epmc,eutils	GOOD	1	0	1	0	3	0	C1+类语境(眼/类词)命中(基因豁免)	2025+
F3	markers_membrane_v1.json	R2_prov_ctx	/provenance/Mono_Nonclassical/IL1B[3]	Mono_Nonclassical	IL1B	36119084	activated retinal microglia metabolic reprogramming		该类注释的文献语境 (v1 MCP 检索实证), 非该基因的逐条引用	Integrated multi-omics reveals the activated retinal microglia with intracellular metabolic reprogramming contributes to inflammation in STZ-induced early diabetic retinopathy.	Frontiers in immunology	2022	epmc,eutils	GOOD	1	0	1	0	5	0	C1+类语境(眼/类词)命中(基因豁免)	2020-22
F3	markers_membrane_v1.json	R2_prov_ctx	/provenance/Mono_Nonclassical/IL1B[4]	Mono_Nonclassical	IL1B	34006945	scRNA human retina DR		该类注释的文献语境 (v1 MCP 检索实证), 非该基因的逐条引用	In-depth transcriptomic analysis of human retina reveals molecular mechanisms underlying diabetic retinopathy.	Scientific reports	2021 May	epmc,eutils	GOOD	1	0	1	0	2	0	C1+类语境(眼/类词)命中(基因豁免)	2020-22
F3	markers_membrane_v1.json	R2_prov_ctx	/provenance/Mac_Tissue/SELENOP[2]	Mac_Tissue	SELENOP	38409074	unique retinal microglia types early DR		该类注释的文献语境 (v1 MCP 检索实证), 非该基因的逐条引用	Single-cell RNA sequencing reveals roles of unique retinal microglia types in early diabetic retinopathy.	Diabetology & metabolic syndrome	2024 Feb	epmc,eutils	GOOD	1	0	1	0	5	0	C1+类语境(眼/类词)命中(基因豁免)	2024
F3	markers_membrane_v1.json	R2_prov_ctx	/provenance/Mac_Tissue/SELENOP[3]	Mac_Tissue	SELENOP	40999978	retinal microglia in DR review		该类注释的文献语境 (v1 MCP 检索实证), 非该基因的逐条引用	Mechanisms of action of retinal microglia in diabetic retinopathy (Review).	International journal of molecular medicine	2025 Dec	epmc,eutils	GOOD	1	0	1	0	3	0	C1+类语境(眼/类词)命中(基因豁免)	2025+
F3	markers_membrane_v1.json	R2_prov_ctx	/provenance/Mac_Tissue/SELENOP[4]	Mac_Tissue	SELENOP	36119084	activated retinal microglia metabolic reprogramming		该类注释的文献语境 (v1 MCP 检索实证), 非该基因的逐条引用	Integrated multi-omics reveals the activated retinal microglia with intracellular metabolic reprogramming contributes to inflammation in STZ-induced early diabetic retinopathy.	Frontiers in immunology	2022	epmc,eutils	GOOD	1	0	1	0	5	0	C1+类语境(眼/类词)命中(基因豁免)	2020-22
F3	markers_membrane_v1.json	R2_prov_ctx	/provenance/Mac_Tissue/SELENOP[5]	Mac_Tissue	SELENOP	34006945	scRNA human retina DR		该类注释的文献语境 (v1 MCP 检索实证), 非该基因的逐条引用	In-depth transcriptomic analysis of human retina reveals molecular mechanisms underlying diabetic retinopathy.	Scientific reports	2021 May	epmc,eutils	GOOD	1	0	1	0	2	0	C1+类语境(眼/类词)命中(基因豁免)	2020-22
F3	markers_membrane_v1.json	R2_prov_ctx	/provenance/Mac_Tissue/MRC1[2]	Mac_Tissue	MRC1	38409074	unique retinal microglia types early DR		该类注释的文献语境 (v1 MCP 检索实证), 非该基因的逐条引用	Single-cell RNA sequencing reveals roles of unique retinal microglia types in early diabetic retinopathy.	Diabetology & metabolic syndrome	2024 Feb	epmc,eutils	GOOD	1	0	1	0	5	0	C1+类语境(眼/类词)命中(基因豁免)	2024
F3	markers_membrane_v1.json	R2_prov_ctx	/provenance/Mac_Tissue/MRC1[3]	Mac_Tissue	MRC1	40999978	retinal microglia in DR review		该类注释的文献语境 (v1 MCP 检索实证), 非该基因的逐条引用	Mechanisms of action of retinal microglia in diabetic retinopathy (Review).	International journal of molecular medicine	2025 Dec	epmc,eutils	GOOD	1	0	1	0	3	0	C1+类语境(眼/类词)命中(基因豁免)	2025+
F3	markers_membrane_v1.json	R2_prov_ctx	/provenance/Mac_Tissue/MRC1[4]	Mac_Tissue	MRC1	36119084	activated retinal microglia metabolic reprogramming		该类注释的文献语境 (v1 MCP 检索实证), 非该基因的逐条引用	Integrated multi-omics reveals the activated retinal microglia with intracellular metabolic reprogramming contributes to inflammation in STZ-induced early diabetic retinopathy.	Frontiers in immunology	2022	epmc,eutils	GOOD	1	0	1	0	5	0	C1+类语境(眼/类词)命中(基因豁免)	2020-22
F3	markers_membrane_v1.json	R2_prov_ctx	/provenance/Mac_Tissue/MRC1[5]	Mac_Tissue	MRC1	34006945	scRNA human retina DR		该类注释的文献语境 (v1 MCP 检索实证), 非该基因的逐条引用	In-depth transcriptomic analysis of human retina reveals molecular mechanisms underlying diabetic retinopathy.	Scientific reports	2021 May	epmc,eutils	GOOD	1	0	1	0	2	0	C1+类语境(眼/类词)命中(基因豁免)	2020-22
F3	markers_membrane_v1.json	R2_prov_ctx	/provenance/Mac_Tissue/FOLR2[2]	Mac_Tissue	FOLR2	38409074	unique retinal microglia types early DR		该类注释的文献语境 (v1 MCP 检索实证), 非该基因的逐条引用	Single-cell RNA sequencing reveals roles of unique retinal microglia types in early diabetic retinopathy.	Diabetology & metabolic syndrome	2024 Feb	epmc,eutils	GOOD	1	0	1	0	5	0	C1+类语境(眼/类词)命中(基因豁免)	2024
F3	markers_membrane_v1.json	R2_prov_ctx	/provenance/Mac_Tissue/FOLR2[3]	Mac_Tissue	FOLR2	40999978	retinal microglia in DR review		该类注释的文献语境 (v1 MCP 检索实证), 非该基因的逐条引用	Mechanisms of action of retinal microglia in diabetic retinopathy (Review).	International journal of molecular medicine	2025 Dec	epmc,eutils	GOOD	1	0	1	0	3	0	C1+类语境(眼/类词)命中(基因豁免)	2025+
F3	markers_membrane_v1.json	R2_prov_ctx	/provenance/Mac_Tissue/FOLR2[4]	Mac_Tissue	FOLR2	36119084	activated retinal microglia metabolic reprogramming		该类注释的文献语境 (v1 MCP 检索实证), 非该基因的逐条引用	Integrated multi-omics reveals the activated retinal microglia with intracellular metabolic reprogramming contributes to inflammation in STZ-induced early diabetic retinopathy.	Frontiers in immunology	2022	epmc,eutils	GOOD	1	0	1	0	5	0	C1+类语境(眼/类词)命中(基因豁免)	2020-22
F3	markers_membrane_v1.json	R2_prov_ctx	/provenance/Mac_Tissue/FOLR2[5]	Mac_Tissue	FOLR2	34006945	scRNA human retina DR		该类注释的文献语境 (v1 MCP 检索实证), 非该基因的逐条引用	In-depth transcriptomic analysis of human retina reveals molecular mechanisms underlying diabetic retinopathy.	Scientific reports	2021 May	epmc,eutils	GOOD	1	0	1	0	2	0	C1+类语境(眼/类词)命中(基因豁免)	2020-22
F3	markers_membrane_v1.json	R2_prov_ctx	/provenance/Mac_Tissue/LYVE1[1]	Mac_Tissue	LYVE1	38409074	unique retinal microglia types early DR		该类注释的文献语境 (v1 MCP 检索实证), 非该基因的逐条引用	Single-cell RNA sequencing reveals roles of unique retinal microglia types in early diabetic retinopathy.	Diabetology & metabolic syndrome	2024 Feb	epmc,eutils	GOOD	1	0	1	0	5	0	C1+类语境(眼/类词)命中(基因豁免)	2024
F3	markers_membrane_v1.json	R2_prov_ctx	/provenance/Mac_Tissue/LYVE1[2]	Mac_Tissue	LYVE1	40999978	retinal microglia in DR review		该类注释的文献语境 (v1 MCP 检索实证), 非该基因的逐条引用	Mechanisms of action of retinal microglia in diabetic retinopathy (Review).	International journal of molecular medicine	2025 Dec	epmc,eutils	GOOD	1	0	1	0	3	0	C1+类语境(眼/类词)命中(基因豁免)	2025+
F3	markers_membrane_v1.json	R2_prov_ctx	/provenance/Mac_Tissue/LYVE1[3]	Mac_Tissue	LYVE1	36119084	activated retinal microglia metabolic reprogramming		该类注释的文献语境 (v1 MCP 检索实证), 非该基因的逐条引用	Integrated multi-omics reveals the activated retinal microglia with intracellular metabolic reprogramming contributes to inflammation in STZ-induced early diabetic retinopathy.	Frontiers in immunology	2022	epmc,eutils	GOOD	1	0	1	0	5	0	C1+类语境(眼/类词)命中(基因豁免)	2020-22
F3	markers_membrane_v1.json	R2_prov_ctx	/provenance/Mac_Tissue/LYVE1[4]	Mac_Tissue	LYVE1	34006945	scRNA human retina DR		该类注释的文献语境 (v1 MCP 检索实证), 非该基因的逐条引用	In-depth transcriptomic analysis of human retina reveals molecular mechanisms underlying diabetic retinopathy.	Scientific reports	2021 May	epmc,eutils	GOOD	1	0	1	0	2	0	C1+类语境(眼/类词)命中(基因豁免)	2020-22
F3	markers_membrane_v1.json	R2_prov_ctx	/provenance/Mac_Tissue/CD163[2]	Mac_Tissue	CD163	38409074	unique retinal microglia types early DR		该类注释的文献语境 (v1 MCP 检索实证), 非该基因的逐条引用	Single-cell RNA sequencing reveals roles of unique retinal microglia types in early diabetic retinopathy.	Diabetology & metabolic syndrome	2024 Feb	epmc,eutils	GOOD	1	0	1	0	5	0	C1+类语境(眼/类词)命中(基因豁免)	2024
F3	markers_membrane_v1.json	R2_prov_ctx	/provenance/Mac_Tissue/CD163[3]	Mac_Tissue	CD163	40999978	retinal microglia in DR review		该类注释的文献语境 (v1 MCP 检索实证), 非该基因的逐条引用	Mechanisms of action of retinal microglia in diabetic retinopathy (Review).	International journal of molecular medicine	2025 Dec	epmc,eutils	GOOD	1	0	1	0	3	0	C1+类语境(眼/类词)命中(基因豁免)	2025+
F3	markers_membrane_v1.json	R2_prov_ctx	/provenance/Mac_Tissue/CD163[4]	Mac_Tissue	CD163	36119084	activated retinal microglia metabolic reprogramming		该类注释的文献语境 (v1 MCP 检索实证), 非该基因的逐条引用	Integrated multi-omics reveals the activated retinal microglia with intracellular metabolic reprogramming contributes to inflammation in STZ-induced early diabetic retinopathy.	Frontiers in immunology	2022	epmc,eutils	GOOD	1	0	1	0	5	0	C1+类语境(眼/类词)命中(基因豁免)	2020-22
F3	markers_membrane_v1.json	R2_prov_ctx	/provenance/Mac_Tissue/CD163[5]	Mac_Tissue	CD163	34006945	scRNA human retina DR		该类注释的文献语境 (v1 MCP 检索实证), 非该基因的逐条引用	In-depth transcriptomic analysis of human retina reveals molecular mechanisms underlying diabetic retinopathy.	Scientific reports	2021 May	epmc,eutils	GOOD	1	0	1	0	2	0	C1+类语境(眼/类词)命中(基因豁免)	2020-22
F3	markers_membrane_v1.json	R2_prov_ctx	/provenance/Mac_Tissue/C1QA[2]	Mac_Tissue	C1QA	38409074	unique retinal microglia types early DR		该类注释的文献语境 (v1 MCP 检索实证), 非该基因的逐条引用	Single-cell RNA sequencing reveals roles of unique retinal microglia types in early diabetic retinopathy.	Diabetology & metabolic syndrome	2024 Feb	epmc,eutils	GOOD	1	0	1	0	5	0	C1+类语境(眼/类词)命中(基因豁免)	2024
F3	markers_membrane_v1.json	R2_prov_ctx	/provenance/Mac_Tissue/C1QA[3]	Mac_Tissue	C1QA	40999978	retinal microglia in DR review		该类注释的文献语境 (v1 MCP 检索实证), 非该基因的逐条引用	Mechanisms of action of retinal microglia in diabetic retinopathy (Review).	International journal of molecular medicine	2025 Dec	epmc,eutils	GOOD	1	0	1	0	3	0	C1+类语境(眼/类词)命中(基因豁免)	2025+
F3	markers_membrane_v1.json	R2_prov_ctx	/provenance/Mac_Tissue/C1QA[4]	Mac_Tissue	C1QA	36119084	activated retinal microglia metabolic reprogramming		该类注释的文献语境 (v1 MCP 检索实证), 非该基因的逐条引用	Integrated multi-omics reveals the activated retinal microglia with intracellular metabolic reprogramming contributes to inflammation in STZ-induced early diabetic retinopathy.	Frontiers in immunology	2022	epmc,eutils	GOOD	1	0	1	0	5	0	C1+类语境(眼/类词)命中(基因豁免)	2020-22
F3	markers_membrane_v1.json	R2_prov_ctx	/provenance/Mac_Tissue/C1QA[5]	Mac_Tissue	C1QA	34006945	scRNA human retina DR		该类注释的文献语境 (v1 MCP 检索实证), 非该基因的逐条引用	In-depth transcriptomic analysis of human retina reveals molecular mechanisms underlying diabetic retinopathy.	Scientific reports	2021 May	epmc,eutils	GOOD	1	0	1	0	2	0	C1+类语境(眼/类词)命中(基因豁免)	2020-22
F3	markers_membrane_v1.json	R2_prov_ctx	/provenance/Mac_Tissue/C1QB[1]	Mac_Tissue	C1QB	38409074	unique retinal microglia types early DR		该类注释的文献语境 (v1 MCP 检索实证), 非该基因的逐条引用	Single-cell RNA sequencing reveals roles of unique retinal microglia types in early diabetic retinopathy.	Diabetology & metabolic syndrome	2024 Feb	epmc,eutils	GOOD	1	0	1	0	5	0	C1+类语境(眼/类词)命中(基因豁免)	2024
F3	markers_membrane_v1.json	R2_prov_ctx	/provenance/Mac_Tissue/C1QB[2]	Mac_Tissue	C1QB	40999978	retinal microglia in DR review		该类注释的文献语境 (v1 MCP 检索实证), 非该基因的逐条引用	Mechanisms of action of retinal microglia in diabetic retinopathy (Review).	International journal of molecular medicine	2025 Dec	epmc,eutils	GOOD	1	0	1	0	3	0	C1+类语境(眼/类词)命中(基因豁免)	2025+
F3	markers_membrane_v1.json	R2_prov_ctx	/provenance/Mac_Tissue/C1QB[3]	Mac_Tissue	C1QB	36119084	activated retinal microglia metabolic reprogramming		该类注释的文献语境 (v1 MCP 检索实证), 非该基因的逐条引用	Integrated multi-omics reveals the activated retinal microglia with intracellular metabolic reprogramming contributes to inflammation in STZ-induced early diabetic retinopathy.	Frontiers in immunology	2022	epmc,eutils	GOOD	1	0	1	0	5	0	C1+类语境(眼/类词)命中(基因豁免)	2020-22
F3	markers_membrane_v1.json	R2_prov_ctx	/provenance/Mac_Tissue/C1QB[4]	Mac_Tissue	C1QB	34006945	scRNA human retina DR		该类注释的文献语境 (v1 MCP 检索实证), 非该基因的逐条引用	In-depth transcriptomic analysis of human retina reveals molecular mechanisms underlying diabetic retinopathy.	Scientific reports	2021 May	epmc,eutils	GOOD	1	0	1	0	2	0	C1+类语境(眼/类词)命中(基因豁免)	2020-22
F3	markers_membrane_v1.json	R2_prov_ctx	/provenance/Mac_Tissue/C1QC[2]	Mac_Tissue	C1QC	38409074	unique retinal microglia types early DR		该类注释的文献语境 (v1 MCP 检索实证), 非该基因的逐条引用	Single-cell RNA sequencing reveals roles of unique retinal microglia types in early diabetic retinopathy.	Diabetology & metabolic syndrome	2024 Feb	epmc,eutils	GOOD	1	0	1	0	5	0	C1+类语境(眼/类词)命中(基因豁免)	2024
F3	markers_membrane_v1.json	R2_prov_ctx	/provenance/Mac_Tissue/C1QC[3]	Mac_Tissue	C1QC	40999978	retinal microglia in DR review		该类注释的文献语境 (v1 MCP 检索实证), 非该基因的逐条引用	Mechanisms of action of retinal microglia in diabetic retinopathy (Review).	International journal of molecular medicine	2025 Dec	epmc,eutils	GOOD	1	0	1	0	3	0	C1+类语境(眼/类词)命中(基因豁免)	2025+
F3	markers_membrane_v1.json	R2_prov_ctx	/provenance/Mac_Tissue/C1QC[4]	Mac_Tissue	C1QC	36119084	activated retinal microglia metabolic reprogramming		该类注释的文献语境 (v1 MCP 检索实证), 非该基因的逐条引用	Integrated multi-omics reveals the activated retinal microglia with intracellular metabolic reprogramming contributes to inflammation in STZ-induced early diabetic retinopathy.	Frontiers in immunology	2022	epmc,eutils	GOOD	1	0	1	0	5	0	C1+类语境(眼/类词)命中(基因豁免)	2020-22
F3	markers_membrane_v1.json	R2_prov_ctx	/provenance/Mac_Tissue/C1QC[5]	Mac_Tissue	C1QC	34006945	scRNA human retina DR		该类注释的文献语境 (v1 MCP 检索实证), 非该基因的逐条引用	In-depth transcriptomic analysis of human retina reveals molecular mechanisms underlying diabetic retinopathy.	Scientific reports	2021 May	epmc,eutils	GOOD	1	0	1	0	2	0	C1+类语境(眼/类词)命中(基因豁免)	2020-22
F3	markers_membrane_v1.json	R2_prov_ctx	/provenance/Mac_Tissue/VSIG4[1]	Mac_Tissue	VSIG4	38409074	unique retinal microglia types early DR		该类注释的文献语境 (v1 MCP 检索实证), 非该基因的逐条引用	Single-cell RNA sequencing reveals roles of unique retinal microglia types in early diabetic retinopathy.	Diabetology & metabolic syndrome	2024 Feb	epmc,eutils	GOOD	1	0	1	0	5	0	C1+类语境(眼/类词)命中(基因豁免)	2024
F3	markers_membrane_v1.json	R2_prov_ctx	/provenance/Mac_Tissue/VSIG4[2]	Mac_Tissue	VSIG4	40999978	retinal microglia in DR review		该类注释的文献语境 (v1 MCP 检索实证), 非该基因的逐条引用	Mechanisms of action of retinal microglia in diabetic retinopathy (Review).	International journal of molecular medicine	2025 Dec	epmc,eutils	GOOD	1	0	1	0	3	0	C1+类语境(眼/类词)命中(基因豁免)	2025+
F3	markers_membrane_v1.json	R2_prov_ctx	/provenance/Mac_Tissue/VSIG4[3]	Mac_Tissue	VSIG4	36119084	activated retinal microglia metabolic reprogramming		该类注释的文献语境 (v1 MCP 检索实证), 非该基因的逐条引用	Integrated multi-omics reveals the activated retinal microglia with intracellular metabolic reprogramming contributes to inflammation in STZ-induced early diabetic retinopathy.	Frontiers in immunology	2022	epmc,eutils	GOOD	1	0	1	0	5	0	C1+类语境(眼/类词)命中(基因豁免)	2020-22
F3	markers_membrane_v1.json	R2_prov_ctx	/provenance/Mac_Tissue/VSIG4[4]	Mac_Tissue	VSIG4	34006945	scRNA human retina DR		该类注释的文献语境 (v1 MCP 检索实证), 非该基因的逐条引用	In-depth transcriptomic analysis of human retina reveals molecular mechanisms underlying diabetic retinopathy.	Scientific reports	2021 May	epmc,eutils	GOOD	1	0	1	0	2	0	C1+类语境(眼/类词)命中(基因豁免)	2020-22
F3	markers_membrane_v1.json	R2_prov_ctx	/provenance/Mac_Tissue/CD5L[1]	Mac_Tissue	CD5L	38409074	unique retinal microglia types early DR		该类注释的文献语境 (v1 MCP 检索实证), 非该基因的逐条引用	Single-cell RNA sequencing reveals roles of unique retinal microglia types in early diabetic retinopathy.	Diabetology & metabolic syndrome	2024 Feb	epmc,eutils	GOOD	1	0	1	0	5	0	C1+类语境(眼/类词)命中(基因豁免)	2024
F3	markers_membrane_v1.json	R2_prov_ctx	/provenance/Mac_Tissue/CD5L[2]	Mac_Tissue	CD5L	40999978	retinal microglia in DR review		该类注释的文献语境 (v1 MCP 检索实证), 非该基因的逐条引用	Mechanisms of action of retinal microglia in diabetic retinopathy (Review).	International journal of molecular medicine	2025 Dec	epmc,eutils	GOOD	1	0	1	0	3	0	C1+类语境(眼/类词)命中(基因豁免)	2025+
F3	markers_membrane_v1.json	R2_prov_ctx	/provenance/Mac_Tissue/CD5L[3]	Mac_Tissue	CD5L	36119084	activated retinal microglia metabolic reprogramming		该类注释的文献语境 (v1 MCP 检索实证), 非该基因的逐条引用	Integrated multi-omics reveals the activated retinal microglia with intracellular metabolic reprogramming contributes to inflammation in STZ-induced early diabetic retinopathy.	Frontiers in immunology	2022	epmc,eutils	GOOD	1	0	1	0	5	0	C1+类语境(眼/类词)命中(基因豁免)	2020-22
F3	markers_membrane_v1.json	R2_prov_ctx	/provenance/Mac_Tissue/CD5L[4]	Mac_Tissue	CD5L	34006945	scRNA human retina DR		该类注释的文献语境 (v1 MCP 检索实证), 非该基因的逐条引用	In-depth transcriptomic analysis of human retina reveals molecular mechanisms underlying diabetic retinopathy.	Scientific reports	2021 May	epmc,eutils	GOOD	1	0	1	0	2	0	C1+类语境(眼/类词)命中(基因豁免)	2020-22
F3	markers_membrane_v1.json	R2_prov_ctx	/provenance/Mac_Tissue/STAB1[2]	Mac_Tissue	STAB1	38409074	unique retinal microglia types early DR		该类注释的文献语境 (v1 MCP 检索实证), 非该基因的逐条引用	Single-cell RNA sequencing reveals roles of unique retinal microglia types in early diabetic retinopathy.	Diabetology & metabolic syndrome	2024 Feb	epmc,eutils	GOOD	1	0	1	0	5	0	C1+类语境(眼/类词)命中(基因豁免)	2024
F3	markers_membrane_v1.json	R2_prov_ctx	/provenance/Mac_Tissue/STAB1[3]	Mac_Tissue	STAB1	40999978	retinal microglia in DR review		该类注释的文献语境 (v1 MCP 检索实证), 非该基因的逐条引用	Mechanisms of action of retinal microglia in diabetic retinopathy (Review).	International journal of molecular medicine	2025 Dec	epmc,eutils	GOOD	1	0	1	0	3	0	C1+类语境(眼/类词)命中(基因豁免)	2025+
F3	markers_membrane_v1.json	R2_prov_ctx	/provenance/Mac_Tissue/STAB1[4]	Mac_Tissue	STAB1	36119084	activated retinal microglia metabolic reprogramming		该类注释的文献语境 (v1 MCP 检索实证), 非该基因的逐条引用	Integrated multi-omics reveals the activated retinal microglia with intracellular metabolic reprogramming contributes to inflammation in STZ-induced early diabetic retinopathy.	Frontiers in immunology	2022	epmc,eutils	GOOD	1	0	1	0	5	0	C1+类语境(眼/类词)命中(基因豁免)	2020-22
F3	markers_membrane_v1.json	R2_prov_ctx	/provenance/Mac_Tissue/STAB1[5]	Mac_Tissue	STAB1	34006945	scRNA human retina DR		该类注释的文献语境 (v1 MCP 检索实证), 非该基因的逐条引用	In-depth transcriptomic analysis of human retina reveals molecular mechanisms underlying diabetic retinopathy.	Scientific reports	2021 May	epmc,eutils	GOOD	1	0	1	0	2	0	C1+类语境(眼/类词)命中(基因豁免)	2020-22
F3	markers_membrane_v1.json	R2_prov_ctx	/provenance/Mac_Tissue/MAF[2]	Mac_Tissue	MAF	38409074	unique retinal microglia types early DR		该类注释的文献语境 (v1 MCP 检索实证), 非该基因的逐条引用	Single-cell RNA sequencing reveals roles of unique retinal microglia types in early diabetic retinopathy.	Diabetology & metabolic syndrome	2024 Feb	epmc,eutils	GOOD	1	0	1	0	5	0	C1+类语境(眼/类词)命中(基因豁免)	2024
F3	markers_membrane_v1.json	R2_prov_ctx	/provenance/Mac_Tissue/MAF[3]	Mac_Tissue	MAF	40999978	retinal microglia in DR review		该类注释的文献语境 (v1 MCP 检索实证), 非该基因的逐条引用	Mechanisms of action of retinal microglia in diabetic retinopathy (Review).	International journal of molecular medicine	2025 Dec	epmc,eutils	GOOD	1	0	1	0	3	0	C1+类语境(眼/类词)命中(基因豁免)	2025+
F3	markers_membrane_v1.json	R2_prov_ctx	/provenance/Mac_Tissue/MAF[4]	Mac_Tissue	MAF	36119084	activated retinal microglia metabolic reprogramming		该类注释的文献语境 (v1 MCP 检索实证), 非该基因的逐条引用	Integrated multi-omics reveals the activated retinal microglia with intracellular metabolic reprogramming contributes to inflammation in STZ-induced early diabetic retinopathy.	Frontiers in immunology	2022	epmc,eutils	GOOD	1	0	1	0	5	0	C1+类语境(眼/类词)命中(基因豁免)	2020-22
F3	markers_membrane_v1.json	R2_prov_ctx	/provenance/Mac_Tissue/MAF[5]	Mac_Tissue	MAF	34006945	scRNA human retina DR		该类注释的文献语境 (v1 MCP 检索实证), 非该基因的逐条引用	In-depth transcriptomic analysis of human retina reveals molecular mechanisms underlying diabetic retinopathy.	Scientific reports	2021 May	epmc,eutils	GOOD	1	0	1	0	2	0	C1+类语境(眼/类词)命中(基因豁免)	2020-22
F3	markers_membrane_v1.json	R2_prov_ctx	/provenance/Mac_Tissue/F13A1[2]	Mac_Tissue	F13A1	38409074	unique retinal microglia types early DR		该类注释的文献语境 (v1 MCP 检索实证), 非该基因的逐条引用	Single-cell RNA sequencing reveals roles of unique retinal microglia types in early diabetic retinopathy.	Diabetology & metabolic syndrome	2024 Feb	epmc,eutils	GOOD	1	0	1	0	5	0	C1+类语境(眼/类词)命中(基因豁免)	2024
F3	markers_membrane_v1.json	R2_prov_ctx	/provenance/Mac_Tissue/F13A1[3]	Mac_Tissue	F13A1	40999978	retinal microglia in DR review		该类注释的文献语境 (v1 MCP 检索实证), 非该基因的逐条引用	Mechanisms of action of retinal microglia in diabetic retinopathy (Review).	International journal of molecular medicine	2025 Dec	epmc,eutils	GOOD	1	0	1	0	3	0	C1+类语境(眼/类词)命中(基因豁免)	2025+
F3	markers_membrane_v1.json	R2_prov_ctx	/provenance/Mac_Tissue/F13A1[4]	Mac_Tissue	F13A1	36119084	activated retinal microglia metabolic reprogramming		该类注释的文献语境 (v1 MCP 检索实证), 非该基因的逐条引用	Integrated multi-omics reveals the activated retinal microglia with intracellular metabolic reprogramming contributes to inflammation in STZ-induced early diabetic retinopathy.	Frontiers in immunology	2022	epmc,eutils	GOOD	1	0	1	0	5	0	C1+类语境(眼/类词)命中(基因豁免)	2020-22
F3	markers_membrane_v1.json	R2_prov_ctx	/provenance/Mac_Tissue/F13A1[5]	Mac_Tissue	F13A1	34006945	scRNA human retina DR		该类注释的文献语境 (v1 MCP 检索实证), 非该基因的逐条引用	In-depth transcriptomic analysis of human retina reveals molecular mechanisms underlying diabetic retinopathy.	Scientific reports	2021 May	epmc,eutils	GOOD	1	0	1	0	2	0	C1+类语境(眼/类词)命中(基因豁免)	2020-22
F3	markers_membrane_v1.json	R2_prov_ctx	/provenance/Mac_Tissue/ITM2B[2]	Mac_Tissue	ITM2B	38409074	unique retinal microglia types early DR		该类注释的文献语境 (v1 MCP 检索实证), 非该基因的逐条引用	Single-cell RNA sequencing reveals roles of unique retinal microglia types in early diabetic retinopathy.	Diabetology & metabolic syndrome	2024 Feb	epmc,eutils	GOOD	1	0	1	0	5	0	C1+类语境(眼/类词)命中(基因豁免)	2024
F3	markers_membrane_v1.json	R2_prov_ctx	/provenance/Mac_Tissue/ITM2B[3]	Mac_Tissue	ITM2B	40999978	retinal microglia in DR review		该类注释的文献语境 (v1 MCP 检索实证), 非该基因的逐条引用	Mechanisms of action of retinal microglia in diabetic retinopathy (Review).	International journal of molecular medicine	2025 Dec	epmc,eutils	GOOD	1	0	1	0	3	0	C1+类语境(眼/类词)命中(基因豁免)	2025+
F3	markers_membrane_v1.json	R2_prov_ctx	/provenance/Mac_Tissue/ITM2B[4]	Mac_Tissue	ITM2B	36119084	activated retinal microglia metabolic reprogramming		该类注释的文献语境 (v1 MCP 检索实证), 非该基因的逐条引用	Integrated multi-omics reveals the activated retinal microglia with intracellular metabolic reprogramming contributes to inflammation in STZ-induced early diabetic retinopathy.	Frontiers in immunology	2022	epmc,eutils	GOOD	1	0	1	0	5	0	C1+类语境(眼/类词)命中(基因豁免)	2020-22
F3	markers_membrane_v1.json	R2_prov_ctx	/provenance/Mac_Tissue/ITM2B[5]	Mac_Tissue	ITM2B	34006945	scRNA human retina DR		该类注释的文献语境 (v1 MCP 检索实证), 非该基因的逐条引用	In-depth transcriptomic analysis of human retina reveals molecular mechanisms underlying diabetic retinopathy.	Scientific reports	2021 May	epmc,eutils	GOOD	1	0	1	0	2	0	C1+类语境(眼/类词)命中(基因豁免)	2020-22
F3	markers_membrane_v1.json	R2_prov_ctx	/provenance/Mac_Tissue/SLC40A1[2]	Mac_Tissue	SLC40A1	38409074	unique retinal microglia types early DR		该类注释的文献语境 (v1 MCP 检索实证), 非该基因的逐条引用	Single-cell RNA sequencing reveals roles of unique retinal microglia types in early diabetic retinopathy.	Diabetology & metabolic syndrome	2024 Feb	epmc,eutils	GOOD	1	0	1	0	5	0	C1+类语境(眼/类词)命中(基因豁免)	2024
F3	markers_membrane_v1.json	R2_prov_ctx	/provenance/Mac_Tissue/SLC40A1[3]	Mac_Tissue	SLC40A1	40999978	retinal microglia in DR review		该类注释的文献语境 (v1 MCP 检索实证), 非该基因的逐条引用	Mechanisms of action of retinal microglia in diabetic retinopathy (Review).	International journal of molecular medicine	2025 Dec	epmc,eutils	GOOD	1	0	1	0	3	0	C1+类语境(眼/类词)命中(基因豁免)	2025+
F3	markers_membrane_v1.json	R2_prov_ctx	/provenance/Mac_Tissue/SLC40A1[4]	Mac_Tissue	SLC40A1	36119084	activated retinal microglia metabolic reprogramming		该类注释的文献语境 (v1 MCP 检索实证), 非该基因的逐条引用	Integrated multi-omics reveals the activated retinal microglia with intracellular metabolic reprogramming contributes to inflammation in STZ-induced early diabetic retinopathy.	Frontiers in immunology	2022	epmc,eutils	GOOD	1	0	1	0	5	0	C1+类语境(眼/类词)命中(基因豁免)	2020-22
F3	markers_membrane_v1.json	R2_prov_ctx	/provenance/Mac_Tissue/SLC40A1[5]	Mac_Tissue	SLC40A1	34006945	scRNA human retina DR		该类注释的文献语境 (v1 MCP 检索实证), 非该基因的逐条引用	In-depth transcriptomic analysis of human retina reveals molecular mechanisms underlying diabetic retinopathy.	Scientific reports	2021 May	epmc,eutils	GOOD	1	0	1	0	2	0	C1+类语境(眼/类词)命中(基因豁免)	2020-22
F3	markers_membrane_v1.json	R2_prov_ctx	/provenance/Mac_DAM_LAM/GPNMB[2]	Mac_DAM_LAM	GPNMB	38409074	unique retinal microglia types early DR		该类注释的文献语境 (v1 MCP 检索实证), 非该基因的逐条引用	Single-cell RNA sequencing reveals roles of unique retinal microglia types in early diabetic retinopathy.	Diabetology & metabolic syndrome	2024 Feb	epmc,eutils	GOOD	1	0	1	0	5	0	C1+类语境(眼/类词)命中(基因豁免)	2024
F3	markers_membrane_v1.json	R2_prov_ctx	/provenance/Mac_DAM_LAM/GPNMB[3]	Mac_DAM_LAM	GPNMB	40999978	retinal microglia in DR review		该类注释的文献语境 (v1 MCP 检索实证), 非该基因的逐条引用	Mechanisms of action of retinal microglia in diabetic retinopathy (Review).	International journal of molecular medicine	2025 Dec	epmc,eutils	GOOD	1	0	1	0	3	0	C1+类语境(眼/类词)命中(基因豁免)	2025+
F3	markers_membrane_v1.json	R2_prov_ctx	/provenance/Mac_DAM_LAM/GPNMB[4]	Mac_DAM_LAM	GPNMB	36119084	activated retinal microglia metabolic reprogramming		该类注释的文献语境 (v1 MCP 检索实证), 非该基因的逐条引用	Integrated multi-omics reveals the activated retinal microglia with intracellular metabolic reprogramming contributes to inflammation in STZ-induced early diabetic retinopathy.	Frontiers in immunology	2022	epmc,eutils	GOOD	1	0	1	0	5	0	C1+类语境(眼/类词)命中(基因豁免)	2020-22
F3	markers_membrane_v1.json	R2_prov_ctx	/provenance/Mac_DAM_LAM/GPNMB[5]	Mac_DAM_LAM	GPNMB	34006945	scRNA human retina DR		该类注释的文献语境 (v1 MCP 检索实证), 非该基因的逐条引用	In-depth transcriptomic analysis of human retina reveals molecular mechanisms underlying diabetic retinopathy.	Scientific reports	2021 May	epmc,eutils	GOOD	1	0	1	0	2	0	C1+类语境(眼/类词)命中(基因豁免)	2020-22
F3	markers_membrane_v1.json	R2_prov_ctx	/provenance/Mac_DAM_LAM/LIPA[2]	Mac_DAM_LAM	LIPA	38409074	unique retinal microglia types early DR		该类注释的文献语境 (v1 MCP 检索实证), 非该基因的逐条引用	Single-cell RNA sequencing reveals roles of unique retinal microglia types in early diabetic retinopathy.	Diabetology & metabolic syndrome	2024 Feb	epmc,eutils	GOOD	1	0	1	0	5	0	C1+类语境(眼/类词)命中(基因豁免)	2024
F3	markers_membrane_v1.json	R2_prov_ctx	/provenance/Mac_DAM_LAM/LIPA[3]	Mac_DAM_LAM	LIPA	40999978	retinal microglia in DR review		该类注释的文献语境 (v1 MCP 检索实证), 非该基因的逐条引用	Mechanisms of action of retinal microglia in diabetic retinopathy (Review).	International journal of molecular medicine	2025 Dec	epmc,eutils	GOOD	1	0	1	0	3	0	C1+类语境(眼/类词)命中(基因豁免)	2025+
F3	markers_membrane_v1.json	R2_prov_ctx	/provenance/Mac_DAM_LAM/LIPA[4]	Mac_DAM_LAM	LIPA	36119084	activated retinal microglia metabolic reprogramming		该类注释的文献语境 (v1 MCP 检索实证), 非该基因的逐条引用	Integrated multi-omics reveals the activated retinal microglia with intracellular metabolic reprogramming contributes to inflammation in STZ-induced early diabetic retinopathy.	Frontiers in immunology	2022	epmc,eutils	GOOD	1	0	1	0	5	0	C1+类语境(眼/类词)命中(基因豁免)	2020-22
F3	markers_membrane_v1.json	R2_prov_ctx	/provenance/Mac_DAM_LAM/LIPA[5]	Mac_DAM_LAM	LIPA	34006945	scRNA human retina DR		该类注释的文献语境 (v1 MCP 检索实证), 非该基因的逐条引用	In-depth transcriptomic analysis of human retina reveals molecular mechanisms underlying diabetic retinopathy.	Scientific reports	2021 May	epmc,eutils	GOOD	1	0	1	0	2	0	C1+类语境(眼/类词)命中(基因豁免)	2020-22
F3	markers_membrane_v1.json	R2_prov_ctx	/provenance/Mac_DAM_LAM/CTSD[4]	Mac_DAM_LAM	CTSD	38409074	unique retinal microglia types early DR		该类注释的文献语境 (v1 MCP 检索实证), 非该基因的逐条引用	Single-cell RNA sequencing reveals roles of unique retinal microglia types in early diabetic retinopathy.	Diabetology & metabolic syndrome	2024 Feb	epmc,eutils	GOOD	1	0	1	0	5	0	C1+类语境(眼/类词)命中(基因豁免)	2024
F3	markers_membrane_v1.json	R2_prov_ctx	/provenance/Mac_DAM_LAM/CTSD[5]	Mac_DAM_LAM	CTSD	40999978	retinal microglia in DR review		该类注释的文献语境 (v1 MCP 检索实证), 非该基因的逐条引用	Mechanisms of action of retinal microglia in diabetic retinopathy (Review).	International journal of molecular medicine	2025 Dec	epmc,eutils	GOOD	1	0	1	0	3	0	C1+类语境(眼/类词)命中(基因豁免)	2025+
F3	markers_membrane_v1.json	R2_prov_ctx	/provenance/Mac_DAM_LAM/CTSD[6]	Mac_DAM_LAM	CTSD	36119084	activated retinal microglia metabolic reprogramming		该类注释的文献语境 (v1 MCP 检索实证), 非该基因的逐条引用	Integrated multi-omics reveals the activated retinal microglia with intracellular metabolic reprogramming contributes to inflammation in STZ-induced early diabetic retinopathy.	Frontiers in immunology	2022	epmc,eutils	GOOD	1	0	1	0	5	0	C1+类语境(眼/类词)命中(基因豁免)	2020-22
F3	markers_membrane_v1.json	R2_prov_ctx	/provenance/Mac_DAM_LAM/CTSD[7]	Mac_DAM_LAM	CTSD	34006945	scRNA human retina DR		该类注释的文献语境 (v1 MCP 检索实证), 非该基因的逐条引用	In-depth transcriptomic analysis of human retina reveals molecular mechanisms underlying diabetic retinopathy.	Scientific reports	2021 May	epmc,eutils	GOOD	1	0	1	0	2	0	C1+类语境(眼/类词)命中(基因豁免)	2020-22
F3	markers_membrane_v1.json	R2_prov_ctx	/provenance/Mac_DAM_LAM/LGMN[2]	Mac_DAM_LAM	LGMN	38409074	unique retinal microglia types early DR		该类注释的文献语境 (v1 MCP 检索实证), 非该基因的逐条引用	Single-cell RNA sequencing reveals roles of unique retinal microglia types in early diabetic retinopathy.	Diabetology & metabolic syndrome	2024 Feb	epmc,eutils	GOOD	1	0	1	0	5	0	C1+类语境(眼/类词)命中(基因豁免)	2024
F3	markers_membrane_v1.json	R2_prov_ctx	/provenance/Mac_DAM_LAM/LGMN[3]	Mac_DAM_LAM	LGMN	40999978	retinal microglia in DR review		该类注释的文献语境 (v1 MCP 检索实证), 非该基因的逐条引用	Mechanisms of action of retinal microglia in diabetic retinopathy (Review).	International journal of molecular medicine	2025 Dec	epmc,eutils	GOOD	1	0	1	0	3	0	C1+类语境(眼/类词)命中(基因豁免)	2025+
F3	markers_membrane_v1.json	R2_prov_ctx	/provenance/Mac_DAM_LAM/LGMN[4]	Mac_DAM_LAM	LGMN	36119084	activated retinal microglia metabolic reprogramming		该类注释的文献语境 (v1 MCP 检索实证), 非该基因的逐条引用	Integrated multi-omics reveals the activated retinal microglia with intracellular metabolic reprogramming contributes to inflammation in STZ-induced early diabetic retinopathy.	Frontiers in immunology	2022	epmc,eutils	GOOD	1	0	1	0	5	0	C1+类语境(眼/类词)命中(基因豁免)	2020-22
F3	markers_membrane_v1.json	R2_prov_ctx	/provenance/Mac_DAM_LAM/LGMN[5]	Mac_DAM_LAM	LGMN	34006945	scRNA human retina DR		该类注释的文献语境 (v1 MCP 检索实证), 非该基因的逐条引用	In-depth transcriptomic analysis of human retina reveals molecular mechanisms underlying diabetic retinopathy.	Scientific reports	2021 May	epmc,eutils	GOOD	1	0	1	0	2	0	C1+类语境(眼/类词)命中(基因豁免)	2020-22
F3	markers_membrane_v1.json	R2_prov_ctx	/provenance/Mac_DAM_LAM/PLD3[2]	Mac_DAM_LAM	PLD3	38409074	unique retinal microglia types early DR		该类注释的文献语境 (v1 MCP 检索实证), 非该基因的逐条引用	Single-cell RNA sequencing reveals roles of unique retinal microglia types in early diabetic retinopathy.	Diabetology & metabolic syndrome	2024 Feb	epmc,eutils	GOOD	1	0	1	0	5	0	C1+类语境(眼/类词)命中(基因豁免)	2024
F3	markers_membrane_v1.json	R2_prov_ctx	/provenance/Mac_DAM_LAM/PLD3[3]	Mac_DAM_LAM	PLD3	40999978	retinal microglia in DR review		该类注释的文献语境 (v1 MCP 检索实证), 非该基因的逐条引用	Mechanisms of action of retinal microglia in diabetic retinopathy (Review).	International journal of molecular medicine	2025 Dec	epmc,eutils	GOOD	1	0	1	0	3	0	C1+类语境(眼/类词)命中(基因豁免)	2025+
F3	markers_membrane_v1.json	R2_prov_ctx	/provenance/Mac_DAM_LAM/PLD3[4]	Mac_DAM_LAM	PLD3	36119084	activated retinal microglia metabolic reprogramming		该类注释的文献语境 (v1 MCP 检索实证), 非该基因的逐条引用	Integrated multi-omics reveals the activated retinal microglia with intracellular metabolic reprogramming contributes to inflammation in STZ-induced early diabetic retinopathy.	Frontiers in immunology	2022	epmc,eutils	GOOD	1	0	1	0	5	0	C1+类语境(眼/类词)命中(基因豁免)	2020-22
F3	markers_membrane_v1.json	R2_prov_ctx	/provenance/Mac_DAM_LAM/PLD3[5]	Mac_DAM_LAM	PLD3	34006945	scRNA human retina DR		该类注释的文献语境 (v1 MCP 检索实证), 非该基因的逐条引用	In-depth transcriptomic analysis of human retina reveals molecular mechanisms underlying diabetic retinopathy.	Scientific reports	2021 May	epmc,eutils	GOOD	1	0	1	0	2	0	C1+类语境(眼/类词)命中(基因豁免)	2020-22
F3	markers_membrane_v1.json	R2_prov_ctx	/provenance/Mac_DAM_LAM/ASAH1[2]	Mac_DAM_LAM	ASAH1	38409074	unique retinal microglia types early DR		该类注释的文献语境 (v1 MCP 检索实证), 非该基因的逐条引用	Single-cell RNA sequencing reveals roles of unique retinal microglia types in early diabetic retinopathy.	Diabetology & metabolic syndrome	2024 Feb	epmc,eutils	GOOD	1	0	1	0	5	0	C1+类语境(眼/类词)命中(基因豁免)	2024
F3	markers_membrane_v1.json	R2_prov_ctx	/provenance/Mac_DAM_LAM/ASAH1[3]	Mac_DAM_LAM	ASAH1	40999978	retinal microglia in DR review		该类注释的文献语境 (v1 MCP 检索实证), 非该基因的逐条引用	Mechanisms of action of retinal microglia in diabetic retinopathy (Review).	International journal of molecular medicine	2025 Dec	epmc,eutils	GOOD	1	0	1	0	3	0	C1+类语境(眼/类词)命中(基因豁免)	2025+
F3	markers_membrane_v1.json	R2_prov_ctx	/provenance/Mac_DAM_LAM/ASAH1[4]	Mac_DAM_LAM	ASAH1	36119084	activated retinal microglia metabolic reprogramming		该类注释的文献语境 (v1 MCP 检索实证), 非该基因的逐条引用	Integrated multi-omics reveals the activated retinal microglia with intracellular metabolic reprogramming contributes to inflammation in STZ-induced early diabetic retinopathy.	Frontiers in immunology	2022	epmc,eutils	GOOD	1	0	1	0	5	0	C1+类语境(眼/类词)命中(基因豁免)	2020-22
F3	markers_membrane_v1.json	R2_prov_ctx	/provenance/Mac_DAM_LAM/ASAH1[5]	Mac_DAM_LAM	ASAH1	34006945	scRNA human retina DR		该类注释的文献语境 (v1 MCP 检索实证), 非该基因的逐条引用	In-depth transcriptomic analysis of human retina reveals molecular mechanisms underlying diabetic retinopathy.	Scientific reports	2021 May	epmc,eutils	GOOD	1	0	1	0	2	0	C1+类语境(眼/类词)命中(基因豁免)	2020-22
F3	markers_membrane_v1.json	R2_prov_ctx	/provenance/Mac_DAM_LAM/FTL[3]	Mac_DAM_LAM	FTL	38409074	unique retinal microglia types early DR		该类注释的文献语境 (v1 MCP 检索实证), 非该基因的逐条引用	Single-cell RNA sequencing reveals roles of unique retinal microglia types in early diabetic retinopathy.	Diabetology & metabolic syndrome	2024 Feb	epmc,eutils	GOOD	1	0	1	0	5	0	C1+类语境(眼/类词)命中(基因豁免)	2024
F3	markers_membrane_v1.json	R2_prov_ctx	/provenance/Mac_DAM_LAM/FTL[4]	Mac_DAM_LAM	FTL	40999978	retinal microglia in DR review		该类注释的文献语境 (v1 MCP 检索实证), 非该基因的逐条引用	Mechanisms of action of retinal microglia in diabetic retinopathy (Review).	International journal of molecular medicine	2025 Dec	epmc,eutils	GOOD	1	0	1	0	3	0	C1+类语境(眼/类词)命中(基因豁免)	2025+
F3	markers_membrane_v1.json	R2_prov_ctx	/provenance/Mac_DAM_LAM/FTL[5]	Mac_DAM_LAM	FTL	36119084	activated retinal microglia metabolic reprogramming		该类注释的文献语境 (v1 MCP 检索实证), 非该基因的逐条引用	Integrated multi-omics reveals the activated retinal microglia with intracellular metabolic reprogramming contributes to inflammation in STZ-induced early diabetic retinopathy.	Frontiers in immunology	2022	epmc,eutils	GOOD	1	0	1	0	5	0	C1+类语境(眼/类词)命中(基因豁免)	2020-22
F3	markers_membrane_v1.json	R2_prov_ctx	/provenance/Mac_DAM_LAM/FTL[6]	Mac_DAM_LAM	FTL	34006945	scRNA human retina DR		该类注释的文献语境 (v1 MCP 检索实证), 非该基因的逐条引用	In-depth transcriptomic analysis of human retina reveals molecular mechanisms underlying diabetic retinopathy.	Scientific reports	2021 May	epmc,eutils	GOOD	1	0	1	0	2	0	C1+类语境(眼/类词)命中(基因豁免)	2020-22
F3	markers_membrane_v1.json	R2_prov_ctx	/provenance/Mac_DAM_LAM/FTH1[3]	Mac_DAM_LAM	FTH1	38409074	unique retinal microglia types early DR		该类注释的文献语境 (v1 MCP 检索实证), 非该基因的逐条引用	Single-cell RNA sequencing reveals roles of unique retinal microglia types in early diabetic retinopathy.	Diabetology & metabolic syndrome	2024 Feb	epmc,eutils	GOOD	1	0	1	0	5	0	C1+类语境(眼/类词)命中(基因豁免)	2024
F3	markers_membrane_v1.json	R2_prov_ctx	/provenance/Mac_DAM_LAM/FTH1[4]	Mac_DAM_LAM	FTH1	40999978	retinal microglia in DR review		该类注释的文献语境 (v1 MCP 检索实证), 非该基因的逐条引用	Mechanisms of action of retinal microglia in diabetic retinopathy (Review).	International journal of molecular medicine	2025 Dec	epmc,eutils	GOOD	1	0	1	0	3	0	C1+类语境(眼/类词)命中(基因豁免)	2025+
F3	markers_membrane_v1.json	R2_prov_ctx	/provenance/Mac_DAM_LAM/FTH1[5]	Mac_DAM_LAM	FTH1	36119084	activated retinal microglia metabolic reprogramming		该类注释的文献语境 (v1 MCP 检索实证), 非该基因的逐条引用	Integrated multi-omics reveals the activated retinal microglia with intracellular metabolic reprogramming contributes to inflammation in STZ-induced early diabetic retinopathy.	Frontiers in immunology	2022	epmc,eutils	GOOD	1	0	1	0	5	0	C1+类语境(眼/类词)命中(基因豁免)	2020-22
F3	markers_membrane_v1.json	R2_prov_ctx	/provenance/Mac_DAM_LAM/FTH1[6]	Mac_DAM_LAM	FTH1	34006945	scRNA human retina DR		该类注释的文献语境 (v1 MCP 检索实证), 非该基因的逐条引用	In-depth transcriptomic analysis of human retina reveals molecular mechanisms underlying diabetic retinopathy.	Scientific reports	2021 May	epmc,eutils	GOOD	1	0	1	0	2	0	C1+类语境(眼/类词)命中(基因豁免)	2020-22
F3	markers_membrane_v1.json	R2_prov_ctx	/provenance/Mac_DAM_LAM/TREM2[1]	Mac_DAM_LAM	TREM2	38409074	unique retinal microglia types early DR		该类注释的文献语境 (v1 MCP 检索实证), 非该基因的逐条引用	Single-cell RNA sequencing reveals roles of unique retinal microglia types in early diabetic retinopathy.	Diabetology & metabolic syndrome	2024 Feb	epmc,eutils	GOOD	1	0	1	0	5	0	C1+类语境(眼/类词)命中(基因豁免)	2024
F3	markers_membrane_v1.json	R2_prov_ctx	/provenance/Mac_DAM_LAM/TREM2[2]	Mac_DAM_LAM	TREM2	40999978	retinal microglia in DR review		该类注释的文献语境 (v1 MCP 检索实证), 非该基因的逐条引用	Mechanisms of action of retinal microglia in diabetic retinopathy (Review).	International journal of molecular medicine	2025 Dec	epmc,eutils	GOOD	1	0	1	0	3	0	C1+类语境(眼/类词)命中(基因豁免)	2025+
F3	markers_membrane_v1.json	R2_prov_ctx	/provenance/Mac_DAM_LAM/TREM2[3]	Mac_DAM_LAM	TREM2	36119084	activated retinal microglia metabolic reprogramming		该类注释的文献语境 (v1 MCP 检索实证), 非该基因的逐条引用	Integrated multi-omics reveals the activated retinal microglia with intracellular metabolic reprogramming contributes to inflammation in STZ-induced early diabetic retinopathy.	Frontiers in immunology	2022	epmc,eutils	GOOD	1	0	1	0	5	0	C1+类语境(眼/类词)命中(基因豁免)	2020-22
F3	markers_membrane_v1.json	R2_prov_ctx	/provenance/Mac_DAM_LAM/TREM2[4]	Mac_DAM_LAM	TREM2	34006945	scRNA human retina DR		该类注释的文献语境 (v1 MCP 检索实证), 非该基因的逐条引用	In-depth transcriptomic analysis of human retina reveals molecular mechanisms underlying diabetic retinopathy.	Scientific reports	2021 May	epmc,eutils	GOOD	1	0	1	0	2	0	C1+类语境(眼/类词)命中(基因豁免)	2020-22
F3	markers_membrane_v1.json	R2_prov_ctx	/provenance/Mac_DAM_LAM/SPP1[2]	Mac_DAM_LAM	SPP1	38409074	unique retinal microglia types early DR		该类注释的文献语境 (v1 MCP 检索实证), 非该基因的逐条引用	Single-cell RNA sequencing reveals roles of unique retinal microglia types in early diabetic retinopathy.	Diabetology & metabolic syndrome	2024 Feb	epmc,eutils	GOOD	1	0	1	0	5	0	C1+类语境(眼/类词)命中(基因豁免)	2024
F3	markers_membrane_v1.json	R2_prov_ctx	/provenance/Mac_DAM_LAM/SPP1[3]	Mac_DAM_LAM	SPP1	40999978	retinal microglia in DR review		该类注释的文献语境 (v1 MCP 检索实证), 非该基因的逐条引用	Mechanisms of action of retinal microglia in diabetic retinopathy (Review).	International journal of molecular medicine	2025 Dec	epmc,eutils	GOOD	1	0	1	0	3	0	C1+类语境(眼/类词)命中(基因豁免)	2025+
F3	markers_membrane_v1.json	R2_prov_ctx	/provenance/Mac_DAM_LAM/SPP1[4]	Mac_DAM_LAM	SPP1	36119084	activated retinal microglia metabolic reprogramming		该类注释的文献语境 (v1 MCP 检索实证), 非该基因的逐条引用	Integrated multi-omics reveals the activated retinal microglia with intracellular metabolic reprogramming contributes to inflammation in STZ-induced early diabetic retinopathy.	Frontiers in immunology	2022	epmc,eutils	GOOD	1	0	1	0	5	0	C1+类语境(眼/类词)命中(基因豁免)	2020-22
F3	markers_membrane_v1.json	R2_prov_ctx	/provenance/Mac_DAM_LAM/SPP1[5]	Mac_DAM_LAM	SPP1	34006945	scRNA human retina DR		该类注释的文献语境 (v1 MCP 检索实证), 非该基因的逐条引用	In-depth transcriptomic analysis of human retina reveals molecular mechanisms underlying diabetic retinopathy.	Scientific reports	2021 May	epmc,eutils	GOOD	1	0	1	0	2	0	C1+类语境(眼/类词)命中(基因豁免)	2020-22
F3	markers_membrane_v1.json	R2_prov_ctx	/provenance/Mac_DAM_LAM/CD9[1]	Mac_DAM_LAM	CD9	38409074	unique retinal microglia types early DR		该类注释的文献语境 (v1 MCP 检索实证), 非该基因的逐条引用	Single-cell RNA sequencing reveals roles of unique retinal microglia types in early diabetic retinopathy.	Diabetology & metabolic syndrome	2024 Feb	epmc,eutils	GOOD	1	0	1	0	5	0	C1+类语境(眼/类词)命中(基因豁免)	2024
F3	markers_membrane_v1.json	R2_prov_ctx	/provenance/Mac_DAM_LAM/CD9[2]	Mac_DAM_LAM	CD9	40999978	retinal microglia in DR review		该类注释的文献语境 (v1 MCP 检索实证), 非该基因的逐条引用	Mechanisms of action of retinal microglia in diabetic retinopathy (Review).	International journal of molecular medicine	2025 Dec	epmc,eutils	GOOD	1	0	1	0	3	0	C1+类语境(眼/类词)命中(基因豁免)	2025+
F3	markers_membrane_v1.json	R2_prov_ctx	/provenance/Mac_DAM_LAM/CD9[3]	Mac_DAM_LAM	CD9	36119084	activated retinal microglia metabolic reprogramming		该类注释的文献语境 (v1 MCP 检索实证), 非该基因的逐条引用	Integrated multi-omics reveals the activated retinal microglia with intracellular metabolic reprogramming contributes to inflammation in STZ-induced early diabetic retinopathy.	Frontiers in immunology	2022	epmc,eutils	GOOD	1	0	1	0	5	0	C1+类语境(眼/类词)命中(基因豁免)	2020-22
F3	markers_membrane_v1.json	R2_prov_ctx	/provenance/Mac_DAM_LAM/CD9[4]	Mac_DAM_LAM	CD9	34006945	scRNA human retina DR		该类注释的文献语境 (v1 MCP 检索实证), 非该基因的逐条引用	In-depth transcriptomic analysis of human retina reveals molecular mechanisms underlying diabetic retinopathy.	Scientific reports	2021 May	epmc,eutils	GOOD	1	0	1	0	2	0	C1+类语境(眼/类词)命中(基因豁免)	2020-22
F3	markers_membrane_v1.json	R2_prov_ctx	/provenance/Mac_DAM_LAM/APOE[3]	Mac_DAM_LAM	APOE	38409074	unique retinal microglia types early DR		该类注释的文献语境 (v1 MCP 检索实证), 非该基因的逐条引用	Single-cell RNA sequencing reveals roles of unique retinal microglia types in early diabetic retinopathy.	Diabetology & metabolic syndrome	2024 Feb	epmc,eutils	GOOD	1	0	1	0	5	0	C1+类语境(眼/类词)命中(基因豁免)	2024
F3	markers_membrane_v1.json	R2_prov_ctx	/provenance/Mac_DAM_LAM/APOE[4]	Mac_DAM_LAM	APOE	40999978	retinal microglia in DR review		该类注释的文献语境 (v1 MCP 检索实证), 非该基因的逐条引用	Mechanisms of action of retinal microglia in diabetic retinopathy (Review).	International journal of molecular medicine	2025 Dec	epmc,eutils	GOOD	1	0	1	0	3	0	C1+类语境(眼/类词)命中(基因豁免)	2025+
F3	markers_membrane_v1.json	R2_prov_ctx	/provenance/Mac_DAM_LAM/APOE[5]	Mac_DAM_LAM	APOE	36119084	activated retinal microglia metabolic reprogramming		该类注释的文献语境 (v1 MCP 检索实证), 非该基因的逐条引用	Integrated multi-omics reveals the activated retinal microglia with intracellular metabolic reprogramming contributes to inflammation in STZ-induced early diabetic retinopathy.	Frontiers in immunology	2022	epmc,eutils	GOOD	1	0	1	0	5	0	C1+类语境(眼/类词)命中(基因豁免)	2020-22
F3	markers_membrane_v1.json	R2_prov_ctx	/provenance/Mac_DAM_LAM/APOE[6]	Mac_DAM_LAM	APOE	34006945	scRNA human retina DR		该类注释的文献语境 (v1 MCP 检索实证), 非该基因的逐条引用	In-depth transcriptomic analysis of human retina reveals molecular mechanisms underlying diabetic retinopathy.	Scientific reports	2021 May	epmc,eutils	GOOD	1	0	1	0	2	0	C1+类语境(眼/类词)命中(基因豁免)	2020-22
F3	markers_membrane_v1.json	R2_prov_ctx	/provenance/Mac_DAM_LAM/OLR1[1]	Mac_DAM_LAM	OLR1	38409074	unique retinal microglia types early DR		该类注释的文献语境 (v1 MCP 检索实证), 非该基因的逐条引用	Single-cell RNA sequencing reveals roles of unique retinal microglia types in early diabetic retinopathy.	Diabetology & metabolic syndrome	2024 Feb	epmc,eutils	GOOD	1	0	1	0	5	0	C1+类语境(眼/类词)命中(基因豁免)	2024
F3	markers_membrane_v1.json	R2_prov_ctx	/provenance/Mac_DAM_LAM/OLR1[2]	Mac_DAM_LAM	OLR1	40999978	retinal microglia in DR review		该类注释的文献语境 (v1 MCP 检索实证), 非该基因的逐条引用	Mechanisms of action of retinal microglia in diabetic retinopathy (Review).	International journal of molecular medicine	2025 Dec	epmc,eutils	GOOD	1	0	1	0	3	0	C1+类语境(眼/类词)命中(基因豁免)	2025+
F3	markers_membrane_v1.json	R2_prov_ctx	/provenance/Mac_DAM_LAM/OLR1[3]	Mac_DAM_LAM	OLR1	36119084	activated retinal microglia metabolic reprogramming		该类注释的文献语境 (v1 MCP 检索实证), 非该基因的逐条引用	Integrated multi-omics reveals the activated retinal microglia with intracellular metabolic reprogramming contributes to inflammation in STZ-induced early diabetic retinopathy.	Frontiers in immunology	2022	epmc,eutils	GOOD	1	0	1	0	5	0	C1+类语境(眼/类词)命中(基因豁免)	2020-22
F3	markers_membrane_v1.json	R2_prov_ctx	/provenance/Mac_DAM_LAM/OLR1[4]	Mac_DAM_LAM	OLR1	34006945	scRNA human retina DR		该类注释的文献语境 (v1 MCP 检索实证), 非该基因的逐条引用	In-depth transcriptomic analysis of human retina reveals molecular mechanisms underlying diabetic retinopathy.	Scientific reports	2021 May	epmc,eutils	GOOD	1	0	1	0	2	0	C1+类语境(眼/类词)命中(基因豁免)	2020-22
F3	markers_membrane_v1.json	R2_prov_ctx	/provenance/Mac_DAM_LAM/MMP9[1]	Mac_DAM_LAM	MMP9	38409074	unique retinal microglia types early DR		该类注释的文献语境 (v1 MCP 检索实证), 非该基因的逐条引用	Single-cell RNA sequencing reveals roles of unique retinal microglia types in early diabetic retinopathy.	Diabetology & metabolic syndrome	2024 Feb	epmc,eutils	GOOD	1	0	1	0	5	0	C1+类语境(眼/类词)命中(基因豁免)	2024
F3	markers_membrane_v1.json	R2_prov_ctx	/provenance/Mac_DAM_LAM/MMP9[2]	Mac_DAM_LAM	MMP9	40999978	retinal microglia in DR review		该类注释的文献语境 (v1 MCP 检索实证), 非该基因的逐条引用	Mechanisms of action of retinal microglia in diabetic retinopathy (Review).	International journal of molecular medicine	2025 Dec	epmc,eutils	GOOD	1	0	1	0	3	0	C1+类语境(眼/类词)命中(基因豁免)	2025+
F3	markers_membrane_v1.json	R2_prov_ctx	/provenance/Mac_DAM_LAM/MMP9[3]	Mac_DAM_LAM	MMP9	36119084	activated retinal microglia metabolic reprogramming		该类注释的文献语境 (v1 MCP 检索实证), 非该基因的逐条引用	Integrated multi-omics reveals the activated retinal microglia with intracellular metabolic reprogramming contributes to inflammation in STZ-induced early diabetic retinopathy.	Frontiers in immunology	2022	epmc,eutils	GOOD	1	0	1	0	5	0	C1+类语境(眼/类词)命中(基因豁免)	2020-22
F3	markers_membrane_v1.json	R2_prov_ctx	/provenance/Mac_DAM_LAM/MMP9[4]	Mac_DAM_LAM	MMP9	34006945	scRNA human retina DR		该类注释的文献语境 (v1 MCP 检索实证), 非该基因的逐条引用	In-depth transcriptomic analysis of human retina reveals molecular mechanisms underlying diabetic retinopathy.	Scientific reports	2021 May	epmc,eutils	GOOD	1	0	1	0	2	0	C1+类语境(眼/类词)命中(基因豁免)	2020-22
F3	markers_membrane_v1.json	R2_prov_ctx	/provenance/Mac_DAM_LAM/CCL3[2]	Mac_DAM_LAM	CCL3	38409074	unique retinal microglia types early DR		该类注释的文献语境 (v1 MCP 检索实证), 非该基因的逐条引用	Single-cell RNA sequencing reveals roles of unique retinal microglia types in early diabetic retinopathy.	Diabetology & metabolic syndrome	2024 Feb	epmc,eutils	GOOD	1	0	1	0	5	0	C1+类语境(眼/类词)命中(基因豁免)	2024
F3	markers_membrane_v1.json	R2_prov_ctx	/provenance/Mac_DAM_LAM/CCL3[3]	Mac_DAM_LAM	CCL3	40999978	retinal microglia in DR review		该类注释的文献语境 (v1 MCP 检索实证), 非该基因的逐条引用	Mechanisms of action of retinal microglia in diabetic retinopathy (Review).	International journal of molecular medicine	2025 Dec	epmc,eutils	GOOD	1	0	1	0	3	0	C1+类语境(眼/类词)命中(基因豁免)	2025+
F3	markers_membrane_v1.json	R2_prov_ctx	/provenance/Mac_DAM_LAM/CCL3[4]	Mac_DAM_LAM	CCL3	36119084	activated retinal microglia metabolic reprogramming		该类注释的文献语境 (v1 MCP 检索实证), 非该基因的逐条引用	Integrated multi-omics reveals the activated retinal microglia with intracellular metabolic reprogramming contributes to inflammation in STZ-induced early diabetic retinopathy.	Frontiers in immunology	2022	epmc,eutils	GOOD	1	0	1	0	5	0	C1+类语境(眼/类词)命中(基因豁免)	2020-22
F3	markers_membrane_v1.json	R2_prov_ctx	/provenance/Mac_DAM_LAM/CCL3[5]	Mac_DAM_LAM	CCL3	34006945	scRNA human retina DR		该类注释的文献语境 (v1 MCP 检索实证), 非该基因的逐条引用	In-depth transcriptomic analysis of human retina reveals molecular mechanisms underlying diabetic retinopathy.	Scientific reports	2021 May	epmc,eutils	GOOD	1	0	1	0	2	0	C1+类语境(眼/类词)命中(基因豁免)	2020-22
F3	markers_membrane_v1.json	R2_prov_ctx	/provenance/Mac_DAM_LAM/CCL4[2]	Mac_DAM_LAM	CCL4	38409074	unique retinal microglia types early DR		该类注释的文献语境 (v1 MCP 检索实证), 非该基因的逐条引用	Single-cell RNA sequencing reveals roles of unique retinal microglia types in early diabetic retinopathy.	Diabetology & metabolic syndrome	2024 Feb	epmc,eutils	GOOD	1	0	1	0	5	0	C1+类语境(眼/类词)命中(基因豁免)	2024
F3	markers_membrane_v1.json	R2_prov_ctx	/provenance/Mac_DAM_LAM/CCL4[3]	Mac_DAM_LAM	CCL4	40999978	retinal microglia in DR review		该类注释的文献语境 (v1 MCP 检索实证), 非该基因的逐条引用	Mechanisms of action of retinal microglia in diabetic retinopathy (Review).	International journal of molecular medicine	2025 Dec	epmc,eutils	GOOD	1	0	1	0	3	0	C1+类语境(眼/类词)命中(基因豁免)	2025+
F3	markers_membrane_v1.json	R2_prov_ctx	/provenance/Mac_DAM_LAM/CCL4[4]	Mac_DAM_LAM	CCL4	36119084	activated retinal microglia metabolic reprogramming		该类注释的文献语境 (v1 MCP 检索实证), 非该基因的逐条引用	Integrated multi-omics reveals the activated retinal microglia with intracellular metabolic reprogramming contributes to inflammation in STZ-induced early diabetic retinopathy.	Frontiers in immunology	2022	epmc,eutils	GOOD	1	0	1	0	5	0	C1+类语境(眼/类词)命中(基因豁免)	2020-22
F3	markers_membrane_v1.json	R2_prov_ctx	/provenance/Mac_DAM_LAM/CCL4[5]	Mac_DAM_LAM	CCL4	34006945	scRNA human retina DR		该类注释的文献语境 (v1 MCP 检索实证), 非该基因的逐条引用	In-depth transcriptomic analysis of human retina reveals molecular mechanisms underlying diabetic retinopathy.	Scientific reports	2021 May	epmc,eutils	GOOD	1	0	1	0	2	0	C1+类语境(眼/类词)命中(基因豁免)	2020-22
F3	markers_membrane_v1.json	R2_prov_ctx	/provenance/Mac_DAM_LAM/HMOX1[4]	Mac_DAM_LAM	HMOX1	38409074	unique retinal microglia types early DR		该类注释的文献语境 (v1 MCP 检索实证), 非该基因的逐条引用	Single-cell RNA sequencing reveals roles of unique retinal microglia types in early diabetic retinopathy.	Diabetology & metabolic syndrome	2024 Feb	epmc,eutils	GOOD	1	0	1	0	5	0	C1+类语境(眼/类词)命中(基因豁免)	2024
F3	markers_membrane_v1.json	R2_prov_ctx	/provenance/Mac_DAM_LAM/HMOX1[5]	Mac_DAM_LAM	HMOX1	40999978	retinal microglia in DR review		该类注释的文献语境 (v1 MCP 检索实证), 非该基因的逐条引用	Mechanisms of action of retinal microglia in diabetic retinopathy (Review).	International journal of molecular medicine	2025 Dec	epmc,eutils	GOOD	1	0	1	0	3	0	C1+类语境(眼/类词)命中(基因豁免)	2025+
F3	markers_membrane_v1.json	R2_prov_ctx	/provenance/Mac_DAM_LAM/HMOX1[6]	Mac_DAM_LAM	HMOX1	36119084	activated retinal microglia metabolic reprogramming		该类注释的文献语境 (v1 MCP 检索实证), 非该基因的逐条引用	Integrated multi-omics reveals the activated retinal microglia with intracellular metabolic reprogramming contributes to inflammation in STZ-induced early diabetic retinopathy.	Frontiers in immunology	2022	epmc,eutils	GOOD	1	0	1	0	5	0	C1+类语境(眼/类词)命中(基因豁免)	2020-22
F3	markers_membrane_v1.json	R2_prov_ctx	/provenance/Mac_DAM_LAM/HMOX1[7]	Mac_DAM_LAM	HMOX1	34006945	scRNA human retina DR		该类注释的文献语境 (v1 MCP 检索实证), 非该基因的逐条引用	In-depth transcriptomic analysis of human retina reveals molecular mechanisms underlying diabetic retinopathy.	Scientific reports	2021 May	epmc,eutils	GOOD	1	0	1	0	2	0	C1+类语境(眼/类词)命中(基因豁免)	2020-22
F3	markers_membrane_v1.json	R2_prov_ctx	/provenance/Microglia/P2RY12[1]	Microglia	P2RY12	38409074	unique retinal microglia types early DR		该类注释的文献语境 (v1 MCP 检索实证), 非该基因的逐条引用	Single-cell RNA sequencing reveals roles of unique retinal microglia types in early diabetic retinopathy.	Diabetology & metabolic syndrome	2024 Feb	epmc,eutils	GOOD	1	0	1	1	5	0	C1+类语境(眼/类词)命中(基因豁免)	2024
F3	markers_membrane_v1.json	R2_prov_ctx	/provenance/Microglia/P2RY12[2]	Microglia	P2RY12	40999978	retinal microglia in DR review		该类注释的文献语境 (v1 MCP 检索实证), 非该基因的逐条引用	Mechanisms of action of retinal microglia in diabetic retinopathy (Review).	International journal of molecular medicine	2025 Dec	epmc,eutils	GOOD	1	0	1	1	3	0	C1+类语境(眼/类词)命中(基因豁免)	2025+
F3	markers_membrane_v1.json	R2_prov_ctx	/provenance/Microglia/P2RY12[3]	Microglia	P2RY12	36119084	activated retinal microglia metabolic reprogramming		该类注释的文献语境 (v1 MCP 检索实证), 非该基因的逐条引用	Integrated multi-omics reveals the activated retinal microglia with intracellular metabolic reprogramming contributes to inflammation in STZ-induced early diabetic retinopathy.	Frontiers in immunology	2022	epmc,eutils	GOOD	1	0	1	1	5	0	C1+类语境(眼/类词)命中(基因豁免)	2020-22
F3	markers_membrane_v1.json	R2_prov_ctx	/provenance/Microglia/P2RY12[4]	Microglia	P2RY12	34006945	scRNA human retina DR		该类注释的文献语境 (v1 MCP 检索实证), 非该基因的逐条引用	In-depth transcriptomic analysis of human retina reveals molecular mechanisms underlying diabetic retinopathy.	Scientific reports	2021 May	epmc,eutils	GOOD	1	0	1	0	2	0	C1+类语境(眼/类词)命中(基因豁免)	2020-22
F3	markers_membrane_v1.json	R2_prov_ctx	/provenance/Microglia/TMEM119[1]	Microglia	TMEM119	38409074	unique retinal microglia types early DR		该类注释的文献语境 (v1 MCP 检索实证), 非该基因的逐条引用	Single-cell RNA sequencing reveals roles of unique retinal microglia types in early diabetic retinopathy.	Diabetology & metabolic syndrome	2024 Feb	epmc,eutils	GOOD	1	0	1	1	5	0	C1+类语境(眼/类词)命中(基因豁免)	2024
F3	markers_membrane_v1.json	R2_prov_ctx	/provenance/Microglia/TMEM119[2]	Microglia	TMEM119	40999978	retinal microglia in DR review		该类注释的文献语境 (v1 MCP 检索实证), 非该基因的逐条引用	Mechanisms of action of retinal microglia in diabetic retinopathy (Review).	International journal of molecular medicine	2025 Dec	epmc,eutils	GOOD	1	0	1	1	3	0	C1+类语境(眼/类词)命中(基因豁免)	2025+
F3	markers_membrane_v1.json	R2_prov_ctx	/provenance/Microglia/TMEM119[3]	Microglia	TMEM119	36119084	activated retinal microglia metabolic reprogramming		该类注释的文献语境 (v1 MCP 检索实证), 非该基因的逐条引用	Integrated multi-omics reveals the activated retinal microglia with intracellular metabolic reprogramming contributes to inflammation in STZ-induced early diabetic retinopathy.	Frontiers in immunology	2022	epmc,eutils	GOOD	1	0	1	1	5	0	C1+类语境(眼/类词)命中(基因豁免)	2020-22
F3	markers_membrane_v1.json	R2_prov_ctx	/provenance/Microglia/TMEM119[4]	Microglia	TMEM119	34006945	scRNA human retina DR		该类注释的文献语境 (v1 MCP 检索实证), 非该基因的逐条引用	In-depth transcriptomic analysis of human retina reveals molecular mechanisms underlying diabetic retinopathy.	Scientific reports	2021 May	epmc,eutils	GOOD	1	0	1	0	2	0	C1+类语境(眼/类词)命中(基因豁免)	2020-22
F3	markers_membrane_v1.json	R2_prov_ctx	/provenance/Microglia/CX3CR1[1]	Microglia	CX3CR1	38409074	unique retinal microglia types early DR		该类注释的文献语境 (v1 MCP 检索实证), 非该基因的逐条引用	Single-cell RNA sequencing reveals roles of unique retinal microglia types in early diabetic retinopathy.	Diabetology & metabolic syndrome	2024 Feb	epmc,eutils	GOOD	1	0	1	1	5	0	C1+类语境(眼/类词)命中(基因豁免)	2024
F3	markers_membrane_v1.json	R2_prov_ctx	/provenance/Microglia/CX3CR1[2]	Microglia	CX3CR1	40999978	retinal microglia in DR review		该类注释的文献语境 (v1 MCP 检索实证), 非该基因的逐条引用	Mechanisms of action of retinal microglia in diabetic retinopathy (Review).	International journal of molecular medicine	2025 Dec	epmc,eutils	GOOD	1	0	1	1	3	0	C1+类语境(眼/类词)命中(基因豁免)	2025+
F3	markers_membrane_v1.json	R2_prov_ctx	/provenance/Microglia/CX3CR1[3]	Microglia	CX3CR1	36119084	activated retinal microglia metabolic reprogramming		该类注释的文献语境 (v1 MCP 检索实证), 非该基因的逐条引用	Integrated multi-omics reveals the activated retinal microglia with intracellular metabolic reprogramming contributes to inflammation in STZ-induced early diabetic retinopathy.	Frontiers in immunology	2022	epmc,eutils	GOOD	1	0	1	1	5	0	C1+类语境(眼/类词)命中(基因豁免)	2020-22
F3	markers_membrane_v1.json	R2_prov_ctx	/provenance/Microglia/CX3CR1[4]	Microglia	CX3CR1	34006945	scRNA human retina DR		该类注释的文献语境 (v1 MCP 检索实证), 非该基因的逐条引用	In-depth transcriptomic analysis of human retina reveals molecular mechanisms underlying diabetic retinopathy.	Scientific reports	2021 May	epmc,eutils	GOOD	1	0	1	0	2	0	C1+类语境(眼/类词)命中(基因豁免)	2020-22
F3	markers_membrane_v1.json	R2_prov_ctx	/provenance/Microglia/SIGLEC11[1]	Microglia	SIGLEC11	38409074	unique retinal microglia types early DR		该类注释的文献语境 (v1 MCP 检索实证), 非该基因的逐条引用	Single-cell RNA sequencing reveals roles of unique retinal microglia types in early diabetic retinopathy.	Diabetology & metabolic syndrome	2024 Feb	epmc,eutils	GOOD	1	0	1	1	5	0	C1+类语境(眼/类词)命中(基因豁免)	2024
F3	markers_membrane_v1.json	R2_prov_ctx	/provenance/Microglia/SIGLEC11[2]	Microglia	SIGLEC11	40999978	retinal microglia in DR review		该类注释的文献语境 (v1 MCP 检索实证), 非该基因的逐条引用	Mechanisms of action of retinal microglia in diabetic retinopathy (Review).	International journal of molecular medicine	2025 Dec	epmc,eutils	GOOD	1	0	1	1	3	0	C1+类语境(眼/类词)命中(基因豁免)	2025+
F3	markers_membrane_v1.json	R2_prov_ctx	/provenance/Microglia/SIGLEC11[3]	Microglia	SIGLEC11	36119084	activated retinal microglia metabolic reprogramming		该类注释的文献语境 (v1 MCP 检索实证), 非该基因的逐条引用	Integrated multi-omics reveals the activated retinal microglia with intracellular metabolic reprogramming contributes to inflammation in STZ-induced early diabetic retinopathy.	Frontiers in immunology	2022	epmc,eutils	GOOD	1	0	1	1	5	0	C1+类语境(眼/类词)命中(基因豁免)	2020-22
F3	markers_membrane_v1.json	R2_prov_ctx	/provenance/Microglia/SIGLEC11[4]	Microglia	SIGLEC11	34006945	scRNA human retina DR		该类注释的文献语境 (v1 MCP 检索实证), 非该基因的逐条引用	In-depth transcriptomic analysis of human retina reveals molecular mechanisms underlying diabetic retinopathy.	Scientific reports	2021 May	epmc,eutils	GOOD	1	0	1	0	2	0	C1+类语境(眼/类词)命中(基因豁免)	2020-22
F3	markers_membrane_v1.json	R2_prov_ctx	/provenance/Microglia/AIF1[1]	Microglia	AIF1	38409074	unique retinal microglia types early DR		该类注释的文献语境 (v1 MCP 检索实证), 非该基因的逐条引用	Single-cell RNA sequencing reveals roles of unique retinal microglia types in early diabetic retinopathy.	Diabetology & metabolic syndrome	2024 Feb	epmc,eutils	GOOD	1	0	1	1	5	0	C1+类语境(眼/类词)命中(基因豁免)	2024
F3	markers_membrane_v1.json	R2_prov_ctx	/provenance/Microglia/AIF1[2]	Microglia	AIF1	40999978	retinal microglia in DR review		该类注释的文献语境 (v1 MCP 检索实证), 非该基因的逐条引用	Mechanisms of action of retinal microglia in diabetic retinopathy (Review).	International journal of molecular medicine	2025 Dec	epmc,eutils	GOOD	1	0	1	1	3	0	C1+类语境(眼/类词)命中(基因豁免)	2025+
F3	markers_membrane_v1.json	R2_prov_ctx	/provenance/Microglia/AIF1[3]	Microglia	AIF1	36119084	activated retinal microglia metabolic reprogramming		该类注释的文献语境 (v1 MCP 检索实证), 非该基因的逐条引用	Integrated multi-omics reveals the activated retinal microglia with intracellular metabolic reprogramming contributes to inflammation in STZ-induced early diabetic retinopathy.	Frontiers in immunology	2022	epmc,eutils	GOOD	1	0	1	1	5	0	C1+类语境(眼/类词)命中(基因豁免)	2020-22
F3	markers_membrane_v1.json	R2_prov_ctx	/provenance/Microglia/AIF1[4]	Microglia	AIF1	34006945	scRNA human retina DR		该类注释的文献语境 (v1 MCP 检索实证), 非该基因的逐条引用	In-depth transcriptomic analysis of human retina reveals molecular mechanisms underlying diabetic retinopathy.	Scientific reports	2021 May	epmc,eutils	GOOD	1	0	1	0	2	0	C1+类语境(眼/类词)命中(基因豁免)	2020-22
F3	markers_membrane_v1.json	R2_prov_ctx	/provenance/Microglia/IRF8[1]	Microglia	IRF8	38409074	unique retinal microglia types early DR		该类注释的文献语境 (v1 MCP 检索实证), 非该基因的逐条引用	Single-cell RNA sequencing reveals roles of unique retinal microglia types in early diabetic retinopathy.	Diabetology & metabolic syndrome	2024 Feb	epmc,eutils	GOOD	1	0	1	1	5	0	C1+类语境(眼/类词)命中(基因豁免)	2024
F3	markers_membrane_v1.json	R2_prov_ctx	/provenance/Microglia/IRF8[2]	Microglia	IRF8	40999978	retinal microglia in DR review		该类注释的文献语境 (v1 MCP 检索实证), 非该基因的逐条引用	Mechanisms of action of retinal microglia in diabetic retinopathy (Review).	International journal of molecular medicine	2025 Dec	epmc,eutils	GOOD	1	0	1	1	3	0	C1+类语境(眼/类词)命中(基因豁免)	2025+
F3	markers_membrane_v1.json	R2_prov_ctx	/provenance/Microglia/IRF8[3]	Microglia	IRF8	36119084	activated retinal microglia metabolic reprogramming		该类注释的文献语境 (v1 MCP 检索实证), 非该基因的逐条引用	Integrated multi-omics reveals the activated retinal microglia with intracellular metabolic reprogramming contributes to inflammation in STZ-induced early diabetic retinopathy.	Frontiers in immunology	2022	epmc,eutils	GOOD	1	0	1	1	5	0	C1+类语境(眼/类词)命中(基因豁免)	2020-22
F3	markers_membrane_v1.json	R2_prov_ctx	/provenance/Microglia/IRF8[4]	Microglia	IRF8	34006945	scRNA human retina DR		该类注释的文献语境 (v1 MCP 检索实证), 非该基因的逐条引用	In-depth transcriptomic analysis of human retina reveals molecular mechanisms underlying diabetic retinopathy.	Scientific reports	2021 May	epmc,eutils	GOOD	1	0	1	0	2	0	C1+类语境(眼/类词)命中(基因豁免)	2020-22
F3	markers_membrane_v1.json	R2_prov_ctx	/provenance/Microglia/TYROBP[3]	Microglia	TYROBP	38409074	unique retinal microglia types early DR		该类注释的文献语境 (v1 MCP 检索实证), 非该基因的逐条引用	Single-cell RNA sequencing reveals roles of unique retinal microglia types in early diabetic retinopathy.	Diabetology & metabolic syndrome	2024 Feb	epmc,eutils	GOOD	1	0	1	1	5	0	C1+类语境(眼/类词)命中(基因豁免)	2024
F3	markers_membrane_v1.json	R2_prov_ctx	/provenance/Microglia/TYROBP[4]	Microglia	TYROBP	40999978	retinal microglia in DR review		该类注释的文献语境 (v1 MCP 检索实证), 非该基因的逐条引用	Mechanisms of action of retinal microglia in diabetic retinopathy (Review).	International journal of molecular medicine	2025 Dec	epmc,eutils	GOOD	1	0	1	1	3	0	C1+类语境(眼/类词)命中(基因豁免)	2025+
F3	markers_membrane_v1.json	R2_prov_ctx	/provenance/Microglia/TYROBP[5]	Microglia	TYROBP	36119084	activated retinal microglia metabolic reprogramming		该类注释的文献语境 (v1 MCP 检索实证), 非该基因的逐条引用	Integrated multi-omics reveals the activated retinal microglia with intracellular metabolic reprogramming contributes to inflammation in STZ-induced early diabetic retinopathy.	Frontiers in immunology	2022	epmc,eutils	GOOD	1	0	1	1	5	0	C1+类语境(眼/类词)命中(基因豁免)	2020-22
F3	markers_membrane_v1.json	R2_prov_ctx	/provenance/Microglia/TYROBP[6]	Microglia	TYROBP	34006945	scRNA human retina DR		该类注释的文献语境 (v1 MCP 检索实证), 非该基因的逐条引用	In-depth transcriptomic analysis of human retina reveals molecular mechanisms underlying diabetic retinopathy.	Scientific reports	2021 May	epmc,eutils	GOOD	1	0	1	0	2	0	C1+类语境(眼/类词)命中(基因豁免)	2020-22
F3	markers_membrane_v1.json	R2_prov_ctx	/provenance/Microglia/SALL1[1]	Microglia	SALL1	38409074	unique retinal microglia types early DR		该类注释的文献语境 (v1 MCP 检索实证), 非该基因的逐条引用	Single-cell RNA sequencing reveals roles of unique retinal microglia types in early diabetic retinopathy.	Diabetology & metabolic syndrome	2024 Feb	epmc,eutils	GOOD	1	0	1	1	5	0	C1+类语境(眼/类词)命中(基因豁免)	2024
F3	markers_membrane_v1.json	R2_prov_ctx	/provenance/Microglia/SALL1[2]	Microglia	SALL1	40999978	retinal microglia in DR review		该类注释的文献语境 (v1 MCP 检索实证), 非该基因的逐条引用	Mechanisms of action of retinal microglia in diabetic retinopathy (Review).	International journal of molecular medicine	2025 Dec	epmc,eutils	GOOD	1	0	1	1	3	0	C1+类语境(眼/类词)命中(基因豁免)	2025+
F3	markers_membrane_v1.json	R2_prov_ctx	/provenance/Microglia/SALL1[3]	Microglia	SALL1	36119084	activated retinal microglia metabolic reprogramming		该类注释的文献语境 (v1 MCP 检索实证), 非该基因的逐条引用	Integrated multi-omics reveals the activated retinal microglia with intracellular metabolic reprogramming contributes to inflammation in STZ-induced early diabetic retinopathy.	Frontiers in immunology	2022	epmc,eutils	GOOD	1	0	1	1	5	0	C1+类语境(眼/类词)命中(基因豁免)	2020-22
F3	markers_membrane_v1.json	R2_prov_ctx	/provenance/Microglia/SALL1[4]	Microglia	SALL1	34006945	scRNA human retina DR		该类注释的文献语境 (v1 MCP 检索实证), 非该基因的逐条引用	In-depth transcriptomic analysis of human retina reveals molecular mechanisms underlying diabetic retinopathy.	Scientific reports	2021 May	epmc,eutils	GOOD	1	0	1	0	2	0	C1+类语境(眼/类词)命中(基因豁免)	2020-22
F3	markers_membrane_v1.json	R2_prov_ctx	/provenance/Microglia/HEXB[1]	Microglia	HEXB	38409074	unique retinal microglia types early DR		该类注释的文献语境 (v1 MCP 检索实证), 非该基因的逐条引用	Single-cell RNA sequencing reveals roles of unique retinal microglia types in early diabetic retinopathy.	Diabetology & metabolic syndrome	2024 Feb	epmc,eutils	GOOD	1	0	1	1	5	0	C1+类语境(眼/类词)命中(基因豁免)	2024
F3	markers_membrane_v1.json	R2_prov_ctx	/provenance/Microglia/HEXB[2]	Microglia	HEXB	40999978	retinal microglia in DR review		该类注释的文献语境 (v1 MCP 检索实证), 非该基因的逐条引用	Mechanisms of action of retinal microglia in diabetic retinopathy (Review).	International journal of molecular medicine	2025 Dec	epmc,eutils	GOOD	1	0	1	1	3	0	C1+类语境(眼/类词)命中(基因豁免)	2025+
F3	markers_membrane_v1.json	R2_prov_ctx	/provenance/Microglia/HEXB[3]	Microglia	HEXB	36119084	activated retinal microglia metabolic reprogramming		该类注释的文献语境 (v1 MCP 检索实证), 非该基因的逐条引用	Integrated multi-omics reveals the activated retinal microglia with intracellular metabolic reprogramming contributes to inflammation in STZ-induced early diabetic retinopathy.	Frontiers in immunology	2022	epmc,eutils	GOOD	1	0	1	1	5	0	C1+类语境(眼/类词)命中(基因豁免)	2020-22
F3	markers_membrane_v1.json	R2_prov_ctx	/provenance/Microglia/HEXB[4]	Microglia	HEXB	34006945	scRNA human retina DR		该类注释的文献语境 (v1 MCP 检索实证), 非该基因的逐条引用	In-depth transcriptomic analysis of human retina reveals molecular mechanisms underlying diabetic retinopathy.	Scientific reports	2021 May	epmc,eutils	GOOD	1	0	1	0	2	0	C1+类语境(眼/类词)命中(基因豁免)	2020-22
F3	markers_membrane_v1.json	R2_prov_ctx	/provenance/Microglia/GPR34[1]	Microglia	GPR34	38409074	unique retinal microglia types early DR		该类注释的文献语境 (v1 MCP 检索实证), 非该基因的逐条引用	Single-cell RNA sequencing reveals roles of unique retinal microglia types in early diabetic retinopathy.	Diabetology & metabolic syndrome	2024 Feb	epmc,eutils	GOOD	1	0	1	1	5	0	C1+类语境(眼/类词)命中(基因豁免)	2024
F3	markers_membrane_v1.json	R2_prov_ctx	/provenance/Microglia/GPR34[2]	Microglia	GPR34	40999978	retinal microglia in DR review		该类注释的文献语境 (v1 MCP 检索实证), 非该基因的逐条引用	Mechanisms of action of retinal microglia in diabetic retinopathy (Review).	International journal of molecular medicine	2025 Dec	epmc,eutils	GOOD	1	0	1	1	3	0	C1+类语境(眼/类词)命中(基因豁免)	2025+
F3	markers_membrane_v1.json	R2_prov_ctx	/provenance/Microglia/GPR34[3]	Microglia	GPR34	36119084	activated retinal microglia metabolic reprogramming		该类注释的文献语境 (v1 MCP 检索实证), 非该基因的逐条引用	Integrated multi-omics reveals the activated retinal microglia with intracellular metabolic reprogramming contributes to inflammation in STZ-induced early diabetic retinopathy.	Frontiers in immunology	2022	epmc,eutils	GOOD	1	0	1	1	5	0	C1+类语境(眼/类词)命中(基因豁免)	2020-22
F3	markers_membrane_v1.json	R2_prov_ctx	/provenance/Microglia/GPR34[4]	Microglia	GPR34	34006945	scRNA human retina DR		该类注释的文献语境 (v1 MCP 检索实证), 非该基因的逐条引用	In-depth transcriptomic analysis of human retina reveals molecular mechanisms underlying diabetic retinopathy.	Scientific reports	2021 May	epmc,eutils	GOOD	1	0	1	0	2	0	C1+类语境(眼/类词)命中(基因豁免)	2020-22
F3	markers_membrane_v1.json	R2_prov_ctx	/provenance/Microglia/OLFML3[1]	Microglia	OLFML3	38409074	unique retinal microglia types early DR		该类注释的文献语境 (v1 MCP 检索实证), 非该基因的逐条引用	Single-cell RNA sequencing reveals roles of unique retinal microglia types in early diabetic retinopathy.	Diabetology & metabolic syndrome	2024 Feb	epmc,eutils	GOOD	1	0	1	1	5	0	C1+类语境(眼/类词)命中(基因豁免)	2024
F3	markers_membrane_v1.json	R2_prov_ctx	/provenance/Microglia/OLFML3[2]	Microglia	OLFML3	40999978	retinal microglia in DR review		该类注释的文献语境 (v1 MCP 检索实证), 非该基因的逐条引用	Mechanisms of action of retinal microglia in diabetic retinopathy (Review).	International journal of molecular medicine	2025 Dec	epmc,eutils	GOOD	1	0	1	1	3	0	C1+类语境(眼/类词)命中(基因豁免)	2025+
F3	markers_membrane_v1.json	R2_prov_ctx	/provenance/Microglia/OLFML3[3]	Microglia	OLFML3	36119084	activated retinal microglia metabolic reprogramming		该类注释的文献语境 (v1 MCP 检索实证), 非该基因的逐条引用	Integrated multi-omics reveals the activated retinal microglia with intracellular metabolic reprogramming contributes to inflammation in STZ-induced early diabetic retinopathy.	Frontiers in immunology	2022	epmc,eutils	GOOD	1	0	1	1	5	0	C1+类语境(眼/类词)命中(基因豁免)	2020-22
F3	markers_membrane_v1.json	R2_prov_ctx	/provenance/Microglia/OLFML3[4]	Microglia	OLFML3	34006945	scRNA human retina DR		该类注释的文献语境 (v1 MCP 检索实证), 非该基因的逐条引用	In-depth transcriptomic analysis of human retina reveals molecular mechanisms underlying diabetic retinopathy.	Scientific reports	2021 May	epmc,eutils	GOOD	1	0	1	0	2	0	C1+类语境(眼/类词)命中(基因豁免)	2020-22
F3	markers_membrane_v1.json	R2_prov_ctx	/provenance/Microglia/FCER1G[3]	Microglia	FCER1G	38409074	unique retinal microglia types early DR		该类注释的文献语境 (v1 MCP 检索实证), 非该基因的逐条引用	Single-cell RNA sequencing reveals roles of unique retinal microglia types in early diabetic retinopathy.	Diabetology & metabolic syndrome	2024 Feb	epmc,eutils	GOOD	1	0	1	1	5	0	C1+类语境(眼/类词)命中(基因豁免)	2024
F3	markers_membrane_v1.json	R2_prov_ctx	/provenance/Microglia/FCER1G[4]	Microglia	FCER1G	40999978	retinal microglia in DR review		该类注释的文献语境 (v1 MCP 检索实证), 非该基因的逐条引用	Mechanisms of action of retinal microglia in diabetic retinopathy (Review).	International journal of molecular medicine	2025 Dec	epmc,eutils	GOOD	1	0	1	1	3	0	C1+类语境(眼/类词)命中(基因豁免)	2025+
F3	markers_membrane_v1.json	R2_prov_ctx	/provenance/Microglia/FCER1G[5]	Microglia	FCER1G	36119084	activated retinal microglia metabolic reprogramming		该类注释的文献语境 (v1 MCP 检索实证), 非该基因的逐条引用	Integrated multi-omics reveals the activated retinal microglia with intracellular metabolic reprogramming contributes to inflammation in STZ-induced early diabetic retinopathy.	Frontiers in immunology	2022	epmc,eutils	GOOD	1	0	1	1	5	0	C1+类语境(眼/类词)命中(基因豁免)	2020-22
F3	markers_membrane_v1.json	R2_prov_ctx	/provenance/Microglia/FCER1G[6]	Microglia	FCER1G	34006945	scRNA human retina DR		该类注释的文献语境 (v1 MCP 检索实证), 非该基因的逐条引用	In-depth transcriptomic analysis of human retina reveals molecular mechanisms underlying diabetic retinopathy.	Scientific reports	2021 May	epmc,eutils	GOOD	1	0	1	0	2	0	C1+类语境(眼/类词)命中(基因豁免)	2020-22
F3	markers_membrane_v1.json	R2_prov_ctx	/provenance/APC_MHCII_high/HLA-DRA[4]	APC_MHCII_high	HLA-DRA	38409074	unique retinal microglia types early DR		该类注释的文献语境 (v1 MCP 检索实证), 非该基因的逐条引用	Single-cell RNA sequencing reveals roles of unique retinal microglia types in early diabetic retinopathy.	Diabetology & metabolic syndrome	2024 Feb	epmc,eutils	GOOD	1	0	1	0	5	0	C1+类语境(眼/类词)命中(基因豁免)	2024
F3	markers_membrane_v1.json	R2_prov_ctx	/provenance/APC_MHCII_high/HLA-DRA[5]	APC_MHCII_high	HLA-DRA	40999978	retinal microglia in DR review		该类注释的文献语境 (v1 MCP 检索实证), 非该基因的逐条引用	Mechanisms of action of retinal microglia in diabetic retinopathy (Review).	International journal of molecular medicine	2025 Dec	epmc,eutils	GOOD	1	0	1	0	3	0	C1+类语境(眼/类词)命中(基因豁免)	2025+
F3	markers_membrane_v1.json	R2_prov_ctx	/provenance/APC_MHCII_high/HLA-DRA[6]	APC_MHCII_high	HLA-DRA	36119084	activated retinal microglia metabolic reprogramming		该类注释的文献语境 (v1 MCP 检索实证), 非该基因的逐条引用	Integrated multi-omics reveals the activated retinal microglia with intracellular metabolic reprogramming contributes to inflammation in STZ-induced early diabetic retinopathy.	Frontiers in immunology	2022	epmc,eutils	GOOD	1	0	1	0	5	0	C1+类语境(眼/类词)命中(基因豁免)	2020-22
F3	markers_membrane_v1.json	R2_prov_ctx	/provenance/APC_MHCII_high/HLA-DRA[7]	APC_MHCII_high	HLA-DRA	34006945	scRNA human retina DR		该类注释的文献语境 (v1 MCP 检索实证), 非该基因的逐条引用	In-depth transcriptomic analysis of human retina reveals molecular mechanisms underlying diabetic retinopathy.	Scientific reports	2021 May	epmc,eutils	GOOD	1	0	1	0	2	0	C1+类语境(眼/类词)命中(基因豁免)	2020-22
F3	markers_membrane_v1.json	R2_prov_ctx	/provenance/APC_MHCII_high/HLA-DRB1[4]	APC_MHCII_high	HLA-DRB1	38409074	unique retinal microglia types early DR		该类注释的文献语境 (v1 MCP 检索实证), 非该基因的逐条引用	Single-cell RNA sequencing reveals roles of unique retinal microglia types in early diabetic retinopathy.	Diabetology & metabolic syndrome	2024 Feb	epmc,eutils	GOOD	1	0	1	0	5	0	C1+类语境(眼/类词)命中(基因豁免)	2024
F3	markers_membrane_v1.json	R2_prov_ctx	/provenance/APC_MHCII_high/HLA-DRB1[5]	APC_MHCII_high	HLA-DRB1	40999978	retinal microglia in DR review		该类注释的文献语境 (v1 MCP 检索实证), 非该基因的逐条引用	Mechanisms of action of retinal microglia in diabetic retinopathy (Review).	International journal of molecular medicine	2025 Dec	epmc,eutils	GOOD	1	0	1	0	3	0	C1+类语境(眼/类词)命中(基因豁免)	2025+
F3	markers_membrane_v1.json	R2_prov_ctx	/provenance/APC_MHCII_high/HLA-DRB1[6]	APC_MHCII_high	HLA-DRB1	36119084	activated retinal microglia metabolic reprogramming		该类注释的文献语境 (v1 MCP 检索实证), 非该基因的逐条引用	Integrated multi-omics reveals the activated retinal microglia with intracellular metabolic reprogramming contributes to inflammation in STZ-induced early diabetic retinopathy.	Frontiers in immunology	2022	epmc,eutils	GOOD	1	0	1	0	5	0	C1+类语境(眼/类词)命中(基因豁免)	2020-22
F3	markers_membrane_v1.json	R2_prov_ctx	/provenance/APC_MHCII_high/HLA-DRB1[7]	APC_MHCII_high	HLA-DRB1	34006945	scRNA human retina DR		该类注释的文献语境 (v1 MCP 检索实证), 非该基因的逐条引用	In-depth transcriptomic analysis of human retina reveals molecular mechanisms underlying diabetic retinopathy.	Scientific reports	2021 May	epmc,eutils	GOOD	1	0	1	0	2	0	C1+类语境(眼/类词)命中(基因豁免)	2020-22
F3	markers_membrane_v1.json	R2_prov_ctx	/provenance/APC_MHCII_high/HLA-DPA1[4]	APC_MHCII_high	HLA-DPA1	38409074	unique retinal microglia types early DR		该类注释的文献语境 (v1 MCP 检索实证), 非该基因的逐条引用	Single-cell RNA sequencing reveals roles of unique retinal microglia types in early diabetic retinopathy.	Diabetology & metabolic syndrome	2024 Feb	epmc,eutils	GOOD	1	0	1	0	5	0	C1+类语境(眼/类词)命中(基因豁免)	2024
F3	markers_membrane_v1.json	R2_prov_ctx	/provenance/APC_MHCII_high/HLA-DPA1[5]	APC_MHCII_high	HLA-DPA1	40999978	retinal microglia in DR review		该类注释的文献语境 (v1 MCP 检索实证), 非该基因的逐条引用	Mechanisms of action of retinal microglia in diabetic retinopathy (Review).	International journal of molecular medicine	2025 Dec	epmc,eutils	GOOD	1	0	1	0	3	0	C1+类语境(眼/类词)命中(基因豁免)	2025+
F3	markers_membrane_v1.json	R2_prov_ctx	/provenance/APC_MHCII_high/HLA-DPA1[6]	APC_MHCII_high	HLA-DPA1	36119084	activated retinal microglia metabolic reprogramming		该类注释的文献语境 (v1 MCP 检索实证), 非该基因的逐条引用	Integrated multi-omics reveals the activated retinal microglia with intracellular metabolic reprogramming contributes to inflammation in STZ-induced early diabetic retinopathy.	Frontiers in immunology	2022	epmc,eutils	GOOD	1	0	1	0	5	0	C1+类语境(眼/类词)命中(基因豁免)	2020-22
F3	markers_membrane_v1.json	R2_prov_ctx	/provenance/APC_MHCII_high/HLA-DPA1[7]	APC_MHCII_high	HLA-DPA1	34006945	scRNA human retina DR		该类注释的文献语境 (v1 MCP 检索实证), 非该基因的逐条引用	In-depth transcriptomic analysis of human retina reveals molecular mechanisms underlying diabetic retinopathy.	Scientific reports	2021 May	epmc,eutils	GOOD	1	0	1	0	2	0	C1+类语境(眼/类词)命中(基因豁免)	2020-22
F3	markers_membrane_v1.json	R2_prov_ctx	/provenance/APC_MHCII_high/HLA-DPB1[4]	APC_MHCII_high	HLA-DPB1	38409074	unique retinal microglia types early DR		该类注释的文献语境 (v1 MCP 检索实证), 非该基因的逐条引用	Single-cell RNA sequencing reveals roles of unique retinal microglia types in early diabetic retinopathy.	Diabetology & metabolic syndrome	2024 Feb	epmc,eutils	GOOD	1	0	1	0	5	0	C1+类语境(眼/类词)命中(基因豁免)	2024
F3	markers_membrane_v1.json	R2_prov_ctx	/provenance/APC_MHCII_high/HLA-DPB1[5]	APC_MHCII_high	HLA-DPB1	40999978	retinal microglia in DR review		该类注释的文献语境 (v1 MCP 检索实证), 非该基因的逐条引用	Mechanisms of action of retinal microglia in diabetic retinopathy (Review).	International journal of molecular medicine	2025 Dec	epmc,eutils	GOOD	1	0	1	0	3	0	C1+类语境(眼/类词)命中(基因豁免)	2025+
F3	markers_membrane_v1.json	R2_prov_ctx	/provenance/APC_MHCII_high/HLA-DPB1[6]	APC_MHCII_high	HLA-DPB1	36119084	activated retinal microglia metabolic reprogramming		该类注释的文献语境 (v1 MCP 检索实证), 非该基因的逐条引用	Integrated multi-omics reveals the activated retinal microglia with intracellular metabolic reprogramming contributes to inflammation in STZ-induced early diabetic retinopathy.	Frontiers in immunology	2022	epmc,eutils	GOOD	1	0	1	0	5	0	C1+类语境(眼/类词)命中(基因豁免)	2020-22
F3	markers_membrane_v1.json	R2_prov_ctx	/provenance/APC_MHCII_high/HLA-DPB1[7]	APC_MHCII_high	HLA-DPB1	34006945	scRNA human retina DR		该类注释的文献语境 (v1 MCP 检索实证), 非该基因的逐条引用	In-depth transcriptomic analysis of human retina reveals molecular mechanisms underlying diabetic retinopathy.	Scientific reports	2021 May	epmc,eutils	GOOD	1	0	1	0	2	0	C1+类语境(眼/类词)命中(基因豁免)	2020-22
F3	markers_membrane_v1.json	R2_prov_ctx	/provenance/APC_MHCII_high/HLA-DQA1[4]	APC_MHCII_high	HLA-DQA1	38409074	unique retinal microglia types early DR		该类注释的文献语境 (v1 MCP 检索实证), 非该基因的逐条引用	Single-cell RNA sequencing reveals roles of unique retinal microglia types in early diabetic retinopathy.	Diabetology & metabolic syndrome	2024 Feb	epmc,eutils	GOOD	1	0	1	0	5	0	C1+类语境(眼/类词)命中(基因豁免)	2024
F3	markers_membrane_v1.json	R2_prov_ctx	/provenance/APC_MHCII_high/HLA-DQA1[5]	APC_MHCII_high	HLA-DQA1	40999978	retinal microglia in DR review		该类注释的文献语境 (v1 MCP 检索实证), 非该基因的逐条引用	Mechanisms of action of retinal microglia in diabetic retinopathy (Review).	International journal of molecular medicine	2025 Dec	epmc,eutils	GOOD	1	0	1	0	3	0	C1+类语境(眼/类词)命中(基因豁免)	2025+
F3	markers_membrane_v1.json	R2_prov_ctx	/provenance/APC_MHCII_high/HLA-DQA1[6]	APC_MHCII_high	HLA-DQA1	36119084	activated retinal microglia metabolic reprogramming		该类注释的文献语境 (v1 MCP 检索实证), 非该基因的逐条引用	Integrated multi-omics reveals the activated retinal microglia with intracellular metabolic reprogramming contributes to inflammation in STZ-induced early diabetic retinopathy.	Frontiers in immunology	2022	epmc,eutils	GOOD	1	0	1	0	5	0	C1+类语境(眼/类词)命中(基因豁免)	2020-22
F3	markers_membrane_v1.json	R2_prov_ctx	/provenance/APC_MHCII_high/HLA-DQA1[7]	APC_MHCII_high	HLA-DQA1	34006945	scRNA human retina DR		该类注释的文献语境 (v1 MCP 检索实证), 非该基因的逐条引用	In-depth transcriptomic analysis of human retina reveals molecular mechanisms underlying diabetic retinopathy.	Scientific reports	2021 May	epmc,eutils	GOOD	1	0	1	0	2	0	C1+类语境(眼/类词)命中(基因豁免)	2020-22
F3	markers_membrane_v1.json	R2_prov_ctx	/provenance/APC_MHCII_high/HLA-DQB1[4]	APC_MHCII_high	HLA-DQB1	38409074	unique retinal microglia types early DR		该类注释的文献语境 (v1 MCP 检索实证), 非该基因的逐条引用	Single-cell RNA sequencing reveals roles of unique retinal microglia types in early diabetic retinopathy.	Diabetology & metabolic syndrome	2024 Feb	epmc,eutils	GOOD	1	0	1	0	5	0	C1+类语境(眼/类词)命中(基因豁免)	2024
F3	markers_membrane_v1.json	R2_prov_ctx	/provenance/APC_MHCII_high/HLA-DQB1[5]	APC_MHCII_high	HLA-DQB1	40999978	retinal microglia in DR review		该类注释的文献语境 (v1 MCP 检索实证), 非该基因的逐条引用	Mechanisms of action of retinal microglia in diabetic retinopathy (Review).	International journal of molecular medicine	2025 Dec	epmc,eutils	GOOD	1	0	1	0	3	0	C1+类语境(眼/类词)命中(基因豁免)	2025+
F3	markers_membrane_v1.json	R2_prov_ctx	/provenance/APC_MHCII_high/HLA-DQB1[6]	APC_MHCII_high	HLA-DQB1	36119084	activated retinal microglia metabolic reprogramming		该类注释的文献语境 (v1 MCP 检索实证), 非该基因的逐条引用	Integrated multi-omics reveals the activated retinal microglia with intracellular metabolic reprogramming contributes to inflammation in STZ-induced early diabetic retinopathy.	Frontiers in immunology	2022	epmc,eutils	GOOD	1	0	1	0	5	0	C1+类语境(眼/类词)命中(基因豁免)	2020-22
F3	markers_membrane_v1.json	R2_prov_ctx	/provenance/APC_MHCII_high/HLA-DQB1[7]	APC_MHCII_high	HLA-DQB1	34006945	scRNA human retina DR		该类注释的文献语境 (v1 MCP 检索实证), 非该基因的逐条引用	In-depth transcriptomic analysis of human retina reveals molecular mechanisms underlying diabetic retinopathy.	Scientific reports	2021 May	epmc,eutils	GOOD	1	0	1	0	2	0	C1+类语境(眼/类词)命中(基因豁免)	2020-22
F3	markers_membrane_v1.json	R2_prov_ctx	/provenance/APC_MHCII_high/CD74[4]	APC_MHCII_high	CD74	38409074	unique retinal microglia types early DR		该类注释的文献语境 (v1 MCP 检索实证), 非该基因的逐条引用	Single-cell RNA sequencing reveals roles of unique retinal microglia types in early diabetic retinopathy.	Diabetology & metabolic syndrome	2024 Feb	epmc,eutils	GOOD	1	0	1	0	5	0	C1+类语境(眼/类词)命中(基因豁免)	2024
F3	markers_membrane_v1.json	R2_prov_ctx	/provenance/APC_MHCII_high/CD74[5]	APC_MHCII_high	CD74	40999978	retinal microglia in DR review		该类注释的文献语境 (v1 MCP 检索实证), 非该基因的逐条引用	Mechanisms of action of retinal microglia in diabetic retinopathy (Review).	International journal of molecular medicine	2025 Dec	epmc,eutils	GOOD	1	0	1	0	3	0	C1+类语境(眼/类词)命中(基因豁免)	2025+
F3	markers_membrane_v1.json	R2_prov_ctx	/provenance/APC_MHCII_high/CD74[6]	APC_MHCII_high	CD74	36119084	activated retinal microglia metabolic reprogramming		该类注释的文献语境 (v1 MCP 检索实证), 非该基因的逐条引用	Integrated multi-omics reveals the activated retinal microglia with intracellular metabolic reprogramming contributes to inflammation in STZ-induced early diabetic retinopathy.	Frontiers in immunology	2022	epmc,eutils	GOOD	1	0	1	0	5	0	C1+类语境(眼/类词)命中(基因豁免)	2020-22
F3	markers_membrane_v1.json	R2_prov_ctx	/provenance/APC_MHCII_high/CD74[7]	APC_MHCII_high	CD74	34006945	scRNA human retina DR		该类注释的文献语境 (v1 MCP 检索实证), 非该基因的逐条引用	In-depth transcriptomic analysis of human retina reveals molecular mechanisms underlying diabetic retinopathy.	Scientific reports	2021 May	epmc,eutils	GOOD	1	0	1	0	2	0	C1+类语境(眼/类词)命中(基因豁免)	2020-22
F3	markers_membrane_v1.json	R2_prov_ctx	/provenance/APC_MHCII_high/HLA-DMB[4]	APC_MHCII_high	HLA-DMB	38409074	unique retinal microglia types early DR		该类注释的文献语境 (v1 MCP 检索实证), 非该基因的逐条引用	Single-cell RNA sequencing reveals roles of unique retinal microglia types in early diabetic retinopathy.	Diabetology & metabolic syndrome	2024 Feb	epmc,eutils	GOOD	1	0	1	0	5	0	C1+类语境(眼/类词)命中(基因豁免)	2024
F3	markers_membrane_v1.json	R2_prov_ctx	/provenance/APC_MHCII_high/HLA-DMB[5]	APC_MHCII_high	HLA-DMB	40999978	retinal microglia in DR review		该类注释的文献语境 (v1 MCP 检索实证), 非该基因的逐条引用	Mechanisms of action of retinal microglia in diabetic retinopathy (Review).	International journal of molecular medicine	2025 Dec	epmc,eutils	GOOD	1	0	1	0	3	0	C1+类语境(眼/类词)命中(基因豁免)	2025+
F3	markers_membrane_v1.json	R2_prov_ctx	/provenance/APC_MHCII_high/HLA-DMB[6]	APC_MHCII_high	HLA-DMB	36119084	activated retinal microglia metabolic reprogramming		该类注释的文献语境 (v1 MCP 检索实证), 非该基因的逐条引用	Integrated multi-omics reveals the activated retinal microglia with intracellular metabolic reprogramming contributes to inflammation in STZ-induced early diabetic retinopathy.	Frontiers in immunology	2022	epmc,eutils	GOOD	1	0	1	0	5	0	C1+类语境(眼/类词)命中(基因豁免)	2020-22
F3	markers_membrane_v1.json	R2_prov_ctx	/provenance/APC_MHCII_high/HLA-DMB[7]	APC_MHCII_high	HLA-DMB	34006945	scRNA human retina DR		该类注释的文献语境 (v1 MCP 检索实证), 非该基因的逐条引用	In-depth transcriptomic analysis of human retina reveals molecular mechanisms underlying diabetic retinopathy.	Scientific reports	2021 May	epmc,eutils	GOOD	1	0	1	0	2	0	C1+类语境(眼/类词)命中(基因豁免)	2020-22
F3	markers_membrane_v1.json	R2_prov_ctx	/provenance/APC_MHCII_high/FCGR1A[3]	APC_MHCII_high	FCGR1A	38409074	unique retinal microglia types early DR		该类注释的文献语境 (v1 MCP 检索实证), 非该基因的逐条引用	Single-cell RNA sequencing reveals roles of unique retinal microglia types in early diabetic retinopathy.	Diabetology & metabolic syndrome	2024 Feb	epmc,eutils	GOOD	1	0	1	0	5	0	C1+类语境(眼/类词)命中(基因豁免)	2024
F3	markers_membrane_v1.json	R2_prov_ctx	/provenance/APC_MHCII_high/FCGR1A[4]	APC_MHCII_high	FCGR1A	40999978	retinal microglia in DR review		该类注释的文献语境 (v1 MCP 检索实证), 非该基因的逐条引用	Mechanisms of action of retinal microglia in diabetic retinopathy (Review).	International journal of molecular medicine	2025 Dec	epmc,eutils	GOOD	1	0	1	0	3	0	C1+类语境(眼/类词)命中(基因豁免)	2025+
F3	markers_membrane_v1.json	R2_prov_ctx	/provenance/APC_MHCII_high/FCGR1A[5]	APC_MHCII_high	FCGR1A	36119084	activated retinal microglia metabolic reprogramming		该类注释的文献语境 (v1 MCP 检索实证), 非该基因的逐条引用	Integrated multi-omics reveals the activated retinal microglia with intracellular metabolic reprogramming contributes to inflammation in STZ-induced early diabetic retinopathy.	Frontiers in immunology	2022	epmc,eutils	GOOD	1	0	1	0	5	0	C1+类语境(眼/类词)命中(基因豁免)	2020-22
F3	markers_membrane_v1.json	R2_prov_ctx	/provenance/APC_MHCII_high/FCGR1A[6]	APC_MHCII_high	FCGR1A	34006945	scRNA human retina DR		该类注释的文献语境 (v1 MCP 检索实证), 非该基因的逐条引用	In-depth transcriptomic analysis of human retina reveals molecular mechanisms underlying diabetic retinopathy.	Scientific reports	2021 May	epmc,eutils	GOOD	1	0	1	0	2	0	C1+类语境(眼/类词)命中(基因豁免)	2020-22
F3	markers_membrane_v1.json	R2_prov_ctx	/provenance/APC_MHCII_high/RGS1[4]	APC_MHCII_high	RGS1	38409074	unique retinal microglia types early DR		该类注释的文献语境 (v1 MCP 检索实证), 非该基因的逐条引用	Single-cell RNA sequencing reveals roles of unique retinal microglia types in early diabetic retinopathy.	Diabetology & metabolic syndrome	2024 Feb	epmc,eutils	GOOD	1	0	1	0	5	0	C1+类语境(眼/类词)命中(基因豁免)	2024
F3	markers_membrane_v1.json	R2_prov_ctx	/provenance/APC_MHCII_high/RGS1[5]	APC_MHCII_high	RGS1	40999978	retinal microglia in DR review		该类注释的文献语境 (v1 MCP 检索实证), 非该基因的逐条引用	Mechanisms of action of retinal microglia in diabetic retinopathy (Review).	International journal of molecular medicine	2025 Dec	epmc,eutils	GOOD	1	0	1	0	3	0	C1+类语境(眼/类词)命中(基因豁免)	2025+
F3	markers_membrane_v1.json	R2_prov_ctx	/provenance/APC_MHCII_high/RGS1[6]	APC_MHCII_high	RGS1	36119084	activated retinal microglia metabolic reprogramming		该类注释的文献语境 (v1 MCP 检索实证), 非该基因的逐条引用	Integrated multi-omics reveals the activated retinal microglia with intracellular metabolic reprogramming contributes to inflammation in STZ-induced early diabetic retinopathy.	Frontiers in immunology	2022	epmc,eutils	GOOD	1	0	1	0	5	0	C1+类语境(眼/类词)命中(基因豁免)	2020-22
F3	markers_membrane_v1.json	R2_prov_ctx	/provenance/APC_MHCII_high/RGS1[7]	APC_MHCII_high	RGS1	34006945	scRNA human retina DR		该类注释的文献语境 (v1 MCP 检索实证), 非该基因的逐条引用	In-depth transcriptomic analysis of human retina reveals molecular mechanisms underlying diabetic retinopathy.	Scientific reports	2021 May	epmc,eutils	GOOD	1	0	1	0	2	0	C1+类语境(眼/类词)命中(基因豁免)	2020-22
F3	markers_membrane_v1.json	R2_prov_ctx	/provenance/cDC1/CLEC9A[1]	cDC1	CLEC9A	34006945	scRNA human retina DR		该类注释的文献语境 (v1 MCP 检索实证), 非该基因的逐条引用	In-depth transcriptomic analysis of human retina reveals molecular mechanisms underlying diabetic retinopathy.	Scientific reports	2021 May	epmc,eutils	GOOD	1	0	1	0	2	0	C1+类语境(眼/类词)命中(基因豁免)	2020-22
F3	markers_membrane_v1.json	R2_prov_ctx	/provenance/cDC1/CLEC9A[2]	cDC1	CLEC9A	37272764	Sortilin diabetic retina		该类注释的文献语境 (v1 MCP 检索实证), 非该基因的逐条引用	Sortilin Inhibition Protects Neurons From Degeneration in the Diabetic Retina.	Investigative ophthalmology & visual science	2023 Jun	epmc,eutils	GOOD	1	0	1	0	3	0	C1+类语境(眼/类词)命中(基因豁免)	2023
F3	markers_membrane_v1.json	R2_prov_ctx	/provenance/cDC1/XCR1[1]	cDC1	XCR1	34006945	scRNA human retina DR		该类注释的文献语境 (v1 MCP 检索实证), 非该基因的逐条引用	In-depth transcriptomic analysis of human retina reveals molecular mechanisms underlying diabetic retinopathy.	Scientific reports	2021 May	epmc,eutils	GOOD	1	0	1	0	2	0	C1+类语境(眼/类词)命中(基因豁免)	2020-22
F3	markers_membrane_v1.json	R2_prov_ctx	/provenance/cDC1/XCR1[2]	cDC1	XCR1	37272764	Sortilin diabetic retina		该类注释的文献语境 (v1 MCP 检索实证), 非该基因的逐条引用	Sortilin Inhibition Protects Neurons From Degeneration in the Diabetic Retina.	Investigative ophthalmology & visual science	2023 Jun	epmc,eutils	GOOD	1	0	1	0	3	0	C1+类语境(眼/类词)命中(基因豁免)	2023
F3	markers_membrane_v1.json	R2_prov_ctx	/provenance/cDC1/C1S[1]	cDC1	C1S	34006945	scRNA human retina DR		该类注释的文献语境 (v1 MCP 检索实证), 非该基因的逐条引用	In-depth transcriptomic analysis of human retina reveals molecular mechanisms underlying diabetic retinopathy.	Scientific reports	2021 May	epmc,eutils	GOOD	1	0	1	0	2	0	C1+类语境(眼/类词)命中(基因豁免)	2020-22
F3	markers_membrane_v1.json	R2_prov_ctx	/provenance/cDC1/C1S[2]	cDC1	C1S	37272764	Sortilin diabetic retina		该类注释的文献语境 (v1 MCP 检索实证), 非该基因的逐条引用	Sortilin Inhibition Protects Neurons From Degeneration in the Diabetic Retina.	Investigative ophthalmology & visual science	2023 Jun	epmc,eutils	GOOD	1	0	1	0	3	0	C1+类语境(眼/类词)命中(基因豁免)	2023
F3	markers_membrane_v1.json	R2_prov_ctx	/provenance/cDC1/C1R[1]	cDC1	C1R	34006945	scRNA human retina DR		该类注释的文献语境 (v1 MCP 检索实证), 非该基因的逐条引用	In-depth transcriptomic analysis of human retina reveals molecular mechanisms underlying diabetic retinopathy.	Scientific reports	2021 May	epmc,eutils	GOOD	1	0	1	0	2	0	C1+类语境(眼/类词)命中(基因豁免)	2020-22
F3	markers_membrane_v1.json	R2_prov_ctx	/provenance/cDC1/C1R[2]	cDC1	C1R	37272764	Sortilin diabetic retina		该类注释的文献语境 (v1 MCP 检索实证), 非该基因的逐条引用	Sortilin Inhibition Protects Neurons From Degeneration in the Diabetic Retina.	Investigative ophthalmology & visual science	2023 Jun	epmc,eutils	GOOD	1	0	1	0	3	0	C1+类语境(眼/类词)命中(基因豁免)	2023
F3	markers_membrane_v1.json	R2_prov_ctx	/provenance/cDC1/CADM1[1]	cDC1	CADM1	34006945	scRNA human retina DR		该类注释的文献语境 (v1 MCP 检索实证), 非该基因的逐条引用	In-depth transcriptomic analysis of human retina reveals molecular mechanisms underlying diabetic retinopathy.	Scientific reports	2021 May	epmc,eutils	GOOD	1	0	1	0	2	0	C1+类语境(眼/类词)命中(基因豁免)	2020-22
F3	markers_membrane_v1.json	R2_prov_ctx	/provenance/cDC1/CADM1[2]	cDC1	CADM1	37272764	Sortilin diabetic retina		该类注释的文献语境 (v1 MCP 检索实证), 非该基因的逐条引用	Sortilin Inhibition Protects Neurons From Degeneration in the Diabetic Retina.	Investigative ophthalmology & visual science	2023 Jun	epmc,eutils	GOOD	1	0	1	0	3	0	C1+类语境(眼/类词)命中(基因豁免)	2023
F3	markers_membrane_v1.json	R2_prov_ctx	/provenance/cDC1/ZBTB46[1]	cDC1	ZBTB46	34006945	scRNA human retina DR		该类注释的文献语境 (v1 MCP 检索实证), 非该基因的逐条引用	In-depth transcriptomic analysis of human retina reveals molecular mechanisms underlying diabetic retinopathy.	Scientific reports	2021 May	epmc,eutils	GOOD	1	0	1	0	2	0	C1+类语境(眼/类词)命中(基因豁免)	2020-22
F3	markers_membrane_v1.json	R2_prov_ctx	/provenance/cDC1/ZBTB46[2]	cDC1	ZBTB46	37272764	Sortilin diabetic retina		该类注释的文献语境 (v1 MCP 检索实证), 非该基因的逐条引用	Sortilin Inhibition Protects Neurons From Degeneration in the Diabetic Retina.	Investigative ophthalmology & visual science	2023 Jun	epmc,eutils	GOOD	1	0	1	0	3	0	C1+类语境(眼/类词)命中(基因豁免)	2023
F3	markers_membrane_v1.json	R2_prov_ctx	/provenance/cDC1/FLT3[1]	cDC1	FLT3	34006945	scRNA human retina DR		该类注释的文献语境 (v1 MCP 检索实证), 非该基因的逐条引用	In-depth transcriptomic analysis of human retina reveals molecular mechanisms underlying diabetic retinopathy.	Scientific reports	2021 May	epmc,eutils	GOOD	1	0	1	0	2	0	C1+类语境(眼/类词)命中(基因豁免)	2020-22
F3	markers_membrane_v1.json	R2_prov_ctx	/provenance/cDC1/FLT3[2]	cDC1	FLT3	37272764	Sortilin diabetic retina		该类注释的文献语境 (v1 MCP 检索实证), 非该基因的逐条引用	Sortilin Inhibition Protects Neurons From Degeneration in the Diabetic Retina.	Investigative ophthalmology & visual science	2023 Jun	epmc,eutils	GOOD	1	0	1	0	3	0	C1+类语境(眼/类词)命中(基因豁免)	2023
F3	markers_membrane_v1.json	R2_prov_ctx	/provenance/cDC1/IRF8[1]	cDC1	IRF8	34006945	scRNA human retina DR		该类注释的文献语境 (v1 MCP 检索实证), 非该基因的逐条引用	In-depth transcriptomic analysis of human retina reveals molecular mechanisms underlying diabetic retinopathy.	Scientific reports	2021 May	epmc,eutils	GOOD	1	0	1	0	2	0	C1+类语境(眼/类词)命中(基因豁免)	2020-22
F3	markers_membrane_v1.json	R2_prov_ctx	/provenance/cDC1/IRF8[2]	cDC1	IRF8	37272764	Sortilin diabetic retina		该类注释的文献语境 (v1 MCP 检索实证), 非该基因的逐条引用	Sortilin Inhibition Protects Neurons From Degeneration in the Diabetic Retina.	Investigative ophthalmology & visual science	2023 Jun	epmc,eutils	GOOD	1	0	1	0	3	0	C1+类语境(眼/类词)命中(基因豁免)	2023
F3	markers_membrane_v1.json	R2_prov_ctx	/provenance/cDC2/CD1C[1]	cDC2	CD1C	34006945	scRNA human retina DR		该类注释的文献语境 (v1 MCP 检索实证), 非该基因的逐条引用	In-depth transcriptomic analysis of human retina reveals molecular mechanisms underlying diabetic retinopathy.	Scientific reports	2021 May	epmc,eutils	GOOD	1	0	1	0	2	0	C1+类语境(眼/类词)命中(基因豁免)	2020-22
F3	markers_membrane_v1.json	R2_prov_ctx	/provenance/cDC2/CD1C[2]	cDC2	CD1C	37272764	Sortilin diabetic retina		该类注释的文献语境 (v1 MCP 检索实证), 非该基因的逐条引用	Sortilin Inhibition Protects Neurons From Degeneration in the Diabetic Retina.	Investigative ophthalmology & visual science	2023 Jun	epmc,eutils	GOOD	1	0	1	0	3	0	C1+类语境(眼/类词)命中(基因豁免)	2023
F3	markers_membrane_v1.json	R2_prov_ctx	/provenance/cDC2/FCER1A[1]	cDC2	FCER1A	34006945	scRNA human retina DR		该类注释的文献语境 (v1 MCP 检索实证), 非该基因的逐条引用	In-depth transcriptomic analysis of human retina reveals molecular mechanisms underlying diabetic retinopathy.	Scientific reports	2021 May	epmc,eutils	GOOD	1	0	1	0	2	0	C1+类语境(眼/类词)命中(基因豁免)	2020-22
F3	markers_membrane_v1.json	R2_prov_ctx	/provenance/cDC2/FCER1A[2]	cDC2	FCER1A	37272764	Sortilin diabetic retina		该类注释的文献语境 (v1 MCP 检索实证), 非该基因的逐条引用	Sortilin Inhibition Protects Neurons From Degeneration in the Diabetic Retina.	Investigative ophthalmology & visual science	2023 Jun	epmc,eutils	GOOD	1	0	1	0	3	0	C1+类语境(眼/类词)命中(基因豁免)	2023
F3	markers_membrane_v1.json	R2_prov_ctx	/provenance/cDC2/CLEC10A[1]	cDC2	CLEC10A	34006945	scRNA human retina DR		该类注释的文献语境 (v1 MCP 检索实证), 非该基因的逐条引用	In-depth transcriptomic analysis of human retina reveals molecular mechanisms underlying diabetic retinopathy.	Scientific reports	2021 May	epmc,eutils	GOOD	1	0	1	0	2	0	C1+类语境(眼/类词)命中(基因豁免)	2020-22
F3	markers_membrane_v1.json	R2_prov_ctx	/provenance/cDC2/CLEC10A[2]	cDC2	CLEC10A	37272764	Sortilin diabetic retina		该类注释的文献语境 (v1 MCP 检索实证), 非该基因的逐条引用	Sortilin Inhibition Protects Neurons From Degeneration in the Diabetic Retina.	Investigative ophthalmology & visual science	2023 Jun	epmc,eutils	GOOD	1	0	1	0	3	0	C1+类语境(眼/类词)命中(基因豁免)	2023
F3	markers_membrane_v1.json	R2_prov_ctx	/provenance/cDC2/CD4[1]	cDC2	CD4	34006945	scRNA human retina DR		该类注释的文献语境 (v1 MCP 检索实证), 非该基因的逐条引用	In-depth transcriptomic analysis of human retina reveals molecular mechanisms underlying diabetic retinopathy.	Scientific reports	2021 May	epmc,eutils	GOOD	1	0	1	0	2	0	C1+类语境(眼/类词)命中(基因豁免)	2020-22
F3	markers_membrane_v1.json	R2_prov_ctx	/provenance/cDC2/CD4[2]	cDC2	CD4	37272764	Sortilin diabetic retina		该类注释的文献语境 (v1 MCP 检索实证), 非该基因的逐条引用	Sortilin Inhibition Protects Neurons From Degeneration in the Diabetic Retina.	Investigative ophthalmology & visual science	2023 Jun	epmc,eutils	GOOD	1	0	1	0	3	0	C1+类语境(眼/类词)命中(基因豁免)	2023
F3	markers_membrane_v1.json	R2_prov_ctx	/provenance/cDC2/HLA-DRA[2]	cDC2	HLA-DRA	34006945	scRNA human retina DR		该类注释的文献语境 (v1 MCP 检索实证), 非该基因的逐条引用	In-depth transcriptomic analysis of human retina reveals molecular mechanisms underlying diabetic retinopathy.	Scientific reports	2021 May	epmc,eutils	GOOD	1	0	1	0	2	0	C1+类语境(眼/类词)命中(基因豁免)	2020-22
F3	markers_membrane_v1.json	R2_prov_ctx	/provenance/cDC2/HLA-DRA[3]	cDC2	HLA-DRA	37272764	Sortilin diabetic retina		该类注释的文献语境 (v1 MCP 检索实证), 非该基因的逐条引用	Sortilin Inhibition Protects Neurons From Degeneration in the Diabetic Retina.	Investigative ophthalmology & visual science	2023 Jun	epmc,eutils	GOOD	1	0	1	0	3	0	C1+类语境(眼/类词)命中(基因豁免)	2023
F3	markers_membrane_v1.json	R2_prov_ctx	/provenance/cDC2/S100A10[1]	cDC2	S100A10	34006945	scRNA human retina DR		该类注释的文献语境 (v1 MCP 检索实证), 非该基因的逐条引用	In-depth transcriptomic analysis of human retina reveals molecular mechanisms underlying diabetic retinopathy.	Scientific reports	2021 May	epmc,eutils	GOOD	1	0	1	0	2	0	C1+类语境(眼/类词)命中(基因豁免)	2020-22
F3	markers_membrane_v1.json	R2_prov_ctx	/provenance/cDC2/S100A10[2]	cDC2	S100A10	37272764	Sortilin diabetic retina		该类注释的文献语境 (v1 MCP 检索实证), 非该基因的逐条引用	Sortilin Inhibition Protects Neurons From Degeneration in the Diabetic Retina.	Investigative ophthalmology & visual science	2023 Jun	epmc,eutils	GOOD	1	0	1	0	3	0	C1+类语境(眼/类词)命中(基因豁免)	2023
F3	markers_membrane_v1.json	R2_prov_ctx	/provenance/pDC/LILRA4[1]	pDC	LILRA4	34006945	scRNA human retina DR		该类注释的文献语境 (v1 MCP 检索实证), 非该基因的逐条引用	In-depth transcriptomic analysis of human retina reveals molecular mechanisms underlying diabetic retinopathy.	Scientific reports	2021 May	epmc,eutils	GOOD	1	0	1	0	2	0	C1+类语境(眼/类词)命中(基因豁免)	2020-22
F3	markers_membrane_v1.json	R2_prov_ctx	/provenance/pDC/LILRA4[2]	pDC	LILRA4	37272764	Sortilin diabetic retina		该类注释的文献语境 (v1 MCP 检索实证), 非该基因的逐条引用	Sortilin Inhibition Protects Neurons From Degeneration in the Diabetic Retina.	Investigative ophthalmology & visual science	2023 Jun	epmc,eutils	GOOD	1	0	1	0	3	0	C1+类语境(眼/类词)命中(基因豁免)	2023
F3	markers_membrane_v1.json	R2_prov_ctx	/provenance/pDC/IL3RA[2]	pDC	IL3RA	34006945	scRNA human retina DR		该类注释的文献语境 (v1 MCP 检索实证), 非该基因的逐条引用	In-depth transcriptomic analysis of human retina reveals molecular mechanisms underlying diabetic retinopathy.	Scientific reports	2021 May	epmc,eutils	GOOD	1	0	1	0	2	0	C1+类语境(眼/类词)命中(基因豁免)	2020-22
F3	markers_membrane_v1.json	R2_prov_ctx	/provenance/pDC/IL3RA[3]	pDC	IL3RA	37272764	Sortilin diabetic retina		该类注释的文献语境 (v1 MCP 检索实证), 非该基因的逐条引用	Sortilin Inhibition Protects Neurons From Degeneration in the Diabetic Retina.	Investigative ophthalmology & visual science	2023 Jun	epmc,eutils	GOOD	1	0	1	0	3	0	C1+类语境(眼/类词)命中(基因豁免)	2023
F3	markers_membrane_v1.json	R2_prov_ctx	/provenance/pDC/IRF7[2]	pDC	IRF7	34006945	scRNA human retina DR		该类注释的文献语境 (v1 MCP 检索实证), 非该基因的逐条引用	In-depth transcriptomic analysis of human retina reveals molecular mechanisms underlying diabetic retinopathy.	Scientific reports	2021 May	epmc,eutils	GOOD	1	0	1	0	2	0	C1+类语境(眼/类词)命中(基因豁免)	2020-22
F3	markers_membrane_v1.json	R2_prov_ctx	/provenance/pDC/IRF7[3]	pDC	IRF7	37272764	Sortilin diabetic retina		该类注释的文献语境 (v1 MCP 检索实证), 非该基因的逐条引用	Sortilin Inhibition Protects Neurons From Degeneration in the Diabetic Retina.	Investigative ophthalmology & visual science	2023 Jun	epmc,eutils	GOOD	1	0	1	0	3	0	C1+类语境(眼/类词)命中(基因豁免)	2023
F3	markers_membrane_v1.json	R2_prov_ctx	/provenance/pDC/GZMB[2]	pDC	GZMB	34006945	scRNA human retina DR		该类注释的文献语境 (v1 MCP 检索实证), 非该基因的逐条引用	In-depth transcriptomic analysis of human retina reveals molecular mechanisms underlying diabetic retinopathy.	Scientific reports	2021 May	epmc,eutils	GOOD	1	0	1	0	2	0	C1+类语境(眼/类词)命中(基因豁免)	2020-22
F3	markers_membrane_v1.json	R2_prov_ctx	/provenance/pDC/GZMB[3]	pDC	GZMB	37272764	Sortilin diabetic retina		该类注释的文献语境 (v1 MCP 检索实证), 非该基因的逐条引用	Sortilin Inhibition Protects Neurons From Degeneration in the Diabetic Retina.	Investigative ophthalmology & visual science	2023 Jun	epmc,eutils	GOOD	1	0	1	0	3	0	C1+类语境(眼/类词)命中(基因豁免)	2023
F3	markers_membrane_v1.json	R2_prov_ctx	/provenance/pDC/PLD4[2]	pDC	PLD4	34006945	scRNA human retina DR		该类注释的文献语境 (v1 MCP 检索实证), 非该基因的逐条引用	In-depth transcriptomic analysis of human retina reveals molecular mechanisms underlying diabetic retinopathy.	Scientific reports	2021 May	epmc,eutils	GOOD	1	0	1	0	2	0	C1+类语境(眼/类词)命中(基因豁免)	2020-22
F3	markers_membrane_v1.json	R2_prov_ctx	/provenance/pDC/PLD4[3]	pDC	PLD4	37272764	Sortilin diabetic retina		该类注释的文献语境 (v1 MCP 检索实证), 非该基因的逐条引用	Sortilin Inhibition Protects Neurons From Degeneration in the Diabetic Retina.	Investigative ophthalmology & visual science	2023 Jun	epmc,eutils	GOOD	1	0	1	0	3	0	C1+类语境(眼/类词)命中(基因豁免)	2023
F3	markers_membrane_v1.json	R2_prov_ctx	/provenance/pDC/CLEC4C[1]	pDC	CLEC4C	34006945	scRNA human retina DR		该类注释的文献语境 (v1 MCP 检索实证), 非该基因的逐条引用	In-depth transcriptomic analysis of human retina reveals molecular mechanisms underlying diabetic retinopathy.	Scientific reports	2021 May	epmc,eutils	GOOD	1	0	1	0	2	0	C1+类语境(眼/类词)命中(基因豁免)	2020-22
F3	markers_membrane_v1.json	R2_prov_ctx	/provenance/pDC/CLEC4C[2]	pDC	CLEC4C	37272764	Sortilin diabetic retina		该类注释的文献语境 (v1 MCP 检索实证), 非该基因的逐条引用	Sortilin Inhibition Protects Neurons From Degeneration in the Diabetic Retina.	Investigative ophthalmology & visual science	2023 Jun	epmc,eutils	GOOD	1	0	1	0	3	0	C1+类语境(眼/类词)命中(基因豁免)	2023
F3	markers_membrane_v1.json	R2_prov_ctx	/provenance/pDC/TCF4[1]	pDC	TCF4	34006945	scRNA human retina DR		该类注释的文献语境 (v1 MCP 检索实证), 非该基因的逐条引用	In-depth transcriptomic analysis of human retina reveals molecular mechanisms underlying diabetic retinopathy.	Scientific reports	2021 May	epmc,eutils	GOOD	1	0	1	0	2	0	C1+类语境(眼/类词)命中(基因豁免)	2020-22
F3	markers_membrane_v1.json	R2_prov_ctx	/provenance/pDC/TCF4[2]	pDC	TCF4	37272764	Sortilin diabetic retina		该类注释的文献语境 (v1 MCP 检索实证), 非该基因的逐条引用	Sortilin Inhibition Protects Neurons From Degeneration in the Diabetic Retina.	Investigative ophthalmology & visual science	2023 Jun	epmc,eutils	GOOD	1	0	1	0	3	0	C1+类语境(眼/类词)命中(基因豁免)	2023
F3	markers_membrane_v1.json	R2_prov_ctx	/provenance/pDC/SERPINF1[2]	pDC	SERPINF1	34006945	scRNA human retina DR		该类注释的文献语境 (v1 MCP 检索实证), 非该基因的逐条引用	In-depth transcriptomic analysis of human retina reveals molecular mechanisms underlying diabetic retinopathy.	Scientific reports	2021 May	epmc,eutils	GOOD	1	0	1	0	2	0	C1+类语境(眼/类词)命中(基因豁免)	2020-22
F3	markers_membrane_v1.json	R2_prov_ctx	/provenance/pDC/SERPINF1[3]	pDC	SERPINF1	37272764	Sortilin diabetic retina		该类注释的文献语境 (v1 MCP 检索实证), 非该基因的逐条引用	Sortilin Inhibition Protects Neurons From Degeneration in the Diabetic Retina.	Investigative ophthalmology & visual science	2023 Jun	epmc,eutils	GOOD	1	0	1	0	3	0	C1+类语境(眼/类词)命中(基因豁免)	2023
F3	markers_membrane_v1.json	R2_prov_ctx	/provenance/pDC/JCHAIN[2]	pDC	JCHAIN	34006945	scRNA human retina DR		该类注释的文献语境 (v1 MCP 检索实证), 非该基因的逐条引用	In-depth transcriptomic analysis of human retina reveals molecular mechanisms underlying diabetic retinopathy.	Scientific reports	2021 May	epmc,eutils	GOOD	1	0	1	0	2	0	C1+类语境(眼/类词)命中(基因豁免)	2020-22
F3	markers_membrane_v1.json	R2_prov_ctx	/provenance/pDC/JCHAIN[3]	pDC	JCHAIN	37272764	Sortilin diabetic retina		该类注释的文献语境 (v1 MCP 检索实证), 非该基因的逐条引用	Sortilin Inhibition Protects Neurons From Degeneration in the Diabetic Retina.	Investigative ophthalmology & visual science	2023 Jun	epmc,eutils	GOOD	1	0	1	0	3	0	C1+类语境(眼/类词)命中(基因豁免)	2023
F3	markers_membrane_v1.json	R2_prov_ctx	/provenance/T/CD3D[2]	T	CD3D	34006945	scRNA human retina DR		该类注释的文献语境 (v1 MCP 检索实证), 非该基因的逐条引用	In-depth transcriptomic analysis of human retina reveals molecular mechanisms underlying diabetic retinopathy.	Scientific reports	2021 May	epmc,eutils	GOOD	1	0	1	0	2	0	C1+类语境(眼/类词)命中(基因豁免)	2020-22
F3	markers_membrane_v1.json	R2_prov_ctx	/provenance/T/CD3D[3]	T	CD3D	36350619	Conjunctiva resident gd T cells		该类注释的文献语境 (v1 MCP 检索实证), 非该基因的逐条引用	Conjunctiva Resident γδ T Cells Expressed High Level of IL-17A and Promoted the Severity of Dry Eye.	Investigative ophthalmology & visual science	2022 Nov	epmc,eutils	GOOD	1	0	1	0	2	0	C1+类语境(眼/类词)命中(基因豁免)	2020-22
F3	markers_membrane_v1.json	R2_prov_ctx	/provenance/T/CD3E[2]	T	CD3E	34006945	scRNA human retina DR		该类注释的文献语境 (v1 MCP 检索实证), 非该基因的逐条引用	In-depth transcriptomic analysis of human retina reveals molecular mechanisms underlying diabetic retinopathy.	Scientific reports	2021 May	epmc,eutils	GOOD	1	0	1	0	2	0	C1+类语境(眼/类词)命中(基因豁免)	2020-22
F3	markers_membrane_v1.json	R2_prov_ctx	/provenance/T/CD3E[3]	T	CD3E	36350619	Conjunctiva resident gd T cells		该类注释的文献语境 (v1 MCP 检索实证), 非该基因的逐条引用	Conjunctiva Resident γδ T Cells Expressed High Level of IL-17A and Promoted the Severity of Dry Eye.	Investigative ophthalmology & visual science	2022 Nov	epmc,eutils	GOOD	1	0	1	0	2	0	C1+类语境(眼/类词)命中(基因豁免)	2020-22
F3	markers_membrane_v1.json	R2_prov_ctx	/provenance/T/CD3G[2]	T	CD3G	34006945	scRNA human retina DR		该类注释的文献语境 (v1 MCP 检索实证), 非该基因的逐条引用	In-depth transcriptomic analysis of human retina reveals molecular mechanisms underlying diabetic retinopathy.	Scientific reports	2021 May	epmc,eutils	GOOD	1	0	1	0	2	0	C1+类语境(眼/类词)命中(基因豁免)	2020-22
F3	markers_membrane_v1.json	R2_prov_ctx	/provenance/T/CD3G[3]	T	CD3G	36350619	Conjunctiva resident gd T cells		该类注释的文献语境 (v1 MCP 检索实证), 非该基因的逐条引用	Conjunctiva Resident γδ T Cells Expressed High Level of IL-17A and Promoted the Severity of Dry Eye.	Investigative ophthalmology & visual science	2022 Nov	epmc,eutils	GOOD	1	0	1	0	2	0	C1+类语境(眼/类词)命中(基因豁免)	2020-22
F3	markers_membrane_v1.json	R2_prov_ctx	/provenance/T/CD2[2]	T	CD2	34006945	scRNA human retina DR		该类注释的文献语境 (v1 MCP 检索实证), 非该基因的逐条引用	In-depth transcriptomic analysis of human retina reveals molecular mechanisms underlying diabetic retinopathy.	Scientific reports	2021 May	epmc,eutils	GOOD	1	0	1	0	2	0	C1+类语境(眼/类词)命中(基因豁免)	2020-22
F3	markers_membrane_v1.json	R2_prov_ctx	/provenance/T/CD2[3]	T	CD2	36350619	Conjunctiva resident gd T cells		该类注释的文献语境 (v1 MCP 检索实证), 非该基因的逐条引用	Conjunctiva Resident γδ T Cells Expressed High Level of IL-17A and Promoted the Severity of Dry Eye.	Investigative ophthalmology & visual science	2022 Nov	epmc,eutils	GOOD	1	0	1	0	2	0	C1+类语境(眼/类词)命中(基因豁免)	2020-22
F3	markers_membrane_v1.json	R2_prov_ctx	/provenance/T/TRAC[2]	T	TRAC	34006945	scRNA human retina DR		该类注释的文献语境 (v1 MCP 检索实证), 非该基因的逐条引用	In-depth transcriptomic analysis of human retina reveals molecular mechanisms underlying diabetic retinopathy.	Scientific reports	2021 May	epmc,eutils	GOOD	1	0	1	0	2	0	C1+类语境(眼/类词)命中(基因豁免)	2020-22
F3	markers_membrane_v1.json	R2_prov_ctx	/provenance/T/TRAC[3]	T	TRAC	36350619	Conjunctiva resident gd T cells		该类注释的文献语境 (v1 MCP 检索实证), 非该基因的逐条引用	Conjunctiva Resident γδ T Cells Expressed High Level of IL-17A and Promoted the Severity of Dry Eye.	Investigative ophthalmology & visual science	2022 Nov	epmc,eutils	GOOD	1	0	1	0	2	0	C1+类语境(眼/类词)命中(基因豁免)	2020-22
F3	markers_membrane_v1.json	R2_prov_ctx	/provenance/T/TRBC2[2]	T	TRBC2	34006945	scRNA human retina DR		该类注释的文献语境 (v1 MCP 检索实证), 非该基因的逐条引用	In-depth transcriptomic analysis of human retina reveals molecular mechanisms underlying diabetic retinopathy.	Scientific reports	2021 May	epmc,eutils	GOOD	1	0	1	0	2	0	C1+类语境(眼/类词)命中(基因豁免)	2020-22
F3	markers_membrane_v1.json	R2_prov_ctx	/provenance/T/TRBC2[3]	T	TRBC2	36350619	Conjunctiva resident gd T cells		该类注释的文献语境 (v1 MCP 检索实证), 非该基因的逐条引用	Conjunctiva Resident γδ T Cells Expressed High Level of IL-17A and Promoted the Severity of Dry Eye.	Investigative ophthalmology & visual science	2022 Nov	epmc,eutils	GOOD	1	0	1	0	2	0	C1+类语境(眼/类词)命中(基因豁免)	2020-22
F3	markers_membrane_v1.json	R2_prov_ctx	/provenance/T/IL7R[2]	T	IL7R	34006945	scRNA human retina DR		该类注释的文献语境 (v1 MCP 检索实证), 非该基因的逐条引用	In-depth transcriptomic analysis of human retina reveals molecular mechanisms underlying diabetic retinopathy.	Scientific reports	2021 May	epmc,eutils	GOOD	1	0	1	0	2	0	C1+类语境(眼/类词)命中(基因豁免)	2020-22
F3	markers_membrane_v1.json	R2_prov_ctx	/provenance/T/IL7R[3]	T	IL7R	36350619	Conjunctiva resident gd T cells		该类注释的文献语境 (v1 MCP 检索实证), 非该基因的逐条引用	Conjunctiva Resident γδ T Cells Expressed High Level of IL-17A and Promoted the Severity of Dry Eye.	Investigative ophthalmology & visual science	2022 Nov	epmc,eutils	GOOD	1	0	1	0	2	0	C1+类语境(眼/类词)命中(基因豁免)	2020-22
F3	markers_membrane_v1.json	R2_prov_ctx	/provenance/T/CCL5[1]	T	CCL5	34006945	scRNA human retina DR		该类注释的文献语境 (v1 MCP 检索实证), 非该基因的逐条引用	In-depth transcriptomic analysis of human retina reveals molecular mechanisms underlying diabetic retinopathy.	Scientific reports	2021 May	epmc,eutils	GOOD	1	0	1	0	2	0	C1+类语境(眼/类词)命中(基因豁免)	2020-22
F3	markers_membrane_v1.json	R2_prov_ctx	/provenance/T/CCL5[2]	T	CCL5	36350619	Conjunctiva resident gd T cells		该类注释的文献语境 (v1 MCP 检索实证), 非该基因的逐条引用	Conjunctiva Resident γδ T Cells Expressed High Level of IL-17A and Promoted the Severity of Dry Eye.	Investigative ophthalmology & visual science	2022 Nov	epmc,eutils	GOOD	1	0	1	0	2	0	C1+类语境(眼/类词)命中(基因豁免)	2020-22
F3	markers_membrane_v1.json	R2_prov_ctx	/provenance/T/CD69[2]	T	CD69	34006945	scRNA human retina DR		该类注释的文献语境 (v1 MCP 检索实证), 非该基因的逐条引用	In-depth transcriptomic analysis of human retina reveals molecular mechanisms underlying diabetic retinopathy.	Scientific reports	2021 May	epmc,eutils	GOOD	1	0	1	0	2	0	C1+类语境(眼/类词)命中(基因豁免)	2020-22
F3	markers_membrane_v1.json	R2_prov_ctx	/provenance/T/CD69[3]	T	CD69	36350619	Conjunctiva resident gd T cells		该类注释的文献语境 (v1 MCP 检索实证), 非该基因的逐条引用	Conjunctiva Resident γδ T Cells Expressed High Level of IL-17A and Promoted the Severity of Dry Eye.	Investigative ophthalmology & visual science	2022 Nov	epmc,eutils	GOOD	1	0	1	0	2	0	C1+类语境(眼/类词)命中(基因豁免)	2020-22
F3	markers_membrane_v1.json	R2_prov_ctx	/provenance/T/LCK[1]	T	LCK	34006945	scRNA human retina DR		该类注释的文献语境 (v1 MCP 检索实证), 非该基因的逐条引用	In-depth transcriptomic analysis of human retina reveals molecular mechanisms underlying diabetic retinopathy.	Scientific reports	2021 May	epmc,eutils	GOOD	1	0	1	0	2	0	C1+类语境(眼/类词)命中(基因豁免)	2020-22
F3	markers_membrane_v1.json	R2_prov_ctx	/provenance/T/LCK[2]	T	LCK	36350619	Conjunctiva resident gd T cells		该类注释的文献语境 (v1 MCP 检索实证), 非该基因的逐条引用	Conjunctiva Resident γδ T Cells Expressed High Level of IL-17A and Promoted the Severity of Dry Eye.	Investigative ophthalmology & visual science	2022 Nov	epmc,eutils	GOOD	1	0	1	0	2	0	C1+类语境(眼/类词)命中(基因豁免)	2020-22
F3	markers_membrane_v1.json	R2_prov_ctx	/provenance/T/SKAP1[1]	T	SKAP1	34006945	scRNA human retina DR		该类注释的文献语境 (v1 MCP 检索实证), 非该基因的逐条引用	In-depth transcriptomic analysis of human retina reveals molecular mechanisms underlying diabetic retinopathy.	Scientific reports	2021 May	epmc,eutils	GOOD	1	0	1	0	2	0	C1+类语境(眼/类词)命中(基因豁免)	2020-22
F3	markers_membrane_v1.json	R2_prov_ctx	/provenance/T/SKAP1[2]	T	SKAP1	36350619	Conjunctiva resident gd T cells		该类注释的文献语境 (v1 MCP 检索实证), 非该基因的逐条引用	Conjunctiva Resident γδ T Cells Expressed High Level of IL-17A and Promoted the Severity of Dry Eye.	Investigative ophthalmology & visual science	2022 Nov	epmc,eutils	GOOD	1	0	1	0	2	0	C1+类语境(眼/类词)命中(基因豁免)	2020-22
F3	markers_membrane_v1.json	R2_prov_ctx	/provenance/NK/GNLY[1]	NK	GNLY	34006945	scRNA human retina DR		该类注释的文献语境 (v1 MCP 检索实证), 非该基因的逐条引用	In-depth transcriptomic analysis of human retina reveals molecular mechanisms underlying diabetic retinopathy.	Scientific reports	2021 May	epmc,eutils	GOOD	1	0	1	0	2	0	C1+类语境(眼/类词)命中(基因豁免)	2020-22
F3	markers_membrane_v1.json	R2_prov_ctx	/provenance/NK/GNLY[2]	NK	GNLY	36350619	Conjunctiva resident gd T cells		该类注释的文献语境 (v1 MCP 检索实证), 非该基因的逐条引用	Conjunctiva Resident γδ T Cells Expressed High Level of IL-17A and Promoted the Severity of Dry Eye.	Investigative ophthalmology & visual science	2022 Nov	epmc,eutils	GOOD	1	0	1	0	2	0	C1+类语境(眼/类词)命中(基因豁免)	2020-22
F3	markers_membrane_v1.json	R2_prov_ctx	/provenance/NK/NKG7[1]	NK	NKG7	34006945	scRNA human retina DR		该类注释的文献语境 (v1 MCP 检索实证), 非该基因的逐条引用	In-depth transcriptomic analysis of human retina reveals molecular mechanisms underlying diabetic retinopathy.	Scientific reports	2021 May	epmc,eutils	GOOD	1	0	1	0	2	0	C1+类语境(眼/类词)命中(基因豁免)	2020-22
F3	markers_membrane_v1.json	R2_prov_ctx	/provenance/NK/NKG7[2]	NK	NKG7	36350619	Conjunctiva resident gd T cells		该类注释的文献语境 (v1 MCP 检索实证), 非该基因的逐条引用	Conjunctiva Resident γδ T Cells Expressed High Level of IL-17A and Promoted the Severity of Dry Eye.	Investigative ophthalmology & visual science	2022 Nov	epmc,eutils	GOOD	1	0	1	0	2	0	C1+类语境(眼/类词)命中(基因豁免)	2020-22
F3	markers_membrane_v1.json	R2_prov_ctx	/provenance/NK/KLRD1[1]	NK	KLRD1	34006945	scRNA human retina DR		该类注释的文献语境 (v1 MCP 检索实证), 非该基因的逐条引用	In-depth transcriptomic analysis of human retina reveals molecular mechanisms underlying diabetic retinopathy.	Scientific reports	2021 May	epmc,eutils	GOOD	1	0	1	0	2	0	C1+类语境(眼/类词)命中(基因豁免)	2020-22
F3	markers_membrane_v1.json	R2_prov_ctx	/provenance/NK/KLRD1[2]	NK	KLRD1	36350619	Conjunctiva resident gd T cells		该类注释的文献语境 (v1 MCP 检索实证), 非该基因的逐条引用	Conjunctiva Resident γδ T Cells Expressed High Level of IL-17A and Promoted the Severity of Dry Eye.	Investigative ophthalmology & visual science	2022 Nov	epmc,eutils	GOOD	1	0	1	0	2	0	C1+类语境(眼/类词)命中(基因豁免)	2020-22
F3	markers_membrane_v1.json	R2_prov_ctx	/provenance/NK/KLRF1[1]	NK	KLRF1	34006945	scRNA human retina DR		该类注释的文献语境 (v1 MCP 检索实证), 非该基因的逐条引用	In-depth transcriptomic analysis of human retina reveals molecular mechanisms underlying diabetic retinopathy.	Scientific reports	2021 May	epmc,eutils	GOOD	1	0	1	0	2	0	C1+类语境(眼/类词)命中(基因豁免)	2020-22
F3	markers_membrane_v1.json	R2_prov_ctx	/provenance/NK/KLRF1[2]	NK	KLRF1	36350619	Conjunctiva resident gd T cells		该类注释的文献语境 (v1 MCP 检索实证), 非该基因的逐条引用	Conjunctiva Resident γδ T Cells Expressed High Level of IL-17A and Promoted the Severity of Dry Eye.	Investigative ophthalmology & visual science	2022 Nov	epmc,eutils	GOOD	1	0	1	0	2	0	C1+类语境(眼/类词)命中(基因豁免)	2020-22
F3	markers_membrane_v1.json	R2_prov_ctx	/provenance/NK/FGFBP2[1]	NK	FGFBP2	34006945	scRNA human retina DR		该类注释的文献语境 (v1 MCP 检索实证), 非该基因的逐条引用	In-depth transcriptomic analysis of human retina reveals molecular mechanisms underlying diabetic retinopathy.	Scientific reports	2021 May	epmc,eutils	GOOD	1	0	1	0	2	0	C1+类语境(眼/类词)命中(基因豁免)	2020-22
F3	markers_membrane_v1.json	R2_prov_ctx	/provenance/NK/FGFBP2[2]	NK	FGFBP2	36350619	Conjunctiva resident gd T cells		该类注释的文献语境 (v1 MCP 检索实证), 非该基因的逐条引用	Conjunctiva Resident γδ T Cells Expressed High Level of IL-17A and Promoted the Severity of Dry Eye.	Investigative ophthalmology & visual science	2022 Nov	epmc,eutils	GOOD	1	0	1	0	2	0	C1+类语境(眼/类词)命中(基因豁免)	2020-22
F3	markers_membrane_v1.json	R2_prov_ctx	/provenance/NK/NCR3[1]	NK	NCR3	34006945	scRNA human retina DR		该类注释的文献语境 (v1 MCP 检索实证), 非该基因的逐条引用	In-depth transcriptomic analysis of human retina reveals molecular mechanisms underlying diabetic retinopathy.	Scientific reports	2021 May	epmc,eutils	GOOD	1	0	1	0	2	0	C1+类语境(眼/类词)命中(基因豁免)	2020-22
F3	markers_membrane_v1.json	R2_prov_ctx	/provenance/NK/NCR3[2]	NK	NCR3	36350619	Conjunctiva resident gd T cells		该类注释的文献语境 (v1 MCP 检索实证), 非该基因的逐条引用	Conjunctiva Resident γδ T Cells Expressed High Level of IL-17A and Promoted the Severity of Dry Eye.	Investigative ophthalmology & visual science	2022 Nov	epmc,eutils	GOOD	1	0	1	0	2	0	C1+类语境(眼/类词)命中(基因豁免)	2020-22
F3	markers_membrane_v1.json	R2_prov_ctx	/provenance/NK/PRF1[1]	NK	PRF1	34006945	scRNA human retina DR		该类注释的文献语境 (v1 MCP 检索实证), 非该基因的逐条引用	In-depth transcriptomic analysis of human retina reveals molecular mechanisms underlying diabetic retinopathy.	Scientific reports	2021 May	epmc,eutils	GOOD	1	0	1	0	2	0	C1+类语境(眼/类词)命中(基因豁免)	2020-22
F3	markers_membrane_v1.json	R2_prov_ctx	/provenance/NK/PRF1[2]	NK	PRF1	36350619	Conjunctiva resident gd T cells		该类注释的文献语境 (v1 MCP 检索实证), 非该基因的逐条引用	Conjunctiva Resident γδ T Cells Expressed High Level of IL-17A and Promoted the Severity of Dry Eye.	Investigative ophthalmology & visual science	2022 Nov	epmc,eutils	GOOD	1	0	1	0	2	0	C1+类语境(眼/类词)命中(基因豁免)	2020-22
F3	markers_membrane_v1.json	R2_prov_ctx	/provenance/B/MS4A1[1]	B	MS4A1	34006945	scRNA human retina DR		该类注释的文献语境 (v1 MCP 检索实证), 非该基因的逐条引用	In-depth transcriptomic analysis of human retina reveals molecular mechanisms underlying diabetic retinopathy.	Scientific reports	2021 May	epmc,eutils	GOOD	1	0	1	0	2	0	C1+类语境(眼/类词)命中(基因豁免)	2020-22
F3	markers_membrane_v1.json	R2_prov_ctx	/provenance/B/MS4A1[2]	B	MS4A1	36350619	Conjunctiva resident gd T cells		该类注释的文献语境 (v1 MCP 检索实证), 非该基因的逐条引用	Conjunctiva Resident γδ T Cells Expressed High Level of IL-17A and Promoted the Severity of Dry Eye.	Investigative ophthalmology & visual science	2022 Nov	epmc,eutils	GOOD	1	0	1	0	2	0	C1+类语境(眼/类词)命中(基因豁免)	2020-22
F3	markers_membrane_v1.json	R2_prov_ctx	/provenance/B/CD79A[2]	B	CD79A	34006945	scRNA human retina DR		该类注释的文献语境 (v1 MCP 检索实证), 非该基因的逐条引用	In-depth transcriptomic analysis of human retina reveals molecular mechanisms underlying diabetic retinopathy.	Scientific reports	2021 May	epmc,eutils	GOOD	1	0	1	0	2	0	C1+类语境(眼/类词)命中(基因豁免)	2020-22
F3	markers_membrane_v1.json	R2_prov_ctx	/provenance/B/CD79A[3]	B	CD79A	36350619	Conjunctiva resident gd T cells		该类注释的文献语境 (v1 MCP 检索实证), 非该基因的逐条引用	Conjunctiva Resident γδ T Cells Expressed High Level of IL-17A and Promoted the Severity of Dry Eye.	Investigative ophthalmology & visual science	2022 Nov	epmc,eutils	GOOD	1	0	1	0	2	0	C1+类语境(眼/类词)命中(基因豁免)	2020-22
F3	markers_membrane_v1.json	R2_prov_ctx	/provenance/B/CD79B[1]	B	CD79B	34006945	scRNA human retina DR		该类注释的文献语境 (v1 MCP 检索实证), 非该基因的逐条引用	In-depth transcriptomic analysis of human retina reveals molecular mechanisms underlying diabetic retinopathy.	Scientific reports	2021 May	epmc,eutils	GOOD	1	0	1	0	2	0	C1+类语境(眼/类词)命中(基因豁免)	2020-22
F3	markers_membrane_v1.json	R2_prov_ctx	/provenance/B/CD79B[2]	B	CD79B	36350619	Conjunctiva resident gd T cells		该类注释的文献语境 (v1 MCP 检索实证), 非该基因的逐条引用	Conjunctiva Resident γδ T Cells Expressed High Level of IL-17A and Promoted the Severity of Dry Eye.	Investigative ophthalmology & visual science	2022 Nov	epmc,eutils	GOOD	1	0	1	0	2	0	C1+类语境(眼/类词)命中(基因豁免)	2020-22
F3	markers_membrane_v1.json	R2_prov_ctx	/provenance/B/PAX5[1]	B	PAX5	34006945	scRNA human retina DR		该类注释的文献语境 (v1 MCP 检索实证), 非该基因的逐条引用	In-depth transcriptomic analysis of human retina reveals molecular mechanisms underlying diabetic retinopathy.	Scientific reports	2021 May	epmc,eutils	GOOD	1	0	1	0	2	0	C1+类语境(眼/类词)命中(基因豁免)	2020-22
F3	markers_membrane_v1.json	R2_prov_ctx	/provenance/B/PAX5[2]	B	PAX5	36350619	Conjunctiva resident gd T cells		该类注释的文献语境 (v1 MCP 检索实证), 非该基因的逐条引用	Conjunctiva Resident γδ T Cells Expressed High Level of IL-17A and Promoted the Severity of Dry Eye.	Investigative ophthalmology & visual science	2022 Nov	epmc,eutils	GOOD	1	0	1	0	2	0	C1+类语境(眼/类词)命中(基因豁免)	2020-22
F3	markers_membrane_v1.json	R2_prov_ctx	/provenance/B/BANK1[1]	B	BANK1	34006945	scRNA human retina DR		该类注释的文献语境 (v1 MCP 检索实证), 非该基因的逐条引用	In-depth transcriptomic analysis of human retina reveals molecular mechanisms underlying diabetic retinopathy.	Scientific reports	2021 May	epmc,eutils	GOOD	1	0	1	0	2	0	C1+类语境(眼/类词)命中(基因豁免)	2020-22
F3	markers_membrane_v1.json	R2_prov_ctx	/provenance/B/BANK1[2]	B	BANK1	36350619	Conjunctiva resident gd T cells		该类注释的文献语境 (v1 MCP 检索实证), 非该基因的逐条引用	Conjunctiva Resident γδ T Cells Expressed High Level of IL-17A and Promoted the Severity of Dry Eye.	Investigative ophthalmology & visual science	2022 Nov	epmc,eutils	GOOD	1	0	1	0	2	0	C1+类语境(眼/类词)命中(基因豁免)	2020-22
F3	markers_membrane_v1.json	R2_prov_ctx	/provenance/B/IGKC[2]	B	IGKC	34006945	scRNA human retina DR		该类注释的文献语境 (v1 MCP 检索实证), 非该基因的逐条引用	In-depth transcriptomic analysis of human retina reveals molecular mechanisms underlying diabetic retinopathy.	Scientific reports	2021 May	epmc,eutils	GOOD	1	0	1	0	2	0	C1+类语境(眼/类词)命中(基因豁免)	2020-22
F3	markers_membrane_v1.json	R2_prov_ctx	/provenance/B/IGKC[3]	B	IGKC	36350619	Conjunctiva resident gd T cells		该类注释的文献语境 (v1 MCP 检索实证), 非该基因的逐条引用	Conjunctiva Resident γδ T Cells Expressed High Level of IL-17A and Promoted the Severity of Dry Eye.	Investigative ophthalmology & visual science	2022 Nov	epmc,eutils	GOOD	1	0	1	0	2	0	C1+类语境(眼/类词)命中(基因豁免)	2020-22
F3	markers_membrane_v1.json	R2_prov_ctx	/provenance/B/TCL1A[1]	B	TCL1A	34006945	scRNA human retina DR		该类注释的文献语境 (v1 MCP 检索实证), 非该基因的逐条引用	In-depth transcriptomic analysis of human retina reveals molecular mechanisms underlying diabetic retinopathy.	Scientific reports	2021 May	epmc,eutils	GOOD	1	0	1	0	2	0	C1+类语境(眼/类词)命中(基因豁免)	2020-22
F3	markers_membrane_v1.json	R2_prov_ctx	/provenance/B/TCL1A[2]	B	TCL1A	36350619	Conjunctiva resident gd T cells		该类注释的文献语境 (v1 MCP 检索实证), 非该基因的逐条引用	Conjunctiva Resident γδ T Cells Expressed High Level of IL-17A and Promoted the Severity of Dry Eye.	Investigative ophthalmology & visual science	2022 Nov	epmc,eutils	GOOD	1	0	1	0	2	0	C1+类语境(眼/类词)命中(基因豁免)	2020-22
F3	markers_membrane_v1.json	R2_prov_ctx	/provenance/Plasma/MZB1[2]	Plasma	MZB1	34006945	scRNA human retina DR		该类注释的文献语境 (v1 MCP 检索实证), 非该基因的逐条引用	In-depth transcriptomic analysis of human retina reveals molecular mechanisms underlying diabetic retinopathy.	Scientific reports	2021 May	epmc,eutils	GOOD	1	0	1	0	2	0	C1+类语境(眼/类词)命中(基因豁免)	2020-22
F3	markers_membrane_v1.json	R2_prov_ctx	/provenance/Plasma/MZB1[3]	Plasma	MZB1	36350619	Conjunctiva resident gd T cells		该类注释的文献语境 (v1 MCP 检索实证), 非该基因的逐条引用	Conjunctiva Resident γδ T Cells Expressed High Level of IL-17A and Promoted the Severity of Dry Eye.	Investigative ophthalmology & visual science	2022 Nov	epmc,eutils	GOOD	1	0	1	0	2	0	C1+类语境(眼/类词)命中(基因豁免)	2020-22
F3	markers_membrane_v1.json	R2_prov_ctx	/provenance/Plasma/JCHAIN[2]	Plasma	JCHAIN	34006945	scRNA human retina DR		该类注释的文献语境 (v1 MCP 检索实证), 非该基因的逐条引用	In-depth transcriptomic analysis of human retina reveals molecular mechanisms underlying diabetic retinopathy.	Scientific reports	2021 May	epmc,eutils	GOOD	1	0	1	0	2	0	C1+类语境(眼/类词)命中(基因豁免)	2020-22
F3	markers_membrane_v1.json	R2_prov_ctx	/provenance/Plasma/JCHAIN[3]	Plasma	JCHAIN	36350619	Conjunctiva resident gd T cells		该类注释的文献语境 (v1 MCP 检索实证), 非该基因的逐条引用	Conjunctiva Resident γδ T Cells Expressed High Level of IL-17A and Promoted the Severity of Dry Eye.	Investigative ophthalmology & visual science	2022 Nov	epmc,eutils	GOOD	1	0	1	0	2	0	C1+类语境(眼/类词)命中(基因豁免)	2020-22
F3	markers_membrane_v1.json	R2_prov_ctx	/provenance/Plasma/XBP1[2]	Plasma	XBP1	34006945	scRNA human retina DR		该类注释的文献语境 (v1 MCP 检索实证), 非该基因的逐条引用	In-depth transcriptomic analysis of human retina reveals molecular mechanisms underlying diabetic retinopathy.	Scientific reports	2021 May	epmc,eutils	GOOD	1	0	1	0	2	0	C1+类语境(眼/类词)命中(基因豁免)	2020-22
F3	markers_membrane_v1.json	R2_prov_ctx	/provenance/Plasma/XBP1[3]	Plasma	XBP1	36350619	Conjunctiva resident gd T cells		该类注释的文献语境 (v1 MCP 检索实证), 非该基因的逐条引用	Conjunctiva Resident γδ T Cells Expressed High Level of IL-17A and Promoted the Severity of Dry Eye.	Investigative ophthalmology & visual science	2022 Nov	epmc,eutils	GOOD	1	0	1	0	2	0	C1+类语境(眼/类词)命中(基因豁免)	2020-22
F3	markers_membrane_v1.json	R2_prov_ctx	/provenance/Plasma/IGHG1[2]	Plasma	IGHG1	34006945	scRNA human retina DR		该类注释的文献语境 (v1 MCP 检索实证), 非该基因的逐条引用	In-depth transcriptomic analysis of human retina reveals molecular mechanisms underlying diabetic retinopathy.	Scientific reports	2021 May	epmc,eutils	GOOD	1	0	1	0	2	0	C1+类语境(眼/类词)命中(基因豁免)	2020-22
F3	markers_membrane_v1.json	R2_prov_ctx	/provenance/Plasma/IGHG1[3]	Plasma	IGHG1	36350619	Conjunctiva resident gd T cells		该类注释的文献语境 (v1 MCP 检索实证), 非该基因的逐条引用	Conjunctiva Resident γδ T Cells Expressed High Level of IL-17A and Promoted the Severity of Dry Eye.	Investigative ophthalmology & visual science	2022 Nov	epmc,eutils	GOOD	1	0	1	0	2	0	C1+类语境(眼/类词)命中(基因豁免)	2020-22
F3	markers_membrane_v1.json	R2_prov_ctx	/provenance/Plasma/SEC11C[2]	Plasma	SEC11C	34006945	scRNA human retina DR		该类注释的文献语境 (v1 MCP 检索实证), 非该基因的逐条引用	In-depth transcriptomic analysis of human retina reveals molecular mechanisms underlying diabetic retinopathy.	Scientific reports	2021 May	epmc,eutils	GOOD	1	0	1	0	2	0	C1+类语境(眼/类词)命中(基因豁免)	2020-22
F3	markers_membrane_v1.json	R2_prov_ctx	/provenance/Plasma/SEC11C[3]	Plasma	SEC11C	36350619	Conjunctiva resident gd T cells		该类注释的文献语境 (v1 MCP 检索实证), 非该基因的逐条引用	Conjunctiva Resident γδ T Cells Expressed High Level of IL-17A and Promoted the Severity of Dry Eye.	Investigative ophthalmology & visual science	2022 Nov	epmc,eutils	GOOD	1	0	1	0	2	0	C1+类语境(眼/类词)命中(基因豁免)	2020-22
F3	markers_membrane_v1.json	R2_prov_ctx	/provenance/Plasma/DERL3[2]	Plasma	DERL3	34006945	scRNA human retina DR		该类注释的文献语境 (v1 MCP 检索实证), 非该基因的逐条引用	In-depth transcriptomic analysis of human retina reveals molecular mechanisms underlying diabetic retinopathy.	Scientific reports	2021 May	epmc,eutils	GOOD	1	0	1	0	2	0	C1+类语境(眼/类词)命中(基因豁免)	2020-22
F3	markers_membrane_v1.json	R2_prov_ctx	/provenance/Plasma/DERL3[3]	Plasma	DERL3	36350619	Conjunctiva resident gd T cells		该类注释的文献语境 (v1 MCP 检索实证), 非该基因的逐条引用	Conjunctiva Resident γδ T Cells Expressed High Level of IL-17A and Promoted the Severity of Dry Eye.	Investigative ophthalmology & visual science	2022 Nov	epmc,eutils	GOOD	1	0	1	0	2	0	C1+类语境(眼/类词)命中(基因豁免)	2020-22
F3	markers_membrane_v1.json	R2_prov_ctx	/provenance/Plasma/SSR4[2]	Plasma	SSR4	34006945	scRNA human retina DR		该类注释的文献语境 (v1 MCP 检索实证), 非该基因的逐条引用	In-depth transcriptomic analysis of human retina reveals molecular mechanisms underlying diabetic retinopathy.	Scientific reports	2021 May	epmc,eutils	GOOD	1	0	1	0	2	0	C1+类语境(眼/类词)命中(基因豁免)	2020-22
F3	markers_membrane_v1.json	R2_prov_ctx	/provenance/Plasma/SSR4[3]	Plasma	SSR4	36350619	Conjunctiva resident gd T cells		该类注释的文献语境 (v1 MCP 检索实证), 非该基因的逐条引用	Conjunctiva Resident γδ T Cells Expressed High Level of IL-17A and Promoted the Severity of Dry Eye.	Investigative ophthalmology & visual science	2022 Nov	epmc,eutils	GOOD	1	0	1	0	2	0	C1+类语境(眼/类词)命中(基因豁免)	2020-22
F3	markers_membrane_v1.json	R2_prov_ctx	/provenance/Plasma/SLAMF7[2]	Plasma	SLAMF7	34006945	scRNA human retina DR		该类注释的文献语境 (v1 MCP 检索实证), 非该基因的逐条引用	In-depth transcriptomic analysis of human retina reveals molecular mechanisms underlying diabetic retinopathy.	Scientific reports	2021 May	epmc,eutils	GOOD	1	0	1	0	2	0	C1+类语境(眼/类词)命中(基因豁免)	2020-22
F3	markers_membrane_v1.json	R2_prov_ctx	/provenance/Plasma/SLAMF7[3]	Plasma	SLAMF7	36350619	Conjunctiva resident gd T cells		该类注释的文献语境 (v1 MCP 检索实证), 非该基因的逐条引用	Conjunctiva Resident γδ T Cells Expressed High Level of IL-17A and Promoted the Severity of Dry Eye.	Investigative ophthalmology & visual science	2022 Nov	epmc,eutils	GOOD	1	0	1	0	2	0	C1+类语境(眼/类词)命中(基因豁免)	2020-22
F3	markers_membrane_v1.json	R2_prov_ctx	/provenance/Plasma/TNFRSF17[2]	Plasma	TNFRSF17	34006945	scRNA human retina DR		该类注释的文献语境 (v1 MCP 检索实证), 非该基因的逐条引用	In-depth transcriptomic analysis of human retina reveals molecular mechanisms underlying diabetic retinopathy.	Scientific reports	2021 May	epmc,eutils	GOOD	1	0	1	0	2	0	C1+类语境(眼/类词)命中(基因豁免)	2020-22
F3	markers_membrane_v1.json	R2_prov_ctx	/provenance/Plasma/TNFRSF17[3]	Plasma	TNFRSF17	36350619	Conjunctiva resident gd T cells		该类注释的文献语境 (v1 MCP 检索实证), 非该基因的逐条引用	Conjunctiva Resident γδ T Cells Expressed High Level of IL-17A and Promoted the Severity of Dry Eye.	Investigative ophthalmology & visual science	2022 Nov	epmc,eutils	GOOD	1	0	1	0	2	0	C1+类语境(眼/类词)命中(基因豁免)	2020-22
F3	markers_membrane_v1.json	R2_prov_ctx	/provenance/Granulocyte/CSF3R[1]	Granulocyte	CSF3R	38409074	unique retinal microglia types early DR		该类注释的文献语境 (v1 MCP 检索实证), 非该基因的逐条引用	Single-cell RNA sequencing reveals roles of unique retinal microglia types in early diabetic retinopathy.	Diabetology & metabolic syndrome	2024 Feb	epmc,eutils	GOOD	1	0	1	0	5	0	C1+类语境(眼/类词)命中(基因豁免)	2024
F3	markers_membrane_v1.json	R2_prov_ctx	/provenance/Granulocyte/CSF3R[2]	Granulocyte	CSF3R	40999978	retinal microglia in DR review		该类注释的文献语境 (v1 MCP 检索实证), 非该基因的逐条引用	Mechanisms of action of retinal microglia in diabetic retinopathy (Review).	International journal of molecular medicine	2025 Dec	epmc,eutils	GOOD	1	0	1	0	3	0	C1+类语境(眼/类词)命中(基因豁免)	2025+
F3	markers_membrane_v1.json	R2_prov_ctx	/provenance/Granulocyte/CSF3R[3]	Granulocyte	CSF3R	36119084	activated retinal microglia metabolic reprogramming		该类注释的文献语境 (v1 MCP 检索实证), 非该基因的逐条引用	Integrated multi-omics reveals the activated retinal microglia with intracellular metabolic reprogramming contributes to inflammation in STZ-induced early diabetic retinopathy.	Frontiers in immunology	2022	epmc,eutils	GOOD	1	0	1	0	5	0	C1+类语境(眼/类词)命中(基因豁免)	2020-22
F3	markers_membrane_v1.json	R2_prov_ctx	/provenance/Granulocyte/CSF3R[4]	Granulocyte	CSF3R	34006945	scRNA human retina DR		该类注释的文献语境 (v1 MCP 检索实证), 非该基因的逐条引用	In-depth transcriptomic analysis of human retina reveals molecular mechanisms underlying diabetic retinopathy.	Scientific reports	2021 May	epmc,eutils	GOOD	1	0	1	0	2	0	C1+类语境(眼/类词)命中(基因豁免)	2020-22
F3	markers_membrane_v1.json	R2_prov_ctx	/provenance/Granulocyte/C5AR1[2]	Granulocyte	C5AR1	38409074	unique retinal microglia types early DR		该类注释的文献语境 (v1 MCP 检索实证), 非该基因的逐条引用	Single-cell RNA sequencing reveals roles of unique retinal microglia types in early diabetic retinopathy.	Diabetology & metabolic syndrome	2024 Feb	epmc,eutils	GOOD	1	0	1	0	5	0	C1+类语境(眼/类词)命中(基因豁免)	2024
F3	markers_membrane_v1.json	R2_prov_ctx	/provenance/Granulocyte/C5AR1[3]	Granulocyte	C5AR1	40999978	retinal microglia in DR review		该类注释的文献语境 (v1 MCP 检索实证), 非该基因的逐条引用	Mechanisms of action of retinal microglia in diabetic retinopathy (Review).	International journal of molecular medicine	2025 Dec	epmc,eutils	GOOD	1	0	1	0	3	0	C1+类语境(眼/类词)命中(基因豁免)	2025+
F3	markers_membrane_v1.json	R2_prov_ctx	/provenance/Granulocyte/C5AR1[4]	Granulocyte	C5AR1	36119084	activated retinal microglia metabolic reprogramming		该类注释的文献语境 (v1 MCP 检索实证), 非该基因的逐条引用	Integrated multi-omics reveals the activated retinal microglia with intracellular metabolic reprogramming contributes to inflammation in STZ-induced early diabetic retinopathy.	Frontiers in immunology	2022	epmc,eutils	GOOD	1	0	1	0	5	0	C1+类语境(眼/类词)命中(基因豁免)	2020-22
F3	markers_membrane_v1.json	R2_prov_ctx	/provenance/Granulocyte/C5AR1[5]	Granulocyte	C5AR1	34006945	scRNA human retina DR		该类注释的文献语境 (v1 MCP 检索实证), 非该基因的逐条引用	In-depth transcriptomic analysis of human retina reveals molecular mechanisms underlying diabetic retinopathy.	Scientific reports	2021 May	epmc,eutils	GOOD	1	0	1	0	2	0	C1+类语境(眼/类词)命中(基因豁免)	2020-22
F3	markers_membrane_v1.json	R2_prov_ctx	/provenance/Granulocyte/ANXA1[2]	Granulocyte	ANXA1	38409074	unique retinal microglia types early DR		该类注释的文献语境 (v1 MCP 检索实证), 非该基因的逐条引用	Single-cell RNA sequencing reveals roles of unique retinal microglia types in early diabetic retinopathy.	Diabetology & metabolic syndrome	2024 Feb	epmc,eutils	GOOD	1	0	1	0	5	0	C1+类语境(眼/类词)命中(基因豁免)	2024
F3	markers_membrane_v1.json	R2_prov_ctx	/provenance/Granulocyte/ANXA1[3]	Granulocyte	ANXA1	40999978	retinal microglia in DR review		该类注释的文献语境 (v1 MCP 检索实证), 非该基因的逐条引用	Mechanisms of action of retinal microglia in diabetic retinopathy (Review).	International journal of molecular medicine	2025 Dec	epmc,eutils	GOOD	1	0	1	0	3	0	C1+类语境(眼/类词)命中(基因豁免)	2025+
F3	markers_membrane_v1.json	R2_prov_ctx	/provenance/Granulocyte/ANXA1[4]	Granulocyte	ANXA1	36119084	activated retinal microglia metabolic reprogramming		该类注释的文献语境 (v1 MCP 检索实证), 非该基因的逐条引用	Integrated multi-omics reveals the activated retinal microglia with intracellular metabolic reprogramming contributes to inflammation in STZ-induced early diabetic retinopathy.	Frontiers in immunology	2022	epmc,eutils	GOOD	1	0	1	0	5	0	C1+类语境(眼/类词)命中(基因豁免)	2020-22
F3	markers_membrane_v1.json	R2_prov_ctx	/provenance/Granulocyte/ANXA1[5]	Granulocyte	ANXA1	34006945	scRNA human retina DR		该类注释的文献语境 (v1 MCP 检索实证), 非该基因的逐条引用	In-depth transcriptomic analysis of human retina reveals molecular mechanisms underlying diabetic retinopathy.	Scientific reports	2021 May	epmc,eutils	GOOD	1	0	1	0	2	0	C1+类语境(眼/类词)命中(基因豁免)	2020-22
F3	markers_membrane_v1.json	R2_prov_ctx	/provenance/Granulocyte/ELANE[1]	Granulocyte	ELANE	38409074	unique retinal microglia types early DR		该类注释的文献语境 (v1 MCP 检索实证), 非该基因的逐条引用	Single-cell RNA sequencing reveals roles of unique retinal microglia types in early diabetic retinopathy.	Diabetology & metabolic syndrome	2024 Feb	epmc,eutils	GOOD	1	0	1	0	5	0	C1+类语境(眼/类词)命中(基因豁免)	2024
F3	markers_membrane_v1.json	R2_prov_ctx	/provenance/Granulocyte/ELANE[2]	Granulocyte	ELANE	40999978	retinal microglia in DR review		该类注释的文献语境 (v1 MCP 检索实证), 非该基因的逐条引用	Mechanisms of action of retinal microglia in diabetic retinopathy (Review).	International journal of molecular medicine	2025 Dec	epmc,eutils	GOOD	1	0	1	0	3	0	C1+类语境(眼/类词)命中(基因豁免)	2025+
F3	markers_membrane_v1.json	R2_prov_ctx	/provenance/Granulocyte/ELANE[3]	Granulocyte	ELANE	36119084	activated retinal microglia metabolic reprogramming		该类注释的文献语境 (v1 MCP 检索实证), 非该基因的逐条引用	Integrated multi-omics reveals the activated retinal microglia with intracellular metabolic reprogramming contributes to inflammation in STZ-induced early diabetic retinopathy.	Frontiers in immunology	2022	epmc,eutils	GOOD	1	0	1	0	5	0	C1+类语境(眼/类词)命中(基因豁免)	2020-22
F3	markers_membrane_v1.json	R2_prov_ctx	/provenance/Granulocyte/ELANE[4]	Granulocyte	ELANE	34006945	scRNA human retina DR		该类注释的文献语境 (v1 MCP 检索实证), 非该基因的逐条引用	In-depth transcriptomic analysis of human retina reveals molecular mechanisms underlying diabetic retinopathy.	Scientific reports	2021 May	epmc,eutils	GOOD	1	0	1	0	2	0	C1+类语境(眼/类词)命中(基因豁免)	2020-22
F3	markers_membrane_v1.json	R2_prov_ctx	/provenance/Granulocyte/MPO[1]	Granulocyte	MPO	38409074	unique retinal microglia types early DR		该类注释的文献语境 (v1 MCP 检索实证), 非该基因的逐条引用	Single-cell RNA sequencing reveals roles of unique retinal microglia types in early diabetic retinopathy.	Diabetology & metabolic syndrome	2024 Feb	epmc,eutils	GOOD	1	0	1	0	5	0	C1+类语境(眼/类词)命中(基因豁免)	2024
F3	markers_membrane_v1.json	R2_prov_ctx	/provenance/Granulocyte/MPO[2]	Granulocyte	MPO	40999978	retinal microglia in DR review		该类注释的文献语境 (v1 MCP 检索实证), 非该基因的逐条引用	Mechanisms of action of retinal microglia in diabetic retinopathy (Review).	International journal of molecular medicine	2025 Dec	epmc,eutils	GOOD	1	0	1	0	3	0	C1+类语境(眼/类词)命中(基因豁免)	2025+
F3	markers_membrane_v1.json	R2_prov_ctx	/provenance/Granulocyte/MPO[3]	Granulocyte	MPO	36119084	activated retinal microglia metabolic reprogramming		该类注释的文献语境 (v1 MCP 检索实证), 非该基因的逐条引用	Integrated multi-omics reveals the activated retinal microglia with intracellular metabolic reprogramming contributes to inflammation in STZ-induced early diabetic retinopathy.	Frontiers in immunology	2022	epmc,eutils	GOOD	1	0	1	0	5	0	C1+类语境(眼/类词)命中(基因豁免)	2020-22
F3	markers_membrane_v1.json	R2_prov_ctx	/provenance/Granulocyte/MPO[4]	Granulocyte	MPO	34006945	scRNA human retina DR		该类注释的文献语境 (v1 MCP 检索实证), 非该基因的逐条引用	In-depth transcriptomic analysis of human retina reveals molecular mechanisms underlying diabetic retinopathy.	Scientific reports	2021 May	epmc,eutils	GOOD	1	0	1	0	2	0	C1+类语境(眼/类词)命中(基因豁免)	2020-22
F3	markers_membrane_v1.json	R2_prov_ctx	/provenance/Granulocyte/CAMP[1]	Granulocyte	CAMP	38409074	unique retinal microglia types early DR		该类注释的文献语境 (v1 MCP 检索实证), 非该基因的逐条引用	Single-cell RNA sequencing reveals roles of unique retinal microglia types in early diabetic retinopathy.	Diabetology & metabolic syndrome	2024 Feb	epmc,eutils	GOOD	1	0	1	0	5	0	C1+类语境(眼/类词)命中(基因豁免)	2024
F3	markers_membrane_v1.json	R2_prov_ctx	/provenance/Granulocyte/CAMP[2]	Granulocyte	CAMP	40999978	retinal microglia in DR review		该类注释的文献语境 (v1 MCP 检索实证), 非该基因的逐条引用	Mechanisms of action of retinal microglia in diabetic retinopathy (Review).	International journal of molecular medicine	2025 Dec	epmc,eutils	GOOD	1	0	1	0	3	0	C1+类语境(眼/类词)命中(基因豁免)	2025+
F3	markers_membrane_v1.json	R2_prov_ctx	/provenance/Granulocyte/CAMP[3]	Granulocyte	CAMP	36119084	activated retinal microglia metabolic reprogramming		该类注释的文献语境 (v1 MCP 检索实证), 非该基因的逐条引用	Integrated multi-omics reveals the activated retinal microglia with intracellular metabolic reprogramming contributes to inflammation in STZ-induced early diabetic retinopathy.	Frontiers in immunology	2022	epmc,eutils	GOOD	1	0	1	0	5	0	C1+类语境(眼/类词)命中(基因豁免)	2020-22
F3	markers_membrane_v1.json	R2_prov_ctx	/provenance/Granulocyte/CAMP[4]	Granulocyte	CAMP	34006945	scRNA human retina DR		该类注释的文献语境 (v1 MCP 检索实证), 非该基因的逐条引用	In-depth transcriptomic analysis of human retina reveals molecular mechanisms underlying diabetic retinopathy.	Scientific reports	2021 May	epmc,eutils	GOOD	1	0	1	0	2	0	C1+类语境(眼/类词)命中(基因豁免)	2020-22
F3	markers_membrane_v1.json	R2_prov_ctx	/provenance/Granulocyte/LTF[1]	Granulocyte	LTF	38409074	unique retinal microglia types early DR		该类注释的文献语境 (v1 MCP 检索实证), 非该基因的逐条引用	Single-cell RNA sequencing reveals roles of unique retinal microglia types in early diabetic retinopathy.	Diabetology & metabolic syndrome	2024 Feb	epmc,eutils	GOOD	1	0	1	0	5	0	C1+类语境(眼/类词)命中(基因豁免)	2024
F3	markers_membrane_v1.json	R2_prov_ctx	/provenance/Granulocyte/LTF[2]	Granulocyte	LTF	40999978	retinal microglia in DR review		该类注释的文献语境 (v1 MCP 检索实证), 非该基因的逐条引用	Mechanisms of action of retinal microglia in diabetic retinopathy (Review).	International journal of molecular medicine	2025 Dec	epmc,eutils	GOOD	1	0	1	0	3	0	C1+类语境(眼/类词)命中(基因豁免)	2025+
F3	markers_membrane_v1.json	R2_prov_ctx	/provenance/Granulocyte/LTF[3]	Granulocyte	LTF	36119084	activated retinal microglia metabolic reprogramming		该类注释的文献语境 (v1 MCP 检索实证), 非该基因的逐条引用	Integrated multi-omics reveals the activated retinal microglia with intracellular metabolic reprogramming contributes to inflammation in STZ-induced early diabetic retinopathy.	Frontiers in immunology	2022	epmc,eutils	GOOD	1	0	1	0	5	0	C1+类语境(眼/类词)命中(基因豁免)	2020-22
F3	markers_membrane_v1.json	R2_prov_ctx	/provenance/Granulocyte/LTF[4]	Granulocyte	LTF	34006945	scRNA human retina DR		该类注释的文献语境 (v1 MCP 检索实证), 非该基因的逐条引用	In-depth transcriptomic analysis of human retina reveals molecular mechanisms underlying diabetic retinopathy.	Scientific reports	2021 May	epmc,eutils	GOOD	1	0	1	0	2	0	C1+类语境(眼/类词)命中(基因豁免)	2020-22
F3	markers_membrane_v1.json	R2_prov_ctx	/provenance/Granulocyte/IL1RN[1]	Granulocyte	IL1RN	38409074	unique retinal microglia types early DR		该类注释的文献语境 (v1 MCP 检索实证), 非该基因的逐条引用	Single-cell RNA sequencing reveals roles of unique retinal microglia types in early diabetic retinopathy.	Diabetology & metabolic syndrome	2024 Feb	epmc,eutils	GOOD	1	0	1	0	5	0	C1+类语境(眼/类词)命中(基因豁免)	2024
F3	markers_membrane_v1.json	R2_prov_ctx	/provenance/Granulocyte/IL1RN[2]	Granulocyte	IL1RN	40999978	retinal microglia in DR review		该类注释的文献语境 (v1 MCP 检索实证), 非该基因的逐条引用	Mechanisms of action of retinal microglia in diabetic retinopathy (Review).	International journal of molecular medicine	2025 Dec	epmc,eutils	GOOD	1	0	1	0	3	0	C1+类语境(眼/类词)命中(基因豁免)	2025+
F3	markers_membrane_v1.json	R2_prov_ctx	/provenance/Granulocyte/IL1RN[3]	Granulocyte	IL1RN	36119084	activated retinal microglia metabolic reprogramming		该类注释的文献语境 (v1 MCP 检索实证), 非该基因的逐条引用	Integrated multi-omics reveals the activated retinal microglia with intracellular metabolic reprogramming contributes to inflammation in STZ-induced early diabetic retinopathy.	Frontiers in immunology	2022	epmc,eutils	GOOD	1	0	1	0	5	0	C1+类语境(眼/类词)命中(基因豁免)	2020-22
F3	markers_membrane_v1.json	R2_prov_ctx	/provenance/Granulocyte/IL1RN[4]	Granulocyte	IL1RN	34006945	scRNA human retina DR		该类注释的文献语境 (v1 MCP 检索实证), 非该基因的逐条引用	In-depth transcriptomic analysis of human retina reveals molecular mechanisms underlying diabetic retinopathy.	Scientific reports	2021 May	epmc,eutils	GOOD	1	0	1	0	2	0	C1+类语境(眼/类词)命中(基因豁免)	2020-22
F3	markers_membrane_v1.json	R2_prov_ctx	/provenance/Granulocyte/CXCR2[1]	Granulocyte	CXCR2	38409074	unique retinal microglia types early DR		该类注释的文献语境 (v1 MCP 检索实证), 非该基因的逐条引用	Single-cell RNA sequencing reveals roles of unique retinal microglia types in early diabetic retinopathy.	Diabetology & metabolic syndrome	2024 Feb	epmc,eutils	GOOD	1	0	1	0	5	0	C1+类语境(眼/类词)命中(基因豁免)	2024
F3	markers_membrane_v1.json	R2_prov_ctx	/provenance/Granulocyte/CXCR2[2]	Granulocyte	CXCR2	40999978	retinal microglia in DR review		该类注释的文献语境 (v1 MCP 检索实证), 非该基因的逐条引用	Mechanisms of action of retinal microglia in diabetic retinopathy (Review).	International journal of molecular medicine	2025 Dec	epmc,eutils	GOOD	1	0	1	0	3	0	C1+类语境(眼/类词)命中(基因豁免)	2025+
F3	markers_membrane_v1.json	R2_prov_ctx	/provenance/Granulocyte/CXCR2[3]	Granulocyte	CXCR2	36119084	activated retinal microglia metabolic reprogramming		该类注释的文献语境 (v1 MCP 检索实证), 非该基因的逐条引用	Integrated multi-omics reveals the activated retinal microglia with intracellular metabolic reprogramming contributes to inflammation in STZ-induced early diabetic retinopathy.	Frontiers in immunology	2022	epmc,eutils	GOOD	1	0	1	0	5	0	C1+类语境(眼/类词)命中(基因豁免)	2020-22
F3	markers_membrane_v1.json	R2_prov_ctx	/provenance/Granulocyte/CXCR2[4]	Granulocyte	CXCR2	34006945	scRNA human retina DR		该类注释的文献语境 (v1 MCP 检索实证), 非该基因的逐条引用	In-depth transcriptomic analysis of human retina reveals molecular mechanisms underlying diabetic retinopathy.	Scientific reports	2021 May	epmc,eutils	GOOD	1	0	1	0	2	0	C1+类语境(眼/类词)命中(基因豁免)	2020-22
F3	markers_membrane_v1.json	R2_prov_ctx	/provenance/Granulocyte/FCGR3B[1]	Granulocyte	FCGR3B	38409074	unique retinal microglia types early DR		该类注释的文献语境 (v1 MCP 检索实证), 非该基因的逐条引用	Single-cell RNA sequencing reveals roles of unique retinal microglia types in early diabetic retinopathy.	Diabetology & metabolic syndrome	2024 Feb	epmc,eutils	GOOD	1	0	1	0	5	0	C1+类语境(眼/类词)命中(基因豁免)	2024
F3	markers_membrane_v1.json	R2_prov_ctx	/provenance/Granulocyte/FCGR3B[2]	Granulocyte	FCGR3B	40999978	retinal microglia in DR review		该类注释的文献语境 (v1 MCP 检索实证), 非该基因的逐条引用	Mechanisms of action of retinal microglia in diabetic retinopathy (Review).	International journal of molecular medicine	2025 Dec	epmc,eutils	GOOD	1	0	1	0	3	0	C1+类语境(眼/类词)命中(基因豁免)	2025+
F3	markers_membrane_v1.json	R2_prov_ctx	/provenance/Granulocyte/FCGR3B[3]	Granulocyte	FCGR3B	36119084	activated retinal microglia metabolic reprogramming		该类注释的文献语境 (v1 MCP 检索实证), 非该基因的逐条引用	Integrated multi-omics reveals the activated retinal microglia with intracellular metabolic reprogramming contributes to inflammation in STZ-induced early diabetic retinopathy.	Frontiers in immunology	2022	epmc,eutils	GOOD	1	0	1	0	5	0	C1+类语境(眼/类词)命中(基因豁免)	2020-22
F3	markers_membrane_v1.json	R2_prov_ctx	/provenance/Granulocyte/FCGR3B[4]	Granulocyte	FCGR3B	34006945	scRNA human retina DR		该类注释的文献语境 (v1 MCP 检索实证), 非该基因的逐条引用	In-depth transcriptomic analysis of human retina reveals molecular mechanisms underlying diabetic retinopathy.	Scientific reports	2021 May	epmc,eutils	GOOD	1	0	1	0	2	0	C1+类语境(眼/类词)命中(基因豁免)	2020-22
F3	markers_membrane_v1.json	R2_prov_ctx	/provenance/Granulocyte/TIMP1[2]	Granulocyte	TIMP1	38409074	unique retinal microglia types early DR		该类注释的文献语境 (v1 MCP 检索实证), 非该基因的逐条引用	Single-cell RNA sequencing reveals roles of unique retinal microglia types in early diabetic retinopathy.	Diabetology & metabolic syndrome	2024 Feb	epmc,eutils	GOOD	1	0	1	0	5	0	C1+类语境(眼/类词)命中(基因豁免)	2024
F3	markers_membrane_v1.json	R2_prov_ctx	/provenance/Granulocyte/TIMP1[3]	Granulocyte	TIMP1	40999978	retinal microglia in DR review		该类注释的文献语境 (v1 MCP 检索实证), 非该基因的逐条引用	Mechanisms of action of retinal microglia in diabetic retinopathy (Review).	International journal of molecular medicine	2025 Dec	epmc,eutils	GOOD	1	0	1	0	3	0	C1+类语境(眼/类词)命中(基因豁免)	2025+
F3	markers_membrane_v1.json	R2_prov_ctx	/provenance/Granulocyte/TIMP1[4]	Granulocyte	TIMP1	36119084	activated retinal microglia metabolic reprogramming		该类注释的文献语境 (v1 MCP 检索实证), 非该基因的逐条引用	Integrated multi-omics reveals the activated retinal microglia with intracellular metabolic reprogramming contributes to inflammation in STZ-induced early diabetic retinopathy.	Frontiers in immunology	2022	epmc,eutils	GOOD	1	0	1	0	5	0	C1+类语境(眼/类词)命中(基因豁免)	2020-22
F3	markers_membrane_v1.json	R2_prov_ctx	/provenance/Granulocyte/TIMP1[5]	Granulocyte	TIMP1	34006945	scRNA human retina DR		该类注释的文献语境 (v1 MCP 检索实证), 非该基因的逐条引用	In-depth transcriptomic analysis of human retina reveals molecular mechanisms underlying diabetic retinopathy.	Scientific reports	2021 May	epmc,eutils	GOOD	1	0	1	0	2	0	C1+类语境(眼/类词)命中(基因豁免)	2020-22
F3	markers_membrane_v1.json	R2_prov_ctx	/provenance/Granulocyte/TGFBI[2]	Granulocyte	TGFBI	38409074	unique retinal microglia types early DR		该类注释的文献语境 (v1 MCP 检索实证), 非该基因的逐条引用	Single-cell RNA sequencing reveals roles of unique retinal microglia types in early diabetic retinopathy.	Diabetology & metabolic syndrome	2024 Feb	epmc,eutils	GOOD	1	0	1	0	5	0	C1+类语境(眼/类词)命中(基因豁免)	2024
F3	markers_membrane_v1.json	R2_prov_ctx	/provenance/Granulocyte/TGFBI[3]	Granulocyte	TGFBI	40999978	retinal microglia in DR review		该类注释的文献语境 (v1 MCP 检索实证), 非该基因的逐条引用	Mechanisms of action of retinal microglia in diabetic retinopathy (Review).	International journal of molecular medicine	2025 Dec	epmc,eutils	GOOD	1	0	1	0	3	0	C1+类语境(眼/类词)命中(基因豁免)	2025+
F3	markers_membrane_v1.json	R2_prov_ctx	/provenance/Granulocyte/TGFBI[4]	Granulocyte	TGFBI	36119084	activated retinal microglia metabolic reprogramming		该类注释的文献语境 (v1 MCP 检索实证), 非该基因的逐条引用	Integrated multi-omics reveals the activated retinal microglia with intracellular metabolic reprogramming contributes to inflammation in STZ-induced early diabetic retinopathy.	Frontiers in immunology	2022	epmc,eutils	GOOD	1	0	1	0	5	0	C1+类语境(眼/类词)命中(基因豁免)	2020-22
F3	markers_membrane_v1.json	R2_prov_ctx	/provenance/Granulocyte/TGFBI[5]	Granulocyte	TGFBI	34006945	scRNA human retina DR		该类注释的文献语境 (v1 MCP 检索实证), 非该基因的逐条引用	In-depth transcriptomic analysis of human retina reveals molecular mechanisms underlying diabetic retinopathy.	Scientific reports	2021 May	epmc,eutils	GOOD	1	0	1	0	2	0	C1+类语境(眼/类词)命中(基因豁免)	2020-22
F3	markers_membrane_v1.json	R2_prov_ctx	/provenance/Granulocyte/CD36[2]	Granulocyte	CD36	38409074	unique retinal microglia types early DR		该类注释的文献语境 (v1 MCP 检索实证), 非该基因的逐条引用	Single-cell RNA sequencing reveals roles of unique retinal microglia types in early diabetic retinopathy.	Diabetology & metabolic syndrome	2024 Feb	epmc,eutils	GOOD	1	0	1	0	5	0	C1+类语境(眼/类词)命中(基因豁免)	2024
F3	markers_membrane_v1.json	R2_prov_ctx	/provenance/Granulocyte/CD36[3]	Granulocyte	CD36	40999978	retinal microglia in DR review		该类注释的文献语境 (v1 MCP 检索实证), 非该基因的逐条引用	Mechanisms of action of retinal microglia in diabetic retinopathy (Review).	International journal of molecular medicine	2025 Dec	epmc,eutils	GOOD	1	0	1	0	3	0	C1+类语境(眼/类词)命中(基因豁免)	2025+
F3	markers_membrane_v1.json	R2_prov_ctx	/provenance/Granulocyte/CD36[4]	Granulocyte	CD36	36119084	activated retinal microglia metabolic reprogramming		该类注释的文献语境 (v1 MCP 检索实证), 非该基因的逐条引用	Integrated multi-omics reveals the activated retinal microglia with intracellular metabolic reprogramming contributes to inflammation in STZ-induced early diabetic retinopathy.	Frontiers in immunology	2022	epmc,eutils	GOOD	1	0	1	0	5	0	C1+类语境(眼/类词)命中(基因豁免)	2020-22
F3	markers_membrane_v1.json	R2_prov_ctx	/provenance/Granulocyte/CD36[5]	Granulocyte	CD36	34006945	scRNA human retina DR		该类注释的文献语境 (v1 MCP 检索实证), 非该基因的逐条引用	In-depth transcriptomic analysis of human retina reveals molecular mechanisms underlying diabetic retinopathy.	Scientific reports	2021 May	epmc,eutils	GOOD	1	0	1	0	2	0	C1+类语境(眼/类词)命中(基因豁免)	2020-22
F3	markers_membrane_v1.json	R2_prov_ctx	/provenance/Proliferating/MKI67[2]	Proliferating	MKI67	34006945	scRNA human retina DR		该类注释的文献语境 (v1 MCP 检索实证), 非该基因的逐条引用	In-depth transcriptomic analysis of human retina reveals molecular mechanisms underlying diabetic retinopathy.	Scientific reports	2021 May	epmc,eutils	GOOD	1	0	1	0	2	0	C1+类语境(眼/类词)命中(基因豁免)	2020-22
F3	markers_membrane_v1.json	R2_prov_ctx	/provenance/Proliferating/MKI67[3]	Proliferating	MKI67	41390488	Endothelial RAB5IF retinal angiogenesis		该类注释的文献语境 (v1 MCP 检索实证), 非该基因的逐条引用	Endothelial RAB5IF is required for pathological and developmental retinal angiogenesis.	Nature communications	2025 Dec	epmc,eutils	GOOD	1	0	1	0	4	0	C1+类语境(眼/类词)命中(基因豁免)	2025+
F3	markers_membrane_v1.json	R2_prov_ctx	/provenance/Proliferating/TOP2A[2]	Proliferating	TOP2A	34006945	scRNA human retina DR		该类注释的文献语境 (v1 MCP 检索实证), 非该基因的逐条引用	In-depth transcriptomic analysis of human retina reveals molecular mechanisms underlying diabetic retinopathy.	Scientific reports	2021 May	epmc,eutils	GOOD	1	0	1	0	2	0	C1+类语境(眼/类词)命中(基因豁免)	2020-22
F3	markers_membrane_v1.json	R2_prov_ctx	/provenance/Proliferating/TOP2A[3]	Proliferating	TOP2A	41390488	Endothelial RAB5IF retinal angiogenesis		该类注释的文献语境 (v1 MCP 检索实证), 非该基因的逐条引用	Endothelial RAB5IF is required for pathological and developmental retinal angiogenesis.	Nature communications	2025 Dec	epmc,eutils	GOOD	1	0	1	0	4	0	C1+类语境(眼/类词)命中(基因豁免)	2025+
F3	markers_membrane_v1.json	R2_prov_ctx	/provenance/Proliferating/CENPF[2]	Proliferating	CENPF	34006945	scRNA human retina DR		该类注释的文献语境 (v1 MCP 检索实证), 非该基因的逐条引用	In-depth transcriptomic analysis of human retina reveals molecular mechanisms underlying diabetic retinopathy.	Scientific reports	2021 May	epmc,eutils	GOOD	1	0	1	0	2	0	C1+类语境(眼/类词)命中(基因豁免)	2020-22
F3	markers_membrane_v1.json	R2_prov_ctx	/provenance/Proliferating/CENPF[3]	Proliferating	CENPF	41390488	Endothelial RAB5IF retinal angiogenesis		该类注释的文献语境 (v1 MCP 检索实证), 非该基因的逐条引用	Endothelial RAB5IF is required for pathological and developmental retinal angiogenesis.	Nature communications	2025 Dec	epmc,eutils	GOOD	1	0	1	0	4	0	C1+类语境(眼/类词)命中(基因豁免)	2025+
F3	markers_membrane_v1.json	R2_prov_ctx	/provenance/Proliferating/BIRC5[2]	Proliferating	BIRC5	34006945	scRNA human retina DR		该类注释的文献语境 (v1 MCP 检索实证), 非该基因的逐条引用	In-depth transcriptomic analysis of human retina reveals molecular mechanisms underlying diabetic retinopathy.	Scientific reports	2021 May	epmc,eutils	GOOD	1	0	1	0	2	0	C1+类语境(眼/类词)命中(基因豁免)	2020-22
F3	markers_membrane_v1.json	R2_prov_ctx	/provenance/Proliferating/BIRC5[3]	Proliferating	BIRC5	41390488	Endothelial RAB5IF retinal angiogenesis		该类注释的文献语境 (v1 MCP 检索实证), 非该基因的逐条引用	Endothelial RAB5IF is required for pathological and developmental retinal angiogenesis.	Nature communications	2025 Dec	epmc,eutils	GOOD	1	0	1	0	4	0	C1+类语境(眼/类词)命中(基因豁免)	2025+
F3	markers_membrane_v1.json	R2_prov_ctx	/provenance/Proliferating/H2AFZ[2]	Proliferating	H2AFZ	34006945	scRNA human retina DR		该类注释的文献语境 (v1 MCP 检索实证), 非该基因的逐条引用	In-depth transcriptomic analysis of human retina reveals molecular mechanisms underlying diabetic retinopathy.	Scientific reports	2021 May	epmc,eutils	GOOD	1	0	1	0	2	0	C1+类语境(眼/类词)命中(基因豁免)	2020-22
F3	markers_membrane_v1.json	R2_prov_ctx	/provenance/Proliferating/H2AFZ[3]	Proliferating	H2AFZ	41390488	Endothelial RAB5IF retinal angiogenesis		该类注释的文献语境 (v1 MCP 检索实证), 非该基因的逐条引用	Endothelial RAB5IF is required for pathological and developmental retinal angiogenesis.	Nature communications	2025 Dec	epmc,eutils	GOOD	1	0	1	0	4	0	C1+类语境(眼/类词)命中(基因豁免)	2025+
F3	markers_membrane_v1.json	R2_prov_ctx	/provenance/Proliferating/NUSAP1[2]	Proliferating	NUSAP1	34006945	scRNA human retina DR		该类注释的文献语境 (v1 MCP 检索实证), 非该基因的逐条引用	In-depth transcriptomic analysis of human retina reveals molecular mechanisms underlying diabetic retinopathy.	Scientific reports	2021 May	epmc,eutils	GOOD	1	0	1	0	2	0	C1+类语境(眼/类词)命中(基因豁免)	2020-22
F3	markers_membrane_v1.json	R2_prov_ctx	/provenance/Proliferating/NUSAP1[3]	Proliferating	NUSAP1	41390488	Endothelial RAB5IF retinal angiogenesis		该类注释的文献语境 (v1 MCP 检索实证), 非该基因的逐条引用	Endothelial RAB5IF is required for pathological and developmental retinal angiogenesis.	Nature communications	2025 Dec	epmc,eutils	GOOD	1	0	1	0	4	0	C1+类语境(眼/类词)命中(基因豁免)	2025+
F3	markers_membrane_v1.json	R2_prov_ctx	/provenance/Proliferating/STMN1[2]	Proliferating	STMN1	34006945	scRNA human retina DR		该类注释的文献语境 (v1 MCP 检索实证), 非该基因的逐条引用	In-depth transcriptomic analysis of human retina reveals molecular mechanisms underlying diabetic retinopathy.	Scientific reports	2021 May	epmc,eutils	GOOD	1	0	1	0	2	0	C1+类语境(眼/类词)命中(基因豁免)	2020-22
F3	markers_membrane_v1.json	R2_prov_ctx	/provenance/Proliferating/STMN1[3]	Proliferating	STMN1	41390488	Endothelial RAB5IF retinal angiogenesis		该类注释的文献语境 (v1 MCP 检索实证), 非该基因的逐条引用	Endothelial RAB5IF is required for pathological and developmental retinal angiogenesis.	Nature communications	2025 Dec	epmc,eutils	GOOD	1	0	1	0	4	0	C1+类语境(眼/类词)命中(基因豁免)	2025+
F3	markers_membrane_v1.json	R2_prov_ctx	/provenance/Proliferating/PTTG1[2]	Proliferating	PTTG1	34006945	scRNA human retina DR		该类注释的文献语境 (v1 MCP 检索实证), 非该基因的逐条引用	In-depth transcriptomic analysis of human retina reveals molecular mechanisms underlying diabetic retinopathy.	Scientific reports	2021 May	epmc,eutils	GOOD	1	0	1	0	2	0	C1+类语境(眼/类词)命中(基因豁免)	2020-22
F3	markers_membrane_v1.json	R2_prov_ctx	/provenance/Proliferating/PTTG1[3]	Proliferating	PTTG1	41390488	Endothelial RAB5IF retinal angiogenesis		该类注释的文献语境 (v1 MCP 检索实证), 非该基因的逐条引用	Endothelial RAB5IF is required for pathological and developmental retinal angiogenesis.	Nature communications	2025 Dec	epmc,eutils	GOOD	1	0	1	0	4	0	C1+类语境(眼/类词)命中(基因豁免)	2025+
F3	markers_membrane_v1.json	R2_prov_ctx	/provenance/Keratocytes/ALDH3A1[1]	Keratocytes	ALDH3A1	36982917	角膜上皮 (HCE-2) 亦有 ALDH3A1 功能研究 —— 上皮共表达限制, 单基因不可区分基质与上皮			Investigating the Functional Roles of Aldehyde Dehydrogenase 3A1 in Human Corneal Epithelial Cells.	International journal of molecular sciences	2023 Mar	epmc,eutils	GOOD	1	0	1	1	0	0	C1+眼科语境	2023
F3	markers_membrane_v1.json	R2_prov_ctx	/provenance/Keratocytes/ALDH3A1[2]	Keratocytes	ALDH3A1	39652089	应变上调人角膜细胞 ALDH3A1 (FASEB J 2024; 细胞实验语境)			Corneal strain influences keratocyte proliferation and migration through upregulation of ALDH3A1 expression.	FASEB journal : official publication of the Federation of American Societies for	2024 Dec	epmc,eutils	GOOD	1	1	1	1	2	0	C1+基因词面	2024
F3	markers_membrane_v1.json	R2_prov_ctx	/provenance/Corneal Endothelium/SLC4A11[2]	Corneal Endothelium	SLC4A11	42115719	SLC4A11 高表达转录本角膜内皮特异 (Sci Rep 2026; 转录本层面, 绝对特异宣称仍受限)			High expression of the underexplored SLC4A11 protein-coding transcript is specific to the corneal endothelium.	Scientific reports	2026 May	epmc,eutils	GOOD	1	1	1	1	1	0	C1+基因词面	2025+
F3	markers_membrane_v1.json	R3_note_embed	/provenance/Keratocytes/KERA[1]/id	Keratocytes	KERA	34741068	PMID:34741068			Single cell transcriptomics reveals the heterogeneity of the human cornea to identify novel markers of the limbus and stroma.	Scientific reports	2021 Nov	epmc,eutils	GOOD	1	0	1	0	0	0	C1+眼科语境	2020-22
F3	markers_membrane_v1.json	R3_note_embed	/provenance/Keratocytes/ALDH3A1[0]/id	Keratocytes	ALDH3A1	34741068	PMID:34741068			Single cell transcriptomics reveals the heterogeneity of the human cornea to identify novel markers of the limbus and stroma.	Scientific reports	2021 Nov	epmc,eutils	GOOD	1	0	1	0	0	0	C1+眼科语境	2020-22
F3	markers_membrane_v1.json	R3_note_embed	/provenance/Keratocytes/NNMT[0]/id	Keratocytes	NNMT	34741068	PMID:34741068			Single cell transcriptomics reveals the heterogeneity of the human cornea to identify novel markers of the limbus and stroma.	Scientific reports	2021 Nov	epmc,eutils	GOOD	1	0	1	0	0	0	C1+眼科语境	2020-22
F3	markers_membrane_v1.json	R3_note_embed	/provenance/Keratocytes/_aux_evidence_not_in_default_markers/LUM[0]/id	Keratocytes	LUM	34741068	PMID:34741068			Single cell transcriptomics reveals the heterogeneity of the human cornea to identify novel markers of the limbus and stroma.	Scientific reports	2021 Nov	epmc,eutils	GOOD	1	0	1	0	0	0	C1+眼科语境	2020-22
F3	markers_membrane_v1.json	R2_prov_ctx	/provenance/Keratocytes/_aux_evidence_not_in_default_markers/LUM[1]	Keratocytes	LUM	34381080	人角膜 Stro 簇表达谱语境			Molecular characteristics and spatial distribution of adult human corneal cell subtypes.	Scientific reports	2021 Aug	epmc,eutils	GOOD	1	0	1	1	0	0	C1+眼科语境	2020-22
F3	markers_membrane_v1.json	R3_note_embed	/provenance/Keratocytes/_aux_evidence_not_in_default_markers/PTGDS[0]/id	Keratocytes	PTGDS	11328728	PMID:11328728			Production of prostaglandin D synthase as a keratan sulfate proteoglycan by cultured bovine keratocytes.	Investigative ophthalmology & visual science	2001 May	epmc,eutils	MISMATCH	1	0	0	1	0	0	题录异域且无基因/语境词 = 误引候选	<2020
F3	markers_membrane_v1.json	R3_note_embed	/provenance/Corneal Endothelium/SLC4A11[1]/id		SLC4A11	34741068	PMID:34741068			Single cell transcriptomics reveals the heterogeneity of the human cornea to identify novel markers of the limbus and stroma.	Scientific reports	2021 Nov	epmc,eutils	GOOD	1	0	1	0	0	0	C1+眼科语境	2020-22
F3	markers_membrane_v1.json	R3_note_embed	/provenance/Corneal Endothelium/CDH2[0]/id		CDH2	41060151	PMID:41060151			Comparative Transcriptomic Profiling of Corneal Compartments Using Single-Cell and Single-Nucleus Sequencing.	Investigative ophthalmology & visual science	2025 Oct	epmc,eutils	GOOD	1	0	1	0	0	0	C1+眼科语境	2025+
F3	markers_membrane_v1.json	R3_note_embed	/provenance/Corneal Endothelium/CA3[0]/id		CA3	41060151	PMID:41060151			Comparative Transcriptomic Profiling of Corneal Compartments Using Single-Cell and Single-Nucleus Sequencing.	Investigative ophthalmology & visual science	2025 Oct	epmc,eutils	GOOD	1	0	1	0	0	0	C1+眼科语境	2025+
F3	markers_membrane_v1.json	R3_note_embed	/provenance/Corneal Endothelium/_aux_evidence_not_in_default_markers/COL8A2[0]/id		COL8A2	15914606	PMID:15914606			Inheritance of a novel COL8A2 mutation defines a distinct early-onset subtype of fuchs corneal dystrophy.	Investigative ophthalmology & visual science	2005 Jun	epmc,eutils	GOOD	1	1	1	0	0	0	C1+基因词面	<2020
F3	markers_membrane_v1.json	R3_note_embed	/provenance/Corneal Endothelium/_aux_evidence_not_in_default_markers/COL8A2[1]/id		COL8A2	40838019	PMID:40838019			Prediction of cell states and key transcription factors of the human cornea through integrated single-cell omics analyses.	PNAS nexus	2025 Aug	epmc,eutils	GOOD	1	0	1	0	0	0	C1+眼科语境	2025+
F3	markers_v5_retina_interneuron.json	R3_note_embed	/provenance/BC/NETO1[1]/note	BC	NETO1	41578023	HRCA v1 正文点名 BC pan marker (PMID:41578023)			Single-cell atlas of the transcriptome and chromatin accessibility in the human retina.	Nature genetics	2026 Feb	epmc,eutils	GOOD	1	0	1	0	0	0	C1+眼科语境	2025+
F3	markers_v5_retina_interneuron.json	R5_pcx_nopmid	/provenance/BC/NETO1[2]	BC	NETO1		"GENE:""NETO1"" AND ""bipolar cell"""	A scRNA-seq reference contrasting living and early post-mortem human retina across diverse donor states.||tet2 and tet3 regulate cell fate specification and differentiation events during retinal development.						NOT_CHECKABLE	0	0	0	0	0	0	pmid_context 无 PMID 字段 (存储缺陷面, E2R 发现①)	unk
F3	markers_v5_retina_interneuron.json	R5_pcx_nopmid	/provenance/BC/SAMSN1[1]	BC	SAMSN1		"GENE:""SAMSN1"" AND ""bipolar cell"""							NOT_CHECKABLE	0	0	0	0	0	0	pmid_context 无 PMID 字段 (存储缺陷面, E2R 发现①)	unk
F3	markers_v5_retina_interneuron.json	R5_pcx_nopmid	/provenance/BC/CA10[1]	BC	CA10		"GENE:""CA10"" AND ""bipolar cell"""	Spatial and Temporal Development of Müller Glial Cells in hiPSC-Derived Retinal Organoids Facilitates the Cell Enrichment and Tran||Dissecting the transcriptome landscape of the human fetal neural retina and retinal pigment epithelium by single-cell RNA-seq anal						NOT_CHECKABLE	0	0	0	0	0	0	pmid_context 无 PMID 字段 (存储缺陷面, E2R 发现①)	unk
F3	markers_v5_retina_interneuron.json	R3_note_embed	/provenance/BC/TRPM1[1]/note	BC	TRPM1	32946783	ON-bipolar canonical (PMID:32946783 Yan2020; PMID:31436334 Liang2019)			Cell Types of the Human Retina and Its Organoids at Single-Cell Resolution.	Cell	2020 Sep	epmc,eutils	SUSPECT	1	0	1	0	0	1	题录眼语境但 note 零呼应(DIVERGE 旗)	2020-22
F3	markers_v5_retina_interneuron.json	R3_note_embed	/provenance/BC/TRPM1[1]/note	BC	TRPM1	31436334	ON-bipolar canonical (PMID:32946783 Yan2020; PMID:31436334 Liang2019)			A single-cell transcriptome atlas of the adult human retina.	The EMBO journal	2019 Sep	epmc,eutils	SUSPECT	1	0	1	0	0	1	题录眼语境但 note 零呼应(DIVERGE 旗)	<2020
F3	markers_v5_retina_interneuron.json	R5_pcx_nopmid	/provenance/BC/TRPM1[2]	BC	TRPM1		"GENE:""TRPM1"" AND ""bipolar cell"""	Upregulated TRPM1 is associated with apoptosis in Rs1 knockout mice and in ARPE19 cells through increased intracellular calcium.||Genotype-phenotype correlations in Chinese patients with congenital stationary night blindness and early-onset high myopia: eviden						NOT_CHECKABLE	0	0	0	0	0	0	pmid_context 无 PMID 字段 (存储缺陷面, E2R 发现①)	unk
F3	markers_v5_retina_interneuron.json	R5_pcx_nopmid	/provenance/BC/GABRA5[1]	BC	GABRA5		"GENE:""GABRA5"" AND ""bipolar cell"""	Functionally distinct GABAergic amacrine cell types regulate spatiotemporal encoding in the mouse retina.||Diverse GABA signaling in the inner retina enables spatiotemporal coding						NOT_CHECKABLE	0	0	0	0	0	0	pmid_context 无 PMID 字段 (存储缺陷面, E2R 发现①)	unk
F3	markers_v5_retina_interneuron.json	R3_note_embed	/provenance/BC/GRM6[1]/note	BC	GRM6	41578023	HRCA v1 正文点名 GRM6=ON-BC (PMID:41578023); v4.1 legacy 重合			Single-cell atlas of the transcriptome and chromatin accessibility in the human retina.	Nature genetics	2026 Feb	epmc,eutils	SUSPECT	1	0	1	0	0	1	题录眼语境但 note 零呼应(DIVERGE 旗)	2025+
F3	markers_v5_retina_interneuron.json	R5_pcx_nopmid	/provenance/BC/GRM6[2]	BC	GRM6		"GENE:""GRM6"" AND ""bipolar cell"""	Genetic and Clinical Heterogeneity of Polish Patients with Congenital Stationary Night Blindness (CSNB).||Novel Grm6 Variant in a no b-wave (nob) Mouse Model: Phenotype Characterization and Gene Therapy.						NOT_CHECKABLE	0	0	0	0	0	0	pmid_context 无 PMID 字段 (存储缺陷面, E2R 发现①)	unk
F3	markers_v5_retina_interneuron.json	R5_pcx_nopmid	/provenance/BC/ST18[1]	BC	ST18		"GENE:""ST18"" AND ""bipolar cell"""	Evolution of neuronal cell classes and types in the vertebrate retina||Dissecting the transcriptome landscape of the human fetal neural retina and retinal pigment epithelium by single-cell RNA-seq anal						NOT_CHECKABLE	0	0	0	0	0	0	pmid_context 无 PMID 字段 (存储缺陷面, E2R 发现①)	unk
F3	markers_v5_retina_interneuron.json	R5_pcx_nopmid	/provenance/BC/GABRR2[1]	BC	GABRR2		"GENE:""GABRR2"" AND ""bipolar cell"""	From Neurotransmission to Retinal Pathophysiology: Unraveling the Role of GABA Receptors in Retinal Disease Progression.||Generation of an RCVRN-eGFP Reporter hiPSC Line by CRISPR/Cas9 to Monitor Photoreceptor Cell Development and Facilitate the Cell E						NOT_CHECKABLE	0	0	0	0	0	0	pmid_context 无 PMID 字段 (存储缺陷面, E2R 发现①)	unk
F3	markers_v5_retina_interneuron.json	R5_pcx_nopmid	/provenance/BC/DGKB[1]	BC	DGKB		"GENE:""DGKB"" AND ""bipolar cell"""							NOT_CHECKABLE	0	0	0	0	0	0	pmid_context 无 PMID 字段 (存储缺陷面, E2R 发现①)	unk
F3	markers_v5_retina_interneuron.json	R5_pcx_nopmid	/provenance/BC/IGSF21[1]	BC	IGSF21		"""IGSF21"" AND (""bipolar cell""+词形变体) AND retina"	2026:Human CRX regulates photoreceptor cells development via bidirectional transcriptional control in retinal organoids.||2024:Sstr2 Defines the Cone Differentiation-Competent Late-Stage Retinal Progenitor Cells in the Developing Mouse Retina.						NOT_CHECKABLE	0	0	0	0	0	0	pmid_context 无 PMID 字段 (存储缺陷面, E2R 发现①)	unk
F3	markers_v5_retina_interneuron.json	R5_pcx_nopmid	/provenance/BC/VSX1[1]	BC	VSX1		"GENE:""VSX1"" AND ""bipolar cell"""	Concurrent temporal patterning of neural stem cells in the fly visual system.||Spatiotemporal coordination of Slit-Robo repulsion and neurturin-Gfrα attraction guides multipolar migration during retinal lamina						NOT_CHECKABLE	0	0	0	0	0	0	pmid_context 无 PMID 字段 (存储缺陷面, E2R 发现①)	unk
F3	markers_v5_retina_interneuron.json	R5_pcx_nopmid	/provenance/BC/PLXDC1[1]	BC	PLXDC1		"GENE:""PLXDC1"" AND ""bipolar cell"""	Dissecting the transcriptome landscape of the human fetal neural retina and retinal pigment epithelium by single-cell RNA-seq anal||Gene expression in the mouse eye: an online resource for genetics using 103 strains of mice.						NOT_CHECKABLE	0	0	0	0	0	0	pmid_context 无 PMID 字段 (存储缺陷面, E2R 发现①)	unk
F3	markers_v5_retina_interneuron.json	R5_pcx_nopmid	/provenance/BC/GABRR1[1]	BC	GABRR1		"GENE:""GABRR1"" AND ""bipolar cell"""	From Neurotransmission to Retinal Pathophysiology: Unraveling the Role of GABA Receptors in Retinal Disease Progression.||Functionally distinct GABAergic amacrine cell types regulate spatiotemporal encoding in the mouse retina.						NOT_CHECKABLE	0	0	0	0	0	0	pmid_context 无 PMID 字段 (存储缺陷面, E2R 发现①)	unk
F3	markers_v5_retina_interneuron.json	R5_pcx_nopmid	/provenance/BC/IGF1[1]	BC	IGF1		"GENE:""IGF1"" AND ""bipolar cell"""	Complexity of PEDF multifunctional signaling in retinal development and diseases.||The Advance of Single-Cell RNA Sequencing Applications in Ocular Physiology and Disease Research.						NOT_CHECKABLE	0	0	0	0	0	0	pmid_context 无 PMID 字段 (存储缺陷面, E2R 发现①)	unk
F3	markers_v5_retina_interneuron.json	R5_pcx_nopmid	/provenance/BC/WFDC1[1]	BC	WFDC1		"GENE:""WFDC1"" AND ""bipolar cell"""	CyclinD2-mediated regulation of neurogenic output from the retinal ciliary margin is perturbed in albinism.||Photoreceptor cKO of OTX2 Enhances OTX2 Intercellular Transfer in the Retina and Causes Photophobia.						NOT_CHECKABLE	0	0	0	0	0	0	pmid_context 无 PMID 字段 (存储缺陷面, E2R 发现①)	unk
F3	markers_v5_retina_interneuron.json	R5_pcx_nopmid	/provenance/BC/MFSD4A[2]	BC	MFSD4A		"""MFSD4A"" AND (""bipolar cell""+词形变体) AND retina"	2025:The SLC-ome of membrane transport: From molecular discovery to physiology and clinical applications.						NOT_CHECKABLE	0	0	0	0	0	0	pmid_context 无 PMID 字段 (存储缺陷面, E2R 发现①)	unk
F3	markers_v5_retina_interneuron.json	R5_pcx_nopmid	/provenance/BC/FAM171B[1]	BC	FAM171B		"""FAM171B"" AND (""bipolar cell""+词形变体) AND retina"	2026:ScRNA-seq Data Reveal Gene Upregulation and Downregulation in Oxygen-Induced Retinopathy.						NOT_CHECKABLE	0	0	0	0	0	0	pmid_context 无 PMID 字段 (存储缺陷面, E2R 发现①)	unk
F3	markers_v5_retina_interneuron.json	R5_pcx_nopmid	/provenance/BC/RAPGEF5[1]	BC	RAPGEF5		"GENE:""RAPGEF5"" AND ""bipolar cell"""							NOT_CHECKABLE	0	0	0	0	0	0	pmid_context 无 PMID 字段 (存储缺陷面, E2R 发现①)	unk
F3	markers_v5_retina_interneuron.json	R5_pcx_nopmid	/provenance/BC/PDE1A[1]	BC	PDE1A		"GENE:""PDE1A"" AND ""bipolar cell"""							NOT_CHECKABLE	0	0	0	0	0	0	pmid_context 无 PMID 字段 (存储缺陷面, E2R 发现①)	unk
F3	markers_v5_retina_interneuron.json	R5_pcx_nopmid	/provenance/BC/TMEM215[1]	BC	TMEM215		"GENE:""TMEM215"" AND ""bipolar cell"""	Dicer is essential for proper maturation, composition, and function in the postnatal retina.||Gsg1, Trnp1, and Tmem215 Mark Subpopulations of Bipolar Interneurons in the Mouse Retina.						NOT_CHECKABLE	0	0	0	0	0	0	pmid_context 无 PMID 字段 (存储缺陷面, E2R 发现①)	unk
F3	markers_v5_retina_interneuron.json	R5_pcx_nopmid	/provenance/BC/KHDRBS3[1]	BC	KHDRBS3		"GENE:""KHDRBS3"" AND ""bipolar cell"""	Gene expression changes during retinal development and rod specification.						NOT_CHECKABLE	0	0	0	0	0	0	pmid_context 无 PMID 字段 (存储缺陷面, E2R 发现①)	unk
F3	markers_v5_retina_interneuron.json	R3_note_embed	/provenance/BC/GRIK1[1]/note	BC	GRIK1	41578023	HRCA v1 正文点名 GRIK1=OFF-BC (PMID:41578023); Liang2019 PMID:31436334			Single-cell atlas of the transcriptome and chromatin accessibility in the human retina.	Nature genetics	2026 Feb	epmc,eutils	SUSPECT	1	0	1	0	0	1	题录眼语境但 note 零呼应(DIVERGE 旗)	2025+
F3	markers_v5_retina_interneuron.json	R3_note_embed	/provenance/BC/GRIK1[1]/note	BC	GRIK1	31436334	HRCA v1 正文点名 GRIK1=OFF-BC (PMID:41578023); Liang2019 PMID:31436334			A single-cell transcriptome atlas of the adult human retina.	The EMBO journal	2019 Sep	epmc,eutils	SUSPECT	1	0	1	0	0	1	题录眼语境但 note 零呼应(DIVERGE 旗)	<2020
F3	markers_v5_retina_interneuron.json	R5_pcx_nopmid	/provenance/BC/GRIK1[2]	BC	GRIK1		"GENE:""GRIK1"" AND ""bipolar cell"""	ERG responses to high-frequency flickers require FAT3 signaling in mouse retinal bipolar cells.||Novel Grm6 Variant in a no b-wave (nob) Mouse Model: Phenotype Characterization and Gene Therapy.						NOT_CHECKABLE	0	0	0	0	0	0	pmid_context 无 PMID 字段 (存储缺陷面, E2R 发现①)	unk
F3	markers_v5_retina_interneuron.json	R5_pcx_nopmid	/provenance/BC/TACR3[1]	BC	TACR3		"GENE:""TACR3"" AND ""bipolar cell"""	LIM-Homeodomain Transcription Factor LHX4 Is Required for the Differentiation of Retinal Rod Bipolar Cells and OFF-Cone Bipolar Su||<i>Cis</i>-regulatory basis of sister cell type divergence in the vertebrate retina.						NOT_CHECKABLE	0	0	0	0	0	0	pmid_context 无 PMID 字段 (存储缺陷面, E2R 发现①)	unk
F3	markers_v5_retina_interneuron.json	R5_pcx_nopmid	/provenance/BC/GRM7[1]	BC	GRM7		"GENE:""GRM7"" AND ""bipolar cell"""	Glutamate Metabotropic Receptors-Linked Postsynaptic Density Proteins: An Emergent Hub for Antipsychotics' Regulation of Synaptic ||Diverse GABA signaling in the inner retina enables spatiotemporal coding						NOT_CHECKABLE	0	0	0	0	0	0	pmid_context 无 PMID 字段 (存储缺陷面, E2R 发现①)	unk
F3	markers_v5_retina_interneuron.json	R5_pcx_nopmid	/provenance/BC/TENM3[1]	BC	TENM3		"GENE:""TENM3"" AND ""bipolar cell"""	Single-cell atlas of the transcriptome and chromatin accessibility in the human retina.||Molecular characterization of the sea lamprey retina illuminates the evolutionary origin of retinal cell types.						NOT_CHECKABLE	0	0	0	0	0	0	pmid_context 无 PMID 字段 (存储缺陷面, E2R 发现①)	unk
F3	markers_v5_retina_interneuron.json	R5_pcx_nopmid	/provenance/BC/BCAT1[1]	BC	BCAT1		"GENE:""BCAT1"" AND ""bipolar cell"""							NOT_CHECKABLE	0	0	0	0	0	0	pmid_context 无 PMID 字段 (存储缺陷面, E2R 发现①)	unk
F3	markers_v5_retina_interneuron.json	R5_pcx_nopmid	/provenance/BC/ZNF804B[1]	BC	ZNF804B		"GENE:""ZNF804B"" AND ""bipolar cell"""							NOT_CHECKABLE	0	0	0	0	0	0	pmid_context 无 PMID 字段 (存储缺陷面, E2R 发现①)	unk
F3	markers_v5_retina_interneuron.json	R5_pcx_nopmid	/provenance/BC/HS3ST4[1]	BC	HS3ST4		"""HS3ST4"" AND (""bipolar cell""+词形变体) AND retina"	2019:Transcriptomic Signatures of Postnatal and Adult Intrinsically Photosensitive Ganglion Cells.||2023:HS, an Ancient Molecular Recognition and Information Storage Glycosaminoglycan, Equips HS-Proteoglycans with Diverse Matrix a						NOT_CHECKABLE	0	0	0	0	0	0	pmid_context 无 PMID 字段 (存储缺陷面, E2R 发现①)	unk
F3	markers_v5_retina_interneuron.json	R5_pcx_nopmid	/provenance/BC/ADGRL2[1]	BC	ADGRL2		"""ADGRL2"" AND (""bipolar cell""+词形变体) AND retina"	2025:Adhesion G-Protein Coupled Receptors in Neurological and Psychiatric Disorders.||2025:Single-nucleus profiling decoding the subcortical visual pathway evolution of vertebrates.						NOT_CHECKABLE	0	0	0	0	0	0	pmid_context 无 PMID 字段 (存储缺陷面, E2R 发现①)	unk
F3	markers_v5_retina_interneuron.json	R5_pcx_nopmid	/provenance/BC/MCC[1]	BC	MCC		"GENE:""MCC"" AND ""bipolar cell"""	Dopamine inhibits retinal pathological neovascularization in the oxygen-induced retinopathy mouse model.||Machine Learning Identifies Key Gene Markers Related to Fetal Retina Development at Single-Cell Transcription Level.						NOT_CHECKABLE	0	0	0	0	0	0	pmid_context 无 PMID 字段 (存储缺陷面, E2R 发现①)	unk
F3	markers_v5_retina_interneuron.json	R5_pcx_nopmid	/provenance/BC/RELN[1]	BC	RELN		"GENE:""RELN"" AND ""bipolar cell"""	The impact of timing and injury mode on induced neurogenesis in the adult mammalian retina.||Serotonergic regulation of bipolar cell survival in the developing cerebral cortex.						NOT_CHECKABLE	0	0	0	0	0	0	pmid_context 无 PMID 字段 (存储缺陷面, E2R 发现①)	unk
F3	markers_v5_retina_interneuron.json	R3_note_embed	/provenance/BC/PRKCA[1]/note	BC	PRKCA	27565351	rod bipolar (RB) canonical marker (PMID:27565351 Shekhar2016; PMID:32946783)			Comprehensive Classification of Retinal Bipolar Neurons by Single-Cell Transcriptomics.	Cell	2016 Aug	epmc,eutils	GOOD	1	0	1	1	1	0	C1+眼科语境	<2020
F3	markers_v5_retina_interneuron.json	R3_note_embed	/provenance/BC/PRKCA[1]/note	BC	PRKCA	32946783	rod bipolar (RB) canonical marker (PMID:27565351 Shekhar2016; PMID:32946783)			Cell Types of the Human Retina and Its Organoids at Single-Cell Resolution.	Cell	2020 Sep	epmc,eutils	SUSPECT	1	0	1	0	0	1	题录眼语境但 note 零呼应(DIVERGE 旗)	2020-22
F3	markers_v5_retina_interneuron.json	R5_pcx_nopmid	/provenance/BC/PRKCA[2]	BC	PRKCA		"GENE:""PRKCA"" AND ""bipolar cell"""	Inducible CreER&lt;sup&gt;T2&lt;/sup&gt; Mouse Lines for Characterization of Retinal Bipolar Cell Subtypes.||Genetic Loss of RORα Impairs Visual Function With Rod Bipolar Cell Degeneration In Mice.						NOT_CHECKABLE	0	0	0	0	0	0	pmid_context 无 PMID 字段 (存储缺陷面, E2R 发现①)	unk
F3	markers_v5_retina_interneuron.json	R5_pcx_nopmid	/provenance/BC/SDK1[1]	BC	SDK1		"GENE:""SDK1"" AND ""bipolar cell"""	The mysterious middlemen making your vision pop: understanding the function of amacrine cells.||Diverse GABA signaling in the inner retina enables spatiotemporal coding						NOT_CHECKABLE	0	0	0	0	0	0	pmid_context 无 PMID 字段 (存储缺陷面, E2R 发现①)	unk
F3	markers_v5_retina_interneuron.json	R5_pcx_nopmid	/provenance/BC/TMEM196[1]	BC	TMEM196		"""TMEM196"" AND (""bipolar cell""+词形变体) AND retina"	2026:Integrated Transcriptomics and Experimental Validation Reveal Müller Cell-Driven PANoptosis in Diabetic Retinopathy via PSAP-||2014:The db/db mouse: a useful model for the study of diabetic retinal neurodegeneration.						NOT_CHECKABLE	0	0	0	0	0	0	pmid_context 无 PMID 字段 (存储缺陷面, E2R 发现①)	unk
F3	markers_v5_retina_interneuron.json	R5_pcx_nopmid	/provenance/BC/GRM5[1]	BC	GRM5		"GENE:""GRM5"" AND ""bipolar cell"""	Functionally distinct GABAergic amacrine cell types regulate spatiotemporal encoding in the mouse retina.||Circadian clock disruption promotes retinal photoreceptor degeneration.						NOT_CHECKABLE	0	0	0	0	0	0	pmid_context 无 PMID 字段 (存储缺陷面, E2R 发现①)	unk
F3	markers_v5_retina_interneuron.json	R5_pcx_nopmid	/provenance/BC/NPHS1[1]	BC	NPHS1		"GENE:""NPHS1"" AND ""bipolar cell"""							NOT_CHECKABLE	0	0	0	0	0	0	pmid_context 无 PMID 字段 (存储缺陷面, E2R 发现①)	unk
F3	markers_v5_retina_interneuron.json	R5_pcx_nopmid	/provenance/BC/SLC24A3[1]	BC	SLC24A3		"""SLC24A3"" AND (""bipolar cell""+词形变体) AND retina"	2023:Vision-Dependent and -Independent Molecular Maturation of Mouse Retinal Ganglion Cells.||2025:The SLC-ome of membrane transport: From molecular discovery to physiology and clinical applications.						NOT_CHECKABLE	0	0	0	0	0	0	pmid_context 无 PMID 字段 (存储缺陷面, E2R 发现①)	unk
F3	markers_v5_retina_interneuron.json	R5_pcx_nopmid	/provenance/BC/BACH1[1]	BC	BACH1		"GENE:""BACH1"" AND ""bipolar cell"""	SWI/SNF complexes are required for retinal pigmented epithelium differentiation and for the inhibition of cell proliferation and n||A crystallin gene network in the mouse retina.						NOT_CHECKABLE	0	0	0	0	0	0	pmid_context 无 PMID 字段 (存储缺陷面, E2R 发现①)	unk
F3	markers_v5_retina_interneuron.json	R5_pcx_nopmid	/provenance/BC/COL19A1[1]	BC	COL19A1		"""COL19A1"" AND (""bipolar cell""+词形变体) AND retina"	2024:Neural extracellular matrix regulates visual sensory motor integration.||2018:Recovering Gene Interactions from Single-Cell Data Using Data Diffusion.						NOT_CHECKABLE	0	0	0	0	0	0	pmid_context 无 PMID 字段 (存储缺陷面, E2R 发现①)	unk
F3	markers_v5_retina_interneuron.json	R5_pcx_nopmid	/provenance/BC/ADARB2[1]	BC	ADARB2		"GENE:""ADARB2"" AND ""bipolar cell"""							NOT_CHECKABLE	0	0	0	0	0	0	pmid_context 无 PMID 字段 (存储缺陷面, E2R 发现①)	unk
F3	markers_v5_retina_interneuron.json	R5_pcx_nopmid	/provenance/BC/KCNMB2[1]	BC	KCNMB2		"GENE:""KCNMB2"" AND ""bipolar cell"""	BK Channels in the Central Nervous System.						NOT_CHECKABLE	0	0	0	0	0	0	pmid_context 无 PMID 字段 (存储缺陷面, E2R 发现①)	unk
F3	markers_v5_retina_interneuron.json	R5_pcx_nopmid	/provenance/BC/TMEM132C[1]	BC	TMEM132C		"""TMEM132C"" AND (""bipolar cell""+词形变体) AND retina"	2022:Selecting Genetic Variants and Interactions Associated with Amyotrophic Lateral Sclerosis: A Group LASSO Approach.						NOT_CHECKABLE	0	0	0	0	0	0	pmid_context 无 PMID 字段 (存储缺陷面, E2R 发现①)	unk
F3	markers_v5_retina_interneuron.json	R5_pcx_nopmid	/provenance/BC/NTNG1[1]	BC	NTNG1		"GENE:""NTNG1"" AND ""bipolar cell"""	Control of neural circuit formation by leucine-rich repeat proteins.||Convergence of independent DISC1 mutations on impaired neurite growth via decreased UNC5D expression.						NOT_CHECKABLE	0	0	0	0	0	0	pmid_context 无 PMID 字段 (存储缺陷面, E2R 发现①)	unk
F3	markers_v5_retina_interneuron.json	R5_pcx_nopmid	/provenance/BC/NXPH2[1]	BC	NXPH2		"GENE:""NXPH2"" AND ""bipolar cell"""							NOT_CHECKABLE	0	0	0	0	0	0	pmid_context 无 PMID 字段 (存储缺陷面, E2R 发现①)	unk
F3	markers_v5_retina_interneuron.json	R5_pcx_nopmid	/provenance/BC/LAMA3[1]	BC	LAMA3		"GENE:""LAMA3"" AND ""bipolar cell"""	Genetic Rescue of X-Linked Retinoschisis Mouse (<i>Rs1</i><sup>-/y</sup>) Retina Induces Quiescence of the Retinal Microglial Infl||Depletion of Retinal Dopaminergic Activity in a Mouse Model of Rod Dysfunction Exacerbates Experimental Autoimmune Uveoretinitis: 						NOT_CHECKABLE	0	0	0	0	0	0	pmid_context 无 PMID 字段 (存储缺陷面, E2R 发现①)	unk
F3	markers_v5_retina_interneuron.json	R5_pcx_nopmid	/provenance/BC/CDH8[1]	BC	CDH8		"GENE:""CDH8"" AND ""bipolar cell"""	Deciphering the genetic code of neuronal type connectivity through bilinear modeling.||LIM-Homeodomain Transcription Factor LHX4 Is Required for the Differentiation of Retinal Rod Bipolar Cells and OFF-Cone Bipolar Su						NOT_CHECKABLE	0	0	0	0	0	0	pmid_context 无 PMID 字段 (存储缺陷面, E2R 发现①)	unk
F3	markers_v5_retina_interneuron.json	R5_pcx_nopmid	/provenance/AC/GRM8[1]	AC	GRM8		"GENE:""GRM8"" AND ""amacrine cell"""	Diverse GABA signaling in the inner retina enables spatiotemporal coding||A sign-inverted receptive field of inhibitory interneurons provides a pathway for ON-OFF interactions in the retina.						NOT_CHECKABLE	0	0	0	0	0	0	pmid_context 无 PMID 字段 (存储缺陷面, E2R 发现①)	unk
F3	markers_v5_retina_interneuron.json	R5_pcx_nopmid	/provenance/AC/DCC[1]	AC	DCC		"GENE:""DCC"" AND ""amacrine cell"""	Identification and Characterization of ATOH7-Regulated Target Genes and Pathways in Human Neuroretinal Development.||Reproducible generation of human retinal ganglion cells from banked retinal progenitor cells: analysis of target recognition and I						NOT_CHECKABLE	0	0	0	0	0	0	pmid_context 无 PMID 字段 (存储缺陷面, E2R 发现①)	unk
F3	markers_v5_retina_interneuron.json	R5_pcx_nopmid	/provenance/AC/GAD1[2]	AC	GAD1		"GENE:""GAD1"" AND ""amacrine cell"""	The extreme diversity of retinal amacrine cells has deep evolutionary roots.||Tempol Attenuates Diabetes-induced Transcriptomic Changes in the Rat Retina.						NOT_CHECKABLE	0	0	0	0	0	0	pmid_context 无 PMID 字段 (存储缺陷面, E2R 发现①)	unk
F3	markers_v5_retina_interneuron.json	R5_pcx_nopmid	/provenance/AC/OLFM3[1]	AC	OLFM3		"GENE:""OLFM3"" AND ""amacrine cell"""	Human Retinal Organoids Provide a Suitable Tool for Toxicological Investigations: A Comprehensive Validation Using Drugs and Compo||Olfactomedin 2: expression in the eye and interaction with other olfactomedin domain-containing proteins.						NOT_CHECKABLE	0	0	0	0	0	0	pmid_context 无 PMID 字段 (存储缺陷面, E2R 发现①)	unk
F3	markers_v5_retina_interneuron.json	R5_pcx_nopmid	/provenance/AC/PTPRK[1]	AC	PTPRK		"GENE:""PTPRK"" AND ""amacrine cell"""	Selective deletion of zinc transporter 3 in amacrine cells promotes retinal ganglion cell survival and optic nerve regeneration af||Differential Expression Analysis Identifies Candidate Synaptogenic Molecules for Wiring Direction-Selective Circuits in the Retina						NOT_CHECKABLE	0	0	0	0	0	0	pmid_context 无 PMID 字段 (存储缺陷面, E2R 发现①)	unk
F3	markers_v5_retina_interneuron.json	R5_pcx_nopmid	/provenance/AC/GAD2[2]	AC	GAD2		"GENE:""GAD2"" AND ""amacrine cell"""	Müller glia–mediated regeneration restores neuronal diversity and circuit organization in the adult zebrafish retina||Functionally distinct GABAergic amacrine cell types regulate spatiotemporal encoding in the mouse retina.						NOT_CHECKABLE	0	0	0	0	0	0	pmid_context 无 PMID 字段 (存储缺陷面, E2R 发现①)	unk
F3	markers_v5_retina_interneuron.json	R5_pcx_nopmid	/provenance/AC/GABRA2[1]	AC	GABRA2		"GENE:""GABRA2"" AND ""amacrine cell"""	Diverse GABA signaling in the inner retina enables spatiotemporal coding||The mysterious middlemen making your vision pop: understanding the function of amacrine cells.						NOT_CHECKABLE	0	0	0	0	0	0	pmid_context 无 PMID 字段 (存储缺陷面, E2R 发现①)	unk
F3	markers_v5_retina_interneuron.json	R5_pcx_nopmid	/provenance/AC/FGF13[1]	AC	FGF13		"GENE:""FGF13"" AND ""amacrine cell"""	Analysis of gene expression in wild-type and Notch1 mutant retinal cells by single cell profiling.||Replication-dependent histone genes are actively transcribed in differentiating and aging retinal neurons.						NOT_CHECKABLE	0	0	0	0	0	0	pmid_context 无 PMID 字段 (存储缺陷面, E2R 发现①)	unk
F3	markers_v5_retina_interneuron.json	R5_pcx_nopmid	/provenance/AC/SLC6A1[1]	AC	SLC6A1		"GENE:""SLC6A1"" AND ""amacrine cell"""	Pten regulates endocytic trafficking of cell adhesion and Wnt signaling molecules to pattern the retina.||Single-Cell Sequencing Analysis Reveals Dysregulated Energy Metabolism and Altered Synaptic Connectivity in the Mouse Retina Follo						NOT_CHECKABLE	0	0	0	0	0	0	pmid_context 无 PMID 字段 (存储缺陷面, E2R 发现①)	unk
F3	markers_v5_retina_interneuron.json	R5_pcx_nopmid	/provenance/AC/LRRTM3[1]	AC	LRRTM3		"""LRRTM3"" AND (""amacrine cell""+词形变体) AND retina"	2026:Synergistic inhibition of Notch signaling and forced cell cycle re-entry drive Müller glia reprogramming in uninjured mouse r||2018:Leucine-rich repeat-containing synaptic adhesion molecules as organizers of synaptic specificity and diversity.						NOT_CHECKABLE	0	0	0	0	0	0	pmid_context 无 PMID 字段 (存储缺陷面, E2R 发现①)	unk
F3	markers_v5_retina_interneuron.json	R5_pcx_nopmid	/provenance/AC/TFAP2C[1]	AC	TFAP2C		"GENE:""TFAP2C"" AND ""amacrine cell"""	Prevention of myopia in a near-primate by supplemental indigo light suggests a hypothesis for the myopia boom.||Six3 and Six6 jointly control diverse target genes in multiple cell populations over developmental trajectories of mouse embryonic						NOT_CHECKABLE	0	0	0	0	0	0	pmid_context 无 PMID 字段 (存储缺陷面, E2R 发现①)	unk
F3	markers_v5_retina_interneuron.json	R5_pcx_nopmid	/provenance/AC/CACNA1E[1]	AC	CACNA1E		"GENE:""CACNA1E"" AND ""amacrine cell"""	AII amacrine cells express L-type calcium channels at their output synapses.						NOT_CHECKABLE	0	0	0	0	0	0	pmid_context 无 PMID 字段 (存储缺陷面, E2R 发现①)	unk
F3	markers_v5_retina_interneuron.json	R5_pcx_nopmid	/provenance/AC/CAMK2A[1]	AC	CAMK2A		"GENE:""CAMK2A"" AND ""amacrine cell"""	The mysterious middlemen making your vision pop: understanding the function of amacrine cells.||Mouse Lines with Cre-Mediated Recombination in Retinal Amacrine Cells.						NOT_CHECKABLE	0	0	0	0	0	0	pmid_context 无 PMID 字段 (存储缺陷面, E2R 发现①)	unk
F3	markers_v5_retina_interneuron.json	R5_pcx_nopmid	/provenance/AC/CAMKV[1]	AC	CAMKV		"""CAMKV"" AND (""amacrine cell""+词形变体) AND retina"	2017:Mechanisms regulating dendritic arbor patterning.||2015:Light-evoked S-nitrosylation in the retina.						NOT_CHECKABLE	0	0	0	0	0	0	pmid_context 无 PMID 字段 (存储缺陷面, E2R 发现①)	unk
F3	markers_v5_retina_interneuron.json	R5_pcx_nopmid	/provenance/AC/CHRM2[1]	AC	CHRM2		"GENE:""CHRM2"" AND ""amacrine cell"""	Image defocus and altered retinal gene expression in chick: clues to the pathogenesis of ametropia.||Comprehensive Classification of Retinal Bipolar Neurons by Single-Cell Transcriptomics.						NOT_CHECKABLE	0	0	0	0	0	0	pmid_context 无 PMID 字段 (存储缺陷面, E2R 发现①)	unk
F3	markers_v5_retina_interneuron.json	R5_pcx_nopmid	/provenance/AC/C1QL2[1]	AC	C1QL2		"GENE:""C1QL2"" AND ""amacrine cell"""	Single-Cell Transcriptomic Sequencing Reveals Tissue Architecture and Deciphers Pathological Reprogramming During Retinal Ischemia||Single-cell sequencing reveals an important role of SPP1 and microglial activation in age-related macular degeneration.						NOT_CHECKABLE	0	0	0	0	0	0	pmid_context 无 PMID 字段 (存储缺陷面, E2R 发现①)	unk
F3	markers_v5_retina_interneuron.json	R5_pcx_nopmid	/provenance/AC/GABRA3[1]	AC	GABRA3		"GENE:""GABRA3"" AND ""amacrine cell"""	Diverse GABA signaling in the inner retina enables spatiotemporal coding||AAV-mediated expression of proneural factors stimulates neurogenesis from adult Müller glia in vivo.						NOT_CHECKABLE	0	0	0	0	0	0	pmid_context 无 PMID 字段 (存储缺陷面, E2R 发现①)	unk
F3	markers_v5_retina_interneuron.json	R5_pcx_nopmid	/provenance/AC/GRIN3A[1]	AC	GRIN3A		"GENE:""GRIN3A"" AND ""amacrine cell"""	Astrocyte Immune Functions and Glaucoma.||Selective deletion of zinc transporter 3 in amacrine cells promotes retinal ganglion cell survival and optic nerve regeneration af						NOT_CHECKABLE	0	0	0	0	0	0	pmid_context 无 PMID 字段 (存储缺陷面, E2R 发现①)	unk
F3	markers_v5_retina_interneuron.json	R5_pcx_nopmid	/provenance/AC/SCN3B[1]	AC	SCN3B		"""SCN3B"" AND (""amacrine cell""+词形变体) AND retina"	2022:Single-Cell RNA-Seq Reveals the Cellular Diversity and Developmental Characteristics of the Retinas of an Infant and a Young 						NOT_CHECKABLE	0	0	0	0	0	0	pmid_context 无 PMID 字段 (存储缺陷面, E2R 发现①)	unk
F3	markers_v5_retina_interneuron.json	R5_pcx_nopmid	/provenance/AC/GRIK2[1]	AC	GRIK2		"GENE:""GRIK2"" AND ""amacrine cell"""	Transcriptome Analysis Did Not Show Endogenous Stem Cell Characteristics in Murine Lgr5<sup>+</sup> Retinal Cells.||Synaptic Scaffolds, Ion Channels and Polyamines in Mouse Photoreceptor Synapses: Anatomy of a Signaling Complex.						NOT_CHECKABLE	0	0	0	0	0	0	pmid_context 无 PMID 字段 (存储缺陷面, E2R 发现①)	unk
F3	markers_v5_retina_interneuron.json	R5_pcx_nopmid	/provenance/AC/SLC35F3[1]	AC	SLC35F3		"""SLC35F3"" AND (""amacrine cell""+词形变体) AND retina"	2021:Photoreceptor cKO of OTX2 Enhances OTX2 Intercellular Transfer in the Retina and Causes Photophobia.						NOT_CHECKABLE	0	0	0	0	0	0	pmid_context 无 PMID 字段 (存储缺陷面, E2R 发现①)	unk
F3	markers_v5_retina_interneuron.json	R5_pcx_nopmid	/provenance/AC/SHISA6[1]	AC	SHISA6		"GENE:""SHISA6"" AND ""amacrine cell"""							NOT_CHECKABLE	0	0	0	0	0	0	pmid_context 无 PMID 字段 (存储缺陷面, E2R 发现①)	unk
F3	markers_v5_retina_interneuron.json	R5_pcx_nopmid	/provenance/AC/ZNF804A[1]	AC	ZNF804A		"GENE:""ZNF804A"" AND ""amacrine cell"""	The extreme diversity of retinal amacrine cells has deep evolutionary roots.						NOT_CHECKABLE	0	0	0	0	0	0	pmid_context 无 PMID 字段 (存储缺陷面, E2R 发现①)	unk
F3	markers_v5_retina_interneuron.json	R5_pcx_nopmid	/provenance/AC/GLCE[1]	AC	GLCE		"""GLCE"" AND (""amacrine cell""+词形变体) AND retina"	2014:MicroRNAs in the Neural Retina.||2013:Non-coding RNAs in the development of sensory organs and related diseases.						NOT_CHECKABLE	0	0	0	0	0	0	pmid_context 无 PMID 字段 (存储缺陷面, E2R 发现①)	unk
F3	markers_v5_retina_interneuron.json	R5_pcx_nopmid	/provenance/AC/ZFPM2[1]	AC	ZFPM2		"""ZFPM2"" AND (""amacrine cell""+词形变体) AND retina"	2024:Single cell dual-omic atlas of the human developing retina.||2016:The Potential of Human Stem Cells for the Study and Treatment of Glaucoma.						NOT_CHECKABLE	0	0	0	0	0	0	pmid_context 无 PMID 字段 (存储缺陷面, E2R 发现①)	unk
F3	markers_v5_retina_interneuron.json	R5_pcx_nopmid	/provenance/AC/CHRM3[1]	AC	CHRM3		"GENE:""CHRM3"" AND ""amacrine cell"""							NOT_CHECKABLE	0	0	0	0	0	0	pmid_context 无 PMID 字段 (存储缺陷面, E2R 发现①)	unk
F3	markers_v5_retina_interneuron.json	R5_pcx_nopmid	/provenance/AC/NXPH2[1]	AC	NXPH2		"GENE:""NXPH2"" AND ""amacrine cell"""							NOT_CHECKABLE	0	0	0	0	0	0	pmid_context 无 PMID 字段 (存储缺陷面, E2R 发现①)	unk
F3	markers_v5_retina_interneuron.json	R5_pcx_nopmid	/provenance/AC/TMEM132D[1]	AC	TMEM132D		"""TMEM132D"" AND (""amacrine cell""+词形变体) AND retina"	2026:Synergistic inhibition of Notch signaling and forced cell cycle re-entry drive Müller glia reprogramming in uninjured mouse r						NOT_CHECKABLE	0	0	0	0	0	0	pmid_context 无 PMID 字段 (存储缺陷面, E2R 发现①)	unk
F3	markers_v5_retina_interneuron.json	R5_pcx_nopmid	/provenance/AC/AK5[1]	AC	AK5		"""AK5"" AND (""amacrine cell""+词形变体) AND retina"	2016:The cellular and compartmental profile of mouse retinal glycolysis, tricarboxylic acid cycle, oxidative phosphorylation, and 						NOT_CHECKABLE	0	0	0	0	0	0	pmid_context 无 PMID 字段 (存储缺陷面, E2R 发现①)	unk
F3	markers_v5_retina_interneuron.json	R5_pcx_nopmid	/provenance/AC/SPHKAP[1]	AC	SPHKAP		"""SPHKAP"" AND (""amacrine cell""+词形变体) AND retina"	2023:Atlas of phosphoinositide signatures in the retina identifies heterogeneity between cell types.||2016:LSD1-Mediated Demethylation of H3K4me2 Is Required for the Transition from Late Progenitor to Differentiated Mouse Rod Photor						NOT_CHECKABLE	0	0	0	0	0	0	pmid_context 无 PMID 字段 (存储缺陷面, E2R 发现①)	unk
F3	markers_v5_retina_interneuron.json	R5_pcx_nopmid	/provenance/AC/LNX1[1]	AC	LNX1		"""LNX1"" AND (""amacrine cell""+词形变体) AND retina"	2023:Intralumenal docking of connexin 36 channels in the ER isolates mistrafficked protein.						NOT_CHECKABLE	0	0	0	0	0	0	pmid_context 无 PMID 字段 (存储缺陷面, E2R 发现①)	unk
F3	markers_v5_retina_interneuron.json	R5_pcx_nopmid	/provenance/AC/LRRN3[1]	AC	LRRN3		"GENE:""LRRN3"" AND ""amacrine cell"""	Human Retinal Organoids Provide a Suitable Tool for Toxicological Investigations: A Comprehensive Validation Using Drugs and Compo||Amacrine cell gene expression and survival signaling: differences from neighboring retinal ganglion cells.						NOT_CHECKABLE	0	0	0	0	0	0	pmid_context 无 PMID 字段 (存储缺陷面, E2R 发现①)	unk
F3	markers_v5_retina_interneuron.json	R5_pcx_nopmid	/provenance/AC/ROBO1[1]	AC	ROBO1		"GENE:""ROBO1"" AND ""amacrine cell"""	The distinct roles of TGF-β signaling in retinal development.||Spatiotemporal coordination of Slit-Robo repulsion and neurturin-Gfrα attraction guides multipolar migration during retinal lamina						NOT_CHECKABLE	0	0	0	0	0	0	pmid_context 无 PMID 字段 (存储缺陷面, E2R 发现①)	unk
F3	markers_v5_retina_interneuron.json	R5_pcx_nopmid	/provenance/AC/EYA4[2]	AC	EYA4		"GENE:""EYA4"" AND ""amacrine cell"""							NOT_CHECKABLE	0	0	0	0	0	0	pmid_context 无 PMID 字段 (存储缺陷面, E2R 发现①)	unk
F3	markers_v5_retina_interneuron.json	R5_pcx_nopmid	/provenance/AC/GABRG1[1]	AC	GABRG1		"GENE:""GABRG1"" AND ""amacrine cell"""	Diverse GABA signaling in the inner retina enables spatiotemporal coding||Retinal organoids with X-linked retinoschisis RS1 (E72K) mutation exhibit a photoreceptor developmental delay and are rescued by g						NOT_CHECKABLE	0	0	0	0	0	0	pmid_context 无 PMID 字段 (存储缺陷面, E2R 发现①)	unk
F3	markers_v5_retina_interneuron.json	R5_pcx_nopmid	/provenance/AC/ATP8B4[1]	AC	ATP8B4		"""ATP8B4"" AND (""amacrine cell""+词形变体) AND retina"	2024:Remyelination protects neurons from DLK-mediated neurodegeneration.||2022:Cell atlas of the human ocular anterior segment: Tissue-specific and shared cell types.						NOT_CHECKABLE	0	0	0	0	0	0	pmid_context 无 PMID 字段 (存储缺陷面, E2R 发现①)	unk
F3	markers_v5_retina_interneuron.json	R5_pcx_nopmid	/provenance/AC/DOCK2[1]	AC	DOCK2		"GENE:""DOCK2"" AND ""amacrine cell"""							NOT_CHECKABLE	0	0	0	0	0	0	pmid_context 无 PMID 字段 (存储缺陷面, E2R 发现①)	unk
F3	markers_v5_retina_interneuron.json	R5_pcx_nopmid	/provenance/AC/RASGRF1[1]	AC	RASGRF1		"GENE:""RASGRF1"" AND ""amacrine cell"""	Light and myopia: from epidemiological studies to neurobiological mechanisms.||Transcriptomic analysis across nasal, temporal, and macular regions of human neural retina and RPE/choroid by RNA-Seq.						NOT_CHECKABLE	0	0	0	0	0	0	pmid_context 无 PMID 字段 (存储缺陷面, E2R 发现①)	unk
F3	markers_v5_retina_interneuron.json	R5_pcx_nopmid	/provenance/AC/GREB1L[1]	AC	GREB1L		"""GREB1L"" AND (""amacrine cell""+词形变体) AND retina"	2019:Genetics and functions of the retinoic acid pathway, with special emphasis on the eye.						NOT_CHECKABLE	0	0	0	0	0	0	pmid_context 无 PMID 字段 (存储缺陷面, E2R 发现①)	unk
F3	markers_v5_retina_interneuron.json	R5_pcx_nopmid	/provenance/AC/CPNE5[1]	AC	CPNE5		"GENE:""CPNE5"" AND ""amacrine cell"""	Molecular studies into cell biological role of Copine-4 in Retinal Ganglion Cells.						NOT_CHECKABLE	0	0	0	0	0	0	pmid_context 无 PMID 字段 (存储缺陷面, E2R 发现①)	unk
F3	markers_v5_retina_interneuron.json	R5_pcx_nopmid	/provenance/AC/CUX2[1]	AC	CUX2		"GENE:""CUX2"" AND ""amacrine cell"""	FIN-Seq: transcriptional profiling of specific cell types from frozen archived tissue of the human central nervous system.||Diverse Central Projection Patterns of Retinal Ganglion Cells.						NOT_CHECKABLE	0	0	0	0	0	0	pmid_context 无 PMID 字段 (存储缺陷面, E2R 发现①)	unk
F3	markers_v5_retina_interneuron.json	R5_pcx_nopmid	/provenance/AC/SNTG1[1]	AC	SNTG1		"""SNTG1"" AND (""amacrine cell""+词形变体) AND retina"	2023:Tissue- and cell-specific whole-transcriptome meta-analysis from brain and retina reveals differential expression of dystroph						NOT_CHECKABLE	0	0	0	0	0	0	pmid_context 无 PMID 字段 (存储缺陷面, E2R 发现①)	unk
F3	markers_v5_retina_interneuron.json	R5_pcx_nopmid	/provenance/AC/DACH2[1]	AC	DACH2		"""DACH2"" AND (""amacrine cell""+词形变体) AND retina"	2024:Identifying X-chromosome variants associated with age-related macular degeneration.||2024:Comparative single-cell transcriptomic analysis reveals putative differentiation drivers and potential origin of vertebrate r						NOT_CHECKABLE	0	0	0	0	0	0	pmid_context 无 PMID 字段 (存储缺陷面, E2R 发现①)	unk
F3	markers_v5_retina_interneuron.json	R5_pcx_nopmid	/provenance/AC/CNTN5[1]	AC	CNTN5		"GENE:""CNTN5"" AND ""amacrine cell"""	Retinal ganglion cell-derived semaphorin 6A segregates starburst amacrine cell dendritic scaffolds to organize the mouse inner ret||Spatial organization of the mouse retina at single cell resolution by MERFISH.						NOT_CHECKABLE	0	0	0	0	0	0	pmid_context 无 PMID 字段 (存储缺陷面, E2R 发现①)	unk
F3	markers_v5_retina_interneuron.json	R5_pcx_nopmid	/provenance/AC/ITGA11[1]	AC	ITGA11		"GENE:""ITGA11"" AND ""amacrine cell"""							NOT_CHECKABLE	0	0	0	0	0	0	pmid_context 无 PMID 字段 (存储缺陷面, E2R 发现①)	unk
F3	markers_v5_retina_interneuron.json	R3_note_embed	/provenance/AC/MAF[1]/note	AC	MAF	27565351	AII amacrine canonical (PMID:27565351)			Comprehensive Classification of Retinal Bipolar Neurons by Single-Cell Transcriptomics.	Cell	2016 Aug	epmc,eutils	GOOD	1	0	1	0	0	0	C1+眼科语境	<2020
F3	markers_v5_retina_interneuron.json	R5_pcx_nopmid	/provenance/AC/MAF[2]	AC	MAF		"GENE:""MAF"" AND ""amacrine cell"""	The extreme diversity of retinal amacrine cells has deep evolutionary roots.||Conservation of cis-regulatory codes over half a billion years of evolution.						NOT_CHECKABLE	0	0	0	0	0	0	pmid_context 无 PMID 字段 (存储缺陷面, E2R 发现①)	unk
F3	markers_v5_retina_interneuron.json	R5_pcx_nopmid	/provenance/HC/FRMPD4[1]	HC	FRMPD4		"""FRMPD4"" AND (""horizontal cell""+词形变体) AND retina"	2026:Interleukin 27-induced photoreceptor survival is associated with suppression of a novel Muller glia subpopulation.||2022:Frmpd1 Facilitates Trafficking of G-Protein Transducin and Modulates Synaptic Function in Rod Photoreceptors of Mammalian Ret						NOT_CHECKABLE	0	0	0	0	0	0	pmid_context 无 PMID 字段 (存储缺陷面, E2R 发现①)	unk
F3	markers_v5_retina_interneuron.json	R5_pcx_nopmid	/provenance/HC/TNR[1]	HC	TNR		"GENE:""TNR"" AND ""horizontal cell"""	The sodium-bicarbonate cotransporter Slc4a5 mediates feedback at the first synapse of vision.||A scRNA-seq reference contrasting living and early post-mortem human retina across diverse donor states.						NOT_CHECKABLE	0	0	0	0	0	0	pmid_context 无 PMID 字段 (存储缺陷面, E2R 发现①)	unk
F3	markers_v5_retina_interneuron.json	R5_pcx_nopmid	/provenance/HC/PCSK6[1]	HC	PCSK6		"""PCSK6"" AND (""horizontal cell""+词形变体) AND retina"	2026:Protocol for retinal stress culture and single-cell analysis.||2019:Uveitis and Multiple Sclerosis: Potential Common Causal Mutations.						NOT_CHECKABLE	0	0	0	0	0	0	pmid_context 无 PMID 字段 (存储缺陷面, E2R 发现①)	unk
F3	markers_v5_retina_interneuron.json	R5_pcx_nopmid	/provenance/HC/CACNA1C[1]	HC	CACNA1C		"GENE:""CACNA1C"" AND ""horizontal cell"""	Molecular basis of retinal remodeling in a zebrafish model of retinitis pigmentosa.||Progress in the molecular mechanisms of genetic epilepsies using patient-induced pluripotent stem cells.						NOT_CHECKABLE	0	0	0	0	0	0	pmid_context 无 PMID 字段 (存储缺陷面, E2R 发现①)	unk
F3	markers_v5_retina_interneuron.json	R5_pcx_nopmid	/provenance/HC/ONECUT2[2]	HC	ONECUT2		"GENE:""ONECUT2"" AND ""horizontal cell"""	Single-cell analysis reveals cellular heterogeneity and limits of marker-based assessment in retinal ganglion cell-enriched organo||Heterochronic transcription factor expression drives cone-dominant retina development in 13-lined ground squirrels.						NOT_CHECKABLE	0	0	0	0	0	0	pmid_context 无 PMID 字段 (存储缺陷面, E2R 发现①)	unk
F3	markers_v5_retina_interneuron.json	R5_pcx_nopmid	/provenance/HC/DOCK10[1]	HC	DOCK10		"""DOCK10"" AND (""horizontal cell""+词形变体) AND retina"	2025:Single-Cell RNA-Seq Reveals Aging-Related Impairment of Microglial Efferocytosis Contributing to Apoptotic Cells Accumulation||2022:Low-Dose Anti-HIV Drug Efavirenz Mitigates Retinal Vascular Lesions in a Mouse Model of Alzheimer's Disease.						NOT_CHECKABLE	0	0	0	0	0	0	pmid_context 无 PMID 字段 (存储缺陷面, E2R 发现①)	unk
F3	markers_v5_retina_interneuron.json	R3_note_embed	/provenance/HC/ONECUT1[1]/note	HC	ONECUT1	41578023	HC canonical (v4.1 legacy 同源; PMID:41578023)			Single-cell atlas of the transcriptome and chromatin accessibility in the human retina.	Nature genetics	2026 Feb	epmc,eutils	GOOD	1	0	1	0	0	0	C1+眼科语境	2025+
F3	markers_v5_retina_interneuron.json	R5_pcx_nopmid	/provenance/HC/ONECUT1[2]	HC	ONECUT1		"GENE:""ONECUT1"" AND ""horizontal cell"""	Single-cell analysis reveals cellular heterogeneity and limits of marker-based assessment in retinal ganglion cell-enriched organo||Machine Learning Identifies Key Gene Markers Related to Fetal Retina Development at Single-Cell Transcription Level.						NOT_CHECKABLE	0	0	0	0	0	0	pmid_context 无 PMID 字段 (存储缺陷面, E2R 发现①)	unk
F3	markers_v5_retina_interneuron.json	R5_pcx_nopmid	/provenance/HC/TPM3[1]	HC	TPM3		"GENE:""TPM3"" AND ""horizontal cell"""	Lower expressed miR-198 and its potential targets in hepatocellular carcinoma: a clinicopathological and in silico study.						NOT_CHECKABLE	0	0	0	0	0	0	pmid_context 无 PMID 字段 (存储缺陷面, E2R 发现①)	unk
F3	markers_v5_retina_interneuron.json	R5_pcx_nopmid	/provenance/HC/ADAMTS17[1]	HC	ADAMTS17		"GENE:""ADAMTS17"" AND ""horizontal cell"""							NOT_CHECKABLE	0	0	0	0	0	0	pmid_context 无 PMID 字段 (存储缺陷面, E2R 发现①)	unk
F3	markers_v5_retina_interneuron.json	R5_pcx_nopmid	/provenance/HC/ONECUT3[2]	HC	ONECUT3		"GENE:""ONECUT3"" AND ""horizontal cell"""	Conservation of cis-regulatory codes over half a billion years of evolution.||Paralogous Genes Involved in Embryonic Development: Lessons from the Eye and Other Tissues.						NOT_CHECKABLE	0	0	0	0	0	0	pmid_context 无 PMID 字段 (存储缺陷面, E2R 发现①)	unk
F3	markers_v5_retina_interneuron.json	R5_pcx_nopmid	/provenance/HC/SESTD1[1]	HC	SESTD1		"""SESTD1"" AND (""horizontal cell""+词形变体) AND retina"	2024:Inhibition of oxidative stress-induced epithelial-mesenchymal transition in retinal pigment epithelial cells of age-related m||2013:Retinal microenvironment imbalance in dry age-related macular degeneration: a mini-review.						NOT_CHECKABLE	0	0	0	0	0	0	pmid_context 无 PMID 字段 (存储缺陷面, E2R 发现①)	unk
F3	markers_v5_retina_interneuron.json	R5_pcx_nopmid	/provenance/HC/CMYA5[1]	HC	CMYA5		"GENE:""CMYA5"" AND ""horizontal cell"""							NOT_CHECKABLE	0	0	0	0	0	0	pmid_context 无 PMID 字段 (存储缺陷面, E2R 发现①)	unk
F3	markers_v5_retina_interneuron.json	R5_pcx_nopmid	/provenance/HC/BEGAIN[1]	HC	BEGAIN		"""BEGAIN"" AND (""horizontal cell""+词形变体) AND retina"	2019:Uveitis and Multiple Sclerosis: Potential Common Causal Mutations.						NOT_CHECKABLE	0	0	0	0	0	0	pmid_context 无 PMID 字段 (存储缺陷面, E2R 发现①)	unk
F3	markers_v5_retina_interneuron.json	R5_pcx_nopmid	/provenance/HC/GFRA2[1]	HC	GFRA2		"GENE:""GFRA2"" AND ""horizontal cell"""	Role of neurotrophin receptor TrkB in the maturation of rod photoreceptors and establishment of synaptic transmission to the inner						NOT_CHECKABLE	0	0	0	0	0	0	pmid_context 无 PMID 字段 (存储缺陷面, E2R 发现①)	unk
F3	markers_v5_retina_interneuron.json	R5_pcx_nopmid	/provenance/HC/B3GAT2[1]	HC	B3GAT2		"GENE:""B3GAT2"" AND ""horizontal cell"""	Single-cell RNA sequencing analysis of the retina under acute high intraocular pressure.						NOT_CHECKABLE	0	0	0	0	0	0	pmid_context 无 PMID 字段 (存储缺陷面, E2R 发现①)	unk
F3	markers_v5_retina_interneuron.json	R5_pcx_nopmid	/provenance/HC/SLC4A3[1]	HC	SLC4A3		"GENE:""SLC4A3"" AND ""horizontal cell"""	Mouse models of SLC4-linked disorders of HCO<sub>3</sub><sup>-</sup>-transporter dysfunction.||The SLC-ome of membrane transport: From molecular discovery to physiology and clinical applications.						NOT_CHECKABLE	0	0	0	0	0	0	pmid_context 无 PMID 字段 (存储缺陷面, E2R 发现①)	unk
F3	markers_v5_retina_interneuron.json	R5_pcx_nopmid	/provenance/HC/GJA10[1]	HC	GJA10		"GENE:""GJA10"" AND ""horizontal cell"""	The sodium-bicarbonate cotransporter Slc4a5 mediates feedback at the first synapse of vision.||Graft-derived horizontal cells contribute to host-graft synapses in degenerated retinas after retinal organoid transplantation.						NOT_CHECKABLE	0	0	0	0	0	0	pmid_context 无 PMID 字段 (存储缺陷面, E2R 发现①)	unk
F3	markers_v5_retina_interneuron.json	R5_pcx_nopmid	/provenance/HC/FBXL7[1]	HC	FBXL7		"GENE:""FBXL7"" AND ""horizontal cell"""	Spatial transcriptomics reveals human cortical layer and area specification.						NOT_CHECKABLE	0	0	0	0	0	0	pmid_context 无 PMID 字段 (存储缺陷面, E2R 发现①)	unk
F3	markers_v5_retina_interneuron.json	R5_pcx_nopmid	/provenance/HC/C8ORF76[1]	HC	C8ORF76		"GENE:""C8ORF76"" AND ""horizontal cell"""	Vesicular expression and release of ATP from dopaminergic neurons of the mouse retina and midbrain.||Scotopic visual signaling in the mouse retina is modulated by high-affinity plasma membrane calcium extrusion.						NOT_CHECKABLE	0	0	0	0	0	0	pmid_context 无 PMID 字段 (存储缺陷面, E2R 发现①)	unk
F3	markers_v5_retina_interneuron.json	R5_pcx_nopmid	/provenance/HC/MEGF11[1]	HC	MEGF11		"GENE:""MEGF11"" AND ""horizontal cell"""	Retinal Mosaics: Pattern Formation Driven by Local Interactions between Homotypic Neighbors.||MEGF10 and MEGF11 mediate homotypic interactions required for mosaic spacing of retinal neurons.						NOT_CHECKABLE	0	0	0	0	0	0	pmid_context 无 PMID 字段 (存储缺陷面, E2R 发现①)	unk
F3	markers_v5_retina_interneuron.json	R5_pcx_nopmid	/provenance/HC/CACNG7[1]	HC	CACNG7		"GENE:""CACNG7"" AND ""horizontal cell"""	A local, periactive zone endocytic machinery at photoreceptor synapses in close vicinity to synaptic ribbons.						NOT_CHECKABLE	0	0	0	0	0	0	pmid_context 无 PMID 字段 (存储缺陷面, E2R 发现①)	unk
F3	markers_v5_retina_interneuron.json	R5_pcx_nopmid	/provenance/HC/FAM107B[1]	HC	FAM107B		"GENE:""FAM107B"" AND ""horizontal cell"""							NOT_CHECKABLE	0	0	0	0	0	0	pmid_context 无 PMID 字段 (存储缺陷面, E2R 发现①)	unk
F3	markers_v5_retina_interneuron.json	R5_pcx_nopmid	/provenance/HC/NAT16[1]	HC	NAT16		"GENE:""NAT16"" AND ""horizontal cell"""	The sodium-bicarbonate cotransporter Slc4a5 mediates feedback at the first synapse of vision.						NOT_CHECKABLE	0	0	0	0	0	0	pmid_context 无 PMID 字段 (存储缺陷面, E2R 发现①)	unk
F3	markers_v5_retina_interneuron.json	R5_pcx_nopmid	/provenance/HC/LHX1[2]	HC	LHX1		"GENE:""LHX1"" AND ""horizontal cell"""	Single-cell analysis reveals cellular heterogeneity and limits of marker-based assessment in retinal ganglion cell-enriched organo||Heterochronic transcription factor expression drives cone-dominant retina development in 13-lined ground squirrels.						NOT_CHECKABLE	0	0	0	0	0	0	pmid_context 无 PMID 字段 (存储缺陷面, E2R 发现①)	unk
F3	markers_v5_retina_interneuron.json	R5_pcx_nopmid	/provenance/HC/FAM135A[1]	HC	FAM135A		"GENE:""FAM135A"" AND ""horizontal cell"""							NOT_CHECKABLE	0	0	0	0	0	0	pmid_context 无 PMID 字段 (存储缺陷面, E2R 发现①)	unk
F3	markers_v5_retina_interneuron.json	R5_pcx_nopmid	/provenance/HC/PCDH11X[1]	HC	PCDH11X		"GENE:""PCDH11X"" AND ""horizontal cell"""							NOT_CHECKABLE	0	0	0	0	0	0	pmid_context 无 PMID 字段 (存储缺陷面, E2R 发现①)	unk
F3	markers_v5_retina_interneuron.json	R5_pcx_nopmid	/provenance/HC/VAT1L[1]	HC	VAT1L		"GENE:""VAT1L"" AND ""horizontal cell"""	Cell Types of the Human Retina and Its Organoids at Single-Cell Resolution.						NOT_CHECKABLE	0	0	0	0	0	0	pmid_context 无 PMID 字段 (存储缺陷面, E2R 发现①)	unk
F3	markers_v5_retina_interneuron.json	R5_pcx_nopmid	/provenance/HC/NAALAD2[1]	HC	NAALAD2		"GENE:""NAALAD2"" AND ""horizontal cell"""	Possible roles of glutamate transporter EAAT5 in mouse cone depolarizing bipolar cell light responses.||Immunocytochemical localization of group III metabotropic glutamate receptors in the hippocampus with subtype-specific antibodies.						NOT_CHECKABLE	0	0	0	0	0	0	pmid_context 无 PMID 字段 (存储缺陷面, E2R 发现①)	unk
F3	markers_v5_retina_interneuron.json	R3_note_embed	/provenance/BC/NETO1[1]/note		NETO1	41578023	HRCA v1 正文点名 BC pan marker (PMID:41578023)			Single-cell atlas of the transcriptome and chromatin accessibility in the human retina.	Nature genetics	2026 Feb	epmc,eutils	GOOD	1	0	1	0	0	0	C1+眼科语境	2025+
F3	markers_v5_retina_interneuron.json	R3_note_embed	/provenance/BC/TRPM1[1]/note		TRPM1	32946783	ON-bipolar canonical (PMID:32946783 Yan2020; PMID:31436334 Liang2019)			Cell Types of the Human Retina and Its Organoids at Single-Cell Resolution.	Cell	2020 Sep	epmc,eutils	SUSPECT	1	0	1	0	0	1	题录眼语境但 note 零呼应(DIVERGE 旗)	2020-22
F3	markers_v5_retina_interneuron.json	R3_note_embed	/provenance/BC/TRPM1[1]/note		TRPM1	31436334	ON-bipolar canonical (PMID:32946783 Yan2020; PMID:31436334 Liang2019)			A single-cell transcriptome atlas of the adult human retina.	The EMBO journal	2019 Sep	epmc,eutils	SUSPECT	1	0	1	0	0	1	题录眼语境但 note 零呼应(DIVERGE 旗)	<2020
F3	markers_v5_retina_interneuron.json	R3_note_embed	/provenance/BC/GRM6[1]/note		GRM6	41578023	HRCA v1 正文点名 GRM6=ON-BC (PMID:41578023); v4.1 legacy 重合			Single-cell atlas of the transcriptome and chromatin accessibility in the human retina.	Nature genetics	2026 Feb	epmc,eutils	SUSPECT	1	0	1	0	0	1	题录眼语境但 note 零呼应(DIVERGE 旗)	2025+
F3	markers_v5_retina_interneuron.json	R3_note_embed	/provenance/BC/GRIK1[1]/note		GRIK1	41578023	HRCA v1 正文点名 GRIK1=OFF-BC (PMID:41578023); Liang2019 PMID:31436334			Single-cell atlas of the transcriptome and chromatin accessibility in the human retina.	Nature genetics	2026 Feb	epmc,eutils	SUSPECT	1	0	1	0	0	1	题录眼语境但 note 零呼应(DIVERGE 旗)	2025+
F3	markers_v5_retina_interneuron.json	R3_note_embed	/provenance/BC/GRIK1[1]/note		GRIK1	31436334	HRCA v1 正文点名 GRIK1=OFF-BC (PMID:41578023); Liang2019 PMID:31436334			A single-cell transcriptome atlas of the adult human retina.	The EMBO journal	2019 Sep	epmc,eutils	SUSPECT	1	0	1	0	0	1	题录眼语境但 note 零呼应(DIVERGE 旗)	<2020
F3	markers_v5_retina_interneuron.json	R3_note_embed	/provenance/BC/PRKCA[1]/note		PRKCA	27565351	rod bipolar (RB) canonical marker (PMID:27565351 Shekhar2016; PMID:32946783)			Comprehensive Classification of Retinal Bipolar Neurons by Single-Cell Transcriptomics.	Cell	2016 Aug	epmc,eutils	GOOD	1	0	1	0	1	0	C1+眼科语境	<2020
F3	markers_v5_retina_interneuron.json	R3_note_embed	/provenance/BC/PRKCA[1]/note		PRKCA	32946783	rod bipolar (RB) canonical marker (PMID:27565351 Shekhar2016; PMID:32946783)			Cell Types of the Human Retina and Its Organoids at Single-Cell Resolution.	Cell	2020 Sep	epmc,eutils	SUSPECT	1	0	1	0	0	1	题录眼语境但 note 零呼应(DIVERGE 旗)	2020-22
F3	markers_v5_retina_interneuron.json	R3_note_embed	/provenance/AC/MAF[1]/note		MAF	27565351	AII amacrine canonical (PMID:27565351)			Comprehensive Classification of Retinal Bipolar Neurons by Single-Cell Transcriptomics.	Cell	2016 Aug	epmc,eutils	GOOD	1	0	1	0	0	0	C1+眼科语境	<2020
F3	markers_v5_retina_interneuron.json	R3_note_embed	/provenance/HC/ONECUT1[1]/note		ONECUT1	41578023	HC canonical (v4.1 legacy 同源; PMID:41578023)			Single-cell atlas of the transcriptome and chromatin accessibility in the human retina.	Nature genetics	2026 Feb	epmc,eutils	GOOD	1	0	1	0	0	0	C1+眼科语境	2025+
F3	markers_v5_retina_interneuron.json	R3_note_embed	/derivation/reference			41578023	HRCA v1 (PMID 41578023, doi 10.1038/s41588-025-02454-1) /mnt/D/OcularKB/data/HRCA_cellxgene/HRCA_allcells_annotated.h5ad md5 ce5cb05e457093201df0b18ca02ea6fd; agg sha256 c5c99e88a548bf0401bb6149769fc7			Single-cell atlas of the transcriptome and chromatin accessibility in the human retina.	Nature genetics	2026 Feb	epmc,eutils	SUSPECT	1	0	1	0	0	1	题录眼语境但 note 零呼应(DIVERGE 旗)	2025+
F3	priors	R3_text	:35			35061025	"acent 格) 的背景对照""   ],   ""wrong_uses"": [    ""膜标本的细胞比例'达标'验收"",    ""把 Rod/Cone 缺失判为质量缺陷 (先查材料!)""   ],   ""comparable_material_anchor"": ""本卡可比材料主锚 = GSE165784 (PDR 膜, PMID 35061025) + JCI Insight 2023 独立 PDR 膜队列 (PMID 37917183) —— 同物种/同材料/同阶段, REVIEWER_LLM T2 优先序第"			Single-Cell Transcriptomics Reveals Novel Role of Microglia in Fibrovascular Membrane of Proliferative Diabetic Retinopathy.	Diabetes	2022 Apr	epmc,eutils	SUSPECT	1	0	1	0	0	1	题录眼语境但 note 零呼应(DIVERGE 旗)	2020-22
F3	priors	R3_text	:35			37917183	"的细胞比例'达标'验收"",    ""把 Rod/Cone 缺失判为质量缺陷 (先查材料!)""   ],   ""comparable_material_anchor"": ""本卡可比材料主锚 = GSE165784 (PDR 膜, PMID 35061025) + JCI Insight 2023 独立 PDR 膜队列 (PMID 37917183) —— 同物种/同材料/同阶段, REVIEWER_LLM T2 优先序第 1 档。""  },  ""identity_hierarchies"": [   {    """			Single-cell transcriptomics analysis of proliferative diabetic retinopathy fibrovascular membranes reveals AEBP1 as fibrogenesis modulator.	JCI insight	2023 Nov	epmc,eutils	GOOD	1	0	1	0	1	0	C1+眼科语境	2023
F3	priors	R3_text	:253			35061025	"aim_type"": ""identity"",    ""relation"": ""支持"",    ""condition"": ""human, fibrovascular membrane, scRNA"",    ""comparator"": ""vs 招募单核 (FCN1 组)"",    ""locator"": ""Hu2022 (PMID 35061025) 结果节; markers_membrane_v1 canonical 层"",    ""limits"": ""与稳态小胶质区分不足 —— SELENOP/"			Single-Cell Transcriptomics Reveals Novel Role of Microglia in Fibrovascular Membrane of Proliferative Diabetic Retinopathy.	Diabetes	2022 Apr	epmc,eutils	GOOD	1	0	1	0	2	0	C1+眼科语境	2020-22
F3	priors	R3_text	:285			37917183	""": {    ""claim_type"": ""state"",    ""relation"": ""支持"",    ""condition"": ""human PDR membrane"",    ""comparator"": ""vs MHCII-low mac"",    ""locator"": ""JCI Insight 2023 (PMID 37917183) APC 亚群"",    ""limits"": ""HLA-DR 高≠树突状细胞身份; 单基因 CD74 受双细胞影响""   },   ""patho_end"			Single-cell transcriptomics analysis of proliferative diabetic retinopathy fibrovascular membranes reveals AEBP1 as fibrogenesis modulator.	JCI insight	2023 Nov	epmc,eutils	GOOD	1	0	1	0	1	0	C1+眼科语境	2023
F3	priors	R3_text	:301			41230906	"yofibro"": {    ""claim_type"": ""identity+mechanism"",    ""relation"": ""支持"",    ""condition"": ""视网膜纤维化病理 (含 PDR 膜)"",    ""comparator"": ""vs 静止周细胞/静止纤维母"",    ""locator"": ""PMID 41230906 (PRRX1-IOVS2025) 主图"",    ""limits"": ""连续转变谱 —— 强制二分会制造假亚型 (T4); '周细胞来源'与'纤维母来源"			PRRX1 Orchestrates Pericyte-Myofibroblast Transition in Pathological Retinal Fibrosis.	Investigative ophthalmology & visual science	2025 Nov	epmc,eutils	SUSPECT	1	0	1	0	0	1	题录眼语境但 note 零呼应(DIVERGE 旗)	2025+
F3	priors	R3_text	:309			32069977	"glia"": {    ""claim_type"": ""state"",    ""relation"": ""限定"",    ""condition"": ""human retina/degeneration contexts"",    ""comparator"": ""vs 稳态 MG/Astro"",    ""locator"": ""PMID 32069977 + 35167652"",    ""limits"": ""GFAP 上调非特异 (创伤/应激/发育皆有); 膜标本胶质成分与 glial scar 预期一致"			Single-Cell RNA Sequencing in Human Retinal Degeneration Reveals Distinct Glial Cell Populations.	Cells	2020 Feb	epmc,eutils	GOOD	1	0	1	0	3	0	C1+眼科语境	2020-22
F3	priors	R3_text	:29			35061025	考 (某髓系簇与视网膜驻留小胶质转录相似度的层级判断); 邻近视网膜标本 (retina_adjacent 格) 的背景对照  **错误用法**: 膜标本的细胞比例'达标'验收; 把 Rod/Cone 缺失判为质量缺陷 (先查材料!)  **可比材料主锚**: 本卡可比材料主锚 = GSE165784 (PDR 膜, PMID 35061025) + JCI Insight 2023 独立 PDR 膜队列 (PMID 37917183) —— 同物种/同材料/同阶段, REVIEWER_LLM T2 优先序第			Single-Cell Transcriptomics Reveals Novel Role of Microglia in Fibrovascular Membrane of Proliferative Diabetic Retinopathy.	Diabetes	2022 Apr	epmc,eutils	SUSPECT	1	0	1	0	0	1	题录眼语境但 note 零呼应(DIVERGE 旗)	2020-22
F3	priors	R3_text	:29			37917183	djacent 格) 的背景对照  **错误用法**: 膜标本的细胞比例'达标'验收; 把 Rod/Cone 缺失判为质量缺陷 (先查材料!)  **可比材料主锚**: 本卡可比材料主锚 = GSE165784 (PDR 膜, PMID 35061025) + JCI Insight 2023 独立 PDR 膜队列 (PMID 37917183) —— 同物种/同材料/同阶段, REVIEWER_LLM T2 优先序第 1 档。  ## 身份层级 (T4: 分层身份, 每层标可支持最深级)  | 概念ID |			Single-cell transcriptomics analysis of proliferative diabetic retinopathy fibrovascular membranes reveals AEBP1 as fibrogenesis modulator.	JCI insight	2023 Nov	epmc,eutils	GOOD	1	0	1	0	1	0	C1+眼科语境	2023
F3	priors	R3_text	:73			35061025	--| | tissue_resident_mac | SELENOP, MRC1, FOLR2, CD163, STAB1, VSIG4, CD5L | identity | 支持 | human, fibrovascular membrane, scRNA | vs 招募单核 (FCN1 组) | Hu2022 (PMID 35061025) 结果节; markers_membrane_v1 canonical 层 | 与稳态小胶质区分不足 —— SELENOP/FOLR2 亦见于血管周围巨			Single-Cell Transcriptomics Reveals Novel Role of Microglia in Fibrovascular Membrane of Proliferative Diabetic Retinopathy.	Diabetes	2022 Apr	epmc,eutils	GOOD	1	0	1	0	2	0	C1+眼科语境	2020-22
F3	priors	R3_text	:77			37917183	亦被解离应激与血液存在驱动 —— 先排技术 | | MHCII_high_APC | HLA-DRA, HLA-DRB1, CD74, HLA-DQA1, HLA-DPB1 | state | 支持 | human PDR membrane | vs MHCII-low mac | JCI Insight 2023 (PMID 37917183) APC 亚群 | HLA-DR 高≠树突状细胞身份; 单基因 CD74 受双细胞影响 | | patho_endothelial | PLVAP, N			Single-cell transcriptomics analysis of proliferative diabetic retinopathy fibrovascular membranes reveals AEBP1 as fibrogenesis modulator.	JCI insight	2023 Nov	epmc,eutils	GOOD	1	0	1	0	1	0	C1+眼科语境	2023
F3	priors	R3_text	:79			41230906	级, 发育外推) | | pericyte_to_myofibro | PRRX1, ACTA2, TAGLN, POSTN, COL1A1, COL1A2, CTHRC1, TIMP1 | identity+mechanism | 支持 | 视网膜纤维化病理 (含 PDR 膜) | vs 静止周细胞/静止纤维母 | PMID 41230906 (PRRX1-IOVS2025) 主图 | 连续转变谱 —— 强制二分会制造假亚型 (T4); '周细胞来源'与'纤维母来源'肌成纤维的区分需要谱系追踪			PRRX1 Orchestrates Pericyte-Myofibroblast Transition in Pathological Retinal Fibrosis.	Investigative ophthalmology & visual science	2025 Nov	epmc,eutils	GOOD	1	0	1	0	1	0	C1+眼科语境	2025+
F3	priors	R3_text	:80			32069977	4); '周细胞来源'与'纤维母来源'肌成纤维的区分需要谱系追踪, 转录混合不可判 | | reactive_glia | GFAP, VIM, CRYAB, CLU, TIMP1 | state | 限定 | human retina/degeneration contexts | vs 稳态 MG/Astro | PMID 32069977 + 35167652 | GFAP 上调非特异 (创伤/应激/发育皆有); 膜标本胶质成分与 glial scar 预期一致 | | blood_pla			Single-Cell RNA Sequencing in Human Retinal Degeneration Reveals Distinct Glial Cell Populations.	Cells	2020 Feb	epmc,eutils	GOOD	1	0	1	0	3	0	C1+眼科语境	2020-22
F3	priors	R3_text	:20			39220810	"nism_stage"": ""adult"",    ""development_axis"": ""adult""   },   {    ""disease"": ""PDR"",    ""material"": ""vitreous"",    ""status"": ""placeholder"",    ""note"": ""定性锚已有 (B: PMID 39220810, T 91.6%); 未达最小可用标准的独立条目门槛 — 暂记于示例格 cross_material_note"",    ""organism_stage"			Liquid Biopsy for Proliferative Diabetic Retinopathy: Single-Cell Transcriptomics of Human Vitreous Reveals Inflammatory T-Cell Signature.	Ophthalmology science	2024 Nov	epmc,eutils	GOOD	1	0	1	0	1	0	C1+眼科语境	2024
F3	priors	R3_text	:10			39220810	--|---|---| | PDR | fibrovascular_membrane | adult | **FILLED (示例格)** | PDR__fibrovascular_membrane.md | | PDR | vitreous | adult | **placeholder** | 定性锚已有 (B: PMID 39220810, T 91.6%); 未达最小可用标准的独立条目门槛 — 暂记于示例格 cross_material_note | | PDR | retina_adj			Liquid Biopsy for Proliferative Diabetic Retinopathy: Single-Cell Transcriptomics of Human Vitreous Reveals Inflammatory T-Cell Signature.	Ophthalmology science	2024 Nov	epmc,eutils	GOOD	1	0	1	0	1	0	C1+眼科语境	2024
F3	baselines	R3_text	:48			34783308	"al"",    ""avail"": ""portal h5ad"",    ""note"": ""人虹膜唯一portal注释资源""   },   {    ""acc"": ""GSE183690"",    ""sp"": ""鼠"",    ""scale"": ""8样本(control/收缩/舒张)"",    ""annot"": ""paper(PMID34783308)"",    ""avail"": ""RAW.tar"",    ""note"": ""鼠虹膜snRNA图谱""   },   {    ""acc"": ""GSE2976"			A transcriptome atlas of the mouse iris at single-cell resolution defines cell types and the genomic response to pupil dilation.	eLife	2021 Nov	epmc,eutils	SUSPECT	1	0	0	0	0	1	generic 方法/图谱类可作旁证, 不判误引	2020-22
F3	baselines	R3_text	:42			34783308	") - `HASA ""Iris"" (OA-D004/016 collection内)` [人] 57,422 cells | 注释: portal | 可得性: portal h5ad | 人虹膜唯一portal注释资源 - `GSE183690` [鼠] 8样本(control/收缩/舒张) | 注释: paper(PMID34783308) | 可得性: RAW.tar | 鼠虹膜snRNA图谱 - `GSE297613` [人] 6样本(成人虹膜+iPSC虹膜肌) | 注释: Integr"			A transcriptome atlas of the mouse iris at single-cell resolution defines cell types and the genomic response to pupil dilation.	eLife	2021 Nov	epmc,eutils	SUSPECT	1	0	0	0	1	0	generic 方法/图谱类可作旁证, 不判误引	2020-22
F3	baselines	R3_text	:3			33730555	# 组成基线·观察档：人泪腺 (lacrimal_gland) — KB8 t_e7ec73ab, 2026-09-25  **状态=observed_single_study_pilot**：单研究（GSE164403，世界唯一人泪腺本体单细胞图谱，PMID:33730555）、 组织池 QC 后 1,076 细胞、3 供体标签（patient 3 占 76% 主导）的实测组成。**不是**跨研究参考分布， 禁当组成达标线（REVIEWER_LLM T2 口径沿用），禁入一切打分。  ## 组分区（本卡自建			Exploring the human lacrimal gland using organoids and single-cell sequencing.	Cell stem cell	2021 Jul	epmc,eutils	GOOD	1	0	1	0	2	0	C1+眼科语境	2020-22
F3	baselines	R3_text	:48			40598599	"""portal h5ad"",    ""note"": ""人晶状体portal注释源""   },   {    ""acc"": ""GSE287919"",    ""sp"": ""人"",    ""scale"": ""16 lens(8对donor,<65/≥65岁)"",    ""annot"": ""paper(Gu2025 SCRT PMID40598599;6群含TAC/LPLC)"",    ""avail"": ""suppl目录空→数据走SRA(实测)"",    ""note"": ""人晶状体上皮+衰老图谱;纤维细"			A single-cell transcriptomic atlas of human lens epithelium: identification and functional insights into lens stem/progenitor cells.	Stem cell research & therapy	2025 Jul	epmc,eutils	GOOD	1	0	1	0	1	0	C1+眼科语境	2025+
F3	baselines	R3_text	:58			29883638	"衰老图谱;纤维细胞晶状体蛋白主导需ambient防护""   },   {    ""acc"": ""GSE113887"",    ""sp"": ""鼠"",    ""scale"": ""24样本 分化时间序列"",    ""annot"": ""—"",    ""avail"": ""suppl"",    ""note"": ""时序bulk为主(PMID29883638)""   },   {    ""acc"": ""GSE215953"",    ""sp"": ""鼠"",    ""scale"": ""30样本 SuperSeries"			A comprehensive spatial-temporal transcriptomic analysis of differentiating nascent mouse lens epithelial and fiber cells.	Experimental eye research	2018 Oct	epmc,eutils	SUSPECT	1	0	1	0	0	1	题录眼语境但 note 零呼应(DIVERGE 旗)	<2020
F3	baselines	R3_text	:42			40598599	"A ""Lens"" (OA-D004/016)` [人] 13,900 cells(核) | 注释: portal | 可得性: portal h5ad | 人晶状体portal注释源 - `GSE287919` [人] 16 lens(8对donor,<65/≥65岁) | 注释: paper(Gu2025 SCRT PMID40598599;6群含TAC/LPLC) | 可得性: suppl目录空→数据走SRA(实测) | 人晶状体上皮+衰老图谱;纤维细胞晶状体蛋白主导需ambient防护 -"			A single-cell transcriptomic atlas of human lens epithelium: identification and functional insights into lens stem/progenitor cells.	Stem cell research & therapy	2025 Jul	epmc,eutils	GOOD	1	0	1	0	1	0	C1+眼科语境	2025+
F3	baselines	R3_text	:43			29883638	025 SCRT PMID40598599;6群含TAC/LPLC) | 可得性: suppl目录空→数据走SRA(实测) | 人晶状体上皮+衰老图谱;纤维细胞晶状体蛋白主导需ambient防护 - `GSE113887` [鼠] 24样本 分化时间序列 | 注释: — | 可得性: suppl | 时序bulk为主(PMID29883638) - `GSE215953` [鼠] 30样本 SuperSeries(RNA+ATAC) | 注释: paper | 可得性: via subserie			A comprehensive spatial-temporal transcriptomic analysis of differentiating nascent mouse lens epithelial and fiber cells.	Experimental eye research	2018 Oct	epmc,eutils	SUSPECT	1	0	1	0	0	1	题录眼语境但 note 零呼应(DIVERGE 旗)	<2020
F3	baselines	R3_text	:2136			34381080	"5pct"": ""17.95% = 全文件 (含非 adult) 口径, 仅存档于工作区; 主档口径见本块 23.42%/67 单元""   },   ""literature_anchor"": {    ""status"": ""缺项落阻塞"",    ""note"": ""任务书要求文献范围格: 本卡检索到最接近的可定位先例 = PMID:34381080 (Sci Rep 2021, 6 成人角膜 scRNA-seq, keratocyte 为基质主驻留细胞) 但其在健康人角膜全部细胞中的百分比区间未能以"			Molecular characteristics and spatial distribution of adult human corneal cell subtypes.	Scientific reports	2021 Aug	epmc,eutils	GOOD	1	0	1	0	1	0	C1+眼科语境	2020-22
F3	baselines	R3_text	:2138			34381080	"A-seq, keratocyte 为基质主驻留细胞) 但其在健康人角膜全部细胞中的百分比区间未能以可定位正文级证据钉死; 共聚焦类密度文献属细胞密度(cell/mm³) 口径, 不得冒充细胞组成百分比 —— 按 R5.6 处置: 不补造区间, 显式缺项+另卡。"",    ""nearest_refs"": [     ""PMID:34381080"",     ""PMID:34741068""    ]   },   ""nonpublishable"": ""本块数字为 D002 捕获事件统计, 不得当作"			Molecular characteristics and spatial distribution of adult human corneal cell subtypes.	Scientific reports	2021 Aug	epmc,eutils	SUSPECT	1	0	1	0	0	1	题录眼语境但 note 零呼应(DIVERGE 旗)	2020-22
F3	baselines	R3_text	:2139			34741068	"主驻留细胞) 但其在健康人角膜全部细胞中的百分比区间未能以可定位正文级证据钉死; 共聚焦类密度文献属细胞密度(cell/mm³) 口径, 不得冒充细胞组成百分比 —— 按 R5.6 处置: 不补造区间, 显式缺项+另卡。"",    ""nearest_refs"": [     ""PMID:34381080"",     ""PMID:34741068""    ]   },   ""nonpublishable"": ""本块数字为 D002 捕获事件统计, 不得当作人群层面'角膜 keratocyte 占角"			Single cell transcriptomics reveals the heterogeneity of the human cornea to identify novel markers of the limbus and stroma.	Scientific reports	2021 Nov	epmc,eutils	SUSPECT	1	0	1	0	0	1	题录眼语境但 note 零呼应(DIVERGE 旗)	2020-22
F3	baselines	R3_text	:27			41578023	"ors / 120 单元 (含 7 非 adult 供者 → 逐行见 excluded_nonadult_units, KB2c 裁定 Q2 阈值>=18y)"",   ""计数分母"": ""3,177,310 核 (majorclass 全标注)"",   ""证据来源"": ""本地实测复算 (A) + HRCA 论文 (B, PMID 41578023) + 旧 KB1 文献锚""  },  ""usage_scope"": ""用途口径 (REVIEWER_LLM T2 裁定固化): 本基线 = 该取样材料在该实验流程下捕"			Single-cell atlas of the transcriptome and chromatin accessibility in the human retina.	Nature genetics	2026 Feb	epmc,eutils	SUSPECT	1	0	1	0	0	1	题录眼语境但 note 零呼应(DIVERGE 旗)	2025+
F3	baselines	R3_text	:34			41578023	onors / 120 单元 (含 7 非 adult 供者 → 逐行见 excluded_nonadult_units, KB2c 裁定 Q2 阈值>=18y) - **计数分母**: 3,177,310 核 (majorclass 全标注) - **证据来源**: 本地实测复算 (A) + HRCA 论文 (B, PMID 41578023) + 旧 KB1 文献锚  ## 主参考: 供者级条件参考分布 (排除分选设计层) > 分层口径: 主档=6 研究排除 Chen_rgc (RGC 富集			Single-cell atlas of the transcriptome and chromatin accessibility in the human retina.	Nature genetics	2026 Feb	epmc,eutils	SUSPECT	1	0	1	0	0	1	题录眼语境但 note 零呼应(DIVERGE 旗)	2025+
F3	baselines	R3_text	:312			41578023	# 出处清单 | sid | 类型 | 标签 | |---|---|---| | `HRCA317M` | dataset | HRCA CELLxGENE 合并版 3,177,310 cells (10 majorclass, 全 normal, 6 研究/104 donors, fovea~periphery) (PMID 41578023) | | `HRCA_PAPER` | paper | Li et al., Single-cell atlas of the transcriptom			Single-cell atlas of the transcriptome and chromatin accessibility in the human retina.	Nature genetics	2026 Feb	epmc,eutils	GOOD	1	0	1	0	2	0	C1+眼科语境	2025+
F3	baselines	R3_text	:313			41578023	PAPER` | paper | Li et al., Single-cell atlas of the transcriptome and chromatin accessibility in the human retina. Nat Genet 2026 (整版 ~3.9M cells, 123 RNA 类) (PMID 41578023) | | `FOVEA_PERIPH` | paper | Cell Atlas of the Human Fovea and Peripheral R			Single-cell atlas of the transcriptome and chromatin accessibility in the human retina.	Nature genetics	2026 Feb	epmc,eutils	GOOD	1	0	1	0	7	0	C1+眼科语境	2025+
F3	baselines	R3_text	:314			32555229	026 (整版 ~3.9M cells, 123 RNA 类) (PMID 41578023) | | `FOVEA_PERIPH` | paper | Cell Atlas of the Human Fovea and Peripheral Retina (2020) — 中央凹/周边共享类型但比例与表达有区域差 (PMID 32555229) | | `AGING_ATLAS` | paper | A single-cell transcriptome atlas of the aging 			Cell Atlas of The Human Fovea and Peripheral Retina.	Scientific reports	2020 Jun	epmc,eutils	GOOD	1	0	1	0	5	0	C1+眼科语境	2020-22
F3	baselines	R3_text	:315			34691611	etina (2020) — 中央凹/周边共享类型但比例与表达有区域差 (PMID 32555229) | | `AGING_ATLAS` | paper | A single-cell transcriptome atlas of the aging human and macaque retina (2021) (PMID 34691611) | | `MULTIOMICS_ATLAS` | paper | A multi-omics atlas of the human retina at			A single-cell transcriptome atlas of the aging human and macaque retina.	National science review	2021 Apr	epmc,eutils	GOOD	1	0	1	0	7	0	C1+眼科语境	2020-22
F3	baselines	R3_text	:316			37388908	ging human and macaque retina (2021) (PMID 34691611) | | `MULTIOMICS_ATLAS` | paper | A multi-omics atlas of the human retina at single-cell resolution (2023) (PMID 37388908) | | `RETINA_ORGANOIDS` | paper | Cell Types of the Human Retina and Its Org			A multi-omics atlas of the human retina at single-cell resolution.	Cell genomics	2023 Jun	epmc,eutils	GOOD	1	0	1	0	6	0	C1+眼科语境	2023
F3	baselines	R3_text	:317			32946783	ngle-cell resolution (2023) (PMID 37388908) | | `RETINA_ORGANOIDS` | paper | Cell Types of the Human Retina and Its Organoids at Single-Cell Resolution (2020) (PMID 32946783) | | `DEV_DUAL` | paper | Single cell dual-omic atlas of the human developin			Cell Types of the Human Retina and Its Organoids at Single-Cell Resolution.	Cell	2020 Sep	epmc,eutils	GOOD	1	0	1	0	6	0	C1+眼科语境	2020-22
F3	baselines	R3_text	:318			39117640	e-Cell Resolution (2020) (PMID 32946783) | | `DEV_DUAL` | paper | Single cell dual-omic atlas of the human developing retina (2024) — 发育期含 progenitor, 成体基线不适用 (PMID 39117640) | | `RETLIB41` | kb | 本地 marker 库 markers_v4.1_clean.json v4.1-clean-P0.4  			Single cell dual-omic atlas of the human developing retina.	Nature communications	2024 Aug	epmc,eutils	GOOD	1	0	1	0	6	0	C1+眼科语境	2024
F3	baselines	R3_text	:320			41578023	L` | dataset | 本条供者级分布由 build_baselines.py (KB1v2 t_16c3e020; KB2c 发育轴单列 t_be336eee) 从 /mnt/D/OcularKB/data/HRCA_cellxgene/HRCA_allcells_annotated.h5ad obs 复算 (PMID 41578023) |  			Single-cell atlas of the transcriptome and chromatin accessibility in the human retina.	Nature genetics	2026 Feb	epmc,eutils	SUSPECT	1	0	1	0	0	1	题录眼语境但 note 零呼应(DIVERGE 旗)	2025+
F3	litdb_notes	R3_text	:8			34741068	库原因归类** (PI 规则; 现役 5 枚举复用, 未发明新类)。逐条含 `retrieval_status`:  - `VERIFIED_RETRIEVABLE` / `already_in_main_db=true`: 已在现役 RAG 主库且本卡经   `search_literature` 实测可检索 (如 PMID:34741068, 34381080 等 6 篇)。 - `PENDING_MAIN_DB`: 4 篇 (41060151/42115719/11328728/15914			Single cell transcriptomics reveals the heterogeneity of the human cornea to identify novel markers of the limbus and stroma.	Scientific reports	2021 Nov	epmc,eutils	SUSPECT	1	0	1	0	0	1	题录眼语境但 note 零呼应(DIVERGE 旗)	2020-22
