frame	surface	kind	path	cls	gene	pmid	note	title	extra	rec_title	rec_journal	rec_year	channels	grade	c1	c2	eye	cls_hit	note_echo	diverge	reason	yb	s2_sample
F3	baselines	R3_text	:2136			34381080	"5pct"": ""17.95% = 全文件 (含非 adult) 口径, 仅存档于工作区; 主档口径见本块 23.42%/67 单元""   },   ""literature_anchor"": {    ""status"": ""缺项落阻塞"",    ""note"": ""任务书要求文献范围格: 本卡检索到最接近的可定位先例 = PMID:34381080 (Sci Rep 2021, 6 成人角膜 scRNA-seq, keratocyte 为基质主驻留细胞) 但其在健康人角膜全部细胞中的百分比区间未能以"			Molecular characteristics and spatial distribution of adult human corneal cell subtypes.	Scientific reports	2021 Aug	epmc,eutils	GOOD	1	0	1	0	1	0	C1+眼科语境	2020-22	1
F3	baselines	R3_text	:3			33730555	# 组成基线·观察档：人泪腺 (lacrimal_gland) — KB8 t_e7ec73ab, 2026-09-25  **状态=observed_single_study_pilot**：单研究（GSE164403，世界唯一人泪腺本体单细胞图谱，PMID:33730555）、 组织池 QC 后 1,076 细胞、3 供体标签（patient 3 占 76% 主导）的实测组成。**不是**跨研究参考分布， 禁当组成达标线（REVIEWER_LLM T2 口径沿用），禁入一切打分。  ## 组分区（本卡自建			Exploring the human lacrimal gland using organoids and single-cell sequencing.	Cell stem cell	2021 Jul	epmc,eutils	GOOD	1	0	1	0	2	0	C1+眼科语境	2020-22	1
F3	baselines	R3_text	:316			37388908	ging human and macaque retina (2021) (PMID 34691611) | | `MULTIOMICS_ATLAS` | paper | A multi-omics atlas of the human retina at single-cell resolution (2023) (PMID 37388908) | | `RETINA_ORGANOIDS` | paper | Cell Types of the Human Retina and Its Org			A multi-omics atlas of the human retina at single-cell resolution.	Cell genomics	2023 Jun	epmc,eutils	GOOD	1	0	1	0	6	0	C1+眼科语境	2023	1
F3	baselines	R3_text	:318			39117640	e-Cell Resolution (2020) (PMID 32946783) | | `DEV_DUAL` | paper | Single cell dual-omic atlas of the human developing retina (2024) — 发育期含 progenitor, 成体基线不适用 (PMID 39117640) | | `RETLIB41` | kb | 本地 marker 库 markers_v4.1_clean.json v4.1-clean-P0.4  			Single cell dual-omic atlas of the human developing retina.	Nature communications	2024 Aug	epmc,eutils	GOOD	1	0	1	0	6	0	C1+眼科语境	2024	1
F3	baselines	R3_text	:320			41578023	L` | dataset | 本条供者级分布由 build_baselines.py (KB1v2 t_16c3e020; KB2c 发育轴单列 t_be336eee) 从 /mnt/D/OcularKB/data/HRCA_cellxgene/HRCA_allcells_annotated.h5ad obs 复算 (PMID 41578023) |  			Single-cell atlas of the transcriptome and chromatin accessibility in the human retina.	Nature genetics	2026 Feb	epmc,eutils	SUSPECT	1	0	1	0	0	1	题录眼语境但 note 零呼应(DIVERGE 旗)	2025+	1
F3	baselines	R3_text	:34			41578023	onors / 120 单元 (含 7 非 adult 供者 → 逐行见 excluded_nonadult_units, KB2c 裁定 Q2 阈值>=18y) - **计数分母**: 3,177,310 核 (majorclass 全标注) - **证据来源**: 本地实测复算 (A) + HRCA 论文 (B, PMID 41578023) + 旧 KB1 文献锚  ## 主参考: 供者级条件参考分布 (排除分选设计层) > 分层口径: 主档=6 研究排除 Chen_rgc (RGC 富集			Single-cell atlas of the transcriptome and chromatin accessibility in the human retina.	Nature genetics	2026 Feb	epmc,eutils	SUSPECT	1	0	1	0	0	1	题录眼语境但 note 零呼应(DIVERGE 旗)	2025+	1
F3	baselines	R3_text	:58			29883638	"衰老图谱;纤维细胞晶状体蛋白主导需ambient防护""   },   {    ""acc"": ""GSE113887"",    ""sp"": ""鼠"",    ""scale"": ""24样本 分化时间序列"",    ""annot"": ""—"",    ""avail"": ""suppl"",    ""note"": ""时序bulk为主(PMID29883638)""   },   {    ""acc"": ""GSE215953"",    ""sp"": ""鼠"",    ""scale"": ""30样本 SuperSeries"			A comprehensive spatial-temporal transcriptomic analysis of differentiating nascent mouse lens epithelial and fiber cells.	Experimental eye research	2018 Oct	epmc,eutils	SUSPECT	1	0	1	0	0	1	题录眼语境但 note 零呼应(DIVERGE 旗)	<2020	1
F3	litdb_notes	R3_text	:8			34741068	库原因归类** (PI 规则; 现役 5 枚举复用, 未发明新类)。逐条含 `retrieval_status`:  - `VERIFIED_RETRIEVABLE` / `already_in_main_db=true`: 已在现役 RAG 主库且本卡经   `search_literature` 实测可检索 (如 PMID:34741068, 34381080 等 6 篇)。 - `PENDING_MAIN_DB`: 4 篇 (41060151/42115719/11328728/15914			Single cell transcriptomics reveals the heterogeneity of the human cornea to identify novel markers of the limbus and stroma.	Scientific reports	2021 Nov	epmc,eutils	SUSPECT	1	0	1	0	0	1	题录眼语境但 note 零呼应(DIVERGE 旗)	2020-22	1
F3	markers_membrane_v1.json	R2_prov_ctx	/provenance/Mac_DAM_LAM/FTL[6]	Mac_DAM_LAM	FTL	34006945	scRNA human retina DR		该类注释的文献语境 (v1 MCP 检索实证), 非该基因的逐条引用	In-depth transcriptomic analysis of human retina reveals molecular mechanisms underlying diabetic retinopathy.	Scientific reports	2021 May	epmc,eutils	GOOD	1	0	1	0	2	0	C1+类语境(眼/类词)命中(基因豁免)	2020-22	1
F3	markers_membrane_v1.json	R2_prov_ctx	/provenance/Granulocyte/C5AR1[5]	Granulocyte	C5AR1	34006945	scRNA human retina DR		该类注释的文献语境 (v1 MCP 检索实证), 非该基因的逐条引用	In-depth transcriptomic analysis of human retina reveals molecular mechanisms underlying diabetic retinopathy.	Scientific reports	2021 May	epmc,eutils	GOOD	1	0	1	0	2	0	C1+类语境(眼/类词)命中(基因豁免)	2020-22	1
F3	markers_membrane_v1.json	R2_prov_ctx	/provenance/Mono_Classical/CD14[4]	Mono_Classical	CD14	34006945	scRNA human retina DR		该类注释的文献语境 (v1 MCP 检索实证), 非该基因的逐条引用	In-depth transcriptomic analysis of human retina reveals molecular mechanisms underlying diabetic retinopathy.	Scientific reports	2021 May	epmc,eutils	GOOD	1	0	1	0	2	0	C1+类语境(眼/类词)命中(基因豁免)	2020-22	1
F3	markers_membrane_v1.json	R2_prov_ctx	/provenance/pDC/LILRA4[1]	pDC	LILRA4	34006945	scRNA human retina DR		该类注释的文献语境 (v1 MCP 检索实证), 非该基因的逐条引用	In-depth transcriptomic analysis of human retina reveals molecular mechanisms underlying diabetic retinopathy.	Scientific reports	2021 May	epmc,eutils	GOOD	1	0	1	0	2	0	C1+类语境(眼/类词)命中(基因豁免)	2020-22	1
F3	markers_membrane_v1.json	R2_prov_ctx	/provenance/Mac_DAM_LAM/CTSD[6]	Mac_DAM_LAM	CTSD	36119084	activated retinal microglia metabolic reprogramming		该类注释的文献语境 (v1 MCP 检索实证), 非该基因的逐条引用	Integrated multi-omics reveals the activated retinal microglia with intracellular metabolic reprogramming contributes to inflammation in STZ-induced early diabetic retinopathy.	Frontiers in immunology	2022	epmc,eutils	GOOD	1	0	1	0	5	0	C1+类语境(眼/类词)命中(基因豁免)	2020-22	1
F3	markers_membrane_v1.json	R2_prov_ctx	/provenance/Pericyte/PDGFRB[3]	Pericyte	PDGFRB	36277849	single-cell multiome human retina		该类注释的文献语境 (v1 MCP 检索实证), 非该基因的逐条引用	Single-cell multiome of the human retina and deep learning nominate causal variants in complex eye diseases.	Cell genomics	2022 Aug	epmc,eutils	GOOD	1	0	1	0	4	0	C1+类语境(眼/类词)命中(基因豁免)	2020-22	1
F3	markers_membrane_v1.json	R2_prov_ctx	/provenance/Proliferating/BIRC5[2]	Proliferating	BIRC5	34006945	scRNA human retina DR		该类注释的文献语境 (v1 MCP 检索实证), 非该基因的逐条引用	In-depth transcriptomic analysis of human retina reveals molecular mechanisms underlying diabetic retinopathy.	Scientific reports	2021 May	epmc,eutils	GOOD	1	0	1	0	2	0	C1+类语境(眼/类词)命中(基因豁免)	2020-22	1
F3	markers_membrane_v1.json	R2_prov_ctx	/provenance/Mac_DAM_LAM/HMOX1[7]	Mac_DAM_LAM	HMOX1	34006945	scRNA human retina DR		该类注释的文献语境 (v1 MCP 检索实证), 非该基因的逐条引用	In-depth transcriptomic analysis of human retina reveals molecular mechanisms underlying diabetic retinopathy.	Scientific reports	2021 May	epmc,eutils	GOOD	1	0	1	0	2	0	C1+类语境(眼/类词)命中(基因豁免)	2020-22	1
F3	markers_membrane_v1.json	R2_prov_ctx	/provenance/Plasma/IGHG1[2]	Plasma	IGHG1	34006945	scRNA human retina DR		该类注释的文献语境 (v1 MCP 检索实证), 非该基因的逐条引用	In-depth transcriptomic analysis of human retina reveals molecular mechanisms underlying diabetic retinopathy.	Scientific reports	2021 May	epmc,eutils	GOOD	1	0	1	0	2	0	C1+类语境(眼/类词)命中(基因豁免)	2020-22	1
F3	markers_membrane_v1.json	R2_prov_ctx	/provenance/APC_MHCII_high/HLA-DRA[6]	APC_MHCII_high	HLA-DRA	36119084	activated retinal microglia metabolic reprogramming		该类注释的文献语境 (v1 MCP 检索实证), 非该基因的逐条引用	Integrated multi-omics reveals the activated retinal microglia with intracellular metabolic reprogramming contributes to inflammation in STZ-induced early diabetic retinopathy.	Frontiers in immunology	2022	epmc,eutils	GOOD	1	0	1	0	5	0	C1+类语境(眼/类词)命中(基因豁免)	2020-22	1
F3	markers_membrane_v1.json	R2_prov_ctx	/provenance/APC_MHCII_high/HLA-DRB1[7]	APC_MHCII_high	HLA-DRB1	34006945	scRNA human retina DR		该类注释的文献语境 (v1 MCP 检索实证), 非该基因的逐条引用	In-depth transcriptomic analysis of human retina reveals molecular mechanisms underlying diabetic retinopathy.	Scientific reports	2021 May	epmc,eutils	GOOD	1	0	1	0	2	0	C1+类语境(眼/类词)命中(基因豁免)	2020-22	1
F3	markers_membrane_v1.json	R2_prov_ctx	/provenance/Mac_DAM_LAM/ASAH1[4]	Mac_DAM_LAM	ASAH1	36119084	activated retinal microglia metabolic reprogramming		该类注释的文献语境 (v1 MCP 检索实证), 非该基因的逐条引用	Integrated multi-omics reveals the activated retinal microglia with intracellular metabolic reprogramming contributes to inflammation in STZ-induced early diabetic retinopathy.	Frontiers in immunology	2022	epmc,eutils	GOOD	1	0	1	0	5	0	C1+类语境(眼/类词)命中(基因豁免)	2020-22	1
F3	markers_membrane_v1.json	R2_prov_ctx	/provenance/Myofibroblast/PRRX1[2]	Myofibroblast	PRRX1	36231108	Transcriptional reprogramming RPE/stroma		该类注释的文献语境 (v1 MCP 检索实证), 非该基因的逐条引用	Global Transcriptional and Epigenetic Reconfiguration during Chemical Reprogramming of Human Retinal Pigment Epithelial Cells into Photoreceptor-like Cells.	Cells	2022 Oct	epmc,eutils	GOOD	1	0	1	0	2	0	C1+类语境(眼/类词)命中(基因豁免)	2020-22	1
F3	markers_membrane_v1.json	R2_prov_ctx	/provenance/Microglia/CX3CR1[4]	Microglia	CX3CR1	34006945	scRNA human retina DR		该类注释的文献语境 (v1 MCP 检索实证), 非该基因的逐条引用	In-depth transcriptomic analysis of human retina reveals molecular mechanisms underlying diabetic retinopathy.	Scientific reports	2021 May	epmc,eutils	GOOD	1	0	1	0	2	0	C1+类语境(眼/类词)命中(基因豁免)	2020-22	1
F3	markers_membrane_v1.json	R2_prov_ctx	/provenance/Myofibroblast/CTHRC1[3]	Myofibroblast	CTHRC1	36231108	Transcriptional reprogramming RPE/stroma		该类注释的文献语境 (v1 MCP 检索实证), 非该基因的逐条引用	Global Transcriptional and Epigenetic Reconfiguration during Chemical Reprogramming of Human Retinal Pigment Epithelial Cells into Photoreceptor-like Cells.	Cells	2022 Oct	epmc,eutils	GOOD	1	0	1	0	2	0	C1+类语境(眼/类词)命中(基因豁免)	2020-22	1
F3	markers_membrane_v1.json	R2_prov_ctx	/provenance/Microglia/HEXB[3]	Microglia	HEXB	36119084	activated retinal microglia metabolic reprogramming		该类注释的文献语境 (v1 MCP 检索实证), 非该基因的逐条引用	Integrated multi-omics reveals the activated retinal microglia with intracellular metabolic reprogramming contributes to inflammation in STZ-induced early diabetic retinopathy.	Frontiers in immunology	2022	epmc,eutils	GOOD	1	0	1	1	5	0	C1+类语境(眼/类词)命中(基因豁免)	2020-22	1
F3	markers_membrane_v1.json	R2_prov_ctx	/provenance/Granulocyte/ELANE[4]	Granulocyte	ELANE	34006945	scRNA human retina DR		该类注释的文献语境 (v1 MCP 检索实证), 非该基因的逐条引用	In-depth transcriptomic analysis of human retina reveals molecular mechanisms underlying diabetic retinopathy.	Scientific reports	2021 May	epmc,eutils	GOOD	1	0	1	0	2	0	C1+类语境(眼/类词)命中(基因豁免)	2020-22	1
F3	markers_membrane_v1.json	R2_prov_ctx	/provenance/T/CD2[2]	T	CD2	34006945	scRNA human retina DR		该类注释的文献语境 (v1 MCP 检索实证), 非该基因的逐条引用	In-depth transcriptomic analysis of human retina reveals molecular mechanisms underlying diabetic retinopathy.	Scientific reports	2021 May	epmc,eutils	GOOD	1	0	1	0	2	0	C1+类语境(眼/类词)命中(基因豁免)	2020-22	1
F3	markers_membrane_v1.json	R2_prov_ctx	/provenance/Endo/VWF[4]	Endo	VWF	36277849	single-cell multiome human retina		该类注释的文献语境 (v1 MCP 检索实证), 非该基因的逐条引用	Single-cell multiome of the human retina and deep learning nominate causal variants in complex eye diseases.	Cell genomics	2022 Aug	epmc,eutils	GOOD	1	0	1	0	4	0	C1+类语境(眼/类词)命中(基因豁免)	2020-22	1
F3	markers_membrane_v1.json	R2_prov_ctx	/provenance/Fibroblast/FBN1[3]	Fibroblast	FBN1	36231108	Transcriptional reprogramming RPE/stroma		该类注释的文献语境 (v1 MCP 检索实证), 非该基因的逐条引用	Global Transcriptional and Epigenetic Reconfiguration during Chemical Reprogramming of Human Retinal Pigment Epithelial Cells into Photoreceptor-like Cells.	Cells	2022 Oct	epmc,eutils	GOOD	1	0	1	0	2	0	C1+类语境(眼/类词)命中(基因豁免)	2020-22	1
F3	markers_membrane_v1.json	R2_prov_ctx	/provenance/Endo/ADGRL4[4]	Endo	ADGRL4	36277849	single-cell multiome human retina		该类注释的文献语境 (v1 MCP 检索实证), 非该基因的逐条引用	Single-cell multiome of the human retina and deep learning nominate causal variants in complex eye diseases.	Cell genomics	2022 Aug	epmc,eutils	GOOD	1	0	1	0	4	0	C1+类语境(眼/类词)命中(基因豁免)	2020-22	1
F3	markers_membrane_v1.json	R2_prov_ctx	/provenance/Myofibroblast/TPM1[3]	Myofibroblast	TPM1	36231108	Transcriptional reprogramming RPE/stroma		该类注释的文献语境 (v1 MCP 检索实证), 非该基因的逐条引用	Global Transcriptional and Epigenetic Reconfiguration during Chemical Reprogramming of Human Retinal Pigment Epithelial Cells into Photoreceptor-like Cells.	Cells	2022 Oct	epmc,eutils	GOOD	1	0	1	0	2	0	C1+类语境(眼/类词)命中(基因豁免)	2020-22	1
F3	markers_membrane_v1.json	R2_prov_ctx	/provenance/Granulocyte/CAMP[4]	Granulocyte	CAMP	34006945	scRNA human retina DR		该类注释的文献语境 (v1 MCP 检索实证), 非该基因的逐条引用	In-depth transcriptomic analysis of human retina reveals molecular mechanisms underlying diabetic retinopathy.	Scientific reports	2021 May	epmc,eutils	GOOD	1	0	1	0	2	0	C1+类语境(眼/类词)命中(基因豁免)	2020-22	1
F3	markers_membrane_v1.json	R2_prov_ctx	/provenance/APC_MHCII_high/CD74[6]	APC_MHCII_high	CD74	36119084	activated retinal microglia metabolic reprogramming		该类注释的文献语境 (v1 MCP 检索实证), 非该基因的逐条引用	Integrated multi-omics reveals the activated retinal microglia with intracellular metabolic reprogramming contributes to inflammation in STZ-induced early diabetic retinopathy.	Frontiers in immunology	2022	epmc,eutils	GOOD	1	0	1	0	5	0	C1+类语境(眼/类词)命中(基因豁免)	2020-22	1
F3	markers_membrane_v1.json	R2_prov_ctx	/provenance/Granulocyte/CXCR2[4]	Granulocyte	CXCR2	34006945	scRNA human retina DR		该类注释的文献语境 (v1 MCP 检索实证), 非该基因的逐条引用	In-depth transcriptomic analysis of human retina reveals molecular mechanisms underlying diabetic retinopathy.	Scientific reports	2021 May	epmc,eutils	GOOD	1	0	1	0	2	0	C1+类语境(眼/类词)命中(基因豁免)	2020-22	1
F3	markers_membrane_v1.json	R2_prov_ctx	/provenance/Myofibroblast/FN1[2]	Myofibroblast	FN1	36231108	Transcriptional reprogramming RPE/stroma		该类注释的文献语境 (v1 MCP 检索实证), 非该基因的逐条引用	Global Transcriptional and Epigenetic Reconfiguration during Chemical Reprogramming of Human Retinal Pigment Epithelial Cells into Photoreceptor-like Cells.	Cells	2022 Oct	epmc,eutils	GOOD	1	0	1	0	2	0	C1+类语境(眼/类词)命中(基因豁免)	2020-22	1
F3	markers_membrane_v1.json	R2_prov_ctx	/provenance/NK/KLRD1[2]	NK	KLRD1	36350619	Conjunctiva resident gd T cells		该类注释的文献语境 (v1 MCP 检索实证), 非该基因的逐条引用	Conjunctiva Resident γδ T Cells Expressed High Level of IL-17A and Promoted the Severity of Dry Eye.	Investigative ophthalmology & visual science	2022 Nov	epmc,eutils	GOOD	1	0	1	0	2	0	C1+类语境(眼/类词)命中(基因豁免)	2020-22	1
F3	markers_membrane_v1.json	R2_prov_ctx	/provenance/Mono_Classical/VCAN[4]	Mono_Classical	VCAN	36119084	activated retinal microglia metabolic reprogramming		该类注释的文献语境 (v1 MCP 检索实证), 非该基因的逐条引用	Integrated multi-omics reveals the activated retinal microglia with intracellular metabolic reprogramming contributes to inflammation in STZ-induced early diabetic retinopathy.	Frontiers in immunology	2022	epmc,eutils	GOOD	1	0	1	0	5	0	C1+类语境(眼/类词)命中(基因豁免)	2020-22	1
F3	markers_membrane_v1.json	R2_prov_ctx	/provenance/APC_MHCII_high/FCGR1A[5]	APC_MHCII_high	FCGR1A	36119084	activated retinal microglia metabolic reprogramming		该类注释的文献语境 (v1 MCP 检索实证), 非该基因的逐条引用	Integrated multi-omics reveals the activated retinal microglia with intracellular metabolic reprogramming contributes to inflammation in STZ-induced early diabetic retinopathy.	Frontiers in immunology	2022	epmc,eutils	GOOD	1	0	1	0	5	0	C1+类语境(眼/类词)命中(基因豁免)	2020-22	1
F3	markers_membrane_v1.json	R2_prov_ctx	/provenance/cDC1/IRF8[1]	cDC1	IRF8	34006945	scRNA human retina DR		该类注释的文献语境 (v1 MCP 检索实证), 非该基因的逐条引用	In-depth transcriptomic analysis of human retina reveals molecular mechanisms underlying diabetic retinopathy.	Scientific reports	2021 May	epmc,eutils	GOOD	1	0	1	0	2	0	C1+类语境(眼/类词)命中(基因豁免)	2020-22	1
F3	markers_membrane_v1.json	R2_prov_ctx	/provenance/Pericyte/RGS5[4]	Pericyte	RGS5	36277849	single-cell multiome human retina		该类注释的文献语境 (v1 MCP 检索实证), 非该基因的逐条引用	Single-cell multiome of the human retina and deep learning nominate causal variants in complex eye diseases.	Cell genomics	2022 Aug	epmc,eutils	GOOD	1	0	1	0	4	0	C1+类语境(眼/类词)命中(基因豁免)	2020-22	1
F3	markers_membrane_v1.json	R2_prov_ctx	/provenance/T/IL7R[3]	T	IL7R	36350619	Conjunctiva resident gd T cells		该类注释的文献语境 (v1 MCP 检索实证), 非该基因的逐条引用	Conjunctiva Resident γδ T Cells Expressed High Level of IL-17A and Promoted the Severity of Dry Eye.	Investigative ophthalmology & visual science	2022 Nov	epmc,eutils	GOOD	1	0	1	0	2	0	C1+类语境(眼/类词)命中(基因豁免)	2020-22	1
F3	markers_membrane_v1.json	R2_prov_ctx	/provenance/Plasma/DERL3[3]	Plasma	DERL3	36350619	Conjunctiva resident gd T cells		该类注释的文献语境 (v1 MCP 检索实证), 非该基因的逐条引用	Conjunctiva Resident γδ T Cells Expressed High Level of IL-17A and Promoted the Severity of Dry Eye.	Investigative ophthalmology & visual science	2022 Nov	epmc,eutils	GOOD	1	0	1	0	2	0	C1+类语境(眼/类词)命中(基因豁免)	2020-22	1
F3	markers_membrane_v1.json	R2_prov_ctx	/provenance/Proliferating/PTTG1[2]	Proliferating	PTTG1	34006945	scRNA human retina DR		该类注释的文献语境 (v1 MCP 检索实证), 非该基因的逐条引用	In-depth transcriptomic analysis of human retina reveals molecular mechanisms underlying diabetic retinopathy.	Scientific reports	2021 May	epmc,eutils	GOOD	1	0	1	0	2	0	C1+类语境(眼/类词)命中(基因豁免)	2020-22	1
F3	markers_membrane_v1.json	R2_prov_ctx	/provenance/Pericyte/MGP[4]	Pericyte	MGP	36277849	single-cell multiome human retina		该类注释的文献语境 (v1 MCP 检索实证), 非该基因的逐条引用	Single-cell multiome of the human retina and deep learning nominate causal variants in complex eye diseases.	Cell genomics	2022 Aug	epmc,eutils	GOOD	1	0	1	0	4	0	C1+类语境(眼/类词)命中(基因豁免)	2020-22	1
F3	markers_membrane_v1.json	R2_prov_ctx	/provenance/Mac_DAM_LAM/APOE[5]	Mac_DAM_LAM	APOE	36119084	activated retinal microglia metabolic reprogramming		该类注释的文献语境 (v1 MCP 检索实证), 非该基因的逐条引用	Integrated multi-omics reveals the activated retinal microglia with intracellular metabolic reprogramming contributes to inflammation in STZ-induced early diabetic retinopathy.	Frontiers in immunology	2022	epmc,eutils	GOOD	1	0	1	0	5	0	C1+类语境(眼/类词)命中(基因豁免)	2020-22	1
F3	markers_membrane_v1.json	R2_prov_ctx	/provenance/B/IGKC[3]	B	IGKC	36350619	Conjunctiva resident gd T cells		该类注释的文献语境 (v1 MCP 检索实证), 非该基因的逐条引用	Conjunctiva Resident γδ T Cells Expressed High Level of IL-17A and Promoted the Severity of Dry Eye.	Investigative ophthalmology & visual science	2022 Nov	epmc,eutils	GOOD	1	0	1	0	2	0	C1+类语境(眼/类词)命中(基因豁免)	2020-22	1
F3	markers_membrane_v1.json	R2_prov_ctx	/provenance/Plasma/JCHAIN[2]	Plasma	JCHAIN	34006945	scRNA human retina DR		该类注释的文献语境 (v1 MCP 检索实证), 非该基因的逐条引用	In-depth transcriptomic analysis of human retina reveals molecular mechanisms underlying diabetic retinopathy.	Scientific reports	2021 May	epmc,eutils	GOOD	1	0	1	0	2	0	C1+类语境(眼/类词)命中(基因豁免)	2020-22	1
F3	markers_membrane_v1.json	R2_prov_ctx	/provenance/Keratocytes/_aux_evidence_not_in_default_markers/LUM[1]	Keratocytes	LUM	34381080	人角膜 Stro 簇表达谱语境			Molecular characteristics and spatial distribution of adult human corneal cell subtypes.	Scientific reports	2021 Aug	epmc,eutils	GOOD	1	0	1	1	0	0	C1+眼科语境	2020-22	1
F3	markers_membrane_v1.json	R2_prov_ctx	/provenance/Mac_DAM_LAM/PLD3[4]	Mac_DAM_LAM	PLD3	36119084	activated retinal microglia metabolic reprogramming		该类注释的文献语境 (v1 MCP 检索实证), 非该基因的逐条引用	Integrated multi-omics reveals the activated retinal microglia with intracellular metabolic reprogramming contributes to inflammation in STZ-induced early diabetic retinopathy.	Frontiers in immunology	2022	epmc,eutils	GOOD	1	0	1	0	5	0	C1+类语境(眼/类词)命中(基因豁免)	2020-22	1
F3	markers_membrane_v1.json	R2_prov_ctx	/provenance/Mac_Tissue/VSIG4[3]	Mac_Tissue	VSIG4	36119084	activated retinal microglia metabolic reprogramming		该类注释的文献语境 (v1 MCP 检索实证), 非该基因的逐条引用	Integrated multi-omics reveals the activated retinal microglia with intracellular metabolic reprogramming contributes to inflammation in STZ-induced early diabetic retinopathy.	Frontiers in immunology	2022	epmc,eutils	GOOD	1	0	1	0	5	0	C1+类语境(眼/类词)命中(基因豁免)	2020-22	1
F3	markers_membrane_v1.json	R2_prov_ctx	/provenance/SMC/MYH11[3]	SMC	MYH11	36277849	single-cell multiome human retina		该类注释的文献语境 (v1 MCP 检索实证), 非该基因的逐条引用	Single-cell multiome of the human retina and deep learning nominate causal variants in complex eye diseases.	Cell genomics	2022 Aug	epmc,eutils	GOOD	1	0	1	0	4	0	C1+类语境(眼/类词)命中(基因豁免)	2020-22	1
F3	markers_membrane_v1.json	R2_prov_ctx	/provenance/Microglia/SIGLEC11[3]	Microglia	SIGLEC11	36119084	activated retinal microglia metabolic reprogramming		该类注释的文献语境 (v1 MCP 检索实证), 非该基因的逐条引用	Integrated multi-omics reveals the activated retinal microglia with intracellular metabolic reprogramming contributes to inflammation in STZ-induced early diabetic retinopathy.	Frontiers in immunology	2022	epmc,eutils	GOOD	1	0	1	1	5	0	C1+类语境(眼/类词)命中(基因豁免)	2020-22	1
F3	markers_membrane_v1.json	R2_prov_ctx	/provenance/Mono_Classical/FCN1[5]	Mono_Classical	FCN1	34006945	scRNA human retina DR		该类注释的文献语境 (v1 MCP 检索实证), 非该基因的逐条引用	In-depth transcriptomic analysis of human retina reveals molecular mechanisms underlying diabetic retinopathy.	Scientific reports	2021 May	epmc,eutils	GOOD	1	0	1	0	2	0	C1+类语境(眼/类词)命中(基因豁免)	2020-22	1
F3	markers_membrane_v1.json	R2_prov_ctx	/provenance/Mac_Tissue/STAB1[5]	Mac_Tissue	STAB1	34006945	scRNA human retina DR		该类注释的文献语境 (v1 MCP 检索实证), 非该基因的逐条引用	In-depth transcriptomic analysis of human retina reveals molecular mechanisms underlying diabetic retinopathy.	Scientific reports	2021 May	epmc,eutils	GOOD	1	0	1	0	2	0	C1+类语境(眼/类词)命中(基因豁免)	2020-22	1
F3	markers_membrane_v1.json	R2_prov_ctx	/provenance/APC_MHCII_high/HLA-DQB1[6]	APC_MHCII_high	HLA-DQB1	36119084	activated retinal microglia metabolic reprogramming		该类注释的文献语境 (v1 MCP 检索实证), 非该基因的逐条引用	Integrated multi-omics reveals the activated retinal microglia with intracellular metabolic reprogramming contributes to inflammation in STZ-induced early diabetic retinopathy.	Frontiers in immunology	2022	epmc,eutils	GOOD	1	0	1	0	5	0	C1+类语境(眼/类词)命中(基因豁免)	2020-22	1
F3	markers_membrane_v1.json	R2_prov_ctx	/provenance/Microglia/TYROBP[6]	Microglia	TYROBP	34006945	scRNA human retina DR		该类注释的文献语境 (v1 MCP 检索实证), 非该基因的逐条引用	In-depth transcriptomic analysis of human retina reveals molecular mechanisms underlying diabetic retinopathy.	Scientific reports	2021 May	epmc,eutils	GOOD	1	0	1	0	2	0	C1+类语境(眼/类词)命中(基因豁免)	2020-22	1
F3	markers_membrane_v1.json	R2_prov_ctx	/provenance/Myofibroblast/TIMP1[3]	Myofibroblast	TIMP1	36231108	Transcriptional reprogramming RPE/stroma		该类注释的文献语境 (v1 MCP 检索实证), 非该基因的逐条引用	Global Transcriptional and Epigenetic Reconfiguration during Chemical Reprogramming of Human Retinal Pigment Epithelial Cells into Photoreceptor-like Cells.	Cells	2022 Oct	epmc,eutils	GOOD	1	0	1	0	2	0	C1+类语境(眼/类词)命中(基因豁免)	2020-22	1
F3	markers_membrane_v1.json	R2_prov_ctx	/provenance/Mono_Nonclassical/FCGR3A[3]	Mono_Nonclassical	FCGR3A	36119084	activated retinal microglia metabolic reprogramming		该类注释的文献语境 (v1 MCP 检索实证), 非该基因的逐条引用	Integrated multi-omics reveals the activated retinal microglia with intracellular metabolic reprogramming contributes to inflammation in STZ-induced early diabetic retinopathy.	Frontiers in immunology	2022	epmc,eutils	GOOD	1	0	1	0	5	0	C1+类语境(眼/类词)命中(基因豁免)	2020-22	1
F3	markers_membrane_v1.json	R3_note_embed	/provenance/Corneal Endothelium/SLC4A11[1]/id		SLC4A11	34741068	PMID:34741068			Single cell transcriptomics reveals the heterogeneity of the human cornea to identify novel markers of the limbus and stroma.	Scientific reports	2021 Nov	epmc,eutils	GOOD	1	0	1	0	0	0	C1+眼科语境	2020-22	1
F3	markers_membrane_v1.json	R2_prov_ctx	/provenance/cDC1/FLT3[2]	cDC1	FLT3	37272764	Sortilin diabetic retina		该类注释的文献语境 (v1 MCP 检索实证), 非该基因的逐条引用	Sortilin Inhibition Protects Neurons From Degeneration in the Diabetic Retina.	Investigative ophthalmology & visual science	2023 Jun	epmc,eutils	GOOD	1	0	1	0	3	0	C1+类语境(眼/类词)命中(基因豁免)	2023	1
F3	markers_membrane_v1.json	R2_prov_ctx	/provenance/cDC1/XCR1[2]	cDC1	XCR1	37272764	Sortilin diabetic retina		该类注释的文献语境 (v1 MCP 检索实证), 非该基因的逐条引用	Sortilin Inhibition Protects Neurons From Degeneration in the Diabetic Retina.	Investigative ophthalmology & visual science	2023 Jun	epmc,eutils	GOOD	1	0	1	0	3	0	C1+类语境(眼/类词)命中(基因豁免)	2023	1
F3	markers_membrane_v1.json	R2_prov_ctx	/provenance/cDC1/CADM1[2]	cDC1	CADM1	37272764	Sortilin diabetic retina		该类注释的文献语境 (v1 MCP 检索实证), 非该基因的逐条引用	Sortilin Inhibition Protects Neurons From Degeneration in the Diabetic Retina.	Investigative ophthalmology & visual science	2023 Jun	epmc,eutils	GOOD	1	0	1	0	3	0	C1+类语境(眼/类词)命中(基因豁免)	2023	1
F3	markers_membrane_v1.json	R2_prov_ctx	/provenance/cDC1/C1S[2]	cDC1	C1S	37272764	Sortilin diabetic retina		该类注释的文献语境 (v1 MCP 检索实证), 非该基因的逐条引用	Sortilin Inhibition Protects Neurons From Degeneration in the Diabetic Retina.	Investigative ophthalmology & visual science	2023 Jun	epmc,eutils	GOOD	1	0	1	0	3	0	C1+类语境(眼/类词)命中(基因豁免)	2023	1
F3	markers_membrane_v1.json	R2_prov_ctx	/provenance/Mac_Tissue/CD5L[1]	Mac_Tissue	CD5L	38409074	unique retinal microglia types early DR		该类注释的文献语境 (v1 MCP 检索实证), 非该基因的逐条引用	Single-cell RNA sequencing reveals roles of unique retinal microglia types in early diabetic retinopathy.	Diabetology & metabolic syndrome	2024 Feb	epmc,eutils	GOOD	1	0	1	0	5	0	C1+类语境(眼/类词)命中(基因豁免)	2024	1
F3	markers_membrane_v1.json	R2_prov_ctx	/provenance/Granulocyte/IL1RN[1]	Granulocyte	IL1RN	38409074	unique retinal microglia types early DR		该类注释的文献语境 (v1 MCP 检索实证), 非该基因的逐条引用	Single-cell RNA sequencing reveals roles of unique retinal microglia types in early diabetic retinopathy.	Diabetology & metabolic syndrome	2024 Feb	epmc,eutils	GOOD	1	0	1	0	5	0	C1+类语境(眼/类词)命中(基因豁免)	2024	1
F3	markers_membrane_v1.json	R2_prov_ctx	/provenance/Mac_Tissue/C1QA[2]	Mac_Tissue	C1QA	38409074	unique retinal microglia types early DR		该类注释的文献语境 (v1 MCP 检索实证), 非该基因的逐条引用	Single-cell RNA sequencing reveals roles of unique retinal microglia types in early diabetic retinopathy.	Diabetology & metabolic syndrome	2024 Feb	epmc,eutils	GOOD	1	0	1	0	5	0	C1+类语境(眼/类词)命中(基因豁免)	2024	1
F3	markers_membrane_v1.json	R2_prov_ctx	/provenance/Mono_Nonclassical/LST1[1]	Mono_Nonclassical	LST1	38409074	unique retinal microglia types early DR		该类注释的文献语境 (v1 MCP 检索实证), 非该基因的逐条引用	Single-cell RNA sequencing reveals roles of unique retinal microglia types in early diabetic retinopathy.	Diabetology & metabolic syndrome	2024 Feb	epmc,eutils	GOOD	1	0	1	0	5	0	C1+类语境(眼/类词)命中(基因豁免)	2024	1
F3	markers_membrane_v1.json	R2_prov_ctx	/provenance/Mac_DAM_LAM/FTL[3]	Mac_DAM_LAM	FTL	38409074	unique retinal microglia types early DR		该类注释的文献语境 (v1 MCP 检索实证), 非该基因的逐条引用	Single-cell RNA sequencing reveals roles of unique retinal microglia types in early diabetic retinopathy.	Diabetology & metabolic syndrome	2024 Feb	epmc,eutils	GOOD	1	0	1	0	5	0	C1+类语境(眼/类词)命中(基因豁免)	2024	1
F3	markers_membrane_v1.json	R2_prov_ctx	/provenance/Mac_DAM_LAM/LIPA[2]	Mac_DAM_LAM	LIPA	38409074	unique retinal microglia types early DR		该类注释的文献语境 (v1 MCP 检索实证), 非该基因的逐条引用	Single-cell RNA sequencing reveals roles of unique retinal microglia types in early diabetic retinopathy.	Diabetology & metabolic syndrome	2024 Feb	epmc,eutils	GOOD	1	0	1	0	5	0	C1+类语境(眼/类词)命中(基因豁免)	2024	1
F3	markers_membrane_v1.json	R2_prov_ctx	/provenance/Mono_Classical/S100A12[2]	Mono_Classical	S100A12	38409074	unique retinal microglia types early DR		该类注释的文献语境 (v1 MCP 检索实证), 非该基因的逐条引用	Single-cell RNA sequencing reveals roles of unique retinal microglia types in early diabetic retinopathy.	Diabetology & metabolic syndrome	2024 Feb	epmc,eutils	GOOD	1	0	1	0	5	0	C1+类语境(眼/类词)命中(基因豁免)	2024	1
F3	markers_membrane_v1.json	R2_prov_ctx	/provenance/Microglia/FCER1G[3]	Microglia	FCER1G	38409074	unique retinal microglia types early DR		该类注释的文献语境 (v1 MCP 检索实证), 非该基因的逐条引用	Single-cell RNA sequencing reveals roles of unique retinal microglia types in early diabetic retinopathy.	Diabetology & metabolic syndrome	2024 Feb	epmc,eutils	GOOD	1	0	1	1	5	0	C1+类语境(眼/类词)命中(基因豁免)	2024	1
F3	markers_membrane_v1.json	R2_prov_ctx	/provenance/Mac_Tissue/MAF[2]	Mac_Tissue	MAF	38409074	unique retinal microglia types early DR		该类注释的文献语境 (v1 MCP 检索实证), 非该基因的逐条引用	Single-cell RNA sequencing reveals roles of unique retinal microglia types in early diabetic retinopathy.	Diabetology & metabolic syndrome	2024 Feb	epmc,eutils	GOOD	1	0	1	0	5	0	C1+类语境(眼/类词)命中(基因豁免)	2024	1
F3	markers_membrane_v1.json	R2_prov_ctx	/provenance/APC_MHCII_high/HLA-DPB1[4]	APC_MHCII_high	HLA-DPB1	38409074	unique retinal microglia types early DR		该类注释的文献语境 (v1 MCP 检索实证), 非该基因的逐条引用	Single-cell RNA sequencing reveals roles of unique retinal microglia types in early diabetic retinopathy.	Diabetology & metabolic syndrome	2024 Feb	epmc,eutils	GOOD	1	0	1	0	5	0	C1+类语境(眼/类词)命中(基因豁免)	2024	1
F3	markers_membrane_v1.json	R2_prov_ctx	/provenance/APC_MHCII_high/HLA-DRA[4]	APC_MHCII_high	HLA-DRA	38409074	unique retinal microglia types early DR		该类注释的文献语境 (v1 MCP 检索实证), 非该基因的逐条引用	Single-cell RNA sequencing reveals roles of unique retinal microglia types in early diabetic retinopathy.	Diabetology & metabolic syndrome	2024 Feb	epmc,eutils	GOOD	1	0	1	0	5	0	C1+类语境(眼/类词)命中(基因豁免)	2024	1
F3	markers_membrane_v1.json	R2_prov_ctx	/provenance/Mono_Classical/MNDA[2]	Mono_Classical	MNDA	38409074	unique retinal microglia types early DR		该类注释的文献语境 (v1 MCP 检索实证), 非该基因的逐条引用	Single-cell RNA sequencing reveals roles of unique retinal microglia types in early diabetic retinopathy.	Diabetology & metabolic syndrome	2024 Feb	epmc,eutils	GOOD	1	0	1	0	5	0	C1+类语境(眼/类词)命中(基因豁免)	2024	1
F3	markers_membrane_v1.json	R2_prov_ctx	/provenance/Mono_Nonclassical/CX3CR1[1]	Mono_Nonclassical	CX3CR1	38409074	unique retinal microglia types early DR		该类注释的文献语境 (v1 MCP 检索实证), 非该基因的逐条引用	Single-cell RNA sequencing reveals roles of unique retinal microglia types in early diabetic retinopathy.	Diabetology & metabolic syndrome	2024 Feb	epmc,eutils	GOOD	1	0	1	0	5	0	C1+类语境(眼/类词)命中(基因豁免)	2024	1
F3	markers_membrane_v1.json	R2_prov_ctx	/provenance/Mac_DAM_LAM/LGMN[3]	Mac_DAM_LAM	LGMN	40999978	retinal microglia in DR review		该类注释的文献语境 (v1 MCP 检索实证), 非该基因的逐条引用	Mechanisms of action of retinal microglia in diabetic retinopathy (Review).	International journal of molecular medicine	2025 Dec	epmc,eutils	GOOD	1	0	1	0	3	0	C1+类语境(眼/类词)命中(基因豁免)	2025+	1
F3	markers_membrane_v1.json	R2_prov_ctx	/provenance/Endo/KDR[1]	Endo	KDR	41827851	Claudins in Retinal Disease		该类注释的文献语境 (v1 MCP 检索实证), 非该基因的逐条引用	Claudins in Retinal Disease: Beyond Barrier Integrity to Signaling and Therapy.	Cells	2026 Feb	epmc,eutils	GOOD	1	0	1	0	3	0	C1+类语境(眼/类词)命中(基因豁免)	2025+	1
F3	markers_membrane_v1.json	R2_prov_ctx	/provenance/Fibroblast/PTGDS[1]	Fibroblast	PTGDS	41230906	PRRX1 Pericyte-Myofibroblast Transition		该类注释的文献语境 (v1 MCP 检索实证), 非该基因的逐条引用	PRRX1 Orchestrates Pericyte-Myofibroblast Transition in Pathological Retinal Fibrosis.	Investigative ophthalmology & visual science	2025 Nov	epmc,eutils	GOOD	1	0	1	1	3	0	C1+类语境(眼/类词)命中(基因豁免)	2025+	1
F3	markers_membrane_v1.json	R2_prov_ctx	/provenance/Pericyte/IGFBP7[2]	Pericyte	IGFBP7	41230906	PRRX1 Pericyte-Myofibroblast Transition		该类注释的文献语境 (v1 MCP 检索实证), 非该基因的逐条引用	PRRX1 Orchestrates Pericyte-Myofibroblast Transition in Pathological Retinal Fibrosis.	Investigative ophthalmology & visual science	2025 Nov	epmc,eutils	GOOD	1	0	1	1	3	0	C1+类语境(眼/类词)命中(基因豁免)	2025+	1
F3	markers_membrane_v1.json	R2_prov_ctx	/provenance/Proliferating/TOP2A[3]	Proliferating	TOP2A	41390488	Endothelial RAB5IF retinal angiogenesis		该类注释的文献语境 (v1 MCP 检索实证), 非该基因的逐条引用	Endothelial RAB5IF is required for pathological and developmental retinal angiogenesis.	Nature communications	2025 Dec	epmc,eutils	GOOD	1	0	1	0	4	0	C1+类语境(眼/类词)命中(基因豁免)	2025+	1
F3	markers_membrane_v1.json	R2_prov_ctx	/provenance/Mac_DAM_LAM/CD9[2]	Mac_DAM_LAM	CD9	40999978	retinal microglia in DR review		该类注释的文献语境 (v1 MCP 检索实证), 非该基因的逐条引用	Mechanisms of action of retinal microglia in diabetic retinopathy (Review).	International journal of molecular medicine	2025 Dec	epmc,eutils	GOOD	1	0	1	0	3	0	C1+类语境(眼/类词)命中(基因豁免)	2025+	1
F3	markers_membrane_v1.json	R2_prov_ctx	/provenance/Fibroblast/DCN[2]	Fibroblast	DCN	41230906	PRRX1 Pericyte-Myofibroblast Transition		该类注释的文献语境 (v1 MCP 检索实证), 非该基因的逐条引用	PRRX1 Orchestrates Pericyte-Myofibroblast Transition in Pathological Retinal Fibrosis.	Investigative ophthalmology & visual science	2025 Nov	epmc,eutils	GOOD	1	0	1	1	3	0	C1+类语境(眼/类词)命中(基因豁免)	2025+	1
F3	markers_membrane_v1.json	R2_prov_ctx	/provenance/Mac_Tissue/C1QA[3]	Mac_Tissue	C1QA	40999978	retinal microglia in DR review		该类注释的文献语境 (v1 MCP 检索实证), 非该基因的逐条引用	Mechanisms of action of retinal microglia in diabetic retinopathy (Review).	International journal of molecular medicine	2025 Dec	epmc,eutils	GOOD	1	0	1	0	3	0	C1+类语境(眼/类词)命中(基因豁免)	2025+	1
F3	markers_membrane_v1.json	R2_prov_ctx	/provenance/Endo_Patho/HIF1A[2]	Endo_Patho	HIF1A	41390488	Endothelial RAB5IF retinal angiogenesis		该类注释的文献语境 (v1 MCP 检索实证), 非该基因的逐条引用	Endothelial RAB5IF is required for pathological and developmental retinal angiogenesis.	Nature communications	2025 Dec	epmc,eutils	GOOD	1	0	1	1	4	0	C1+类语境(眼/类词)命中(基因豁免)	2025+	1
F3	markers_membrane_v1.json	R2_prov_ctx	/provenance/Endo/GNG11[2]	Endo	GNG11	41827851	Claudins in Retinal Disease		该类注释的文献语境 (v1 MCP 检索实证), 非该基因的逐条引用	Claudins in Retinal Disease: Beyond Barrier Integrity to Signaling and Therapy.	Cells	2026 Feb	epmc,eutils	GOOD	1	0	1	0	3	0	C1+类语境(眼/类词)命中(基因豁免)	2025+	1
F3	markers_membrane_v1.json	R2_prov_ctx	/provenance/SMC/MYL9[4]	SMC	MYL9	42018650	Spatial proteomic mapping human/mouse retina IBEX		该类注释的文献语境 (v1 MCP 检索实证), 非该基因的逐条引用	Spatial proteomic mapping of the human and mouse retina using IBEX.	JCI insight	2026 Apr	epmc,eutils	GOOD	1	0	1	0	7	0	C1+类语境(眼/类词)命中(基因豁免)	2025+	1
F3	markers_membrane_v1.json	R2_prov_ctx	/provenance/Pericyte/MGP[3]	Pericyte	MGP	42018650	Spatial proteomic mapping human/mouse retina IBEX		该类注释的文献语境 (v1 MCP 检索实证), 非该基因的逐条引用	Spatial proteomic mapping of the human and mouse retina using IBEX.	JCI insight	2026 Apr	epmc,eutils	GOOD	1	0	1	0	7	0	C1+类语境(眼/类词)命中(基因豁免)	2025+	1
F3	markers_membrane_v1.json	R3_note_embed	/provenance/Corneal Endothelium/_aux_evidence_not_in_default_markers/COL8A2[1]/id		COL8A2	40838019	PMID:40838019			Prediction of cell states and key transcription factors of the human cornea through integrated single-cell omics analyses.	PNAS nexus	2025 Aug	epmc,eutils	GOOD	1	0	1	0	0	0	C1+眼科语境	2025+	1
F3	markers_membrane_v1.json	R2_prov_ctx	/provenance/Endo_Patho/NDUFA4L2[3]	Endo_Patho	NDUFA4L2	41390488	Endothelial RAB5IF retinal angiogenesis		该类注释的文献语境 (v1 MCP 检索实证), 非该基因的逐条引用	Endothelial RAB5IF is required for pathological and developmental retinal angiogenesis.	Nature communications	2025 Dec	epmc,eutils	GOOD	1	0	1	1	4	0	C1+类语境(眼/类词)命中(基因豁免)	2025+	1
F3	markers_membrane_v1.json	R2_prov_ctx	/provenance/Endo_Patho/DLL4[2]	Endo_Patho	DLL4	41390488	Endothelial RAB5IF retinal angiogenesis		该类注释的文献语境 (v1 MCP 检索实证), 非该基因的逐条引用	Endothelial RAB5IF is required for pathological and developmental retinal angiogenesis.	Nature communications	2025 Dec	epmc,eutils	GOOD	1	0	1	1	4	0	C1+类语境(眼/类词)命中(基因豁免)	2025+	1
F3	markers_membrane_v1.json	R2_prov_ctx	/provenance/SMC/CALD1[4]	SMC	CALD1	42018650	Spatial proteomic mapping human/mouse retina IBEX		该类注释的文献语境 (v1 MCP 检索实证), 非该基因的逐条引用	Spatial proteomic mapping of the human and mouse retina using IBEX.	JCI insight	2026 Apr	epmc,eutils	GOOD	1	0	1	0	7	0	C1+类语境(眼/类词)命中(基因豁免)	2025+	1
F3	markers_membrane_v1.json	R2_prov_ctx	/provenance/Endo_Patho/VCAM1[2]	Endo_Patho	VCAM1	41390488	Endothelial RAB5IF retinal angiogenesis		该类注释的文献语境 (v1 MCP 检索实证), 非该基因的逐条引用	Endothelial RAB5IF is required for pathological and developmental retinal angiogenesis.	Nature communications	2025 Dec	epmc,eutils	GOOD	1	0	1	1	4	0	C1+类语境(眼/类词)命中(基因豁免)	2025+	1
F3	markers_membrane_v1.json	R2_prov_ctx	/provenance/Pericyte/RGS4[2]	Pericyte	RGS4	42018650	Spatial proteomic mapping human/mouse retina IBEX		该类注释的文献语境 (v1 MCP 检索实证), 非该基因的逐条引用	Spatial proteomic mapping of the human and mouse retina using IBEX.	JCI insight	2026 Apr	epmc,eutils	GOOD	1	0	1	0	7	0	C1+类语境(眼/类词)命中(基因豁免)	2025+	1
F3	markers_membrane_v1.json	R2_prov_ctx	/provenance/SMC/CNN1[2]	SMC	CNN1	42018650	Spatial proteomic mapping human/mouse retina IBEX		该类注释的文献语境 (v1 MCP 检索实证), 非该基因的逐条引用	Spatial proteomic mapping of the human and mouse retina using IBEX.	JCI insight	2026 Apr	epmc,eutils	GOOD	1	0	1	0	7	0	C1+类语境(眼/类词)命中(基因豁免)	2025+	1
F3	markers_membrane_v1.json	R2_prov_ctx	/provenance/APC_MHCII_high/FCGR1A[4]	APC_MHCII_high	FCGR1A	40999978	retinal microglia in DR review		该类注释的文献语境 (v1 MCP 检索实证), 非该基因的逐条引用	Mechanisms of action of retinal microglia in diabetic retinopathy (Review).	International journal of molecular medicine	2025 Dec	epmc,eutils	GOOD	1	0	1	0	3	0	C1+类语境(眼/类词)命中(基因豁免)	2025+	1
F3	markers_membrane_v1.json	R2_prov_ctx	/provenance/Myofibroblast/TAGLN[2]	Myofibroblast	TAGLN	41230906	PRRX1 Pericyte-Myofibroblast Transition		该类注释的文献语境 (v1 MCP 检索实证), 非该基因的逐条引用	PRRX1 Orchestrates Pericyte-Myofibroblast Transition in Pathological Retinal Fibrosis.	Investigative ophthalmology & visual science	2025 Nov	epmc,eutils	GOOD	1	0	1	1	3	0	C1+类语境(眼/类词)命中(基因豁免)	2025+	1
F3	markers_membrane_v1.json	R2_prov_ctx	/provenance/Myofibroblast/POSTN[2]	Myofibroblast	POSTN	41230906	PRRX1 Pericyte-Myofibroblast Transition		该类注释的文献语境 (v1 MCP 检索实证), 非该基因的逐条引用	PRRX1 Orchestrates Pericyte-Myofibroblast Transition in Pathological Retinal Fibrosis.	Investigative ophthalmology & visual science	2025 Nov	epmc,eutils	GOOD	1	0	1	1	3	0	C1+类语境(眼/类词)命中(基因豁免)	2025+	1
F3	markers_membrane_v1.json	R2_prov_ctx	/provenance/Mac_Tissue/CD163[3]	Mac_Tissue	CD163	40999978	retinal microglia in DR review		该类注释的文献语境 (v1 MCP 检索实证), 非该基因的逐条引用	Mechanisms of action of retinal microglia in diabetic retinopathy (Review).	International journal of molecular medicine	2025 Dec	epmc,eutils	GOOD	1	0	1	0	3	0	C1+类语境(眼/类词)命中(基因豁免)	2025+	1
F3	markers_membrane_v1.json	R2_prov_ctx	/provenance/Myofibroblast/TIMP1[2]	Myofibroblast	TIMP1	41230906	PRRX1 Pericyte-Myofibroblast Transition		该类注释的文献语境 (v1 MCP 检索实证), 非该基因的逐条引用	PRRX1 Orchestrates Pericyte-Myofibroblast Transition in Pathological Retinal Fibrosis.	Investigative ophthalmology & visual science	2025 Nov	epmc,eutils	GOOD	1	0	1	1	3	0	C1+类语境(眼/类词)命中(基因豁免)	2025+	1
F3	markers_membrane_v1.json	R2_prov_ctx	/provenance/Endo/FLT1[2]	Endo	FLT1	41827851	Claudins in Retinal Disease		该类注释的文献语境 (v1 MCP 检索实证), 非该基因的逐条引用	Claudins in Retinal Disease: Beyond Barrier Integrity to Signaling and Therapy.	Cells	2026 Feb	epmc,eutils	GOOD	1	0	1	0	3	0	C1+类语境(眼/类词)命中(基因豁免)	2025+	1
F3	markers_membrane_v1.json	R2_prov_ctx	/provenance/Pericyte/RGS5[2]	Pericyte	RGS5	41230906	PRRX1 Pericyte-Myofibroblast Transition		该类注释的文献语境 (v1 MCP 检索实证), 非该基因的逐条引用	PRRX1 Orchestrates Pericyte-Myofibroblast Transition in Pathological Retinal Fibrosis.	Investigative ophthalmology & visual science	2025 Nov	epmc,eutils	GOOD	1	0	1	1	3	0	C1+类语境(眼/类词)命中(基因豁免)	2025+	1
F3	markers_membrane_v1.json	R2_prov_ctx	/provenance/Fibroblast/FBN1[2]	Fibroblast	FBN1	41230906	PRRX1 Pericyte-Myofibroblast Transition		该类注释的文献语境 (v1 MCP 检索实证), 非该基因的逐条引用	PRRX1 Orchestrates Pericyte-Myofibroblast Transition in Pathological Retinal Fibrosis.	Investigative ophthalmology & visual science	2025 Nov	epmc,eutils	GOOD	1	0	1	1	3	0	C1+类语境(眼/类词)命中(基因豁免)	2025+	1
F3	markers_membrane_v1.json	R2_prov_ctx	/provenance/Mac_Tissue/MRC1[3]	Mac_Tissue	MRC1	40999978	retinal microglia in DR review		该类注释的文献语境 (v1 MCP 检索实证), 非该基因的逐条引用	Mechanisms of action of retinal microglia in diabetic retinopathy (Review).	International journal of molecular medicine	2025 Dec	epmc,eutils	GOOD	1	0	1	0	3	0	C1+类语境(眼/类词)命中(基因豁免)	2025+	1
F3	markers_membrane_v1.json	R2_prov_ctx	/provenance/Endo/ESAM[2]	Endo	ESAM	41827851	Claudins in Retinal Disease		该类注释的文献语境 (v1 MCP 检索实证), 非该基因的逐条引用	Claudins in Retinal Disease: Beyond Barrier Integrity to Signaling and Therapy.	Cells	2026 Feb	epmc,eutils	GOOD	1	0	1	0	3	0	C1+类语境(眼/类词)命中(基因豁免)	2025+	1
F3	markers_membrane_v1.json	R2_prov_ctx	/provenance/Granulocyte/C5AR1[3]	Granulocyte	C5AR1	40999978	retinal microglia in DR review		该类注释的文献语境 (v1 MCP 检索实证), 非该基因的逐条引用	Mechanisms of action of retinal microglia in diabetic retinopathy (Review).	International journal of molecular medicine	2025 Dec	epmc,eutils	GOOD	1	0	1	0	3	0	C1+类语境(眼/类词)命中(基因豁免)	2025+	1
F3	markers_membrane_v1.json	R3_note_embed	/provenance/Keratocytes/_aux_evidence_not_in_default_markers/PTGDS[0]/id	Keratocytes	PTGDS	11328728	PMID:11328728			Production of prostaglandin D synthase as a keratan sulfate proteoglycan by cultured bovine keratocytes.	Investigative ophthalmology & visual science	2001 May	epmc,eutils	MISMATCH	1	0	0	1	0	0	题录异域且无基因/语境词 = 误引候选	<2020	1
F3	markers_v5_retina_interneuron.json	R3_note_embed	/provenance/BC/PRKCA[1]/note	BC	PRKCA	32946783	rod bipolar (RB) canonical marker (PMID:27565351 Shekhar2016; PMID:32946783)			Cell Types of the Human Retina and Its Organoids at Single-Cell Resolution.	Cell	2020 Sep	epmc,eutils	SUSPECT	1	0	1	0	0	1	题录眼语境但 note 零呼应(DIVERGE 旗)	2020-22	1
F3	markers_v5_retina_interneuron.json	R3_note_embed	/provenance/HC/ONECUT1[1]/note		ONECUT1	41578023	HC canonical (v4.1 legacy 同源; PMID:41578023)			Single-cell atlas of the transcriptome and chromatin accessibility in the human retina.	Nature genetics	2026 Feb	epmc,eutils	GOOD	1	0	1	0	0	0	C1+眼科语境	2025+	1
F3	markers_v5_retina_interneuron.json	R3_note_embed	/provenance/BC/NETO1[1]/note	BC	NETO1	41578023	HRCA v1 正文点名 BC pan marker (PMID:41578023)			Single-cell atlas of the transcriptome and chromatin accessibility in the human retina.	Nature genetics	2026 Feb	epmc,eutils	GOOD	1	0	1	0	0	0	C1+眼科语境	2025+	1
F3	markers_v5_retina_interneuron.json	R3_note_embed	/provenance/BC/TRPM1[1]/note		TRPM1	31436334	ON-bipolar canonical (PMID:32946783 Yan2020; PMID:31436334 Liang2019)			A single-cell transcriptome atlas of the adult human retina.	The EMBO journal	2019 Sep	epmc,eutils	SUSPECT	1	0	1	0	0	1	题录眼语境但 note 零呼应(DIVERGE 旗)	<2020	1
F3	markers_v5_retina_interneuron.json	R3_note_embed	/provenance/AC/MAF[1]/note		MAF	27565351	AII amacrine canonical (PMID:27565351)			Comprehensive Classification of Retinal Bipolar Neurons by Single-Cell Transcriptomics.	Cell	2016 Aug	epmc,eutils	GOOD	1	0	1	0	0	0	C1+眼科语境	<2020	1
F3	priors	R3_text	:73			35061025	--| | tissue_resident_mac | SELENOP, MRC1, FOLR2, CD163, STAB1, VSIG4, CD5L | identity | 支持 | human, fibrovascular membrane, scRNA | vs 招募单核 (FCN1 组) | Hu2022 (PMID 35061025) 结果节; markers_membrane_v1 canonical 层 | 与稳态小胶质区分不足 —— SELENOP/FOLR2 亦见于血管周围巨			Single-Cell Transcriptomics Reveals Novel Role of Microglia in Fibrovascular Membrane of Proliferative Diabetic Retinopathy.	Diabetes	2022 Apr	epmc,eutils	GOOD	1	0	1	0	2	0	C1+眼科语境	2020-22	1
F3	priors	R3_text	:285			37917183	""": {    ""claim_type"": ""state"",    ""relation"": ""支持"",    ""condition"": ""human PDR membrane"",    ""comparator"": ""vs MHCII-low mac"",    ""locator"": ""JCI Insight 2023 (PMID 37917183) APC 亚群"",    ""limits"": ""HLA-DR 高≠树突状细胞身份; 单基因 CD74 受双细胞影响""   },   ""patho_end"			Single-cell transcriptomics analysis of proliferative diabetic retinopathy fibrovascular membranes reveals AEBP1 as fibrogenesis modulator.	JCI insight	2023 Nov	epmc,eutils	GOOD	1	0	1	0	1	0	C1+眼科语境	2023	1
F3	priors	R3_text	:20			39220810	"nism_stage"": ""adult"",    ""development_axis"": ""adult""   },   {    ""disease"": ""PDR"",    ""material"": ""vitreous"",    ""status"": ""placeholder"",    ""note"": ""定性锚已有 (B: PMID 39220810, T 91.6%); 未达最小可用标准的独立条目门槛 — 暂记于示例格 cross_material_note"",    ""organism_stage"			Liquid Biopsy for Proliferative Diabetic Retinopathy: Single-Cell Transcriptomics of Human Vitreous Reveals Inflammatory T-Cell Signature.	Ophthalmology science	2024 Nov	epmc,eutils	GOOD	1	0	1	0	1	0	C1+眼科语境	2024	1
F3	priors	R3_text	:301			41230906	"yofibro"": {    ""claim_type"": ""identity+mechanism"",    ""relation"": ""支持"",    ""condition"": ""视网膜纤维化病理 (含 PDR 膜)"",    ""comparator"": ""vs 静止周细胞/静止纤维母"",    ""locator"": ""PMID 41230906 (PRRX1-IOVS2025) 主图"",    ""limits"": ""连续转变谱 —— 强制二分会制造假亚型 (T4); '周细胞来源'与'纤维母来源"			PRRX1 Orchestrates Pericyte-Myofibroblast Transition in Pathological Retinal Fibrosis.	Investigative ophthalmology & visual science	2025 Nov	epmc,eutils	SUSPECT	1	0	1	0	0	1	题录眼语境但 note 零呼应(DIVERGE 旗)	2025+	1
F4	vk_index	R4_index	tissue-trabecular_meshwork.md:99			35615698	year=2022 species=[both]	Myocilin Gene Mutation Induced Autophagy Activation Causes Dysfunction of Trabecular Meshwork Cells.	Frontiers in cell and developmental biology	Myocilin Gene Mutation Induced Autophagy Activation Causes Dysfunction of Trabecular Meshwork Cells.	Frontiers in cell and developmental biology	2022	epmc,eutils	GOOD	1	0	0	0	0	0	C1+存储题名与题录 rt 全等/前缀	2020-22	1
F4	vk_index	R4_index	metabolism.md:142			36539414	year=2022 species=[both]	IL-4 induces reparative phenotype of RPE cells and protects against retinal neurodegeneration via Nrf2 activation.	Cell death & disease	IL-4 induces reparative phenotype of RPE cells and protects against retinal neurodegeneration via Nrf2 activation.	Cell death & disease	2022 Dec	epmc,eutils	GOOD	1	0	1	0	0	0	C1+存储题名与题录 rt 全等/前缀	2020-22	1
F4	vk_index	R4_index	models.md:873			34055784	year=2021 species=[human]	Single Cell Transcriptomic Analyses Reveal the Impact of bHLH Factors on Human Retinal Organoid Development.	Frontiers in cell and developmental biology	Single Cell Transcriptomic Analyses Reveal the Impact of bHLH Factors on Human Retinal Organoid Development.	Frontiers in cell and developmental biology	2021	epmc,eutils	GOOD	1	0	1	0	1	0	C1+存储题名与题录 rt 全等/前缀	2020-22	1
F4	vk_index	R4_index	tissue-cornea.md:211			34576227	year=2021 species=[human]	A Decellularized Human Limbal Scaffold for Limbal Stem Cell Niche Reconstruction.	International journal of molecular sciences	A Decellularized Human Limbal Scaffold for Limbal Stem Cell Niche Reconstruction.	International journal of molecular sciences	2021 Sep	epmc,eutils	GOOD	1	0	0	0	1	0	C1+存储题名与题录 rt 全等/前缀	2020-22	1
F4	vk_index	R4_index	tissue-ciliary_body.md:184			34405951	year=2021 species=[human]	Identification of compound heterozygous DNAH11 variants in a Han-Chinese family with primary ciliary dyskinesia.	Journal of cellular and molecular medicine	Identification of compound heterozygous DNAH11 variants in a Han-Chinese family with primary ciliary dyskinesia.	Journal of cellular and molecular medicine	2021 Sep	epmc,eutils	GOOD	1	0	0	0	0	0	C1+存储题名与题录 rt 全等/前缀	2020-22	1
F4	vk_index	R4_index	models.md:960			34572088	year=2021 species=[mouse]	Betulinic Acid Protects from Ischemia-Reperfusion Injury in the Mouse Retina.	Cells	Betulinic Acid Protects from Ischemia-Reperfusion Injury in the Mouse Retina.	Cells	2021 Sep	epmc,eutils	GOOD	1	0	1	0	1	0	C1+存储题名与题录 rt 全等/前缀	2020-22	1
F4	vk_index	R4_index	tissue-RPE.md:187			35440610	year=2022 species=[human]	Development of an electrospun poly(ε-caprolactone)/collagen-based human amniotic membrane powder scaffold for culturing retinal pigment epithelial cells.	Scientific reports	Development of an electrospun poly(ε-caprolactone)/collagen-based human amniotic membrane powder scaffold for culturing retinal pigment epithelial cells.	Scientific reports	2022 Apr	epmc,eutils	GOOD	1	0	1	0	1	0	C1+存储题名与题录 rt 全等/前缀	2020-22	1
F4	vk_index	R4_index	models.md:665			35216333	year=2022 species=[both]	A Splicing Mutation in  Slc4a5  Results in Retinal Detachment and Retinal Pigment Epithelium Dysfunction	International journal of molecular sciences	A Splicing Mutation in Slc4a5 Results in Retinal Detachment and Retinal Pigment Epithelium Dysfunction.	International journal of molecular sciences	2022 Feb	epmc,eutils	GOOD	1	0	1	0	0	0	C1+存储题名与题录 rt 全等/前缀	2020-22	1
F4	vk_index	R4_index	models.md:923			33805370	year=2021 species=[human]	Products of Docosahexaenoate Oxidation as Contributors to Photosensitising Properties of Retinal Lipofuscin.	International journal of molecular sciences	Products of Docosahexaenoate Oxidation as Contributors to Photosensitising Properties of Retinal Lipofuscin.	International journal of molecular sciences	2021 Mar	epmc,eutils	GOOD	1	0	1	0	0	0	C1+存储题名与题录 rt 全等/前缀	2020-22	1
F4	vk_index	R4_index	glial-microglia.md:253			33918210	year=2021 species=[human]	Impaired Mitochondrial Function in iPSC-Retinal Pigment Epithelium with the Complement Factor H Polymorphism for Age-Related Macular Degeneration.	Cells	Impaired Mitochondrial Function in iPSC-Retinal Pigment Epithelium with the Complement Factor H Polymorphism for Age-Related Macular Degeneration.	Cells	2021 Apr	epmc,eutils	GOOD	1	0	1	0	0	0	C1+存储题名与题录 rt 全等/前缀	2020-22	1
F4	vk_index	R4_index	inherited-disease.md:267			35474956	year=2022 species=[mouse]	AAV-PHP.eB transduces both the inner and outer retina with high efficacy in mice.	Molecular therapy. Methods & clinical development	AAV-PHP.eB transduces both the inner and outer retina with high efficacy in mice.	Molecular therapy. Methods & clinical development	2022 Jun	epmc,eutils	GOOD	1	0	1	0	0	0	C1+存储题名与题录 rt 全等/前缀	2020-22	1
F4	vk_index	R4_index	tissue-optic_nerve.md:185			35858578	year=2022 species=[human]	Pathological mitophagy disrupts mitochondrial homeostasis in Leber's hereditary optic neuropathy.	Cell reports	Pathological mitophagy disrupts mitochondrial homeostasis in Leber's hereditary optic neuropathy.	Cell reports	2022 Jul	epmc,eutils	GOOD	1	0	0	0	0	0	C1+存储题名与题录 rt 全等/前缀	2020-22	1
F4	vk_index	R4_index	methods-scrna.md:379			32211407	year=2020 species=[human]	Patient-Specific Retinal Organoids Recapitulate Disease Features of Late-Onset Retinitis Pigmentosa.	Frontiers in cell and developmental biology	Patient-Specific Retinal Organoids Recapitulate Disease Features of Late-Onset Retinitis Pigmentosa.	Frontiers in cell and developmental biology	2020	epmc,eutils	GOOD	1	0	1	0	0	0	C1+存储题名与题录 rt 全等/前缀	2020-22	1
F4	vk_index	R4_index	glaucoma.md:235			33516874	year=2021 species=[both]	Mutant three-repeat tau expression initiates retinal ganglion cell death through Caspase-2.	Neurobiology of disease	Mutant three-repeat tau expression initiates retinal ganglion cell death through Caspase-2.	Neurobiology of disease	2021 May	epmc,eutils	GOOD	1	0	1	0	0	0	C1+存储题名与题录 rt 全等/前缀	2020-22	1
F4	vk_index	R4_index	rpe.md:157			36231108	year=2022 species=[human]	Global Transcriptional and Epigenetic Reconfiguration during Chemical Reprogramming of Human Retinal Pigment Epithelial Cells into Photoreceptor-like Cells.	Cells	Global Transcriptional and Epigenetic Reconfiguration during Chemical Reprogramming of Human Retinal Pigment Epithelial Cells into Photoreceptor-like Cells.	Cells	2022 Oct	epmc,eutils	GOOD	1	0	1	0	1	0	C1+存储题名与题录 rt 全等/前缀	2020-22	1
F4	vk_index	R4_index	rpe.md:160			36408112	year=2022 species=[human]	Intercellular communication analysis of the human retinal pigment epithelial and choroidal cells predicts pathways associated with aging, cellular senescence and age-related macular degeneration.	Frontiers in aging neuroscience	Intercellular communication analysis of the human retinal pigment epithelial and choroidal cells predicts pathways associated with aging, cellular senescence and age-related macula	Frontiers in aging neuroscience	2022	epmc,eutils	GOOD	1	0	1	0	1	0	C1+存储题名与题录 rt 全等/前缀	2020-22	1
F4	vk_index	R4_index	methods-scrna.md:293			35844208	year=2022 species=[unknown]	Necroptosis and Neuroinflammation in Retinal Degeneration.	Frontiers in neuroscience	Necroptosis and Neuroinflammation in Retinal Degeneration.	Frontiers in neuroscience	2022	epmc,eutils	GOOD	1	0	1	0	0	0	C1+存储题名与题录 rt 全等/前缀	2020-22	1
F4	vk_index	R4_index	glaucoma.md:258			34873237	year=2021 species=[mouse]	Molecular determinants of response kinetics of mouse M1 intrinsically-photosensitive retinal ganglion cells.	Scientific reports	Molecular determinants of response kinetics of mouse M1 intrinsically-photosensitive retinal ganglion cells.	Scientific reports	2021 Dec	epmc,eutils	GOOD	1	0	1	0	1	0	C1+存储题名与题录 rt 全等/前缀	2020-22	1
F4	vk_index	R4_index	tissue-optic_nerve.md:227			31769495	year=2020 species=[both]	Mutations in LAMB2 Are Associated With Albuminuria and Optic Nerve Hypoplasia With Hypopituitarism.	The Journal of clinical endocrinology and metabolism	Mutations in LAMB2 Are Associated With Albuminuria and Optic Nerve Hypoplasia With Hypopituitarism.	The Journal of clinical endocrinology and metabolism	2020 Mar	epmc,eutils	GOOD	1	0	0	0	0	0	C1+存储题名与题录 rt 全等/前缀	2020-22	1
F4	vk_index	R4_index	retina-development.md:283			35371110	year=2022 species=[both]	In-Depth Molecular Profiling Specifies Human Retinal Microglia Identity.	Frontiers in immunology	In-Depth Molecular Profiling Specifies Human Retinal Microglia Identity.	Frontiers in immunology	2022	epmc,eutils	GOOD	1	0	1	0	0	0	C1+存储题名与题录 rt 全等/前缀	2020-22	1
F4	vk_index	R4_index	models.md:759			36368332	year=2022 species=[human]	Directly induced human retinal ganglion cells mimic fetal RGCs and are neuroprotective after transplantation  in vivo	Stem cell reports	Directly induced human retinal ganglion cells mimic fetal RGCs and are neuroprotective after transplantation in vivo.	Stem cell reports	2022 Dec	epmc,eutils	GOOD	1	0	1	0	1	0	C1+存储题名与题录 rt 全等/前缀	2020-22	1
F4	vk_index	R4_index	models.md:668			35269428	year=2022 species=[human]	Deciphering the Retinal Epigenome during Development, Disease and Reprogramming: Advancements, Challenges and Perspectives.	Cells	Deciphering the Retinal Epigenome during Development, Disease and Reprogramming: Advancements, Challenges and Perspectives.	Cells	2022 Feb	epmc,eutils	GOOD	1	0	1	0	0	0	C1+存储题名与题录 rt 全等/前缀	2020-22	1
F4	vk_index	R4_index	rpe.md:217			34072522	year=2021 species=[human]	Transcriptome Profiling of Embryonic Retinal Pigment Epithelium Reprogramming.	Genes	Transcriptome Profiling of Embryonic Retinal Pigment Epithelium Reprogramming.	Genes	2021 May	epmc,eutils	GOOD	1	0	1	0	0	0	C1+存储题名与题录 rt 全等/前缀	2020-22	1
F4	vk_index	R4_index	models.md:874			33934486	year=2021 species=[human]	RNA-seq analysis of ageing human retinal pigment epithelium: Unexpected up-regulation of visual cycle gene transcription.	Journal of cellular and molecular medicine	RNA-seq analysis of ageing human retinal pigment epithelium: Unexpected up-regulation of visual cycle gene transcription.	Journal of cellular and molecular medicine	2021 Jun	epmc,eutils	GOOD	1	0	1	0	1	0	C1+存储题名与题录 rt 全等/前缀	2020-22	1
F4	vk_index	R4_index	amd.md:184			32319201	year=2020 species=[human]	Preclinical safety studies of human embryonic stem cell-derived retinal pigment epithelial cells for the treatment of age-related macular degeneration.	Stem cells translational medicine	Preclinical safety studies of human embryonic stem cell-derived retinal pigment epithelial cells for the treatment of age-related macular degeneration.	Stem cells translational medicine	2020 Aug	epmc,eutils	GOOD	1	0	1	0	1	0	C1+存储题名与题录 rt 全等/前缀	2020-22	1
F4	vk_index	R4_index	models.md:694			35565295	year=2022 species=[human]	RB1 -Negative Retinal Organoids Display Proliferation of Cone Photoreceptors and Loss of Retinal Differentiation	Cancers	RB1-Negative Retinal Organoids Display Proliferation of Cone Photoreceptors and Loss of Retinal Differentiation.	Cancers	2022 Apr	epmc,eutils	GOOD	1	0	1	0	0	0	C1+存储题名与题录 rt 全等/前缀	2020-22	1
F4	vk_index	R4_index	inherited-disease.md:211			35223853	year=2022 species=[mouse]	Essential Functions of MLL1 and MLL2 in Retinal Development and Cone Cell Maintenance.	Frontiers in cell and developmental biology	Essential Functions of MLL1 and MLL2 in Retinal Development and Cone Cell Maintenance.	Frontiers in cell and developmental biology	2022	epmc,eutils	GOOD	1	0	1	0	0	0	C1+存储题名与题录 rt 全等/前缀	2020-22	1
F4	vk_index	R4_index	visual-function.md:211			35481838	year=2022 species=[human]	Retinal Phenotype of Patients with  CLRN1 -Associated Usher 3A Syndrome in French Light4Deaf Cohort	Investigative ophthalmology & visual science	Retinal Phenotype of Patients with CLRN1-Associated Usher 3A Syndrome in French Light4Deaf Cohort.	Investigative ophthalmology & visual science	2022 Apr	epmc,eutils	GOOD	1	0	1	0	0	0	C1+存储题名与题录 rt 全等/前缀	2020-22	1
F4	vk_index	R4_index	tissue-trabecular_meshwork.md:100			35573666	year=2022 species=[unknown]	The Effects of Mechanical Stretch on Integrins and Filopodial-Associated Proteins in Normal and Glaucomatous Trabecular Meshwork Cells.	Frontiers in cell and developmental biology	The Effects of Mechanical Stretch on Integrins and Filopodial-Associated Proteins in Normal and Glaucomatous Trabecular Meshwork Cells.	Frontiers in cell and developmental biology	2022	epmc,eutils	GOOD	1	0	1	0	0	0	C1+存储题名与题录 rt 全等/前缀	2020-22	1
F4	vk_index	R4_index	retina-development.md:351			35433704	year=2022 species=[mouse]	Plasmalogens Regulate Retinal Connexin 43 Expression and Müller Glial Cells Gap Junction Intercellular Communication and Migration.	Frontiers in cell and developmental biology	Plasmalogens Regulate Retinal Connexin 43 Expression and Müller Glial Cells Gap Junction Intercellular Communication and Migration.	Frontiers in cell and developmental biology	2022	epmc,eutils	GOOD	1	0	1	0	0	0	C1+存储题名与题录 rt 全等/前缀	2020-22	1
F4	vk_index	R4_index	models.md:982			33334874	year=2021 species=[both]	Interphotoreceptor Retinol-Binding Protein Ameliorates Diabetes-Induced Retinal Dysfunction and Neurodegeneration Through Rhodopsin.	Diabetes	Interphotoreceptor Retinol-Binding Protein Ameliorates Diabetes-Induced Retinal Dysfunction and Neurodegeneration Through Rhodopsin.	Diabetes	2021 Mar	epmc,eutils	GOOD	1	0	1	0	0	0	C1+存储题名与题录 rt 全等/前缀	2020-22	1
F4	vk_index	R4_index	tissue-choroid.md:169			35830274	year=2022 species=[mouse]	Suppression of myeloid PFKFB3-driven glycolysis protects mice from choroidal neovascularization.	British journal of pharmacology	Suppression of myeloid PFKFB3-driven glycolysis protects mice from choroidal neovascularization.	British journal of pharmacology	2022 Nov	epmc,eutils	GOOD	1	0	1	0	0	0	C1+存储题名与题录 rt 全等/前缀	2020-22	1
F4	vk_index	R4_index	photoreceptor.md:332			34782554	year=2022 species=[human]	Retinal regeneration requires dynamic Notch signaling.	Neural regeneration research	Retinal regeneration requires dynamic Notch signaling.	Neural regeneration research	2022 Jun	epmc,eutils	GOOD	1	0	1	0	0	0	C1+存储题名与题录 rt 全等/前缀	2020-22	1
F4	vk_index	R4_index	tissue-ciliary_body.md:192			34385262	year=2021 species=[both]	Discovery of ciliary G protein-coupled receptors regulating pancreatic islet insulin and glucagon secretion.	Genes & development	Discovery of ciliary G protein-coupled receptors regulating pancreatic islet insulin and glucagon secretion.	Genes & development	2021 Sep	epmc,eutils	GOOD	1	0	0	0	0	0	C1+存储题名与题录 rt 全等/前缀	2020-22	1
F4	vk_index	R4_index	retina-development.md:282			35359806	year=2022 species=[mouse]	MLL5 is involved in retinal photoreceptor maturation through facilitating CRX-mediated photoreceptor gene transactivation.	iScience	MLL5 is involved in retinal photoreceptor maturation through facilitating CRX-mediated photoreceptor gene transactivation.	iScience	2022 Apr	epmc,eutils	GOOD	1	0	1	0	0	0	C1+存储题名与题录 rt 全等/前缀	2020-22	1
F4	vk_index	R4_index	visual-function.md:292			32751632	year=2020 species=[human]	Nanoscopic Approach to Study the Early Stages of Epithelial to Mesenchymal Transition (EMT) of Human Retinal Pigment Epithelial (RPE) Cells In Vitro.	Life (Basel, Switzerland)	Nanoscopic Approach to Study the Early Stages of Epithelial to Mesenchymal Transition (EMT) of Human Retinal Pigment Epithelial (RPE) Cells In Vitro.	Life (Basel, Switzerland)	2020 Jul	epmc,eutils	GOOD	1	0	1	0	1	0	C1+存储题名与题录 rt 全等/前缀	2020-22	1
F4	vk_index	R4_index	tissue-choroid.md:213			32128346	year=2020 species=[both]	Factors Impacting Efficacy of AAV-Mediated CRISPR-Based Genome Editing for Treatment of Choroidal Neovascularization.	Molecular therapy. Methods & clinical development	Factors Impacting Efficacy of AAV-Mediated CRISPR-Based Genome Editing for Treatment of Choroidal Neovascularization.	Molecular therapy. Methods & clinical development	2020 Jun	epmc,eutils	GOOD	1	0	1	0	0	0	C1+存储题名与题录 rt 全等/前缀	2020-22	1
F4	vk_index	R4_index	tissue-RPE.md:254			34491262	year=2021 species=[human]	Progressive Dysmorphia of Retinal Pigment Epithelium in Age-Related Macular Degeneration Investigated by Fluorescence Lifetime Imaging.	Investigative ophthalmology & visual science	Progressive Dysmorphia of Retinal Pigment Epithelium in Age-Related Macular Degeneration Investigated by Fluorescence Lifetime Imaging.	Investigative ophthalmology & visual science	2021 Sep	epmc,eutils	GOOD	1	0	1	0	0	0	C1+存储题名与题录 rt 全等/前缀	2020-22	1
F4	vk_index	R4_index	inherited-disease.md:230			35948585	year=2022 species=[mouse]	Drinking hydrogen water improves photoreceptor structure and function in retinal degeneration 6 mice.	Scientific reports	Drinking hydrogen water improves photoreceptor structure and function in retinal degeneration 6 mice.	Scientific reports	2022 Aug	epmc,eutils	GOOD	1	0	1	0	0	0	C1+存储题名与题录 rt 全等/前缀	2020-22	1
F4	vk_index	R4_index	amd.md:146			36359858	year=2022 species=[human]	Membrane Attack Complex Mediates Retinal Pigment Epithelium Cell Death in Stargardt Macular Degeneration.	Cells	Membrane Attack Complex Mediates Retinal Pigment Epithelium Cell Death in Stargardt Macular Degeneration.	Cells	2022 Nov	epmc,eutils	GOOD	1	0	1	0	0	0	C1+存储题名与题录 rt 全等/前缀	2020-22	1
F4	vk_index	R4_index	tissue-lens.md:165			34967856	year=2021 species=[mouse]	Mitotic Activation Around Wound Edges and Epithelialization Repair in UVB-Induced Capsular Cataracts.	Investigative ophthalmology & visual science	Mitotic Activation Around Wound Edges and Epithelialization Repair in UVB-Induced Capsular Cataracts.	Investigative ophthalmology & visual science	2021 Dec	epmc,eutils	GOOD	1	0	1	0	0	0	C1+存储题名与题录 rt 全等/前缀	2020-22	1
F4	vk_index	R4_index	retina-development.md:367			34055784	year=2021 species=[human]	Single Cell Transcriptomic Analyses Reveal the Impact of bHLH Factors on Human Retinal Organoid Development.	Frontiers in cell and developmental biology	Single Cell Transcriptomic Analyses Reveal the Impact of bHLH Factors on Human Retinal Organoid Development.	Frontiers in cell and developmental biology	2021	epmc,eutils	GOOD	1	0	1	0	1	0	C1+存储题名与题录 rt 全等/前缀	2020-22	1
F4	vk_index	R4_index	photoreceptor.md:531			33598455	year=2020 species=[other]	The Regenerating Adult Zebrafish Retina Recapitulates Developmental Fate Specification Programs.	Frontiers in cell and developmental biology	The Regenerating Adult Zebrafish Retina Recapitulates Developmental Fate Specification Programs.	Frontiers in cell and developmental biology	2020	epmc,eutils	GOOD	1	0	1	0	0	0	C1+存储题名与题录 rt 全等/前缀	2020-22	1
F4	vk_index	R4_index	models.md:810			35176707	year=2022 species=[mouse]	REV-ERBα regulates age-related and oxidative stress-induced degeneration in retinal pigment epithelium via NRF2.	Redox biology	REV-ERBα regulates age-related and oxidative stress-induced degeneration in retinal pigment epithelium via NRF2.	Redox biology	2022 May	epmc,eutils	GOOD	1	0	1	0	0	0	C1+存储题名与题录 rt 全等/前缀	2020-22	1
F4	vk_index	R4_index	retina-development.md:327			36096985	year=2022 species=[human]	Direct conversion of human umbilical cord mesenchymal stem cells into retinal pigment epithelial cells for treatment of retinal degeneration.	Cell death & disease	Direct conversion of human umbilical cord mesenchymal stem cells into retinal pigment epithelial cells for treatment of retinal degeneration.	Cell death & disease	2022 Sep	epmc,eutils	GOOD	1	0	1	0	1	0	C1+存储题名与题录 rt 全等/前缀	2020-22	1
F4	vk_index	R4_index	aging.md:205			36277849	year=2022 species=[human]	Single-cell multiome of the human retina and deep learning nominate causal variants in complex eye diseases.	Cell genomics	Single-cell multiome of the human retina and deep learning nominate causal variants in complex eye diseases.	Cell genomics	2022 Aug	epmc,eutils	GOOD	1	0	1	0	1	0	C1+存储题名与题录 rt 全等/前缀	2020-22	1
F4	vk_index	R4_index	tissue-ciliary_body.md:182			33653689	year=2021 species=[both]	nNOS regulates ciliated cell polarity, ciliary beat frequency, and directional flow in mouse trachea.	Life science alliance	nNOS regulates ciliated cell polarity, ciliary beat frequency, and directional flow in mouse trachea.	Life science alliance	2021 May	epmc,eutils	GOOD	1	0	0	0	0	0	C1+存储题名与题录 rt 全等/前缀	2020-22	1
F4	vk_index	R4_index	methods-scrna.md:288			35705015	year=2022 species=[human]	Molecular profiling of stem cell-derived retinal pigment epithelial cell differentiation established for clinical translation.	Stem cell reports	Molecular profiling of stem cell-derived retinal pigment epithelial cell differentiation established for clinical translation.	Stem cell reports	2022 Jun	epmc,eutils	GOOD	1	0	1	0	0	0	C1+存储题名与题录 rt 全等/前缀	2020-22	1
F4	vk_index	R4_index	retina-development.md:306			36142331	year=2022 species=[mouse]	Single-Cell RNA Sequencing Reveals Molecular Features of Heterogeneity in the Murine Retinal Pigment Epithelium.	International journal of molecular sciences	Single-Cell RNA Sequencing Reveals Molecular Features of Heterogeneity in the Murine Retinal Pigment Epithelium.	International journal of molecular sciences	2022 Sep	epmc,eutils	GOOD	1	0	1	0	0	0	C1+存储题名与题录 rt 全等/前缀	2020-22	1
F4	vk_index	R4_index	tissue-lens.md:185			33297931	year=2020 species=[both]	High-expression of ROCK1 modulates the apoptosis of lens epithelial cells in age-related cataracts by targeting p53 gene.	Molecular medicine (Cambridge, Mass.)	High-expression of ROCK1 modulates the apoptosis of lens epithelial cells in age-related cataracts by targeting p53 gene.	Molecular medicine (Cambridge, Mass.)	2020 Dec	epmc,eutils	GOOD	1	0	1	0	0	0	C1+存储题名与题录 rt 全等/前缀	2020-22	1
F4	vk_index	R4_index	tissue-optic_nerve.md:156			36302632	year=2022 species=[mouse]	Effects of Visual Deprivation on Remodeling of Nodes of Ranvier in Optic Nerve.	eNeuro	Effects of Visual Deprivation on Remodeling of Nodes of Ranvier in Optic Nerve.	eNeuro	2022 Nov	epmc,eutils	GOOD	1	0	0	0	0	0	C1+存储题名与题录 rt 全等/前缀	2020-22	1
F4	vk_index	R4_index	tissue-lens.md:156			35013122	year=2022 species=[human]	Autophagy facilitates age-related cell apoptosis-a new insight from senile cataract.	Cell death & disease	Autophagy facilitates age-related cell apoptosis-a new insight from senile cataract.	Cell death & disease	2022 Jan	epmc,eutils	GOOD	1	0	1	0	0	0	C1+存储题名与题录 rt 全等/前缀	2020-22	1
F4	vk_index	R4_index	tissue-trabecular_meshwork.md:107			33795740	year=2021 species=[human]	Suppression of TGF-β1 signaling by Matrigel via FAK signaling in cultured human trabecular meshwork cells.	Scientific reports	Suppression of TGF-β1 signaling by Matrigel via FAK signaling in cultured human trabecular meshwork cells.	Scientific reports	2021 Apr	epmc,eutils	GOOD	1	0	0	0	1	0	C1+存储题名与题录 rt 全等/前缀	2020-22	1
F4	vk_index	R4_index	tissue-choroid.md:210			32967716	year=2020 species=[human]	Stepwise differentiation and functional characterization of human induced pluripotent stem cell-derived choroidal endothelial cells.	Stem cell research & therapy	Stepwise differentiation and functional characterization of human induced pluripotent stem cell-derived choroidal endothelial cells.	Stem cell research & therapy	2020 Sep	epmc,eutils	GOOD	1	0	1	0	1	0	C1+存储题名与题录 rt 全等/前缀	2020-22	1
F4	vk_index	R4_index	photoreceptor.md:527			33194824	year=2020 species=[human]	Implications of TORCH Diseases in Retinal Development-Special Focus on Congenital Toxoplasmosis.	Frontiers in cellular and infection microbiology	Implications of TORCH Diseases in Retinal Development-Special Focus on Congenital Toxoplasmosis.	Frontiers in cellular and infection microbiology	2020	epmc,eutils	GOOD	1	0	1	0	0	0	C1+存储题名与题录 rt 全等/前缀	2020-22	1
F4	vk_index	R4_index	tissue-ciliary_body.md:213			33298129	year=2020 species=[human]	Effect of ciliary neurotrophic factor on neural differentiation of stem cells of human exfoliated deciduous teeth.	Journal of biological engineering	Effect of ciliary neurotrophic factor on neural differentiation of stem cells of human exfoliated deciduous teeth.	Journal of biological engineering	2020 Dec	epmc,eutils	GOOD	1	0	0	0	1	0	C1+存储题名与题录 rt 全等/前缀	2020-22	1
F4	vk_index	R4_index	metabolism.md:205			31932580	year=2020 species=[both]	Inhibition of thyroid hormone signaling protects retinal pigment epithelium and photoreceptors from cell death in a mouse model of age-related macular degeneration.	Cell death & disease	Inhibition of thyroid hormone signaling protects retinal pigment epithelium and photoreceptors from cell death in a mouse model of age-related macular degeneration.	Cell death & disease	2020 Jan	epmc,eutils	GOOD	1	0	1	0	0	0	C1+存储题名与题录 rt 全等/前缀	2020-22	1
F4	vk_index	R4_index	tissue-ciliary_body.md:151			36180752	year=2022 species=[unknown]	Cilia regeneration requires an RNA splicing factor from the ciliary base.	Cell regeneration (London, England)	Cilia regeneration requires an RNA splicing factor from the ciliary base.	Cell regeneration (London, England)	2022 Oct	epmc,eutils	GOOD	1	0	0	0	0	0	C1+存储题名与题录 rt 全等/前缀	2020-22	1
F4	vk_index	R4_index	models.md:693			35167652	year=2022 species=[both]	Müller Glial Expression of REDD1 Is Required for Retinal Neurodegeneration and Visual Dysfunction in Diabetic Mice.	Diabetes	Müller Glial Expression of REDD1 Is Required for Retinal Neurodegeneration and Visual Dysfunction in Diabetic Mice.	Diabetes	2022 May	epmc,eutils	GOOD	1	0	1	0	0	0	C1+存储题名与题录 rt 全等/前缀	2020-22	1
F4	vk_index	R4_index	retina-development.md:436			32557945	year=2020 species=[human]	Mapping developmental trajectories and subtype diversity of normal and glaucomatous human retinal ganglion cells by single-cell transcriptome analysis.	Stem cells (Dayton, Ohio)	Mapping developmental trajectories and subtype diversity of normal and glaucomatous human retinal ganglion cells by single-cell transcriptome analysis.	Stem cells (Dayton, Ohio)	2020 Oct	epmc,eutils	GOOD	1	0	1	0	1	0	C1+存储题名与题录 rt 全等/前缀	2020-22	1
F4	vk_index	R4_index	models.md:852			33393903	year=2021 species=[mouse]	A cell atlas of the chick retina based on single-cell transcriptomics.	eLife	A cell atlas of the chick retina based on single-cell transcriptomics.	eLife	2021 Jan	epmc,eutils	GOOD	1	0	1	0	0	0	C1+存储题名与题录 rt 全等/前缀	2020-22	1
F4	vk_index	R4_index	methods-scrna.md:278			35191836	year=2022 species=[mouse]	Diversification of multipotential postmitotic mouse retinal ganglion cell precursors into discrete types.	eLife	Diversification of multipotential postmitotic mouse retinal ganglion cell precursors into discrete types.	eLife	2022 Feb	epmc,eutils	GOOD	1	0	1	0	1	0	C1+存储题名与题录 rt 全等/前缀	2020-22	1
F4	vk_index	R4_index	aging.md:275			33602265	year=2021 species=[both]	Deletion of Socs3 in LysM<sup>+</sup> cells and Cx3cr1 resulted in age-dependent development of retinal microgliopathy.	Molecular neurodegeneration	Deletion of Socs3 in LysM(+) cells and Cx3cr1 resulted in age-dependent development of retinal microgliopathy.	Molecular neurodegeneration	2021 Feb	epmc,eutils	GOOD	1	0	1	0	0	0	C1+存储题名与题录 rt 全等/前缀	2020-22	1
F4	vk_index	R4_index	models.md:884			33019822	year=2021 species=[both]	Genetic Rescue of X-Linked Retinoschisis Mouse ( Rs1 −/y ) Retina Induces Quiescence of the Retinal Microglial Inflammatory State Following AAV8- RS1  Gene Transfer and Identifies Gene Networks Underlying Retinal Recovery	Human gene therapy	Genetic Rescue of X-Linked Retinoschisis Mouse (Rs1(-/y)) Retina Induces Quiescence of the Retinal Microglial Inflammatory State Following AAV8-RS1 Gene Transfer and Identifies Gen	Human gene therapy	2021 Jul	epmc,eutils	GOOD	1	0	1	0	0	0	C1+存储题名与题录 rt 全等/前缀	2020-22	1
F4	vk_index	R4_index	models.md:763			36778138	year=2022 species=[human]	Retinal ganglion cell-specific genetic regulation in primary open-angle glaucoma.	Cell genomics	Retinal ganglion cell-specific genetic regulation in primary open-angle glaucoma.	Cell genomics	2022 Jun	epmc,eutils	GOOD	1	0	1	0	0	0	C1+存储题名与题录 rt 全等/前缀	2020-22	1
F4	vk_index	R4_index	models.md:1000			32620864	year=2020 species=[both]	Comprehensive identification of mRNA isoforms reveals the diversity of neural cell-surface molecules with roles in retinal development and disease.	Nature communications	Comprehensive identification of mRNA isoforms reveals the diversity of neural cell-surface molecules with roles in retinal development and disease.	Nature communications	2020 Jul	epmc,eutils	GOOD	1	0	1	0	0	0	C1+存储题名与题录 rt 全等/前缀	2020-22	1
F4	vk_index	R4_index	glial-microglia.md:226			35431772	year=2022 species=[mouse]	SARM1 Promotes Photoreceptor Degeneration in an Oxidative Stress Model of Retinal Degeneration.	Frontiers in neuroscience	SARM1 Promotes Photoreceptor Degeneration in an Oxidative Stress Model of Retinal Degeneration.	Frontiers in neuroscience	2022	epmc,eutils	GOOD	1	0	1	0	0	0	C1+存储题名与题录 rt 全等/前缀	2020-22	1
F4	vk_index	R4_index	tissue-choroid.md:157			35250585	year=2022 species=[mouse]	Dihydroartemisinin Inhibits Laser-Induced Choroidal Neovascularization in a Mouse Model of Neovascular AMD.	Frontiers in pharmacology	Dihydroartemisinin Inhibits Laser-Induced Choroidal Neovascularization in a Mouse Model of Neovascular AMD.	Frontiers in pharmacology	2022	epmc,eutils	GOOD	1	0	1	0	1	0	C1+存储题名与题录 rt 全等/前缀	2020-22	1
F4	vk_index	R4_index	retina-development.md:435			33072724	year=2020 species=[human]	Cell Development Deficiency and Gene Expression Dysregulation of Trisomy 21 Retina Revealed by Single-Nucleus RNA Sequencing.	Frontiers in bioengineering and biotechnology	Cell Development Deficiency and Gene Expression Dysregulation of Trisomy 21 Retina Revealed by Single-Nucleus RNA Sequencing.	Frontiers in bioengineering and biotechnology	2020	epmc,eutils	GOOD	1	0	1	0	0	0	C1+存储题名与题录 rt 全等/前缀	2020-22	1
F4	vk_index	R4_index	dr-diabetic-retinopathy.md:100			35881407	year=2022 species=[mouse]	High Glucose Aggravates Retinal Endothelial Cell Dysfunction by Activating the RhoA/ROCK1/pMLC/Connexin43 Signaling Pathway.	Investigative ophthalmology & visual science	High Glucose Aggravates Retinal Endothelial Cell Dysfunction by Activating the RhoA/ROCK1/pMLC/Connexin43 Signaling Pathway.	Investigative ophthalmology & visual science	2022 Jul	epmc,eutils	GOOD	1	0	1	0	0	0	C1+存储题名与题录 rt 全等/前缀	2020-22	1
F4	vk_index	R4_index	rpe.md:184			36469025	year=2022 species=[human]	Prolonged Lifetimes of Histologic Autofluorescence in Ectopic Retinal Pigment Epithelium in Age-Related Macular Degeneration.	Investigative ophthalmology & visual science	Prolonged Lifetimes of Histologic Autofluorescence in Ectopic Retinal Pigment Epithelium in Age-Related Macular Degeneration.	Investigative ophthalmology & visual science	2022 Dec	epmc,eutils	GOOD	1	0	1	0	0	0	C1+存储题名与题录 rt 全等/前缀	2020-22	1
F4	vk_index	R4_index	photoreceptor.md:495			33799308	year=2021 species=[mouse]	Longitudinal normative OCT retinal thickness data for wild-type mice, and characterization of changes in the 3×Tg-AD mice model of Alzheimer's disease.	Aging	Longitudinal normative OCT retinal thickness data for wild-type mice, and characterization of changes in the 3×Tg-AD mice model of Alzheimer's disease.	Aging	2021 Apr	epmc,eutils	GOOD	1	0	1	0	0	0	C1+存储题名与题录 rt 全等/前缀	2020-22	1
F4	vk_index	R4_index	models.md:920			34638907	year=2021 species=[human]	Programmed Non-Apoptotic Cell Death in Hereditary Retinal Degeneration: Crosstalk between cGMP-Dependent Pathways and PARthanatos?	International journal of molecular sciences	Programmed Non-Apoptotic Cell Death in Hereditary Retinal Degeneration: Crosstalk between cGMP-Dependent Pathways and PARthanatos?	International journal of molecular sciences	2021 Sep	epmc,eutils	GOOD	1	0	1	0	0	0	C1+存储题名与题录 rt 全等/前缀	2020-22	1
F4	vk_index	R4_index	methods-scrna.md:350			34199494	year=2021 species=[human]	Multifactorial Pathogenic Processes of Retinal Ganglion Cell Degeneration in Glaucoma towards Multi-Target Strategies for Broader Treatment Effects.	Cells	Multifactorial Pathogenic Processes of Retinal Ganglion Cell Degeneration in Glaucoma towards Multi-Target Strategies for Broader Treatment Effects.	Cells	2021 Jun	epmc,eutils	GOOD	1	0	1	0	0	0	C1+存储题名与题录 rt 全等/前缀	2020-22	1
F4	vk_index	R4_index	methods-scrna.md:338			33393903	year=2021 species=[mouse]	A cell atlas of the chick retina based on single-cell transcriptomics.	eLife	A cell atlas of the chick retina based on single-cell transcriptomics.	eLife	2021 Jan	epmc,eutils	GOOD	1	0	1	0	0	0	C1+存储题名与题录 rt 全等/前缀	2020-22	1
F4	vk_index	R4_index	rpe.md:164			36041146	year=2022 species=[human]	The Prospects for Retinal Organoids in Treatment of Retinal Diseases.	Asia-Pacific journal of ophthalmology (Philadelphia, Pa.)	The Prospects for Retinal Organoids in Treatment of Retinal Diseases.	Asia-Pacific journal of ophthalmology (Philadelphia, Pa.)	2022 Jul	epmc,eutils	GOOD	1	0	1	0	0	0	C1+存储题名与题录 rt 全等/前缀	2020-22	1
F4	vk_index	R4_index	glial-microglia.md:232			35197297	year=2022 species=[both]	Compartmentalized citrullination in Muller glial endfeet during retinal degeneration.	Proceedings of the National Academy of Sciences of the United States of America	Compartmentalized citrullination in Muller glial endfeet during retinal degeneration.	Proceedings of the National Academy of Sciences of the United States of America	2022 Mar	epmc,eutils	GOOD	1	0	1	0	0	0	C1+存储题名与题录 rt 全等/前缀	2020-22	1
F4	vk_index	R4_index	vascular.md:165			36544284	year=2022 species=[human]	Retinal pigment epithelium extracellular vesicles are potent inducers of age-related macular degeneration disease phenotype in the outer retina.	Journal of extracellular vesicles	Retinal pigment epithelium extracellular vesicles are potent inducers of age-related macular degeneration disease phenotype in the outer retina.	Journal of extracellular vesicles	2022 Dec	epmc,eutils	GOOD	1	0	1	0	0	0	C1+存储题名与题录 rt 全等/前缀	2020-22	1
F4	vk_index	R4_index	metabolism.md:129			35365237	year=2022 species=[mouse]	Chaperone-mediated autophagy plays an important role in regulating retinal progenitor cell homeostasis.	Stem cell research & therapy	Chaperone-mediated autophagy plays an important role in regulating retinal progenitor cell homeostasis.	Stem cell research & therapy	2022 Apr	epmc,eutils	GOOD	1	0	1	0	0	0	C1+存储题名与题录 rt 全等/前缀	2020-22	1
F4	vk_index	R4_index	models.md:936			34650985	year=2021 species=[human]	Human Amniotic Epithelial Stem Cell-Derived Retinal Pigment Epithelium Cells Repair Retinal Degeneration.	Frontiers in cell and developmental biology	Human Amniotic Epithelial Stem Cell-Derived Retinal Pigment Epithelium Cells Repair Retinal Degeneration.	Frontiers in cell and developmental biology	2021	epmc,eutils	GOOD	1	0	1	0	1	0	C1+存储题名与题录 rt 全等/前缀	2020-22	1
F4	vk_index	R4_index	visual-function.md:210			35167498	year=2022 species=[both]	Triglyceride-derived fatty acids reduce autophagy in a model of retinal angiomatous proliferation.	JCI insight	Triglyceride-derived fatty acids reduce autophagy in a model of retinal angiomatous proliferation.	JCI insight	2022 Mar	epmc,eutils	GOOD	1	0	1	0	0	0	C1+存储题名与题录 rt 全等/前缀	2020-22	1
F4	vk_index	R4_index	aging.md:224			36469025	year=2022 species=[human]	Prolonged Lifetimes of Histologic Autofluorescence in Ectopic Retinal Pigment Epithelium in Age-Related Macular Degeneration.	Investigative ophthalmology & visual science	Prolonged Lifetimes of Histologic Autofluorescence in Ectopic Retinal Pigment Epithelium in Age-Related Macular Degeneration.	Investigative ophthalmology & visual science	2022 Dec	epmc,eutils	GOOD	1	0	1	0	0	0	C1+存储题名与题录 rt 全等/前缀	2020-22	1
F4	vk_index	R4_index	tissue-RPE.md:207			35628282	year=2022 species=[human]	Hypoxia Differently Affects TGF-β2-Induced Epithelial Mesenchymal Transitions in the 2D and 3D Culture of the Human Retinal Pigment Epithelium Cells.	International journal of molecular sciences	Hypoxia Differently Affects TGF-β2-Induced Epithelial Mesenchymal Transitions in the 2D and 3D Culture of the Human Retinal Pigment Epithelium Cells.	International journal of molecular sciences	2022 May	epmc,eutils	GOOD	1	0	1	0	1	0	C1+存储题名与题录 rt 全等/前缀	2020-22	1
F4	vk_index	R4_index	tissue-RPE.md:270			34819832	year=2021 species=[mouse]	Suppressor of Cytokine Signaling 2 Regulates Retinal Pigment Epithelium Metabolism by Enhancing Autophagy.	Frontiers in neuroscience	Suppressor of Cytokine Signaling 2 Regulates Retinal Pigment Epithelium Metabolism by Enhancing Autophagy.	Frontiers in neuroscience	2021	epmc,eutils	GOOD	1	0	1	0	0	0	C1+存储题名与题录 rt 全等/前缀	2020-22	1
F4	vk_index	R4_index	aging.md:212			36544284	year=2022 species=[human]	Retinal pigment epithelium extracellular vesicles are potent inducers of age-related macular degeneration disease phenotype in the outer retina.	Journal of extracellular vesicles	Retinal pigment epithelium extracellular vesicles are potent inducers of age-related macular degeneration disease phenotype in the outer retina.	Journal of extracellular vesicles	2022 Dec	epmc,eutils	GOOD	1	0	1	0	0	0	C1+存储题名与题录 rt 全等/前缀	2020-22	1
F4	vk_index	R4_index	tissue-iris.md:44			34454461	year=2021 species=[human]	Ectopic thyroid tissue in the iris: a case report.	BMC ophthalmology	Ectopic thyroid tissue in the iris: a case report.	BMC ophthalmology	2021 Aug	epmc,eutils	GOOD	1	0	0	0	0	0	C1+存储题名与题录 rt 全等/前缀	2020-22	1
F4	vk_index	R4_index	tissue-cornea.md:182			36577775	year=2022 species=[human]	In situ transduction of cells in human corneal limbus using adeno-associated viruses: an ex vivo study.	Scientific reports	In situ transduction of cells in human corneal limbus using adeno-associated viruses: an ex vivo study.	Scientific reports	2022 Dec	epmc,eutils	GOOD	1	0	1	0	1	0	C1+存储题名与题录 rt 全等/前缀	2020-22	1
F4	vk_index	R4_index	tissue-lens.md:152			36359852	year=2022 species=[mouse]	The Immediate Early Response of Lens Epithelial Cells to Lens Injury.	Cells	The Immediate Early Response of Lens Epithelial Cells to Lens Injury.	Cells	2022 Nov	epmc,eutils	GOOD	1	0	1	0	0	0	C1+存储题名与题录 rt 全等/前缀	2020-22	1
F4	vk_index	R4_index	models.md:1042			32767661	year=2020 species=[human]	Coculture techniques for modeling retinal development and disease, and enabling regenerative medicine.	Stem cells translational medicine	Coculture techniques for modeling retinal development and disease, and enabling regenerative medicine.	Stem cells translational medicine	2020 Dec	epmc,eutils	GOOD	1	0	1	0	0	0	C1+存储题名与题录 rt 全等/前缀	2020-22	1
F4	vk_index	R4_index	tissue-choroid.md:173			35164755	year=2022 species=[human]	Hyaluronidase-1-mediated glycocalyx impairment underlies endothelial abnormalities in polypoidal choroidal vasculopathy.	BMC biology	Hyaluronidase-1-mediated glycocalyx impairment underlies endothelial abnormalities in polypoidal choroidal vasculopathy.	BMC biology	2022 Feb	epmc,eutils	GOOD	1	0	1	0	0	0	C1+存储题名与题录 rt 全等/前缀	2020-22	1
F4	vk_index	R4_index	tissue-trabecular_meshwork.md:138			32714192	year=2020 species=[mouse]	Protective Effects of Rapamycin on Trabecular Meshwork Cells in Glucocorticoid-Induced Glaucoma Mice.	Frontiers in pharmacology	Protective Effects of Rapamycin on Trabecular Meshwork Cells in Glucocorticoid-Induced Glaucoma Mice.	Frontiers in pharmacology	2020	epmc,eutils	GOOD	1	0	1	0	0	0	C1+存储题名与题录 rt 全等/前缀	2020-22	1
F4	vk_index	R4_index	photoreceptor.md:386			36368332	year=2022 species=[human]	Directly induced human retinal ganglion cells mimic fetal RGCs and are neuroprotective after transplantation  in vivo	Stem cell reports	Directly induced human retinal ganglion cells mimic fetal RGCs and are neuroprotective after transplantation in vivo.	Stem cell reports	2022 Dec	epmc,eutils	GOOD	1	0	1	0	1	0	C1+存储题名与题录 rt 全等/前缀	2020-22	1
F4	vk_index	R4_index	visual-function.md:233			35970387	year=2022 species=[human]	Placental growth factor stabilizes VEGF receptor-2 protein in retinal pigment epithelial cells by downregulating glycogen synthase kinase 3 activity.	The Journal of biological chemistry	Placental growth factor stabilizes VEGF receptor-2 protein in retinal pigment epithelial cells by downregulating glycogen synthase kinase 3 activity.	The Journal of biological chemistry	2022 Sep	epmc,eutils	GOOD	1	0	1	0	0	0	C1+存储题名与题录 rt 全等/前缀	2020-22	1
F4	vk_index	R4_index	inherited-disease.md:235			36231108	year=2022 species=[human]	Global Transcriptional and Epigenetic Reconfiguration during Chemical Reprogramming of Human Retinal Pigment Epithelial Cells into Photoreceptor-like Cells.	Cells	Global Transcriptional and Epigenetic Reconfiguration during Chemical Reprogramming of Human Retinal Pigment Epithelial Cells into Photoreceptor-like Cells.	Cells	2022 Oct	epmc,eutils	GOOD	1	0	1	0	1	0	C1+存储题名与题录 rt 全等/前缀	2020-22	1
F4	vk_index	R4_index	models.md:731			36200040	year=2022 species=[mouse]	Ectopic insert-dependent neuronal expression of GFAP promoter-driven AAV constructs in adult mouse retina.	Frontiers in cell and developmental biology	Ectopic insert-dependent neuronal expression of GFAP promoter-driven AAV constructs in adult mouse retina.	Frontiers in cell and developmental biology	2022	epmc,eutils	GOOD	1	0	1	0	1	0	C1+存储题名与题录 rt 全等/前缀	2020-22	1
F4	vk_index	R4_index	tissue-conjunctiva.md:91			36350619	year=2022 species=[both]	Conjunctiva Resident γδ T Cells Expressed High Level of IL-17A and Promoted the Severity of Dry Eye.	Investigative ophthalmology & visual science	Conjunctiva Resident γδ T Cells Expressed High Level of IL-17A and Promoted the Severity of Dry Eye.	Investigative ophthalmology & visual science	2022 Nov	epmc,eutils	GOOD	1	0	1	0	0	0	C1+存储题名与题录 rt 全等/前缀	2020-22	1
F4	vk_index	R4_index	retina-development.md:329			36194668	year=2022 species=[human]	miR-181a/b downregulation: a mutation-independent therapeutic approach for inherited retinal diseases.	EMBO molecular medicine	miR-181a/b downregulation: a mutation-independent therapeutic approach for inherited retinal diseases.	EMBO molecular medicine	2022 Nov	epmc,eutils	GOOD	1	0	1	0	0	0	C1+存储题名与题录 rt 全等/前缀	2020-22	1
F4	vk_index	R4_index	aging.md:252			34638582	year=2021 species=[human]	Retinal Organoid Technology: Where Are We Now?	International journal of molecular sciences	Retinal Organoid Technology: Where Are We Now?	International journal of molecular sciences	2021 Sep	epmc,eutils	GOOD	1	0	1	0	0	0	C1+存储题名与题录 rt 全等/前缀	2020-22	1
F4	vk_index	R4_index	tissue-choroid.md:140			35039609	year=2022 species=[both]	Transcriptomic analysis of choroidal neovascularization reveals dysregulation of immune and fibrosis pathways that are attenuated by a novel anti-fibrotic treatment.	Scientific reports	Transcriptomic analysis of choroidal neovascularization reveals dysregulation of immune and fibrosis pathways that are attenuated by a novel anti-fibrotic treatment.	Scientific reports	2022 Jan	epmc,eutils	GOOD	1	0	1	0	0	0	C1+存储题名与题录 rt 全等/前缀	2020-22	1
F4	vk_index	R4_index	amd.md:182			32231223	year=2020 species=[human]	Identification of cell surface markers and establishment of monolayer differentiation to retinal pigment epithelial cells.	Nature communications	Identification of cell surface markers and establishment of monolayer differentiation to retinal pigment epithelial cells.	Nature communications	2020 Mar	epmc,eutils	GOOD	1	0	1	0	0	0	C1+存储题名与题录 rt 全等/前缀	2020-22	1
F4	vk_index	R4_index	photoreceptor.md:364			35861670	year=2022 species=[mouse]	Deletion of Protein Phosphatase 2A Accelerates Retinal Degeneration in GRK1- and Arr1-Deficient Mice.	Investigative ophthalmology & visual science	Deletion of Protein Phosphatase 2A Accelerates Retinal Degeneration in GRK1- and Arr1-Deficient Mice.	Investigative ophthalmology & visual science	2022 Jul	epmc,eutils	GOOD	1	0	1	0	0	0	C1+存储题名与题录 rt 全等/前缀	2020-22	1
F4	vk_index	R4_index	regeneration.md:168			34805414	year=2021 species=[human]	An <i>In Vitro</i> Model of Diabetic Retinal Vascular Endothelial Dysfunction and Neuroretinal Degeneration.	Journal of diabetes research	An In Vitro Model of Diabetic Retinal Vascular Endothelial Dysfunction and Neuroretinal Degeneration.	Journal of diabetes research	2021	epmc,eutils	GOOD	1	0	1	0	0	0	C1+存储题名与题录 rt 全等/前缀	2020-22	1
F4	vk_index	R4_index	photoreceptor.md:343			35314028	year=2022 species=[other]	Strip1 regulates retinal ganglion cell survival by suppressing Jun-mediated apoptosis to promote retinal neural circuit formation.	eLife	Strip1 regulates retinal ganglion cell survival by suppressing Jun-mediated apoptosis to promote retinal neural circuit formation.	eLife	2022 Mar	epmc,eutils	GOOD	1	0	1	0	0	0	C1+存储题名与题录 rt 全等/前缀	2020-22	1
F4	vk_index	R4_index	models.md:978			33602265	year=2021 species=[both]	Deletion of Socs3 in LysM<sup>+</sup> cells and Cx3cr1 resulted in age-dependent development of retinal microgliopathy.	Molecular neurodegeneration	Deletion of Socs3 in LysM(+) cells and Cx3cr1 resulted in age-dependent development of retinal microgliopathy.	Molecular neurodegeneration	2021 Feb	epmc,eutils	GOOD	1	0	1	0	0	0	C1+存储题名与题录 rt 全等/前缀	2020-22	1
F4	vk_index	R4_index	tissue-ciliary_body.md:215			33193130	year=2020 species=[human]	Morpholino-Mediated Knockdown of Ciliary Genes in <i>Euplotes vannus</i>, a Novel Marine Ciliated Model Organism.	Frontiers in microbiology	Morpholino-Mediated Knockdown of Ciliary Genes in Euplotes vannus, a Novel Marine Ciliated Model Organism.	Frontiers in microbiology	2020	epmc,eutils	GOOD	1	0	0	0	0	0	C1+存储题名与题录 rt 全等/前缀	2020-22	1
F4	vk_index	R4_index	regeneration.md:180			33022222	year=2020 species=[human]	Structural Variants Create New Topological-Associated Domains and Ectopic Retinal Enhancer-Gene Contact in Dominant Retinitis Pigmentosa.	American journal of human genetics	Structural Variants Create New Topological-Associated Domains and Ectopic Retinal Enhancer-Gene Contact in Dominant Retinitis Pigmentosa.	American journal of human genetics	2020 Nov	epmc,eutils	GOOD	1	0	1	0	1	0	C1+存储题名与题录 rt 全等/前缀	2020-22	1
F4	vk_index	R4_index	glaucoma.md:286			32896719	year=2020 species=[mouse]	AIBP protects retinal ganglion cells against neuroinflammation and mitochondrial dysfunction in glaucomatous neurodegeneration.	Redox biology	AIBP protects retinal ganglion cells against neuroinflammation and mitochondrial dysfunction in glaucomatous neurodegeneration.	Redox biology	2020 Oct	epmc,eutils	GOOD	1	0	1	0	0	0	C1+存储题名与题录 rt 全等/前缀	2020-22	1
F4	vk_index	R4_index	aging.md:262			34827622	year=2021 species=[human]	Complement Factor H Loss in RPE Cells Causes Retinal Degeneration in a Human RPE-Porcine Retinal Explant Co-Culture Model.	Biomolecules	Complement Factor H Loss in RPE Cells Causes Retinal Degeneration in a Human RPE-Porcine Retinal Explant Co-Culture Model.	Biomolecules	2021 Nov	epmc,eutils	GOOD	1	0	1	0	1	0	C1+存储题名与题录 rt 全等/前缀	2020-22	1
F4	vk_index	R4_index	tissue-RPE.md:269			34025440	year=2021 species=[human]	Attenuation of High Glucose-Induced Damage in RPE Cells through p38 MAPK Signaling Pathway Inhibition.	Frontiers in pharmacology	Attenuation of High Glucose-Induced Damage in RPE Cells through p38 MAPK Signaling Pathway Inhibition.	Frontiers in pharmacology	2021	epmc,eutils	GOOD	1	0	1	0	0	0	C1+存储题名与题录 rt 全等/前缀	2020-22	1
F4	vk_index	R4_index	retina-development.md:355			35314673	year=2022 species=[both]	Deficiency of thyroid hormone receptor protects retinal pigment epithelium and photoreceptors from cell death in a mouse model of age-related macular degeneration.	Cell death & disease	Deficiency of thyroid hormone receptor protects retinal pigment epithelium and photoreceptors from cell death in a mouse model of age-related macular degeneration.	Cell death & disease	2022 Mar	epmc,eutils	GOOD	1	0	1	0	0	0	C1+存储题名与题录 rt 全等/前缀	2020-22	1
F4	vk_index	R4_index	inherited-disease.md:330			32767661	year=2020 species=[human]	Coculture techniques for modeling retinal development and disease, and enabling regenerative medicine.	Stem cells translational medicine	Coculture techniques for modeling retinal development and disease, and enabling regenerative medicine.	Stem cells translational medicine	2020 Dec	epmc,eutils	GOOD	1	0	1	0	0	0	C1+存储题名与题录 rt 全等/前缀	2020-22	1
F4	vk_index	R4_index	amd.md:124			35408803	year=2022 species=[mouse]	Transcriptional and Distributional Profiling of Microglia in Retinal Angiomatous Proliferation.	International journal of molecular sciences	Transcriptional and Distributional Profiling of Microglia in Retinal Angiomatous Proliferation.	International journal of molecular sciences	2022 Mar	epmc,eutils	GOOD	1	0	1	0	0	0	C1+存储题名与题录 rt 全等/前缀	2020-22	1
F4	vk_index	R4_index	tissue-optic_nerve.md:190			35986368	year=2022 species=[human]	Widespread retina and optic nerve neuroinflammation in enucleated eyes from glaucoma patients.	Acta neuropathologica communications	Widespread retina and optic nerve neuroinflammation in enucleated eyes from glaucoma patients.	Acta neuropathologica communications	2022 Aug	epmc,eutils	GOOD	1	0	1	0	0	0	C1+存储题名与题录 rt 全等/前缀	2020-22	1
F4	vk_index	R4_index	tissue-lens.md:193			32500975	year=2020 species=[human]	Proteasome subunit PSMC3 variants cause neurosensory syndrome combining deafness and cataract due to proteotoxic stress.	EMBO molecular medicine	Proteasome subunit PSMC3 variants cause neurosensory syndrome combining deafness and cataract due to proteotoxic stress.	EMBO molecular medicine	2020 Jul	epmc,eutils	GOOD	1	0	1	0	0	0	C1+存储题名与题录 rt 全等/前缀	2020-22	1
F4	vk_index	R4_index	inherited-disease.md:272			36115971	year=2022 species=[both]	Genetic targeting or pharmacological inhibition of galectin-3 dampens microglia reactivity and delays retinal degeneration.	Journal of neuroinflammation	Genetic targeting or pharmacological inhibition of galectin-3 dampens microglia reactivity and delays retinal degeneration.	Journal of neuroinflammation	2022 Sep	epmc,eutils	GOOD	1	0	1	0	0	0	C1+存储题名与题录 rt 全等/前缀	2020-22	1
F4	vk_index	R4_index	tissue-lens.md:149			35656546	year=2022 species=[unknown]	Lens Fibrosis: Understanding the Dynamics of Cell Adhesion Signaling in Lens Epithelial-Mesenchymal Transition.	Frontiers in cell and developmental biology	Lens Fibrosis: Understanding the Dynamics of Cell Adhesion Signaling in Lens Epithelial-Mesenchymal Transition.	Frontiers in cell and developmental biology	2022	epmc,eutils	GOOD	1	0	1	0	0	0	C1+存储题名与题录 rt 全等/前缀	2020-22	1
F4	vk_index	R4_index	inherited-disease.md:300			34680161	year=2021 species=[human]	Pharmacological Inhibition of the VCP/Proteasome Axis Rescues Photoreceptor Degeneration in RHO<sup>P23H</sup> Rat Retinal Explants.	Biomolecules	Pharmacological Inhibition of the VCP/Proteasome Axis Rescues Photoreceptor Degeneration in RHO(P23H) Rat Retinal Explants.	Biomolecules	2021 Oct	epmc,eutils	GOOD	1	0	1	0	0	0	C1+存储题名与题录 rt 全等/前缀	2020-22	1
F4	vk_index	R4_index	methods-scrna.md:400			32023475	year=2020 species=[human]	Single-Cell Transcriptomic Comparison of Human Fetal Retina, hPSC-Derived Retinal Organoids, and Long-Term Retinal Cultures.	Cell reports	Single-Cell Transcriptomic Comparison of Human Fetal Retina, hPSC-Derived Retinal Organoids, and Long-Term Retinal Cultures.	Cell reports	2020 Feb	epmc,eutils	GOOD	1	0	1	0	1	0	C1+存储题名与题录 rt 全等/前缀	2020-22	1
F4	vk_index	R4_index	tissue-choroid.md:144			35614998	year=2022 species=[both]	CRISPR-based VEGF suppression using paired guide RNAs for treatment of choroidal neovascularization.	Molecular therapy. Nucleic acids	CRISPR-based VEGF suppression using paired guide RNAs for treatment of choroidal neovascularization.	Molecular therapy. Nucleic acids	2022 Jun	epmc,eutils	GOOD	1	0	1	0	0	0	C1+存储题名与题录 rt 全等/前缀	2020-22	1
F4	vk_index	R4_index	retina-development.md:275			35264685	year=2022 species=[mouse]	Adiponectin accumulation in the retinal vascular endothelium and its possible role in preventing early diabetic microvascular damage.	Scientific reports	Adiponectin accumulation in the retinal vascular endothelium and its possible role in preventing early diabetic microvascular damage.	Scientific reports	2022 Mar	epmc,eutils	GOOD	1	0	1	0	0	0	C1+存储题名与题录 rt 全等/前缀	2020-22	1
F4	vk_index	R4_index	methods-scrna.md:367			34948115	year=2021 species=[mouse]	Immunosenescence in Choroidal Neovascularization (CNV)-Transcriptional Profiling of Naïve and CNV-Associated Retinal Myeloid Cells during Aging.	International journal of molecular sciences	Immunosenescence in Choroidal Neovascularization (CNV)-Transcriptional Profiling of Naïve and CNV-Associated Retinal Myeloid Cells during Aging.	International journal of molecular sciences	2021 Dec	epmc,eutils	GOOD	1	0	1	0	0	0	C1+存储题名与题录 rt 全等/前缀	2020-22	1
F4	vk_index	R4_index	rpe.md:152			35882847	year=2022 species=[human]	Transcriptomic and proteomic retinal pigment epithelium signatures of age-related macular degeneration.	Nature communications	Transcriptomic and proteomic retinal pigment epithelium signatures of age-related macular degeneration.	Nature communications	2022 Jul	epmc,eutils	GOOD	1	0	1	0	0	0	C1+存储题名与题录 rt 全等/前缀	2020-22	1
F4	vk_index	R4_index	inherited-disease.md:222			35481838	year=2022 species=[human]	Retinal Phenotype of Patients with  CLRN1 -Associated Usher 3A Syndrome in French Light4Deaf Cohort	Investigative ophthalmology & visual science	Retinal Phenotype of Patients with CLRN1-Associated Usher 3A Syndrome in French Light4Deaf Cohort.	Investigative ophthalmology & visual science	2022 Apr	epmc,eutils	GOOD	1	0	1	0	0	0	C1+存储题名与题录 rt 全等/前缀	2020-22	1
F4	vk_index	R4_index	photoreceptor.md:446			34070383	year=2021 species=[mouse]	Erythropoietin Gene Therapy Delays Retinal Degeneration Resulting from Oxidative Stress in the Retinal Pigment Epithelium.	Antioxidants (Basel, Switzerland)	Erythropoietin Gene Therapy Delays Retinal Degeneration Resulting from Oxidative Stress in the Retinal Pigment Epithelium.	Antioxidants (Basel, Switzerland)	2021 May	epmc,eutils	GOOD	1	0	1	0	0	0	C1+存储题名与题录 rt 全等/前缀	2020-22	1
F4	vk_index	R4_index	models.md:739			36293245	year=2022 species=[unknown]	Cell Fate of Retinal Progenitor Cells: In Ovo UbC-StarTrack Analysis.	International journal of molecular sciences	Cell Fate of Retinal Progenitor Cells: In Ovo UbC-StarTrack Analysis.	International journal of molecular sciences	2022 Oct	epmc,eutils	GOOD	1	0	1	0	0	0	C1+存储题名与题录 rt 全等/前缀	2020-22	1
F4	vk_index	R4_index	tissue-conjunctiva.md:123			33046735	year=2020 species=[human]	Transcriptional characterization of conjunctival melanoma identifies the cellular tumor microenvironment and prognostic gene signatures.	Scientific reports	Transcriptional characterization of conjunctival melanoma identifies the cellular tumor microenvironment and prognostic gene signatures.	Scientific reports	2020 Oct	epmc,eutils	GOOD	1	0	1	0	0	0	C1+存储题名与题录 rt 全等/前缀	2020-22	1
F4	vk_index	R4_index	models.md:840			35293951	year=2022 species=[mouse]	Intravitreal Injection of PACAP Attenuates Acute Ocular Hypertension-Induced Retinal Injury Via Anti-Apoptosis and Anti-Inflammation in Mice.	Investigative ophthalmology & visual science	Intravitreal Injection of PACAP Attenuates Acute Ocular Hypertension-Induced Retinal Injury Via Anti-Apoptosis and Anti-Inflammation in Mice.	Investigative ophthalmology & visual science	2022 Mar	epmc,eutils	GOOD	1	0	1	0	0	0	C1+存储题名与题录 rt 全等/前缀	2020-22	1
F4	vk_index	R4_index	glaucoma.md:224			35637215	year=2022 species=[both]	Inhibiting multiple forms of cell death optimizes ganglion cells survival after retinal ischemia reperfusion injury.	Cell death & disease	Inhibiting multiple forms of cell death optimizes ganglion cells survival after retinal ischemia reperfusion injury.	Cell death & disease	2022 May	epmc,eutils	GOOD	1	0	1	0	0	0	C1+存储题名与题录 rt 全等/前缀	2020-22	1
F4	vk_index	R4_index	retina-development.md:300			35633292	year=2022 species=[human]	Somatostatin signalling promotes the differentiation of rod photoreceptors in human pluripotent stem cell-derived retinal organoid.	Cell proliferation	Somatostatin signalling promotes the differentiation of rod photoreceptors in human pluripotent stem cell-derived retinal organoid.	Cell proliferation	2022 Jul	epmc,eutils	GOOD	1	0	1	0	1	0	C1+存储题名与题录 rt 全等/前缀	2020-22	1
F4	vk_index	R4_index	regeneration.md:148			36710928	year=2022 species=[human]	Gene-agnostic therapeutic approaches for inherited retinal degenerations.	Frontiers in molecular neuroscience	Gene-agnostic therapeutic approaches for inherited retinal degenerations.	Frontiers in molecular neuroscience	2022	epmc,eutils	GOOD	1	0	1	0	0	0	C1+存储题名与题录 rt 全等/前缀	2020-22	1
F4	vk_index	R4_index	retina-development.md:376			34544421	year=2021 species=[mouse]	The role of interferon regulatory factor 8 for retinal tissue homeostasis and development of choroidal neovascularisation.	Journal of neuroinflammation	The role of interferon regulatory factor 8 for retinal tissue homeostasis and development of choroidal neovascularisation.	Journal of neuroinflammation	2021 Sep	epmc,eutils	GOOD	1	0	1	0	0	0	C1+存储题名与题录 rt 全等/前缀	2020-22	1
F4	vk_index	R4_index	retina-development.md:318			36417510	year=2022 species=[mouse]	Reprogramming Müller glia to regenerate ganglion-like cells in adult mouse retina with developmental transcription factors.	Science advances	Reprogramming Müller glia to regenerate ganglion-like cells in adult mouse retina with developmental transcription factors.	Science advances	2022 Nov	epmc,eutils	GOOD	1	0	1	0	1	0	C1+存储题名与题录 rt 全等/前缀	2020-22	1
F4	vk_index	R4_index	tissue-ciliary_body.md:149			36163311	year=2022 species=[human]	A single-cell transcriptomic atlas of the human ciliary body.	Cellular and molecular life sciences : CMLS	A single-cell transcriptomic atlas of the human ciliary body.	Cellular and molecular life sciences : CMLS	2022 Sep	epmc,eutils	GOOD	1	0	0	0	1	0	C1+存储题名与题录 rt 全等/前缀	2020-22	1
F4	vk_index	R4_index	inherited-disease.md:223			35565295	year=2022 species=[human]	RB1 -Negative Retinal Organoids Display Proliferation of Cone Photoreceptors and Loss of Retinal Differentiation	Cancers	RB1-Negative Retinal Organoids Display Proliferation of Cone Photoreceptors and Loss of Retinal Differentiation.	Cancers	2022 Apr	epmc,eutils	GOOD	1	0	1	0	0	0	C1+存储题名与题录 rt 全等/前缀	2020-22	1
F4	vk_index	R4_index	retina-development.md:285			35401124	year=2022 species=[mouse]	Adult Expression of Tbr2 Is Required for the Maintenance but Not Survival of Intrinsically Photosensitive Retinal Ganglion Cells.	Frontiers in cellular neuroscience	Adult Expression of Tbr2 Is Required for the Maintenance but Not Survival of Intrinsically Photosensitive Retinal Ganglion Cells.	Frontiers in cellular neuroscience	2022	epmc,eutils	GOOD	1	0	1	0	0	0	C1+存储题名与题录 rt 全等/前缀	2020-22	1
F4	vk_index	R4_index	aging.md:270			34376700	year=2021 species=[mouse]	In vivo multimodal retinal imaging of disease-related pigmentary changes in retinal pigment epithelium.	Scientific reports	In vivo multimodal retinal imaging of disease-related pigmentary changes in retinal pigment epithelium.	Scientific reports	2021 Aug	epmc,eutils	GOOD	1	0	1	0	0	0	C1+存储题名与题录 rt 全等/前缀	2020-22	1
F4	vk_index	R4_index	visual-function.md:261			34071220	year=2021 species=[human]	Assessment of a Small Molecule Synthetic Lignan in Enhancing Oxidative Balance and Decreasing Lipid Accumulation in Human Retinal Pigment Epithelia.	International journal of molecular sciences	Assessment of a Small Molecule Synthetic Lignan in Enhancing Oxidative Balance and Decreasing Lipid Accumulation in Human Retinal Pigment Epithelia.	International journal of molecular sciences	2021 May	epmc,eutils	GOOD	1	0	1	0	1	0	C1+存储题名与题录 rt 全等/前缀	2020-22	1
F4	vk_index	R4_index	glaucoma.md:231			34070383	year=2021 species=[mouse]	Erythropoietin Gene Therapy Delays Retinal Degeneration Resulting from Oxidative Stress in the Retinal Pigment Epithelium.	Antioxidants (Basel, Switzerland)	Erythropoietin Gene Therapy Delays Retinal Degeneration Resulting from Oxidative Stress in the Retinal Pigment Epithelium.	Antioxidants (Basel, Switzerland)	2021 May	epmc,eutils	GOOD	1	0	1	0	0	0	C1+存储题名与题录 rt 全等/前缀	2020-22	1
F4	vk_index	R4_index	models.md:664			35223853	year=2022 species=[mouse]	Essential Functions of MLL1 and MLL2 in Retinal Development and Cone Cell Maintenance.	Frontiers in cell and developmental biology	Essential Functions of MLL1 and MLL2 in Retinal Development and Cone Cell Maintenance.	Frontiers in cell and developmental biology	2022	epmc,eutils	GOOD	1	0	1	0	0	0	C1+存储题名与题录 rt 全等/前缀	2020-22	1
F4	vk_index	R4_index	tissue-ciliary_body.md:219			31936298	year=2020 species=[human]	Expression of Melatonin and Dopamine D<sub>3</sub> Receptor Heteromers in Eye Ciliary Body Epithelial Cells and Negative Correlation with Ocular Hypertension.	Cells	Expression of Melatonin and Dopamine D(3) Receptor Heteromers in Eye Ciliary Body Epithelial Cells and Negative Correlation with Ocular Hypertension.	Cells	2020 Jan	epmc,eutils	GOOD	1	0	1	0	0	0	C1+存储题名与题录 rt 全等/前缀	2020-22	1
F4	vk_index	R4_index	aging.md:195			35784369	year=2022 species=[human]	As in Real Estate, Location Matters: Cellular Expression of Complement Varies Between Macular and Peripheral Regions of the Retina and Supporting Tissues.	Frontiers in immunology	As in Real Estate, Location Matters: Cellular Expression of Complement Varies Between Macular and Peripheral Regions of the Retina and Supporting Tissues.	Frontiers in immunology	2022	epmc,eutils	GOOD	1	0	1	0	0	0	C1+存储题名与题录 rt 全等/前缀	2020-22	1
F4	vk_index	R4_index	aging.md:231			36171205	year=2022 species=[mouse]	Mdm1 ablation results in retinal degeneration by specific intraflagellar transport defects of photoreceptor cells.	Cell death & disease	Mdm1 ablation results in retinal degeneration by specific intraflagellar transport defects of photoreceptor cells.	Cell death & disease	2022 Sep	epmc,eutils	GOOD	1	0	1	0	0	0	C1+存储题名与题录 rt 全等/前缀	2020-22	1
F4	vk_index	R4_index	amd.md:164			34341398	year=2021 species=[human]	Implication of specific retinal cell-type involvement and gene expression changes in AMD progression using integrative analysis of single-cell and bulk RNA-seq profiling.	Scientific reports	Implication of specific retinal cell-type involvement and gene expression changes in AMD progression using integrative analysis of single-cell and bulk RNA-seq profiling.	Scientific reports	2021 Aug	epmc,eutils	GOOD	1	0	1	0	0	0	C1+存储题名与题录 rt 全等/前缀	2020-22	1
F4	vk_index	R4_index	models.md:866			33799353	year=2021 species=[human]	The Impact of Modern Technologies on Molecular Diagnostic Success Rates, with a Focus on Inherited Retinal Dystrophy and Hearing Loss.	International journal of molecular sciences	The Impact of Modern Technologies on Molecular Diagnostic Success Rates, with a Focus on Inherited Retinal Dystrophy and Hearing Loss.	International journal of molecular sciences	2021 Mar	epmc,eutils	GOOD	1	0	1	0	0	0	C1+存储题名与题录 rt 全等/前缀	2020-22	1
F4	vk_index	R4_index	methods-scrna.md:343			33674582	year=2021 species=[mouse]	Single cell transcriptomics reveals lineage trajectory of retinal ganglion cells in wild-type and  Atoh7 -null retinas	Nature communications	Single cell transcriptomics reveals lineage trajectory of retinal ganglion cells in wild-type and Atoh7-null retinas.	Nature communications	2021 Mar	epmc,eutils	GOOD	1	0	1	0	0	0	C1+存储题名与题录 rt 全等/前缀	2020-22	1
F4	vk_index	R4_index	dr-diabetic-retinopathy.md:91			36119084	year=2022 species=[both]	Integrated multi-omics reveals the activated retinal microglia with intracellular metabolic reprogramming contributes to inflammation in STZ-induced early diabetic retinopathy.	Frontiers in immunology	Integrated multi-omics reveals the activated retinal microglia with intracellular metabolic reprogramming contributes to inflammation in STZ-induced early diabetic retinopathy.	Frontiers in immunology	2022	epmc,eutils	GOOD	1	0	1	0	0	0	C1+存储题名与题录 rt 全等/前缀	2020-22	1
F4	vk_index	R4_index	photoreceptor.md:352			35167652	year=2022 species=[both]	Müller Glial Expression of REDD1 Is Required for Retinal Neurodegeneration and Visual Dysfunction in Diabetic Mice.	Diabetes	Müller Glial Expression of REDD1 Is Required for Retinal Neurodegeneration and Visual Dysfunction in Diabetic Mice.	Diabetes	2022 May	epmc,eutils	GOOD	1	0	1	0	0	0	C1+存储题名与题录 rt 全等/前缀	2020-22	1
F4	vk_index	R4_index	glaucoma.md:191			36135979	year=2022 species=[mouse]	Biological Correlations and Confounders for Quantification of Retinal Ganglion Cells by Optical Coherence Tomography Based on Studies of Outbred Mice.	Translational vision science & technology	Biological Correlations and Confounders for Quantification of Retinal Ganglion Cells by Optical Coherence Tomography Based on Studies of Outbred Mice.	Translational vision science & technology	2022 Sep	epmc,eutils	GOOD	1	0	1	0	0	0	C1+存储题名与题录 rt 全等/前缀	2020-22	1
F4	vk_index	R4_index	photoreceptor.md:520			32319201	year=2020 species=[human]	Preclinical safety studies of human embryonic stem cell-derived retinal pigment epithelial cells for the treatment of age-related macular degeneration.	Stem cells translational medicine	Preclinical safety studies of human embryonic stem cell-derived retinal pigment epithelial cells for the treatment of age-related macular degeneration.	Stem cells translational medicine	2020 Aug	epmc,eutils	GOOD	1	0	1	0	1	0	C1+存储题名与题录 rt 全等/前缀	2020-22	1
F4	vk_index	R4_index	glaucoma.md:269			33043015	year=2020 species=[mouse]	On the Generation and Regeneration of Retinal Ganglion Cells.	Frontiers in cell and developmental biology	On the Generation and Regeneration of Retinal Ganglion Cells.	Frontiers in cell and developmental biology	2020	epmc,eutils	GOOD	1	0	1	0	0	0	C1+存储题名与题录 rt 全等/前缀	2020-22	1
F4	vk_index	R4_index	tissue-choroid.md:160			36408112	year=2022 species=[human]	Intercellular communication analysis of the human retinal pigment epithelial and choroidal cells predicts pathways associated with aging, cellular senescence and age-related macular degeneration.	Frontiers in aging neuroscience	Intercellular communication analysis of the human retinal pigment epithelial and choroidal cells predicts pathways associated with aging, cellular senescence and age-related macula	Frontiers in aging neuroscience	2022	epmc,eutils	GOOD	1	0	1	0	1	0	C1+存储题名与题录 rt 全等/前缀	2020-22	1
F4	vk_index	R4_index	amd.md:132			35939707	year=2022 species=[both]	DARPP32, a target of hyperactive mTORC1 in the retinal pigment epithelium.	Proceedings of the National Academy of Sciences of the United States of America	DARPP32, a target of hyperactive mTORC1 in the retinal pigment epithelium.	Proceedings of the National Academy of Sciences of the United States of America	2022 Aug	epmc,eutils	GOOD	1	0	1	0	0	0	C1+存储题名与题录 rt 全等/前缀	2020-22	1
F4	vk_index	R4_index	models.md:713			35966201	year=2022 species=[unknown]	Reduced Expression of TMEM16A Impairs Nitric Oxide-Dependent Cl −  Transport in Retinal Amacrine Cells	Frontiers in cellular neuroscience	Reduced Expression of TMEM16A Impairs Nitric Oxide-Dependent Cl(-) Transport in Retinal Amacrine Cells.	Frontiers in cellular neuroscience	2022	epmc,eutils	GOOD	1	0	1	0	0	0	C1+存储题名与题录 rt 全等/前缀	2020-22	1
F4	vk_index	R4_index	retina-development.md:375			33400844	year=2021 species=[both]	NRL −/−  gene edited human embryonic stem cells generate rod‐deficient retinal organoids enriched in S‐cone‐like photoreceptors	Stem cells (Dayton, Ohio)	NRL(-/-) gene edited human embryonic stem cells generate rod-deficient retinal organoids enriched in S-cone-like photoreceptors.	Stem cells (Dayton, Ohio)	2021 Apr	epmc,eutils	GOOD	1	0	1	0	0	0	C1+存储题名与题录 rt 全等/前缀	2020-22	1
F4	vk_index	R4_index	vascular.md:179			35433704	year=2022 species=[mouse]	Plasmalogens Regulate Retinal Connexin 43 Expression and Müller Glial Cells Gap Junction Intercellular Communication and Migration.	Frontiers in cell and developmental biology	Plasmalogens Regulate Retinal Connexin 43 Expression and Müller Glial Cells Gap Junction Intercellular Communication and Migration.	Frontiers in cell and developmental biology	2022	epmc,eutils	GOOD	1	0	1	0	0	0	C1+存储题名与题录 rt 全等/前缀	2020-22	1
F4	vk_index	R4_index	metabolism.md:184			33037565	year=2021 species=[mouse]	Inhibition of microRNA-155 Protects Retinal Function Through Attenuation of Inflammation in Retinal Degeneration.	Molecular neurobiology	Inhibition of microRNA-155 Protects Retinal Function Through Attenuation of Inflammation in Retinal Degeneration.	Molecular neurobiology	2021 Feb	epmc,eutils	GOOD	1	0	1	0	0	0	C1+存储题名与题录 rt 全等/前缀	2020-22	1
F4	vk_index	R4_index	glial-microglia.md:278			32318066	year=2020 species=[human]	Retinal Distribution and Extracellular Activity of Granzyme B: A Serine Protease That Degrades Retinal Pigment Epithelial Tight Junctions and Extracellular Matrix Proteins.	Frontiers in immunology	Retinal Distribution and Extracellular Activity of Granzyme B: A Serine Protease That Degrades Retinal Pigment Epithelial Tight Junctions and Extracellular Matrix Proteins.	Frontiers in immunology	2020	epmc,eutils	GOOD	1	0	1	0	0	0	C1+存储题名与题录 rt 全等/前缀	2020-22	1
F4	vk_index	R4_index	methods-scrna.md:403			32349249	year=2020 species=[human]	Application of CRISPR Tools for Variant Interpretation and Disease Modeling in Inherited Retinal Dystrophies.	Genes	Application of CRISPR Tools for Variant Interpretation and Disease Modeling in Inherited Retinal Dystrophies.	Genes	2020 Apr	epmc,eutils	GOOD	1	0	1	0	0	0	C1+存储题名与题录 rt 全等/前缀	2020-22	1
F4	vk_index	R4_index	models.md:931			33922669	year=2021 species=[human]	Anti-Inflammatory and Anti-Oxidative Synergistic Effect of Vitamin D and Nutritional Complex on Retinal Pigment Epithelial and Endothelial Cell Lines against Age-Related Macular Degeneration.	Nutrients	Anti-Inflammatory and Anti-Oxidative Synergistic Effect of Vitamin D and Nutritional Complex on Retinal Pigment Epithelial and Endothelial Cell Lines against Age-Related Macular De	Nutrients	2021 Apr	epmc,eutils	GOOD	1	0	1	0	0	0	C1+存储题名与题录 rt 全等/前缀	2020-22	1
F4	vk_index	R4_index	models.md:690			35493094	year=2022 species=[human]	Patterning and Development of Photoreceptors in the Human Retina.	Frontiers in cell and developmental biology	Patterning and Development of Photoreceptors in the Human Retina.	Frontiers in cell and developmental biology	2022	epmc,eutils	GOOD	1	0	1	0	1	0	C1+存储题名与题录 rt 全等/前缀	2020-22	1
F4	vk_index	R4_index	vascular.md:164			36611897	year=2022 species=[human]	Essential Role of Multi-Omics Approaches in the Study of Retinal Vascular Diseases.	Cells	Essential Role of Multi-Omics Approaches in the Study of Retinal Vascular Diseases.	Cells	2022 Dec	epmc,eutils	GOOD	1	0	1	0	0	0	C1+存储题名与题录 rt 全等/前缀	2020-22	1
F4	vk_index	R4_index	tissue-ciliary_body.md:212			32726168	year=2020 species=[human]	Formation of the B9-domain protein complex MKS1-B9D2-B9D1 is essential as a diffusion barrier for ciliary membrane proteins.	Molecular biology of the cell	Formation of the B9-domain protein complex MKS1-B9D2-B9D1 is essential as a diffusion barrier for ciliary membrane proteins.	Molecular biology of the cell	2020 Sep	epmc,eutils	GOOD	1	0	0	0	0	0	C1+存储题名与题录 rt 全等/前缀	2020-22	1
F4	vk_index	R4_index	inherited-disease.md:315			32081919	year=2020 species=[both]	Investigating cone photoreceptor development using patient-derived NRL null retinal organoids.	Communications biology	Investigating cone photoreceptor development using patient-derived NRL null retinal organoids.	Communications biology	2020 Feb	epmc,eutils	GOOD	1	0	1	0	0	0	C1+存储题名与题录 rt 全等/前缀	2020-22	1
F4	vk_index	R4_index	tissue-RPE.md:220			36359858	year=2022 species=[human]	Membrane Attack Complex Mediates Retinal Pigment Epithelium Cell Death in Stargardt Macular Degeneration.	Cells	Membrane Attack Complex Mediates Retinal Pigment Epithelium Cell Death in Stargardt Macular Degeneration.	Cells	2022 Nov	epmc,eutils	GOOD	1	0	1	0	0	0	C1+存储题名与题录 rt 全等/前缀	2020-22	1
F4	vk_index	R4_index	tissue-RPE.md:266			34202702	year=2021 species=[human]	Differential Expression of Inflammasome-Related Genes in Induced Pluripotent Stem-Cell-Derived Retinal Pigment Epithelial Cells with or without History of Age-Related Macular Degeneration.	International journal of molecular sciences	Differential Expression of Inflammasome-Related Genes in Induced Pluripotent Stem-Cell-Derived Retinal Pigment Epithelial Cells with or without History of Age-Related Macular Degen	International journal of molecular sciences	2021 Jun	epmc,eutils	GOOD	1	0	1	0	0	0	C1+存储题名与题录 rt 全等/前缀	2020-22	1
F4	vk_index	R4_index	tissue-RPE.md:259			33572787	year=2021 species=[human]	The Role of Oxidative Stress and Autophagy in Blue-Light-Induced Damage to the Retinal Pigment Epithelium in Zebrafish In Vitro and In Vivo.	International journal of molecular sciences	The Role of Oxidative Stress and Autophagy in Blue-Light-Induced Damage to the Retinal Pigment Epithelium in Zebrafish In Vitro and In Vivo.	International journal of molecular sciences	2021 Jan	epmc,eutils	GOOD	1	0	1	0	0	0	C1+存储题名与题录 rt 全等/前缀	2020-22	1
F4	vk_index	R4_index	metabolism.md:193			33156340	year=2020 species=[human]	Activation of Cytosolic Calpain, Not Caspase, Is Underlying Mechanism for Hypoxic RGC Damage in Human Retinal Explants.	Investigative ophthalmology & visual science	Activation of Cytosolic Calpain, Not Caspase, Is Underlying Mechanism for Hypoxic RGC Damage in Human Retinal Explants.	Investigative ophthalmology & visual science	2020 Nov	epmc,eutils	GOOD	1	0	1	0	1	0	C1+存储题名与题录 rt 全等/前缀	2020-22	1
F4	vk_index	R4_index	tissue-optic_nerve.md:209			33799827	year=2021 species=[other]	Retinal Genomic Fabric Remodeling after Optic Nerve Injury.	Genes	Retinal Genomic Fabric Remodeling after Optic Nerve Injury.	Genes	2021 Mar	epmc,eutils	GOOD	1	0	1	0	0	0	C1+存储题名与题录 rt 全等/前缀	2020-22	1
F4	vk_index	R4_index	tissue-optic_nerve.md:204			34086045	year=2021 species=[mouse]	Sigma 1 Receptor Modulates Optic Nerve Head Astrocyte Reactivity.	Investigative ophthalmology & visual science	Sigma 1 Receptor Modulates Optic Nerve Head Astrocyte Reactivity.	Investigative ophthalmology & visual science	2021 Jun	epmc,eutils	GOOD	1	0	0	0	0	0	C1+存储题名与题录 rt 全等/前缀	2020-22	1
F4	vk_index	R4_index	glaucoma.md:271			33117606	year=2020 species=[mouse]	Probing ON and OFF Retinal Pathways in Glaucoma Using Electroretinography.	Translational vision science & technology	Probing ON and OFF Retinal Pathways in Glaucoma Using Electroretinography.	Translational vision science & technology	2020 Oct	epmc,eutils	GOOD	1	0	1	0	0	0	C1+存储题名与题录 rt 全等/前缀	2020-22	1
F4	vk_index	R4_index	vascular.md:212			32318066	year=2020 species=[human]	Retinal Distribution and Extracellular Activity of Granzyme B: A Serine Protease That Degrades Retinal Pigment Epithelial Tight Junctions and Extracellular Matrix Proteins.	Frontiers in immunology	Retinal Distribution and Extracellular Activity of Granzyme B: A Serine Protease That Degrades Retinal Pigment Epithelial Tight Junctions and Extracellular Matrix Proteins.	Frontiers in immunology	2020	epmc,eutils	GOOD	1	0	1	0	0	0	C1+存储题名与题录 rt 全等/前缀	2020-22	1
F4	vk_index	R4_index	amd.md:192			32298438	year=2020 species=[mouse]	PPARα-Dependent Effects of Palmitoylethanolamide Against Retinal Neovascularization and Fibrosis.	Investigative ophthalmology & visual science	PPARα-Dependent Effects of Palmitoylethanolamide Against Retinal Neovascularization and Fibrosis.	Investigative ophthalmology & visual science	2020 Apr	epmc,eutils	GOOD	1	0	1	0	0	0	C1+存储题名与题录 rt 全等/前缀	2020-22	1
F4	vk_index	R4_index	tissue-choroid.md:150			35394492	year=2022 species=[mouse]	Identification of CD157-Positive Vascular Endothelial Stem Cells in Mouse Retinal and Choroidal Vessels: Fluorescence-Activated Cell Sorting Analysis.	Investigative ophthalmology & visual science	Identification of CD157-Positive Vascular Endothelial Stem Cells in Mouse Retinal and Choroidal Vessels: Fluorescence-Activated Cell Sorting Analysis.	Investigative ophthalmology & visual science	2022 Apr	epmc,eutils	GOOD	1	0	1	0	1	0	C1+存储题名与题录 rt 全等/前缀	2020-22	1
F4	vk_index	R4_index	models.md:989			32192535	year=2020 species=[mouse]	Cis-regulatory analysis of Onecut1 expression in fate-restricted retinal progenitor cells.	Neural development	Cis-regulatory analysis of Onecut1 expression in fate-restricted retinal progenitor cells.	Neural development	2020 Mar	epmc,eutils	GOOD	1	0	1	0	0	0	C1+存储题名与题录 rt 全等/前缀	2020-22	1
F4	vk_index	R4_index	photoreceptor.md:486			33963174	year=2021 species=[mouse]	ADIPOR1 deficiency-induced suppression of retinal ELOVL2 and docosahexaenoic acid levels during photoreceptor degeneration and visual loss.	Cell death & disease	ADIPOR1 deficiency-induced suppression of retinal ELOVL2 and docosahexaenoic acid levels during photoreceptor degeneration and visual loss.	Cell death & disease	2021 May	epmc,eutils	GOOD	1	0	1	0	0	0	C1+存储题名与题录 rt 全等/前缀	2020-22	1
F4	vk_index	R4_index	tissue-RPE.md:319			32629957	year=2020 species=[human]	The Effect of <i>Lycium barbarum</i> Polysaccharides on Pyroptosis-Associated Amyloid β<sub>1-40</sub> Oligomers-Induced Adult Retinal Pigment Epithelium 19 Cell Damage.	International journal of molecular sciences	The Effect of Lycium barbarum Polysaccharides on Pyroptosis-Associated Amyloid β(1-40) Oligomers-Induced Adult Retinal Pigment Epithelium 19 Cell Damage.	International journal of molecular sciences	2020 Jun	epmc,eutils	GOOD	1	0	1	0	0	0	C1+存储题名与题录 rt 全等/前缀	2020-22	1
F4	vk_index	R4_index	models.md:1088			32737182	year=2020 species=[mouse]	OTX2 Non-Cell Autonomous Activity Regulates Inner Retinal Function.	eNeuro	OTX2 Non-Cell Autonomous Activity Regulates Inner Retinal Function.	eNeuro	2020 Sep	epmc,eutils	GOOD	1	0	1	0	0	0	C1+存储题名与题录 rt 全等/前缀	2020-22	1
F4	vk_index	R4_index	aging.md:269			33739997	year=2021 species=[human]	Quantitative assessment of retinal thickness and vessel density using optical coherence tomography angiography in patients with Alzheimer's disease and glaucoma.	PloS one	Quantitative assessment of retinal thickness and vessel density using optical coherence tomography angiography in patients with Alzheimer's disease and glaucoma.	PloS one	2021	epmc,eutils	GOOD	1	0	1	0	0	0	C1+存储题名与题录 rt 全等/前缀	2020-22	1
F4	vk_index	R4_index	photoreceptor.md:334			35190581	year=2022 species=[mouse]	EML1 is essential for retinal photoreceptor migration and survival.	Scientific reports	EML1 is essential for retinal photoreceptor migration and survival.	Scientific reports	2022 Feb	epmc,eutils	GOOD	1	0	1	0	0	0	C1+存储题名与题录 rt 全等/前缀	2020-22	1
F4	vk_index	R4_index	models.md:990			32111086	year=2020 species=[human]	Inherited Eye Diseases with Retinal Manifestations through the Eyes of Homeobox Genes.	International journal of molecular sciences	Inherited Eye Diseases with Retinal Manifestations through the Eyes of Homeobox Genes.	International journal of molecular sciences	2020 Feb	epmc,eutils	GOOD	1	0	1	0	0	0	C1+存储题名与题录 rt 全等/前缀	2020-22	1
F4	vk_index	R4_index	amd.md:162			33934486	year=2021 species=[human]	RNA-seq analysis of ageing human retinal pigment epithelium: Unexpected up-regulation of visual cycle gene transcription.	Journal of cellular and molecular medicine	RNA-seq analysis of ageing human retinal pigment epithelium: Unexpected up-regulation of visual cycle gene transcription.	Journal of cellular and molecular medicine	2021 Jun	epmc,eutils	GOOD	1	0	1	0	1	0	C1+存储题名与题录 rt 全等/前缀	2020-22	1
F4	vk_index	R4_index	tissue-conjunctiva.md:125			32833992	year=2020 species=[human]	Expression, intracellular localization, and mutation of EGFR in conjunctival squamous cell carcinoma and the association with prognosis and treatment.	PloS one	Expression, intracellular localization, and mutation of EGFR in conjunctival squamous cell carcinoma and the association with prognosis and treatment.	PloS one	2020	epmc,eutils	GOOD	1	0	1	0	0	0	C1+存储题名与题录 rt 全等/前缀	2020-22	1
F4	vk_index	R4_index	tissue-optic_nerve.md:195			33529207	year=2021 species=[mouse]	The role of aquaporin-4 in optic nerve head astrocytes in experimental glaucoma.	PloS one	The role of aquaporin-4 in optic nerve head astrocytes in experimental glaucoma.	PloS one	2021	epmc,eutils	GOOD	1	0	1	0	0	0	C1+存储题名与题录 rt 全等/前缀	2020-22	1
F4	vk_index	R4_index	amd.md:183			32670023	year=2020 species=[mouse]	Small-Medium Extracellular Vesicles and Their miRNA Cargo in Retinal Health and Degeneration: Mediators of Homeostasis, and Vehicles for Targeted Gene Therapy.	Frontiers in cellular neuroscience	Small-Medium Extracellular Vesicles and Their miRNA Cargo in Retinal Health and Degeneration: Mediators of Homeostasis, and Vehicles for Targeted Gene Therapy.	Frontiers in cellular neuroscience	2020	epmc,eutils	GOOD	1	0	1	0	0	0	C1+存储题名与题录 rt 全等/前缀	2020-22	1
F4	vk_index	R4_index	tissue-choroid.md:196			34659513	year=2021 species=[mouse]	Receptor-selective interleukin-4 mutein attenuates laser-induced choroidal neovascularization through the regulation of macrophage polarization in mice.	Experimental and therapeutic medicine	Receptor-selective interleukin-4 mutein attenuates laser-induced choroidal neovascularization through the regulation of macrophage polarization in mice.	Experimental and therapeutic medicine	2021 Dec	epmc,eutils	GOOD	1	0	1	0	0	0	C1+存储题名与题录 rt 全等/前缀	2020-22	1
F4	vk_index	R4_index	retina-development.md:448			32647335	year=2020 species=[human]	Her9/Hes4 is required for retinal photoreceptor development, maintenance, and survival.	Scientific reports	Her9/Hes4 is required for retinal photoreceptor development, maintenance, and survival.	Scientific reports	2020 Jul	epmc,eutils	GOOD	1	0	1	0	0	0	C1+存储题名与题录 rt 全等/前缀	2020-22	1
F4	vk_index	R4_index	aging.md:191			35167498	year=2022 species=[both]	Triglyceride-derived fatty acids reduce autophagy in a model of retinal angiomatous proliferation.	JCI insight	Triglyceride-derived fatty acids reduce autophagy in a model of retinal angiomatous proliferation.	JCI insight	2022 Mar	epmc,eutils	GOOD	1	0	1	0	0	0	C1+存储题名与题录 rt 全等/前缀	2020-22	1
F4	vk_index	R4_index	tissue-choroid.md:214			32323767	year=2020 species=[mouse]	Pirfenidone ameliorates the formation of choroidal neovascularization in mice.	Molecular medicine reports	Pirfenidone ameliorates the formation of choroidal neovascularization in mice.	Molecular medicine reports	2020 May	epmc,eutils	GOOD	1	0	1	0	0	0	C1+存储题名与题录 rt 全等/前缀	2020-22	1
F4	vk_index	R4_index	retina-development.md:338			36185374	year=2022 species=[human]	Induced retinal pigment epithelial cells with anti-epithelial-to-mesenchymal transition ability delay retinal degeneration.	iScience	Induced retinal pigment epithelial cells with anti-epithelial-to-mesenchymal transition ability delay retinal degeneration.	iScience	2022 Oct	epmc,eutils	GOOD	1	0	1	0	0	0	C1+存储题名与题录 rt 全等/前缀	2020-22	1
F4	vk_index	R4_index	rpe.md:244			32075760	year=2020 species=[both]	Toll-like Receptor 2 Facilitates Oxidative Damage-Induced Retinal Degeneration.	Cell reports	Toll-like Receptor 2 Facilitates Oxidative Damage-Induced Retinal Degeneration.	Cell reports	2020 Feb	epmc,eutils	GOOD	1	0	1	0	0	0	C1+存储题名与题录 rt 全等/前缀	2020-22	1
F4	vk_index	R4_index	photoreceptor.md:453			33516874	year=2021 species=[both]	Mutant three-repeat tau expression initiates retinal ganglion cell death through Caspase-2.	Neurobiology of disease	Mutant three-repeat tau expression initiates retinal ganglion cell death through Caspase-2.	Neurobiology of disease	2021 May	epmc,eutils	GOOD	1	0	1	0	0	0	C1+存储题名与题录 rt 全等/前缀	2020-22	1
F4	vk_index	R4_index	amd.md:170			34586848	year=2021 species=[human]	<i>Alu</i> complementary DNA is enriched in atrophic macular degeneration and triggers retinal pigmented epithelium toxicity via cytosolic innate immunity.	Science advances	Alu complementary DNA is enriched in atrophic macular degeneration and triggers retinal pigmented epithelium toxicity via cytosolic innate immunity.	Science advances	2021 Oct	epmc,eutils	GOOD	1	0	1	0	0	0	C1+存储题名与题录 rt 全等/前缀	2020-22	1
F4	vk_index	R4_index	retina-development.md:422			32396062	year=2020 species=[mouse]	Tgfb3 collaborates with PP2A and notch signaling pathways to inhibit retina regeneration.	eLife	Tgfb3 collaborates with PP2A and notch signaling pathways to inhibit retina regeneration.	eLife	2020 May	epmc,eutils	GOOD	1	0	1	0	0	0	C1+存储题名与题录 rt 全等/前缀	2020-22	1
F4	vk_index	R4_index	tissue-choroid.md:209			32196081	year=2020 species=[mouse]	Single-cell profiling reveals an endothelium-mediated immunomodulatory pathway in the eye choroid.	The Journal of experimental medicine	Single-cell profiling reveals an endothelium-mediated immunomodulatory pathway in the eye choroid.	The Journal of experimental medicine	2020 Jun	epmc,eutils	GOOD	1	0	1	0	0	0	C1+存储题名与题录 rt 全等/前缀	2020-22	1
F4	vk_index	R4_index	vascular.md:211			32911690	year=2020 species=[human]	Vitamin D Protects against Oxidative Stress and Inflammation in Human Retinal Cells.	Antioxidants (Basel, Switzerland)	Vitamin D Protects against Oxidative Stress and Inflammation in Human Retinal Cells.	Antioxidants (Basel, Switzerland)	2020 Sep	epmc,eutils	GOOD	1	0	1	0	1	0	C1+存储题名与题录 rt 全等/前缀	2020-22	1
F4	vk_index	R4_index	inherited-disease.md:328			32647335	year=2020 species=[human]	Her9/Hes4 is required for retinal photoreceptor development, maintenance, and survival.	Scientific reports	Her9/Hes4 is required for retinal photoreceptor development, maintenance, and survival.	Scientific reports	2020 Jul	epmc,eutils	GOOD	1	0	1	0	0	0	C1+存储题名与题录 rt 全等/前缀	2020-22	1
F4	vk_index	R4_index	tissue-RPE.md:326			32104303	year=2020 species=[human]	Gremlin mediates the TGF-β-induced induction of profibrogenic genes in human retinal pigment epithelial cells.	Experimental and therapeutic medicine	Gremlin mediates the TGF-β-induced induction of profibrogenic genes in human retinal pigment epithelial cells.	Experimental and therapeutic medicine	2020 Mar	epmc,eutils	GOOD	1	0	1	0	1	0	C1+存储题名与题录 rt 全等/前缀	2020-22	1
F4	vk_index	R4_index	tissue-choroid.md:151			35682601	year=2022 species=[human]	The Expression of Connexin 37, 40, 43, 45 and Pannexin 1 in the Early Human Retina and Choroid Development and Tumorigenesis.	International journal of molecular sciences	The Expression of Connexin 37, 40, 43, 45 and Pannexin 1 in the Early Human Retina and Choroid Development and Tumorigenesis.	International journal of molecular sciences	2022 May	epmc,eutils	GOOD	1	0	1	0	1	0	C1+存储题名与题录 rt 全等/前缀	2020-22	1
F4	vk_index	R4_index	metabolism.md:174			34668483	year=2021 species=[human]	Disturbed retinoid metabolism upon loss of <i>rlbp1a</i> impairs cone function and leads to subretinal lipid deposits and photoreceptor degeneration in the zebrafish retina.	eLife	Disturbed retinoid metabolism upon loss of rlbp1a impairs cone function and leads to subretinal lipid deposits and photoreceptor degeneration in the zebrafish retina.	eLife	2021 Oct	epmc,eutils	GOOD	1	0	1	0	0	0	C1+存储题名与题录 rt 全等/前缀	2020-22	1
F4	vk_index	R4_index	models.md:729			36127701	year=2022 species=[mouse]	Activation of oxytocin receptors in mouse GABAergic amacrine cells modulates retinal dopaminergic signaling.	BMC biology	Activation of oxytocin receptors in mouse GABAergic amacrine cells modulates retinal dopaminergic signaling.	BMC biology	2022 Sep	epmc,eutils	GOOD	1	0	1	0	1	0	C1+存储题名与题录 rt 全等/前缀	2020-22	1
F4	vk_index	R4_index	methods-scrna.md:387			32191288	year=2020 species=[mouse]	Expression and Localization of  Kcne2  in the Vertebrate Retina	Investigative ophthalmology & visual science	Expression and Localization of Kcne2 in the Vertebrate Retina.	Investigative ophthalmology & visual science	2020 Mar	epmc,eutils	GOOD	1	0	1	0	0	0	C1+存储题名与题录 rt 全等/前缀	2020-22	1
F4	vk_index	R4_index	metabolism.md:181			34884197	year=2021 species=[human]	Retinal Diseases Regulated by Hypoxia-Basic and Clinical Perspectives: A Comprehensive Review.	Journal of clinical medicine	Retinal Diseases Regulated by Hypoxia-Basic and Clinical Perspectives: A Comprehensive Review.	Journal of clinical medicine	2021 Nov	epmc,eutils	GOOD	1	0	1	0	0	0	C1+存储题名与题录 rt 全等/前缀	2020-22	1
F4	vk_index	R4_index	inherited-disease.md:257			35974011	year=2022 species=[human]	Modeling PRPF31 retinitis pigmentosa using retinal pigment epithelium and organoids combined with gene augmentation rescue.	NPJ Regenerative medicine	Modeling PRPF31 retinitis pigmentosa using retinal pigment epithelium and organoids combined with gene augmentation rescue.	NPJ Regenerative medicine	2022 Aug	epmc,eutils	GOOD	1	0	1	0	0	0	C1+存储题名与题录 rt 全等/前缀	2020-22	1
F4	vk_index	R4_index	tissue-choroid.md:165			35027657	year=2022 species=[human]	Human immunocompetent choroid-on-chip: a novel tool for studying ocular effects of biological drugs.	Communications biology	Human immunocompetent choroid-on-chip: a novel tool for studying ocular effects of biological drugs.	Communications biology	2022 Jan	epmc,eutils	GOOD	1	0	1	0	1	0	C1+存储题名与题录 rt 全等/前缀	2020-22	1
F4	vk_index	R4_index	retina-development.md:296			35523177	year=2022 species=[unknown]	Differentiation of brain and retinal organoids from confluent cultures of pluripotent stem cells connected by nerve-like axonal projections of optic origin.	Stem cell reports	Differentiation of brain and retinal organoids from confluent cultures of pluripotent stem cells connected by nerve-like axonal projections of optic origin.	Stem cell reports	2022 Jun	epmc,eutils	GOOD	1	0	1	0	0	0	C1+存储题名与题录 rt 全等/前缀	2020-22	1
F4	vk_index	R4_index	retina-development.md:276			35269428	year=2022 species=[human]	Deciphering the Retinal Epigenome during Development, Disease and Reprogramming: Advancements, Challenges and Perspectives.	Cells	Deciphering the Retinal Epigenome during Development, Disease and Reprogramming: Advancements, Challenges and Perspectives.	Cells	2022 Feb	epmc,eutils	GOOD	1	0	1	0	0	0	C1+存储题名与题录 rt 全等/前缀	2020-22	1
F4	vk_index	R4_index	models.md:943			34383873	year=2021 species=[human]	Transitioning into GMP-Compliance: Alternative Methods for Producing Retinal Organoids for Transplantation.	Translational vision science & technology	Transitioning into GMP-Compliance: Alternative Methods for Producing Retinal Organoids for Transplantation.	Translational vision science & technology	2021 Aug	epmc,eutils	GOOD	1	0	1	0	0	0	C1+存储题名与题录 rt 全等/前缀	2020-22	1
F4	vk_index	R4_index	photoreceptor.md:538			32714647	year=2020 species=[human]	Generation of a Retina Reporter hiPSC Line to Label Progenitor, Ganglion, and Photoreceptor Cell Types.	Translational vision science & technology	Generation of a Retina Reporter hiPSC Line to Label Progenitor, Ganglion, and Photoreceptor Cell Types.	Translational vision science & technology	2020 Feb	epmc,eutils	GOOD	1	0	1	0	0	0	C1+存储题名与题录 rt 全等/前缀	2020-22	1
F4	vk_index	R4_index	models.md:792			35970387	year=2022 species=[human]	Placental growth factor stabilizes VEGF receptor-2 protein in retinal pigment epithelial cells by downregulating glycogen synthase kinase 3 activity.	The Journal of biological chemistry	Placental growth factor stabilizes VEGF receptor-2 protein in retinal pigment epithelial cells by downregulating glycogen synthase kinase 3 activity.	The Journal of biological chemistry	2022 Sep	epmc,eutils	GOOD	1	0	1	0	0	0	C1+存储题名与题录 rt 全等/前缀	2020-22	1
F4	vk_index	R4_index	vascular.md:199			33922669	year=2021 species=[human]	Anti-Inflammatory and Anti-Oxidative Synergistic Effect of Vitamin D and Nutritional Complex on Retinal Pigment Epithelial and Endothelial Cell Lines against Age-Related Macular Degeneration.	Nutrients	Anti-Inflammatory and Anti-Oxidative Synergistic Effect of Vitamin D and Nutritional Complex on Retinal Pigment Epithelial and Endothelial Cell Lines against Age-Related Macular De	Nutrients	2021 Apr	epmc,eutils	GOOD	1	0	1	0	0	0	C1+存储题名与题录 rt 全等/前缀	2020-22	1
F4	vk_index	R4_index	glaucoma.md:220			36326725	year=2022 species=[mouse]	Pregabalin Mediates Retinal Ganglion Cell Survival From Retinal Ischemia/Reperfusion Injury Via the Akt/GSK3β/β-Catenin Signaling Pathway.	Investigative ophthalmology & visual science	Pregabalin Mediates Retinal Ganglion Cell Survival From Retinal Ischemia/Reperfusion Injury Via the Akt/GSK3β/β-Catenin Signaling Pathway.	Investigative ophthalmology & visual science	2022 Nov	epmc,eutils	GOOD	1	0	1	0	0	0	C1+存储题名与题录 rt 全等/前缀	2020-22	1
F4	vk_index	R4_index	glial-microglia.md:208			36240775	year=2022 species=[human]	Molecular pathology of Usher 1B patient-derived retinal organoids at single cell resolution.	Stem cell reports	Molecular pathology of Usher 1B patient-derived retinal organoids at single cell resolution.	Stem cell reports	2022 Nov	epmc,eutils	GOOD	1	0	1	0	0	0	C1+存储题名与题录 rt 全等/前缀	2020-22	1
F4	vk_index	R4_index	methods-scrna.md:371			34668483	year=2021 species=[human]	Disturbed retinoid metabolism upon loss of <i>rlbp1a</i> impairs cone function and leads to subretinal lipid deposits and photoreceptor degeneration in the zebrafish retina.	eLife	Disturbed retinoid metabolism upon loss of rlbp1a impairs cone function and leads to subretinal lipid deposits and photoreceptor degeneration in the zebrafish retina.	eLife	2021 Oct	epmc,eutils	GOOD	1	0	1	0	0	0	C1+存储题名与题录 rt 全等/前缀	2020-22	1
F4	vk_index	R4_index	glial-microglia.md:229			35103752	year=2022 species=[mouse]	Sigma 1 Receptor Contributes to Astrocyte-Mediated Retinal Ganglion Cell Protection.	Investigative ophthalmology & visual science	Sigma 1 Receptor Contributes to Astrocyte-Mediated Retinal Ganglion Cell Protection.	Investigative ophthalmology & visual science	2022 Feb	epmc,eutils	GOOD	1	0	1	0	0	0	C1+存储题名与题录 rt 全等/前缀	2020-22	1
F4	vk_index	R4_index	models.md:775			35216328	year=2022 species=[human]	An Essential Role for Alzheimer's-Linked Amyloid Beta Oligomers in Neurodevelopment: Transient Expression of Multiple Proteoforms during Retina Histogenesis.	International journal of molecular sciences	An Essential Role for Alzheimer's-Linked Amyloid Beta Oligomers in Neurodevelopment: Transient Expression of Multiple Proteoforms during Retina Histogenesis.	International journal of molecular sciences	2022 Feb	epmc,eutils	GOOD	1	0	1	0	0	0	C1+存储题名与题录 rt 全等/前缀	2020-22	1
F4	vk_index	R4_index	photoreceptor.md:459			34562309	year=2021 species=[mouse]	Quantitative proteomic analysis after neuroprotective MyD88 inhibition in the retinal degeneration 10 mouse.	Journal of cellular and molecular medicine	Quantitative proteomic analysis after neuroprotective MyD88 inhibition in the retinal degeneration 10 mouse.	Journal of cellular and molecular medicine	2021 Oct	epmc,eutils	GOOD	1	0	1	0	1	0	C1+存储题名与题录 rt 全等/前缀	2020-22	1
F4	vk_index	R4_index	methods-scrna.md:294			35859009	year=2022 species=[mouse]	Single-cell transcriptome of the mouse retinal pigment epithelium in response to a low-dose of doxorubicin.	Communications biology	Single-cell transcriptome of the mouse retinal pigment epithelium in response to a low-dose of doxorubicin.	Communications biology	2022 Jul	epmc,eutils	GOOD	1	0	1	0	1	0	C1+存储题名与题录 rt 全等/前缀	2020-22	1
F4	vk_index	R4_index	regeneration.md:189			32664635	year=2020 species=[human]	Potential Endogenous Cell Sources for Retinal Regeneration in Vertebrates and Humans: Progenitor Traits and Specialization.	Biomedicines	Potential Endogenous Cell Sources for Retinal Regeneration in Vertebrates and Humans: Progenitor Traits and Specialization.	Biomedicines	2020 Jul	epmc,eutils	GOOD	1	0	1	0	0	0	C1+存储题名与题录 rt 全等/前缀	2020-22	1
F4	vk_index	R4_index	models.md:1039			32963317	year=2020 species=[human]	Regulation of Ras homolog family member G by microRNA-124 regulates proliferation and migration of human retinal pigment epithelial cells.	Scientific reports	Regulation of Ras homolog family member G by microRNA-124 regulates proliferation and migration of human retinal pigment epithelial cells.	Scientific reports	2020 Sep	epmc,eutils	GOOD	1	0	1	0	1	0	C1+存储题名与题录 rt 全等/前缀	2020-22	1
F4	vk_index	R4_index	vascular.md:180			36326725	year=2022 species=[mouse]	Pregabalin Mediates Retinal Ganglion Cell Survival From Retinal Ischemia/Reperfusion Injury Via the Akt/GSK3β/β-Catenin Signaling Pathway.	Investigative ophthalmology & visual science	Pregabalin Mediates Retinal Ganglion Cell Survival From Retinal Ischemia/Reperfusion Injury Via the Akt/GSK3β/β-Catenin Signaling Pathway.	Investigative ophthalmology & visual science	2022 Nov	epmc,eutils	GOOD	1	0	1	0	0	0	C1+存储题名与题录 rt 全等/前缀	2020-22	1
F4	vk_index	R4_index	inherited-disease.md:214			35269767	year=2022 species=[both]	Deficiency in Retinal TGFβ Signaling Aggravates Neurodegeneration by Modulating Pro-Apoptotic and MAP Kinase Pathways.	International journal of molecular sciences	Deficiency in Retinal TGFβ Signaling Aggravates Neurodegeneration by Modulating Pro-Apoptotic and MAP Kinase Pathways.	International journal of molecular sciences	2022 Feb	epmc,eutils	GOOD	1	0	1	0	0	0	C1+存储题名与题录 rt 全等/前缀	2020-22	1
F4	vk_index	R4_index	retina-development.md:339			35883037	year=2022 species=[human]	Exploring the lncRNA localization landscape within the retinal pigment epithelium under normal and stress conditions.	BMC genomics	Exploring the lncRNA localization landscape within the retinal pigment epithelium under normal and stress conditions.	BMC genomics	2022 Jul	epmc,eutils	GOOD	1	0	1	0	0	0	C1+存储题名与题录 rt 全等/前缀	2020-22	1
F4	vk_index	R4_index	glial-microglia.md:204			36139394	year=2022 species=[other]	Proteomic Analysis of Retinal Mitochondria-Associated ER Membranes Identified Novel Proteins of Retinal Degeneration in Long-Term Diabetes.	Cells	Proteomic Analysis of Retinal Mitochondria-Associated ER Membranes Identified Novel Proteins of Retinal Degeneration in Long-Term Diabetes.	Cells	2022 Sep	epmc,eutils	GOOD	1	0	1	0	0	0	C1+存储题名与题录 rt 全等/前缀	2020-22	1
F4	vk_index	R4_index	visual-function.md:298			32127528	year=2020 species=[mouse]	Retinal ganglion cell loss in kinesin-1 cargo Alcadein α deficient mice.	Cell death & disease	Retinal ganglion cell loss in kinesin-1 cargo Alcadein α deficient mice.	Cell death & disease	2020 Mar	epmc,eutils	GOOD	1	0	1	0	0	0	C1+存储题名与题录 rt 全等/前缀	2020-22	1
F4	vk_index	R4_index	tissue-iris.md:42			33800535	year=2021 species=[human]	Novel Technique for Retinal Nerve Cell Regeneration with Electrophysiological Functions Using Human Iris-Derived iPS Cells.	Cells	Novel Technique for Retinal Nerve Cell Regeneration with Electrophysiological Functions Using Human Iris-Derived iPS Cells.	Cells	2021 Mar	epmc,eutils	GOOD	1	0	1	0	1	0	C1+存储题名与题录 rt 全等/前缀	2020-22	1
F4	vk_index	R4_index	models.md:1068			33291226	year=2020 species=[mouse]	Intravitreal Injection of Liposomes Loaded with a Histone Deacetylase Inhibitor Promotes Retinal Ganglion Cell Survival in a Mouse Model of Optic Nerve Crush.	International journal of molecular sciences	Intravitreal Injection of Liposomes Loaded with a Histone Deacetylase Inhibitor Promotes Retinal Ganglion Cell Survival in a Mouse Model of Optic Nerve Crush.	International journal of molecular sciences	2020 Dec	epmc,eutils	GOOD	1	0	1	0	1	0	C1+存储题名与题录 rt 全等/前缀	2020-22	1
F4	vk_index	R4_index	tissue-ciliary_body.md:186			33749722	year=2021 species=[other]	Let-7, Lin28 and Hmga2 Expression in Ciliary Epithelium and Retinal Progenitor Cells.	Investigative ophthalmology & visual science	Let-7, Lin28 and Hmga2 Expression in Ciliary Epithelium and Retinal Progenitor Cells.	Investigative ophthalmology & visual science	2021 Mar	epmc,eutils	GOOD	1	0	1	0	0	0	C1+存储题名与题录 rt 全等/前缀	2020-22	1
F4	vk_index	R4_index	glaucoma.md:254			35480428	year=2021 species=[mouse]	An adherent drug depot for retinal ganglion cell protection and regeneration in rat traumatic optic neuropathy models.	RSC advances	An adherent drug depot for retinal ganglion cell protection and regeneration in rat traumatic optic neuropathy models.	RSC advances	2021 Jun	epmc,eutils	GOOD	1	0	1	0	0	0	C1+存储题名与题录 rt 全等/前缀	2020-22	1
F4	vk_index	R4_index	rpe.md:198			33784255	year=2021 species=[mouse]	An inducible Cre mouse for studying roles of the RPE in retinal physiology and disease.	JCI insight	An inducible Cre mouse for studying roles of the RPE in retinal physiology and disease.	JCI insight	2021 May	epmc,eutils	GOOD	1	0	1	0	1	0	C1+存储题名与题录 rt 全等/前缀	2020-22	1
F4	vk_index	R4_index	photoreceptor.md:355			35685368	year=2022 species=[both]	Genome-wide characterization of RNA editing highlights roles of high editing events of glutamatergic synapse during mouse retinal development.	Computational and structural biotechnology journal	Genome-wide characterization of RNA editing highlights roles of high editing events of glutamatergic synapse during mouse retinal development.	Computational and structural biotechnology journal	2022	epmc,eutils	GOOD	1	0	1	0	0	0	C1+存储题名与题录 rt 全等/前缀	2020-22	1
F4	vk_index	R4_index	tissue-optic_nerve.md:228			32587280	year=2020 species=[human]	Neuroprotective effects of low-dose G-CSF plus meloxicam in a rat model of anterior ischemic optic neuropathy.	Scientific reports	Neuroprotective effects of low-dose G-CSF plus meloxicam in a rat model of anterior ischemic optic neuropathy.	Scientific reports	2020 Jun	epmc,eutils	GOOD	1	0	0	0	0	0	C1+存储题名与题录 rt 全等/前缀	2020-22	1
F4	vk_index	R4_index	aging.md:236			36098977	year=2022 species=[mouse]	Short-Term Hyperuricemia Leads to Structural Retinal Changes That Can be Reversed by Serum Uric Acid Lowering Agents in Mice.	Investigative ophthalmology & visual science	Short-Term Hyperuricemia Leads to Structural Retinal Changes That Can be Reversed by Serum Uric Acid Lowering Agents in Mice.	Investigative ophthalmology & visual science	2022 Sep	epmc,eutils	GOOD	1	0	1	0	0	0	C1+存储题名与题录 rt 全等/前缀	2020-22	1
F4	vk_index	R4_index	glial-microglia.md:238			33019822	year=2021 species=[both]	Genetic Rescue of X-Linked Retinoschisis Mouse ( Rs1 −/y ) Retina Induces Quiescence of the Retinal Microglial Inflammatory State Following AAV8- RS1  Gene Transfer and Identifies Gene Networks Underlying Retinal Recovery	Human gene therapy	Genetic Rescue of X-Linked Retinoschisis Mouse (Rs1(-/y)) Retina Induces Quiescence of the Retinal Microglial Inflammatory State Following AAV8-RS1 Gene Transfer and Identifies Gen	Human gene therapy	2021 Jul	epmc,eutils	GOOD	1	0	1	0	0	0	C1+存储题名与题录 rt 全等/前缀	2020-22	1
F4	vk_index	R4_index	glaucoma.md:234			34360929	year=2021 species=[mouse]	Cell Types and Synapses Expressing the SNARE Complex Regulating Proteins Complexin 1 and Complexin 2 in Mammalian Retina.	International journal of molecular sciences	Cell Types and Synapses Expressing the SNARE Complex Regulating Proteins Complexin 1 and Complexin 2 in Mammalian Retina.	International journal of molecular sciences	2021 Jul	epmc,eutils	GOOD	1	0	1	0	0	0	C1+存储题名与题录 rt 全等/前缀	2020-22	1
F4	vk_index	R4_index	models.md:1010			32960171	year=2020 species=[mouse]	Homeostatic plasticity in the retina is associated with maintenance of night vision during retinal degenerative disease.	eLife	Homeostatic plasticity in the retina is associated with maintenance of night vision during retinal degenerative disease.	eLife	2020 Sep	epmc,eutils	GOOD	1	0	1	0	0	0	C1+存储题名与题录 rt 全等/前缀	2020-22	1
F4	vk_index	R4_index	regeneration.md:152			35330834	year=2022 species=[human]	Intravitreal Administration of rhNGF Enhances Regenerative Processes in a Zebrafish Model of Retinal Degeneration.	Frontiers in pharmacology	Intravitreal Administration of rhNGF Enhances Regenerative Processes in a Zebrafish Model of Retinal Degeneration.	Frontiers in pharmacology	2022	epmc,eutils	GOOD	1	0	1	0	0	0	C1+存储题名与题录 rt 全等/前缀	2020-22	1
F4	vk_index	R4_index	inherited-disease.md:313			34383984	year=2021 species=[mouse]	Zfhx3 modulates retinal sensitivity and circadian responses to light.	FASEB journal : official publication of the Federation of American Societies for Experimental Biology	Zfhx3 modulates retinal sensitivity and circadian responses to light.	FASEB journal : official publication of the Federation of American Societies for	2021 Sep	epmc,eutils	GOOD	1	0	1	0	0	0	C1+存储题名与题录 rt 全等/前缀	2020-22	1
F4	vk_index	R4_index	tissue-RPE.md:256			33377455	year=2021 species=[human]	Human Stem Cell-Derived Retinal Pigment Epithelial Cells as a Model for Drug Screening and Pre-Clinical Assays Compared to ARPE-19 Cell Line.	International journal of stem cells	Human Stem Cell-Derived Retinal Pigment Epithelial Cells as a Model for Drug Screening and Pre-Clinical Assays Compared to ARPE-19 Cell Line.	International journal of stem cells	2021 Feb	epmc,eutils	GOOD	1	0	1	0	1	0	C1+存储题名与题录 rt 全等/前缀	2020-22	1
F4	vk_index	R4_index	aging.md:200			35831910	year=2022 species=[both]	Complement activation contributes to subretinal fibrosis through the induction of epithelial-to-mesenchymal transition (EMT) in retinal pigment epithelial cells.	Journal of neuroinflammation	Complement activation contributes to subretinal fibrosis through the induction of epithelial-to-mesenchymal transition (EMT) in retinal pigment epithelial cells.	Journal of neuroinflammation	2022 Jul	epmc,eutils	GOOD	1	0	1	0	0	0	C1+存储题名与题录 rt 全等/前缀	2020-22	1
F4	vk_index	R4_index	models.md:734			36261683	year=2022 species=[human]	Elk-1 regulates retinal ganglion cell axon regeneration after injury.	Scientific reports	Elk-1 regulates retinal ganglion cell axon regeneration after injury.	Scientific reports	2022 Oct	epmc,eutils	GOOD	1	0	1	0	0	0	C1+存储题名与题录 rt 全等/前缀	2020-22	1
F4	vk_index	R4_index	photoreceptor.md:518			32620864	year=2020 species=[both]	Comprehensive identification of mRNA isoforms reveals the diversity of neural cell-surface molecules with roles in retinal development and disease.	Nature communications	Comprehensive identification of mRNA isoforms reveals the diversity of neural cell-surface molecules with roles in retinal development and disease.	Nature communications	2020 Jul	epmc,eutils	GOOD	1	0	1	0	0	0	C1+存储题名与题录 rt 全等/前缀	2020-22	1
F4	vk_index	R4_index	glaucoma.md:294			33104163	year=2020 species=[mouse]	Down Syndrome Critical Region 1 Reduces Oxidative Stress-Induced Retinal Ganglion Cells Apoptosis via CREB-Bcl-2 Pathway.	Investigative ophthalmology & visual science	Down Syndrome Critical Region 1 Reduces Oxidative Stress-Induced Retinal Ganglion Cells Apoptosis via CREB-Bcl-2 Pathway.	Investigative ophthalmology & visual science	2020 Oct	epmc,eutils	GOOD	1	0	1	0	0	0	C1+存储题名与题录 rt 全等/前缀	2020-22	1
F4	vk_index	R4_index	amd.md:188			32635502	year=2020 species=[human]	Nanoceria Particles Are an Eligible Candidate to Prevent Age-Related Macular Degeneration by Inhibiting Retinal Pigment Epithelium Cell Death and Autophagy Alterations.	Cells	Nanoceria Particles Are an Eligible Candidate to Prevent Age-Related Macular Degeneration by Inhibiting Retinal Pigment Epithelium Cell Death and Autophagy Alterations.	Cells	2020 Jul	epmc,eutils	GOOD	1	0	1	0	0	0	C1+存储题名与题录 rt 全等/前缀	2020-22	1
F4	vk_index	R4_index	tissue-lens.md:169			33632302	year=2021 species=[human]	Biallelic variants in COPB1 cause a novel, severe intellectual disability syndrome with cataracts and variable microcephaly.	Genome medicine	Biallelic variants in COPB1 cause a novel, severe intellectual disability syndrome with cataracts and variable microcephaly.	Genome medicine	2021 Feb	epmc,eutils	GOOD	1	0	1	0	0	0	C1+存储题名与题录 rt 全等/前缀	2020-22	1
F4	vk_index	R4_index	models.md:754			36497013	year=2022 species=[unknown]	Cell Sources for Retinal Regeneration: Implication for Data Translation in Biomedicine of the Eye.	Cells	Cell Sources for Retinal Regeneration: Implication for Data Translation in Biomedicine of the Eye.	Cells	2022 Nov	epmc,eutils	GOOD	1	0	1	0	0	0	C1+存储题名与题录 rt 全等/前缀	2020-22	1
F4	vk_index	R4_index	methods-scrna.md:353			33019822	year=2021 species=[both]	Genetic Rescue of X-Linked Retinoschisis Mouse ( Rs1 −/y ) Retina Induces Quiescence of the Retinal Microglial Inflammatory State Following AAV8- RS1  Gene Transfer and Identifies Gene Networks Underlying Retinal Recovery	Human gene therapy	Genetic Rescue of X-Linked Retinoschisis Mouse (Rs1(-/y)) Retina Induces Quiescence of the Retinal Microglial Inflammatory State Following AAV8-RS1 Gene Transfer and Identifies Gen	Human gene therapy	2021 Jul	epmc,eutils	GOOD	1	0	1	0	0	0	C1+存储题名与题录 rt 全等/前缀	2020-22	1
F4	vk_index	R4_index	tissue-cornea.md:206			33741066	year=2021 species=[human]	Process development and safety evaluation of ABCB5<sup>+</sup> limbal stem cells as advanced-therapy medicinal product to treat limbal stem cell deficiency.	Stem cell research & therapy	Process development and safety evaluation of ABCB5(+) limbal stem cells as advanced-therapy medicinal product to treat limbal stem cell deficiency.	Stem cell research & therapy	2021 Mar	epmc,eutils	GOOD	1	0	0	0	0	0	C1+存储题名与题录 rt 全等/前缀	2020-22	1
F4	vk_index	R4_index	metabolism.md:185			34819832	year=2021 species=[mouse]	Suppressor of Cytokine Signaling 2 Regulates Retinal Pigment Epithelium Metabolism by Enhancing Autophagy.	Frontiers in neuroscience	Suppressor of Cytokine Signaling 2 Regulates Retinal Pigment Epithelium Metabolism by Enhancing Autophagy.	Frontiers in neuroscience	2021	epmc,eutils	GOOD	1	0	1	0	0	0	C1+存储题名与题录 rt 全等/前缀	2020-22	1
F4	vk_index	R4_index	glial-microglia.md:264			34360899	year=2021 species=[mouse]	The Role of Caspase-12 in Retinal Bystander Cell Death and Innate Immune Responses against MCMV Retinitis.	International journal of molecular sciences	The Role of Caspase-12 in Retinal Bystander Cell Death and Innate Immune Responses against MCMV Retinitis.	International journal of molecular sciences	2021 Jul	epmc,eutils	GOOD	1	0	1	0	0	0	C1+存储题名与题录 rt 全等/前缀	2020-22	1
F4	vk_index	R4_index	aging.md:298			31932580	year=2020 species=[both]	Inhibition of thyroid hormone signaling protects retinal pigment epithelium and photoreceptors from cell death in a mouse model of age-related macular degeneration.	Cell death & disease	Inhibition of thyroid hormone signaling protects retinal pigment epithelium and photoreceptors from cell death in a mouse model of age-related macular degeneration.	Cell death & disease	2020 Jan	epmc,eutils	GOOD	1	0	1	0	0	0	C1+存储题名与题录 rt 全等/前缀	2020-22	1
F4	vk_index	R4_index	vascular.md:214			32879766	year=2020 species=[human]	Effect of Paracentesis on Retinal Function Associated With Changes in Intraocular Pressure Caused by Intravitreal Injections.	Translational vision science & technology	Effect of Paracentesis on Retinal Function Associated With Changes in Intraocular Pressure Caused by Intravitreal Injections.	Translational vision science & technology	2020 Aug	epmc,eutils	GOOD	1	0	1	0	0	0	C1+存储题名与题录 rt 全等/前缀	2020-22	1
F4	vk_index	R4_index	inherited-disease.md:216			35356684	year=2022 species=[mouse]	VEGFA -targeting miR-agshRNAs combine efficacy with specificity and safety for retinal gene therapy	Molecular therapy. Nucleic acids	VEGFA-targeting miR-agshRNAs combine efficacy with specificity and safety for retinal gene therapy.	Molecular therapy. Nucleic acids	2022 Jun	epmc,eutils	GOOD	1	0	1	0	0	0	C1+存储题名与题录 rt 全等/前缀	2020-22	1
F4	vk_index	R4_index	vascular.md:150			35167498	year=2022 species=[both]	Triglyceride-derived fatty acids reduce autophagy in a model of retinal angiomatous proliferation.	JCI insight	Triglyceride-derived fatty acids reduce autophagy in a model of retinal angiomatous proliferation.	JCI insight	2022 Mar	epmc,eutils	GOOD	1	0	1	0	0	0	C1+存储题名与题录 rt 全等/前缀	2020-22	1
F4	vk_index	R4_index	methods-scrna.md:279			35365237	year=2022 species=[mouse]	Chaperone-mediated autophagy plays an important role in regulating retinal progenitor cell homeostasis.	Stem cell research & therapy	Chaperone-mediated autophagy plays an important role in regulating retinal progenitor cell homeostasis.	Stem cell research & therapy	2022 Apr	epmc,eutils	GOOD	1	0	1	0	0	0	C1+存储题名与题录 rt 全等/前缀	2020-22	1
F4	vk_index	R4_index	tissue-RPE.md:214			36408112	year=2022 species=[human]	Intercellular communication analysis of the human retinal pigment epithelial and choroidal cells predicts pathways associated with aging, cellular senescence and age-related macular degeneration.	Frontiers in aging neuroscience	Intercellular communication analysis of the human retinal pigment epithelial and choroidal cells predicts pathways associated with aging, cellular senescence and age-related macula	Frontiers in aging neuroscience	2022	epmc,eutils	GOOD	1	0	1	0	1	0	C1+存储题名与题录 rt 全等/前缀	2020-22	1
F4	vk_index	R4_index	tissue-cornea.md:204			36073832	year=2022 species=[human]	Wireless-Powered Electrical Bandage Contact Lens for Facilitating Corneal Wound Healing.	Advanced science (Weinheim, Baden-Wurttemberg, Germany)	Wireless-Powered Electrical Bandage Contact Lens for Facilitating Corneal Wound Healing.	Advanced science (Weinheim, Baden-Wurttemberg, Germany)	2022 Nov	epmc,eutils	GOOD	1	0	1	0	0	0	C1+存储题名与题录 rt 全等/前缀	2020-22	1
F4	vk_index	R4_index	photoreceptor.md:405			36675972	year=2022 species=[human]	RNA Foci Formation in a Retinal Glial Model for Spinocerebellar Ataxia Type 7.	Life (Basel, Switzerland)	RNA Foci Formation in a Retinal Glial Model for Spinocerebellar Ataxia Type 7.	Life (Basel, Switzerland)	2022 Dec	epmc,eutils	GOOD	1	0	1	0	0	0	C1+存储题名与题录 rt 全等/前缀	2020-22	1
F4	vk_index	R4_index	methods-scrna.md:399			33598455	year=2020 species=[other]	The Regenerating Adult Zebrafish Retina Recapitulates Developmental Fate Specification Programs.	Frontiers in cell and developmental biology	The Regenerating Adult Zebrafish Retina Recapitulates Developmental Fate Specification Programs.	Frontiers in cell and developmental biology	2020	epmc,eutils	GOOD	1	0	1	0	0	0	C1+存储题名与题录 rt 全等/前缀	2020-22	1
F4	vk_index	R4_index	tissue-RPE.md:314			33151282	year=2020 species=[human]	Partially Differentiated Neuroretinal Cells Promote Maturation of the Retinal Pigment Epithelium.	Investigative ophthalmology & visual science	Partially Differentiated Neuroretinal Cells Promote Maturation of the Retinal Pigment Epithelium.	Investigative ophthalmology & visual science	2020 Nov	epmc,eutils	GOOD	1	0	1	0	0	0	C1+存储题名与题录 rt 全等/前缀	2020-22	1
F4	vk_index	R4_index	dr-diabetic-retinopathy.md:93			36277849	year=2022 species=[human]	Single-cell multiome of the human retina and deep learning nominate causal variants in complex eye diseases.	Cell genomics	Single-cell multiome of the human retina and deep learning nominate causal variants in complex eye diseases.	Cell genomics	2022 Aug	epmc,eutils	GOOD	1	0	1	0	1	0	C1+存储题名与题录 rt 全等/前缀	2020-22	1
F4	vk_index	R4_index	models.md:911			35095414	year=2021 species=[human]	Temporal and Isoform-Specific Expression of  CTBP2  Is Evolutionarily Conserved Between the Developing Chick and Human Retina	Frontiers in molecular neuroscience	Temporal and Isoform-Specific Expression of CTBP2 Is Evolutionarily Conserved Between the Developing Chick and Human Retina.	Frontiers in molecular neuroscience	2021	epmc,eutils	GOOD	1	0	1	0	1	0	C1+存储题名与题录 rt 全等/前缀	2020-22	1
F4	vk_index	R4_index	photoreceptor.md:397			35974011	year=2022 species=[human]	Modeling PRPF31 retinitis pigmentosa using retinal pigment epithelium and organoids combined with gene augmentation rescue.	NPJ Regenerative medicine	Modeling PRPF31 retinitis pigmentosa using retinal pigment epithelium and organoids combined with gene augmentation rescue.	NPJ Regenerative medicine	2022 Aug	epmc,eutils	GOOD	1	0	1	0	0	0	C1+存储题名与题录 rt 全等/前缀	2020-22	1
F4	vk_index	R4_index	models.md:914			33476374	year=2021 species=[human]	Prpf31 is essential for the survival and differentiation of retinal progenitor cells by modulating alternative splicing.	Nucleic acids research	Prpf31 is essential for the survival and differentiation of retinal progenitor cells by modulating alternative splicing.	Nucleic acids research	2021 Feb	epmc,eutils	GOOD	1	0	1	0	0	0	C1+存储题名与题录 rt 全等/前缀	2020-22	1
F4	vk_index	R4_index	retina-development.md:371			34356611	year=2021 species=[human]	Stem Cell-Based Regeneration and Restoration for Retinal Ganglion Cell: Recent Advancements and Current Challenges.	Biomolecules	Stem Cell-Based Regeneration and Restoration for Retinal Ganglion Cell: Recent Advancements and Current Challenges.	Biomolecules	2021 Jul	epmc,eutils	GOOD	1	0	1	0	0	0	C1+存储题名与题录 rt 全等/前缀	2020-22	1
F4	vk_index	R4_index	inherited-disease.md:221			35325233	year=2022 species=[human]	pRB-Depleted Pluripotent Stem Cell Retinal Organoids Recapitulate Cell State Transitions of Retinoblastoma Development and Suggest an Important Role for pRB in Retinal Cell Differentiation.	Stem cells translational medicine	pRB-Depleted Pluripotent Stem Cell Retinal Organoids Recapitulate Cell State Transitions of Retinoblastoma Development and Suggest an Important Role for pRB in Retinal Cell Differe	Stem cells translational medicine	2022 Apr	epmc,eutils	GOOD	1	0	1	0	0	0	C1+存储题名与题录 rt 全等/前缀	2020-22	1
F4	vk_index	R4_index	tissue-RPE.md:298			33077798	year=2020 species=[human]	Cysteinyl leukotriene receptor 1 modulates autophagic activity in retinal pigment epithelial cells.	Scientific reports	Cysteinyl leukotriene receptor 1 modulates autophagic activity in retinal pigment epithelial cells.	Scientific reports	2020 Oct	epmc,eutils	GOOD	1	0	1	0	0	0	C1+存储题名与题录 rt 全等/前缀	2020-22	1
F4	vk_index	R4_index	models.md:670			35283756	year=2022 species=[unknown]	Variability in Retinal Neuron Populations and Associated Variations in Mass Transport Systems of the Retina in Health and Aging.	Frontiers in aging neuroscience	Variability in Retinal Neuron Populations and Associated Variations in Mass Transport Systems of the Retina in Health and Aging.	Frontiers in aging neuroscience	2022	epmc,eutils	GOOD	1	0	1	0	0	0	C1+存储题名与题录 rt 全等/前缀	2020-22	1
F4	vk_index	R4_index	rpe.md:216			33377455	year=2021 species=[human]	Human Stem Cell-Derived Retinal Pigment Epithelial Cells as a Model for Drug Screening and Pre-Clinical Assays Compared to ARPE-19 Cell Line.	International journal of stem cells	Human Stem Cell-Derived Retinal Pigment Epithelial Cells as a Model for Drug Screening and Pre-Clinical Assays Compared to ARPE-19 Cell Line.	International journal of stem cells	2021 Feb	epmc,eutils	GOOD	1	0	1	0	1	0	C1+存储题名与题录 rt 全等/前缀	2020-22	1
F4	vk_index	R4_index	glial-microglia.md:286			32272552	year=2020 species=[mouse]	Lack of Overt Retinal Degeneration in a K42E <i>Dhdds</i> Knock-In Mouse Model of RP59.	Cells	Lack of Overt Retinal Degeneration in a K42E Dhdds Knock-In Mouse Model of RP59.	Cells	2020 Apr	epmc,eutils	GOOD	1	0	1	0	1	0	C1+存储题名与题录 rt 全等/前缀	2020-22	1
F4	vk_index	R4_index	photoreceptor.md:532			32937137	year=2020 species=[both]	LIM-Homeodomain Transcription Factor LHX4 Is Required for the Differentiation of Retinal Rod Bipolar Cells and OFF-Cone Bipolar Subtypes.	Cell reports	LIM-Homeodomain Transcription Factor LHX4 Is Required for the Differentiation of Retinal Rod Bipolar Cells and OFF-Cone Bipolar Subtypes.	Cell reports	2020 Sep	epmc,eutils	GOOD	1	0	1	0	0	0	C1+存储题名与题录 rt 全等/前缀	2020-22	1
F4	vk_index	R4_index	inherited-disease.md:288			34485594	year=2021 species=[both]	Characterizing the cellular immune response to subretinal AAV gene therapy in the murine retina.	Molecular therapy. Methods & clinical development	Characterizing the cellular immune response to subretinal AAV gene therapy in the murine retina.	Molecular therapy. Methods & clinical development	2021 Sep	epmc,eutils	GOOD	1	0	1	0	0	0	C1+存储题名与题录 rt 全等/前缀	2020-22	1
F4	vk_index	R4_index	tissue-lens.md:182			32901881	year=2020 species=[human]	ITCH regulates oxidative stress induced by high glucose through thioredoxin interacting protein in cultured human lens epithelial cells.	Molecular medicine reports	ITCH regulates oxidative stress induced by high glucose through thioredoxin interacting protein in cultured human lens epithelial cells.	Molecular medicine reports	2020 Nov	epmc,eutils	GOOD	1	0	1	0	1	0	C1+存储题名与题录 rt 全等/前缀	2020-22	1
F4	vk_index	R4_index	visual-function.md:300			32235464	year=2020 species=[mouse]	Photobiomodulation Mediates Neuroprotection against Blue Light Induced Retinal Photoreceptor Degeneration.	International journal of molecular sciences	Photobiomodulation Mediates Neuroprotection against Blue Light Induced Retinal Photoreceptor Degeneration.	International journal of molecular sciences	2020 Mar	epmc,eutils	GOOD	1	0	1	0	0	0	C1+存储题名与题录 rt 全等/前缀	2020-22	1
F4	vk_index	R4_index	rpe.md:206			33805370	year=2021 species=[human]	Products of Docosahexaenoate Oxidation as Contributors to Photosensitising Properties of Retinal Lipofuscin.	International journal of molecular sciences	Products of Docosahexaenoate Oxidation as Contributors to Photosensitising Properties of Retinal Lipofuscin.	International journal of molecular sciences	2021 Mar	epmc,eutils	GOOD	1	0	1	0	0	0	C1+存储题名与题录 rt 全等/前缀	2020-22	1
F4	vk_index	R4_index	vascular.md:219			32298438	year=2020 species=[mouse]	PPARα-Dependent Effects of Palmitoylethanolamide Against Retinal Neovascularization and Fibrosis.	Investigative ophthalmology & visual science	PPARα-Dependent Effects of Palmitoylethanolamide Against Retinal Neovascularization and Fibrosis.	Investigative ophthalmology & visual science	2020 Apr	epmc,eutils	GOOD	1	0	1	0	0	0	C1+存储题名与题录 rt 全等/前缀	2020-22	1
F4	vk_index	R4_index	glaucoma.md:217			35619185	year=2022 species=[mouse]	Fibronectin extra domain A (FN-EDA) causes glaucomatous trabecular meshwork, retina, and optic nerve damage in mice.	Cell & bioscience	Fibronectin extra domain A (FN-EDA) causes glaucomatous trabecular meshwork, retina, and optic nerve damage in mice.	Cell & bioscience	2022 May	epmc,eutils	GOOD	1	0	1	0	0	0	C1+存储题名与题录 rt 全等/前缀	2020-22	1
F4	vk_index	R4_index	inherited-disease.md:268			35327647	year=2022 species=[mouse]	Inherited Retinal Degeneration: PARP-Dependent Activation of Calpain Requires CNG Channel Activity.	Biomolecules	Inherited Retinal Degeneration: PARP-Dependent Activation of Calpain Requires CNG Channel Activity.	Biomolecules	2022 Mar	epmc,eutils	GOOD	1	0	1	0	0	0	C1+存储题名与题录 rt 全等/前缀	2020-22	1
F4	vk_index	R4_index	aging.md:247			34691611	year=2021 species=[human]	A single-cell transcriptome atlas of the aging human and macaque retina.	National science review	A single-cell transcriptome atlas of the aging human and macaque retina.	National science review	2021 Apr	epmc,eutils	GOOD	1	0	1	0	1	0	C1+存储题名与题录 rt 全等/前缀	2020-22	1
F4	vk_index	R4_index	vascular.md:205			34572088	year=2021 species=[mouse]	Betulinic Acid Protects from Ischemia-Reperfusion Injury in the Mouse Retina.	Cells	Betulinic Acid Protects from Ischemia-Reperfusion Injury in the Mouse Retina.	Cells	2021 Sep	epmc,eutils	GOOD	1	0	1	0	1	0	C1+存储题名与题录 rt 全等/前缀	2020-22	1
F4	vk_index	R4_index	models.md:1087			32910134	year=2020 species=[mouse]	Intermittent Hypoxia Promotes Functional Neuroprotection from Retinal Ischemia in Untreated First-Generation Offspring: Proteomic Mechanistic Insights.	Investigative ophthalmology & visual science	Intermittent Hypoxia Promotes Functional Neuroprotection from Retinal Ischemia in Untreated First-Generation Offspring: Proteomic Mechanistic Insights.	Investigative ophthalmology & visual science	2020 Sep	epmc,eutils	GOOD	1	0	1	0	0	0	C1+存储题名与题录 rt 全等/前缀	2020-22	1
F4	vk_index	R4_index	retina-development.md:280			35314028	year=2022 species=[other]	Strip1 regulates retinal ganglion cell survival by suppressing Jun-mediated apoptosis to promote retinal neural circuit formation.	eLife	Strip1 regulates retinal ganglion cell survival by suppressing Jun-mediated apoptosis to promote retinal neural circuit formation.	eLife	2022 Mar	epmc,eutils	GOOD	1	0	1	0	0	0	C1+存储题名与题录 rt 全等/前缀	2020-22	1
F4	vk_index	R4_index	retina-development.md:290			35325233	year=2022 species=[human]	pRB-Depleted Pluripotent Stem Cell Retinal Organoids Recapitulate Cell State Transitions of Retinoblastoma Development and Suggest an Important Role for pRB in Retinal Cell Differentiation.	Stem cells translational medicine	pRB-Depleted Pluripotent Stem Cell Retinal Organoids Recapitulate Cell State Transitions of Retinoblastoma Development and Suggest an Important Role for pRB in Retinal Cell Differe	Stem cells translational medicine	2022 Apr	epmc,eutils	GOOD	1	0	1	0	0	0	C1+存储题名与题录 rt 全等/前缀	2020-22	1
F4	vk_index	R4_index	glaucoma.md:274			33096050	year=2020 species=[both]	Quick Commitment and Efficient Reprogramming Route of Direct Induction of Retinal Ganglion Cell-like Neurons.	Stem cell reports	Quick Commitment and Efficient Reprogramming Route of Direct Induction of Retinal Ganglion Cell-like Neurons.	Stem cell reports	2020 Nov	epmc,eutils	GOOD	1	0	1	0	0	0	C1+存储题名与题录 rt 全等/前缀	2020-22	1
F4	vk_index	R4_index	inherited-disease.md:249			36710928	year=2022 species=[human]	Gene-agnostic therapeutic approaches for inherited retinal degenerations.	Frontiers in molecular neuroscience	Gene-agnostic therapeutic approaches for inherited retinal degenerations.	Frontiers in molecular neuroscience	2022	epmc,eutils	GOOD	1	0	1	0	0	0	C1+存储题名与题录 rt 全等/前缀	2020-22	1
F4	vk_index	R4_index	vascular.md:162			36454214	year=2022 species=[both]	Amino acid transporter SLC38A5 regulates developmental and pathological retinal angiogenesis.	eLife	Amino acid transporter SLC38A5 regulates developmental and pathological retinal angiogenesis.	eLife	2022 Dec	epmc,eutils	GOOD	1	0	1	0	0	0	C1+存储题名与题录 rt 全等/前缀	2020-22	1
F4	vk_index	R4_index	visual-function.md:270			34072522	year=2021 species=[human]	Transcriptome Profiling of Embryonic Retinal Pigment Epithelium Reprogramming.	Genes	Transcriptome Profiling of Embryonic Retinal Pigment Epithelium Reprogramming.	Genes	2021 May	epmc,eutils	GOOD	1	0	1	0	0	0	C1+存储题名与题录 rt 全等/前缀	2020-22	1
F4	vk_index	R4_index	models.md:850			35637215	year=2022 species=[both]	Inhibiting multiple forms of cell death optimizes ganglion cells survival after retinal ischemia reperfusion injury.	Cell death & disease	Inhibiting multiple forms of cell death optimizes ganglion cells survival after retinal ischemia reperfusion injury.	Cell death & disease	2022 May	epmc,eutils	GOOD	1	0	1	0	0	0	C1+存储题名与题录 rt 全等/前缀	2020-22	1
F4	vk_index	R4_index	models.md:1090			31900165	year=2020 species=[both]	IL-1β induces rod degeneration through the disruption of retinal glutamate homeostasis.	Journal of neuroinflammation	IL-1β induces rod degeneration through the disruption of retinal glutamate homeostasis.	Journal of neuroinflammation	2020 Jan	epmc,eutils	GOOD	1	0	1	0	0	0	C1+存储题名与题录 rt 全等/前缀	2020-22	1
F4	vk_index	R4_index	glaucoma.md:177			36223749	year=2022 species=[other]	Calcium-permeable AMPA receptors on AII amacrine cells mediate sustained signaling in the On-pathway of the primate retina.	Cell reports	Calcium-permeable AMPA receptors on AII amacrine cells mediate sustained signaling in the On-pathway of the primate retina.	Cell reports	2022 Oct	epmc,eutils	GOOD	1	0	1	0	0	0	C1+存储题名与题录 rt 全等/前缀	2020-22	1
F4	vk_index	R4_index	photoreceptor.md:543			31918438	year=2020 species=[mouse]	Neuronal Epac1 mediates retinal neurodegeneration in mouse models of ocular hypertension.	The Journal of experimental medicine	Neuronal Epac1 mediates retinal neurodegeneration in mouse models of ocular hypertension.	The Journal of experimental medicine	2020 Apr	epmc,eutils	GOOD	1	0	1	0	1	0	C1+存储题名与题录 rt 全等/前缀	2020-22	1
F4	vk_index	R4_index	tissue-ciliary_body.md:190			33809498	year=2021 species=[unknown]	Central Apparatus, the Molecular Kickstarter of Ciliary and Flagellar Nanomachines.	International journal of molecular sciences	Central Apparatus, the Molecular Kickstarter of Ciliary and Flagellar Nanomachines.	International journal of molecular sciences	2021 Mar	epmc,eutils	GOOD	1	0	0	0	0	0	C1+存储题名与题录 rt 全等/前缀	2020-22	1
F4	vk_index	R4_index	tissue-ciliary_body.md:189			34066037	year=2021 species=[unknown]	Involvement of Huntingtin in Development and Ciliary Beating Regulation of Larvae of the Sea Urchin, <i>Hemicentrotus pulcherrimus</i>.	International journal of molecular sciences	Involvement of Huntingtin in Development and Ciliary Beating Regulation of Larvae of the Sea Urchin, Hemicentrotus pulcherrimus.	International journal of molecular sciences	2021 May	epmc,eutils	GOOD	1	0	0	0	0	0	C1+存储题名与题录 rt 全等/前缀	2020-22	1
F4	vk_index	R4_index	aging.md:250			34465369	year=2021 species=[both]	Functional microRNA targetome undergoes degeneration-induced shift in the retina.	Molecular neurodegeneration	Functional microRNA targetome undergoes degeneration-induced shift in the retina.	Molecular neurodegeneration	2021 Aug	epmc,eutils	GOOD	1	0	1	0	0	0	C1+存储题名与题录 rt 全等/前缀	2020-22	1
F4	vk_index	R4_index	tissue-lens.md:155			35805085	year=2022 species=[both]	Aged Lens Epithelial Cells Suppress Proliferation and Epithelial-Mesenchymal Transition-Relevance for Posterior Capsule Opacification.	Cells	Aged Lens Epithelial Cells Suppress Proliferation and Epithelial-Mesenchymal Transition-Relevance for Posterior Capsule Opacification.	Cells	2022 Jun	epmc,eutils	GOOD	1	0	1	0	0	0	C1+存储题名与题录 rt 全等/前缀	2020-22	1
F4	vk_index	R4_index	models.md:1023			32863184	year=2020 species=[mouse]	Retinal homeostasis and metformin-induced protection are not affected by retina-specific  Pparδ  knockout	Redox biology	Retinal homeostasis and metformin-induced protection are not affected by retina-specific Pparδ knockout.	Redox biology	2020 Oct	epmc,eutils	GOOD	1	0	1	0	0	0	C1+存储题名与题录 rt 全等/前缀	2020-22	1
F4	vk_index	R4_index	tissue-trabecular_meshwork.md:111			34279462	year=2021 species=[human]	Expression of Vascular Endothelial Growth Factor-C in the Trabecular Meshwork of Patients with Neovascular Glaucoma and Primary Open-Angle Glaucoma.	Journal of clinical medicine	Expression of Vascular Endothelial Growth Factor-C in the Trabecular Meshwork of Patients with Neovascular Glaucoma and Primary Open-Angle Glaucoma.	Journal of clinical medicine	2021 Jul	epmc,eutils	GOOD	1	0	1	0	0	0	C1+存储题名与题录 rt 全等/前缀	2020-22	1
F4	vk_index	R4_index	retina-development.md:391			34273276	year=2021 species=[mouse]	Specialized endothelial tip cells guide neuroretina vascularization and blood-retina-barrier formation.	Developmental cell	Specialized endothelial tip cells guide neuroretina vascularization and blood-retina-barrier formation.	Developmental cell	2021 Aug	epmc,eutils	GOOD	1	0	1	0	0	0	C1+存储题名与题录 rt 全等/前缀	2020-22	1
F4	vk_index	R4_index	retina-development.md:438			33022222	year=2020 species=[human]	Structural Variants Create New Topological-Associated Domains and Ectopic Retinal Enhancer-Gene Contact in Dominant Retinitis Pigmentosa.	American journal of human genetics	Structural Variants Create New Topological-Associated Domains and Ectopic Retinal Enhancer-Gene Contact in Dominant Retinitis Pigmentosa.	American journal of human genetics	2020 Nov	epmc,eutils	GOOD	1	0	1	0	1	0	C1+存储题名与题录 rt 全等/前缀	2020-22	1
F4	vk_index	R4_index	methods-scrna.md:281			35394492	year=2022 species=[mouse]	Identification of CD157-Positive Vascular Endothelial Stem Cells in Mouse Retinal and Choroidal Vessels: Fluorescence-Activated Cell Sorting Analysis.	Investigative ophthalmology & visual science	Identification of CD157-Positive Vascular Endothelial Stem Cells in Mouse Retinal and Choroidal Vessels: Fluorescence-Activated Cell Sorting Analysis.	Investigative ophthalmology & visual science	2022 Apr	epmc,eutils	GOOD	1	0	1	0	1	0	C1+存储题名与题录 rt 全等/前缀	2020-22	1
F4	vk_index	R4_index	photoreceptor.md:403			34953858	year=2022 species=[human]	Oxidative stress induces Z-DNA-binding protein 1-dependent activation of microglia via mtDNA released from retinal pigment epithelial cells.	The Journal of biological chemistry	Oxidative stress induces Z-DNA-binding protein 1-dependent activation of microglia via mtDNA released from retinal pigment epithelial cells.	The Journal of biological chemistry	2022 Jan	epmc,eutils	GOOD	1	0	1	0	0	0	C1+存储题名与题录 rt 全等/前缀	2020-22	1
F4	vk_index	R4_index	methods-scrna.md:394			33173609	year=2020 species=[human]	Laser Capture Microdissection-Based RNA Microsequencing Reveals Optic Nerve Crush-Related Early mRNA Alterations in Retinal Ganglion Cell Layer.	Translational vision science & technology	Laser Capture Microdissection-Based RNA Microsequencing Reveals Optic Nerve Crush-Related Early mRNA Alterations in Retinal Ganglion Cell Layer.	Translational vision science & technology	2020 Oct	epmc,eutils	GOOD	1	0	1	0	0	0	C1+存储题名与题录 rt 全等/前缀	2020-22	1
F4	vk_index	R4_index	tissue-trabecular_meshwork.md:104			34754027	year=2021 species=[human]	The effects of exosomes derived from trabecular meshwork cells on Schlemm's canal endothelial cells.	Scientific reports	The effects of exosomes derived from trabecular meshwork cells on Schlemm's canal endothelial cells.	Scientific reports	2021 Nov	epmc,eutils	GOOD	1	0	0	0	0	0	C1+存储题名与题录 rt 全等/前缀	2020-22	1
F4	vk_index	R4_index	models.md:1046			33324144	year=2020 species=[human]	An <i>in vitro</i> Model of Human Retinal Detachment Reveals Successive Death Pathway Activations.	Frontiers in neuroscience	An in vitro Model of Human Retinal Detachment Reveals Successive Death Pathway Activations.	Frontiers in neuroscience	2020	epmc,eutils	GOOD	1	0	1	0	1	0	C1+存储题名与题录 rt 全等/前缀	2020-22	1
F4	vk_index	R4_index	tissue-lens.md:135			35058548	year=2022 species=[human]	Essential function of adaptor protein Nck1 in platelet-derived growth factor receptor signaling in human lens epithelial cells.	Scientific reports	Essential function of adaptor protein Nck1 in platelet-derived growth factor receptor signaling in human lens epithelial cells.	Scientific reports	2022 Jan	epmc,eutils	GOOD	1	0	1	0	1	0	C1+存储题名与题录 rt 全等/前缀	2020-22	1
F4	vk_index	R4_index	regeneration.md:159			33563331	year=2021 species=[unknown]	Epigenetic regulation of retinal development.	Epigenetics & chromatin	Epigenetic regulation of retinal development.	Epigenetics & chromatin	2021 Feb	epmc,eutils	GOOD	1	0	1	0	0	0	C1+存储题名与题录 rt 全等/前缀	2020-22	1
F4	vk_index	R4_index	models.md:768			36096985	year=2022 species=[human]	Direct conversion of human umbilical cord mesenchymal stem cells into retinal pigment epithelial cells for treatment of retinal degeneration.	Cell death & disease	Direct conversion of human umbilical cord mesenchymal stem cells into retinal pigment epithelial cells for treatment of retinal degeneration.	Cell death & disease	2022 Sep	epmc,eutils	GOOD	1	0	1	0	1	0	C1+存储题名与题录 rt 全等/前缀	2020-22	1
F4	vk_index	R4_index	metabolism.md:166			34070383	year=2021 species=[mouse]	Erythropoietin Gene Therapy Delays Retinal Degeneration Resulting from Oxidative Stress in the Retinal Pigment Epithelium.	Antioxidants (Basel, Switzerland)	Erythropoietin Gene Therapy Delays Retinal Degeneration Resulting from Oxidative Stress in the Retinal Pigment Epithelium.	Antioxidants (Basel, Switzerland)	2021 May	epmc,eutils	GOOD	1	0	1	0	0	0	C1+存储题名与题录 rt 全等/前缀	2020-22	1
F4	vk_index	R4_index	retina-development.md:324			36778138	year=2022 species=[human]	Retinal ganglion cell-specific genetic regulation in primary open-angle glaucoma.	Cell genomics	Retinal ganglion cell-specific genetic regulation in primary open-angle glaucoma.	Cell genomics	2022 Jun	epmc,eutils	GOOD	1	0	1	0	0	0	C1+存储题名与题录 rt 全等/前缀	2020-22	1
F4	vk_index	R4_index	glaucoma.md:250			33739997	year=2021 species=[human]	Quantitative assessment of retinal thickness and vessel density using optical coherence tomography angiography in patients with Alzheimer's disease and glaucoma.	PloS one	Quantitative assessment of retinal thickness and vessel density using optical coherence tomography angiography in patients with Alzheimer's disease and glaucoma.	PloS one	2021	epmc,eutils	GOOD	1	0	1	0	0	0	C1+存储题名与题录 rt 全等/前缀	2020-22	1
F4	vk_index	R4_index	photoreceptor.md:430			35239671	year=2022 species=[mouse]	Deficiency in Lyst function leads to accumulation of secreted proteases and reduced retinal adhesion.	PloS one	Deficiency in Lyst function leads to accumulation of secreted proteases and reduced retinal adhesion.	PloS one	2022	epmc,eutils	GOOD	1	0	1	0	0	0	C1+存储题名与题录 rt 全等/前缀	2020-22	1
F4	vk_index	R4_index	tissue-lens.md:134			35120923	year=2022 species=[human]	Cataract-linked serine mutations in the gap junction protein connexin50 expose a sorting signal that promotes its lysosomal degradation.	The Journal of biological chemistry	Cataract-linked serine mutations in the gap junction protein connexin50 expose a sorting signal that promotes its lysosomal degradation.	The Journal of biological chemistry	2022 Mar	epmc,eutils	GOOD	1	0	1	0	0	0	C1+存储题名与题录 rt 全等/前缀	2020-22	1
F4	vk_index	R4_index	aging.md:281			33585455	year=2020 species=[both]	Secreted Phosphoprotein 1 Expression in Retinal Mononuclear Phagocytes Links Murine to Human Choroidal Neovascularization.	Frontiers in cell and developmental biology	Secreted Phosphoprotein 1 Expression in Retinal Mononuclear Phagocytes Links Murine to Human Choroidal Neovascularization.	Frontiers in cell and developmental biology	2020	epmc,eutils	GOOD	1	0	1	0	0	0	C1+存储题名与题录 rt 全等/前缀	2020-22	1
F4	vk_index	R4_index	tissue-RPE.md:272			33994920	year=2021 species=[human]	Mutant PRPF8 Causes Widespread Splicing Changes in Spliceosome Components in Retinitis Pigmentosa Patient iPSC-Derived RPE Cells.	Frontiers in neuroscience	Mutant PRPF8 Causes Widespread Splicing Changes in Spliceosome Components in Retinitis Pigmentosa Patient iPSC-Derived RPE Cells.	Frontiers in neuroscience	2021	epmc,eutils	GOOD	1	0	1	0	0	0	C1+存储题名与题录 rt 全等/前缀	2020-22	1
F4	vk_index	R4_index	glial-microglia.md:234			33627831	year=2021 species=[both]	βA1-crystallin regulates glucose metabolism and mitochondrial function in mouse retinal astrocytes by modulating PTP1B activity.	Communications biology	βA1-crystallin regulates glucose metabolism and mitochondrial function in mouse retinal astrocytes by modulating PTP1B activity.	Communications biology	2021 Feb	epmc,eutils	GOOD	1	0	1	0	0	0	C1+存储题名与题录 rt 全等/前缀	2020-22	1
F4	vk_index	R4_index	tissue-RPE.md:293			33242397	year=2020 species=[human]	A Human Retinal Pigment Epithelium-Based Screening Platform Reveals Inducers of Photoreceptor Outer Segments Phagocytosis.	Stem cell reports	A Human Retinal Pigment Epithelium-Based Screening Platform Reveals Inducers of Photoreceptor Outer Segments Phagocytosis.	Stem cell reports	2020 Dec	epmc,eutils	GOOD	1	0	1	0	1	0	C1+存储题名与题录 rt 全等/前缀	2020-22	1
F4	vk_index	R4_index	models.md:696			35452679	year=2022 species=[mouse]	Lysophosphatidylcholine acyltransferase 1 controls mitochondrial reactive oxygen species generation and survival of retinal photoreceptor cells.	The Journal of biological chemistry	Lysophosphatidylcholine acyltransferase 1 controls mitochondrial reactive oxygen species generation and survival of retinal photoreceptor cells.	The Journal of biological chemistry	2022 Jun	epmc,eutils	GOOD	1	0	1	0	1	0	C1+存储题名与题录 rt 全等/前缀	2020-22	1
F4	vk_index	R4_index	aging.md:285			32751632	year=2020 species=[human]	Nanoscopic Approach to Study the Early Stages of Epithelial to Mesenchymal Transition (EMT) of Human Retinal Pigment Epithelial (RPE) Cells In Vitro.	Life (Basel, Switzerland)	Nanoscopic Approach to Study the Early Stages of Epithelial to Mesenchymal Transition (EMT) of Human Retinal Pigment Epithelial (RPE) Cells In Vitro.	Life (Basel, Switzerland)	2020 Jul	epmc,eutils	GOOD	1	0	1	0	1	0	C1+存储题名与题录 rt 全等/前缀	2020-22	1
F4	vk_index	R4_index	tissue-lens.md:139			35435923	year=2022 species=[human]	The E3 Ligase RNF157 Inhibits Lens Epithelial Cell Apoptosis by Negatively Regulating p53 in Age-Related Cataracts.	Investigative ophthalmology & visual science	The E3 Ligase RNF157 Inhibits Lens Epithelial Cell Apoptosis by Negatively Regulating p53 in Age-Related Cataracts.	Investigative ophthalmology & visual science	2022 Apr	epmc,eutils	GOOD	1	0	1	0	0	0	C1+存储题名与题录 rt 全等/前缀	2020-22	1
F4	vk_index	R4_index	methods-scrna.md:384			32555229	year=2020 species=[human]	Cell Atlas of The Human Fovea and Peripheral Retina.	Scientific reports	Cell Atlas of The Human Fovea and Peripheral Retina.	Scientific reports	2020 Jun	epmc,eutils	GOOD	1	0	1	0	1	0	C1+存储题名与题录 rt 全等/前缀	2020-22	1
F4	vk_index	R4_index	inherited-disease.md:242			36240775	year=2022 species=[human]	Molecular pathology of Usher 1B patient-derived retinal organoids at single cell resolution.	Stem cell reports	Molecular pathology of Usher 1B patient-derived retinal organoids at single cell resolution.	Stem cell reports	2022 Nov	epmc,eutils	GOOD	1	0	1	0	0	0	C1+存储题名与题录 rt 全等/前缀	2020-22	1
F4	vk_index	R4_index	tissue-optic_nerve.md:176			34908112	year=2022 species=[both]	Selective retinal ganglion cell loss and optic neuropathy in a humanized mouse model of familial dysautonomia.	Human molecular genetics	Selective retinal ganglion cell loss and optic neuropathy in a humanized mouse model of familial dysautonomia.	Human molecular genetics	2022 Jun	epmc,eutils	GOOD	1	0	1	0	0	0	C1+存储题名与题录 rt 全等/前缀	2020-22	1
F4	vk_index	R4_index	models.md:1072			32582664	year=2020 species=[mouse]	Automated Hypothesis Generation to Identify Signals Relevant in the Development of Mammalian Cell and Tissue Bioprocesses, With Validation in a Retinal Culture System.	Frontiers in bioengineering and biotechnology	Automated Hypothesis Generation to Identify Signals Relevant in the Development of Mammalian Cell and Tissue Bioprocesses, With Validation in a Retinal Culture System.	Frontiers in bioengineering and biotechnology	2020	epmc,eutils	GOOD	1	0	1	0	0	0	C1+存储题名与题录 rt 全等/前缀	2020-22	1
F4	vk_index	R4_index	models.md:821			36613856	year=2022 species=[mouse]	Protective Effect of Pioglitazone on Retinal Ganglion Cells in an Experimental Mouse Model of Ischemic Optic Neuropathy.	International journal of molecular sciences	Protective Effect of Pioglitazone on Retinal Ganglion Cells in an Experimental Mouse Model of Ischemic Optic Neuropathy.	International journal of molecular sciences	2022 Dec	epmc,eutils	GOOD	1	0	1	0	1	0	C1+存储题名与题录 rt 全等/前缀	2020-22	1
F4	vk_index	R4_index	methods-scrna.md:382			32313077	year=2020 species=[both]	Impacts of ciliary neurotrophic factor on the retinal transcriptome in a mouse model of photoreceptor degeneration.	Scientific reports	Impacts of ciliary neurotrophic factor on the retinal transcriptome in a mouse model of photoreceptor degeneration.	Scientific reports	2020 Apr	epmc,eutils	GOOD	1	0	1	0	0	0	C1+存储题名与题录 rt 全等/前缀	2020-22	1
F4	vk_index	R4_index	glial-microglia.md:250			33640465	year=2021 species=[human]	VEGFR1 signaling in retinal angiogenesis and microinflammation.	Progress in retinal and eye research	VEGFR1 signaling in retinal angiogenesis and microinflammation.	Progress in retinal and eye research	2021 Sep	epmc,eutils	GOOD	1	0	1	0	0	0	C1+存储题名与题录 rt 全等/前缀	2020-22	1
F4	vk_index	R4_index	tissue-ciliary_body.md:217			32452112	year=2020 species=[mouse]	An immune response to the avascular lens following wounding of the cornea involves ciliary zonule fibrils.	FASEB journal : official publication of the Federation of American Societies for Experimental Biology	An immune response to the avascular lens following wounding of the cornea involves ciliary zonule fibrils.	FASEB journal : official publication of the Federation of American Societies for	2020 Jul	epmc,eutils	GOOD	1	0	1	0	0	0	C1+存储题名与题录 rt 全等/前缀	2020-22	1
F4	vk_index	R4_index	photoreceptor.md:529			33141024	year=2020 species=[other]	Asymmetric neurogenic commitment of retinal progenitors involves Notch through the endocytic pathway.	eLife	Asymmetric neurogenic commitment of retinal progenitors involves Notch through the endocytic pathway.	eLife	2020 Nov	epmc,eutils	GOOD	1	0	1	0	0	0	C1+存储题名与题录 rt 全等/前缀	2020-22	1
F4	vk_index	R4_index	tissue-cornea.md:181			35659288	year=2022 species=[human]	Long-term observation after transplantation of cultured human corneal endothelial cells for corneal endothelial dysfunction.	Stem cell research & therapy	Long-term observation after transplantation of cultured human corneal endothelial cells for corneal endothelial dysfunction.	Stem cell research & therapy	2022 Jun	epmc,eutils	GOOD	1	0	1	0	1	0	C1+存储题名与题录 rt 全等/前缀	2020-22	1
F4	vk_index	R4_index	models.md:1058			32826201	year=2020 species=[mouse]	Oxidative stress in the retina and retinal pigment epithelium (RPE): Role of aging, and DJ-1.	Redox biology	Oxidative stress in the retina and retinal pigment epithelium (RPE): Role of aging, and DJ-1.	Redox biology	2020 Oct	epmc,eutils	GOOD	1	0	1	0	0	0	C1+存储题名与题录 rt 全等/前缀	2020-22	1
F4	vk_index	R4_index	tissue-cornea.md:194			34172618	year=2022 species=[human]	Curative effect and possible mechanism of taurine on early corneal alkali burns.	Chinese medical journal	Curative effect and possible mechanism of taurine on early corneal alkali burns.	Chinese medical journal	2022 Mar	epmc,eutils	GOOD	1	0	1	0	0	0	C1+存储题名与题录 rt 全等/前缀	2020-22	1
F4	vk_index	R4_index	tissue-choroid.md:219			32749462	year=2020 species=[mouse]	A Clinical Metabolite of Azidothymidine Inhibits Experimental Choroidal Neovascularization and Retinal Pigmented Epithelium Degeneration.	Investigative ophthalmology & visual science	A Clinical Metabolite of Azidothymidine Inhibits Experimental Choroidal Neovascularization and Retinal Pigmented Epithelium Degeneration.	Investigative ophthalmology & visual science	2020 Aug	epmc,eutils	GOOD	1	0	1	0	0	0	C1+存储题名与题录 rt 全等/前缀	2020-22	1
F4	vk_index	R4_index	methods-scrna.md:274			35216333	year=2022 species=[both]	A Splicing Mutation in  Slc4a5  Results in Retinal Detachment and Retinal Pigment Epithelium Dysfunction	International journal of molecular sciences	A Splicing Mutation in Slc4a5 Results in Retinal Detachment and Retinal Pigment Epithelium Dysfunction.	International journal of molecular sciences	2022 Feb	epmc,eutils	GOOD	1	0	1	0	0	0	C1+存储题名与题录 rt 全等/前缀	2020-22	1
F4	vk_index	R4_index	tissue-trabecular_meshwork.md:118			34504578	year=2021 species=[human]	Downregulation of secreted protein acidic and rich in cysteine in human trabecular meshwork cells.	Experimental and therapeutic medicine	Downregulation of secreted protein acidic and rich in cysteine in human trabecular meshwork cells.	Experimental and therapeutic medicine	2021 Oct	epmc,eutils	GOOD	1	0	0	0	1	0	C1+存储题名与题录 rt 全等/前缀	2020-22	1
F4	vk_index	R4_index	aging.md:242			33616620	year=2021 species=[mouse]	Morphometric Analysis of Retinal Pigment Epithelial Cells From C57BL/6J Mice During Aging.	Investigative ophthalmology & visual science	Morphometric Analysis of Retinal Pigment Epithelial Cells From C57BL/6J Mice During Aging.	Investigative ophthalmology & visual science	2021 Feb	epmc,eutils	GOOD	1	0	1	0	0	0	C1+存储题名与题录 rt 全等/前缀	2020-22	1
F4	vk_index	R4_index	models.md:725			36110094	year=2022 species=[unknown]	Complement C3a receptor inactivation attenuates retinal degeneration induced by oxidative damage.	Frontiers in neuroscience	Complement C3a receptor inactivation attenuates retinal degeneration induced by oxidative damage.	Frontiers in neuroscience	2022	epmc,eutils	GOOD	1	0	1	0	0	0	C1+存储题名与题录 rt 全等/前缀	2020-22	1
F4	vk_index	R4_index	photoreceptor.md:456			34465369	year=2021 species=[both]	Functional microRNA targetome undergoes degeneration-induced shift in the retina.	Molecular neurodegeneration	Functional microRNA targetome undergoes degeneration-induced shift in the retina.	Molecular neurodegeneration	2021 Aug	epmc,eutils	GOOD	1	0	1	0	0	0	C1+存储题名与题录 rt 全等/前缀	2020-22	1
F4	vk_index	R4_index	models.md:905			34788628	year=2021 species=[both]	Gene regulatory networks controlling temporal patterning, neurogenesis, and cell-fate specification in mammalian retina.	Cell reports	Gene regulatory networks controlling temporal patterning, neurogenesis, and cell-fate specification in mammalian retina.	Cell reports	2021 Nov	epmc,eutils	GOOD	1	0	1	0	0	0	C1+存储题名与题录 rt 全等/前缀	2020-22	1
F4	vk_index	R4_index	glial-microglia.md:196			35394873	year=2022 species=[mouse]	Monocyte-derived SDF1 supports optic nerve regeneration and alters retinal ganglion cells' response to Pten deletion.	Proceedings of the National Academy of Sciences of the United States of America	Monocyte-derived SDF1 supports optic nerve regeneration and alters retinal ganglion cells' response to Pten deletion.	Proceedings of the National Academy of Sciences of the United States of America	2022 Apr	epmc,eutils	GOOD	1	0	1	0	0	0	C1+存储题名与题录 rt 全等/前缀	2020-22	1
F4	vk_index	R4_index	rpe.md:233			32664635	year=2020 species=[human]	Potential Endogenous Cell Sources for Retinal Regeneration in Vertebrates and Humans: Progenitor Traits and Specialization.	Biomedicines	Potential Endogenous Cell Sources for Retinal Regeneration in Vertebrates and Humans: Progenitor Traits and Specialization.	Biomedicines	2020 Jul	epmc,eutils	GOOD	1	0	1	0	0	0	C1+存储题名与题录 rt 全等/前缀	2020-22	1
F4	vk_index	R4_index	tissue-RPE.md:265			33925448	year=2021 species=[human]	Real-Time Monitoring the Effect of Cytopathic Hypoxia on Retinal Pigment Epithelial Barrier Functionality Using Electric Cell-Substrate Impedance Sensing (ECIS) Biosensor Technology.	International journal of molecular sciences	Real-Time Monitoring the Effect of Cytopathic Hypoxia on Retinal Pigment Epithelial Barrier Functionality Using Electric Cell-Substrate Impedance Sensing (ECIS) Biosensor Technolog	International journal of molecular sciences	2021 Apr	epmc,eutils	GOOD	1	0	1	0	0	0	C1+存储题名与题录 rt 全等/前缀	2020-22	1
F4	vk_index	R4_index	models.md:812			36220082	year=2022 species=[mouse]	Competition for endothelial cell polarity drives vascular morphogenesis in the mouse retina.	Developmental cell	Competition for endothelial cell polarity drives vascular morphogenesis in the mouse retina.	Developmental cell	2022 Oct	epmc,eutils	GOOD	1	0	1	0	1	0	C1+存储题名与题录 rt 全等/前缀	2020-22	1
F4	vk_index	R4_index	retina-development.md:358			33513359	year=2021 species=[human]	Gene Therapy of Dominant  CRX -Leber Congenital Amaurosis using Patient Stem Cell-Derived Retinal Organoids	Stem cell reports	Gene Therapy of Dominant CRX-Leber Congenital Amaurosis using Patient Stem Cell-Derived Retinal Organoids.	Stem cell reports	2021 Feb	epmc,eutils	GOOD	1	0	1	0	0	0	C1+存储题名与题录 rt 全等/前缀	2020-22	1
F4	vk_index	R4_index	glaucoma.md:252			34373754	year=2021 species=[mouse]	Astrocytic YAP protects the optic nerve and retina in an experimental autoimmune encephalomyelitis model through TGF-β signaling.	Theranostics	Astrocytic YAP protects the optic nerve and retina in an experimental autoimmune encephalomyelitis model through TGF-β signaling.	Theranostics	2021	epmc,eutils	GOOD	1	0	1	0	0	0	C1+存储题名与题录 rt 全等/前缀	2020-22	1
F4	vk_index	R4_index	models.md:998			32655363	year=2020 species=[mouse]	Non-photoreceptor Expression of  Tulp1  May Contribute to Extensive Retinal Degeneration in  Tulp1-/-  Mice	Frontiers in neuroscience	Non-photoreceptor Expression of Tulp1 May Contribute to Extensive Retinal Degeneration in Tulp1-/- Mice.	Frontiers in neuroscience	2020	epmc,eutils	GOOD	1	0	1	0	0	0	C1+存储题名与题录 rt 全等/前缀	2020-22	1
F4	vk_index	R4_index	photoreceptor.md:366			36070393	year=2022 species=[both]	Mutations in  BCOR , a co-repressor of  CRX/OTX2 , are associated with early-onset retinal degeneration	Science advances	Mutations in BCOR, a co-repressor of CRX/OTX2, are associated with early-onset retinal degeneration.	Science advances	2022 Sep	epmc,eutils	GOOD	1	0	1	0	0	0	C1+存储题名与题录 rt 全等/前缀	2020-22	1
F4	vk_index	R4_index	regeneration.md:173			34735454	year=2021 species=[mouse]	Serotonin transporter-mediated molecular axis regulates regional retinal ganglion cell vulnerability and axon regeneration after nerve injury.	PLoS genetics	Serotonin transporter-mediated molecular axis regulates regional retinal ganglion cell vulnerability and axon regeneration after nerve injury.	PLoS genetics	2021 Nov	epmc,eutils	GOOD	1	0	1	0	0	0	C1+存储题名与题录 rt 全等/前缀	2020-22	1
F4	vk_index	R4_index	aging.md:288			33119674	year=2020 species=[human]	The distribution of toxic metals in the human retina and optic nerve head: Implications for age-related macular degeneration.	PloS one	The distribution of toxic metals in the human retina and optic nerve head: Implications for age-related macular degeneration.	PloS one	2020	epmc,eutils	GOOD	1	0	1	0	1	0	C1+存储题名与题录 rt 全等/前缀	2020-22	1
F4	vk_index	R4_index	vascular.md:161			36320068	year=2022 species=[unknown]	Transgenic animal models to explore and modulate the blood brain and blood retinal barriers of the CNS.	Fluids and barriers of the CNS	Transgenic animal models to explore and modulate the blood brain and blood retinal barriers of the CNS.	Fluids and barriers of the CNS	2022 Nov	epmc,eutils	GOOD	1	0	1	0	0	0	C1+存储题名与题录 rt 全等/前缀	2020-22	1
F4	vk_index	R4_index	methods-scrna.md:354			34341398	year=2021 species=[human]	Implication of specific retinal cell-type involvement and gene expression changes in AMD progression using integrative analysis of single-cell and bulk RNA-seq profiling.	Scientific reports	Implication of specific retinal cell-type involvement and gene expression changes in AMD progression using integrative analysis of single-cell and bulk RNA-seq profiling.	Scientific reports	2021 Aug	epmc,eutils	GOOD	1	0	1	0	0	0	C1+存储题名与题录 rt 全等/前缀	2020-22	1
F4	vk_index	R4_index	methods-scrna.md:390			33043015	year=2020 species=[mouse]	On the Generation and Regeneration of Retinal Ganglion Cells.	Frontiers in cell and developmental biology	On the Generation and Regeneration of Retinal Ganglion Cells.	Frontiers in cell and developmental biology	2020	epmc,eutils	GOOD	1	0	1	0	0	0	C1+存储题名与题录 rt 全等/前缀	2020-22	1
F4	vk_index	R4_index	inherited-disease.md:305			33963174	year=2021 species=[mouse]	ADIPOR1 deficiency-induced suppression of retinal ELOVL2 and docosahexaenoic acid levels during photoreceptor degeneration and visual loss.	Cell death & disease	ADIPOR1 deficiency-induced suppression of retinal ELOVL2 and docosahexaenoic acid levels during photoreceptor degeneration and visual loss.	Cell death & disease	2021 May	epmc,eutils	GOOD	1	0	1	0	0	0	C1+存储题名与题录 rt 全等/前缀	2020-22	1
F4	vk_index	R4_index	metabolism.md:151			35254423	year=2022 species=[human]	Evolving Patterns of Hyperfluorescent Fundus Autofluorescence Accompany Retinal Atrophy in the Rat and Mimic Atrophic Age-Related Macular Degeneration.	Translational vision science & technology	Evolving Patterns of Hyperfluorescent Fundus Autofluorescence Accompany Retinal Atrophy in the Rat and Mimic Atrophic Age-Related Macular Degeneration.	Translational vision science & technology	2022 Mar	epmc,eutils	GOOD	1	0	1	0	0	0	C1+存储题名与题录 rt 全等/前缀	2020-22	1
F4	vk_index	R4_index	photoreceptor.md:551			32198470	year=2020 species=[mouse]	Sfrp1 deficiency makes retinal photoreceptors prone to degeneration.	Scientific reports	Sfrp1 deficiency makes retinal photoreceptors prone to degeneration.	Scientific reports	2020 Mar	epmc,eutils	GOOD	1	0	1	0	0	0	C1+存储题名与题录 rt 全等/前缀	2020-22	1
F4	vk_index	R4_index	tissue-cornea.md:199			35053425	year=2022 species=[human]	Fibrosis Is a Basement Membrane-Related Disease in the Cornea: Injury and Defective Regeneration of Basement Membranes May Underlie Fibrosis in Other Organs.	Cells	Fibrosis Is a Basement Membrane-Related Disease in the Cornea: Injury and Defective Regeneration of Basement Membranes May Underlie Fibrosis in Other Organs.	Cells	2022 Jan	epmc,eutils	GOOD	1	0	1	0	0	0	C1+存储题名与题录 rt 全等/前缀	2020-22	1
F4	vk_index	R4_index	tissue-ciliary_body.md:135			35810181	year=2022 species=[human]	Ciliary transition zone proteins coordinate ciliary protein composition and ectosome shedding.	Nature communications	Ciliary transition zone proteins coordinate ciliary protein composition and ectosome shedding.	Nature communications	2022 Jul	epmc,eutils	GOOD	1	0	0	0	0	0	C1+存储题名与题录 rt 全等/前缀	2020-22	1
F4	vk_index	R4_index	tissue-lens.md:186			32761139	year=2020 species=[human]	Identification and Characterization of N6-Methyladenosine CircRNAs and Methyltransferases in the Lens Epithelium Cells From Age-Related Cataract.	Investigative ophthalmology & visual science	Identification and Characterization of N6-Methyladenosine CircRNAs and Methyltransferases in the Lens Epithelium Cells From Age-Related Cataract.	Investigative ophthalmology & visual science	2020 Aug	epmc,eutils	GOOD	1	0	1	0	0	0	C1+存储题名与题录 rt 全等/前缀	2020-22	1
F4	vk_index	R4_index	tissue-ciliary_body.md:206			32312818	year=2020 species=[both]	PCARE and WASF3 regulate ciliary F-actin assembly that is required for the initiation of photoreceptor outer segment disk formation.	Proceedings of the National Academy of Sciences of the United States of America	PCARE and WASF3 regulate ciliary F-actin assembly that is required for the initiation of photoreceptor outer segment disk formation.	Proceedings of the National Academy of Sciences of the United States of America	2020 May	epmc,eutils	GOOD	1	0	1	0	0	0	C1+存储题名与题录 rt 全等/前缀	2020-22	1
F4	vk_index	R4_index	methods-scrna.md:324			36524119	year=2022 species=[unknown]	More than meets the eye: The role of microglia in healthy and diseased retina.	Frontiers in immunology	More than meets the eye: The role of microglia in healthy and diseased retina.	Frontiers in immunology	2022	epmc,eutils	GOOD	1	0	1	0	0	0	C1+存储题名与题录 rt 全等/前缀	2020-22	1
F4	vk_index	R4_index	models.md:779			36324894	year=2022 species=[human]	Advances in biomaterials as a retinal patch for the repair of rhegmatogenous retinal detachment.	Frontiers in bioengineering and biotechnology	Advances in biomaterials as a retinal patch for the repair of rhegmatogenous retinal detachment.	Frontiers in bioengineering and biotechnology	2022	epmc,eutils	GOOD	1	0	1	0	0	0	C1+存储题名与题录 rt 全等/前缀	2020-22	1
F4	vk_index	R4_index	tissue-ciliary_body.md:167			33927279	year=2021 species=[mouse]	Estrogen withdrawal alters cytoskeletal and primary ciliary dynamics resulting in increased Hedgehog and osteoclastogenic paracrine signalling in osteocytes.	Scientific reports	Estrogen withdrawal alters cytoskeletal and primary ciliary dynamics resulting in increased Hedgehog and osteoclastogenic paracrine signalling in osteocytes.	Scientific reports	2021 Apr	epmc,eutils	GOOD	1	0	0	0	0	0	C1+存储题名与题录 rt 全等/前缀	2020-22	1
F4	vk_index	R4_index	retina-development.md:323			36368332	year=2022 species=[human]	Directly induced human retinal ganglion cells mimic fetal RGCs and are neuroprotective after transplantation  in vivo	Stem cell reports	Directly induced human retinal ganglion cells mimic fetal RGCs and are neuroprotective after transplantation in vivo.	Stem cell reports	2022 Dec	epmc,eutils	GOOD	1	0	1	0	1	0	C1+存储题名与题录 rt 全等/前缀	2020-22	1
F4	vk_index	R4_index	rpe.md:180			35271573	year=2022 species=[human]	mTOR activity is essential for retinal pigment epithelium regeneration in zebrafish.	PLoS genetics	mTOR activity is essential for retinal pigment epithelium regeneration in zebrafish.	PLoS genetics	2022 Mar	epmc,eutils	GOOD	1	0	1	0	0	0	C1+存储题名与题录 rt 全等/前缀	2020-22	1
F4	vk_index	R4_index	rpe.md:187			35176707	year=2022 species=[mouse]	REV-ERBα regulates age-related and oxidative stress-induced degeneration in retinal pigment epithelium via NRF2.	Redox biology	REV-ERBα regulates age-related and oxidative stress-induced degeneration in retinal pigment epithelium via NRF2.	Redox biology	2022 May	epmc,eutils	GOOD	1	0	1	0	0	0	C1+存储题名与题录 rt 全等/前缀	2020-22	1
F4	vk_index	R4_index	visual-function.md:253			33674582	year=2021 species=[mouse]	Single cell transcriptomics reveals lineage trajectory of retinal ganglion cells in wild-type and  Atoh7 -null retinas	Nature communications	Single cell transcriptomics reveals lineage trajectory of retinal ganglion cells in wild-type and Atoh7-null retinas.	Nature communications	2021 Mar	epmc,eutils	GOOD	1	0	1	0	0	0	C1+存储题名与题录 rt 全等/前缀	2020-22	1
F4	vk_index	R4_index	tissue-RPE.md:203			36142331	year=2022 species=[mouse]	Single-Cell RNA Sequencing Reveals Molecular Features of Heterogeneity in the Murine Retinal Pigment Epithelium.	International journal of molecular sciences	Single-Cell RNA Sequencing Reveals Molecular Features of Heterogeneity in the Murine Retinal Pigment Epithelium.	International journal of molecular sciences	2022 Sep	epmc,eutils	GOOD	1	0	1	0	0	0	C1+存储题名与题录 rt 全等/前缀	2020-22	1
F4	vk_index	R4_index	tissue-choroid.md:197			33876574	year=2021 species=[human]	Myeloid-resident neuropilin-1 promotes choroidal neovascularization while mitigating inflammation.	EMBO molecular medicine	Myeloid-resident neuropilin-1 promotes choroidal neovascularization while mitigating inflammation.	EMBO molecular medicine	2021 May	epmc,eutils	GOOD	1	0	1	0	0	0	C1+存储题名与题录 rt 全等/前缀	2020-22	1
F4	vk_index	R4_index	methods-scrna.md:313			36289494	year=2022 species=[mouse]	Single-cell RNA sequencing reveals a landscape and targeted treatment of ferroptosis in retinal ischemia/reperfusion injury.	Journal of neuroinflammation	Single-cell RNA sequencing reveals a landscape and targeted treatment of ferroptosis in retinal ischemia/reperfusion injury.	Journal of neuroinflammation	2022 Oct	epmc,eutils	GOOD	1	0	1	0	0	0	C1+存储题名与题录 rt 全等/前缀	2020-22	1
F4	vk_index	R4_index	regeneration.md:177			32396062	year=2020 species=[mouse]	Tgfb3 collaborates with PP2A and notch signaling pathways to inhibit retina regeneration.	eLife	Tgfb3 collaborates with PP2A and notch signaling pathways to inhibit retina regeneration.	eLife	2020 May	epmc,eutils	GOOD	1	0	1	0	0	0	C1+存储题名与题录 rt 全等/前缀	2020-22	1
F4	vk_index	R4_index	tissue-optic_nerve.md:213			34093141	year=2021 species=[both]	Local Accumulation of Axonal Mitochondria in the Optic Nerve Glial Lamina Precedes Myelination.	Frontiers in neuroanatomy	Local Accumulation of Axonal Mitochondria in the Optic Nerve Glial Lamina Precedes Myelination.	Frontiers in neuroanatomy	2021	epmc,eutils	GOOD	1	0	0	0	0	0	C1+存储题名与题录 rt 全等/前缀	2020-22	1
F4	vk_index	R4_index	visual-function.md:267			34650985	year=2021 species=[human]	Human Amniotic Epithelial Stem Cell-Derived Retinal Pigment Epithelium Cells Repair Retinal Degeneration.	Frontiers in cell and developmental biology	Human Amniotic Epithelial Stem Cell-Derived Retinal Pigment Epithelium Cells Repair Retinal Degeneration.	Frontiers in cell and developmental biology	2021	epmc,eutils	GOOD	1	0	1	0	1	0	C1+存储题名与题录 rt 全等/前缀	2020-22	1
F4	vk_index	R4_index	tissue-conjunctiva.md:121			32602639	year=2020 species=[human]	Conjunctival reconstruction via enrichment of human conjunctival epithelial stem cells by p75 through the NGF-p75-SALL2 signaling axis.	Stem cells translational medicine	Conjunctival reconstruction via enrichment of human conjunctival epithelial stem cells by p75 through the NGF-p75-SALL2 signaling axis.	Stem cells translational medicine	2020 Nov	epmc,eutils	GOOD	1	0	1	0	1	0	C1+存储题名与题录 rt 全等/前缀	2020-22	1
F4	vk_index	R4_index	dr-diabetic-retinopathy.md:112			34184090	year=2021 species=[human]	Nuclear PKR in retinal neurons in the early stage of diabetic retinopathy in streptozotocin‑induced diabetic rats.	Molecular medicine reports	Nuclear PKR in retinal neurons in the early stage of diabetic retinopathy in streptozotocin‑induced diabetic rats.	Molecular medicine reports	2021 Aug	epmc,eutils	GOOD	1	0	1	0	0	0	C1+存储题名与题录 rt 全等/前缀	2020-22	1
F4	vk_index	R4_index	metabolism.md:150			34953858	year=2022 species=[human]	Oxidative stress induces Z-DNA-binding protein 1-dependent activation of microglia via mtDNA released from retinal pigment epithelial cells.	The Journal of biological chemistry	Oxidative stress induces Z-DNA-binding protein 1-dependent activation of microglia via mtDNA released from retinal pigment epithelial cells.	The Journal of biological chemistry	2022 Jan	epmc,eutils	GOOD	1	0	1	0	0	0	C1+存储题名与题录 rt 全等/前缀	2020-22	1
F4	vk_index	R4_index	methods-scrna.md:311			36261438	year=2022 species=[human]	HBEGF-TNF induce a complex outer retinal pathology with photoreceptor cell extrusion in human organoids.	Nature communications	HBEGF-TNF induce a complex outer retinal pathology with photoreceptor cell extrusion in human organoids.	Nature communications	2022 Oct	epmc,eutils	GOOD	1	0	1	0	1	0	C1+存储题名与题录 rt 全等/前缀	2020-22	1
F4	vk_index	R4_index	glaucoma.md:262			34193509	year=2021 species=[mouse]	NMDA Receptor Expression by Retinal Ganglion Cells Is Not Required for Retinofugal Map Formation nor Eye-Specific Segregation in the Mouse.	eNeuro	NMDA Receptor Expression by Retinal Ganglion Cells Is Not Required for Retinofugal Map Formation nor Eye-Specific Segregation in the Mouse.	eNeuro	2021 Jul	epmc,eutils	GOOD	1	0	1	0	1	0	C1+存储题名与题录 rt 全等/前缀	2020-22	1
F4	vk_index	R4_index	models.md:881			34259817	year=2021 species=[human]	Composition of the Inner Nuclear Layer in Human Retina.	Investigative ophthalmology & visual science	Composition of the Inner Nuclear Layer in Human Retina.	Investigative ophthalmology & visual science	2021 Jul	epmc,eutils	GOOD	1	0	1	0	1	0	C1+存储题名与题录 rt 全等/前缀	2020-22	1
F4	vk_index	R4_index	visual-function.md:264			34930951	year=2021 species=[human]	A bioinspired gelatin-hyaluronic acid-based hybrid interpenetrating network for the enhancement of retinal ganglion cells replacement therapy.	NPJ Regenerative medicine	A bioinspired gelatin-hyaluronic acid-based hybrid interpenetrating network for the enhancement of retinal ganglion cells replacement therapy.	NPJ Regenerative medicine	2021 Dec	epmc,eutils	GOOD	1	0	1	0	0	0	C1+存储题名与题录 rt 全等/前缀	2020-22	1
F4	vk_index	R4_index	glaucoma.md:182			35314028	year=2022 species=[other]	Strip1 regulates retinal ganglion cell survival by suppressing Jun-mediated apoptosis to promote retinal neural circuit formation.	eLife	Strip1 regulates retinal ganglion cell survival by suppressing Jun-mediated apoptosis to promote retinal neural circuit formation.	eLife	2022 Mar	epmc,eutils	GOOD	1	0	1	0	0	0	C1+存储题名与题录 rt 全等/前缀	2020-22	1
F4	vk_index	R4_index	regeneration.md:174			33664479	year=2021 species=[both]	Long noncoding RNA ERLR mediates epithelial-mesenchymal transition of retinal pigment epithelial cells and promotes experimental proliferative vitreoretinopathy.	Cell death and differentiation	Long noncoding RNA ERLR mediates epithelial-mesenchymal transition of retinal pigment epithelial cells and promotes experimental proliferative vitreoretinopathy.	Cell death and differentiation	2021 Aug	epmc,eutils	GOOD	1	0	1	0	0	0	C1+存储题名与题录 rt 全等/前缀	2020-22	1
F4	vk_index	R4_index	dr-diabetic-retinopathy.md:121			32993012	year=2020 species=[human]	In Situ Gel Incorporating Disulfiram Nanoparticles Rescues the Retinal Dysfunction via ATP Collapse in Otsuka Long-Evans Tokushima Fatty Rats.	Cells	In Situ Gel Incorporating Disulfiram Nanoparticles Rescues the Retinal Dysfunction via ATP Collapse in Otsuka Long-Evans Tokushima Fatty Rats.	Cells	2020 Sep	epmc,eutils	GOOD	1	0	1	0	0	0	C1+存储题名与题录 rt 全等/前缀	2020-22	1
F4	vk_index	R4_index	aging.md:226			35254423	year=2022 species=[human]	Evolving Patterns of Hyperfluorescent Fundus Autofluorescence Accompany Retinal Atrophy in the Rat and Mimic Atrophic Age-Related Macular Degeneration.	Translational vision science & technology	Evolving Patterns of Hyperfluorescent Fundus Autofluorescence Accompany Retinal Atrophy in the Rat and Mimic Atrophic Age-Related Macular Degeneration.	Translational vision science & technology	2022 Mar	epmc,eutils	GOOD	1	0	1	0	0	0	C1+存储题名与题录 rt 全等/前缀	2020-22	1
F4	vk_index	R4_index	tissue-RPE.md:328			33255669	year=2020 species=[human]	Protective Effects of Fucoxanthin on High Glucose- and 4-Hydroxynonenal (4-HNE)-Induced Injury in Human Retinal Pigment Epithelial Cells.	Antioxidants (Basel, Switzerland)	Protective Effects of Fucoxanthin on High Glucose- and 4-Hydroxynonenal (4-HNE)-Induced Injury in Human Retinal Pigment Epithelial Cells.	Antioxidants (Basel, Switzerland)	2020 Nov	epmc,eutils	GOOD	1	0	1	0	1	0	C1+存储题名与题录 rt 全等/前缀	2020-22	1
F4	vk_index	R4_index	tissue-iris.md:38			35813584	year=2022 species=[human]	Iris pigment epithelial (IPE) cysts secondary to Hodgkin's lymphoma: A case report.	American journal of ophthalmology case reports	Iris pigment epithelial (IPE) cysts secondary to Hodgkin's lymphoma: A case report.	American journal of ophthalmology case reports	2022 Sep	epmc,eutils	GOOD	1	0	0	0	0	0	C1+存储题名与题录 rt 全等/前缀	2020-22	1
F4	vk_index	R4_index	models.md:746			36240775	year=2022 species=[human]	Molecular pathology of Usher 1B patient-derived retinal organoids at single cell resolution.	Stem cell reports	Molecular pathology of Usher 1B patient-derived retinal organoids at single cell resolution.	Stem cell reports	2022 Nov	epmc,eutils	GOOD	1	0	1	0	0	0	C1+存储题名与题录 rt 全等/前缀	2020-22	1
F4	vk_index	R4_index	models.md:966			33799308	year=2021 species=[mouse]	Longitudinal normative OCT retinal thickness data for wild-type mice, and characterization of changes in the 3×Tg-AD mice model of Alzheimer's disease.	Aging	Longitudinal normative OCT retinal thickness data for wild-type mice, and characterization of changes in the 3×Tg-AD mice model of Alzheimer's disease.	Aging	2021 Apr	epmc,eutils	GOOD	1	0	1	0	0	0	C1+存储题名与题录 rt 全等/前缀	2020-22	1
F4	vk_index	R4_index	amd.md:175			33922669	year=2021 species=[human]	Anti-Inflammatory and Anti-Oxidative Synergistic Effect of Vitamin D and Nutritional Complex on Retinal Pigment Epithelial and Endothelial Cell Lines against Age-Related Macular Degeneration.	Nutrients	Anti-Inflammatory and Anti-Oxidative Synergistic Effect of Vitamin D and Nutritional Complex on Retinal Pigment Epithelial and Endothelial Cell Lines against Age-Related Macular De	Nutrients	2021 Apr	epmc,eutils	GOOD	1	0	1	0	0	0	C1+存储题名与题录 rt 全等/前缀	2020-22	1
F4	vk_index	R4_index	models.md:888			34360929	year=2021 species=[mouse]	Cell Types and Synapses Expressing the SNARE Complex Regulating Proteins Complexin 1 and Complexin 2 in Mammalian Retina.	International journal of molecular sciences	Cell Types and Synapses Expressing the SNARE Complex Regulating Proteins Complexin 1 and Complexin 2 in Mammalian Retina.	International journal of molecular sciences	2021 Jul	epmc,eutils	GOOD	1	0	1	0	0	0	C1+存储题名与题录 rt 全等/前缀	2020-22	1
F4	vk_index	R4_index	tissue-lens.md:148			35531093	year=2022 species=[human]	Identification of a New Mutation p.P88L in Connexin 50 Associated with Dominant Congenital Cataract.	Frontiers in cell and developmental biology	Identification of a New Mutation p.P88L in Connexin 50 Associated with Dominant Congenital Cataract.	Frontiers in cell and developmental biology	2022	epmc,eutils	GOOD	1	0	1	0	0	0	C1+存储题名与题录 rt 全等/前缀	2020-22	1
F4	vk_index	R4_index	visual-function.md:275			33037565	year=2021 species=[mouse]	Inhibition of microRNA-155 Protects Retinal Function Through Attenuation of Inflammation in Retinal Degeneration.	Molecular neurobiology	Inhibition of microRNA-155 Protects Retinal Function Through Attenuation of Inflammation in Retinal Degeneration.	Molecular neurobiology	2021 Feb	epmc,eutils	GOOD	1	0	1	0	0	0	C1+存储题名与题录 rt 全等/前缀	2020-22	1
F4	vk_index	R4_index	inherited-disease.md:283			34070383	year=2021 species=[mouse]	Erythropoietin Gene Therapy Delays Retinal Degeneration Resulting from Oxidative Stress in the Retinal Pigment Epithelium.	Antioxidants (Basel, Switzerland)	Erythropoietin Gene Therapy Delays Retinal Degeneration Resulting from Oxidative Stress in the Retinal Pigment Epithelium.	Antioxidants (Basel, Switzerland)	2021 May	epmc,eutils	GOOD	1	0	1	0	0	0	C1+存储题名与题录 rt 全等/前缀	2020-22	1
F4	vk_index	R4_index	tissue-conjunctiva.md:94			36204234	year=2022 species=[human]	AZD6738 Inhibits fibrotic response of conjunctival fibroblasts by regulating checkpoint kinase 1/<i>P53</i> and <i>PI3K</i>/<i>AKT</i> pathways.	Frontiers in pharmacology	AZD6738 Inhibits fibrotic response of conjunctival fibroblasts by regulating checkpoint kinase 1/P53 and PI3K/AKT pathways.	Frontiers in pharmacology	2022	epmc,eutils	GOOD	1	0	1	0	0	0	C1+存储题名与题录 rt 全等/前缀	2020-22	1
F4	vk_index	R4_index	tissue-conjunctiva.md:120			32386571	year=2020 species=[human]	Tropism, replication competence, and innate immune responses of the coronavirus SARS-CoV-2 in human respiratory tract and conjunctiva: an analysis in ex-vivo and in-vitro cultures.	The Lancet. Respiratory medicine	Tropism, replication competence, and innate immune responses of the coronavirus SARS-CoV-2 in human respiratory tract and conjunctiva: an analysis in ex-vivo and in-vitro cultures.	The Lancet. Respiratory medicine	2020 Jul	epmc,eutils	GOOD	1	0	1	0	1	0	C1+存储题名与题录 rt 全等/前缀	2020-22	1
F4	vk_index	R4_index	methods-scrna.md:374			34206213	year=2021 species=[mouse]	miRNA Changes in Retinal Ganglion Cells after Optic Nerve Crush and Glaucomatous Damage.	Cells	miRNA Changes in Retinal Ganglion Cells after Optic Nerve Crush and Glaucomatous Damage.	Cells	2021 Jun	epmc,eutils	GOOD	1	0	1	0	0	0	C1+存储题名与题录 rt 全等/前缀	2020-22	1
F4	vk_index	R4_index	glial-microglia.md:252			34830490	year=2021 species=[human]	RNA-Seq Analysis Reveals an Essential Role of the Tyrosine Metabolic Pathway and Inflammation in Myopia-Induced Retinal Degeneration in Guinea Pigs.	International journal of molecular sciences	RNA-Seq Analysis Reveals an Essential Role of the Tyrosine Metabolic Pathway and Inflammation in Myopia-Induced Retinal Degeneration in Guinea Pigs.	International journal of molecular sciences	2021 Nov	epmc,eutils	GOOD	1	0	1	0	0	0	C1+存储题名与题录 rt 全等/前缀	2020-22	1
F4	vk_index	R4_index	visual-function.md:262			34831487	year=2021 species=[human]	Differential Responses of Neural Retina Progenitor Populations to Chronic Hyperglycemia.	Cells	Differential Responses of Neural Retina Progenitor Populations to Chronic Hyperglycemia.	Cells	2021 Nov	epmc,eutils	GOOD	1	0	1	0	0	0	C1+存储题名与题录 rt 全等/前缀	2020-22	1
F4	vk_index	R4_index	regeneration.md:132			35740479	year=2022 species=[both]	Self-Organization of the Retina during Eye Development, Retinal Regeneration In Vivo, and in Retinal 3D Organoids In Vitro.	Biomedicines	Self-Organization of the Retina during Eye Development, Retinal Regeneration In Vivo, and in Retinal 3D Organoids In Vitro.	Biomedicines	2022 Jun	epmc,eutils	GOOD	1	0	1	0	0	0	C1+存储题名与题录 rt 全等/前缀	2020-22	1
F4	vk_index	R4_index	photoreceptor.md:421			36618828	year=2022 species=[mouse]	Retinal degeneration protein 3 controls membrane guanylate cyclase activities in brain tissue.	Frontiers in molecular neuroscience	Retinal degeneration protein 3 controls membrane guanylate cyclase activities in brain tissue.	Frontiers in molecular neuroscience	2022	epmc,eutils	GOOD	1	0	1	0	0	0	C1+存储题名与题录 rt 全等/前缀	2020-22	1
F4	vk_index	R4_index	tissue-RPE.md:287			32934896	year=2020 species=[human]	Endogenous or Exogenous Retinal Pigment Epithelial Cells: A Comparison of Two Experimental Animal Models of Proliferative Vitreoretinopathy.	Translational vision science & technology	Endogenous or Exogenous Retinal Pigment Epithelial Cells: A Comparison of Two Experimental Animal Models of Proliferative Vitreoretinopathy.	Translational vision science & technology	2020 Aug	epmc,eutils	GOOD	1	0	1	0	0	0	C1+存储题名与题录 rt 全等/前缀	2020-22	1
F4	vk_index	R4_index	metabolism.md:197			32235464	year=2020 species=[mouse]	Photobiomodulation Mediates Neuroprotection against Blue Light Induced Retinal Photoreceptor Degeneration.	International journal of molecular sciences	Photobiomodulation Mediates Neuroprotection against Blue Light Induced Retinal Photoreceptor Degeneration.	International journal of molecular sciences	2020 Mar	epmc,eutils	GOOD	1	0	1	0	0	0	C1+存储题名与题录 rt 全等/前缀	2020-22	1
F4	vk_index	R4_index	models.md:737			36289494	year=2022 species=[mouse]	Single-cell RNA sequencing reveals a landscape and targeted treatment of ferroptosis in retinal ischemia/reperfusion injury.	Journal of neuroinflammation	Single-cell RNA sequencing reveals a landscape and targeted treatment of ferroptosis in retinal ischemia/reperfusion injury.	Journal of neuroinflammation	2022 Oct	epmc,eutils	GOOD	1	0	1	0	0	0	C1+存储题名与题录 rt 全等/前缀	2020-22	1
F4	vk_index	R4_index	tissue-lens.md:183			32626969	year=2020 species=[human]	Overexpression of ATG4a promotes autophagy and proliferation, and inhibits apoptosis in lens epithelial cells via the AMPK and Akt pathways.	Molecular medicine reports	Overexpression of ATG4a promotes autophagy and proliferation, and inhibits apoptosis in lens epithelial cells via the AMPK and Akt pathways.	Molecular medicine reports	2020 Aug	epmc,eutils	GOOD	1	0	1	0	0	0	C1+存储题名与题录 rt 全等/前缀	2020-22	1
F4	vk_index	R4_index	metabolism.md:195			32896719	year=2020 species=[mouse]	AIBP protects retinal ganglion cells against neuroinflammation and mitochondrial dysfunction in glaucomatous neurodegeneration.	Redox biology	AIBP protects retinal ganglion cells against neuroinflammation and mitochondrial dysfunction in glaucomatous neurodegeneration.	Redox biology	2020 Oct	epmc,eutils	GOOD	1	0	1	0	0	0	C1+存储题名与题录 rt 全等/前缀	2020-22	1
F4	vk_index	R4_index	amd.md:133			35831910	year=2022 species=[both]	Complement activation contributes to subretinal fibrosis through the induction of epithelial-to-mesenchymal transition (EMT) in retinal pigment epithelial cells.	Journal of neuroinflammation	Complement activation contributes to subretinal fibrosis through the induction of epithelial-to-mesenchymal transition (EMT) in retinal pigment epithelial cells.	Journal of neuroinflammation	2022 Jul	epmc,eutils	GOOD	1	0	1	0	0	0	C1+存储题名与题录 rt 全等/前缀	2020-22	1
F4	vk_index	R4_index	rpe.md:202			34586848	year=2021 species=[human]	<i>Alu</i> complementary DNA is enriched in atrophic macular degeneration and triggers retinal pigmented epithelium toxicity via cytosolic innate immunity.	Science advances	Alu complementary DNA is enriched in atrophic macular degeneration and triggers retinal pigmented epithelium toxicity via cytosolic innate immunity.	Science advances	2021 Oct	epmc,eutils	GOOD	1	0	1	0	0	0	C1+存储题名与题录 rt 全等/前缀	2020-22	1
F4	vk_index	R4_index	tissue-choroid.md:158			35784301	year=2022 species=[both]	Dabigatran and Wet AMD, Results From Retinal Pigment Epithelial Cell Monolayers, the Mouse Model of Choroidal Neovascularization, and Patients From the Medicare Data Base.	Frontiers in immunology	Dabigatran and Wet AMD, Results From Retinal Pigment Epithelial Cell Monolayers, the Mouse Model of Choroidal Neovascularization, and Patients From the Medicare Data Base.	Frontiers in immunology	2022	epmc,eutils	GOOD	1	0	1	0	0	0	C1+存储题名与题录 rt 全等/前缀	2020-22	1
F4	vk_index	R4_index	models.md:915			34586848	year=2021 species=[human]	<i>Alu</i> complementary DNA is enriched in atrophic macular degeneration and triggers retinal pigmented epithelium toxicity via cytosolic innate immunity.	Science advances	Alu complementary DNA is enriched in atrophic macular degeneration and triggers retinal pigmented epithelium toxicity via cytosolic innate immunity.	Science advances	2021 Oct	epmc,eutils	GOOD	1	0	1	0	0	0	C1+存储题名与题录 rt 全等/前缀	2020-22	1
F4	vk_index	R4_index	retina-development.md:279			35298655	year=2022 species=[human]	Human Retinal Organoids Provide a Suitable Tool for Toxicological Investigations: A Comprehensive Validation Using Drugs and Compounds Affecting the Retina.	Stem cells translational medicine	Human Retinal Organoids Provide a Suitable Tool for Toxicological Investigations: A Comprehensive Validation Using Drugs and Compounds Affecting the Retina.	Stem cells translational medicine	2022 Mar	epmc,eutils	GOOD	1	0	1	0	1	0	C1+存储题名与题录 rt 全等/前缀	2020-22	1
F4	vk_index	R4_index	retina-development.md:297			35705015	year=2022 species=[human]	Molecular profiling of stem cell-derived retinal pigment epithelial cell differentiation established for clinical translation.	Stem cell reports	Molecular profiling of stem cell-derived retinal pigment epithelial cell differentiation established for clinical translation.	Stem cell reports	2022 Jun	epmc,eutils	GOOD	1	0	1	0	0	0	C1+存储题名与题录 rt 全等/前缀	2020-22	1
F4	vk_index	R4_index	visual-function.md:207			35359806	year=2022 species=[mouse]	MLL5 is involved in retinal photoreceptor maturation through facilitating CRX-mediated photoreceptor gene transactivation.	iScience	MLL5 is involved in retinal photoreceptor maturation through facilitating CRX-mediated photoreceptor gene transactivation.	iScience	2022 Apr	epmc,eutils	GOOD	1	0	1	0	0	0	C1+存储题名与题录 rt 全等/前缀	2020-22	1
F4	vk_index	R4_index	models.md:742			36331259	year=2022 species=[human]	Single-Cell Transcriptomic Profiling of Human Retinal Organoids Revealed a Role of IGF1-PHLDA1 Axis in Photoreceptor Precursor Specification.	Investigative ophthalmology & visual science	Single-Cell Transcriptomic Profiling of Human Retinal Organoids Revealed a Role of IGF1-PHLDA1 Axis in Photoreceptor Precursor Specification.	Investigative ophthalmology & visual science	2022 Nov	epmc,eutils	GOOD	1	0	1	0	1	0	C1+存储题名与题录 rt 全等/前缀	2020-22	1
F4	vk_index	R4_index	models.md:554			37998361	year=2023 species=[unknown]	The Inflammasome-Dependent Dysfunction and Death of Retinal Ganglion Cells after Repetitive Intraocular Pressure Spikes.	Cells	The Inflammasome-Dependent Dysfunction and Death of Retinal Ganglion Cells after Repetitive Intraocular Pressure Spikes.	Cells	2023 Nov	epmc,eutils	GOOD	1	0	1	0	0	0	C1+存储题名与题录 rt 全等/前缀	2023	1
F4	vk_index	R4_index	models.md:629			37947653	year=2023 species=[mouse]	GRF2 Is Crucial for Cone Photoreceptor Viability and Ribbon Synapse Formation in the Mouse Retina.	Cells	GRF2 Is Crucial for Cone Photoreceptor Viability and Ribbon Synapse Formation in the Mouse Retina.	Cells	2023 Nov	epmc,eutils	GOOD	1	0	1	0	1	0	C1+存储题名与题录 rt 全等/前缀	2023	1
F4	vk_index	R4_index	models.md:613			37139437	year=2023 species=[human]	Protective effects of <i>Scoparia dulcis</i> L. extract on high glucose-induced injury in human retinal pigment epithelial cells.	Frontiers in nutrition	Protective effects of Scoparia dulcis L. extract on high glucose-induced injury in human retinal pigment epithelial cells.	Frontiers in nutrition	2023	epmc,eutils	GOOD	1	0	1	0	1	0	C1+存储题名与题录 rt 全等/前缀	2023	1
F4	vk_index	R4_index	models.md:551			37930995	year=2023 species=[human]	Her6 and Prox1a are novel regulators of photoreceptor regeneration in the zebrafish retina.	PLoS genetics	Her6 and Prox1a are novel regulators of photoreceptor regeneration in the zebrafish retina.	PLoS genetics	2023 Nov	epmc,eutils	GOOD	1	0	1	0	0	0	C1+存储题名与题录 rt 全等/前缀	2023	1
F4	vk_index	R4_index	tissue-optic_nerve.md:127			36645345	year=2023 species=[mouse]	MCT1-dependent energetic failure and neuroinflammation underlie optic nerve degeneration in Wolfram syndrome mice.	eLife	MCT1-dependent energetic failure and neuroinflammation underlie optic nerve degeneration in Wolfram syndrome mice.	eLife	2023 Jan	epmc,eutils	GOOD	1	0	0	0	0	0	C1+存储题名与题录 rt 全等/前缀	2023	1
F4	vk_index	R4_index	regeneration.md:98			37691820	year=2023 species=[both]	Integration of human stem cell-derived  in vitro  systems and mouse preclinical models identifies complex pathophysiologic mechanisms in retinal dystrophy	Frontiers in cell and developmental biology	Integration of human stem cell-derived in vitro systems and mouse preclinical models identifies complex pathophysiologic mechanisms in retinal dystrophy.	Frontiers in cell and developmental biology	2023	epmc,eutils	GOOD	1	0	1	0	0	0	C1+存储题名与题录 rt 全等/前缀	2023	1
F4	vk_index	R4_index	models.md:604			37528478	year=2023 species=[human]	Ex vivo cultivated retinal pigment epithelial cell transplantation for the treatment of rabbit corneal endothelial dysfunction.	Eye and vision (London, England)	Ex vivo cultivated retinal pigment epithelial cell transplantation for the treatment of rabbit corneal endothelial dysfunction.	Eye and vision (London, England)	2023 Aug	epmc,eutils	GOOD	1	0	1	0	0	0	C1+存储题名与题录 rt 全等/前缀	2023	1
F4	vk_index	R4_index	tissue-trabecular_meshwork.md:81			37265069	year=2023 species=[both]	Dexamethasone Induces Senescence-Associated Changes in Trabecular Meshwork Cells by Increasing ROS Levels Via the TGFβ/Smad3-NOX4 Axis.	Cell transplantation	Dexamethasone Induces Senescence-Associated Changes in Trabecular Meshwork Cells by Increasing ROS Levels Via the TGFβ/Smad3-NOX4 Axis.	Cell transplantation	2023 Jan	epmc,eutils	GOOD	1	0	0	0	0	0	C1+存储题名与题录 rt 全等/前缀	2023	1
F4	vk_index	R4_index	vascular.md:126			37642150	year=2023 species=[both]	Systemic gene therapy rescues retinal dysfunction and hearing loss in a model of Norrie disease.	EMBO molecular medicine	Systemic gene therapy rescues retinal dysfunction and hearing loss in a model of Norrie disease.	EMBO molecular medicine	2023 Oct	epmc,eutils	GOOD	1	0	1	0	0	0	C1+存储题名与题录 rt 全等/前缀	2023	1
F4	vk_index	R4_index	models.md:581			36765170	year=2023 species=[human]	Self-organization, quality control, and preclinical studies of human iPSC-derived retinal sheets for tissue-transplantation therapy.	Communications biology	Self-organization, quality control, and preclinical studies of human iPSC-derived retinal sheets for tissue-transplantation therapy.	Communications biology	2023 Feb	epmc,eutils	GOOD	1	0	1	0	1	0	C1+存储题名与题录 rt 全等/前缀	2023	1
F4	vk_index	R4_index	regeneration.md:106			37988404	year=2023 species=[human]	Single-cell RNA sequencing unravels the transcriptional network underlying zebrafish retina regeneration.	eLife	Single-cell RNA sequencing unravels the transcriptional network underlying zebrafish retina regeneration.	eLife	2023 Nov	epmc,eutils	GOOD	1	0	1	0	0	0	C1+存储题名与题录 rt 全等/前缀	2023	1
F4	vk_index	R4_index	regeneration.md:115			37895363	year=2023 species=[human]	Cellular and Molecular Triggers of Retinal Regeneration in Amphibians.	Life (Basel, Switzerland)	Cellular and Molecular Triggers of Retinal Regeneration in Amphibians.	Life (Basel, Switzerland)	2023 Sep	epmc,eutils	GOOD	1	0	1	0	0	0	C1+存储题名与题录 rt 全等/前缀	2023	1
F4	vk_index	R4_index	tissue-RPE.md:147			36903482	year=2023 species=[human]	Lipopolysaccharide Activating NF-kB Signaling by Regulates HTRA1 Expression in Human Retinal Pigment Epithelial Cells.	Molecules (Basel, Switzerland)	Lipopolysaccharide Activating NF-kB Signaling by Regulates HTRA1 Expression in Human Retinal Pigment Epithelial Cells.	Molecules (Basel, Switzerland)	2023 Feb	epmc,eutils	GOOD	1	0	1	0	1	0	C1+存储题名与题录 rt 全等/前缀	2023	1
F4	vk_index	R4_index	models.md:599			36674579	year=2023 species=[human]	Choroidal Neovascular Membranes in Retinal and Choroidal Tumors: Origins, Mechanisms, and Effects.	International journal of molecular sciences	Choroidal Neovascular Membranes in Retinal and Choroidal Tumors: Origins, Mechanisms, and Effects.	International journal of molecular sciences	2023 Jan	epmc,eutils	GOOD	1	0	1	0	0	0	C1+存储题名与题录 rt 全等/前缀	2023	1
F4	vk_index	R4_index	regeneration.md:88			37039265	year=2023 species=[unknown]	Pten inhibition dedifferentiates long-distance axon-regenerating intrinsically photosensitive retinal ganglion cells and upregulates mitochondria-associated Dynlt1a and Lars2.	Development (Cambridge, England)	Pten inhibition dedifferentiates long-distance axon-regenerating intrinsically photosensitive retinal ganglion cells and upregulates mitochondria-associated Dynlt1a and Lars2.	Development (Cambridge, England)	2023 Apr	epmc,eutils	GOOD	1	0	1	0	0	0	C1+存储题名与题录 rt 全等/前缀	2023	1
F4	vk_index	R4_index	models.md:644			36912597	year=2023 species=[mouse]	Ferritin But Not Iron Increases in Retina Upon Systemic Iron Overload in Diabetic and Iron-Dextran Injected Mice.	Investigative ophthalmology & visual science	Ferritin But Not Iron Increases in Retina Upon Systemic Iron Overload in Diabetic and Iron-Dextran Injected Mice.	Investigative ophthalmology & visual science	2023 Mar	epmc,eutils	GOOD	1	0	1	0	0	0	C1+存储题名与题录 rt 全等/前缀	2023	1
F4	vk_index	R4_index	aging.md:152			37671011	year=2023 species=[human]	Single-cell sequencing of individual retinal organoids reveals determinants of cell-fate heterogeneity.	Cell reports methods	Single-cell sequencing of individual retinal organoids reveals determinants of cell-fate heterogeneity.	Cell reports methods	2023 Aug	epmc,eutils	GOOD	1	0	1	0	0	0	C1+存储题名与题录 rt 全等/前缀	2023	1
F4	vk_index	R4_index	models.md:542			37846362	year=2023 species=[mouse]	Genetic and epigenetic regulators of retinal Müller glial cell reprogramming.	Advances in ophthalmology practice and research	Genetic and epigenetic regulators of retinal Müller glial cell reprogramming.	Advances in ophthalmology practice and research	2023 Aug	epmc,eutils	GOOD	1	0	1	0	0	0	C1+存储题名与题录 rt 全等/前缀	2023	1
F4	vk_index	R4_index	models.md:588			37120931	year=2023 species=[human]	Translocator protein 18 kDa regulates retinal neuron apoptosis and pyroptosis in glaucoma.	Redox biology	Translocator protein 18 kDa regulates retinal neuron apoptosis and pyroptosis in glaucoma.	Redox biology	2023 Jul	epmc,eutils	GOOD	1	0	1	0	0	0	C1+存储题名与题录 rt 全等/前缀	2023	1
F4	vk_index	R4_index	glial-microglia.md:150			36930538	year=2023 species=[mouse]	Single-cell profiling reveals Müller glia coordinate retinal intercellular communication during light/dark adaptation via thyroid hormone signaling.	Protein & cell	Single-cell profiling reveals Müller glia coordinate retinal intercellular communication during light/dark adaptation via thyroid hormone signaling.	Protein & cell	2023 Aug	epmc,eutils	GOOD	1	0	1	0	0	0	C1+存储题名与题录 rt 全等/前缀	2023	1
F4	vk_index	R4_index	aging.md:156			37838654	year=2023 species=[mouse]	Microglia preserve visual function loss in the aging retina by supporting retinal pigment epithelial health.	Immunity & ageing : I & A	Microglia preserve visual function loss in the aging retina by supporting retinal pigment epithelial health.	Immunity & ageing : I & A	2023 Oct	epmc,eutils	GOOD	1	0	1	0	0	0	C1+存储题名与题录 rt 全等/前缀	2023	1
F4	vk_index	R4_index	tissue-conjunctiva.md:66			36932081	year=2023 species=[both]	The protective role of conjunctival goblet cell mucin sialylation.	Nature communications	The protective role of conjunctival goblet cell mucin sialylation.	Nature communications	2023 Mar	epmc,eutils	GOOD	1	0	1	0	0	0	C1+存储题名与题录 rt 全等/前缀	2023	1
F4	vk_index	R4_index	tissue-iris.md:28			38188215	year=2023 species=[human]	Iris metastasis from clear cell renal cell carcinoma: A case report.	World journal of clinical cases	Iris metastasis from clear cell renal cell carcinoma: A case report.	World journal of clinical cases	2023 Dec	epmc,eutils	GOOD	1	0	0	0	0	0	C1+存储题名与题录 rt 全等/前缀	2023	1
F4	vk_index	R4_index	tissue-RPE.md:175			36738354	year=2023 species=[human]	SARS-COV-2 spike protein promotes RPE cell senescence via the ROS/P53/P21 pathway.	Biogerontology	SARS-COV-2 spike protein promotes RPE cell senescence via the ROS/P53/P21 pathway.	Biogerontology	2023 Oct	epmc,eutils	GOOD	1	0	1	0	0	0	C1+存储题名与题录 rt 全等/前缀	2023	1
F4	vk_index	R4_index	tissue-ciliary_body.md:116			37015875	year=2023 species=[human]	The actin-bundling protein Fascin-1 modulates ciliary signalling.	Journal of molecular cell biology	The actin-bundling protein Fascin-1 modulates ciliary signalling.	Journal of molecular cell biology	2023 Aug	epmc,eutils	GOOD	1	0	0	0	0	0	C1+存储题名与题录 rt 全等/前缀	2023	1
F4	vk_index	R4_index	tissue-choroid.md:100			37043336	year=2023 species=[mouse]	Fiji-Assisted Automatic Quantitative Volumetric Analysis of Choroidal Neovascularization in a Laser-Induced Choroidal Neovascularization Mouse Model.	Translational vision science & technology	Fiji-Assisted Automatic Quantitative Volumetric Analysis of Choroidal Neovascularization in a Laser-Induced Choroidal Neovascularization Mouse Model.	Translational vision science & technology	2023 Apr	epmc,eutils	GOOD	1	0	1	0	1	0	C1+存储题名与题录 rt 全等/前缀	2023	1
F4	vk_index	R4_index	regeneration.md:107			38089586	year=2023 species=[mouse]	Maf1 controls retinal neuron number by both RNA Pol III- and Pol II-dependent mechanisms.	iScience	Maf1 controls retinal neuron number by both RNA Pol III- and Pol II-dependent mechanisms.	iScience	2023 Dec	epmc,eutils	GOOD	1	0	1	0	0	0	C1+存储题名与题录 rt 全等/前缀	2023	1
F4	vk_index	R4_index	photoreceptor.md:254			37163980	year=2023 species=[both]	Single-cell transcriptome analysis of xenotransplanted human retinal organoids defines two migratory cell populations of nonretinal origin.	Stem cell reports	Single-cell transcriptome analysis of xenotransplanted human retinal organoids defines two migratory cell populations of nonretinal origin.	Stem cell reports	2023 May	epmc,eutils	GOOD	1	0	1	0	0	0	C1+存储题名与题录 rt 全等/前缀	2023	1
F4	vk_index	R4_index	rpe.md:142			36649236	year=2023 species=[both]	The LHX2-OTX2 transcriptional regulatory module controls retinal pigmented epithelium differentiation and underlies genetic risk for age-related macular degeneration.	PLoS biology	The LHX2-OTX2 transcriptional regulatory module controls retinal pigmented epithelium differentiation and underlies genetic risk for age-related macular degeneration.	PLoS biology	2023 Jan	epmc,eutils	GOOD	1	0	1	0	0	0	C1+存储题名与题录 rt 全等/前缀	2023	1
F4	vk_index	R4_index	vascular.md:114			37063422	year=2023 species=[unknown]	M1 Microglia-derived Exosomes Promote Activation of Resting Microglia and Amplifies Proangiogenic Effects through Irf1/miR-155-5p/Socs1 Axis in the Retina.	International journal of biological sciences	M1 Microglia-derived Exosomes Promote Activation of Resting Microglia and Amplifies Proangiogenic Effects through Irf1/miR-155-5p/Socs1 Axis in the Retina.	International journal of biological sciences	2023	epmc,eutils	GOOD	1	0	1	0	0	0	C1+存储题名与题录 rt 全等/前缀	2023	1
F4	vk_index	R4_index	glaucoma.md:163			36792584	year=2023 species=[mouse]	A lncRNA-encoded mitochondrial micropeptide exacerbates microglia-mediated neuroinflammation in retinal ischemia/reperfusion injury.	Cell death & disease	A lncRNA-encoded mitochondrial micropeptide exacerbates microglia-mediated neuroinflammation in retinal ischemia/reperfusion injury.	Cell death & disease	2023 Feb	epmc,eutils	GOOD	1	0	1	0	0	0	C1+存储题名与题录 rt 全等/前缀	2023	1
F4	vk_index	R4_index	methods-scrna.md:262			36675807	year=2023 species=[mouse]	Microglia-Derived Spp1 Promotes Pathological Retinal Neovascularization via Activating Endothelial Kit/Akt/mTOR Signaling.	Journal of personalized medicine	Microglia-Derived Spp1 Promotes Pathological Retinal Neovascularization via Activating Endothelial Kit/Akt/mTOR Signaling.	Journal of personalized medicine	2023 Jan	epmc,eutils	GOOD	1	0	1	0	0	0	C1+存储题名与题录 rt 全等/前缀	2023	1
F4	vk_index	R4_index	vascular.md:119			37441592	year=2023 species=[both]	Tsp-1 +  microglia attenuate retinal neovascularization by maintaining the expression of Smad3 in endothelial cells through exosomes with decreased miR-27a-5p	Theranostics	Tsp-1(+) microglia attenuate retinal neovascularization by maintaining the expression of Smad3 in endothelial cells through exosomes with decreased miR-27a-5p.	Theranostics	2023	epmc,eutils	GOOD	1	0	1	0	0	0	C1+存储题名与题录 rt 全等/前缀	2023	1
F4	vk_index	R4_index	tissue-lens.md:110			36734965	year=2023 species=[mouse]	Repurposing a Cyclin-Dependent Kinase 1 (CDK1) Mitotic Regulatory Network to Complete Terminal Differentiation in Lens Fiber Cells.	Investigative ophthalmology & visual science	Repurposing a Cyclin-Dependent Kinase 1 (CDK1) Mitotic Regulatory Network to Complete Terminal Differentiation in Lens Fiber Cells.	Investigative ophthalmology & visual science	2023 Feb	epmc,eutils	GOOD	1	0	1	0	0	0	C1+存储题名与题录 rt 全等/前缀	2023	1
F4	vk_index	R4_index	visual-function.md:185			36830851	year=2023 species=[human]	Retinal Pigment Epithelium Cell Development: Extrapolating Basic Biology to Stem Cell Research.	Biomedicines	Retinal Pigment Epithelium Cell Development: Extrapolating Basic Biology to Stem Cell Research.	Biomedicines	2023 Jan	epmc,eutils	GOOD	1	0	1	0	0	0	C1+存储题名与题录 rt 全等/前缀	2023	1
F4	vk_index	R4_index	metabolism.md:125			36912597	year=2023 species=[mouse]	Ferritin But Not Iron Increases in Retina Upon Systemic Iron Overload in Diabetic and Iron-Dextran Injected Mice.	Investigative ophthalmology & visual science	Ferritin But Not Iron Increases in Retina Upon Systemic Iron Overload in Diabetic and Iron-Dextran Injected Mice.	Investigative ophthalmology & visual science	2023 Mar	epmc,eutils	GOOD	1	0	1	0	0	0	C1+存储题名与题录 rt 全等/前缀	2023	1
F4	vk_index	R4_index	retina-development.md:189			37084726	year=2023 species=[human]	AAV-mediated gene augmentation therapy of  CRB1  patient-derived retinal organoids restores the histological and transcriptional retinal phenotype	Stem cell reports	AAV-mediated gene augmentation therapy of CRB1 patient-derived retinal organoids restores the histological and transcriptional retinal phenotype.	Stem cell reports	2023 May	epmc,eutils	GOOD	1	0	1	0	0	0	C1+存储题名与题录 rt 全等/前缀	2023	1
F4	vk_index	R4_index	retina-development.md:193			37374046	year=2023 species=[human]	Impact of Microgravity and Other Spaceflight Factors on Retina of Vertebrates and Humans In Vivo and In Vitro.	Life (Basel, Switzerland)	Impact of Microgravity and Other Spaceflight Factors on Retina of Vertebrates and Humans In Vivo and In Vitro.	Life (Basel, Switzerland)	2023 May	epmc,eutils	GOOD	1	0	1	0	0	0	C1+存储题名与题录 rt 全等/前缀	2023	1
F4	vk_index	R4_index	glaucoma.md:152			37880369	year=2023 species=[human]	An ON-type direction-selective ganglion cell in primate retina.	Nature	An ON-type direction-selective ganglion cell in primate retina.	Nature	2023 Nov	epmc,eutils	GOOD	1	0	1	0	0	0	C1+存储题名与题录 rt 全等/前缀	2023	1
F4	vk_index	R4_index	retina-development.md:226			38012786	year=2023 species=[human]	Application of patient-derived induced pluripotent stem cells and organoids in inherited retinal diseases.	Stem cell research & therapy	Application of patient-derived induced pluripotent stem cells and organoids in inherited retinal diseases.	Stem cell research & therapy	2023 Nov	epmc,eutils	GOOD	1	0	1	0	0	0	C1+存储题名与题录 rt 全等/前缀	2023	1
F4	vk_index	R4_index	methods-scrna.md:220			37339216	year=2023 species=[human]	Single-cell transcriptomics reveals maturation of transplanted stem cell-derived retinal pigment epithelial cells toward native state.	Proceedings of the National Academy of Sciences of the United States of America	Single-cell transcriptomics reveals maturation of transplanted stem cell-derived retinal pigment epithelial cells toward native state.	Proceedings of the National Academy of Sciences of the United States of America	2023 Jun	epmc,eutils	GOOD	1	0	1	0	0	0	C1+存储题名与题录 rt 全等/前缀	2023	1
F4	vk_index	R4_index	tissue-lens.md:127			38136638	year=2023 species=[both]	Understanding the Role of Yes-Associated Protein (YAP) Signaling in the Transformation of Lens Epithelial Cells (EMT) and Fibrosis.	Biomolecules	Understanding the Role of Yes-Associated Protein (YAP) Signaling in the Transformation of Lens Epithelial Cells (EMT) and Fibrosis.	Biomolecules	2023 Dec	epmc,eutils	GOOD	1	0	1	0	0	0	C1+存储题名与题录 rt 全等/前缀	2023	1
F4	vk_index	R4_index	methods-scrna.md:261			36630901	year=2023 species=[human]	Comprehensive characterization of fetal and mature retinal cell identity to assess the fidelity of retinal organoids.	Stem cell reports	Comprehensive characterization of fetal and mature retinal cell identity to assess the fidelity of retinal organoids.	Stem cell reports	2023 Jan	epmc,eutils	GOOD	1	0	1	0	0	0	C1+存储题名与题录 rt 全等/前缀	2023	1
F4	vk_index	R4_index	tissue-trabecular_meshwork.md:70			36598818	year=2023 species=[both]	Metformin protects trabecular meshwork against oxidative injury via activating integrin/ROCK signals.	eLife	Metformin protects trabecular meshwork against oxidative injury via activating integrin/ROCK signals.	eLife	2023 Jan	epmc,eutils	GOOD	1	0	0	0	0	0	C1+存储题名与题录 rt 全等/前缀	2023	1
F4	vk_index	R4_index	models.md:590			37371942	year=2023 species=[human]	Mammalian Animal and Human Retinal Organ Culture as Pre-Clinical Model to Evaluate Oxidative Stress and Antioxidant Intraocular Therapeutics.	Antioxidants (Basel, Switzerland)	Mammalian Animal and Human Retinal Organ Culture as Pre-Clinical Model to Evaluate Oxidative Stress and Antioxidant Intraocular Therapeutics.	Antioxidants (Basel, Switzerland)	2023 Jun	epmc,eutils	GOOD	1	0	1	0	1	0	C1+存储题名与题录 rt 全等/前缀	2023	1
F4	vk_index	R4_index	glaucoma.md:144			37735444	year=2023 species=[human]	Retinal ganglion cell repopulation for vision restoration in optic neuropathy: a roadmap from the RReSTORe Consortium.	Molecular neurodegeneration	Retinal ganglion cell repopulation for vision restoration in optic neuropathy: a roadmap from the RReSTORe Consortium.	Molecular neurodegeneration	2023 Sep	epmc,eutils	GOOD	1	0	1	0	0	0	C1+存储题名与题录 rt 全等/前缀	2023	1
F4	vk_index	R4_index	aging.md:145			37180103	year=2023 species=[mouse]	Short exposure to photo-oxidative damage triggers molecular signals indicative of early retinal degeneration.	Frontiers in immunology	Short exposure to photo-oxidative damage triggers molecular signals indicative of early retinal degeneration.	Frontiers in immunology	2023	epmc,eutils	GOOD	1	0	1	0	0	0	C1+存储题名与题录 rt 全等/前缀	2023	1
F4	vk_index	R4_index	tissue-trabecular_meshwork.md:69			37867950	year=2023 species=[human]	Cell atlas of trabecular meshwork in glaucomatous non-human primates and DEGs related to tissue contract based on single-cell transcriptomics.	iScience	Cell atlas of trabecular meshwork in glaucomatous non-human primates and DEGs related to tissue contract based on single-cell transcriptomics.	iScience	2023 Nov	epmc,eutils	GOOD	1	0	1	0	0	0	C1+存储题名与题录 rt 全等/前缀	2023	1
F4	vk_index	R4_index	photoreceptor.md:298			37903056	year=2023 species=[human]	CCR1 mediates Müller cell activation and photoreceptor cell death in macular and retinal degeneration.	eLife	CCR1 mediates Müller cell activation and photoreceptor cell death in macular and retinal degeneration.	eLife	2023 Oct	epmc,eutils	GOOD	1	0	1	0	0	0	C1+存储题名与题录 rt 全等/前缀	2023	1
F4	vk_index	R4_index	aging.md:171			36982157	year=2023 species=[human]	The Role of Citicoline and Coenzyme Q10 in Retinal Pathology.	International journal of molecular sciences	The Role of Citicoline and Coenzyme Q10 in Retinal Pathology.	International journal of molecular sciences	2023 Mar	epmc,eutils	GOOD	1	0	1	0	0	0	C1+存储题名与题录 rt 全等/前缀	2023	1
F4	vk_index	R4_index	tissue-lens.md:130			37414399	year=2023 species=[both]	MIR34A modulates lens epithelial cell apoptosis and cataract development via the HK1/caspase 3 signaling pathway.	Aging	MIR34A modulates lens epithelial cell apoptosis and cataract development via the HK1/caspase 3 signaling pathway.	Aging	2023 Jul	epmc,eutils	GOOD	1	0	1	0	0	0	C1+存储题名与题录 rt 全等/前缀	2023	1
F4	vk_index	R4_index	models.md:574			36675807	year=2023 species=[mouse]	Microglia-Derived Spp1 Promotes Pathological Retinal Neovascularization via Activating Endothelial Kit/Akt/mTOR Signaling.	Journal of personalized medicine	Microglia-Derived Spp1 Promotes Pathological Retinal Neovascularization via Activating Endothelial Kit/Akt/mTOR Signaling.	Journal of personalized medicine	2023 Jan	epmc,eutils	GOOD	1	0	1	0	0	0	C1+存储题名与题录 rt 全等/前缀	2023	1
F4	vk_index	R4_index	regeneration.md:113			37022761	year=2023 species=[human]	Homophilic interaction of cell adhesion molecule 3 coordinates retina neuroepithelial cell proliferation.	The Journal of cell biology	Homophilic interaction of cell adhesion molecule 3 coordinates retina neuroepithelial cell proliferation.	The Journal of cell biology	2023 Jun	epmc,eutils	GOOD	1	0	1	0	0	0	C1+存储题名与题录 rt 全等/前缀	2023	1
F4	vk_index	R4_index	amd.md:106			37838654	year=2023 species=[mouse]	Microglia preserve visual function loss in the aging retina by supporting retinal pigment epithelial health.	Immunity & ageing : I & A	Microglia preserve visual function loss in the aging retina by supporting retinal pigment epithelial health.	Immunity & ageing : I & A	2023 Oct	epmc,eutils	GOOD	1	0	1	0	0	0	C1+存储题名与题录 rt 全等/前缀	2023	1
F4	vk_index	R4_index	aging.md:182			37185874	year=2023 species=[mouse]	SIRT6 overexpression in the nucleus protects mouse retinal pigment epithelium from oxidative stress.	Life science alliance	SIRT6 overexpression in the nucleus protects mouse retinal pigment epithelium from oxidative stress.	Life science alliance	2023 Jul	epmc,eutils	GOOD	1	0	1	0	1	0	C1+存储题名与题录 rt 全等/前缀	2023	1
F4	vk_index	R4_index	tissue-ciliary_body.md:120			37240074	year=2023 species=[human]	WGS Revealed Novel <i>BBS5</i> Pathogenic Variants, Missed by WES, Causing Ciliary Structure and Function Defects.	International journal of molecular sciences	WGS Revealed Novel BBS5 Pathogenic Variants, Missed by WES, Causing Ciliary Structure and Function Defects.	International journal of molecular sciences	2023 May	epmc,eutils	GOOD	1	0	0	0	0	0	C1+存储题名与题录 rt 全等/前缀	2023	1
F4	vk_index	R4_index	tissue-lens.md:115			36880430	year=2023 species=[both]	Charged multivesicular body protein 4b forms complexes with gap junction proteins during lens fiber cell differentiation.	FASEB journal : official publication of the Federation of American Societies for Experimental Biology	Charged multivesicular body protein 4b forms complexes with gap junction proteins during lens fiber cell differentiation.	FASEB journal : official publication of the Federation of American Societies for	2023 Apr	epmc,eutils	GOOD	1	0	1	0	0	0	C1+存储题名与题录 rt 全等/前缀	2023	1
F4	vk_index	R4_index	tissue-ciliary_body.md:109			36802443	year=2023 species=[human]	Deficiency of the minor spliceosome component U4atac snRNA secondarily results in ciliary defects in human and zebrafish.	Proceedings of the National Academy of Sciences of the United States of America	Deficiency of the minor spliceosome component U4atac snRNA secondarily results in ciliary defects in human and zebrafish.	Proceedings of the National Academy of Sciences of the United States of America	2023 Feb	epmc,eutils	GOOD	1	0	0	0	1	0	C1+存储题名与题录 rt 全等/前缀	2023	1
F4	vk_index	R4_index	tissue-conjunctiva.md:60			37389178	year=2023 species=[human]	Identification of BST2 as a conjunctival epithelial stem/progenitor cell marker.	iScience	Identification of BST2 as a conjunctival epithelial stem/progenitor cell marker.	iScience	2023 Jul	epmc,eutils	GOOD	1	0	1	0	0	0	C1+存储题名与题录 rt 全等/前缀	2023	1
F4	vk_index	R4_index	glaucoma.md:143			37682267	year=2023 species=[mouse]	Retinal input integration in excitatory and inhibitory neurons in the mouse superior colliculus in vivo.	eLife	Retinal input integration in excitatory and inhibitory neurons in the mouse superior colliculus in vivo.	eLife	2023 Sep	epmc,eutils	GOOD	1	0	1	0	1	0	C1+存储题名与题录 rt 全等/前缀	2023	1
F4	vk_index	R4_index	retina-development.md:198			37545752	year=2023 species=[human]	Human retinal secretome: A cross-link between mesenchymal and retinal cells.	World journal of stem cells	Human retinal secretome: A cross-link between mesenchymal and retinal cells.	World journal of stem cells	2023 Jul	epmc,eutils	GOOD	1	0	1	0	1	0	C1+存储题名与题录 rt 全等/前缀	2023	1
F4	vk_index	R4_index	tissue-conjunctiva.md:79			37770232	year=2023 species=[human]	Gene expression signatures of human senescent corneal and conjunctival epithelial cells.	Aging	Gene expression signatures of human senescent corneal and conjunctival epithelial cells.	Aging	2023 Sep	epmc,eutils	GOOD	1	0	1	0	1	0	C1+存储题名与题录 rt 全等/前缀	2023	1
F4	vk_index	R4_index	models.md:635			37213216	year=2023 species=[mouse]	Modeling inducible neuropathologies of the retina with differential phenotypes in organoids.	Frontiers in cellular neuroscience	Modeling inducible neuropathologies of the retina with differential phenotypes in organoids.	Frontiers in cellular neuroscience	2023	epmc,eutils	GOOD	1	0	1	0	0	0	C1+存储题名与题录 rt 全等/前缀	2023	1
F4	vk_index	R4_index	tissue-cornea.md:143			37061739	year=2023 species=[human]	Expansion and characterization of human limbus-derived stromal/mesenchymal stem cells in xeno-free medium for therapeutic applications.	Stem cell research & therapy	Expansion and characterization of human limbus-derived stromal/mesenchymal stem cells in xeno-free medium for therapeutic applications.	Stem cell research & therapy	2023 Apr	epmc,eutils	GOOD	1	0	0	0	1	0	C1+存储题名与题录 rt 全等/前缀	2023	1
F4	vk_index	R4_index	tissue-cornea.md:166			37081200	year=2023 species=[human]	Zeb1 facilitates corneal epithelial wound healing by maintaining corneal epithelial cell viability and mobility.	Communications biology	Zeb1 facilitates corneal epithelial wound healing by maintaining corneal epithelial cell viability and mobility.	Communications biology	2023 Apr	epmc,eutils	GOOD	1	0	1	0	0	0	C1+存储题名与题录 rt 全等/前缀	2023	1
F4	vk_index	R4_index	methods-scrna.md:256			38092908	year=2023 species=[both]	Evolution of neuronal cell classes and types in the vertebrate retina.	Nature	Evolution of neuronal cell classes and types in the vertebrate retina.	Nature	2023 Dec	epmc,eutils	GOOD	1	0	1	0	0	0	C1+存储题名与题录 rt 全等/前缀	2023	1
F4	vk_index	R4_index	aging.md:173			36830838	year=2023 species=[human]	Biomacromolecular Profile in Human Primary Retinal Pigment Epithelial Cells-A Study of Oxidative Stress and Autophagy by Synchrotron-Based FTIR Microspectroscopy.	Biomedicines	Biomacromolecular Profile in Human Primary Retinal Pigment Epithelial Cells-A Study of Oxidative Stress and Autophagy by Synchrotron-Based FTIR Microspectroscopy.	Biomedicines	2023 Jan	epmc,eutils	GOOD	1	0	1	0	1	0	C1+存储题名与题录 rt 全等/前缀	2023	1
F4	vk_index	R4_index	models.md:541			37838654	year=2023 species=[mouse]	Microglia preserve visual function loss in the aging retina by supporting retinal pigment epithelial health.	Immunity & ageing : I & A	Microglia preserve visual function loss in the aging retina by supporting retinal pigment epithelial health.	Immunity & ageing : I & A	2023 Oct	epmc,eutils	GOOD	1	0	1	0	0	0	C1+存储题名与题录 rt 全等/前缀	2023	1
F4	vk_index	R4_index	dr-diabetic-retinopathy.md:77			37788001	year=2023 species=[mouse]	Diabetes Reshapes the Circadian Transcriptome Profile in Murine Retina.	Investigative ophthalmology & visual science	Diabetes Reshapes the Circadian Transcriptome Profile in Murine Retina.	Investigative ophthalmology & visual science	2023 Oct	epmc,eutils	GOOD	1	0	1	0	0	0	C1+存储题名与题录 rt 全等/前缀	2023	1
F4	vk_index	R4_index	tissue-ciliary_body.md:114			37726137	year=2023 species=[human]	MAST4 promotes primary ciliary resorption through phosphorylation of Tctex-1.	Life science alliance	MAST4 promotes primary ciliary resorption through phosphorylation of Tctex-1.	Life science alliance	2023 Nov	epmc,eutils	GOOD	1	0	0	0	0	0	C1+存储题名与题录 rt 全等/前缀	2023	1
F4	vk_index	R4_index	glial-microglia.md:185			37466802	year=2023 species=[mouse]	Long-term Effects of the pituitary-adenylate cyclase-activating Polypeptide (PACAP38) in the Adult Mouse Retina: Microglial Activation and Induction of Neural Proliferation.	Neurochemical research	Long-term Effects of the pituitary-adenylate cyclase-activating Polypeptide (PACAP38) in the Adult Mouse Retina: Microglial Activation and Induction of Neural Proliferation.	Neurochemical research	2023 Nov	epmc,eutils	GOOD	1	0	1	0	1	0	C1+存储题名与题录 rt 全等/前缀	2023	1
F4	vk_index	R4_index	glaucoma.md:168			37819813	year=2023 species=[human]	Targeting circular RNA-Glra2 alleviates retinal neurodegeneration induced by ocular hypertension.	Aging	Targeting circular RNA-Glra2 alleviates retinal neurodegeneration induced by ocular hypertension.	Aging	2023 Oct	epmc,eutils	GOOD	1	0	1	0	0	0	C1+存储题名与题录 rt 全等/前缀	2023	1
F4	vk_index	R4_index	inherited-disease.md:175			37752598	year=2023 species=[mouse]	BAX activation in mouse retinal ganglion cells occurs in two temporally and mechanistically distinct steps.	Molecular neurodegeneration	BAX activation in mouse retinal ganglion cells occurs in two temporally and mechanistically distinct steps.	Molecular neurodegeneration	2023 Sep	epmc,eutils	GOOD	1	0	1	0	1	0	C1+存储题名与题录 rt 全等/前缀	2023	1
F4	vk_index	R4_index	tissue-trabecular_meshwork.md:75			37511956	year=2023 species=[both]	Sigma-1 Receptor Activation Is Protective against TGFβ2-Induced Extracellular Matrix Changes in Human Trabecular Meshwork Cells.	Life (Basel, Switzerland)	Sigma-1 Receptor Activation Is Protective against TGFβ2-Induced Extracellular Matrix Changes in Human Trabecular Meshwork Cells.	Life (Basel, Switzerland)	2023 Jul	epmc,eutils	GOOD	1	0	0	0	0	0	C1+存储题名与题录 rt 全等/前缀	2023	1
F4	vk_index	R4_index	glial-microglia.md:141			37029422	year=2023 species=[mouse]	N , N -Dimethyl-3β-hydroxycholenamide attenuates neuronal death and retinal inflammation in retinal ischemia/reperfusion injury by inhibiting Ninjurin 1	Journal of neuroinflammation	N,N-Dimethyl-3β-hydroxycholenamide attenuates neuronal death and retinal inflammation in retinal ischemia/reperfusion injury by inhibiting Ninjurin 1.	Journal of neuroinflammation	2023 Apr	epmc,eutils	GOOD	1	0	1	0	0	0	C1+存储题名与题录 rt 全等/前缀	2023	1
F4	vk_index	R4_index	models.md:576			36717618	year=2023 species=[mouse]	Purified regenerating retinal neurons reveal regulatory role of DNA methylation-mediated Na+/K+-ATPase in murine axon regeneration.	Communications biology	Purified regenerating retinal neurons reveal regulatory role of DNA methylation-mediated Na+/K+-ATPase in murine axon regeneration.	Communications biology	2023 Jan	epmc,eutils	GOOD	1	0	1	0	0	0	C1+存储题名与题录 rt 全等/前缀	2023	1
F4	vk_index	R4_index	glial-microglia.md:154			37084724	year=2023 species=[human]	Human iPSC-derived neural progenitor cells secreting GDNF provide protection in rodent models of ALS and retinal degeneration.	Stem cell reports	Human iPSC-derived neural progenitor cells secreting GDNF provide protection in rodent models of ALS and retinal degeneration.	Stem cell reports	2023 Aug	epmc,eutils	GOOD	1	0	1	0	1	0	C1+存储题名与题录 rt 全等/前缀	2023	1
F4	vk_index	R4_index	regeneration.md:102			37846362	year=2023 species=[mouse]	Genetic and epigenetic regulators of retinal Müller glial cell reprogramming.	Advances in ophthalmology practice and research	Genetic and epigenetic regulators of retinal Müller glial cell reprogramming.	Advances in ophthalmology practice and research	2023 Aug	epmc,eutils	GOOD	1	0	1	0	0	0	C1+存储题名与题录 rt 全等/前缀	2023	1
F4	vk_index	R4_index	methods-scrna.md:230			37582959	year=2023 species=[mouse]	Spatial organization of the mouse retina at single cell resolution by MERFISH.	Nature communications	Spatial organization of the mouse retina at single cell resolution by MERFISH.	Nature communications	2023 Aug	epmc,eutils	GOOD	1	0	1	0	1	0	C1+存储题名与题录 rt 全等/前缀	2023	1
F4	vk_index	R4_index	models.md:614			38248991	year=2023 species=[human]	When Sex Matters: Differences in the Central Nervous System as Imaged by OCT through the Retina.	Journal of imaging	When Sex Matters: Differences in the Central Nervous System as Imaged by OCT through the Retina.	Journal of imaging	2023 Dec	epmc,eutils	GOOD	1	0	1	0	0	0	C1+存储题名与题录 rt 全等/前缀	2023	1
F4	vk_index	R4_index	photoreceptor.md:277			37886604	year=2023 species=[both]	Characterization and AAV-mediated  CRB  gene augmentation in human-derived  CRB1 KO  and  CRB1 KO CRB2 +/−  retinal organoids	Molecular therapy. Methods & clinical development	Characterization and AAV-mediated CRB gene augmentation in human-derived CRB1(KO) and CRB1(KO)CRB2(+/-) retinal organoids.	Molecular therapy. Methods & clinical development	2023 Dec	epmc,eutils	GOOD	1	0	1	0	0	0	C1+存储题名与题录 rt 全等/前缀	2023	1
F4	vk_index	R4_index	models.md:496			37226256	year=2023 species=[unknown]	Immune stimulation recruits a subset of pro-regenerative macrophages to the retina that promotes axonal regrowth of injured neurons.	Acta neuropathologica communications	Immune stimulation recruits a subset of pro-regenerative macrophages to the retina that promotes axonal regrowth of injured neurons.	Acta neuropathologica communications	2023 May	epmc,eutils	GOOD	1	0	1	0	0	0	C1+存储题名与题录 rt 全等/前缀	2023	1
F4	vk_index	R4_index	retina-development.md:256			37867960	year=2023 species=[human]	The splicing factor DHX38 enables retinal development through safeguarding genome integrity.	iScience	The splicing factor DHX38 enables retinal development through safeguarding genome integrity.	iScience	2023 Nov	epmc,eutils	GOOD	1	0	1	0	0	0	C1+存储题名与题录 rt 全等/前缀	2023	1
F4	vk_index	R4_index	tissue-ciliary_body.md:122			37239344	year=2023 species=[human]	Loss of Primary Cilia Potentiates <i>BRAF/MAPK</i> Pathway Activation in Rhabdoid Colorectal Carcinoma: A Series of 21 Cases Showing Ciliary Rootlet CoiledCoil (<i>CROCC</i>) Alterations.	Genes	Loss of Primary Cilia Potentiates BRAF/MAPK Pathway Activation in Rhabdoid Colorectal Carcinoma: A Series of 21 Cases Showing Ciliary Rootlet CoiledCoil (CROCC) Alterations.	Genes	2023 Apr	epmc,eutils	GOOD	1	0	0	0	0	0	C1+存储题名与题录 rt 全等/前缀	2023	1
F4	vk_index	R4_index	models.md:637			36594014	year=2023 species=[mouse]	Alternative transcribed 3' isoform of long non-coding RNA <i>Malat1</i> inhibits mouse retinal oxidative stress.	iScience	Alternative transcribed 3' isoform of long non-coding RNA Malat1 inhibits mouse retinal oxidative stress.	iScience	2023 Jan	epmc,eutils	GOOD	1	0	1	0	1	0	C1+存储题名与题录 rt 全等/前缀	2023	1
F4	vk_index	R4_index	models.md:642			37466802	year=2023 species=[mouse]	Long-term Effects of the pituitary-adenylate cyclase-activating Polypeptide (PACAP38) in the Adult Mouse Retina: Microglial Activation and Induction of Neural Proliferation.	Neurochemical research	Long-term Effects of the pituitary-adenylate cyclase-activating Polypeptide (PACAP38) in the Adult Mouse Retina: Microglial Activation and Induction of Neural Proliferation.	Neurochemical research	2023 Nov	epmc,eutils	GOOD	1	0	1	0	1	0	C1+存储题名与题录 rt 全等/前缀	2023	1
F4	vk_index	R4_index	models.md:524			37691820	year=2023 species=[both]	Integration of human stem cell-derived  in vitro  systems and mouse preclinical models identifies complex pathophysiologic mechanisms in retinal dystrophy	Frontiers in cell and developmental biology	Integration of human stem cell-derived in vitro systems and mouse preclinical models identifies complex pathophysiologic mechanisms in retinal dystrophy.	Frontiers in cell and developmental biology	2023	epmc,eutils	GOOD	1	0	1	0	0	0	C1+存储题名与题录 rt 全等/前缀	2023	1
F4	vk_index	R4_index	methods-scrna.md:246			37819938	year=2023 species=[mouse]	Transcriptomic comparison of two selective retinal cell ablation paradigms in zebrafish reveals shared and cell-specific regenerative responses.	PLoS genetics	Transcriptomic comparison of two selective retinal cell ablation paradigms in zebrafish reveals shared and cell-specific regenerative responses.	PLoS genetics	2023 Oct	epmc,eutils	GOOD	1	0	1	0	0	0	C1+存储题名与题录 rt 全等/前缀	2023	1
F4	vk_index	R4_index	models.md:520			37671011	year=2023 species=[human]	Single-cell sequencing of individual retinal organoids reveals determinants of cell-fate heterogeneity.	Cell reports methods	Single-cell sequencing of individual retinal organoids reveals determinants of cell-fate heterogeneity.	Cell reports methods	2023 Aug	epmc,eutils	GOOD	1	0	1	0	0	0	C1+存储题名与题录 rt 全等/前缀	2023	1
F4	vk_index	R4_index	tissue-optic_nerve.md:144			37143930	year=2023 species=[mouse]	Pericyte-derived cells participate in optic nerve scar formation.	Frontiers in physiology	Pericyte-derived cells participate in optic nerve scar formation.	Frontiers in physiology	2023	epmc,eutils	GOOD	1	0	0	0	0	0	C1+存储题名与题录 rt 全等/前缀	2023	1
F4	vk_index	R4_index	tissue-cornea.md:177			36844364	year=2023 species=[human]	"A ""T.E.S.T."" hydrogel bioadhesive assisted by corneal cross-linking for in situ sutureless corneal repair."	Bioactive materials	"A ""T.E.S.T."" hydrogel bioadhesive assisted by corneal cross-linking for in situ sutureless corneal repair."	Bioactive materials	2023 Jul	epmc,eutils	GOOD	1	0	1	0	0	0	C1+存储题名与题录 rt 全等/前缀	2023	1
F4	vk_index	R4_index	aging.md:181			36594014	year=2023 species=[mouse]	Alternative transcribed 3' isoform of long non-coding RNA <i>Malat1</i> inhibits mouse retinal oxidative stress.	iScience	Alternative transcribed 3' isoform of long non-coding RNA Malat1 inhibits mouse retinal oxidative stress.	iScience	2023 Jan	epmc,eutils	GOOD	1	0	1	0	1	0	C1+存储题名与题录 rt 全等/前缀	2023	1
F4	vk_index	R4_index	amd.md:96			36638800	year=2023 species=[both]	Photoreceptor laminin drives differentiation of human pluripotent stem cells to photoreceptor progenitors that partially restore retina function.	Molecular therapy : the journal of the American Society of Gene Therapy	Photoreceptor laminin drives differentiation of human pluripotent stem cells to photoreceptor progenitors that partially restore retina function.	Molecular therapy : the journal of the American Society of Gene Therapy	2023 Mar	epmc,eutils	GOOD	1	0	1	0	0	0	C1+存储题名与题录 rt 全等/前缀	2023	1
F4	vk_index	R4_index	models.md:630			37198396	year=2023 species=[mouse]	Forward genetic screening using fundus spot scale identifies an essential role for Lipe in murine retinal homeostasis.	Communications biology	Forward genetic screening using fundus spot scale identifies an essential role for Lipe in murine retinal homeostasis.	Communications biology	2023 May	epmc,eutils	GOOD	1	0	1	0	0	0	C1+存储题名与题录 rt 全等/前缀	2023	1
F4	vk_index	R4_index	tissue-cornea.md:149			37376106	year=2023 species=[human]	Phosphorylcholine and KR12-Containing Corneal Implants in HSV-1-Infected Rabbit Corneas.	Pharmaceutics	Phosphorylcholine and KR12-Containing Corneal Implants in HSV-1-Infected Rabbit Corneas.	Pharmaceutics	2023 Jun	epmc,eutils	GOOD	1	0	1	0	0	0	C1+存储题名与题录 rt 全等/前缀	2023	1
F4	vk_index	R4_index	regeneration.md:93			37443319	year=2023 species=[mouse]	MAP4Ks inhibition promotes retinal neuron regeneration from Müller glia in adult mice.	NPJ Regenerative medicine	MAP4Ks inhibition promotes retinal neuron regeneration from Müller glia in adult mice.	NPJ Regenerative medicine	2023 Jul	epmc,eutils	GOOD	1	0	1	0	0	0	C1+存储题名与题录 rt 全等/前缀	2023	1
F4	vk_index	R4_index	visual-function.md:189			37569444	year=2023 species=[human]	Intravitreal Administration of Retinal Organoids-Derived Exosomes Alleviates Photoreceptor Degeneration in Royal College of Surgeons Rats by Targeting the Mitogen-Activated Protein Kinase Pathway.	International journal of molecular sciences	Intravitreal Administration of Retinal Organoids-Derived Exosomes Alleviates Photoreceptor Degeneration in Royal College of Surgeons Rats by Targeting the Mitogen-Activated Protein	International journal of molecular sciences	2023 Jul	epmc,eutils	GOOD	1	0	1	0	0	0	C1+存储题名与题录 rt 全等/前缀	2023	1
F4	vk_index	R4_index	dr-diabetic-retinopathy.md:80			37371942	year=2023 species=[human]	Mammalian Animal and Human Retinal Organ Culture as Pre-Clinical Model to Evaluate Oxidative Stress and Antioxidant Intraocular Therapeutics.	Antioxidants (Basel, Switzerland)	Mammalian Animal and Human Retinal Organ Culture as Pre-Clinical Model to Evaluate Oxidative Stress and Antioxidant Intraocular Therapeutics.	Antioxidants (Basel, Switzerland)	2023 Jun	epmc,eutils	GOOD	1	0	1	0	1	0	C1+存储题名与题录 rt 全等/前缀	2023	1
F4	vk_index	R4_index	metabolism.md:126			37097227	year=2023 species=[mouse]	Deletion of the Unfolded Protein Response Transducer IRE1α Is Detrimental to Aging Photoreceptors and to ER Stress-Mediated Retinal Degeneration.	Investigative ophthalmology & visual science	Deletion of the Unfolded Protein Response Transducer IRE1α Is Detrimental to Aging Photoreceptors and to ER Stress-Mediated Retinal Degeneration.	Investigative ophthalmology & visual science	2023 Apr	epmc,eutils	GOOD	1	0	1	0	0	0	C1+存储题名与题录 rt 全等/前缀	2023	1
F4	vk_index	R4_index	models.md:656			37814449	year=2023 species=[both]	Intravitreal injection of a rationally designed AAV capsid library in non-human primate identifies variants with enhanced retinal transduction and neutralizing antibody evasion.	Molecular therapy : the journal of the American Society of Gene Therapy	Intravitreal injection of a rationally designed AAV capsid library in non-human primate identifies variants with enhanced retinal transduction and neutralizing antibody evasion.	Molecular therapy : the journal of the American Society of Gene Therapy	2023 Dec	epmc,eutils	GOOD	1	0	1	0	0	0	C1+存储题名与题录 rt 全等/前缀	2023	1
F4	vk_index	R4_index	other.md:19			37566012	year=2023 species=[unknown]	"Cells Special Issue: ""The Molecular and Cellular Basis of Retinal Diseases""."	Cells	"Cells Special Issue: ""The Molecular and Cellular Basis of Retinal Diseases""."	Cells	2023 Jul	epmc,eutils	GOOD	1	0	1	0	0	0	C1+存储题名与题录 rt 全等/前缀	2023	1
F4	vk_index	R4_index	photoreceptor.md:286			38048369	year=2023 species=[both]	Deletion of IFT20 exclusively in the RPE ablates primary cilia and leads to retinal degeneration.	PLoS biology	Deletion of IFT20 exclusively in the RPE ablates primary cilia and leads to retinal degeneration.	PLoS biology	2023 Dec	epmc,eutils	GOOD	1	0	1	0	0	0	C1+存储题名与题录 rt 全等/前缀	2023	1
F4	vk_index	R4_index	tissue-lens.md:119			37048143	year=2023 species=[both]	High-Throughput Transcriptomics of <i>Celf1</i> Conditional Knockout Lens Identifies Downstream Networks Linked to Cataract Pathology.	Cells	High-Throughput Transcriptomics of Celf1 Conditional Knockout Lens Identifies Downstream Networks Linked to Cataract Pathology.	Cells	2023 Apr	epmc,eutils	GOOD	1	0	1	0	0	0	C1+存储题名与题录 rt 全等/前缀	2023	1
F4	vk_index	R4_index	models.md:589			38102109	year=2023 species=[human]	Peripheral monocytes and neutrophils promote photoreceptor cell death in an experimental retinal detachment model.	Cell death & disease	Peripheral monocytes and neutrophils promote photoreceptor cell death in an experimental retinal detachment model.	Cell death & disease	2023 Dec	epmc,eutils	GOOD	1	0	1	0	0	0	C1+存储题名与题录 rt 全等/前缀	2023	1
F4	vk_index	R4_index	regeneration.md:109			38153753	year=2023 species=[human]	Transition to Chronic Fibrosis in an Animal Model of Retinal Detachment With Features of Proliferative Vitreoretinopathy.	Investigative ophthalmology & visual science	Transition to Chronic Fibrosis in an Animal Model of Retinal Detachment With Features of Proliferative Vitreoretinopathy.	Investigative ophthalmology & visual science	2023 Dec	epmc,eutils	GOOD	1	0	1	0	0	0	C1+存储题名与题录 rt 全等/前缀	2023	1
F4	vk_index	R4_index	regeneration.md:111			36846595	year=2023 species=[other]	Clcf1/Crlf1a-mediated signaling is neuroprotective and required for Müller glia proliferation in the light-damaged zebrafish retina.	Frontiers in cell and developmental biology	Clcf1/Crlf1a-mediated signaling is neuroprotective and required for Müller glia proliferation in the light-damaged zebrafish retina.	Frontiers in cell and developmental biology	2023	epmc,eutils	GOOD	1	0	1	0	0	0	C1+存储题名与题录 rt 全等/前缀	2023	1
F4	vk_index	R4_index	tissue-RPE.md:177			36829938	year=2023 species=[human]	TRAP1 Is Expressed in Human Retinal Pigment Epithelial Cells and Is Required to Maintain their Energetic Status.	Antioxidants (Basel, Switzerland)	TRAP1 Is Expressed in Human Retinal Pigment Epithelial Cells and Is Required to Maintain their Energetic Status.	Antioxidants (Basel, Switzerland)	2023 Feb	epmc,eutils	GOOD	1	0	1	0	1	0	C1+存储题名与题录 rt 全等/前缀	2023	1
F4	vk_index	R4_index	vascular.md:123			37621717	year=2023 species=[mouse]	Retinal astrocyte morphology predicts integration of vascular and neuronal architecture.	Frontiers in neuroscience	Retinal astrocyte morphology predicts integration of vascular and neuronal architecture.	Frontiers in neuroscience	2023	epmc,eutils	GOOD	1	0	1	0	0	0	C1+存储题名与题录 rt 全等/前缀	2023	1
F4	vk_index	R4_index	tissue-optic_nerve.md:152			37816735	year=2023 species=[mouse]	Calbindin 2-specific deletion of arginase 2 preserves visual function after optic nerve crush.	Cell death & disease	Calbindin 2-specific deletion of arginase 2 preserves visual function after optic nerve crush.	Cell death & disease	2023 Oct	epmc,eutils	GOOD	1	0	0	0	0	0	C1+存储题名与题录 rt 全等/前缀	2023	1
F4	vk_index	R4_index	inherited-disease.md:185			38012786	year=2023 species=[human]	Application of patient-derived induced pluripotent stem cells and organoids in inherited retinal diseases.	Stem cell research & therapy	Application of patient-derived induced pluripotent stem cells and organoids in inherited retinal diseases.	Stem cell research & therapy	2023 Nov	epmc,eutils	GOOD	1	0	1	0	0	0	C1+存储题名与题录 rt 全等/前缀	2023	1
F4	vk_index	R4_index	inherited-disease.md:205			36649236	year=2023 species=[both]	The LHX2-OTX2 transcriptional regulatory module controls retinal pigmented epithelium differentiation and underlies genetic risk for age-related macular degeneration.	PLoS biology	The LHX2-OTX2 transcriptional regulatory module controls retinal pigmented epithelium differentiation and underlies genetic risk for age-related macular degeneration.	PLoS biology	2023 Jan	epmc,eutils	GOOD	1	0	1	0	0	0	C1+存储题名与题录 rt 全等/前缀	2023	1
F4	vk_index	R4_index	tissue-RPE.md:176			37507949	year=2023 species=[human]	β-Asarone Alleviates High-Glucose-Induced Oxidative Damage via Inhibition of ROS Generation and Inactivation of the NF-κB/NLRP3 Inflammasome Pathway in Human Retinal Pigment Epithelial Cells.	Antioxidants (Basel, Switzerland)	β-Asarone Alleviates High-Glucose-Induced Oxidative Damage via Inhibition of ROS Generation and Inactivation of the NF-κB/NLRP3 Inflammasome Pathway in Human Retinal Pigment Epithe	Antioxidants (Basel, Switzerland)	2023 Jul	epmc,eutils	GOOD	1	0	1	0	1	0	C1+存储题名与题录 rt 全等/前缀	2023	1
F4	vk_index	R4_index	photoreceptor.md:271			37752598	year=2023 species=[mouse]	BAX activation in mouse retinal ganglion cells occurs in two temporally and mechanistically distinct steps.	Molecular neurodegeneration	BAX activation in mouse retinal ganglion cells occurs in two temporally and mechanistically distinct steps.	Molecular neurodegeneration	2023 Sep	epmc,eutils	GOOD	1	0	1	0	1	0	C1+存储题名与题录 rt 全等/前缀	2023	1
F4	vk_index	R4_index	inherited-disease.md:177			37809982	year=2023 species=[human]	Exome sequencing in retinal dystrophy patients reveals a novel candidate gene ER membrane protein complex subunit 3.	Heliyon	Exome sequencing in retinal dystrophy patients reveals a novel candidate gene ER membrane protein complex subunit 3.	Heliyon	2023 Sep	epmc,eutils	GOOD	1	0	1	0	0	0	C1+存储题名与题录 rt 全等/前缀	2023	1
F4	vk_index	R4_index	retina-development.md:232			38123561	year=2023 species=[other]	Common and divergent gene regulatory networks control injury-induced and developmental neurogenesis in zebrafish retina.	Nature communications	Common and divergent gene regulatory networks control injury-induced and developmental neurogenesis in zebrafish retina.	Nature communications	2023 Dec	epmc,eutils	GOOD	1	0	1	0	0	0	C1+存储题名与题录 rt 全等/前缀	2023	1
F4	vk_index	R4_index	vascular.md:146			36782199	year=2023 species=[both]	Simultaneous attenuation of hyperglycemic memory-induced retinal, pulmonary, and glomerular dysfunctions by proinsulin C-peptide in diabetes.	BMC medicine	Simultaneous attenuation of hyperglycemic memory-induced retinal, pulmonary, and glomerular dysfunctions by proinsulin C-peptide in diabetes.	BMC medicine	2023 Feb	epmc,eutils	GOOD	1	0	1	0	0	0	C1+存储题名与题录 rt 全等/前缀	2023	1
F4	vk_index	R4_index	models.md:533			37762541	year=2023 species=[mouse]	A Distinct Microglial Cell Population Expressing Both CD86 and CD206 Constitutes a Dominant Type and Executes Phagocytosis in Two Mouse Models of Retinal Degeneration.	International journal of molecular sciences	A Distinct Microglial Cell Population Expressing Both CD86 and CD206 Constitutes a Dominant Type and Executes Phagocytosis in Two Mouse Models of Retinal Degeneration.	International journal of molecular sciences	2023 Sep	epmc,eutils	GOOD	1	0	1	0	1	0	C1+存储题名与题录 rt 全等/前缀	2023	1
F4	vk_index	R4_index	glaucoma.md:160			36681854	year=2023 species=[human]	NAD salvage pathway machinery expression in normal and glaucomatous retina and optic nerve.	Acta neuropathologica communications	NAD salvage pathway machinery expression in normal and glaucomatous retina and optic nerve.	Acta neuropathologica communications	2023 Jan	epmc,eutils	GOOD	1	0	1	0	0	0	C1+存储题名与题录 rt 全等/前缀	2023	1
F4	vk_index	R4_index	metabolism.md:118			37731202	year=2023 species=[human]	Hyperbaric oxygen therapy suppresses hypoxia and reoxygenation injury to retinal pigment epithelial cells through activating peroxisome proliferator activator receptor-alpha signalling.	Journal of cellular and molecular medicine	Hyperbaric oxygen therapy suppresses hypoxia and reoxygenation injury to retinal pigment epithelial cells through activating peroxisome proliferator activator receptor-alpha signal	Journal of cellular and molecular medicine	2023 Oct	epmc,eutils	GOOD	1	0	1	0	0	0	C1+存储题名与题录 rt 全等/前缀	2023	1
F4	vk_index	R4_index	tissue-lens.md:123			37865680	year=2023 species=[unknown]	The involvement of caspases in the process of nuclear removal during lens fiber cell differentiation.	Cell death discovery	The involvement of caspases in the process of nuclear removal during lens fiber cell differentiation.	Cell death discovery	2023 Oct	epmc,eutils	GOOD	1	0	1	0	0	0	C1+存储题名与题录 rt 全等/前缀	2023	1
F4	vk_index	R4_index	models.md:493			37217935	year=2023 species=[mouse]	The BET PROTAC inhibitor dBET6 protects against retinal degeneration and inhibits the cGAS-STING in response to light damage.	Journal of neuroinflammation	The BET PROTAC inhibitor dBET6 protects against retinal degeneration and inhibits the cGAS-STING in response to light damage.	Journal of neuroinflammation	2023 May	epmc,eutils	GOOD	1	0	1	0	0	0	C1+存储题名与题录 rt 全等/前缀	2023	1
F4	vk_index	R4_index	methods-scrna.md:258			38123561	year=2023 species=[other]	Common and divergent gene regulatory networks control injury-induced and developmental neurogenesis in zebrafish retina.	Nature communications	Common and divergent gene regulatory networks control injury-induced and developmental neurogenesis in zebrafish retina.	Nature communications	2023 Dec	epmc,eutils	GOOD	1	0	1	0	0	0	C1+存储题名与题录 rt 全等/前缀	2023	1
F4	vk_index	R4_index	aging.md:158			37880369	year=2023 species=[human]	An ON-type direction-selective ganglion cell in primate retina.	Nature	An ON-type direction-selective ganglion cell in primate retina.	Nature	2023 Nov	epmc,eutils	GOOD	1	0	1	0	0	0	C1+存储题名与题录 rt 全等/前缀	2023	1
F4	vk_index	R4_index	metabolism.md:98			37180103	year=2023 species=[mouse]	Short exposure to photo-oxidative damage triggers molecular signals indicative of early retinal degeneration.	Frontiers in immunology	Short exposure to photo-oxidative damage triggers molecular signals indicative of early retinal degeneration.	Frontiers in immunology	2023	epmc,eutils	GOOD	1	0	1	0	0	0	C1+存储题名与题录 rt 全等/前缀	2023	1
F4	vk_index	R4_index	aging.md:151			37660150	year=2023 species=[human]	TNFα induced by DNA-sensing in macrophage compromises retinal pigment epithelial (RPE) barrier function.	Scientific reports	TNFα induced by DNA-sensing in macrophage compromises retinal pigment epithelial (RPE) barrier function.	Scientific reports	2023 Sep	epmc,eutils	GOOD	1	0	1	0	0	0	C1+存储题名与题录 rt 全等/前缀	2023	1
F4	vk_index	R4_index	photoreceptor.md:252			37217935	year=2023 species=[mouse]	The BET PROTAC inhibitor dBET6 protects against retinal degeneration and inhibits the cGAS-STING in response to light damage.	Journal of neuroinflammation	The BET PROTAC inhibitor dBET6 protects against retinal degeneration and inhibits the cGAS-STING in response to light damage.	Journal of neuroinflammation	2023 May	epmc,eutils	GOOD	1	0	1	0	0	0	C1+存储题名与题录 rt 全等/前缀	2023	1
F4	vk_index	R4_index	models.md:570			36322391	year=2023 species=[mouse]	Loss-of-function approach using mouse retinal explants showed pivotal roles of Nmnat2 in early and middle stages of retinal development.	Molecular biology of the cell	Loss-of-function approach using mouse retinal explants showed pivotal roles of Nmnat2 in early and middle stages of retinal development.	Molecular biology of the cell	2023 Jan	epmc,eutils	GOOD	1	0	1	0	1	0	C1+存储题名与题录 rt 全等/前缀	2023	1
F4	vk_index	R4_index	retina-development.md:258			37107227	year=2023 species=[mouse]	Effects of Resveratrol on Vascular Function in Retinal Ischemia-Reperfusion Injury.	Antioxidants (Basel, Switzerland)	Effects of Resveratrol on Vascular Function in Retinal Ischemia-Reperfusion Injury.	Antioxidants (Basel, Switzerland)	2023 Apr	epmc,eutils	GOOD	1	0	1	0	0	0	C1+存储题名与题录 rt 全等/前缀	2023	1
F4	vk_index	R4_index	models.md:650			37852780	year=2023 species=[mouse]	Reanalysis of EphA3 Knock-In Double Maps in Mouse Suggests That Stochasticity in Topographic Map Formation Acts at the Retina Rather than between Competing Mechanisms at the Colliculus.	eNeuro	Reanalysis of EphA3 Knock-In Double Maps in Mouse Suggests That Stochasticity in Topographic Map Formation Acts at the Retina Rather than between Competing Mechanisms at the Collic	eNeuro	2023 Nov	epmc,eutils	GOOD	1	0	1	0	1	0	C1+存储题名与题录 rt 全等/前缀	2023	1
F4	vk_index	R4_index	regeneration.md:119			37934159	year=2023 species=[mouse]	Nestin Regulates Müller Glia Proliferation After Retinal Injury.	Investigative ophthalmology & visual science	Nestin Regulates Müller Glia Proliferation After Retinal Injury.	Investigative ophthalmology & visual science	2023 Nov	epmc,eutils	GOOD	1	0	1	0	0	0	C1+存储题名与题录 rt 全等/前缀	2023	1
F4	vk_index	R4_index	photoreceptor.md:268			37746666	year=2023 species=[mouse]	Single-cell RNA sequencing of retina revealed novel transcriptional landscape in high myopia and underlying cell-type-specific mechanisms.	MedComm	Single-cell RNA sequencing of retina revealed novel transcriptional landscape in high myopia and underlying cell-type-specific mechanisms.	MedComm	2023 Oct	epmc,eutils	GOOD	1	0	1	0	0	0	C1+存储题名与题录 rt 全等/前缀	2023	1
F4	vk_index	R4_index	models.md:621			37289173	year=2023 species=[human]	A Novel Device for Suprachoroidal Drug Delivery to Retina: Evaluation in Nonhuman Primates.	Translational vision science & technology	A Novel Device for Suprachoroidal Drug Delivery to Retina: Evaluation in Nonhuman Primates.	Translational vision science & technology	2023 Jun	epmc,eutils	GOOD	1	0	1	0	0	0	C1+存储题名与题录 rt 全等/前缀	2023	1
F4	vk_index	R4_index	inherited-disease.md:171			37084726	year=2023 species=[human]	AAV-mediated gene augmentation therapy of  CRB1  patient-derived retinal organoids restores the histological and transcriptional retinal phenotype	Stem cell reports	AAV-mediated gene augmentation therapy of CRB1 patient-derived retinal organoids restores the histological and transcriptional retinal phenotype.	Stem cell reports	2023 May	epmc,eutils	GOOD	1	0	1	0	0	0	C1+存储题名与题录 rt 全等/前缀	2023	1
F4	vk_index	R4_index	tissue-optic_nerve.md:130			36204863	year=2023 species=[mouse]	Use of a tissue clearing technique combined with retrograde trans-synaptic viral tracing to evaluate changes in mouse retinorecipient brain regions following optic nerve crush.	Neural regeneration research	Use of a tissue clearing technique combined with retrograde trans-synaptic viral tracing to evaluate changes in mouse retinorecipient brain regions following optic nerve crush.	Neural regeneration research	2023 Apr	epmc,eutils	GOOD	1	0	1	0	1	0	C1+存储题名与题录 rt 全等/前缀	2023	1
F4	vk_index	R4_index	retina-development.md:188			36912000	year=2023 species=[both]	Therapeutic activation of endothelial sphingosine-1-phosphate receptor 1 by chaperone-bound S1P suppresses proliferative retinal neovascularization.	EMBO molecular medicine	Therapeutic activation of endothelial sphingosine-1-phosphate receptor 1 by chaperone-bound S1P suppresses proliferative retinal neovascularization.	EMBO molecular medicine	2023 May	epmc,eutils	GOOD	1	0	1	0	0	0	C1+存储题名与题录 rt 全等/前缀	2023	1
F4	vk_index	R4_index	models.md:579			36766830	year=2023 species=[mouse]	The Absence of FAIM Leads to a Delay in Dark Adaptation and Hampers Arrestin-1 Translocation upon Light Reception in the Retina.	Cells	The Absence of FAIM Leads to a Delay in Dark Adaptation and Hampers Arrestin-1 Translocation upon Light Reception in the Retina.	Cells	2023 Feb	epmc,eutils	GOOD	1	0	1	0	0	0	C1+存储题名与题录 rt 全等/前缀	2023	1
F4	vk_index	R4_index	glaucoma.md:166			37120931	year=2023 species=[human]	Translocator protein 18 kDa regulates retinal neuron apoptosis and pyroptosis in glaucoma.	Redox biology	Translocator protein 18 kDa regulates retinal neuron apoptosis and pyroptosis in glaucoma.	Redox biology	2023 Jul	epmc,eutils	GOOD	1	0	1	0	0	0	C1+存储题名与题录 rt 全等/前缀	2023	1
F4	vk_index	R4_index	models.md:573			36630901	year=2023 species=[human]	Comprehensive characterization of fetal and mature retinal cell identity to assess the fidelity of retinal organoids.	Stem cell reports	Comprehensive characterization of fetal and mature retinal cell identity to assess the fidelity of retinal organoids.	Stem cell reports	2023 Jan	epmc,eutils	GOOD	1	0	1	0	0	0	C1+存储题名与题录 rt 全等/前缀	2023	1
F4	vk_index	R4_index	dr-diabetic-retinopathy.md:75			37433773	year=2023 species=[human]	Imbalanced unfolded protein response signaling contributes to 1-deoxysphingolipid retinal toxicity.	Nature communications	Imbalanced unfolded protein response signaling contributes to 1-deoxysphingolipid retinal toxicity.	Nature communications	2023 Jul	epmc,eutils	GOOD	1	0	1	0	0	0	C1+存储题名与题录 rt 全等/前缀	2023	1
F4	vk_index	R4_index	amd.md:116			37514920	year=2023 species=[human]	Two-Photon Excited Fluorescence Lifetime Imaging of Tetracycline-Labeled Retinal Calcification.	Sensors (Basel, Switzerland)	Two-Photon Excited Fluorescence Lifetime Imaging of Tetracycline-Labeled Retinal Calcification.	Sensors (Basel, Switzerland)	2023 Jul	epmc,eutils	GOOD	1	0	1	0	0	0	C1+存储题名与题录 rt 全等/前缀	2023	1
F4	vk_index	R4_index	photoreceptor.md:307			37867960	year=2023 species=[human]	The splicing factor DHX38 enables retinal development through safeguarding genome integrity.	iScience	The splicing factor DHX38 enables retinal development through safeguarding genome integrity.	iScience	2023 Nov	epmc,eutils	GOOD	1	0	1	0	0	0	C1+存储题名与题录 rt 全等/前缀	2023	1
F4	vk_index	R4_index	inherited-disease.md:206			37814449	year=2023 species=[both]	Intravitreal injection of a rationally designed AAV capsid library in non-human primate identifies variants with enhanced retinal transduction and neutralizing antibody evasion.	Molecular therapy : the journal of the American Society of Gene Therapy	Intravitreal injection of a rationally designed AAV capsid library in non-human primate identifies variants with enhanced retinal transduction and neutralizing antibody evasion.	Molecular therapy : the journal of the American Society of Gene Therapy	2023 Dec	epmc,eutils	GOOD	1	0	1	0	0	0	C1+存储题名与题录 rt 全等/前缀	2023	1
F4	vk_index	R4_index	glaucoma.md:145			37741839	year=2023 species=[unknown]	A sign-inverted receptive field of inhibitory interneurons provides a pathway for ON-OFF interactions in the retina.	Nature communications	A sign-inverted receptive field of inhibitory interneurons provides a pathway for ON-OFF interactions in the retina.	Nature communications	2023 Sep	epmc,eutils	GOOD	1	0	1	0	0	0	C1+存储题名与题录 rt 全等/前缀	2023	1
F4	vk_index	R4_index	photoreceptor.md:331			37227126	year=2023 species=[both]	Mutation of <i>vsx</i> genes in zebrafish highlights the robustness of the retinal specification network.	eLife	Mutation of vsx genes in zebrafish highlights the robustness of the retinal specification network.	eLife	2023 May	epmc,eutils	GOOD	1	0	1	0	0	0	C1+存储题名与题录 rt 全等/前缀	2023	1
F4	vk_index	R4_index	models.md:607			36878935	year=2023 species=[human]	Anatomical and functional outcomes of short-term DensironXTRA heavy silicone oil for rhegmatogenous retinal detachments: a comparative case series.	Scientific reports	Anatomical and functional outcomes of short-term DensironXTRA heavy silicone oil for rhegmatogenous retinal detachments: a comparative case series.	Scientific reports	2023 Mar	epmc,eutils	GOOD	1	0	1	0	0	0	C1+存储题名与题录 rt 全等/前缀	2023	1
F4	vk_index	R4_index	photoreceptor.md:317			37189329	year=2023 species=[mouse]	Inherited Retinal Degeneration: Towards the Development of a Combination Therapy Targeting Histone Deacetylase, Poly (ADP-Ribose) Polymerase, and Calpain.	Biomolecules	Inherited Retinal Degeneration: Towards the Development of a Combination Therapy Targeting Histone Deacetylase, Poly (ADP-Ribose) Polymerase, and Calpain.	Biomolecules	2023 Mar	epmc,eutils	GOOD	1	0	1	0	0	0	C1+存储题名与题录 rt 全等/前缀	2023	1
F4	vk_index	R4_index	tissue-cornea.md:152			36899356	year=2023 species=[human]	ROS generation and p-38 activation contribute to montmorillonite-induced corneal toxicity in vitro and in vivo.	Particle and fibre toxicology	ROS generation and p-38 activation contribute to montmorillonite-induced corneal toxicity in vitro and in vivo.	Particle and fibre toxicology	2023 Mar	epmc,eutils	GOOD	1	0	1	0	0	0	C1+存储题名与题录 rt 全等/前缀	2023	1
F4	vk_index	R4_index	inherited-disease.md:179			37846362	year=2023 species=[mouse]	Genetic and epigenetic regulators of retinal Müller glial cell reprogramming.	Advances in ophthalmology practice and research	Genetic and epigenetic regulators of retinal Müller glial cell reprogramming.	Advances in ophthalmology practice and research	2023 Aug	epmc,eutils	GOOD	1	0	1	0	0	0	C1+存储题名与题录 rt 全等/前缀	2023	1
F4	vk_index	R4_index	tissue-trabecular_meshwork.md:78			36929360	year=2023 species=[both]	Long non-coding RNA SNHG11 regulates the Wnt/β-catenin signaling pathway through rho/ROCK in trabecular meshwork cells.	FASEB journal : official publication of the Federation of American Societies for Experimental Biology	Long non-coding RNA SNHG11 regulates the Wnt/β-catenin signaling pathway through rho/ROCK in trabecular meshwork cells.	FASEB journal : official publication of the Federation of American Societies for	2023 Apr	epmc,eutils	GOOD	1	0	0	0	0	0	C1+存储题名与题录 rt 全等/前缀	2023	1
F4	vk_index	R4_index	tissue-lens.md:111			37103007	year=2023 species=[mouse]	Endoplasmic Reticulum Stress and the Lysosomal Pathway Play Crucial Roles in the Progression of βB2-Crystallin Mutation-Induced Congenital Cataracts in Mice.	Investigative ophthalmology & visual science	Endoplasmic Reticulum Stress and the Lysosomal Pathway Play Crucial Roles in the Progression of βB2-Crystallin Mutation-Induced Congenital Cataracts in Mice.	Investigative ophthalmology & visual science	2023 Apr	epmc,eutils	GOOD	1	0	1	0	0	0	C1+存储题名与题录 rt 全等/前缀	2023	1
F4	vk_index	R4_index	tissue-RPE.md:153			37731202	year=2023 species=[human]	Hyperbaric oxygen therapy suppresses hypoxia and reoxygenation injury to retinal pigment epithelial cells through activating peroxisome proliferator activator receptor-alpha signalling.	Journal of cellular and molecular medicine	Hyperbaric oxygen therapy suppresses hypoxia and reoxygenation injury to retinal pigment epithelial cells through activating peroxisome proliferator activator receptor-alpha signal	Journal of cellular and molecular medicine	2023 Oct	epmc,eutils	GOOD	1	0	1	0	0	0	C1+存储题名与题录 rt 全等/前缀	2023	1
F4	vk_index	R4_index	glaucoma.md:171			36653745	year=2023 species=[mouse]	Long noncoding RNA uc007nnj.1 mediates neuronal death induced by retinal ischemia/reperfusion in mice via the miR-155-5p/Tle4 axis.	Molecular medicine (Cambridge, Mass.)	Long noncoding RNA uc007nnj.1 mediates neuronal death induced by retinal ischemia/reperfusion in mice via the miR-155-5p/Tle4 axis.	Molecular medicine (Cambridge, Mass.)	2023 Jan	epmc,eutils	GOOD	1	0	1	0	0	0	C1+存储题名与题录 rt 全等/前缀	2023	1
F4	vk_index	R4_index	tissue-RPE.md:167			37528478	year=2023 species=[human]	Ex vivo cultivated retinal pigment epithelial cell transplantation for the treatment of rabbit corneal endothelial dysfunction.	Eye and vision (London, England)	Ex vivo cultivated retinal pigment epithelial cell transplantation for the treatment of rabbit corneal endothelial dysfunction.	Eye and vision (London, England)	2023 Aug	epmc,eutils	GOOD	1	0	1	0	0	0	C1+存储题名与题录 rt 全等/前缀	2023	1
F4	vk_index	R4_index	tissue-ciliary_body.md:113			37479688	year=2023 species=[mouse]	MOF-mediated histone H4 Lysine 16 acetylation governs mitochondrial and ciliary functions by controlling gene promoters.	Nature communications	MOF-mediated histone H4 Lysine 16 acetylation governs mitochondrial and ciliary functions by controlling gene promoters.	Nature communications	2023 Jul	epmc,eutils	GOOD	1	0	0	0	0	0	C1+存储题名与题录 rt 全等/前缀	2023	1
F4	vk_index	R4_index	photoreceptor.md:284			38012786	year=2023 species=[human]	Application of patient-derived induced pluripotent stem cells and organoids in inherited retinal diseases.	Stem cell research & therapy	Application of patient-derived induced pluripotent stem cells and organoids in inherited retinal diseases.	Stem cell research & therapy	2023 Nov	epmc,eutils	GOOD	1	0	1	0	0	0	C1+存储题名与题录 rt 全等/前缀	2023	1
F4	vk_index	R4_index	tissue-RPE.md:163			35943778	year=2023 species=[mouse]	Complement factor B is critical for sub-RPE deposit accumulation in a model of Doyne honeycomb retinal dystrophy with features of age-related macular degeneration.	Human molecular genetics	Complement factor B is critical for sub-RPE deposit accumulation in a model of Doyne honeycomb retinal dystrophy with features of age-related macular degeneration.	Human molecular genetics	2023 Jan	epmc,eutils	GOOD	1	0	1	0	0	0	C1+存储题名与题录 rt 全等/前缀	2023	1
F4	vk_index	R4_index	models.md:534			37758715	year=2023 species=[other]	Retina-derived signals control pace of neurogenesis in visual brain areas but not circuit assembly.	Nature communications	Retina-derived signals control pace of neurogenesis in visual brain areas but not circuit assembly.	Nature communications	2023 Sep	epmc,eutils	GOOD	1	0	1	0	0	0	C1+存储题名与题录 rt 全等/前缀	2023	1
F4	vk_index	R4_index	models.md:641			36969592	year=2023 species=[mouse]	Voluntary exercise modulates pathways associated with amelioration of retinal degenerative diseases.	Frontiers in physiology	Voluntary exercise modulates pathways associated with amelioration of retinal degenerative diseases.	Frontiers in physiology	2023	epmc,eutils	GOOD	1	0	1	0	0	0	C1+存储题名与题录 rt 全等/前缀	2023	1
F4	vk_index	R4_index	tissue-choroid.md:109			37914992	year=2023 species=[human]	5α-Hydroxycostic acid inhibits choroidal neovascularization in rats through a dual signalling pathway mediated by VEGF and angiopoietin 2.	Molecular medicine (Cambridge, Mass.)	5α-Hydroxycostic acid inhibits choroidal neovascularization in rats through a dual signalling pathway mediated by VEGF and angiopoietin 2.	Molecular medicine (Cambridge, Mass.)	2023 Nov	epmc,eutils	GOOD	1	0	1	0	0	0	C1+存储题名与题录 rt 全等/前缀	2023	1
F4	vk_index	R4_index	models.md:538			37788001	year=2023 species=[mouse]	Diabetes Reshapes the Circadian Transcriptome Profile in Murine Retina.	Investigative ophthalmology & visual science	Diabetes Reshapes the Circadian Transcriptome Profile in Murine Retina.	Investigative ophthalmology & visual science	2023 Oct	epmc,eutils	GOOD	1	0	1	0	0	0	C1+存储题名与题录 rt 全等/前缀	2023	1
F4	vk_index	R4_index	models.md:406			39565860	year=2024 species=[both]	Immune responses drive chorioretinitis and retinal pathology after neonatal CMV infection.	Science advances	Immune responses drive chorioretinitis and retinal pathology after neonatal CMV infection.	Science advances	2024 Nov	epmc,eutils	GOOD	1	0	1	0	0	0	C1+存储题名与题录 rt 全等/前缀	2024	1
F4	vk_index	R4_index	photoreceptor.md:202			39356769	year=2024 species=[mouse]	Neuroinflammation as a cause of differential Müller cell regenerative responses to retinal injury.	Science advances	Neuroinflammation as a cause of differential Müller cell regenerative responses to retinal injury.	Science advances	2024 Oct	epmc,eutils	GOOD	1	0	1	0	0	0	C1+存储题名与题录 rt 全等/前缀	2024	1
F4	vk_index	R4_index	dr-diabetic-retinopathy.md:51			38321224	year=2024 species=[both]	E3 ubiquitin ligase Herc3 deficiency leads to accumulation of subretinal microglia and retinal neurodegeneration.	Scientific reports	E3 ubiquitin ligase Herc3 deficiency leads to accumulation of subretinal microglia and retinal neurodegeneration.	Scientific reports	2024 Feb	epmc,eutils	GOOD	1	0	1	0	0	0	C1+存储题名与题录 rt 全等/前缀	2024	1
F4	vk_index	R4_index	inherited-disease.md:151			39389360	year=2024 species=[mouse]	Retinal Proteome Profiling of Inherited Retinal Degeneration Across Three Different Mouse Models Suggests Common Drug Targets in Retinitis Pigmentosa.	Molecular & cellular proteomics : MCP	Retinal Proteome Profiling of Inherited Retinal Degeneration Across Three Different Mouse Models Suggests Common Drug Targets in Retinitis Pigmentosa.	Molecular & cellular proteomics : MCP	2024 Nov	epmc,eutils	GOOD	1	0	1	0	1	0	C1+存储题名与题录 rt 全等/前缀	2024	1
F4	vk_index	R4_index	models.md:348			38698014	year=2024 species=[both]	POU6F2, a risk factor for glaucoma, myopia and dyslexia, labels specific populations of retinal ganglion cells.	Scientific reports	POU6F2, a risk factor for glaucoma, myopia and dyslexia, labels specific populations of retinal ganglion cells.	Scientific reports	2024 May	epmc,eutils	GOOD	1	0	1	0	0	0	C1+存储题名与题录 rt 全等/前缀	2024	1
F4	vk_index	R4_index	tissue-conjunctiva.md:48			39514390	year=2024 species=[mouse]	A protocol for immunostaining of macrophages in whole-mount mouse cornea, conjunctiva, and lacrimal gland.	STAR protocols	A protocol for immunostaining of macrophages in whole-mount mouse cornea, conjunctiva, and lacrimal gland.	STAR protocols	2024 Dec	epmc,eutils	GOOD	1	0	1	0	1	0	C1+存储题名与题录 rt 全等/前缀	2024	1
F4	vk_index	R4_index	glial-microglia.md:119			39198470	year=2024 species=[mouse]	Single-cell transcriptomic analysis of retinal immune regulation and blood-retinal barrier function during experimental autoimmune uveitis.	Scientific reports	Single-cell transcriptomic analysis of retinal immune regulation and blood-retinal barrier function during experimental autoimmune uveitis.	Scientific reports	2024 Aug	epmc,eutils	GOOD	1	0	1	0	0	0	C1+存储题名与题录 rt 全等/前缀	2024	1
F4	vk_index	R4_index	glial-microglia.md:124			39348530	year=2024 species=[both]	Modulation of diabetes-related retinal pathophysiology by PTX3.	Proceedings of the National Academy of Sciences of the United States of America	Modulation of diabetes-related retinal pathophysiology by PTX3.	Proceedings of the National Academy of Sciences of the United States of America	2024 Oct	epmc,eutils	GOOD	1	0	1	0	0	0	C1+存储题名与题录 rt 全等/前缀	2024	1
F4	vk_index	R4_index	vascular.md:107			39570639	year=2024 species=[mouse]	Diabetes Renders Photoreceptors Susceptible to Retinal Ischemia-Reperfusion Injury.	Investigative ophthalmology & visual science	Diabetes Renders Photoreceptors Susceptible to Retinal Ischemia-Reperfusion Injury.	Investigative ophthalmology & visual science	2024 Nov	epmc,eutils	GOOD	1	0	1	0	0	0	C1+存储题名与题录 rt 全等/前缀	2024	1
F4	vk_index	R4_index	visual-function.md:131			38483712	year=2024 species=[both]	Photoreceptors inhibit pathological retinal angiogenesis through transcriptional regulation of Adam17 via c-Fos.	Angiogenesis	Photoreceptors inhibit pathological retinal angiogenesis through transcriptional regulation of Adam17 via c-Fos.	Angiogenesis	2024 Aug	epmc,eutils	GOOD	1	0	1	0	0	0	C1+存储题名与题录 rt 全等/前缀	2024	1
F4	vk_index	R4_index	retina-development.md:162			39446806	year=2024 species=[mouse]	Six3 and Six6 jointly control diverse target genes in multiple cell populations over developmental trajectories of mouse embryonic retinal progenitor cells.	PloS one	Six3 and Six6 jointly control diverse target genes in multiple cell populations over developmental trajectories of mouse embryonic retinal progenitor cells.	PloS one	2024	epmc,eutils	GOOD	1	0	1	0	1	0	C1+存储题名与题录 rt 全等/前缀	2024	1
F4	vk_index	R4_index	tissue-RPE.md:107			38514646	year=2024 species=[human]	Phototoxicity of low doses of light and influence of the spectral composition on human RPE cells.	Scientific reports	Phototoxicity of low doses of light and influence of the spectral composition on human RPE cells.	Scientific reports	2024 Mar	epmc,eutils	GOOD	1	0	1	0	1	0	C1+存储题名与题录 rt 全等/前缀	2024	1
F4	vk_index	R4_index	tissue-ciliary_body.md:78			39671305	year=2024 species=[human]	Ciliary length regulation by intraflagellar transport in zebrafish.	eLife	Ciliary length regulation by intraflagellar transport in zebrafish.	eLife	2024 Dec	epmc,eutils	GOOD	1	0	0	0	0	0	C1+存储题名与题录 rt 全等/前缀	2024	1
F4	vk_index	R4_index	models.md:336			38510120	year=2024 species=[human]	Deciphering the spatiotemporal transcriptional and chromatin accessibility of human retinal organoid development at the single-cell level.	iScience	Deciphering the spatiotemporal transcriptional and chromatin accessibility of human retinal organoid development at the single-cell level.	iScience	2024 Apr	epmc,eutils	GOOD	1	0	1	0	1	0	C1+存储题名与题录 rt 全等/前缀	2024	1
F4	vk_index	R4_index	models.md:419			39728690	year=2024 species=[human]	Functional Roles of Pigment Epithelium-Derived Factor in Retinal Degenerative and Vascular Disorders: A Scoping Review.	Investigative ophthalmology & visual science	Functional Roles of Pigment Epithelium-Derived Factor in Retinal Degenerative and Vascular Disorders: A Scoping Review.	Investigative ophthalmology & visual science	2024 Dec	epmc,eutils	GOOD	1	0	1	0	0	0	C1+存储题名与题录 rt 全等/前缀	2024	1
F4	vk_index	R4_index	regeneration.md:78			39633708	year=2024 species=[other]	Forced MyD88 signaling in microglia impacts the production and survival of regenerated retinal neurons.	Frontiers in cell and developmental biology	Forced MyD88 signaling in microglia impacts the production and survival of regenerated retinal neurons.	Frontiers in cell and developmental biology	2024	epmc,eutils	GOOD	1	0	1	0	0	0	C1+存储题名与题录 rt 全等/前缀	2024	1
F4	vk_index	R4_index	methods-scrna.md:163			38504518	year=2024 species=[mouse]	SOCS3 regulates pathological retinal angiogenesis through modulating SPP1 expression in microglia and macrophages.	Molecular therapy : the journal of the American Society of Gene Therapy	SOCS3 regulates pathological retinal angiogenesis through modulating SPP1 expression in microglia and macrophages.	Molecular therapy : the journal of the American Society of Gene Therapy	2024 May	epmc,eutils	GOOD	1	0	1	0	0	0	C1+存储题名与题录 rt 全等/前缀	2024	1
F4	vk_index	R4_index	models.md:346			38670973	year=2024 species=[human]	Single-cell analyses reveal transient retinal progenitor cells in the ciliary margin of developing human retina.	Nature communications	Single-cell analyses reveal transient retinal progenitor cells in the ciliary margin of developing human retina.	Nature communications	2024 Apr	epmc,eutils	GOOD	1	0	1	0	1	0	C1+存储题名与题录 rt 全等/前缀	2024	1
F4	vk_index	R4_index	vascular.md:86			38483712	year=2024 species=[both]	Photoreceptors inhibit pathological retinal angiogenesis through transcriptional regulation of Adam17 via c-Fos.	Angiogenesis	Photoreceptors inhibit pathological retinal angiogenesis through transcriptional regulation of Adam17 via c-Fos.	Angiogenesis	2024 Aug	epmc,eutils	GOOD	1	0	1	0	0	0	C1+存储题名与题录 rt 全等/前缀	2024	1
F4	vk_index	R4_index	methods-scrna.md:180			39466230	year=2024 species=[both]	Tissue-Specific Immune Transcriptional Signatures in the Bordering Tissues of the Mouse Retina and Brain.	Investigative ophthalmology & visual science	Tissue-Specific Immune Transcriptional Signatures in the Bordering Tissues of the Mouse Retina and Brain.	Investigative ophthalmology & visual science	2024 Oct	epmc,eutils	GOOD	1	0	1	0	0	0	C1+存储题名与题录 rt 全等/前缀	2024	1
F4	vk_index	R4_index	amd.md:79			38289348	year=2024 species=[both]	Microglia at sites of atrophy restrict the progression of retinal degeneration via galectin-3 and Trem2.	The Journal of experimental medicine	Microglia at sites of atrophy restrict the progression of retinal degeneration via galectin-3 and Trem2.	The Journal of experimental medicine	2024 Mar	epmc,eutils	GOOD	1	0	1	0	0	0	C1+存储题名与题录 rt 全等/前缀	2024	1
F4	vk_index	R4_index	models.md:379			39169121	year=2024 species=[mouse]	Acyl-CoA synthetase 6 controls rod photoreceptor function and survival by shaping the phospholipid composition of retinal membranes.	Communications biology	Acyl-CoA synthetase 6 controls rod photoreceptor function and survival by shaping the phospholipid composition of retinal membranes.	Communications biology	2024 Aug	epmc,eutils	GOOD	1	0	1	0	0	0	C1+存储题名与题录 rt 全等/前缀	2024	1
F4	vk_index	R4_index	dr-diabetic-retinopathy.md:69			39117618	year=2024 species=[mouse]	Age-related retinal degeneration resulting from the deletion of Shp2 tyrosine phosphatase in photoreceptor neurons.	Cell death & disease	Age-related retinal degeneration resulting from the deletion of Shp2 tyrosine phosphatase in photoreceptor neurons.	Cell death & disease	2024 Aug	epmc,eutils	GOOD	1	0	1	0	0	0	C1+存储题名与题录 rt 全等/前缀	2024	1
F4	vk_index	R4_index	models.md:460			38256177	year=2024 species=[mouse]	The Role of microRNAs Related to Apoptosis for <i>N</i>-Methyl-d-Aspartic Acid-Induced Neuronal Cell Death in the Murine Retina.	International journal of molecular sciences	The Role of microRNAs Related to Apoptosis for N-Methyl-d-Aspartic Acid-Induced Neuronal Cell Death in the Murine Retina.	International journal of molecular sciences	2024 Jan	epmc,eutils	GOOD	1	0	1	0	0	0	C1+存储题名与题录 rt 全等/前缀	2024	1
F4	vk_index	R4_index	glaucoma.md:100			38729157	year=2024 species=[mouse]	Lhx2  promotes axon regeneration of adult retinal ganglion cells and rescues neurodegeneration in mouse models of glaucoma	Cell reports. Medicine	Lhx2 promotes axon regeneration of adult retinal ganglion cells and rescues neurodegeneration in mouse models of glaucoma.	Cell reports. Medicine	2024 May	epmc,eutils	GOOD	1	0	1	0	1	0	C1+存储题名与题录 rt 全等/前缀	2024	1
F4	vk_index	R4_index	tissue-RPE.md:117			39641748	year=2024 species=[human]	Elevation of Granulocyte Colony Stimulating Factor in Human AMD Donor RPE-Choroid.	Investigative ophthalmology & visual science	Elevation of Granulocyte Colony Stimulating Factor in Human AMD Donor RPE-Choroid.	Investigative ophthalmology & visual science	2024 Dec	epmc,eutils	GOOD	1	0	1	0	1	0	C1+存储题名与题录 rt 全等/前缀	2024	1
F4	vk_index	R4_index	INDEX.md:625			38278154	year=2024 species=[both]	The impact of timing and injury mode on induced neurogenesis in the adult mammalian retina.	Stem cell reports	The impact of timing and injury mode on induced neurogenesis in the adult mammalian retina.	Stem cell reports	2024 Feb	epmc,eutils	GOOD	1	0	1	0	0	0	C1+存储题名与题录 rt 全等/前缀	2024	1
F4	vk_index	R4_index	aging.md:113			38612560	year=2024 species=[human]	Unveiling Drivers of Retinal Degeneration in RCS Rats: Functional, Morphological, and Molecular Insights.	International journal of molecular sciences	Unveiling Drivers of Retinal Degeneration in RCS Rats: Functional, Morphological, and Molecular Insights.	International journal of molecular sciences	2024 Mar	epmc,eutils	GOOD	1	0	1	0	0	0	C1+存储题名与题录 rt 全等/前缀	2024	1
F4	vk_index	R4_index	aging.md:122			39616175	year=2024 species=[both]	SenMayo transcriptomic senescence panel highlights glial cells in the ageing mouse and human retina.	npj aging	SenMayo transcriptomic senescence panel highlights glial cells in the ageing mouse and human retina.	npj aging	2024 Nov	epmc,eutils	GOOD	1	0	1	0	0	0	C1+存储题名与题录 rt 全等/前缀	2024	1
F4	vk_index	R4_index	methods-scrna.md:161			38670973	year=2024 species=[human]	Single-cell analyses reveal transient retinal progenitor cells in the ciliary margin of developing human retina.	Nature communications	Single-cell analyses reveal transient retinal progenitor cells in the ciliary margin of developing human retina.	Nature communications	2024 Apr	epmc,eutils	GOOD	1	0	1	0	1	0	C1+存储题名与题录 rt 全等/前缀	2024	1
F4	vk_index	R4_index	visual-function.md:123			38652563	year=2024 species=[human]	NR2E3 loss disrupts photoreceptor cell maturation and fate in human organoid models of retinal development.	The Journal of clinical investigation	NR2E3 loss disrupts photoreceptor cell maturation and fate in human organoid models of retinal development.	The Journal of clinical investigation	2024 Apr	epmc,eutils	GOOD	1	0	1	0	1	0	C1+存储题名与题录 rt 全等/前缀	2024	1
F4	vk_index	R4_index	tissue-ciliary_body.md:87			37490178	year=2024 species=[human]	The implication of ciliary signaling pathways for epithelial-mesenchymal transition.	Molecular and cellular biochemistry	The implication of ciliary signaling pathways for epithelial-mesenchymal transition.	Molecular and cellular biochemistry	2024 Jun	epmc,eutils	GOOD	1	0	0	0	0	0	C1+存储题名与题录 rt 全等/前缀	2024	1
F4	vk_index	R4_index	retina-development.md:127			38101398	year=2024 species=[human]	Human retinal organoids with an  OPA1  mutation are defective in retinal ganglion cell differentiation and function	Stem cell reports	Human retinal organoids with an OPA1 mutation are defective in retinal ganglion cell differentiation and function.	Stem cell reports	2024 Jan	epmc,eutils	GOOD	1	0	1	0	1	0	C1+存储题名与题录 rt 全等/前缀	2024	1
F4	vk_index	R4_index	models.md:345			38650003	year=2024 species=[mouse]	Interleukin-4 protects retinal ganglion cells and promotes axon regeneration.	Cell communication and signaling : CCS	Interleukin-4 protects retinal ganglion cells and promotes axon regeneration.	Cell communication and signaling : CCS	2024 Apr	epmc,eutils	GOOD	1	0	1	0	0	0	C1+存储题名与题录 rt 全等/前缀	2024	1
F4	vk_index	R4_index	regeneration.md:67			38947520	year=2024 species=[both]	Gene regulatory roles of growth and differentiation factors in retinal development.	iScience	Gene regulatory roles of growth and differentiation factors in retinal development.	iScience	2024 Jun	epmc,eutils	GOOD	1	0	1	0	0	0	C1+存储题名与题录 rt 全等/前缀	2024	1
F4	vk_index	R4_index	glaucoma.md:133			38536853	year=2024 species=[mouse]	Halofuginone prevents outer retinal degeneration in a mouse model of light-induced retinopathy.	PloS one	Halofuginone prevents outer retinal degeneration in a mouse model of light-induced retinopathy.	PloS one	2024	epmc,eutils	GOOD	1	0	1	0	1	0	C1+存储题名与题录 rt 全等/前缀	2024	1
F4	vk_index	R4_index	tissue-optic_nerve.md:100			38294803	year=2024 species=[mouse]	Induced Attenuation of Scleral TGF-β Signaling in Mutant Mice Increases Susceptibility to IOP-Induced Optic Nerve Damage.	Investigative ophthalmology & visual science	Induced Attenuation of Scleral TGF-β Signaling in Mutant Mice Increases Susceptibility to IOP-Induced Optic Nerve Damage.	Investigative ophthalmology & visual science	2024 Jan	epmc,eutils	GOOD	1	0	1	0	0	0	C1+存储题名与题录 rt 全等/前缀	2024	1
F4	vk_index	R4_index	photoreceptor.md:239			39325470	year=2024 species=[mouse]	ER Stress and Mitochondrial Perturbations Regulate Cell Death in Retinal Detachment: Exploring the Role of HIF1α.	Investigative ophthalmology & visual science	ER Stress and Mitochondrial Perturbations Regulate Cell Death in Retinal Detachment: Exploring the Role of HIF1α.	Investigative ophthalmology & visual science	2024 Sep	epmc,eutils	GOOD	1	0	1	0	0	0	C1+存储题名与题录 rt 全等/前缀	2024	1
F4	vk_index	R4_index	glial-microglia.md:118			38564108	year=2024 species=[human]	Microglia in retinal angiogenesis and diabetic retinopathy.	Angiogenesis	Microglia in retinal angiogenesis and diabetic retinopathy.	Angiogenesis	2024 Aug	epmc,eutils	GOOD	1	0	1	0	0	0	C1+存储题名与题录 rt 全等/前缀	2024	1
F4	vk_index	R4_index	retina-development.md:165			39534499	year=2024 species=[mouse]	Comparative single-cell transcriptomic analysis reveals putative differentiation drivers and potential origin of vertebrate retina.	NAR genomics and bioinformatics	Comparative single-cell transcriptomic analysis reveals putative differentiation drivers and potential origin of vertebrate retina.	NAR genomics and bioinformatics	2024 Sep	epmc,eutils	GOOD	1	0	1	0	0	0	C1+存储题名与题录 rt 全等/前缀	2024	1
F4	vk_index	R4_index	photoreceptor.md:199			39293864	year=2024 species=[both]	Ccrk-Mak/Ick signaling is a ciliary transport regulator essential for retinal photoreceptor survival.	Life science alliance	Ccrk-Mak/Ick signaling is a ciliary transport regulator essential for retinal photoreceptor survival.	Life science alliance	2024 Nov	epmc,eutils	GOOD	1	0	1	0	0	0	C1+存储题名与题录 rt 全等/前缀	2024	1
F4	vk_index	R4_index	models.md:366			38996013	year=2024 species=[mouse]	Robust reprogramming of glia into neurons by inhibition of Notch signaling and nuclear factor I (NFI) factors in adult mammalian retina.	Science advances	Robust reprogramming of glia into neurons by inhibition of Notch signaling and nuclear factor I (NFI) factors in adult mammalian retina.	Science advances	2024 Jul	epmc,eutils	GOOD	1	0	1	0	0	0	C1+存储题名与题录 rt 全等/前缀	2024	1
F4	vk_index	R4_index	photoreceptor.md:183			38729157	year=2024 species=[mouse]	Lhx2  promotes axon regeneration of adult retinal ganglion cells and rescues neurodegeneration in mouse models of glaucoma	Cell reports. Medicine	Lhx2 promotes axon regeneration of adult retinal ganglion cells and rescues neurodegeneration in mouse models of glaucoma.	Cell reports. Medicine	2024 May	epmc,eutils	GOOD	1	0	1	0	1	0	C1+存储题名与题录 rt 全等/前缀	2024	1
F4	vk_index	R4_index	visual-function.md:160			38311721	year=2024 species=[both]	Fractalkine isoforms differentially regulate microglia-mediated inflammation and enhance visual function in the diabetic retina.	Journal of neuroinflammation	Fractalkine isoforms differentially regulate microglia-mediated inflammation and enhance visual function in the diabetic retina.	Journal of neuroinflammation	2024 Feb	epmc,eutils	GOOD	1	0	1	0	0	0	C1+存储题名与题录 rt 全等/前缀	2024	1
F4	vk_index	R4_index	models.md:457			38741132	year=2024 species=[mouse]	Neuroprotective effects of apigenin on retinal ganglion cells in ischemia/reperfusion: modulating mitochondrial dynamics in in vivo and in vitro models.	Journal of translational medicine	Neuroprotective effects of apigenin on retinal ganglion cells in ischemia/reperfusion: modulating mitochondrial dynamics in in vivo and in vitro models.	Journal of translational medicine	2024 May	epmc,eutils	GOOD	1	0	1	0	0	0	C1+存储题名与题录 rt 全等/前缀	2024	1
F4	vk_index	R4_index	photoreceptor.md:236			39167399	year=2024 species=[mouse]	Cholesterol Accumulation Promotes Photoreceptor Senescence and Retinal Degeneration.	Investigative ophthalmology & visual science	Cholesterol Accumulation Promotes Photoreceptor Senescence and Retinal Degeneration.	Investigative ophthalmology & visual science	2024 Aug	epmc,eutils	GOOD	1	0	1	0	0	0	C1+存储题名与题录 rt 全等/前缀	2024	1
F4	vk_index	R4_index	tissue-cornea.md:126			39684784	year=2024 species=[human]	Drug-Dependent Inhibitory Effects on Corneal Epithelium Structure, Cell Viability, and Corneal Wound Healing by Local Anesthetics.	International journal of molecular sciences	Drug-Dependent Inhibitory Effects on Corneal Epithelium Structure, Cell Viability, and Corneal Wound Healing by Local Anesthetics.	International journal of molecular sciences	2024 Dec	epmc,eutils	GOOD	1	0	1	0	0	0	C1+存储题名与题录 rt 全等/前缀	2024	1
F4	vk_index	R4_index	visual-function.md:122			38773545	year=2024 species=[both]	Intravitreal MPTP drives retinal ganglion cell loss with oral nicotinamide treatment providing robust neuroprotection.	Acta neuropathologica communications	Intravitreal MPTP drives retinal ganglion cell loss with oral nicotinamide treatment providing robust neuroprotection.	Acta neuropathologica communications	2024 May	epmc,eutils	GOOD	1	0	1	0	0	0	C1+存储题名与题录 rt 全等/前缀	2024	1
F4	vk_index	R4_index	models.md:382			39007397	year=2024 species=[other]	A large-scale CRISPR screen reveals context-specific genetic regulation of retinal ganglion cell regeneration.	Development (Cambridge, England)	A large-scale CRISPR screen reveals context-specific genetic regulation of retinal ganglion cell regeneration.	Development (Cambridge, England)	2024 Aug	epmc,eutils	GOOD	1	0	1	0	0	0	C1+存储题名与题录 rt 全等/前缀	2024	1
F4	vk_index	R4_index	retina-development.md:163			39446354	year=2024 species=[human]	NMNAT1 Is Essential for Human iPS Cell Differentiation to the Retinal Lineage.	Investigative ophthalmology & visual science	NMNAT1 Is Essential for Human iPS Cell Differentiation to the Retinal Lineage.	Investigative ophthalmology & visual science	2024 Oct	epmc,eutils	GOOD	1	0	1	0	1	0	C1+存储题名与题录 rt 全等/前缀	2024	1
F4	vk_index	R4_index	vascular.md:89			39394614	year=2024 species=[mouse]	miR-210 is essential to retinal homeostasis in fruit flies and mice.	Biology direct	miR-210 is essential to retinal homeostasis in fruit flies and mice.	Biology direct	2024 Oct	epmc,eutils	GOOD	1	0	1	0	0	0	C1+存储题名与题录 rt 全等/前缀	2024	1
F4	vk_index	R4_index	glial-microglia.md:117			38996013	year=2024 species=[mouse]	Robust reprogramming of glia into neurons by inhibition of Notch signaling and nuclear factor I (NFI) factors in adult mammalian retina.	Science advances	Robust reprogramming of glia into neurons by inhibition of Notch signaling and nuclear factor I (NFI) factors in adult mammalian retina.	Science advances	2024 Jul	epmc,eutils	GOOD	1	0	1	0	0	0	C1+存储题名与题录 rt 全等/前缀	2024	1
F4	vk_index	R4_index	retina-development.md:148			39000471	year=2024 species=[human]	Thyroid Hormone Signaling in Retinal Development and Function: Implications for Diabetic Retinopathy and Age-Related Macular Degeneration.	International journal of molecular sciences	Thyroid Hormone Signaling in Retinal Development and Function: Implications for Diabetic Retinopathy and Age-Related Macular Degeneration.	International journal of molecular sciences	2024 Jul	epmc,eutils	GOOD	1	0	1	0	0	0	C1+存储题名与题录 rt 全等/前缀	2024	1
F4	vk_index	R4_index	tissue-optic_nerve.md:111			39596239	year=2024 species=[both]	p53 and the E3 Ubiquitin Ligase MDM2 in Glaucomatous Lamina Cribrosa Cells.	International journal of molecular sciences	p53 and the E3 Ubiquitin Ligase MDM2 in Glaucomatous Lamina Cribrosa Cells.	International journal of molecular sciences	2024 Nov	epmc,eutils	GOOD	1	0	1	0	0	0	C1+存储题名与题录 rt 全等/前缀	2024	1
F4	vk_index	R4_index	glial-microglia.md:128			39514271	year=2024 species=[both]	Human-induced pluripotent stem cell-derived microglia integrate into mouse retina and recapitulate features of endogenous microglia.	eLife	Human-induced pluripotent stem cell-derived microglia integrate into mouse retina and recapitulate features of endogenous microglia.	eLife	2024 Nov	epmc,eutils	GOOD	1	0	1	0	0	0	C1+存储题名与题录 rt 全等/前缀	2024	1
F4	vk_index	R4_index	models.md:410			39389360	year=2024 species=[mouse]	Retinal Proteome Profiling of Inherited Retinal Degeneration Across Three Different Mouse Models Suggests Common Drug Targets in Retinitis Pigmentosa.	Molecular & cellular proteomics : MCP	Retinal Proteome Profiling of Inherited Retinal Degeneration Across Three Different Mouse Models Suggests Common Drug Targets in Retinitis Pigmentosa.	Molecular & cellular proteomics : MCP	2024 Nov	epmc,eutils	GOOD	1	0	1	0	1	0	C1+存储题名与题录 rt 全等/前缀	2024	1
F4	vk_index	R4_index	glial-microglia.md:123			39207852	year=2024 species=[mouse]	Retinal perivascular macrophages regulate immune cell infiltration during neuroinflammation in mouse models of ocular disease.	The Journal of clinical investigation	Retinal perivascular macrophages regulate immune cell infiltration during neuroinflammation in mouse models of ocular disease.	The Journal of clinical investigation	2024 Aug	epmc,eutils	GOOD	1	0	1	0	1	0	C1+存储题名与题录 rt 全等/前缀	2024	1
F4	vk_index	R4_index	models.md:417			39734536	year=2024 species=[unknown]	The retinal pigment epithelium: Functions and roles in ocular diseases.	Fundamental research	The retinal pigment epithelium: Functions and roles in ocular diseases.	Fundamental research	2024 Nov	epmc,eutils	GOOD	1	0	1	0	0	0	C1+存储题名与题录 rt 全等/前缀	2024	1
F4	vk_index	R4_index	methods-scrna.md:200			39474128	year=2024 species=[human]	Revamping anti-cGAS-STING therapy via an injectable thermo-responsive supramolecular hydrogel for pathological retinal angiogenesis.	Asian journal of pharmaceutical sciences	Revamping anti-cGAS-STING therapy via an injectable thermo-responsive supramolecular hydrogel for pathological retinal angiogenesis.	Asian journal of pharmaceutical sciences	2024 Oct	epmc,eutils	GOOD	1	0	1	0	0	0	C1+存储题名与题录 rt 全等/前缀	2024	1
F4	vk_index	R4_index	methods-scrna.md:142			38190125	year=2024 species=[mouse]	Oncostatin M Reduces Pathological Neovascularization in the Retina Through Müller Cell Activation.	Investigative ophthalmology & visual science	Oncostatin M Reduces Pathological Neovascularization in the Retina Through Müller Cell Activation.	Investigative ophthalmology & visual science	2024 Jan	epmc,eutils	GOOD	1	0	1	0	0	0	C1+存储题名与题录 rt 全等/前缀	2024	1
F4	vk_index	R4_index	models.md:365			39000471	year=2024 species=[human]	Thyroid Hormone Signaling in Retinal Development and Function: Implications for Diabetic Retinopathy and Age-Related Macular Degeneration.	International journal of molecular sciences	Thyroid Hormone Signaling in Retinal Development and Function: Implications for Diabetic Retinopathy and Age-Related Macular Degeneration.	International journal of molecular sciences	2024 Jul	epmc,eutils	GOOD	1	0	1	0	0	0	C1+存储题名与题录 rt 全等/前缀	2024	1
F4	vk_index	R4_index	tissue-optic_nerve.md:121			39695101	year=2024 species=[unknown]	Marcks  overexpression in retinal ganglion cells promotes optic nerve regeneration	Cell death & disease	Marcks overexpression in retinal ganglion cells promotes optic nerve regeneration.	Cell death & disease	2024 Dec	epmc,eutils	GOOD	1	0	1	0	0	0	C1+存储题名与题录 rt 全等/前缀	2024	1
F4	vk_index	R4_index	tissue-cornea.md:121			39198892	year=2024 species=[human]	Targeting limbal epithelial stem cells: master conductors of corneal epithelial regeneration from the bench to multilevel theranostics.	Journal of translational medicine	Targeting limbal epithelial stem cells: master conductors of corneal epithelial regeneration from the bench to multilevel theranostics.	Journal of translational medicine	2024 Aug	epmc,eutils	GOOD	1	0	1	0	0	0	C1+存储题名与题录 rt 全等/前缀	2024	1
F4	vk_index	R4_index	rpe.md:83			39018199	year=2024 species=[mouse]	Cone photoreceptor differentiation regulated by thyroid hormone transporter MCT8 in the retinal pigment epithelium.	Proceedings of the National Academy of Sciences of the United States of America	Cone photoreceptor differentiation regulated by thyroid hormone transporter MCT8 in the retinal pigment epithelium.	Proceedings of the National Academy of Sciences of the United States of America	2024 Jul	epmc,eutils	GOOD	1	0	1	0	0	0	C1+存储题名与题录 rt 全等/前缀	2024	1
F4	vk_index	R4_index	aging.md:114			38657052	year=2024 species=[both]	Senolytic and senomorphic agent procyanidin C1 alleviates structural and functional decline in the aged retina.	Proceedings of the National Academy of Sciences of the United States of America	Senolytic and senomorphic agent procyanidin C1 alleviates structural and functional decline in the aged retina.	Proceedings of the National Academy of Sciences of the United States of America	2024 Apr	epmc,eutils	GOOD	1	0	1	0	0	0	C1+存储题名与题录 rt 全等/前缀	2024	1
F4	vk_index	R4_index	inherited-disease.md:148			39569377	year=2024 species=[both]	Sample multiplexing for retinal single-cell RNA sequencing.	iScience	Sample multiplexing for retinal single-cell RNA sequencing.	iScience	2024 Nov	epmc,eutils	GOOD	1	0	1	0	0	0	C1+存储题名与题录 rt 全等/前缀	2024	1
F4	vk_index	R4_index	INDEX.md:196			39716241	year=2024 species=[human]	Prostanoid signaling in retinal cells elicits inflammatory responses relevant to early-stage diabetic retinopathy.	Journal of neuroinflammation	Prostanoid signaling in retinal cells elicits inflammatory responses relevant to early-stage diabetic retinopathy.	Journal of neuroinflammation	2024 Dec	epmc,eutils	GOOD	1	0	1	0	0	0	C1+存储题名与题录 rt 全等/前缀	2024	1
F4	vk_index	R4_index	photoreceptor.md:222			39716241	year=2024 species=[human]	Prostanoid signaling in retinal cells elicits inflammatory responses relevant to early-stage diabetic retinopathy.	Journal of neuroinflammation	Prostanoid signaling in retinal cells elicits inflammatory responses relevant to early-stage diabetic retinopathy.	Journal of neuroinflammation	2024 Dec	epmc,eutils	GOOD	1	0	1	0	0	0	C1+存储题名与题录 rt 全等/前缀	2024	1
F4	vk_index	R4_index	tissue-lens.md:91			39201542	year=2024 species=[human]	Human Primary Lens Epithelial Cultures on Basal Laminas Studied by Synchrotron-Based FTIR Microspectroscopy for Understanding Posterior Capsular Opacification.	International journal of molecular sciences	Human Primary Lens Epithelial Cultures on Basal Laminas Studied by Synchrotron-Based FTIR Microspectroscopy for Understanding Posterior Capsular Opacification.	International journal of molecular sciences	2024 Aug	epmc,eutils	GOOD	1	0	1	0	1	0	C1+存储题名与题录 rt 全等/前缀	2024	1
F4	vk_index	R4_index	tissue-conjunctiva.md:46			38383070	year=2024 species=[human]	Genetic landscape and prognosis of conjunctival melanoma in Chinese patients.	The British journal of ophthalmology	Genetic landscape and prognosis of conjunctival melanoma in Chinese patients.	The British journal of ophthalmology	2024 Aug	epmc,eutils	GOOD	1	0	1	0	0	0	C1+存储题名与题录 rt 全等/前缀	2024	1
F4	vk_index	R4_index	photoreceptor.md:207			39550471	year=2024 species=[human]	C. elegans  PPEF-type phosphatase (Retinal degeneration C ortholog) functions in diverse classes of cilia to regulate nematode behaviors	Scientific reports	C. elegans PPEF-type phosphatase (Retinal degeneration C ortholog) functions in diverse classes of cilia to regulate nematode behaviors.	Scientific reports	2024 Nov	epmc,eutils	GOOD	1	0	1	0	0	0	C1+存储题名与题录 rt 全等/前缀	2024	1
F4	vk_index	R4_index	models.md:318			38289348	year=2024 species=[both]	Microglia at sites of atrophy restrict the progression of retinal degeneration via galectin-3 and Trem2.	The Journal of experimental medicine	Microglia at sites of atrophy restrict the progression of retinal degeneration via galectin-3 and Trem2.	The Journal of experimental medicine	2024 Mar	epmc,eutils	GOOD	1	0	1	0	0	0	C1+存储题名与题录 rt 全等/前缀	2024	1
F4	vk_index	R4_index	models.md:455			38397799	year=2024 species=[mouse]	Piceid Octanoate Protects Retinal Cells against Oxidative Damage by Regulating the Sirtuin 1/Poly-ADP-Ribose Polymerase 1 Axis In Vitro and in rd10 Mice.	Antioxidants (Basel, Switzerland)	Piceid Octanoate Protects Retinal Cells against Oxidative Damage by Regulating the Sirtuin 1/Poly-ADP-Ribose Polymerase 1 Axis In Vitro and in rd10 Mice.	Antioxidants (Basel, Switzerland)	2024 Feb	epmc,eutils	GOOD	1	0	1	0	0	0	C1+存储题名与题录 rt 全等/前缀	2024	1
F4	vk_index	R4_index	tissue-choroid.md:99			39206706	year=2024 species=[both]	Light-Activated Anti-Vascular Combination Therapy against Choroidal Neovascularization.	Advanced science (Weinheim, Baden-Wurttemberg, Germany)	Light-Activated Anti-Vascular Combination Therapy against Choroidal Neovascularization.	Advanced science (Weinheim, Baden-Wurttemberg, Germany)	2024 Oct	epmc,eutils	GOOD	1	0	1	0	0	0	C1+存储题名与题录 rt 全等/前缀	2024	1
F4	vk_index	R4_index	tissue-RPE.md:134			38393691	year=2024 species=[human]	Protective effects of triptolide against oxidative stress in retinal pigment epithelium cells via the PI3K/AKT/Nrf2 pathway: a network pharmacological method and experimental validation.	Aging	Protective effects of triptolide against oxidative stress in retinal pigment epithelium cells via the PI3K/AKT/Nrf2 pathway: a network pharmacological method and experimental valid	Aging	2024 Feb	epmc,eutils	GOOD	1	0	1	0	0	0	C1+存储题名与题录 rt 全等/前缀	2024	1
F4	vk_index	R4_index	retina-development.md:154			39125582	year=2024 species=[human]	Development of Non-Invasive miRNA Markers for Assessing the Quality of Human Induced Pluripotent Stem Cell-Derived Retinal Organoids.	International journal of molecular sciences	Development of Non-Invasive miRNA Markers for Assessing the Quality of Human Induced Pluripotent Stem Cell-Derived Retinal Organoids.	International journal of molecular sciences	2024 Jul	epmc,eutils	GOOD	1	0	1	0	1	0	C1+存储题名与题录 rt 全等/前缀	2024	1
F4	vk_index	R4_index	tissue-cornea.md:139			39101028	year=2024 species=[human]	Oriented cellulose hydrogel: Directed tissue regeneration for reducing corneal leukoplakia and managing fungal corneal ulcers.	Bioactive materials	Oriented cellulose hydrogel: Directed tissue regeneration for reducing corneal leukoplakia and managing fungal corneal ulcers.	Bioactive materials	2024 Nov	epmc,eutils	GOOD	1	0	1	0	0	0	C1+存储题名与题录 rt 全等/前缀	2024	1
F4	vk_index	R4_index	amd.md:93			38388518	year=2024 species=[both]	Gliosis-dependent expression of complement factor H truncated variants attenuates retinal neurodegeneration following ischemic injury.	Journal of neuroinflammation	Gliosis-dependent expression of complement factor H truncated variants attenuates retinal neurodegeneration following ischemic injury.	Journal of neuroinflammation	2024 Feb	epmc,eutils	GOOD	1	0	1	0	0	0	C1+存储题名与题录 rt 全等/前缀	2024	1
F4	vk_index	R4_index	metabolism.md:75			38858683	year=2024 species=[mouse]	PCYT1A deficiency disturbs fatty acid metabolism and induces ferroptosis in the mouse retina.	BMC biology	PCYT1A deficiency disturbs fatty acid metabolism and induces ferroptosis in the mouse retina.	BMC biology	2024 Jun	epmc,eutils	GOOD	1	0	1	0	1	0	C1+存储题名与题录 rt 全等/前缀	2024	1
F4	vk_index	R4_index	visual-function.md:127			39000471	year=2024 species=[human]	Thyroid Hormone Signaling in Retinal Development and Function: Implications for Diabetic Retinopathy and Age-Related Macular Degeneration.	International journal of molecular sciences	Thyroid Hormone Signaling in Retinal Development and Function: Implications for Diabetic Retinopathy and Age-Related Macular Degeneration.	International journal of molecular sciences	2024 Jul	epmc,eutils	GOOD	1	0	1	0	0	0	C1+存储题名与题录 rt 全等/前缀	2024	1
F4	vk_index	R4_index	inherited-disease.md:156			39152126	year=2024 species=[mouse]	Chrdl1-mediated BMP4 inhibition disrupts the balance between retinal neurons and Müller Glia.	Cell death discovery	Chrdl1-mediated BMP4 inhibition disrupts the balance between retinal neurons and Müller Glia.	Cell death discovery	2024 Aug	epmc,eutils	GOOD	1	0	1	0	0	0	C1+存储题名与题录 rt 全等/前缀	2024	1
F4	vk_index	R4_index	models.md:388			39318470	year=2024 species=[both]	Crystallin β-b2 promotes retinal ganglion cell protection in experimental autoimmune uveoretinitis.	Frontiers in cellular neuroscience	Crystallin β-b2 promotes retinal ganglion cell protection in experimental autoimmune uveoretinitis.	Frontiers in cellular neuroscience	2024	epmc,eutils	GOOD	1	0	1	0	0	0	C1+存储题名与题录 rt 全等/前缀	2024	1
F4	vk_index	R4_index	inherited-disease.md:117			37935630	year=2024 species=[mouse]	Sstr2 Defines the Cone Differentiation-Competent Late-Stage Retinal Progenitor Cells in the Developing Mouse Retina.	Stem cells translational medicine	Sstr2 Defines the Cone Differentiation-Competent Late-Stage Retinal Progenitor Cells in the Developing Mouse Retina.	Stem cells translational medicine	2024 Jan	epmc,eutils	GOOD	1	0	1	0	1	0	C1+存储题名与题录 rt 全等/前缀	2024	1
F4	vk_index	R4_index	photoreceptor.md:219			39739933	year=2024 species=[human]	"""Energetics of the outer retina I: Estimates of nutrient exchange and ATP generation""."	PloS one	"""Energetics of the outer retina I: Estimates of nutrient exchange and ATP generation""."	PloS one	2024	epmc,eutils	GOOD	1	0	1	0	0	0	C1+存储题名与题录 rt 全等/前缀	2024	1
F4	vk_index	R4_index	tissue-optic_nerve.md:120			39021340	year=2024 species=[mouse]	Cellular senescence mediates retinal ganglion cell survival regulation post-optic nerve crush injury.	Cell proliferation	Cellular senescence mediates retinal ganglion cell survival regulation post-optic nerve crush injury.	Cell proliferation	2024 Dec	epmc,eutils	GOOD	1	0	1	0	0	0	C1+存储题名与题录 rt 全等/前缀	2024	1
F4	vk_index	R4_index	tissue-RPE.md:118			39226050	year=2024 species=[human]	Knockdown of HSPA13 Inhibits TGFβ1-Induced Epithelial-Mesenchymal Transition of RPE by Suppressing the PI3K/Akt Signaling Pathway.	Investigative ophthalmology & visual science	Knockdown of HSPA13 Inhibits TGFβ1-Induced Epithelial-Mesenchymal Transition of RPE by Suppressing the PI3K/Akt Signaling Pathway.	Investigative ophthalmology & visual science	2024 Sep	epmc,eutils	GOOD	1	0	1	0	0	0	C1+存储题名与题录 rt 全等/前缀	2024	1
F4	vk_index	R4_index	rpe.md:86			39451224	year=2024 species=[both]	A Comparative Analysis of Models for AAV-Mediated Gene Therapy for Inherited Retinal Diseases.	Cells	A Comparative Analysis of Models for AAV-Mediated Gene Therapy for Inherited Retinal Diseases.	Cells	2024 Oct	epmc,eutils	GOOD	1	0	1	0	0	0	C1+存储题名与题录 rt 全等/前缀	2024	1
F4	vk_index	R4_index	photoreceptor.md:163			38252153	year=2024 species=[mouse]	Combination of blockade of endothelin signalling and compensation of IGF1 expression protects the retina from degeneration.	Cellular and molecular life sciences : CMLS	Combination of blockade of endothelin signalling and compensation of IGF1 expression protects the retina from degeneration.	Cellular and molecular life sciences : CMLS	2024 Jan	epmc,eutils	GOOD	1	0	1	0	0	0	C1+存储题名与题录 rt 全等/前缀	2024	1
F4	vk_index	R4_index	dr-diabetic-retinopathy.md:55			38755602	year=2024 species=[both]	Cellular communication network factor 1 promotes retinal leakage in diabetic retinopathy via inducing neutrophil stasis and neutrophil extracellular traps extrusion.	Cell communication and signaling : CCS	Cellular communication network factor 1 promotes retinal leakage in diabetic retinopathy via inducing neutrophil stasis and neutrophil extracellular traps extrusion.	Cell communication and signaling : CCS	2024 May	epmc,eutils	GOOD	1	0	1	0	0	0	C1+存储题名与题录 rt 全等/前缀	2024	1
F4	vk_index	R4_index	visual-function.md:134			39196935	year=2024 species=[both]	Top-down modulation of the retinal code via histaminergic neurons of the hypothalamus.	Science advances	Top-down modulation of the retinal code via histaminergic neurons of the hypothalamus.	Science advances	2024 Aug	epmc,eutils	GOOD	1	0	1	0	0	0	C1+存储题名与题录 rt 全等/前缀	2024	1
F4	vk_index	R4_index	tissue-ciliary_body.md:80			39137039	year=2024 species=[both]	Central regulation of feeding and body weight by ciliary GPR75.	The Journal of clinical investigation	Central regulation of feeding and body weight by ciliary GPR75.	The Journal of clinical investigation	2024 Aug	epmc,eutils	GOOD	1	0	0	0	0	0	C1+存储题名与题录 rt 全等/前缀	2024	1
F4	vk_index	R4_index	tissue-choroid.md:94			38232696	year=2024 species=[both]	Targeting cell-type-specific, choroid-peripheral immune signaling to treat age-related macular degeneration.	Cell reports. Medicine	Targeting cell-type-specific, choroid-peripheral immune signaling to treat age-related macular degeneration.	Cell reports. Medicine	2024 Jan	epmc,eutils	GOOD	1	0	1	0	0	0	C1+存储题名与题录 rt 全等/前缀	2024	1
F4	vk_index	R4_index	visual-function.md:148			39482729	year=2024 species=[human]	Advances in retinal pigment epithelial cell transplantation for retinal degenerative diseases.	Stem cell research & therapy	Advances in retinal pigment epithelial cell transplantation for retinal degenerative diseases.	Stem cell research & therapy	2024 Oct	epmc,eutils	GOOD	1	0	1	0	0	0	C1+存储题名与题录 rt 全等/前缀	2024	1
F4	vk_index	R4_index	aging.md:120			39574940	year=2024 species=[human]	Cellular Characterization and Interspecies Evolution of the Tree Shrew Retina across Postnatal Lifespan.	Research (Washington, D.C.)	Cellular Characterization and Interspecies Evolution of the Tree Shrew Retina across Postnatal Lifespan.	Research (Washington, D.C.)	2024	epmc,eutils	GOOD	1	0	1	0	0	0	C1+存储题名与题录 rt 全等/前缀	2024	1
F4	vk_index	R4_index	models.md:466			39570639	year=2024 species=[mouse]	Diabetes Renders Photoreceptors Susceptible to Retinal Ischemia-Reperfusion Injury.	Investigative ophthalmology & visual science	Diabetes Renders Photoreceptors Susceptible to Retinal Ischemia-Reperfusion Injury.	Investigative ophthalmology & visual science	2024 Nov	epmc,eutils	GOOD	1	0	1	0	0	0	C1+存储题名与题录 rt 全等/前缀	2024	1
F4	vk_index	R4_index	models.md:474			38528525	year=2024 species=[both]	The mouse retinal pigment epithelium mounts an innate immune defense response following retinal detachment.	Journal of neuroinflammation	The mouse retinal pigment epithelium mounts an innate immune defense response following retinal detachment.	Journal of neuroinflammation	2024 Mar	epmc,eutils	GOOD	1	0	1	0	0	0	C1+存储题名与题录 rt 全等/前缀	2024	1
F4	vk_index	R4_index	tissue-RPE.md:128			38334673	year=2024 species=[human]	Recent Achievements in the Heterogeneity of Mammalian and Human Retinal Pigment Epithelium: In Search of a Stem Cell.	Cells	Recent Achievements in the Heterogeneity of Mammalian and Human Retinal Pigment Epithelium: In Search of a Stem Cell.	Cells	2024 Feb	epmc,eutils	GOOD	1	0	1	0	1	0	C1+存储题名与题录 rt 全等/前缀	2024	1
F4	vk_index	R4_index	retina-development.md:152			39018199	year=2024 species=[mouse]	Cone photoreceptor differentiation regulated by thyroid hormone transporter MCT8 in the retinal pigment epithelium.	Proceedings of the National Academy of Sciences of the United States of America	Cone photoreceptor differentiation regulated by thyroid hormone transporter MCT8 in the retinal pigment epithelium.	Proceedings of the National Academy of Sciences of the United States of America	2024 Jul	epmc,eutils	GOOD	1	0	1	0	0	0	C1+存储题名与题录 rt 全等/前缀	2024	1
F4	vk_index	R4_index	tissue-trabecular_meshwork.md:60			38682030	year=2024 species=[human]	Deep Learning-Based Identification of Intraocular Pressure-Associated Genes Influencing Trabecular Meshwork Cell Morphology.	Ophthalmology science	Deep Learning-Based Identification of Intraocular Pressure-Associated Genes Influencing Trabecular Meshwork Cell Morphology.	Ophthalmology science	2024 Jul	epmc,eutils	GOOD	1	0	1	0	0	0	C1+存储题名与题录 rt 全等/前缀	2024	1
F4	vk_index	R4_index	tissue-RPE.md:114			38151470	year=2024 species=[human]	Extracellular vesicles from organoid-derived human retinal progenitor cells prevent lipid overload-induced retinal pigment epithelium injury by regulating fatty acid metabolism.	Journal of extracellular vesicles	Extracellular vesicles from organoid-derived human retinal progenitor cells prevent lipid overload-induced retinal pigment epithelium injury by regulating fatty acid metabolism.	Journal of extracellular vesicles	2024 Jan	epmc,eutils	GOOD	1	0	1	0	1	0	C1+存储题名与题录 rt 全等/前缀	2024	1
F4	vk_index	R4_index	photoreceptor.md:170			38439910	year=2024 species=[human]	Effective AAV-mediated gene replacement therapy in retinal organoids modeling AIPL1-associated LCA4.	Molecular therapy. Nucleic acids	Effective AAV-mediated gene replacement therapy in retinal organoids modeling AIPL1-associated LCA4.	Molecular therapy. Nucleic acids	2024 Mar	epmc,eutils	GOOD	1	0	1	0	0	0	C1+存储题名与题录 rt 全等/前缀	2024	1
F4	vk_index	R4_index	amd.md:90			38571282	year=2024 species=[mouse]	PGC-1α regulates the interplay between oxidative stress, senescence and autophagy in the ageing retina important in age-related macular degeneration.	Journal of cellular and molecular medicine	PGC-1α regulates the interplay between oxidative stress, senescence and autophagy in the ageing retina important in age-related macular degeneration.	Journal of cellular and molecular medicine	2024 Apr	epmc,eutils	GOOD	1	0	1	0	0	0	C1+存储题名与题录 rt 全等/前缀	2024	1
F4	vk_index	R4_index	aging.md:110			38348116	year=2024 species=[unknown]	Non-invasive  in vivo  imaging of brain and retinal microglia in neurodegenerative diseases	Frontiers in cellular neuroscience	Non-invasive in vivo imaging of brain and retinal microglia in neurodegenerative diseases.	Frontiers in cellular neuroscience	2024	epmc,eutils	GOOD	1	0	1	0	0	0	C1+存储题名与题录 rt 全等/前缀	2024	1
F4	vk_index	R4_index	INDEX.md:185			38414848	year=2024 species=[unknown]	Microglia-endothelial cross-talk regulates diabetes-induced retinal vascular dysfunction through remodeling inflammatory microenvironment.	iScience	Microglia-endothelial cross-talk regulates diabetes-induced retinal vascular dysfunction through remodeling inflammatory microenvironment.	iScience	2024 Mar	epmc,eutils	GOOD	1	0	1	0	0	0	C1+存储题名与题录 rt 全等/前缀	2024	1
F4	vk_index	R4_index	vascular.md:95			39728690	year=2024 species=[human]	Functional Roles of Pigment Epithelium-Derived Factor in Retinal Degenerative and Vascular Disorders: A Scoping Review.	Investigative ophthalmology & visual science	Functional Roles of Pigment Epithelium-Derived Factor in Retinal Degenerative and Vascular Disorders: A Scoping Review.	Investigative ophthalmology & visual science	2024 Dec	epmc,eutils	GOOD	1	0	1	0	0	0	C1+存储题名与题录 rt 全等/前缀	2024	1
F4	vk_index	R4_index	models.md:443			38627341	year=2024 species=[human]	Biomechanical Characterization of Retinal Pigment Epitheliums Derived from hPSCs Using Atomic Force Microscopy.	Stem cell reviews and reports	Biomechanical Characterization of Retinal Pigment Epitheliums Derived from hPSCs Using Atomic Force Microscopy.	Stem cell reviews and reports	2024 Jul	epmc,eutils	GOOD	1	0	1	0	0	0	C1+存储题名与题录 rt 全等/前缀	2024	1
F4	vk_index	R4_index	inherited-disease.md:162			38311721	year=2024 species=[both]	Fractalkine isoforms differentially regulate microglia-mediated inflammation and enhance visual function in the diabetic retina.	Journal of neuroinflammation	Fractalkine isoforms differentially regulate microglia-mediated inflammation and enhance visual function in the diabetic retina.	Journal of neuroinflammation	2024 Feb	epmc,eutils	GOOD	1	0	1	0	0	0	C1+存储题名与题录 rt 全等/前缀	2024	1
F4	vk_index	R4_index	tissue-lens.md:95			39056803	year=2024 species=[mouse]	A Transcriptomics Analysis of the Regulation of Lens Fiber Cell Differentiation in the Absence of FGFRs and PTEN.	Cells	A Transcriptomics Analysis of the Regulation of Lens Fiber Cell Differentiation in the Absence of FGFRs and PTEN.	Cells	2024 Jul	epmc,eutils	GOOD	1	0	1	0	0	0	C1+存储题名与题录 rt 全等/前缀	2024	1
F4	vk_index	R4_index	glaucoma.md:134			38823017	year=2024 species=[both]	A cis-regulatory module underlies retinal ganglion cell genesis and axonogenesis.	Cell reports	A cis-regulatory module underlies retinal ganglion cell genesis and axonogenesis.	Cell reports	2024 Jun	epmc,eutils	GOOD	1	0	1	0	0	0	C1+存储题名与题录 rt 全等/前缀	2024	1
F4	vk_index	R4_index	vascular.md:92			39475642	year=2024 species=[both]	Characterization of RNA editing and gene therapy with a compact CRISPR-Cas13 in the retina.	Proceedings of the National Academy of Sciences of the United States of America	Characterization of RNA editing and gene therapy with a compact CRISPR-Cas13 in the retina.	Proceedings of the National Academy of Sciences of the United States of America	2024 Nov	epmc,eutils	GOOD	1	0	1	0	0	0	C1+存储题名与题录 rt 全等/前缀	2024	1
F4	vk_index	R4_index	models.md:327			38378796	year=2024 species=[both]	Retinal dysfunction in Huntington's disease mouse models concurs with local gliosis and microglia activation.	Scientific reports	Retinal dysfunction in Huntington's disease mouse models concurs with local gliosis and microglia activation.	Scientific reports	2024 Feb	epmc,eutils	GOOD	1	0	1	0	0	0	C1+存储题名与题录 rt 全等/前缀	2024	1
F4	vk_index	R4_index	vascular.md:110			38528525	year=2024 species=[both]	The mouse retinal pigment epithelium mounts an innate immune defense response following retinal detachment.	Journal of neuroinflammation	The mouse retinal pigment epithelium mounts an innate immune defense response following retinal detachment.	Journal of neuroinflammation	2024 Mar	epmc,eutils	GOOD	1	0	1	0	0	0	C1+存储题名与题录 rt 全等/前缀	2024	1
F4	vk_index	R4_index	methods-scrna.md:146			38303059	year=2024 species=[mouse]	T-type voltage-gated channels, Na + /Ca 2+ -exchanger, and calpain-2 promote photoreceptor cell death in inherited retinal degeneration	Cell communication and signaling : CCS	T-type voltage-gated channels, Na(+)/Ca(2+)-exchanger, and calpain-2 promote photoreceptor cell death in inherited retinal degeneration.	Cell communication and signaling : CCS	2024 Feb	epmc,eutils	GOOD	1	0	1	0	0	0	C1+存储题名与题录 rt 全等/前缀	2024	1
F4	vk_index	R4_index	visual-function.md:136			39298490	year=2024 species=[both]	Transcription factor EGR2 alleviates autoimmune uveitis via activation of GDF15 to modulate the retinal microglial phenotype.	Proceedings of the National Academy of Sciences of the United States of America	Transcription factor EGR2 alleviates autoimmune uveitis via activation of GDF15 to modulate the retinal microglial phenotype.	Proceedings of the National Academy of Sciences of the United States of America	2024 Sep	epmc,eutils	GOOD	1	0	1	0	0	0	C1+存储题名与题录 rt 全等/前缀	2024	1
F4	vk_index	R4_index	models.md:401			39475642	year=2024 species=[both]	Characterization of RNA editing and gene therapy with a compact CRISPR-Cas13 in the retina.	Proceedings of the National Academy of Sciences of the United States of America	Characterization of RNA editing and gene therapy with a compact CRISPR-Cas13 in the retina.	Proceedings of the National Academy of Sciences of the United States of America	2024 Nov	epmc,eutils	GOOD	1	0	1	0	0	0	C1+存储题名与题录 rt 全等/前缀	2024	1
F4	vk_index	R4_index	inherited-disease.md:145			39446354	year=2024 species=[human]	NMNAT1 Is Essential for Human iPS Cell Differentiation to the Retinal Lineage.	Investigative ophthalmology & visual science	NMNAT1 Is Essential for Human iPS Cell Differentiation to the Retinal Lineage.	Investigative ophthalmology & visual science	2024 Oct	epmc,eutils	GOOD	1	0	1	0	1	0	C1+存储题名与题录 rt 全等/前缀	2024	1
F4	vk_index	R4_index	tissue-cornea.md:130			38339047	year=2024 species=[human]	Protective Effect of Probiotics against <i>Pseudomonas aeruginosa</i> Infection of Human Corneal Epithelial Cells.	International journal of molecular sciences	Protective Effect of Probiotics against Pseudomonas aeruginosa Infection of Human Corneal Epithelial Cells.	International journal of molecular sciences	2024 Feb	epmc,eutils	GOOD	1	0	1	0	1	0	C1+存储题名与题录 rt 全等/前缀	2024	1
F4	vk_index	R4_index	visual-function.md:133			39012348	year=2024 species=[human]	PHLDA1-PRDM1 mediates the effect of lentiviral vectors on fate-determination of human retinal progenitor cells.	Cellular and molecular life sciences : CMLS	PHLDA1-PRDM1 mediates the effect of lentiviral vectors on fate-determination of human retinal progenitor cells.	Cellular and molecular life sciences : CMLS	2024 Jul	epmc,eutils	GOOD	1	0	1	0	1	0	C1+存储题名与题录 rt 全等/前缀	2024	1
F4	vk_index	R4_index	tissue-choroid.md:72			39012703	year=2024 species=[both]	DRD2 activation inhibits choroidal neovascularization in patients with Parkinson's disease and age-related macular degeneration.	The Journal of clinical investigation	DRD2 activation inhibits choroidal neovascularization in patients with Parkinson's disease and age-related macular degeneration.	The Journal of clinical investigation	2024 Jul	epmc,eutils	GOOD	1	0	1	0	0	0	C1+存储题名与题录 rt 全等/前缀	2024	1
F4	vk_index	R4_index	models.md:452			39117618	year=2024 species=[mouse]	Age-related retinal degeneration resulting from the deletion of Shp2 tyrosine phosphatase in photoreceptor neurons.	Cell death & disease	Age-related retinal degeneration resulting from the deletion of Shp2 tyrosine phosphatase in photoreceptor neurons.	Cell death & disease	2024 Aug	epmc,eutils	GOOD	1	0	1	0	0	0	C1+存储题名与题录 rt 全等/前缀	2024	1
F4	vk_index	R4_index	models.md:432			39482729	year=2024 species=[human]	Advances in retinal pigment epithelial cell transplantation for retinal degenerative diseases.	Stem cell research & therapy	Advances in retinal pigment epithelial cell transplantation for retinal degenerative diseases.	Stem cell research & therapy	2024 Oct	epmc,eutils	GOOD	1	0	1	0	0	0	C1+存储题名与题录 rt 全等/前缀	2024	1
F4	vk_index	R4_index	glaucoma.md:121			38732096	year=2024 species=[human]	The Variety of Mechanosensitive Ion Channels in Retinal Neurons.	International journal of molecular sciences	The Variety of Mechanosensitive Ion Channels in Retinal Neurons.	International journal of molecular sciences	2024 Apr	epmc,eutils	GOOD	1	0	1	0	0	0	C1+存储题名与题录 rt 全等/前缀	2024	1
F4	vk_index	R4_index	tissue-ciliary_body.md:86			38773095	year=2024 species=[both]	Ciliary tip actin dynamics regulate photoreceptor outer segment integrity.	Nature communications	Ciliary tip actin dynamics regulate photoreceptor outer segment integrity.	Nature communications	2024 May	epmc,eutils	GOOD	1	0	1	0	0	0	C1+存储题名与题录 rt 全等/前缀	2024	1
F4	vk_index	R4_index	retina-development.md:179			39160068	year=2024 species=[mouse]	Retinal Input Is Required for the Maintenance of Neuronal Laminae in the Ventrolateral Geniculate Nucleus.	eNeuro	Retinal Input Is Required for the Maintenance of Neuronal Laminae in the Ventrolateral Geniculate Nucleus.	eNeuro	2024 Sep	epmc,eutils	GOOD	1	0	1	0	0	0	C1+存储题名与题录 rt 全等/前缀	2024	1
F4	vk_index	R4_index	tissue-ciliary_body.md:79			39641991	year=2024 species=[mouse]	A cryo-electron tomography study of ciliary rootlet organization.	eLife	A cryo-electron tomography study of ciliary rootlet organization.	eLife	2024 Dec	epmc,eutils	GOOD	1	0	0	0	0	0	C1+存储题名与题录 rt 全等/前缀	2024	1
F4	vk_index	R4_index	models.md:340			38546584	year=2024 species=[both]	NLRP3 Inflammasome Priming in the Retina of Diabetic Mice Requires REDD1-Dependent Activation of GSK3β.	Investigative ophthalmology & visual science	NLRP3 Inflammasome Priming in the Retina of Diabetic Mice Requires REDD1-Dependent Activation of GSK3β.	Investigative ophthalmology & visual science	2024 Mar	epmc,eutils	GOOD	1	0	1	0	0	0	C1+存储题名与题录 rt 全等/前缀	2024	1
F4	vk_index	R4_index	tissue-optic_nerve.md:109			39769388	year=2024 species=[mouse]	Remote Ischemic Post-Conditioning (RIC) Mediates Anti-Inflammatory Signaling via Myeloid AMPKα1 in Murine Traumatic Optic Neuropathy (TON).	International journal of molecular sciences	Remote Ischemic Post-Conditioning (RIC) Mediates Anti-Inflammatory Signaling via Myeloid AMPKα1 in Murine Traumatic Optic Neuropathy (TON).	International journal of molecular sciences	2024 Dec	epmc,eutils	GOOD	1	0	0	0	0	0	C1+存储题名与题录 rt 全等/前缀	2024	1
F4	vk_index	R4_index	glial-microglia.md:111			38755602	year=2024 species=[both]	Cellular communication network factor 1 promotes retinal leakage in diabetic retinopathy via inducing neutrophil stasis and neutrophil extracellular traps extrusion.	Cell communication and signaling : CCS	Cellular communication network factor 1 promotes retinal leakage in diabetic retinopathy via inducing neutrophil stasis and neutrophil extracellular traps extrusion.	Cell communication and signaling : CCS	2024 May	epmc,eutils	GOOD	1	0	1	0	0	0	C1+存储题名与题录 rt 全等/前缀	2024	1
F4	vk_index	R4_index	models.md:387			39260891	year=2024 species=[both]	Comprehensive Characterization of a Subfamily of Ca 2+ -Binding Proteins in Mouse and Human Retinal Neurons at Single-Cell Resolution	eNeuro	Comprehensive Characterization of a Subfamily of Ca(2+)-Binding Proteins in Mouse and Human Retinal Neurons at Single-Cell Resolution.	eNeuro	2024 Sep	epmc,eutils	GOOD	1	0	1	0	0	0	C1+存储题名与题录 rt 全等/前缀	2024	1
F4	vk_index	R4_index	models.md:467			39102262	year=2024 species=[mouse]	IL-23 Priming Enhances the Neuroprotective Effects of MSC-Derived Exosomes in Treating Retinal Degeneration.	Investigative ophthalmology & visual science	IL-23 Priming Enhances the Neuroprotective Effects of MSC-Derived Exosomes in Treating Retinal Degeneration.	Investigative ophthalmology & visual science	2024 Aug	epmc,eutils	GOOD	1	0	1	0	0	0	C1+存储题名与题录 rt 全等/前缀	2024	1
F4	vk_index	R4_index	photoreceptor.md:225			39284847	year=2024 species=[human]	Housing RCS rats under specific pathogen-free conditions mildly ameliorates retinal degeneration and alters intestine microbiota.	Scientific reports	Housing RCS rats under specific pathogen-free conditions mildly ameliorates retinal degeneration and alters intestine microbiota.	Scientific reports	2024 Sep	epmc,eutils	GOOD	1	0	1	0	0	0	C1+存储题名与题录 rt 全等/前缀	2024	1
F4	vk_index	R4_index	visual-function.md:112			38174987	year=2024 species=[other]	Intercellular contact and cargo transfer between Müller glia and to microglia precede apoptotic cell clearance in the developing retina.	Development (Cambridge, England)	Intercellular contact and cargo transfer between Müller glia and to microglia precede apoptotic cell clearance in the developing retina.	Development (Cambridge, England)	2024 Jan	epmc,eutils	GOOD	1	0	1	0	0	0	C1+存储题名与题录 rt 全等/前缀	2024	1
F4	vk_index	R4_index	aging.md:128			38394392	year=2024 species=[human]	Recent Progress in Retinal Pigment Epithelium Cell-Based Therapy for Retinal Disease.	Stem cells translational medicine	Recent Progress in Retinal Pigment Epithelium Cell-Based Therapy for Retinal Disease.	Stem cells translational medicine	2024 Apr	epmc,eutils	GOOD	1	0	1	0	0	0	C1+存储题名与题录 rt 全等/前缀	2024	1
F4	vk_index	R4_index	inherited-disease.md:163			38388518	year=2024 species=[both]	Gliosis-dependent expression of complement factor H truncated variants attenuates retinal neurodegeneration following ischemic injury.	Journal of neuroinflammation	Gliosis-dependent expression of complement factor H truncated variants attenuates retinal neurodegeneration following ischemic injury.	Journal of neuroinflammation	2024 Feb	epmc,eutils	GOOD	1	0	1	0	0	0	C1+存储题名与题录 rt 全等/前缀	2024	1
F4	vk_index	R4_index	tissue-cornea.md:107			38486306	year=2024 species=[human]	Bioprinting of human pluripotent stem cell derived corneal endothelial cells with hydrazone crosslinked hyaluronic acid bioink.	Stem cell research & therapy	Bioprinting of human pluripotent stem cell derived corneal endothelial cells with hydrazone crosslinked hyaluronic acid bioink.	Stem cell research & therapy	2024 Mar	epmc,eutils	GOOD	1	0	1	0	1	0	C1+存储题名与题录 rt 全等/前缀	2024	1
F4	vk_index	R4_index	retina-development.md:157			39007397	year=2024 species=[other]	A large-scale CRISPR screen reveals context-specific genetic regulation of retinal ganglion cell regeneration.	Development (Cambridge, England)	A large-scale CRISPR screen reveals context-specific genetic regulation of retinal ganglion cell regeneration.	Development (Cambridge, England)	2024 Aug	epmc,eutils	GOOD	1	0	1	0	0	0	C1+存储题名与题录 rt 全等/前缀	2024	1
F4	vk_index	R4_index	photoreceptor.md:235			38256177	year=2024 species=[mouse]	The Role of microRNAs Related to Apoptosis for <i>N</i>-Methyl-d-Aspartic Acid-Induced Neuronal Cell Death in the Murine Retina.	International journal of molecular sciences	The Role of microRNAs Related to Apoptosis for N-Methyl-d-Aspartic Acid-Induced Neuronal Cell Death in the Murine Retina.	International journal of molecular sciences	2024 Jan	epmc,eutils	GOOD	1	0	1	0	0	0	C1+存储题名与题录 rt 全等/前缀	2024	1
F4	vk_index	R4_index	glial-microglia.md:140			38388518	year=2024 species=[both]	Gliosis-dependent expression of complement factor H truncated variants attenuates retinal neurodegeneration following ischemic injury.	Journal of neuroinflammation	Gliosis-dependent expression of complement factor H truncated variants attenuates retinal neurodegeneration following ischemic injury.	Journal of neuroinflammation	2024 Feb	epmc,eutils	GOOD	1	0	1	0	0	0	C1+存储题名与题录 rt 全等/前缀	2024	1
F4	vk_index	R4_index	models.md:434			39125641	year=2024 species=[human]	The Scavenging Activity of Coenzyme Q<sub>10</sub> Plus a Nutritional Complex on Human Retinal Pigment Epithelial Cells.	International journal of molecular sciences	The Scavenging Activity of Coenzyme Q(10) Plus a Nutritional Complex on Human Retinal Pigment Epithelial Cells.	International journal of molecular sciences	2024 Jul	epmc,eutils	GOOD	1	0	1	0	1	0	C1+存储题名与题录 rt 全等/前缀	2024	1
F4	vk_index	R4_index	tissue-RPE.md:122			39125641	year=2024 species=[human]	The Scavenging Activity of Coenzyme Q<sub>10</sub> Plus a Nutritional Complex on Human Retinal Pigment Epithelial Cells.	International journal of molecular sciences	The Scavenging Activity of Coenzyme Q(10) Plus a Nutritional Complex on Human Retinal Pigment Epithelial Cells.	International journal of molecular sciences	2024 Jul	epmc,eutils	GOOD	1	0	1	0	1	0	C1+存储题名与题录 rt 全等/前缀	2024	1
F4	vk_index	R4_index	tissue-RPE.md:110			39018199	year=2024 species=[mouse]	Cone photoreceptor differentiation regulated by thyroid hormone transporter MCT8 in the retinal pigment epithelium.	Proceedings of the National Academy of Sciences of the United States of America	Cone photoreceptor differentiation regulated by thyroid hormone transporter MCT8 in the retinal pigment epithelium.	Proceedings of the National Academy of Sciences of the United States of America	2024 Jul	epmc,eutils	GOOD	1	0	1	0	0	0	C1+存储题名与题录 rt 全等/前缀	2024	1
F4	vk_index	R4_index	inherited-disease.md:142			38964324	year=2024 species=[human]	Retinal cells derived from patients with DRAM2-dependent CORD21 dystrophy exhibit key lysosomal enzyme deficiency and lysosomal content accumulation.	Stem cell reports	Retinal cells derived from patients with DRAM2-dependent CORD21 dystrophy exhibit key lysosomal enzyme deficiency and lysosomal content accumulation.	Stem cell reports	2024 Aug	epmc,eutils	GOOD	1	0	1	0	0	0	C1+存储题名与题录 rt 全等/前缀	2024	1
F4	vk_index	R4_index	retina-development.md:164			39475642	year=2024 species=[both]	Characterization of RNA editing and gene therapy with a compact CRISPR-Cas13 in the retina.	Proceedings of the National Academy of Sciences of the United States of America	Characterization of RNA editing and gene therapy with a compact CRISPR-Cas13 in the retina.	Proceedings of the National Academy of Sciences of the United States of America	2024 Nov	epmc,eutils	GOOD	1	0	1	0	0	0	C1+存储题名与题录 rt 全等/前缀	2024	1
F4	vk_index	R4_index	glaucoma.md:94			38596358	year=2024 species=[mouse]	Deciphering perivascular macrophages and microglia in the retinal ganglion cell layers.	Frontiers in cell and developmental biology	Deciphering perivascular macrophages and microglia in the retinal ganglion cell layers.	Frontiers in cell and developmental biology	2024	epmc,eutils	GOOD	1	0	1	0	0	0	C1+存储题名与题录 rt 全等/前缀	2024	1
F4	vk_index	R4_index	glial-microglia.md:112			38799448	year=2024 species=[mouse]	Retinal microglia express more MHC class I and promote greater T-cell-driven inflammation than brain microglia.	Frontiers in immunology	Retinal microglia express more MHC class I and promote greater T-cell-driven inflammation than brain microglia.	Frontiers in immunology	2024	epmc,eutils	GOOD	1	0	1	0	0	0	C1+存储题名与题录 rt 全等/前缀	2024	1
F4	vk_index	R4_index	glaucoma.md:131			38548335	year=2024 species=[mouse]	Ca<sup>2+</sup>/Calmodulin-Dependent Protein Kinase II Enhances Retinal Ganglion Cell Survival But Suppresses Axon Regeneration after Optic Nerve Injury.	eNeuro	Ca(2+)/Calmodulin-Dependent Protein Kinase II Enhances Retinal Ganglion Cell Survival But Suppresses Axon Regeneration after Optic Nerve Injury.	eNeuro	2024 Mar	epmc,eutils	GOOD	1	0	1	0	0	0	C1+存储题名与题录 rt 全等/前缀	2024	1
F4	vk_index	R4_index	photoreceptor.md:230			39117618	year=2024 species=[mouse]	Age-related retinal degeneration resulting from the deletion of Shp2 tyrosine phosphatase in photoreceptor neurons.	Cell death & disease	Age-related retinal degeneration resulting from the deletion of Shp2 tyrosine phosphatase in photoreceptor neurons.	Cell death & disease	2024 Aug	epmc,eutils	GOOD	1	0	1	0	0	0	C1+存储题名与题录 rt 全等/前缀	2024	1
F4	vk_index	R4_index	photoreceptor.md:177			38799448	year=2024 species=[mouse]	Retinal microglia express more MHC class I and promote greater T-cell-driven inflammation than brain microglia.	Frontiers in immunology	Retinal microglia express more MHC class I and promote greater T-cell-driven inflammation than brain microglia.	Frontiers in immunology	2024	epmc,eutils	GOOD	1	0	1	0	0	0	C1+存储题名与题录 rt 全等/前缀	2024	1
F4	vk_index	R4_index	vascular.md:77			38190125	year=2024 species=[mouse]	Oncostatin M Reduces Pathological Neovascularization in the Retina Through Müller Cell Activation.	Investigative ophthalmology & visual science	Oncostatin M Reduces Pathological Neovascularization in the Retina Through Müller Cell Activation.	Investigative ophthalmology & visual science	2024 Jan	epmc,eutils	GOOD	1	0	1	0	0	0	C1+存储题名与题录 rt 全等/前缀	2024	1
F4	vk_index	R4_index	models.md:325			38278154	year=2024 species=[both]	The impact of timing and injury mode on induced neurogenesis in the adult mammalian retina.	Stem cell reports	The impact of timing and injury mode on induced neurogenesis in the adult mammalian retina.	Stem cell reports	2024 Feb	epmc,eutils	GOOD	1	0	1	0	0	0	C1+存储题名与题录 rt 全等/前缀	2024	1
F4	vk_index	R4_index	INDEX.md:432			41728092	year=2026 species=[mouse]	IL1A enhances TNF-induced retinal ganglion cell death.	Frontiers in aging neuroscience	IL1A enhances TNF-induced retinal ganglion cell death.	Frontiers in aging neuroscience	2026	epmc,eutils	GOOD	1	0	1	0	0	0	C1+存储题名与题录 rt 全等/前缀	2025+	1
F4	vk_index	R4_index	vascular.md:62			39786774	year=2025 species=[human]	Atrial Fibrillation and Retinal Stroke.	JAMA network open	Atrial Fibrillation and Retinal Stroke.	JAMA network open	2025 Jan	epmc,eutils	GOOD	1	0	1	0	0	0	C1+存储题名与题录 rt 全等/前缀	2025+	1
F4	vk_index	R4_index	INDEX.md:142			41272236	year=2025 species=[human]	Loss of retinal stem cell reserve and lipofuscin accumulation accelerates cone-rod degeneration and replicates Stargardt disease in  abca4b  null zebrafish	Scientific reports	Loss of retinal stem cell reserve and lipofuscin accumulation accelerates cone-rod degeneration and replicates Stargardt disease in abca4b null zebrafish.	Scientific reports	2025 Nov	epmc,eutils	GOOD	1	0	1	0	0	0	C1+存储题名与题录 rt 全等/前缀	2025+	1
F4	vk_index	R4_index	visual-function.md:88			40043699	year=2025 species=[mouse]	Altered proportions of retinal cell types and distinct visual codes in rodents occupying divergent ecological niches.	Current biology : CB	Altered proportions of retinal cell types and distinct visual codes in rodents occupying divergent ecological niches.	Current biology : CB	2025 Apr	epmc,eutils	GOOD	1	0	1	0	0	0	C1+存储题名与题录 rt 全等/前缀	2025+	1
F4	vk_index	R4_index	INDEX.md:615			41331083	year=2025 species=[mouse]	Overexpression of Meis factors in late-stage retinal progenitors yields complex effects on temporal patterning and neurogenesis.	Scientific reports	Overexpression of Meis factors in late-stage retinal progenitors yields complex effects on temporal patterning and neurogenesis.	Scientific reports	2025 Dec	epmc,eutils	GOOD	1	0	1	0	0	0	C1+存储题名与题录 rt 全等/前缀	2025+	1
F4	vk_index	R4_index	INDEX.md:772			40715177	year=2025 species=[mouse]	In vivo efficacy of NRL knockdown with cell-penetrating siRNA in retinal degeneration.	Scientific reports	In vivo efficacy of NRL knockdown with cell-penetrating siRNA in retinal degeneration.	Scientific reports	2025 Jul	epmc,eutils	GOOD	1	0	1	0	0	0	C1+存储题名与题录 rt 全等/前缀	2025+	1
F4	vk_index	R4_index	models.md:74			41957682	year=2026 species=[other]	Integrating single-cell and spatial transcriptomics to reveal the spatiotemporal dynamics of retinal cells during ischemia-reperfusion injury progression in rats.	Cell & bioscience	Integrating single-cell and spatial transcriptomics to reveal the spatiotemporal dynamics of retinal cells during ischemia-reperfusion injury progression in rats.	Cell & bioscience	2026 Apr	epmc,eutils	GOOD	1	0	1	0	0	0	C1+存储题名与题录 rt 全等/前缀	2025+	1
F4	vk_index	R4_index	INDEX.md:574			39774627	year=2025 species=[both]	Idebenone Protects Photoreceptors Impaired by Oxidative Phosphorylation Disorder in Retinal Detachment.	Investigative ophthalmology & visual science	Idebenone Protects Photoreceptors Impaired by Oxidative Phosphorylation Disorder in Retinal Detachment.	Investigative ophthalmology & visual science	2025 Jan	epmc,eutils	GOOD	1	0	1	0	0	0	C1+存储题名与题录 rt 全等/前缀	2025+	1
F4	vk_index	R4_index	retina-development.md:60			40526494	year=2025 species=[mouse]	Glycolytic flux controls retinal progenitor cell differentiation via regulating Wnt signaling.	eLife	Glycolytic flux controls retinal progenitor cell differentiation via regulating Wnt signaling.	eLife	2025 Jun	epmc,eutils	GOOD	1	0	1	0	0	0	C1+存储题名与题录 rt 全等/前缀	2025+	1
F4	vk_index	R4_index	methods-scrna.md:88			40434346	year=2025 species=[both]	Clofarabine Enhances the Transduction Efficiency of Recombinant AAV2 in the Retina.	Investigative ophthalmology & visual science	Clofarabine Enhances the Transduction Efficiency of Recombinant AAV2 in the Retina.	Investigative ophthalmology & visual science	2025 May	epmc,eutils	GOOD	1	0	1	0	0	0	C1+存储题名与题录 rt 全等/前缀	2025+	1
F4	vk_index	R4_index	dr-diabetic-retinopathy.md:31			40868180	year=2025 species=[other]	AI-Enhanced Fluorescein Angiography Detection of Diabetes-Induced Silent Retinal Capillary Dropout and RNA-Seq Identification of Pre-Symptomatic Biomarkers.	Biomedicines	AI-Enhanced Fluorescein Angiography Detection of Diabetes-Induced Silent Retinal Capillary Dropout and RNA-Seq Identification of Pre-Symptomatic Biomarkers.	Biomedicines	2025 Aug	epmc,eutils	GOOD	1	0	1	0	0	0	C1+存储题名与题录 rt 全等/前缀	2025+	1
F4	vk_index	R4_index	INDEX.md:109			39823300	year=2025 species=[both]	Stimulating the regenerative capacity of the human retina with proneural transcription factors in 3D cultures.	Proceedings of the National Academy of Sciences of the United States of America	Stimulating the regenerative capacity of the human retina with proneural transcription factors in 3D cultures.	Proceedings of the National Academy of Sciences of the United States of America	2025 Jan	epmc,eutils	GOOD	1	0	1	0	0	0	C1+存储题名与题录 rt 全等/前缀	2025+	1
F4	vk_index	R4_index	INDEX.md:495			41528844	year=2026 species=[human]	Single-cell multiome and enhancer connectome of human retinal pigment epithelium and choroid nominate causal variants in macular degeneration.	Cell reports	Single-cell multiome and enhancer connectome of human retinal pigment epithelium and choroid nominate causal variants in macular degeneration.	Cell reports	2026 Jan	epmc,eutils	GOOD	1	0	1	0	1	0	C1+存储题名与题录 rt 全等/前缀	2025+	1
F4	vk_index	R4_index	aging.md:25			41851144	year=2026 species=[both]	Bst2-targeted senotherapy restores visual function by eliminating senescent retinal cells.	Nature communications	Bst2-targeted senotherapy restores visual function by eliminating senescent retinal cells.	Nature communications	2026 Mar	epmc,eutils	GOOD	1	0	1	0	0	0	C1+存储题名与题录 rt 全等/前缀	2025+	1
F4	vk_index	R4_index	tissue-lens.md:60			39804629	year=2025 species=[human]	Targeted Activation of OGG1 Inhibits Paraptosis in Lens Epithelial Cells of Early Age-Related Cortical Cataract.	Investigative ophthalmology & visual science	Targeted Activation of OGG1 Inhibits Paraptosis in Lens Epithelial Cells of Early Age-Related Cortical Cataract.	Investigative ophthalmology & visual science	2025 Jan	epmc,eutils	GOOD	1	0	1	0	0	0	C1+存储题名与题录 rt 全等/前缀	2025+	1
F4	vk_index	R4_index	models.md:255			40723812	year=2025 species=[human]	Adeno-Associated Virus Vectors in Retinal Gene Therapy: Challenges, Innovations, and Future Directions.	Biomolecules	Adeno-Associated Virus Vectors in Retinal Gene Therapy: Challenges, Innovations, and Future Directions.	Biomolecules	2025 Jun	epmc,eutils	GOOD	1	0	1	0	0	0	C1+存储题名与题录 rt 全等/前缀	2025+	1
F4	vk_index	R4_index	INDEX.md:838			40301324	year=2025 species=[both]	Autophagy disruption and mitochondrial stress precede photoreceptor necroptosis in multiple mouse models of inherited retinal disorders.	Nature communications	Autophagy disruption and mitochondrial stress precede photoreceptor necroptosis in multiple mouse models of inherited retinal disorders.	Nature communications	2025 Apr	epmc,eutils	GOOD	1	0	1	0	0	0	C1+存储题名与题录 rt 全等/前缀	2025+	1
F4	vk_index	R4_index	INDEX.md:480			41657893	year=2026 species=[unknown]	Microtubule dynamics in adult retinal ganglion cells and dorsal root ganglion neurons.	Frontiers in molecular neuroscience	Microtubule dynamics in adult retinal ganglion cells and dorsal root ganglion neurons.	Frontiers in molecular neuroscience	2026	epmc,eutils	GOOD	1	0	1	0	0	0	C1+存储题名与题录 rt 全等/前缀	2025+	1
F4	vk_index	R4_index	models.md:192			40970669	year=2025 species=[both]	Targeting RPE Senescence Via Suppressing IL-6/IL-6R Signaling for Treating Retinal Degenerative Diseases.	Investigative ophthalmology & visual science	Targeting RPE Senescence Via Suppressing IL-6/IL-6R Signaling for Treating Retinal Degenerative Diseases.	Investigative ophthalmology & visual science	2025 Sep	epmc,eutils	GOOD	1	0	1	0	0	0	C1+存储题名与题录 rt 全等/前缀	2025+	1
F4	vk_index	R4_index	INDEX.md:259			41593663	year=2026 species=[mouse]	Microglial phagocytosis of bipolar cells triggers inner retinal degeneration in  Rs1 -KO mice	Cell communication and signaling : CCS	Microglial phagocytosis of bipolar cells triggers inner retinal degeneration in Rs1-KO mice.	Cell communication and signaling : CCS	2026 Jan	epmc,eutils	GOOD	1	0	1	0	0	0	C1+存储题名与题录 rt 全等/前缀	2025+	1
F4	vk_index	R4_index	retina-development.md:84			41196411	year=2025 species=[both]	Restoring compromised blood-retina-barrier integrity with Netrin-1 overexpression.	Cellular and molecular life sciences : CMLS	Restoring compromised blood-retina-barrier integrity with Netrin-1 overexpression.	Cellular and molecular life sciences : CMLS	2025 Nov	epmc,eutils	GOOD	1	0	1	0	0	0	C1+存储题名与题录 rt 全等/前缀	2025+	1
F4	vk_index	R4_index	INDEX.md:243			41028711	year=2025 species=[mouse]	Genetic tuning of retinal ganglion cell subtype identity to drive visual behavior.	Nature communications	Genetic tuning of retinal ganglion cell subtype identity to drive visual behavior.	Nature communications	2025 Sep	epmc,eutils	GOOD	1	0	1	0	0	0	C1+存储题名与题录 rt 全等/前缀	2025+	1
F4	vk_index	R4_index	INDEX.md:236			40274966	year=2025 species=[unknown]	Proteomics approach identifies aqueous humor biomarkers in retinal diseases.	Communications medicine	Proteomics approach identifies aqueous humor biomarkers in retinal diseases.	Communications medicine	2025 Apr	epmc,eutils	GOOD	1	0	1	0	0	0	C1+存储题名与题录 rt 全等/前缀	2025+	1
F4	vk_index	R4_index	INDEX.md:356			40643481	year=2025 species=[mouse]	Epigenetic Modifiers to Treat Retinal Degenerative Diseases.	Cells	Epigenetic Modifiers to Treat Retinal Degenerative Diseases.	Cells	2025 Jun	epmc,eutils	GOOD	1	0	1	0	0	0	C1+存储题名与题录 rt 全等/前缀	2025+	1
F4	vk_index	R4_index	photoreceptor.md:151			40867796	year=2025 species=[mouse]	High-Fructose High-Fat Diet Renders the Retina More Susceptible to Blue Light Photodamage in Mice.	Antioxidants (Basel, Switzerland)	High-Fructose High-Fat Diet Renders the Retina More Susceptible to Blue Light Photodamage in Mice.	Antioxidants (Basel, Switzerland)	2025 Jul	epmc,eutils	GOOD	1	0	1	0	0	0	C1+存储题名与题录 rt 全等/前缀	2025+	1
F4	vk_index	R4_index	photoreceptor.md:93			40663603	year=2025 species=[mouse]	Foxn3 is required to suppress aberrant ciliogenesis in nonphotoreceptor retinal neurons.	Proceedings of the National Academy of Sciences of the United States of America	Foxn3 is required to suppress aberrant ciliogenesis in nonphotoreceptor retinal neurons.	Proceedings of the National Academy of Sciences of the United States of America	2025 Jul	epmc,eutils	GOOD	1	0	1	0	0	0	C1+存储题名与题录 rt 全等/前缀	2025+	1
F4	vk_index	R4_index	models.md:51			41746734	year=2026 species=[both]	Splicing variants in MYRF cause partial loss of function in the retinal pigment epithelium leading to nanophthalmos.	JCI insight	Splicing variants in MYRF cause partial loss of function in the retinal pigment epithelium leading to nanophthalmos.	JCI insight	2026 Mar	epmc,eutils	GOOD	1	0	1	0	0	0	C1+存储题名与题录 rt 全等/前缀	2025+	1
F4	vk_index	R4_index	methods-scrna.md:134			40956390	year=2025 species=[human]	Retinitis Pigmentosa-Associated Gene TRIM49 Regulates ULK1-Mediated Autophagy and Photoreceptor Phagocytosis by the Retinal Pigment Epithelium.	Advanced science (Weinheim, Baden-Wurttemberg, Germany)	Retinitis Pigmentosa-Associated Gene TRIM49 Regulates ULK1-Mediated Autophagy and Photoreceptor Phagocytosis by the Retinal Pigment Epithelium.	Advanced science (Weinheim, Baden-Wurttemberg, Germany)	2025 Nov	epmc,eutils	GOOD	1	0	1	0	0	0	C1+存储题名与题录 rt 全等/前缀	2025+	1
F4	vk_index	R4_index	tissue-trabecular_meshwork.md:41			40278947	year=2025 species=[human]	High Glucose-induced transcriptomic changes in human trabecular meshwork cells.	Molecular biology reports	High Glucose-induced transcriptomic changes in human trabecular meshwork cells.	Molecular biology reports	2025 Apr	epmc,eutils	GOOD	1	0	0	0	1	0	C1+存储题名与题录 rt 全等/前缀	2025+	1
F4	vk_index	R4_index	metabolism.md:30			42069589	year=2026 species=[mouse]	Acarbose modulates microglial Pkm2 acetylation to reshape immunometabolism and preserve retinal neurons after ischemia-reperfusion.	Journal of neuroinflammation	Acarbose modulates microglial Pkm2 acetylation to reshape immunometabolism and preserve retinal neurons after ischemia-reperfusion.	Journal of neuroinflammation	2026 May	epmc,eutils	GOOD	1	0	1	0	0	0	C1+存储题名与题录 rt 全等/前缀	2025+	1
F4	vk_index	R4_index	models.md:143			40274966	year=2025 species=[unknown]	Proteomics approach identifies aqueous humor biomarkers in retinal diseases.	Communications medicine	Proteomics approach identifies aqueous humor biomarkers in retinal diseases.	Communications medicine	2025 Apr	epmc,eutils	GOOD	1	0	1	0	0	0	C1+存储题名与题录 rt 全等/前缀	2025+	1
F4	vk_index	R4_index	INDEX.md:431			41717290	year=2026 species=[both]	An atlas of cGAS-STING signaling in pathophysiological angiogenesis and retinal vascular homeostasis across species.	Molecular therapy. Nucleic acids	An atlas of cGAS-STING signaling in pathophysiological angiogenesis and retinal vascular homeostasis across species.	Molecular therapy. Nucleic acids	2026 Mar	epmc,eutils	GOOD	1	0	1	0	1	0	C1+存储题名与题录 rt 全等/前缀	2025+	1
F4	vk_index	R4_index	INDEX.md:561			42053222	year=2026 species=[human]	Choriocapillaris Flow Deficits Are Spatially Linked to Retinal Pigment Epithelium and Photoreceptor Integrity in Geographic Atrophy.	Investigative ophthalmology & visual science	Choriocapillaris Flow Deficits Are Spatially Linked to Retinal Pigment Epithelium and Photoreceptor Integrity in Geographic Atrophy.	Investigative ophthalmology & visual science	2026 Apr	epmc,eutils	GOOD	1	0	1	0	0	0	C1+存储题名与题录 rt 全等/前缀	2025+	1
F4	vk_index	R4_index	models.md:253			39859210	year=2025 species=[human]	Sonic Hedgehog Determines Early Retinal Development and Adjusts Eyeball Architecture.	International journal of molecular sciences	Sonic Hedgehog Determines Early Retinal Development and Adjusts Eyeball Architecture.	International journal of molecular sciences	2025 Jan	epmc,eutils	GOOD	1	0	1	0	0	0	C1+存储题名与题录 rt 全等/前缀	2025+	1
F4	vk_index	R4_index	photoreceptor.md:150			39875362	year=2025 species=[mouse]	A Y178C rhodopsin mutation causes aggregation and comparatively severe retinal degeneration.	Cell death discovery	A Y178C rhodopsin mutation causes aggregation and comparatively severe retinal degeneration.	Cell death discovery	2025 Jan	epmc,eutils	GOOD	1	0	1	0	0	0	C1+存储题名与题录 rt 全等/前缀	2025+	1
F4	vk_index	R4_index	models.md:138			40206798	year=2025 species=[mouse]	IFNγ preconditioning improves neuroprotection of MSC-derived vesicles on injured retinal ganglion cells by suppressing microglia activation via miRNA-dependent ribosome activity.	Extracellular vesicles and circulating nucleic acids	IFNγ preconditioning improves neuroprotection of MSC-derived vesicles on injured retinal ganglion cells by suppressing microglia activation via miRNA-dependent ribosome activity.	Extracellular vesicles and circulating nucleic acids	2025	epmc,eutils	GOOD	1	0	1	0	0	0	C1+存储题名与题录 rt 全等/前缀	2025+	1
F4	vk_index	R4_index	tissue-lens.md:38			41323208	year=2026 species=[unknown]	Cell-penetrating peptide-functionalized biomimetic nanovesicles for efficient cataract treatment via enhanced corneal penetration and lens-mitochondria dual targeting.	Bioactive materials	Cell-penetrating peptide-functionalized biomimetic nanovesicles for efficient cataract treatment via enhanced corneal penetration and lens-mitochondria dual targeting.	Bioactive materials	2026 Mar	epmc,eutils	GOOD	1	0	1	0	0	0	C1+存储题名与题录 rt 全等/前缀	2025+	1
F4	vk_index	R4_index	tissue-ciliary_body.md:28			41805112	year=2026 species=[human]	The EH-binding protein EHBP1 operates in a ciliary functional module affected by INPP5E dysfunction.	Journal of cell science	The EH-binding protein EHBP1 operates in a ciliary functional module affected by INPP5E dysfunction.	Journal of cell science	2026 Jul	epmc,eutils	GOOD	1	0	0	0	0	0	C1+存储题名与题录 rt 全等/前缀	2025+	1
F4	vk_index	R4_index	aging.md:39			41416829	year=2026 species=[both]	Imaging Hypoxia in the Diabetic Retina: A Potential Early-Detection Imaging Biomarker Before Detectable Retinopathy in Diabetes.	Diabetes	Imaging Hypoxia in the Diabetic Retina: A Potential Early-Detection Imaging Biomarker Before Detectable Retinopathy in Diabetes.	Diabetes	2026 Mar	epmc,eutils	GOOD	1	0	1	0	0	0	C1+存储题名与题录 rt 全等/前缀	2025+	1
F4	vk_index	R4_index	tissue-cornea.md:18			42620929	year=2027 species=[human]	Synthetic β-amino acid polymer promoting keratocyte adhesion and corneal regeneration.	Bioactive materials	Synthetic β-amino acid polymer promoting keratocyte adhesion and corneal regeneration.	Bioactive materials	2027 Jan	epmc,eutils	GOOD	1	0	1	0	0	0	C1+存储题名与题录 rt 全等/前缀	2025+	1
F4	vk_index	R4_index	rpe.md:53			40653679	year=2025 species=[human]	Senescence Alters Antimicrobial Peptide Expression and Induces Amyloid-β Production in Retinal Pigment Epithelial Cells.	Aging cell	Senescence Alters Antimicrobial Peptide Expression and Induces Amyloid-β Production in Retinal Pigment Epithelial Cells.	Aging cell	2025 Sep	epmc,eutils	GOOD	1	0	1	0	0	0	C1+存储题名与题录 rt 全等/前缀	2025+	1
F4	vk_index	R4_index	models.md:183			40817252	year=2025 species=[mouse]	Illuminating photoreceptors: TGFβ signaling modulates the severeness of retinal degeneration.	Cell death discovery	Illuminating photoreceptors: TGFβ signaling modulates the severeness of retinal degeneration.	Cell death discovery	2025 Aug	epmc,eutils	GOOD	1	0	1	0	0	0	C1+存储题名与题录 rt 全等/前缀	2025+	1
F4	vk_index	R4_index	tissue-ciliary_body.md:19			42011761	year=2026 species=[both]	Tubulin hyperglutamylation induces retinal degeneration by disrupting ciliary architecture and protein trafficking.	Zoological research	Tubulin hyperglutamylation induces retinal degeneration by disrupting ciliary architecture and protein trafficking.	Zoological research	2026 Mar	epmc,eutils	GOOD	1	0	1	0	0	0	C1+存储题名与题录 rt 全等/前缀	2025+	1
F4	vk_index	R4_index	tissue-lens.md:63			41230902	year=2025 species=[human]	Abnormal Splicing in the Final Intron of PRX Results in Dominant Congenital Cataract Without Neurological Phenotype.	Investigative ophthalmology & visual science	Abnormal Splicing in the Final Intron of PRX Results in Dominant Congenital Cataract Without Neurological Phenotype.	Investigative ophthalmology & visual science	2025 Nov	epmc,eutils	GOOD	1	0	1	0	0	0	C1+存储题名与题录 rt 全等/前缀	2025+	1
F4	vk_index	R4_index	tissue-optic_nerve.md:46			42478262	year=2026 species=[mouse]	Multifunctional Catechol-Functionalized Cellulose Hydrogels for the Minimally Invasive Treatment of Acute Optic Nerve Injuries.	Advanced healthcare materials	Multifunctional Catechol-Functionalized Cellulose Hydrogels for the Minimally Invasive Treatment of Acute Optic Nerve Injuries.	Advanced healthcare materials	2026 Aug	epmc,eutils	GOOD	1	0	0	0	0	0	C1+存储题名与题录 rt 全等/前缀	2025+	1
F4	vk_index	R4_index	glaucoma.md:75			39659219	year=2025 species=[human]	Retinal organoid chip: engineering a physiomimetic oxygen gradient for optimizing long term culture of human retinal organoids.	Lab on a chip	Retinal organoid chip: engineering a physiomimetic oxygen gradient for optimizing long term culture of human retinal organoids.	Lab on a chip	2025 Mar	epmc,eutils	GOOD	1	0	1	0	1	0	C1+存储题名与题录 rt 全等/前缀	2025+	1
F4	vk_index	R4_index	aging.md:28			42149032	year=2026 species=[both]	Integrin β3 Promotes Retinal Neovascularization via Endoplasmic Reticulum Stress-Mediated Endothelial Cell Senescence.	Investigative ophthalmology & visual science	Integrin β3 Promotes Retinal Neovascularization via Endoplasmic Reticulum Stress-Mediated Endothelial Cell Senescence.	Investigative ophthalmology & visual science	2026 May	epmc,eutils	GOOD	1	0	1	0	0	0	C1+存储题名与题录 rt 全等/前缀	2025+	1
F4	vk_index	R4_index	tissue-lens.md:32			41858782	year=2026 species=[unknown]	Lens epithelial cells senescence in cataract pathogenesis and emerging therapeutic opportunities.	Frontiers in cell and developmental biology	Lens epithelial cells senescence in cataract pathogenesis and emerging therapeutic opportunities.	Frontiers in cell and developmental biology	2026	epmc,eutils	GOOD	1	0	1	0	0	0	C1+存储题名与题录 rt 全等/前缀	2025+	1
F4	vk_index	R4_index	visual-function.md:31			41851144	year=2026 species=[both]	Bst2-targeted senotherapy restores visual function by eliminating senescent retinal cells.	Nature communications	Bst2-targeted senotherapy restores visual function by eliminating senescent retinal cells.	Nature communications	2026 Mar	epmc,eutils	GOOD	1	0	1	0	0	0	C1+存储题名与题录 rt 全等/前缀	2025+	1
F4	vk_index	R4_index	models.md:44			41691075	year=2026 species=[other]	Müller glial and microglial responses coupled to recovery of cone photoreceptors following limited cone ablation in zebrafish retina.	Scientific reports	Müller glial and microglial responses coupled to recovery of cone photoreceptors following limited cone ablation in zebrafish retina.	Scientific reports	2026 Feb	epmc,eutils	GOOD	1	0	1	0	0	0	C1+存储题名与题录 rt 全等/前缀	2025+	1
F4	vk_index	R4_index	photoreceptor.md:100			40882639	year=2025 species=[human]	Single-cell transcriptome and surfaceome profiling of the adult human retinal pigment epithelium.	Stem cell reports	Single-cell transcriptome and surfaceome profiling of the adult human retinal pigment epithelium.	Stem cell reports	2025 Sep	epmc,eutils	GOOD	1	0	1	0	1	0	C1+存储题名与题录 rt 全等/前缀	2025+	1
F4	vk_index	R4_index	inherited-disease.md:106			39875362	year=2025 species=[mouse]	A Y178C rhodopsin mutation causes aggregation and comparatively severe retinal degeneration.	Cell death discovery	A Y178C rhodopsin mutation causes aggregation and comparatively severe retinal degeneration.	Cell death discovery	2025 Jan	epmc,eutils	GOOD	1	0	1	0	0	0	C1+存储题名与题录 rt 全等/前缀	2025+	1
F4	vk_index	R4_index	INDEX.md:836			40116022	year=2025 species=[mouse]	Single-cell sequencing analysis reveals the essential role of the m 6 A reader YTHDF1 in retinal visual function by regulating TULP1 and DHX38 translation	Zoological research	Single-cell sequencing analysis reveals the essential role of the m (6)A reader YTHDF1 in retinal visual function by regulating TULP1 and DHX38 translation.	Zoological research	2025 Mar	epmc,eutils	GOOD	1	0	1	0	0	0	C1+存储题名与题录 rt 全等/前缀	2025+	1
F4	vk_index	R4_index	INDEX.md:80			40343286	year=2025 species=[both]	Single-cell RNA sequencing highlights a significant retinal Müller glial population in dry age-related macular degeneration.	iScience	Single-cell RNA sequencing highlights a significant retinal Müller glial population in dry age-related macular degeneration.	iScience	2025 May	epmc,eutils	GOOD	1	0	1	0	0	0	C1+存储题名与题录 rt 全等/前缀	2025+	1
F4	vk_index	R4_index	tissue-ciliary_body.md:62			39565681	year=2025 species=[human]	A defined tubby domain β-barrel surface region of TULP3 mediates ciliary trafficking of diverse cargoes.	Molecular biology of the cell	A defined tubby domain β-barrel surface region of TULP3 mediates ciliary trafficking of diverse cargoes.	Molecular biology of the cell	2025 Jan	epmc,eutils	GOOD	1	0	0	0	0	0	C1+存储题名与题录 rt 全等/前缀	2025+	1
F4	vk_index	R4_index	retina-development.md:43			39920165	year=2025 species=[unknown]	A single-nucleus RNA sequencing atlas of the postnatal retina of the shark  Scyliorhinus canicula	Scientific data	A single-nucleus RNA sequencing atlas of the postnatal retina of the shark Scyliorhinus canicula.	Scientific data	2025 Feb	epmc,eutils	GOOD	1	0	1	0	0	0	C1+存储题名与题录 rt 全等/前缀	2025+	1
F4	vk_index	R4_index	amd.md:45			40660409	year=2025 species=[human]	A scRNA-seq reference contrasting living and early post-mortem human retina across diverse donor states.	Human genomics	A scRNA-seq reference contrasting living and early post-mortem human retina across diverse donor states.	Human genomics	2025 Jul	epmc,eutils	GOOD	1	0	1	0	1	0	C1+存储题名与题录 rt 全等/前缀	2025+	1
F4	vk_index	R4_index	methods-scrna.md:63			39869549	year=2025 species=[human]	"""Energetics of the outer retina II: Calculation of a spatio-temporal energy budget in retinal pigment epithelium and photoreceptor cells based on quantification of cellular processes""."	PloS one	"""Energetics of the outer retina II: Calculation of a spatio-temporal energy budget in retinal pigment epithelium and photoreceptor cells based on quantification of cellular process"	PloS one	2025	epmc,eutils	GOOD	1	0	1	0	0	0	C1+存储题名与题录 rt 全等/前缀	2025+	1
F4	vk_index	R4_index	amd.md:76			40226626	year=2025 species=[mouse]	Roles of MASP-1 and MASP-3 in the development of retinal degeneration in a murine model of dry age-related macular degeneration.	Frontiers in immunology	Roles of MASP-1 and MASP-3 in the development of retinal degeneration in a murine model of dry age-related macular degeneration.	Frontiers in immunology	2025	epmc,eutils	GOOD	1	0	1	0	0	0	C1+存储题名与题录 rt 全等/前缀	2025+	1
F4	vk_index	R4_index	models.md:102			41571675	year=2026 species=[both]	Identification of Chlamydia pneumoniae and NLRP3 inflammasome activation in Alzheimer's disease retina.	Nature communications	Identification of Chlamydia pneumoniae and NLRP3 inflammasome activation in Alzheimer's disease retina.	Nature communications	2026 Jan	epmc,eutils	GOOD	1	0	1	0	0	0	C1+存储题名与题录 rt 全等/前缀	2025+	1
F4	vk_index	R4_index	INDEX.md:530			41535675	year=2026 species=[both]	Longitudinal analysis of retinal cell state transitions in  RB1 -deficient retinal organoids reveals the nascent cone precursors are the earliest cell-origin of human retinoblastoma	Cell death & disease	Longitudinal analysis of retinal cell state transitions in RB1-deficient retinal organoids reveals the nascent cone precursors are the earliest cell-origin of human retinoblastoma.	Cell death & disease	2026 Jan	epmc,eutils	GOOD	1	0	1	0	0	0	C1+存储题名与题录 rt 全等/前缀	2025+	1
F4	vk_index	R4_index	tissue-lens.md:35			41751271	year=2026 species=[human]	Inflammation-Mediated Immune Imbalance in the Pathogenesis of Diabetic Cataracts.	Biomedicines	Inflammation-Mediated Immune Imbalance in the Pathogenesis of Diabetic Cataracts.	Biomedicines	2026 Feb	epmc,eutils	GOOD	1	0	1	0	0	0	C1+存储题名与题录 rt 全等/前缀	2025+	1
F4	vk_index	R4_index	tissue-ciliary_body.md:54			40737317	year=2025 species=[both]	Lysosomal glucocerebrosidase is needed for ciliary Hedgehog signaling: A convergent pathway contributing to Parkinson's disease.	Proceedings of the National Academy of Sciences of the United States of America	Lysosomal glucocerebrosidase is needed for ciliary Hedgehog signaling: A convergent pathway contributing to Parkinson's disease.	Proceedings of the National Academy of Sciences of the United States of America	2025 Aug	epmc,eutils	GOOD	1	0	0	0	0	0	C1+存储题名与题录 rt 全等/前缀	2025+	1
F4	vk_index	R4_index	INDEX.md:473			41562588	year=2026 species=[other]	cxcl18b -defined transitional state-specific nitric oxide drives injury-induced Müller glia cell-cycle re-entry in the zebrafish retina	eLife	cxcl18b-defined transitional state-specific nitric oxide drives injury-induced Müller glia cell-cycle re-entry in the zebrafish retina.	eLife	2026 Jan	epmc,eutils	GOOD	1	0	1	0	0	0	C1+存储题名与题录 rt 全等/前缀	2025+	1
F4	vk_index	R4_index	photoreceptor.md:128			40043699	year=2025 species=[mouse]	Altered proportions of retinal cell types and distinct visual codes in rodents occupying divergent ecological niches.	Current biology : CB	Altered proportions of retinal cell types and distinct visual codes in rodents occupying divergent ecological niches.	Current biology : CB	2025 Apr	epmc,eutils	GOOD	1	0	1	0	0	0	C1+存储题名与题录 rt 全等/前缀	2025+	1
F4	vk_index	R4_index	INDEX.md:228			42137367	year=2026 species=[mouse]	Compensatory transporter upregulation facilitates retinal ganglion cell survival in glaucoma after MCT2 elimination.	Frontiers in cell and developmental biology	Compensatory transporter upregulation facilitates retinal ganglion cell survival in glaucoma after MCT2 elimination.	Frontiers in cell and developmental biology	2026	epmc,eutils	GOOD	1	0	1	0	0	0	C1+存储题名与题录 rt 全等/前缀	2025+	1
F4	vk_index	R4_index	visual-function.md:37			39665817	year=2026 species=[human]	Innovative gene delivery systems for retinal disease therapy.	Neural regeneration research	Innovative gene delivery systems for retinal disease therapy.	Neural regeneration research	2026 Feb	epmc,eutils	GOOD	1	0	1	0	0	0	C1+存储题名与题录 rt 全等/前缀	2025+	1
F4	vk_index	R4_index	inherited-disease.md:21			41593663	year=2026 species=[mouse]	Microglial phagocytosis of bipolar cells triggers inner retinal degeneration in  Rs1 -KO mice	Cell communication and signaling : CCS	Microglial phagocytosis of bipolar cells triggers inner retinal degeneration in Rs1-KO mice.	Cell communication and signaling : CCS	2026 Jan	epmc,eutils	GOOD	1	0	1	0	0	0	C1+存储题名与题录 rt 全等/前缀	2025+	1
F4	vk_index	R4_index	tissue-lens.md:34			42619284	year=2026 species=[mouse]	Study on the Role of FGF9/ERK/MMP9 Pathway in Age-Related Cataract and in (-)-Epigallocatechin-3-gallate Protecting Lens Epithelial Cells From Apoptosis.	Cell biochemistry and function	Study on the Role of FGF9/ERK/MMP9 Pathway in Age-Related Cataract and in (-)-Epigallocatechin-3-gallate Protecting Lens Epithelial Cells From Apoptosis.	Cell biochemistry and function	2026 Aug	epmc,eutils	GOOD	1	0	1	0	0	0	C1+存储题名与题录 rt 全等/前缀	2025+	1
F4	vk_index	R4_index	visual-function.md:92			39859210	year=2025 species=[human]	Sonic Hedgehog Determines Early Retinal Development and Adjusts Eyeball Architecture.	International journal of molecular sciences	Sonic Hedgehog Determines Early Retinal Development and Adjusts Eyeball Architecture.	International journal of molecular sciences	2025 Jan	epmc,eutils	GOOD	1	0	1	0	0	0	C1+存储题名与题录 rt 全等/前缀	2025+	1
F4	vk_index	R4_index	photoreceptor.md:65			39869549	year=2025 species=[human]	"""Energetics of the outer retina II: Calculation of a spatio-temporal energy budget in retinal pigment epithelium and photoreceptor cells based on quantification of cellular processes""."	PloS one	"""Energetics of the outer retina II: Calculation of a spatio-temporal energy budget in retinal pigment epithelium and photoreceptor cells based on quantification of cellular process"	PloS one	2025	epmc,eutils	GOOD	1	0	1	0	0	0	C1+存储题名与题录 rt 全等/前缀	2025+	1
F4	vk_index	R4_index	tissue-cornea.md:79			40755901	year=2025 species=[human]	A bioequivalent cornea cross-linking method using photo-initiators LAP and visible light.	Materials today. Bio	A bioequivalent cornea cross-linking method using photo-initiators LAP and visible light.	Materials today. Bio	2025 Oct	epmc,eutils	GOOD	1	0	1	0	0	0	C1+存储题名与题录 rt 全等/前缀	2025+	1
F4	vk_index	R4_index	tissue-choroid.md:44			41049616	year=2025 species=[mouse]	Lactylation-Boosted m&lt;sup&gt;5&lt;/sup&gt;C RNA Modification Drives Choroidal Neovascularization.	Research (Washington, D.C.)	Lactylation-Boosted m(5)C RNA Modification Drives Choroidal Neovascularization.	Research (Washington, D.C.)	2025	epmc,eutils	GOOD	1	0	1	0	0	0	C1+存储题名与题录 rt 全等/前缀	2025+	1
F4	vk_index	R4_index	amd.md:42			40419664	year=2025 species=[other]	Oral 8-aminoguanine against age-related retinal degeneration.	Communications biology	Oral 8-aminoguanine against age-related retinal degeneration.	Communications biology	2025 May	epmc,eutils	GOOD	1	0	1	0	0	0	C1+存储题名与题录 rt 全等/前缀	2025+	1
F4	vk_index	R4_index	inherited-disease.md:91			40956390	year=2025 species=[human]	Retinitis Pigmentosa-Associated Gene TRIM49 Regulates ULK1-Mediated Autophagy and Photoreceptor Phagocytosis by the Retinal Pigment Epithelium.	Advanced science (Weinheim, Baden-Wurttemberg, Germany)	Retinitis Pigmentosa-Associated Gene TRIM49 Regulates ULK1-Mediated Autophagy and Photoreceptor Phagocytosis by the Retinal Pigment Epithelium.	Advanced science (Weinheim, Baden-Wurttemberg, Germany)	2025 Nov	epmc,eutils	GOOD	1	0	1	0	0	0	C1+存储题名与题录 rt 全等/前缀	2025+	1
F4	vk_index	R4_index	regeneration.md:48			41317324	year=2025 species=[both]	Protocol for modeling injury-induced regeneration in retinal organoids and isolating hNRSCs for subretinal transplantation in rd10 mice.	STAR protocols	Protocol for modeling injury-induced regeneration in retinal organoids and isolating hNRSCs for subretinal transplantation in rd10 mice.	STAR protocols	2025 Dec	epmc,eutils	GOOD	1	0	1	0	0	0	C1+存储题名与题录 rt 全等/前缀	2025+	1
F4	vk_index	R4_index	visual-function.md:99			41166340	year=2025 species=[human]	A multicenter, single-arm study using a modified faricimab treat-and-extend regimen in patients with macular edema due to central retinal vein occlusion: RVOSTAR study design protocol.	PloS one	A multicenter, single-arm study using a modified faricimab treat-and-extend regimen in patients with macular edema due to central retinal vein occlusion: RVOSTAR study design proto	PloS one	2025	epmc,eutils	GOOD	1	0	1	0	0	0	C1+存储题名与题录 rt 全等/前缀	2025+	1
F4	vk_index	R4_index	INDEX.md:665			39985055	year=2025 species=[both]	Gain of 20q11.21 in human pluripotent stem cells enhances differentiation to retinal pigment epithelium.	Stem cell research & therapy	Gain of 20q11.21 in human pluripotent stem cells enhances differentiation to retinal pigment epithelium.	Stem cell research & therapy	2025 Feb	epmc,eutils	GOOD	1	0	1	0	0	0	C1+存储题名与题录 rt 全等/前缀	2025+	1
F4	vk_index	R4_index	INDEX.md:733			41424614	year=2025 species=[both]	Subretinal suspensions of hiPSC-derived retinal pigment epithelium cells form functional monolayers in NOD-SCID mice facilitating treatment of advanced retinal diseases.	Regenerative therapy	Subretinal suspensions of hiPSC-derived retinal pigment epithelium cells form functional monolayers in NOD-SCID mice facilitating treatment of advanced retinal diseases.	Regenerative therapy	2025 Dec	epmc,eutils	GOOD	1	0	1	0	0	0	C1+存储题名与题录 rt 全等/前缀	2025+	1
F4	vk_index	R4_index	dr-diabetic-retinopathy.md:27			40247316	year=2025 species=[mouse]	High-fat diet alters retinal lipid composition and gene expression networks in mice.	BMC biology	High-fat diet alters retinal lipid composition and gene expression networks in mice.	BMC biology	2025 Apr	epmc,eutils	GOOD	1	0	1	0	0	0	C1+存储题名与题录 rt 全等/前缀	2025+	1
F4	vk_index	R4_index	vascular.md:61			41030574	year=2025 species=[human]	Exosomal miR-450b-5p Secreted from Exendin-4-Stimulated Endothelial Cells Protects Retinal Ganglion Cells Against Ischemia Reperfusion Injury.	International journal of nanomedicine	Exosomal miR-450b-5p Secreted from Exendin-4-Stimulated Endothelial Cells Protects Retinal Ganglion Cells Against Ischemia Reperfusion Injury.	International journal of nanomedicine	2025	epmc,eutils	GOOD	1	0	1	0	0	0	C1+存储题名与题录 rt 全等/前缀	2025+	1
F4	vk_index	R4_index	inherited-disease.md:87			41381741	year=2025 species=[human]	Decoding cell-class specific roles of non-coding variants in human retina.	Scientific reports	Decoding cell-class specific roles of non-coding variants in human retina.	Scientific reports	2025 Dec	epmc,eutils	GOOD	1	0	1	0	1	0	C1+存储题名与题录 rt 全等/前缀	2025+	1
F4	vk_index	R4_index	photoreceptor.md:17			41102017	year=2026 species=[human]	DIO3 coordinates photoreceptor development timing and fate stability in human retinal organoids.	Genes & development	DIO3 coordinates photoreceptor development timing and fate stability in human retinal organoids.	Genes & development	2026 Jan	epmc,eutils	GOOD	1	0	1	0	1	0	C1+存储题名与题录 rt 全等/前缀	2025+	1
F4	vk_index	R4_index	glaucoma.md:17			41576160	year=2026 species=[other]	Lrrn-mediated retinal ganglion cell targeting drives visual circuit assembly for brightness and contrast detection.	Science advances	Lrrn-mediated retinal ganglion cell targeting drives visual circuit assembly for brightness and contrast detection.	Science advances	2026 Jan	epmc,eutils	GOOD	1	0	1	0	0	0	C1+存储题名与题录 rt 全等/前缀	2025+	1
F4	vk_index	R4_index	retina-development.md:55			40308558	year=2025 species=[other]	Analysis of the senescence secretome during zebrafish retina regeneration.	Frontiers in aging	Analysis of the senescence secretome during zebrafish retina regeneration.	Frontiers in aging	2025	epmc,eutils	GOOD	1	0	1	0	0	0	C1+存储题名与题录 rt 全等/前缀	2025+	1
F4	vk_index	R4_index	tissue-choroid.md:50			40684170	year=2025 species=[mouse]	Sex differences on laser-induced choroidal neovascularization and short-chain fatty acid treatment in a mouse model.	Journal of neuroinflammation	Sex differences on laser-induced choroidal neovascularization and short-chain fatty acid treatment in a mouse model.	Journal of neuroinflammation	2025 Jul	epmc,eutils	GOOD	1	0	1	0	1	0	C1+存储题名与题录 rt 全等/前缀	2025+	1
F4	vk_index	R4_index	models.md:109			39374262	year=2025 species=[mouse]	Chronic hyperglycemia alters retinal astrocyte microstructure and uptake of cholera toxin B in a murine model of diabetes.	Journal of neurochemistry	Chronic hyperglycemia alters retinal astrocyte microstructure and uptake of cholera toxin B in a murine model of diabetes.	Journal of neurochemistry	2025 Jan	epmc,eutils	GOOD	1	0	1	0	0	0	C1+存储题名与题录 rt 全等/前缀	2025+	1
F4	vk_index	R4_index	INDEX.md:840			40419664	year=2025 species=[other]	Oral 8-aminoguanine against age-related retinal degeneration.	Communications biology	Oral 8-aminoguanine against age-related retinal degeneration.	Communications biology	2025 May	epmc,eutils	GOOD	1	0	1	0	0	0	C1+存储题名与题录 rt 全等/前缀	2025+	1
F4	vk_index	R4_index	methods-scrna.md:102			40708039	year=2025 species=[human]	Metabolic stress and early cell death in photoreceptor precursor cells following retinal transplantation.	Stem cell research & therapy	Metabolic stress and early cell death in photoreceptor precursor cells following retinal transplantation.	Stem cell research & therapy	2025 Jul	epmc,eutils	GOOD	1	0	1	0	0	0	C1+存储题名与题录 rt 全等/前缀	2025+	1
F4	vk_index	R4_index	models.md:144			40266594	year=2025 species=[other]	Microglia-Derived IL-6 Promotes Müller Glia Reprogramming and Proliferation in Zebrafish Retina Regeneration.	Investigative ophthalmology & visual science	Microglia-Derived IL-6 Promotes Müller Glia Reprogramming and Proliferation in Zebrafish Retina Regeneration.	Investigative ophthalmology & visual science	2025 Apr	epmc,eutils	GOOD	1	0	1	0	0	0	C1+存储题名与题录 rt 全等/前缀	2025+	1
F4	vk_index	R4_index	tissue-lens.md:47			40595094	year=2025 species=[other]	Endoplasmic reticulum stress involved in age-related nuclear cataract induced by sodium selenite.	Scientific reports	Endoplasmic reticulum stress involved in age-related nuclear cataract induced by sodium selenite.	Scientific reports	2025 Jul	epmc,eutils	GOOD	1	0	1	0	0	0	C1+存储题名与题录 rt 全等/前缀	2025+	1
F4	vk_index	R4_index	methods-scrna.md:31			41717290	year=2026 species=[both]	An atlas of cGAS-STING signaling in pathophysiological angiogenesis and retinal vascular homeostasis across species.	Molecular therapy. Nucleic acids	An atlas of cGAS-STING signaling in pathophysiological angiogenesis and retinal vascular homeostasis across species.	Molecular therapy. Nucleic acids	2026 Mar	epmc,eutils	GOOD	1	0	1	0	1	0	C1+存储题名与题录 rt 全等/前缀	2025+	1
F4	vk_index	R4_index	aging.md:105			40758602	year=2025 species=[both]	Novel Optical Imaging Probe for the Targeted Visualization of NLRP3 Inflammasomes in Living Retina.	Journal of medicinal chemistry	Novel Optical Imaging Probe for the Targeted Visualization of NLRP3 Inflammasomes in Living Retina.	Journal of medicinal chemistry	2025 Aug	epmc,eutils	GOOD	1	0	1	0	0	0	C1+存储题名与题录 rt 全等/前缀	2025+	1
F4	vk_index	R4_index	glaucoma.md:53			40463588	year=2025 species=[mouse]	Differential retinal ganglion cell resilience to optic nerve injury across vertebrate species.	Frontiers in neuroscience	Differential retinal ganglion cell resilience to optic nerve injury across vertebrate species.	Frontiers in neuroscience	2025	epmc,eutils	GOOD	1	0	1	0	1	0	C1+存储题名与题录 rt 全等/前缀	2025+	1
F4	vk_index	R4_index	methods-scrna.md:75			38934409	year=2025 species=[other]	Single-cell RNA sequencing reveals the heterogeneity and interactions of immune cells and Müller glia during zebrafish retina regeneration.	Neural regeneration research	Single-cell RNA sequencing reveals the heterogeneity and interactions of immune cells and Müller glia during zebrafish retina regeneration.	Neural regeneration research	2025 Dec	epmc,eutils	GOOD	1	0	1	0	0	0	C1+存储题名与题录 rt 全等/前缀	2025+	1
F4	vk_index	R4_index	regeneration.md:46			41210974	year=2025 species=[mouse]	The distinct roles of TGF-β signaling in retinal development.	iScience	The distinct roles of TGF-β signaling in retinal development.	iScience	2025 Nov	epmc,eutils	GOOD	1	0	1	0	0	0	C1+存储题名与题录 rt 全等/前缀	2025+	1
F4	vk_index	R4_index	tissue-RPE.md:74			40151609	year=2025 species=[human]	Protective effects of carotenoids against blue light induced-cellular damage in human retinal pigment epithelium.	Food science and biotechnology	Protective effects of carotenoids against blue light induced-cellular damage in human retinal pigment epithelium.	Food science and biotechnology	2025 Apr	epmc,eutils	GOOD	1	0	1	0	1	0	C1+存储题名与题录 rt 全等/前缀	2025+	1
F4	vk_index	R4_index	tissue-optic_nerve.md:53			40284004	year=2025 species=[mouse]	Tauroursodeoxycholic Acid Protects Retinal Ganglion Cells and Reduces Inflammation in Mice Following Optic Nerve Crush.	Pharmaceuticals (Basel, Switzerland)	Tauroursodeoxycholic Acid Protects Retinal Ganglion Cells and Reduces Inflammation in Mice Following Optic Nerve Crush.	Pharmaceuticals (Basel, Switzerland)	2025 Apr	epmc,eutils	GOOD	1	0	1	0	0	0	C1+存储题名与题录 rt 全等/前缀	2025+	1
F4	vk_index	R4_index	methods-scrna.md:43			41866494	year=2026 species=[human]	Advances in retinal pigment epithelium transplantation for age-related macular degeneration: bridging biology to therapeutic frontiers.	Stem cell research & therapy	Advances in retinal pigment epithelium transplantation for age-related macular degeneration: bridging biology to therapeutic frontiers.	Stem cell research & therapy	2026 Mar	epmc,eutils	GOOD	1	0	1	0	0	0	C1+存储题名与题录 rt 全等/前缀	2025+	1
F4	vk_index	R4_index	tissue-cornea.md:65			40617919	year=2025 species=[human]	Corneal safety assessment of germicidal far UV-C radiation.	Scientific reports	Corneal safety assessment of germicidal far UV-C radiation.	Scientific reports	2025 Jul	epmc,eutils	GOOD	1	0	1	0	0	0	C1+存储题名与题录 rt 全等/前缀	2025+	1
F4	vk_index	R4_index	models.md:77			40976555	year=2026 species=[mouse]	Epac1 deletion attenuates Müller glial pathological activation and mitigates retinal neurodegeneration in ischemia-induced retinopathy.	Journal of advanced research	Epac1 deletion attenuates Müller glial pathological activation and mitigates retinal neurodegeneration in ischemia-induced retinopathy.	Journal of advanced research	2026 Jun	epmc,eutils	GOOD	1	0	1	0	0	0	C1+存储题名与题录 rt 全等/前缀	2025+	1
F4	vk_index	R4_index	photoreceptor.md:40			41922167	year=2026 species=[mouse]	Inducible CreER T2  Mouse Lines for Characterization of Retinal Bipolar Cell Subtypes	eNeuro	Inducible CreER(T2) Mouse Lines for Characterization of Retinal Bipolar Cell Subtypes.	eNeuro	2026 Apr	epmc,eutils	GOOD	1	0	1	0	1	0	C1+存储题名与题录 rt 全等/前缀	2025+	1
F4	vk_index	R4_index	tissue-optic_nerve.md:18			41744494	year=2026 species=[mouse]	Coordinated stimulation of axon regenerative and neurodegenerative transcriptional programs by ATF4 following optic nerve injury.	eLife	Coordinated stimulation of axon regenerative and neurodegenerative transcriptional programs by ATF4 following optic nerve injury.	eLife	2026 Feb	epmc,eutils	GOOD	1	0	0	0	0	0	C1+存储题名与题录 rt 全等/前缀	2025+	1
F4	vk_index	R4_index	tissue-conjunctiva.md:22			41715185	year=2026 species=[human]	Heterogeneous-structural bilamellar bionic scaffold for integrated regeneration of tarso-conjunctival composite tissue.	Journal of translational medicine	Heterogeneous-structural bilamellar bionic scaffold for integrated regeneration of tarso-conjunctival composite tissue.	Journal of translational medicine	2026 Feb	epmc,eutils	GOOD	1	0	1	0	0	0	C1+存储题名与题录 rt 全等/前缀	2025+	1
F4	vk_index	R4_index	tissue-trabecular_meshwork.md:20			42478926	year=2026 species=[mouse]	Single-cell characterization of anterior segment development in the mouse reveals the cell types, pathways, and signals driving formation of the trabecular meshwork and Schlemm's canal.	eLife	Single-cell characterization of anterior segment development in the mouse reveals the cell types, pathways, and signals driving formation of the trabecular meshwork and Schlemm's c	eLife	2026 Jul	epmc,eutils	GOOD	1	0	0	0	1	0	C1+存储题名与题录 rt 全等/前缀	2025+	1
F4	vk_index	R4_index	INDEX.md:552			41922167	year=2026 species=[mouse]	Inducible CreER T2  Mouse Lines for Characterization of Retinal Bipolar Cell Subtypes	eNeuro	Inducible CreER(T2) Mouse Lines for Characterization of Retinal Bipolar Cell Subtypes.	eNeuro	2026 Apr	epmc,eutils	GOOD	1	0	1	0	1	0	C1+存储题名与题录 rt 全等/前缀	2025+	1
F4	vk_index	R4_index	amd.md:62			41390488	year=2025 species=[both]	Endothelial RAB5IF is required for pathological and developmental retinal angiogenesis.	Nature communications	Endothelial RAB5IF is required for pathological and developmental retinal angiogenesis.	Nature communications	2025 Dec	epmc,eutils	GOOD	1	0	1	0	0	0	C1+存储题名与题录 rt 全等/前缀	2025+	1
F4	vk_index	R4_index	visual-function.md:32			42136644	year=2026 species=[mouse]	Single cell transcriptomic analysis reveals pathogenic cell heterogeneity and candidate inflammatory-associated markers in STZ-induced diabetic mouse retina.	Frontiers in immunology	Single cell transcriptomic analysis reveals pathogenic cell heterogeneity and candidate inflammatory-associated markers in STZ-induced diabetic mouse retina.	Frontiers in immunology	2026	epmc,eutils	GOOD	1	0	1	0	1	0	C1+存储题名与题录 rt 全等/前缀	2025+	1
F4	vk_index	R4_index	methods-scrna.md:111			41007615	year=2025 species=[both]	Enhanced M2 Polarization of Retinal Microglia in Streptozotocin-Induced Diabetic Mice upon Autoimmune Stimulation  †	Biomedicines	Enhanced M2 Polarization of Retinal Microglia in Streptozotocin-Induced Diabetic Mice upon Autoimmune Stimulation.	Biomedicines	2025 Aug	epmc,eutils	GOOD	1	0	1	0	0	0	C1+存储题名与题录 rt 全等/前缀	2025+	1
F4	vk_index	R4_index	tissue-iris.md:20			41309590	year=2025 species=[both]	Neuroectoderm-derived iris muscle characterization at the single-cell resolution in native human iris and a pluripotent stem cell eye model.	Nature communications	Neuroectoderm-derived iris muscle characterization at the single-cell resolution in native human iris and a pluripotent stem cell eye model.	Nature communications	2025 Nov	epmc,eutils	GOOD	1	0	1	0	0	0	C1+存储题名与题录 rt 全等/前缀	2025+	1
F4	vk_index	R4_index	photoreceptor.md:111			41266494	year=2025 species=[mouse]	Afferent input differentially regulates establishment and maintenance of synapses in the mammalian retina.	Scientific reports	Afferent input differentially regulates establishment and maintenance of synapses in the mammalian retina.	Scientific reports	2025 Nov	epmc,eutils	GOOD	1	0	1	0	0	0	C1+存储题名与题录 rt 全等/前缀	2025+	1
F4	vk_index	R4_index	dr-diabetic-retinopathy.md:18			42080790	year=2026 species=[human]	Suboptimal Responses to Anti-VEGF in Retinal Neurovascular Diseases: Linking Aging and Alternative Angioinflammatory Pathways.	Investigative ophthalmology & visual science	Suboptimal Responses to Anti-VEGF in Retinal Neurovascular Diseases: Linking Aging and Alternative Angioinflammatory Pathways.	Investigative ophthalmology & visual science	2026 May	epmc,eutils	GOOD	1	0	1	0	0	0	C1+存储题名与题录 rt 全等/前缀	2025+	1
F4	vk_index	R4_index	INDEX.md:656			39448874	year=2025 species=[both]	Regulating the formation of Müller glia-derived progenitor cells in the retina.	Glia	Regulating the formation of Müller glia-derived progenitor cells in the retina.	Glia	2025 Jan	epmc,eutils	GOOD	1	0	1	0	0	0	C1+存储题名与题录 rt 全等/前缀	2025+	1
F4	vk_index	R4_index	INDEX.md:568			41556589	year=2026 species=[mouse]	Combined Mouse Retinal Optoretinography/Electroretinography System to Study Light-Evoked Responses in Animal Models of Retinal Degeneration.	Investigative ophthalmology & visual science	Combined Mouse Retinal Optoretinography/Electroretinography System to Study Light-Evoked Responses in Animal Models of Retinal Degeneration.	Investigative ophthalmology & visual science	2026 Jan	epmc,eutils	GOOD	1	0	1	0	1	0	C1+存储题名与题录 rt 全等/前缀	2025+	1
F4	vk_index	R4_index	glial-microglia.md:68			40653679	year=2025 species=[human]	Senescence Alters Antimicrobial Peptide Expression and Induces Amyloid-β Production in Retinal Pigment Epithelial Cells.	Aging cell	Senescence Alters Antimicrobial Peptide Expression and Induces Amyloid-β Production in Retinal Pigment Epithelial Cells.	Aging cell	2025 Sep	epmc,eutils	GOOD	1	0	1	0	0	0	C1+存储题名与题录 rt 全等/前缀	2025+	1
F4	vk_index	R4_index	retina-development.md:18			41535675	year=2026 species=[both]	Longitudinal analysis of retinal cell state transitions in  RB1 -deficient retinal organoids reveals the nascent cone precursors are the earliest cell-origin of human retinoblastoma	Cell death & disease	Longitudinal analysis of retinal cell state transitions in RB1-deficient retinal organoids reveals the nascent cone precursors are the earliest cell-origin of human retinoblastoma.	Cell death & disease	2026 Jan	epmc,eutils	GOOD	1	0	1	0	0	0	C1+存储题名与题录 rt 全等/前缀	2025+	1
F4	vk_index	R4_index	INDEX.md:523			41491635	year=2026 species=[human]	A 66-year-old man with acute retinal necrosis.	Brain pathology (Zurich, Switzerland)	A 66-year-old man with acute retinal necrosis.	Brain pathology (Zurich, Switzerland)	2026 Mar	epmc,eutils	GOOD	1	0	1	0	0	0	C1+存储题名与题录 rt 全等/前缀	2025+	1
F4	vk_index	R4_index	INDEX.md:292			40308558	year=2025 species=[other]	Analysis of the senescence secretome during zebrafish retina regeneration.	Frontiers in aging	Analysis of the senescence secretome during zebrafish retina regeneration.	Frontiers in aging	2025	epmc,eutils	GOOD	1	0	1	0	0	0	C1+存储题名与题录 rt 全等/前缀	2025+	1
F4	vk_index	R4_index	INDEX.md:613			41317324	year=2025 species=[both]	Protocol for modeling injury-induced regeneration in retinal organoids and isolating hNRSCs for subretinal transplantation in rd10 mice.	STAR protocols	Protocol for modeling injury-induced regeneration in retinal organoids and isolating hNRSCs for subretinal transplantation in rd10 mice.	STAR protocols	2025 Dec	epmc,eutils	GOOD	1	0	1	0	0	0	C1+存储题名与题录 rt 全等/前缀	2025+	1
F4	vk_index	R4_index	aging.md:38			41564179	year=2026 species=[both]	Healing of ischemic injury in the retina.	Science advances	Healing of ischemic injury in the retina.	Science advances	2026 Jan	epmc,eutils	GOOD	1	0	1	0	0	0	C1+存储题名与题录 rt 全等/前缀	2025+	1
F4	vk_index	R4_index	tissue-cornea.md:49			42194275	year=2026 species=[human]	Putative Self-Organizing Human Corneal Organoids Recapitulate Human Corneal Architecture and Cellular Diversity.	Bioengineering (Basel, Switzerland)	Putative Self-Organizing Human Corneal Organoids Recapitulate Human Corneal Architecture and Cellular Diversity.	Bioengineering (Basel, Switzerland)	2026 Apr	epmc,eutils	GOOD	1	0	1	0	1	0	C1+存储题名与题录 rt 全等/前缀	2025+	1
F4	vk_index	R4_index	INDEX.md:66			41017154	year=2026 species=[both]	A novel multiplex RNAi therapy simultaneously targets Hif1a and Hif2a to defy retinal degeneration in two models of AMD.	Molecular therapy : the journal of the American Society of Gene Therapy	A novel multiplex RNAi therapy simultaneously targets Hif1a and Hif2a to defy retinal degeneration in two models of AMD.	Molecular therapy : the journal of the American Society of Gene Therapy	2026 Jan	epmc,eutils	GOOD	1	0	1	0	0	0	C1+存储题名与题录 rt 全等/前缀	2025+	1
F4	vk_index	R4_index	vascular.md:21			42080790	year=2026 species=[human]	Suboptimal Responses to Anti-VEGF in Retinal Neurovascular Diseases: Linking Aging and Alternative Angioinflammatory Pathways.	Investigative ophthalmology & visual science	Suboptimal Responses to Anti-VEGF in Retinal Neurovascular Diseases: Linking Aging and Alternative Angioinflammatory Pathways.	Investigative ophthalmology & visual science	2026 May	epmc,eutils	GOOD	1	0	1	0	0	0	C1+存储题名与题录 rt 全等/前缀	2025+	1
F4	vk_index	R4_index	inherited-disease.md:78			41325489	year=2025 species=[both]	Two genes, one culprit - a functional candidate validation of a  SPATA7  deletion in dogs with day blindness/retinal degeneration	PLoS genetics	Two genes, one culprit - a functional candidate validation of a SPATA7 deletion in dogs with day blindness/retinal degeneration.	PLoS genetics	2025 Dec	epmc,eutils	GOOD	1	0	1	0	0	0	C1+存储题名与题录 rt 全等/前缀	2025+	1
F4	vk_index	R4_index	tissue-RPE.md:65			41288322	year=2025 species=[human]	RPGRORF15 Mutations Disrupt Lysosomal Lipid Metabolism in Retinal Pigment Epithelium Cells and Cause Retinitis Pigmentosa.	Investigative ophthalmology & visual science	RPGRORF15 Mutations Disrupt Lysosomal Lipid Metabolism in Retinal Pigment Epithelium Cells and Cause Retinitis Pigmentosa.	Investigative ophthalmology & visual science	2025 Nov	epmc,eutils	GOOD	1	0	1	0	0	0	C1+存储题名与题录 rt 全等/前缀	2025+	1
F4	vk_index	R4_index	glial-microglia.md:58			40614201	year=2025 species=[human]	SARS-CoV-2 induces Alzheimer's disease-related amyloid-β pathology in ex vivo human retinal explants and retinal organoids.	Science advances	SARS-CoV-2 induces Alzheimer's disease-related amyloid-β pathology in ex vivo human retinal explants and retinal organoids.	Science advances	2025 Jul	epmc,eutils	GOOD	1	0	1	0	1	0	C1+存储题名与题录 rt 全等/前缀	2025+	1
F4	vk_index	R4_index	tissue-conjunctiva.md:41			40422222	year=2025 species=[human]	Nerve Growth Factor Modulates Regulatory Cell Volume Behavior via Stimulating TRPV1, TRPM8 Channels and Inducing Ca&lt;sup&gt;2+&lt;/sup&gt; Signaling in Human Conjunctival Epithelial Cells.	Cells	Nerve Growth Factor Modulates Regulatory Cell Volume Behavior via Stimulating TRPV1, TRPM8 Channels and Inducing Ca(2+) Signaling in Human Conjunctival Epithelial Cells.	Cells	2025 May	epmc,eutils	GOOD	1	0	1	0	1	0	C1+存储题名与题录 rt 全等/前缀	2025+	1
F4	vk_index	R4_index	INDEX.md:374			41872221	year=2026 species=[both]	KIF11 prevents retinal endothelial ferroptosis in familial exudative vitreoretinopathy by inhibiting phosphorylation-driven PRDX1 phase separation.	Nature communications	KIF11 prevents retinal endothelial ferroptosis in familial exudative vitreoretinopathy by inhibiting phosphorylation-driven PRDX1 phase separation.	Nature communications	2026 Mar	epmc,eutils	GOOD	1	0	1	0	0	0	C1+存储题名与题录 rt 全等/前缀	2025+	1
F4	vk_index	R4_index	rpe.md:45			40239758	year=2025 species=[human]	Animal models for the evaluation of retinal stem cell therapies.	Progress in retinal and eye research	Animal models for the evaluation of retinal stem cell therapies.	Progress in retinal and eye research	2025 May	epmc,eutils	GOOD	1	0	1	0	0	0	C1+存储题名与题录 rt 全等/前缀	2025+	1
F4	vk_index	R4_index	tissue-cornea.md:86			41465361	year=2025 species=[human]	Effects of Topography and Extracellular Matrix Composition on Focal Adhesion Patterning in Human Corneal Fibroblasts.	International journal of molecular sciences	Effects of Topography and Extracellular Matrix Composition on Focal Adhesion Patterning in Human Corneal Fibroblasts.	International journal of molecular sciences	2025 Dec	epmc,eutils	GOOD	1	0	1	0	1	0	C1+存储题名与题录 rt 全等/前缀	2025+	1
F4	vk_index	R4_index	retina-development.md:64			40655949	year=2025 species=[human]	Understanding amblyopia from the perspective of neurovascular units: changes in the retina and brain.	Frontiers in cell and developmental biology	Understanding amblyopia from the perspective of neurovascular units: changes in the retina and brain.	Frontiers in cell and developmental biology	2025	epmc,eutils	GOOD	1	0	1	0	0	0	C1+存储题名与题录 rt 全等/前缀	2025+	1
F4	vk_index	R4_index	tissue-choroid.md:64			40358170	year=2025 species=[mouse]	Isolation and Characterization of Mouse Choroidal Melanocytes and Their Proinflammatory Characteristics.	Cells	Isolation and Characterization of Mouse Choroidal Melanocytes and Their Proinflammatory Characteristics.	Cells	2025 Apr	epmc,eutils	GOOD	1	0	1	0	1	0	C1+存储题名与题录 rt 全等/前缀	2025+	1
F4	vk_index	R4_index	dr-diabetic-retinopathy.md:22			41827851	year=2026 species=[human]	Claudins in Retinal Disease: Beyond Barrier Integrity to Signaling and Therapy.	Cells	Claudins in Retinal Disease: Beyond Barrier Integrity to Signaling and Therapy.	Cells	2026 Feb	epmc,eutils	GOOD	1	0	1	0	0	0	C1+存储题名与题录 rt 全等/前缀	2025+	1
F4	vk_index	R4_index	INDEX.md:287			40178080	year=2025 species=[mouse]	Simultaneous cyclin D1 overexpression and p27 kip1  knockdown enable robust Müller glia cell cycle reactivation in uninjured mouse retina	eLife	Simultaneous cyclin D1 overexpression and p27(kip1) knockdown enable robust Müller glia cell cycle reactivation in uninjured mouse retina.	eLife	2025 Apr	epmc,eutils	GOOD	1	0	1	0	1	0	C1+存储题名与题录 rt 全等/前缀	2025+	1
F4	vk_index	R4_index	INDEX.md:587			41791386	year=2026 species=[human]	Genomic characterization of sub-populations in human pluripotent stem cell-derived retinal progenitor cells driving retinal lamination.	Stem cell reports	Genomic characterization of sub-populations in human pluripotent stem cell-derived retinal progenitor cells driving retinal lamination.	Stem cell reports	2026 Apr	epmc,eutils	GOOD	1	0	1	0	1	0	C1+存储题名与题录 rt 全等/前缀	2025+	1
F4	vk_index	R4_index	models.md:154			40419664	year=2025 species=[other]	Oral 8-aminoguanine against age-related retinal degeneration.	Communications biology	Oral 8-aminoguanine against age-related retinal degeneration.	Communications biology	2025 May	epmc,eutils	GOOD	1	0	1	0	0	0	C1+存储题名与题录 rt 全等/前缀	2025+	1
F4	vk_index	R4_index	photoreceptor.md:89			40643481	year=2025 species=[mouse]	Epigenetic Modifiers to Treat Retinal Degenerative Diseases.	Cells	Epigenetic Modifiers to Treat Retinal Degenerative Diseases.	Cells	2025 Jun	epmc,eutils	GOOD	1	0	1	0	0	0	C1+存储题名与题录 rt 全等/前缀	2025+	1
F4	vk_index	R4_index	INDEX.md:736			41595581	year=2025 species=[human]	Single-Cell Transcriptomics on  PRPF31 -Mutated Retinal Organoids Reveal Early Müller Glial Activation and Progressive Photoreceptor Degeneration	Biomedicines	Single-Cell Transcriptomics on PRPF31-Mutated Retinal Organoids Reveal Early Müller Glial Activation and Progressive Photoreceptor Degeneration.	Biomedicines	2025 Dec	epmc,eutils	GOOD	1	0	1	0	0	0	C1+存储题名与题录 rt 全等/前缀	2025+	1
F4	vk_index	R4_index	glaucoma.md:82			40965404	year=2025 species=[mouse]	The Role of Connexin 36 Gap Junctions in Retinal Ganglion Cell Death After Corneal Alkali Burns.	Investigative ophthalmology & visual science	The Role of Connexin 36 Gap Junctions in Retinal Ganglion Cell Death After Corneal Alkali Burns.	Investigative ophthalmology & visual science	2025 Sep	epmc,eutils	GOOD	1	0	1	0	0	0	C1+存储题名与题录 rt 全等/前缀	2025+	1
F4	vk_index	R4_index	glial-microglia.md:75			41102382	year=2025 species=[both]	OPTN protects retinal ganglion cells and ameliorates neuroinflammation in optic neuropathies.	Communications biology	OPTN protects retinal ganglion cells and ameliorates neuroinflammation in optic neuropathies.	Communications biology	2025 Oct	epmc,eutils	GOOD	1	0	1	0	0	0	C1+存储题名与题录 rt 全等/前缀	2025+	1
F4	vk_index	R4_index	tissue-ciliary_body.md:20			41165761	year=2026 species=[human]	Ciliopathy-related B9 protein complex regulates ciliary axonemal microtubule posttranslational modifications and initiation of ciliogenesis.	The Journal of clinical investigation	Ciliopathy-related B9 protein complex regulates ciliary axonemal microtubule posttranslational modifications and initiation of ciliogenesis.	The Journal of clinical investigation	2026 Jan	epmc,eutils	GOOD	1	0	0	0	0	0	C1+存储题名与题录 rt 全等/前缀	2025+	1
F4	vk_index	R4_index	models.md:141			40247316	year=2025 species=[mouse]	High-fat diet alters retinal lipid composition and gene expression networks in mice.	BMC biology	High-fat diet alters retinal lipid composition and gene expression networks in mice.	BMC biology	2025 Apr	epmc,eutils	GOOD	1	0	1	0	0	0	C1+存储题名与题录 rt 全等/前缀	2025+	1
F4	vk_index	R4_index	INDEX.md:532			41577708	year=2026 species=[mouse]	Endothelial stem cells of the retinal vasculature reside in the optic nerve.	Nature communications	Endothelial stem cells of the retinal vasculature reside in the optic nerve.	Nature communications	2026 Jan	epmc,eutils	GOOD	1	0	1	0	0	0	C1+存储题名与题录 rt 全等/前缀	2025+	1
F4	vk_index	R4_index	retina-development.md:47			39985055	year=2025 species=[both]	Gain of 20q11.21 in human pluripotent stem cells enhances differentiation to retinal pigment epithelium.	Stem cell research & therapy	Gain of 20q11.21 in human pluripotent stem cells enhances differentiation to retinal pigment epithelium.	Stem cell research & therapy	2025 Feb	epmc,eutils	GOOD	1	0	1	0	0	0	C1+存储题名与题录 rt 全等/前缀	2025+	1
F4	vk_index	R4_index	INDEX.md:729			41190718	year=2025 species=[mouse]	Sox9  prevents retinal degeneration and is required for limbal stem cell differentiation in the adult mouse eye	eLife	Sox9 prevents retinal degeneration and is required for limbal stem cell differentiation in the adult mouse eye.	eLife	2025 Nov	epmc,eutils	GOOD	1	0	1	0	1	0	C1+存储题名与题录 rt 全等/前缀	2025+	1
F4	vk_index	R4_index	visual-function.md:83			41301488	year=2025 species=[human]	Local Insulin for Local Needs? Insights into Retinal Insulin Signaling and RPE Metabolism.	Biomolecules	Local Insulin for Local Needs? Insights into Retinal Insulin Signaling and RPE Metabolism.	Biomolecules	2025 Nov	epmc,eutils	GOOD	1	0	1	0	0	0	C1+存储题名与题录 rt 全等/前缀	2025+	1
F4	vk_index	R4_index	models.md:34			41706861	year=2026 species=[both]	Disrupted energy metabolism is associated with retinal ganglion cell degeneration in autosomal dominant optic atrophy.	Science advances	Disrupted energy metabolism is associated with retinal ganglion cell degeneration in autosomal dominant optic atrophy.	Science advances	2026 Feb	epmc,eutils	GOOD	1	0	1	0	0	0	C1+存储题名与题录 rt 全等/前缀	2025+	1
F4	vk_index	R4_index	methods-scrna.md:116			41244583	year=2025 species=[mouse]	Dicer is essential for proper maturation, composition, and function in the postnatal retina.	iScience	Dicer is essential for proper maturation, composition, and function in the postnatal retina.	iScience	2025 Nov	epmc,eutils	GOOD	1	0	1	0	0	0	C1+存储题名与题录 rt 全等/前缀	2025+	1
F4	vk_index	R4_index	inherited-disease.md:114			40217267	year=2025 species=[both]	Moss-derived human complement factor H modulates retinal immune response and attenuates retinal degeneration.	Journal of neuroinflammation	Moss-derived human complement factor H modulates retinal immune response and attenuates retinal degeneration.	Journal of neuroinflammation	2025 Apr	epmc,eutils	GOOD	1	0	1	0	0	0	C1+存储题名与题录 rt 全等/前缀	2025+	1
F4	vk_index	R4_index	methods-scrna.md:39			41892278	year=2026 species=[human]	Astrocyte Heterogeneity and Metabolic Reprogramming: Mechanisms Governing Retinal Ganglion Cell Damage in Glaucoma.	Cells	Astrocyte Heterogeneity and Metabolic Reprogramming: Mechanisms Governing Retinal Ganglion Cell Damage in Glaucoma.	Cells	2026 Mar	epmc,eutils	GOOD	1	0	1	0	0	0	C1+存储题名与题录 rt 全等/前缀	2025+	1
F4	vk_index	R4_index	INDEX.md:470			41102017	year=2026 species=[human]	DIO3 coordinates photoreceptor development timing and fate stability in human retinal organoids.	Genes & development	DIO3 coordinates photoreceptor development timing and fate stability in human retinal organoids.	Genes & development	2026 Jan	epmc,eutils	GOOD	1	0	1	0	1	0	C1+存储题名与题录 rt 全等/前缀	2025+	1
F4	vk_index	R4_index	tissue-choroid.md:18			42111215	year=2026 species=[mouse]	The choroidal macrophage polarization significantly influences myopia development in murine models.	iScience	The choroidal macrophage polarization significantly influences myopia development in murine models.	iScience	2026 May	epmc,eutils	GOOD	1	0	1	0	0	0	C1+存储题名与题录 rt 全等/前缀	2025+	1
F4	vk_index	R4_index	glial-microglia.md:96			40303324	year=2025 species=[both]	BARD1-mediated stabilization of METTL14 promotes retinal neovascularization by m6A-modifying MXD1 mRNA on a YTHDF2-dependent manner.	Theranostics	BARD1-mediated stabilization of METTL14 promotes retinal neovascularization by m6A-modifying MXD1 mRNA on a YTHDF2-dependent manner.	Theranostics	2025	epmc,eutils	GOOD	1	0	1	0	0	0	C1+存储题名与题录 rt 全等/前缀	2025+	1
F4	vk_index	R4_index	INDEX.md:592			39665817	year=2026 species=[human]	Innovative gene delivery systems for retinal disease therapy.	Neural regeneration research	Innovative gene delivery systems for retinal disease therapy.	Neural regeneration research	2026 Feb	epmc,eutils	GOOD	1	0	1	0	0	0	C1+存储题名与题录 rt 全等/前缀	2025+	1
F4	vk_index	R4_index	rpe.md:38			39779923	year=2025 species=[both]	High-efficiency base editing in the retina in primates and human tissues.	Nature medicine	High-efficiency base editing in the retina in primates and human tissues.	Nature medicine	2025 Feb	epmc,eutils	GOOD	1	0	1	0	0	0	C1+存储题名与题录 rt 全等/前缀	2025+	1
F4	vk_index	R4_index	rpe.md:73			40048184	year=2025 species=[human]	Porcine Sub-Retinal Pigment Epithelium Deposits: A Model for Dry Age-Related Macular Degeneration With Comparison to Human Drusen.	Investigative ophthalmology & visual science	Porcine Sub-Retinal Pigment Epithelium Deposits: A Model for Dry Age-Related Macular Degeneration With Comparison to Human Drusen.	Investigative ophthalmology & visual science	2025 Mar	epmc,eutils	GOOD	1	0	1	0	1	0	C1+存储题名与题录 rt 全等/前缀	2025+	1
F4	vk_index	R4_index	dr-diabetic-retinopathy.md:26			40025497	year=2025 species=[both]	cGAMP promotes inner blood-retinal barrier breakdown through P2RX7-mediated transportation into microglia.	Journal of neuroinflammation	cGAMP promotes inner blood-retinal barrier breakdown through P2RX7-mediated transportation into microglia.	Journal of neuroinflammation	2025 Mar	epmc,eutils	GOOD	1	0	1	0	0	0	C1+存储题名与题录 rt 全等/前缀	2025+	1
F4	vk_index	R4_index	tissue-RPE.md:30			42449920	year=2026 species=[human]	Personalized Pathogenicity Assessment of &lt;i&gt;RPE65&lt;/i&gt; Gene Mutations Using Patient-Specific hiPSC-Derived Retinal Pigment Epithelium Model.	International journal of molecular sciences	Personalized Pathogenicity Assessment of RPE65 Gene Mutations Using Patient-Specific hiPSC-Derived Retinal Pigment Epithelium Model.	International journal of molecular sciences	2026 Jun	epmc,eutils	GOOD	1	0	1	0	0	0	C1+存储题名与题录 rt 全等/前缀	2025+	1
F4	vk_index	R4_index	tissue-RPE.md:43			39985055	year=2025 species=[both]	Gain of 20q11.21 in human pluripotent stem cells enhances differentiation to retinal pigment epithelium.	Stem cell research & therapy	Gain of 20q11.21 in human pluripotent stem cells enhances differentiation to retinal pigment epithelium.	Stem cell research & therapy	2025 Feb	epmc,eutils	GOOD	1	0	1	0	0	0	C1+存储题名与题录 rt 全等/前缀	2025+	1
F4	vk_index	R4_index	INDEX.md:703			41858616	year=2026 species=[mouse]	EFA6A regulates retinal function through the control of photoreceptor cell activity and structure.	iScience	EFA6A regulates retinal function through the control of photoreceptor cell activity and structure.	iScience	2026 Apr	epmc,eutils	GOOD	1	0	1	0	0	0	C1+存储题名与题录 rt 全等/前缀	2025+	1
F4	vk_index	R4_index	INDEX.md:438			41709213	year=2026 species=[mouse]	St6gal1-mediated sialylation protects retinal ganglion cells by restraining microglial phagocytosis.	Journal of neuroinflammation	St6gal1-mediated sialylation protects retinal ganglion cells by restraining microglial phagocytosis.	Journal of neuroinflammation	2026 Feb	epmc,eutils	GOOD	1	0	1	0	0	0	C1+存储题名与题录 rt 全等/前缀	2025+	1
F4	vk_index	R4_index	dr-diabetic-retinopathy.md:44			40820958	year=2025 species=[human]	From Neurotransmission to Retinal Pathophysiology: Unraveling the Role of GABA Receptors in Retinal Disease Progression.	Journal of neurochemistry	From Neurotransmission to Retinal Pathophysiology: Unraveling the Role of GABA Receptors in Retinal Disease Progression.	Journal of neurochemistry	2025 Aug	epmc,eutils	GOOD	1	0	1	0	0	0	C1+存储题名与题录 rt 全等/前缀	2025+	1
F4	vk_index	R4_index	INDEX.md:272			40976555	year=2026 species=[mouse]	Epac1 deletion attenuates Müller glial pathological activation and mitigates retinal neurodegeneration in ischemia-induced retinopathy.	Journal of advanced research	Epac1 deletion attenuates Müller glial pathological activation and mitigates retinal neurodegeneration in ischemia-induced retinopathy.	Journal of advanced research	2026 Jun	epmc,eutils	GOOD	1	0	1	0	0	0	C1+存储题名与题录 rt 全等/前缀	2025+	1
F4	vk_index	R4_index	models.md:137			38934409	year=2025 species=[other]	Single-cell RNA sequencing reveals the heterogeneity and interactions of immune cells and Müller glia during zebrafish retina regeneration.	Neural regeneration research	Single-cell RNA sequencing reveals the heterogeneity and interactions of immune cells and Müller glia during zebrafish retina regeneration.	Neural regeneration research	2025 Dec	epmc,eutils	GOOD	1	0	1	0	0	0	C1+存储题名与题录 rt 全等/前缀	2025+	1
F4	vk_index	R4_index	photoreceptor.md:136			40766181	year=2025 species=[human]	β-catenin-α-catenin and actomyosin signaling differentially regulate growth cone contours and axon undulation and branching of retinal ganglion cells &lt;i&gt;in situ&lt;/i&gt;.	Frontiers in cellular neuroscience	β-catenin-α-catenin and actomyosin signaling differentially regulate growth cone contours and axon undulation and branching of retinal ganglion cells in situ.	Frontiers in cellular neuroscience	2025	epmc,eutils	GOOD	1	0	1	0	0	0	C1+存储题名与题录 rt 全等/前缀	2025+	1
F4	vk_index	R4_index	INDEX.md:528			41477839	year=2026 species=[human]	Genome-wide association study reveals genetic architecture and evolution of human retinal pigmentation.	Science advances	Genome-wide association study reveals genetic architecture and evolution of human retinal pigmentation.	Science advances	2026 Jan	epmc,eutils	GOOD	1	0	1	0	1	0	C1+存储题名与题录 rt 全等/前缀	2025+	1
F4	vk_index	R4_index	retina-development.md:104			40002367	year=2025 species=[human]	Evidence for a Functional Link Between the Nrf2 Signalling Pathway and Cytoprotective Effect of S-Petasin in Human Retinal Pigment Epithelium Cells Exposed to Oxidative Stress.	Antioxidants (Basel, Switzerland)	Evidence for a Functional Link Between the Nrf2 Signalling Pathway and Cytoprotective Effect of S-Petasin in Human Retinal Pigment Epithelium Cells Exposed to Oxidative Stress.	Antioxidants (Basel, Switzerland)	2025 Feb	epmc,eutils	GOOD	1	0	1	0	1	0	C1+存储题名与题录 rt 全等/前缀	2025+	1
F4	vk_index	R4_index	INDEX.md:634			41477839	year=2026 species=[human]	Genome-wide association study reveals genetic architecture and evolution of human retinal pigmentation.	Science advances	Genome-wide association study reveals genetic architecture and evolution of human retinal pigmentation.	Science advances	2026 Jan	epmc,eutils	GOOD	1	0	1	0	1	0	C1+存储题名与题录 rt 全等/前缀	2025+	1
F4	vk_index	R4_index	retina-development.md:24			41849358	year=2026 species=[mouse]	Plagl1  regulates the retinal progenitor cell to Müller glial cell transition	PLoS genetics	Plagl1 regulates the retinal progenitor cell to Müller glial cell transition.	PLoS genetics	2026 Mar	epmc,eutils	GOOD	1	0	1	0	0	0	C1+存储题名与题录 rt 全等/前缀	2025+	1
F4	vk_index	R4_index	glaucoma.md:81			40557874	year=2025 species=[mouse]	Maraviroc Prevents Optic Nerve Injury-Induced Retinal Ganglion Cell Apoptosis by Modulating the CCL5/CCR5/CTSS Axis.	Investigative ophthalmology & visual science	Maraviroc Prevents Optic Nerve Injury-Induced Retinal Ganglion Cell Apoptosis by Modulating the CCL5/CCR5/CTSS Axis.	Investigative ophthalmology & visual science	2025 Jun	epmc,eutils	GOOD	1	0	1	0	0	0	C1+存储题名与题录 rt 全等/前缀	2025+	1
F4	vk_index	R4_index	tissue-lens.md:74			40234585	year=2025 species=[human]	Upregulation of ferroptosis in glucocorticoids-induced posterior subcapsular cataracts.	Communications biology	Upregulation of ferroptosis in glucocorticoids-induced posterior subcapsular cataracts.	Communications biology	2025 Apr	epmc,eutils	GOOD	1	0	1	0	0	0	C1+存储题名与题录 rt 全等/前缀	2025+	1
F4	vk_index	R4_index	regeneration.md:20			41892278	year=2026 species=[human]	Astrocyte Heterogeneity and Metabolic Reprogramming: Mechanisms Governing Retinal Ganglion Cell Damage in Glaucoma.	Cells	Astrocyte Heterogeneity and Metabolic Reprogramming: Mechanisms Governing Retinal Ganglion Cell Damage in Glaucoma.	Cells	2026 Mar	epmc,eutils	GOOD	1	0	1	0	0	0	C1+存储题名与题录 rt 全等/前缀	2025+	1
F4	vk_index	R4_index	tissue-RPE.md:33			41929533	year=2026 species=[human]	Maresin 1 activates autophagy through SIRT1/PPAR-γ signaling to mitigate high glucose-induced pyroptosis in human retinal pigment epithelial cells.	Experimental and therapeutic medicine	Maresin 1 activates autophagy through SIRT1/PPAR-γ signaling to mitigate high glucose-induced pyroptosis in human retinal pigment epithelial cells.	Experimental and therapeutic medicine	2026 May	epmc,eutils	GOOD	1	0	1	0	1	0	C1+存储题名与题录 rt 全等/前缀	2025+	1
F4	vk_index	R4_index	models.md:147			40308558	year=2025 species=[other]	Analysis of the senescence secretome during zebrafish retina regeneration.	Frontiers in aging	Analysis of the senescence secretome during zebrafish retina regeneration.	Frontiers in aging	2025	epmc,eutils	GOOD	1	0	1	0	0	0	C1+存储题名与题录 rt 全等/前缀	2025+	1
F4	vk_index	R4_index	inherited-disease.md:29			41954328	year=2026 species=[both]	Neuritin1  Cis -Regulatory Elements Enable Gene Expression Preferentially in Retinal Ganglion Cells	Investigative ophthalmology & visual science	Neuritin1 Cis-Regulatory Elements Enable Gene Expression Preferentially in Retinal Ganglion Cells.	Investigative ophthalmology & visual science	2026 Apr	epmc,eutils	GOOD	1	0	1	0	0	0	C1+存储题名与题录 rt 全等/前缀	2025+	1
F4	vk_index	R4_index	photoreceptor.md:68			39985055	year=2025 species=[both]	Gain of 20q11.21 in human pluripotent stem cells enhances differentiation to retinal pigment epithelium.	Stem cell research & therapy	Gain of 20q11.21 in human pluripotent stem cells enhances differentiation to retinal pigment epithelium.	Stem cell research & therapy	2025 Feb	epmc,eutils	GOOD	1	0	1	0	0	0	C1+存储题名与题录 rt 全等/前缀	2025+	1
F4	vk_index	R4_index	aging.md:33			42193986	year=2026 species=[human]	Prominin-1 and Retinal Degenerative Disorders: Expanding the Biology from Photoreceptors to the Retinal Pigment Epithelium.	Biomolecules	Prominin-1 and Retinal Degenerative Disorders: Expanding the Biology from Photoreceptors to the Retinal Pigment Epithelium.	Biomolecules	2026 Apr	epmc,eutils	GOOD	1	0	1	0	0	0	C1+存储题名与题录 rt 全等/前缀	2025+	1
F4	vk_index	R4_index	metabolism.md:41			39774627	year=2025 species=[both]	Idebenone Protects Photoreceptors Impaired by Oxidative Phosphorylation Disorder in Retinal Detachment.	Investigative ophthalmology & visual science	Idebenone Protects Photoreceptors Impaired by Oxidative Phosphorylation Disorder in Retinal Detachment.	Investigative ophthalmology & visual science	2025 Jan	epmc,eutils	GOOD	1	0	1	0	0	0	C1+存储题名与题录 rt 全等/前缀	2025+	1
F4	vk_index	R4_index	tissue-optic_nerve.md:19			41769942	year=2026 species=[human]	Beyond the Globe: Molecular Diagnostics of Optic Nerve, Orbital, and Adnexal Neoplasms.	Translational vision science & technology	Beyond the Globe: Molecular Diagnostics of Optic Nerve, Orbital, and Adnexal Neoplasms.	Translational vision science & technology	2026 Mar	epmc,eutils	GOOD	1	0	0	0	0	0	C1+存储题名与题录 rt 全等/前缀	2025+	1
F4	vk_index	R4_index	models.md:25			41252217	year=2026 species=[both]	Retinol tracing within murine neural retina reveals cell type-specific retinol transport and distribution.	The Journal of clinical investigation	Retinol tracing within murine neural retina reveals cell type-specific retinol transport and distribution.	The Journal of clinical investigation	2026 Feb	epmc,eutils	GOOD	1	0	1	0	0	0	C1+存储题名与题录 rt 全等/前缀	2025+	1
F4	vk_index	R4_index	INDEX.md:601			40133314	year=2025 species=[both]	Restoration of retinal regenerative potential of Müller glia by disrupting intercellular Prox1 transfer.	Nature communications	Restoration of retinal regenerative potential of Müller glia by disrupting intercellular Prox1 transfer.	Nature communications	2025 Mar	epmc,eutils	GOOD	1	0	1	0	0	0	C1+存储题名与题录 rt 全等/前缀	2025+	1
F4	vk_index	R4_index	visual-function.md:21			41632798	year=2026 species=[human]	Rare heterozygous missense variants in  VSX2  are associated with retinal detachment	PLoS genetics	Rare heterozygous missense variants in VSX2 are associated with retinal detachment.	PLoS genetics	2026 Feb	epmc,eutils	GOOD	1	0	1	0	0	0	C1+存储题名与题录 rt 全等/前缀	2025+	1
F4	vk_index	R4_index	visual-function.md:35			41514281	year=2026 species=[human]	Safety and neuroprotective efficacy of the VCP inhibitor ML240 in large-animal and human retinal explants: a preclinical ex vivo study.	BMC medicine	Safety and neuroprotective efficacy of the VCP inhibitor ML240 in large-animal and human retinal explants: a preclinical ex vivo study.	BMC medicine	2026 Jan	epmc,eutils	GOOD	1	0	1	0	1	0	C1+存储题名与题录 rt 全等/前缀	2025+	1
F4	vk_index	R4_index	INDEX.md:833			39869549	year=2025 species=[human]	"""Energetics of the outer retina II: Calculation of a spatio-temporal energy budget in retinal pigment epithelium and photoreceptor cells based on quantification of cellular processes""."	PloS one	"""Energetics of the outer retina II: Calculation of a spatio-temporal energy budget in retinal pigment epithelium and photoreceptor cells based on quantification of cellular process"	PloS one	2025	epmc,eutils	GOOD	1	0	1	0	0	0	C1+存储题名与题录 rt 全等/前缀	2025+	1
F4	vk_index	R4_index	INDEX.md:548			41746734	year=2026 species=[both]	Splicing variants in MYRF cause partial loss of function in the retinal pigment epithelium leading to nanophthalmos.	JCI insight	Splicing variants in MYRF cause partial loss of function in the retinal pigment epithelium leading to nanophthalmos.	JCI insight	2026 Mar	epmc,eutils	GOOD	1	0	1	0	0	0	C1+存储题名与题录 rt 全等/前缀	2025+	1
F4	vk_index	R4_index	glial-microglia.md:25			41709213	year=2026 species=[mouse]	St6gal1-mediated sialylation protects retinal ganglion cells by restraining microglial phagocytosis.	Journal of neuroinflammation	St6gal1-mediated sialylation protects retinal ganglion cells by restraining microglial phagocytosis.	Journal of neuroinflammation	2026 Feb	epmc,eutils	GOOD	1	0	1	0	0	0	C1+存储题名与题录 rt 全等/前缀	2025+	1
F4	vk_index	R4_index	tissue-lens.md:56			41074164	year=2025 species=[mouse]	Drug loaded cerium oxide nanozymes prevent radiation-Induced cataracts via suppressing the cGAS-STING pathway.	Journal of nanobiotechnology	Drug loaded cerium oxide nanozymes prevent radiation-Induced cataracts via suppressing the cGAS-STING pathway.	Journal of nanobiotechnology	2025 Oct	epmc,eutils	GOOD	1	0	1	0	0	0	C1+存储题名与题录 rt 全等/前缀	2025+	1
F4	vk_index	R4_index	aging.md:75			41339603	year=2025 species=[mouse]	Nox3 expression and function in retinal ganglion cells and Amacrine cells.	Cellular and molecular life sciences : CMLS	Nox3 expression and function in retinal ganglion cells and Amacrine cells.	Cellular and molecular life sciences : CMLS	2025 Dec	epmc,eutils	GOOD	1	0	1	0	0	0	C1+存储题名与题录 rt 全等/前缀	2025+	1
F4	vk_index	R4_index	vascular.md:26			41957682	year=2026 species=[other]	Integrating single-cell and spatial transcriptomics to reveal the spatiotemporal dynamics of retinal cells during ischemia-reperfusion injury progression in rats.	Cell & bioscience	Integrating single-cell and spatial transcriptomics to reveal the spatiotemporal dynamics of retinal cells during ischemia-reperfusion injury progression in rats.	Cell & bioscience	2026 Apr	epmc,eutils	GOOD	1	0	1	0	0	0	C1+存储题名与题录 rt 全等/前缀	2025+	1
F4	vk_index	R4_index	glaucoma.md:64			41533933	year=2025 species=[mouse]	HDAC4 Promotes Neuroprotection of Retinal Ganglion Cells After Optic Nerve Injury.	Investigative ophthalmology & visual science	HDAC4 Promotes Neuroprotection of Retinal Ganglion Cells After Optic Nerve Injury.	Investigative ophthalmology & visual science	2025 Dec	epmc,eutils	GOOD	1	0	1	0	0	0	C1+存储题名与题录 rt 全等/前缀	2025+	1
F4	vk_index	R4_index	inherited-disease.md:40			41957343	year=2026 species=[both]	Glycosylation-driven necroptosis in retinal degeneration: dual rescue by AAV8 gene therapy and RIPK1 inhibition.	Cell death discovery	Glycosylation-driven necroptosis in retinal degeneration: dual rescue by AAV8 gene therapy and RIPK1 inhibition.	Cell death discovery	2026 Apr	epmc,eutils	GOOD	1	0	1	0	0	0	C1+存储题名与题录 rt 全等/前缀	2025+	1
F4	vk_index	R4_index	glaucoma.md:35			42069589	year=2026 species=[mouse]	Acarbose modulates microglial Pkm2 acetylation to reshape immunometabolism and preserve retinal neurons after ischemia-reperfusion.	Journal of neuroinflammation	Acarbose modulates microglial Pkm2 acetylation to reshape immunometabolism and preserve retinal neurons after ischemia-reperfusion.	Journal of neuroinflammation	2026 May	epmc,eutils	GOOD	1	0	1	0	0	0	C1+存储题名与题录 rt 全等/前缀	2025+	1
F4	vk_index	R4_index	inherited-disease.md:30			42023031	year=2026 species=[unknown]	Vacuolar ATPase subunit Atp6v0c transgene promotes neuroprotection and long-distance axon regeneration in injured retinal ganglion neurons.	Molecular therapy. Nucleic acids	Vacuolar ATPase subunit Atp6v0c transgene promotes neuroprotection and long-distance axon regeneration in injured retinal ganglion neurons.	Molecular therapy. Nucleic acids	2026 Jun	epmc,eutils	GOOD	1	0	1	0	0	0	C1+存储题名与题录 rt 全等/前缀	2025+	1
F4	vk_index	R4_index	rpe.md:77			41430718	year=2025 species=[both]	Retinal pigment epithelium-derived extracellular vesicles mediate outer blood retinal barrier disruption in response to AMD-related stress.	Cell communication and signaling : CCS	Retinal pigment epithelium-derived extracellular vesicles mediate outer blood retinal barrier disruption in response to AMD-related stress.	Cell communication and signaling : CCS	2025 Dec	epmc,eutils	GOOD	1	0	1	0	0	0	C1+存储题名与题录 rt 全等/前缀	2025+	1
F4	vk_index	R4_index	methods-scrna.md:42			41980459	year=2026 species=[human]	Quercetin improves retinal glycolysis to slow myopia progression through orchestrating the AKT/FOXO/HK2 axis.	Redox biology	Quercetin improves retinal glycolysis to slow myopia progression through orchestrating the AKT/FOXO/HK2 axis.	Redox biology	2026 Jun	epmc,eutils	GOOD	1	0	1	0	0	0	C1+存储题名与题录 rt 全等/前缀	2025+	1
F4	vk_index	R4_index	retina-development.md:88			41376775	year=2025 species=[both]	Retinal organoids mirror CRISPR-Cas9 gene editing efficiency observed  in vivo	Molecular therapy. Methods & clinical development	Retinal organoids mirror CRISPR-Cas9 gene editing efficiency observed in vivo.	Molecular therapy. Methods & clinical development	2025 Dec	epmc,eutils	GOOD	1	0	1	0	0	0	C1+存储题名与题录 rt 全等/前缀	2025+	1
F4	vk_index	R4_index	INDEX.md:644			41731009	year=2026 species=[human]	PRPF8-associated retinitis pigmentosa variant induces human neural retina-autonomous photoreceptor defects.	Scientific reports	PRPF8-associated retinitis pigmentosa variant induces human neural retina-autonomous photoreceptor defects.	Scientific reports	2026 Feb	epmc,eutils	GOOD	1	0	1	0	1	0	C1+存储题名与题录 rt 全等/前缀	2025+	1
F4	vk_index	R4_index	inherited-disease.md:20			41706861	year=2026 species=[both]	Disrupted energy metabolism is associated with retinal ganglion cell degeneration in autosomal dominant optic atrophy.	Science advances	Disrupted energy metabolism is associated with retinal ganglion cell degeneration in autosomal dominant optic atrophy.	Science advances	2026 Feb	epmc,eutils	GOOD	1	0	1	0	0	0	C1+存储题名与题录 rt 全等/前缀	2025+	1
F4	vk_index	R4_index	photoreceptor.md:117			41403938	year=2025 species=[human]	Unraveling the immune response in optic nerve injury: implications for retinal ganglion cell protection.	Frontiers in immunology	Unraveling the immune response in optic nerve injury: implications for retinal ganglion cell protection.	Frontiers in immunology	2025	epmc,eutils	GOOD	1	0	1	0	0	0	C1+存储题名与题录 rt 全等/前缀	2025+	1
F4	vk_index	R4_index	INDEX.md:150			42080790	year=2026 species=[human]	Suboptimal Responses to Anti-VEGF in Retinal Neurovascular Diseases: Linking Aging and Alternative Angioinflammatory Pathways.	Investigative ophthalmology & visual science	Suboptimal Responses to Anti-VEGF in Retinal Neurovascular Diseases: Linking Aging and Alternative Angioinflammatory Pathways.	Investigative ophthalmology & visual science	2026 May	epmc,eutils	GOOD	1	0	1	0	0	0	C1+存储题名与题录 rt 全等/前缀	2025+	1
F4	vk_index	R4_index	inherited-disease.md:81			41378939	year=2025 species=[both]	Ubap1l  Knockout Mice Model Recapitulates Retinal Degeneration Phenotype Observed in Patients and Exhibits Irregular Photoreceptor Morphology	Investigative ophthalmology & visual science	Ubap1l Knockout Mice Model Recapitulates Retinal Degeneration Phenotype Observed in Patients and Exhibits Irregular Photoreceptor Morphology.	Investigative ophthalmology & visual science	2025 Dec	epmc,eutils	GOOD	1	0	1	0	0	0	C1+存储题名与题录 rt 全等/前缀	2025+	1
F4	vk_index	R4_index	models.md:246			40001147	year=2025 species=[human]	Frontier applications of retinal nanomedicine: progress, challenges and perspectives.	Journal of nanobiotechnology	Frontier applications of retinal nanomedicine: progress, challenges and perspectives.	Journal of nanobiotechnology	2025 Feb	epmc,eutils	GOOD	1	0	1	0	0	0	C1+存储题名与题录 rt 全等/前缀	2025+	1
F4	vk_index	R4_index	models.md:274			40048184	year=2025 species=[human]	Porcine Sub-Retinal Pigment Epithelium Deposits: A Model for Dry Age-Related Macular Degeneration With Comparison to Human Drusen.	Investigative ophthalmology & visual science	Porcine Sub-Retinal Pigment Epithelium Deposits: A Model for Dry Age-Related Macular Degeneration With Comparison to Human Drusen.	Investigative ophthalmology & visual science	2025 Mar	epmc,eutils	GOOD	1	0	1	0	1	0	C1+存储题名与题录 rt 全等/前缀	2025+	1
F4	vk_index	R4_index	methods-scrna.md:80			40308558	year=2025 species=[other]	Analysis of the senescence secretome during zebrafish retina regeneration.	Frontiers in aging	Analysis of the senescence secretome during zebrafish retina regeneration.	Frontiers in aging	2025	epmc,eutils	GOOD	1	0	1	0	0	0	C1+存储题名与题录 rt 全等/前缀	2025+	1
F4	vk_index	R4_index	INDEX.md:104			42053222	year=2026 species=[human]	Choriocapillaris Flow Deficits Are Spatially Linked to Retinal Pigment Epithelium and Photoreceptor Integrity in Geographic Atrophy.	Investigative ophthalmology & visual science	Choriocapillaris Flow Deficits Are Spatially Linked to Retinal Pigment Epithelium and Photoreceptor Integrity in Geographic Atrophy.	Investigative ophthalmology & visual science	2026 Apr	epmc,eutils	GOOD	1	0	1	0	0	0	C1+存储题名与题录 rt 全等/前缀	2025+	1
F4	vk_index	R4_index	INDEX.md:303			40843317	year=2025 species=[human]	Upregulation of SQSTM1 Regulates Ferroptosis and Oxidative Stress in Müller Cells of the Diabetic Neural Retina by Modulating ACSL4.	Journal of diabetes research	Upregulation of SQSTM1 Regulates Ferroptosis and Oxidative Stress in Müller Cells of the Diabetic Neural Retina by Modulating ACSL4.	Journal of diabetes research	2025	epmc,eutils	GOOD	1	0	1	0	0	0	C1+存储题名与题录 rt 全等/前缀	2025+	1
F4	vk_index	R4_index	metabolism.md:32			41514281	year=2026 species=[human]	Safety and neuroprotective efficacy of the VCP inhibitor ML240 in large-animal and human retinal explants: a preclinical ex vivo study.	BMC medicine	Safety and neuroprotective efficacy of the VCP inhibitor ML240 in large-animal and human retinal explants: a preclinical ex vivo study.	BMC medicine	2026 Jan	epmc,eutils	GOOD	1	0	1	0	1	0	C1+存储题名与题录 rt 全等/前缀	2025+	1
F4	vk_index	R4_index	INDEX.md:315			41744788	year=2026 species=[mouse]	The Role of Autophagy-Lysosomal Pathways in Photoreceptor Death in the rd10 Mouse Model of Inherited Retinal Degeneration.	Cells	The Role of Autophagy-Lysosomal Pathways in Photoreceptor Death in the rd10 Mouse Model of Inherited Retinal Degeneration.	Cells	2026 Feb	epmc,eutils	GOOD	1	0	1	0	1	0	C1+存储题名与题录 rt 全等/前缀	2025+	1
F4	vk_index	R4_index	methods-scrna.md:124			41378939	year=2025 species=[both]	Ubap1l  Knockout Mice Model Recapitulates Retinal Degeneration Phenotype Observed in Patients and Exhibits Irregular Photoreceptor Morphology	Investigative ophthalmology & visual science	Ubap1l Knockout Mice Model Recapitulates Retinal Degeneration Phenotype Observed in Patients and Exhibits Irregular Photoreceptor Morphology.	Investigative ophthalmology & visual science	2025 Dec	epmc,eutils	GOOD	1	0	1	0	0	0	C1+存储题名与题录 rt 全等/前缀	2025+	1
F4	vk_index	R4_index	retina-development.md:74			40994539	year=2025 species=[human]	The role of microglia and complement C5/C5a in the pathogenesis of rhegmatogenous retinal detachment with choroidal detachment.	Computational and structural biotechnology journal	The role of microglia and complement C5/C5a in the pathogenesis of rhegmatogenous retinal detachment with choroidal detachment.	Computational and structural biotechnology journal	2025	epmc,eutils	GOOD	1	0	1	0	0	0	C1+存储题名与题录 rt 全等/前缀	2025+	1
F4	vk_index	R4_index	tissue-ciliary_body.md:70			40859055	year=2025 species=[human]	EMT-ciliary signaling in quasi-mesenchymal-stem-like cells drives therapeutic resistance and is a druggable vulnerability in triple-negative breast cancer.	EMBO molecular medicine	EMT-ciliary signaling in quasi-mesenchymal-stem-like cells drives therapeutic resistance and is a druggable vulnerability in triple-negative breast cancer.	EMBO molecular medicine	2025 Oct	epmc,eutils	GOOD	1	0	0	0	0	0	C1+存储题名与题录 rt 全等/前缀	2025+	1
F4	vk_index	R4_index	models.md:122			39930455	year=2025 species=[both]	Kinetic changes in microglia-related retinal transcripts in experimental autoimmune uveoretinitis (EAU) of B10.RIII mice.	Journal of neuroinflammation	Kinetic changes in microglia-related retinal transcripts in experimental autoimmune uveoretinitis (EAU) of B10.RIII mice.	Journal of neuroinflammation	2025 Feb	epmc,eutils	GOOD	1	0	1	0	0	0	C1+存储题名与题录 rt 全等/前缀	2025+	1
F4	vk_index	R4_index	visual-function.md:69			40843317	year=2025 species=[human]	Upregulation of SQSTM1 Regulates Ferroptosis and Oxidative Stress in Müller Cells of the Diabetic Neural Retina by Modulating ACSL4.	Journal of diabetes research	Upregulation of SQSTM1 Regulates Ferroptosis and Oxidative Stress in Müller Cells of the Diabetic Neural Retina by Modulating ACSL4.	Journal of diabetes research	2025	epmc,eutils	GOOD	1	0	1	0	0	0	C1+存储题名与题录 rt 全等/前缀	2025+	1
F4	vk_index	R4_index	photoreceptor.md:32			41744788	year=2026 species=[mouse]	The Role of Autophagy-Lysosomal Pathways in Photoreceptor Death in the rd10 Mouse Model of Inherited Retinal Degeneration.	Cells	The Role of Autophagy-Lysosomal Pathways in Photoreceptor Death in the rd10 Mouse Model of Inherited Retinal Degeneration.	Cells	2026 Feb	epmc,eutils	GOOD	1	0	1	0	1	0	C1+存储题名与题录 rt 全等/前缀	2025+	1
F4	vk_index	R4_index	tissue-optic_nerve.md:55			38819069	year=2025 species=[both]	Small extracellular vesicles derived from human induced pluripotent stem cell-differentiated neural progenitor cells mitigate retinal ganglion cell degeneration in a mouse model of optic nerve injury.	Neural regeneration research	Small extracellular vesicles derived from human induced pluripotent stem cell-differentiated neural progenitor cells mitigate retinal ganglion cell degeneration in a mouse model of	Neural regeneration research	2025 Feb	epmc,eutils	GOOD	1	0	1	0	0	0	C1+存储题名与题录 rt 全等/前缀	2025+	1
F4	vk_index	R4_index	dr-diabetic-retinopathy.md:29			40723297	year=2025 species=[unknown]	Pericytes as Key Players in Retinal Diseases: A Comprehensive Narrative Review.	Biology	Pericytes as Key Players in Retinal Diseases: A Comprehensive Narrative Review.	Biology	2025 Jun	epmc,eutils	GOOD	1	0	1	0	0	0	C1+存储题名与题录 rt 全等/前缀	2025+	1
F4	vk_index	R4_index	INDEX.md:309			41594869	year=2026 species=[mouse]	RNA Sequencing and Targeted Knockdown Reveal miR-142a-5p as a Driver of Retinal Degeneration in rd1 Mice.	Biology	RNA Sequencing and Targeted Knockdown Reveal miR-142a-5p as a Driver of Retinal Degeneration in rd1 Mice.	Biology	2026 Jan	epmc,eutils	GOOD	1	0	1	0	0	0	C1+存储题名与题录 rt 全等/前缀	2025+	1
F4	vk_index	R4_index	models.md:128			40025497	year=2025 species=[both]	cGAMP promotes inner blood-retinal barrier breakdown through P2RX7-mediated transportation into microglia.	Journal of neuroinflammation	cGAMP promotes inner blood-retinal barrier breakdown through P2RX7-mediated transportation into microglia.	Journal of neuroinflammation	2025 Mar	epmc,eutils	GOOD	1	0	1	0	0	0	C1+存储题名与题录 rt 全等/前缀	2025+	1
F4	vk_index	R4_index	INDEX.md:436			41528844	year=2026 species=[human]	Single-cell multiome and enhancer connectome of human retinal pigment epithelium and choroid nominate causal variants in macular degeneration.	Cell reports	Single-cell multiome and enhancer connectome of human retinal pigment epithelium and choroid nominate causal variants in macular degeneration.	Cell reports	2026 Jan	epmc,eutils	GOOD	1	0	1	0	1	0	C1+存储题名与题录 rt 全等/前缀	2025+	1
F4	vk_index	R4_index	tissue-lens.md:30			41614402	year=2026 species=[unknown]	[Corrigendum] Role of Smad3 signaling in the epithelial‑mesenchymal transition of the lens epithelium following injury.	International journal of molecular medicine	[Corrigendum] Role of Smad3 signaling in the epithelial‑mesenchymal transition of the lens epithelium following injury.	International journal of molecular medicine	2026 Apr	epmc,eutils	GOOD	1	0	1	0	0	0	C1+存储题名与题录 rt 全等/前缀	2025+	1
F4	vk_index	R4_index	models.md:236			41331083	year=2025 species=[mouse]	Overexpression of Meis factors in late-stage retinal progenitors yields complex effects on temporal patterning and neurogenesis.	Scientific reports	Overexpression of Meis factors in late-stage retinal progenitors yields complex effects on temporal patterning and neurogenesis.	Scientific reports	2025 Dec	epmc,eutils	GOOD	1	0	1	0	0	0	C1+存储题名与题录 rt 全等/前缀	2025+	1
F4	vk_index	R4_index	aging.md:21			41960189	year=2026 species=[unknown]	CircAFF3 modulation of p53-ID2 signaling in the retinal pigment epithelium links inflammation with cell death in dry age-related macular degeneration.	Frontiers in cell and developmental biology	CircAFF3 modulation of p53-ID2 signaling in the retinal pigment epithelium links inflammation with cell death in dry age-related macular degeneration.	Frontiers in cell and developmental biology	2026	epmc,eutils	GOOD	1	0	1	0	0	0	C1+存储题名与题录 rt 全等/前缀	2025+	1
F4	vk_index	R4_index	models.md:129			39863929	year=2025 species=[both]	Pharmacological blocking of microfibrillar-associated protein 4 reduces retinal neoangiogenesis and vascular leakage.	Molecular therapy : the journal of the American Society of Gene Therapy	Pharmacological blocking of microfibrillar-associated protein 4 reduces retinal neoangiogenesis and vascular leakage.	Molecular therapy : the journal of the American Society of Gene Therapy	2025 Mar	epmc,eutils	GOOD	1	0	1	0	0	0	C1+存储题名与题录 rt 全等/前缀	2025+	1
F4	vk_index	R4_index	models.md:280			41480395	year=2025 species=[human]	Novel developments in retinal regeneration: Advances and future outlooks in stem cell therapy.	World journal of stem cells	Novel developments in retinal regeneration: Advances and future outlooks in stem cell therapy.	World journal of stem cells	2025 Dec	epmc,eutils	GOOD	1	0	1	0	0	0	C1+存储题名与题录 rt 全等/前缀	2025+	1
F4	vk_index	R4_index	INDEX.md:148			41190783	year=2026 species=[mouse]	Single-Cell RNA Sequencing of Retina Reveals Nna1 Upregulation in Myopic Diabetic Retinopathy as a Protective Factor Against Diabetic Damage.	Advanced science (Weinheim, Baden-Wurttemberg, Germany)	Single-Cell RNA Sequencing of Retina Reveals Nna1 Upregulation in Myopic Diabetic Retinopathy as a Protective Factor Against Diabetic Damage.	Advanced science (Weinheim, Baden-Wurttemberg, Germany)	2026 Jan	epmc,eutils	GOOD	1	0	1	0	0	0	C1+存储题名与题录 rt 全等/前缀	2025+	1
F4	vk_index	R4_index	models.md:155			40425564	year=2025 species=[both]	Longitudinal scRNA-seq of retinal organoids derived from Stargardt disease patient with ABCA4 mutation.	Scientific data	Longitudinal scRNA-seq of retinal organoids derived from Stargardt disease patient with ABCA4 mutation.	Scientific data	2025 May	epmc,eutils	GOOD	1	0	1	0	0	0	C1+存储题名与题录 rt 全等/前缀	2025+	1
F4	vk_index	R4_index	tissue-lens.md:42			39662835	year=2025 species=[both]	The transcription factor CREB regulates epithelial-mesenchymal transition of lens epithelial cells by phosphorylation-dependent and phosphorylation-independent mechanisms.	The Journal of biological chemistry	The transcription factor CREB regulates epithelial-mesenchymal transition of lens epithelial cells by phosphorylation-dependent and phosphorylation-independent mechanisms.	The Journal of biological chemistry	2025 Jan	epmc,eutils	GOOD	1	0	1	0	0	0	C1+存储题名与题录 rt 全等/前缀	2025+	1
F4	vk_index	R4_index	glial-microglia.md:44			39374262	year=2025 species=[mouse]	Chronic hyperglycemia alters retinal astrocyte microstructure and uptake of cholera toxin B in a murine model of diabetes.	Journal of neurochemistry	Chronic hyperglycemia alters retinal astrocyte microstructure and uptake of cholera toxin B in a murine model of diabetes.	Journal of neurochemistry	2025 Jan	epmc,eutils	GOOD	1	0	1	0	0	0	C1+存储题名与题录 rt 全等/前缀	2025+	1
F4	vk_index	R4_index	retina-development.md:61			40538981	year=2025 species=[human]	Molecular analysis of RAX2-regulated retinal development using human retinal organoids at a single-cell resolution.	Frontiers in cell and developmental biology	Molecular analysis of RAX2-regulated retinal development using human retinal organoids at a single-cell resolution.	Frontiers in cell and developmental biology	2025	epmc,eutils	GOOD	1	0	1	0	1	0	C1+存储题名与题录 rt 全等/前缀	2025+	1
F4	vk_index	R4_index	INDEX.md:531			41562588	year=2026 species=[other]	cxcl18b -defined transitional state-specific nitric oxide drives injury-induced Müller glia cell-cycle re-entry in the zebrafish retina	eLife	cxcl18b-defined transitional state-specific nitric oxide drives injury-induced Müller glia cell-cycle re-entry in the zebrafish retina.	eLife	2026 Jan	epmc,eutils	GOOD	1	0	1	0	0	0	C1+存储题名与题录 rt 全等/前缀	2025+	1
F4	vk_index	R4_index	methods-scrna.md:91			40499265	year=2025 species=[human]	Divergent redox responses of macular and peripheral Müller Glia: Implications for retinal vulnerability.	Redox biology	Divergent redox responses of macular and peripheral Müller Glia: Implications for retinal vulnerability.	Redox biology	2025 Sep	epmc,eutils	GOOD	1	0	1	0	0	0	C1+存储题名与题录 rt 全等/前缀	2025+	1
F4	vk_index	R4_index	rpe.md:43			40233131	year=2025 species=[both]	Myelin regulatory factor (MYRF) is a critical early regulator of retinal pigment epithelial development.	PLoS genetics	Myelin regulatory factor (MYRF) is a critical early regulator of retinal pigment epithelial development.	PLoS genetics	2025 Apr	epmc,eutils	GOOD	1	0	1	0	0	0	C1+存储题名与题录 rt 全等/前缀	2025+	1
F4	vk_index	R4_index	aging.md:89			40820958	year=2025 species=[human]	From Neurotransmission to Retinal Pathophysiology: Unraveling the Role of GABA Receptors in Retinal Disease Progression.	Journal of neurochemistry	From Neurotransmission to Retinal Pathophysiology: Unraveling the Role of GABA Receptors in Retinal Disease Progression.	Journal of neurochemistry	2025 Aug	epmc,eutils	GOOD	1	0	1	0	0	0	C1+存储题名与题录 rt 全等/前缀	2025+	1
F4	vk_index	R4_index	models.md:178			40715177	year=2025 species=[mouse]	In vivo efficacy of NRL knockdown with cell-penetrating siRNA in retinal degeneration.	Scientific reports	In vivo efficacy of NRL knockdown with cell-penetrating siRNA in retinal degeneration.	Scientific reports	2025 Jul	epmc,eutils	GOOD	1	0	1	0	0	0	C1+存储题名与题录 rt 全等/前缀	2025+	1
F4	vk_index	R4_index	methods-scrna.md:105			40817252	year=2025 species=[mouse]	Illuminating photoreceptors: TGFβ signaling modulates the severeness of retinal degeneration.	Cell death discovery	Illuminating photoreceptors: TGFβ signaling modulates the severeness of retinal degeneration.	Cell death discovery	2025 Aug	epmc,eutils	GOOD	1	0	1	0	0	0	C1+存储题名与题录 rt 全等/前缀	2025+	1
F4	vk_index	R4_index	INDEX.md:761			41206314	year=2026 species=[mouse]	Piperine alleviates retinal ischemic injury by mediating the APE1 signaling.	Neurotherapeutics : the journal of the American Society for Experimental NeuroTherapeutics	Piperine alleviates retinal ischemic injury by mediating the APE1 signaling.	Neurotherapeutics : the journal of the American Society for Experimental NeuroTh	2026 Jan	epmc,eutils	GOOD	1	0	1	0	0	0	C1+存储题名与题录 rt 全等/前缀	2025+	1
F4	vk_index	R4_index	aging.md:42			39804630	year=2025 species=[both]	A Comprehensive Analysis of Sex-Biased Gene Expression in the Aging Human Retina Through a Combination of Single-Cell and Bulk RNA Sequencing.	Investigative ophthalmology & visual science	A Comprehensive Analysis of Sex-Biased Gene Expression in the Aging Human Retina Through a Combination of Single-Cell and Bulk RNA Sequencing.	Investigative ophthalmology & visual science	2025 Jan	epmc,eutils	GOOD	1	0	1	0	0	0	C1+存储题名与题录 rt 全等/前缀	2025+	1
F4	vk_index	R4_index	models.md:55			41881262	year=2026 species=[mouse]	Age-dependent induction of ER stress in retinal pigment epithelium impairs phagocytosis  via  ADAM17-dependent MERTK shedding	The Journal of biological chemistry	Age-dependent induction of ER stress in retinal pigment epithelium impairs phagocytosis via ADAM17-dependent MERTK shedding.	The Journal of biological chemistry	2026 May	epmc,eutils	GOOD	1	0	1	0	0	0	C1+存储题名与题录 rt 全等/前缀	2025+	1
F4	vk_index	R4_index	INDEX.md:338			39779923	year=2025 species=[both]	High-efficiency base editing in the retina in primates and human tissues.	Nature medicine	High-efficiency base editing in the retina in primates and human tissues.	Nature medicine	2025 Feb	epmc,eutils	GOOD	1	0	1	0	0	0	C1+存储题名与题录 rt 全等/前缀	2025+	1
F4	vk_index	R4_index	photoreceptor.md:18			41535675	year=2026 species=[both]	Longitudinal analysis of retinal cell state transitions in  RB1 -deficient retinal organoids reveals the nascent cone precursors are the earliest cell-origin of human retinoblastoma	Cell death & disease	Longitudinal analysis of retinal cell state transitions in RB1-deficient retinal organoids reveals the nascent cone precursors are the earliest cell-origin of human retinoblastoma.	Cell death & disease	2026 Jan	epmc,eutils	GOOD	1	0	1	0	0	0	C1+存储题名与题录 rt 全等/前缀	2025+	1
F4	vk_index	R4_index	models.md:210			41230906	year=2025 species=[both]	PRRX1  Orchestrates Pericyte–Myofibroblast Transition in Pathological Retinal Fibrosis	Investigative ophthalmology & visual science	PRRX1 Orchestrates Pericyte-Myofibroblast Transition in Pathological Retinal Fibrosis.	Investigative ophthalmology & visual science	2025 Nov	epmc,eutils	GOOD	1	0	1	0	0	0	C1+存储题名与题录 rt 全等/前缀	2025+	1
F4	vk_index	R4_index	retina-development.md:73			40965436	year=2025 species=[both]	Sustained Neurotrophic Factor Co-Treatment Enhances Donor and Host Retinal Ganglion Cell Survival in Mice.	Translational vision science & technology	Sustained Neurotrophic Factor Co-Treatment Enhances Donor and Host Retinal Ganglion Cell Survival in Mice.	Translational vision science & technology	2025 Sep	epmc,eutils	GOOD	1	0	1	0	0	0	C1+存储题名与题录 rt 全等/前缀	2025+	1
F4	vk_index	R4_index	dr-diabetic-retinopathy.md:46			41361454	year=2025 species=[mouse]	Hyperglycemia impairs microglia responding to retinal vasculopathy via enhanced norepinephrine-ADRB2 signaling.	Journal of neuroinflammation	Hyperglycemia impairs microglia responding to retinal vasculopathy via enhanced norepinephrine-ADRB2 signaling.	Journal of neuroinflammation	2025 Dec	epmc,eutils	GOOD	1	0	1	0	0	0	C1+存储题名与题录 rt 全等/前缀	2025+	1
F4	vk_index	R4_index	photoreceptor.md:112			41301488	year=2025 species=[human]	Local Insulin for Local Needs? Insights into Retinal Insulin Signaling and RPE Metabolism.	Biomolecules	Local Insulin for Local Needs? Insights into Retinal Insulin Signaling and RPE Metabolism.	Biomolecules	2025 Nov	epmc,eutils	GOOD	1	0	1	0	0	0	C1+存储题名与题录 rt 全等/前缀	2025+	1
F4	vk_index	R4_index	regeneration.md:52			40355064	year=2025 species=[other]	Depletion of Polypyrimidine tract binding protein 1 ( ptbp1 ) activates Müller glia-derived proliferation during zebrafish retina regeneration via modulation of the senescence secretome	Experimental eye research	Depletion of Polypyrimidine tract binding protein 1 (ptbp1) activates Müller glia-derived proliferation during zebrafish retina regeneration via modulation of the senescence secret	Experimental eye research	2025 Aug	epmc,eutils	GOOD	1	0	1	0	0	0	C1+存储题名与题录 rt 全等/前缀	2025+	1
F4	vk_index	R4_index	photoreceptor.md:84			40526494	year=2025 species=[mouse]	Glycolytic flux controls retinal progenitor cell differentiation via regulating Wnt signaling.	eLife	Glycolytic flux controls retinal progenitor cell differentiation via regulating Wnt signaling.	eLife	2025 Jun	epmc,eutils	GOOD	1	0	1	0	0	0	C1+存储题名与题录 rt 全等/前缀	2025+	1
F4	vk_index	R4_index	INDEX.md:566			41858616	year=2026 species=[mouse]	EFA6A regulates retinal function through the control of photoreceptor cell activity and structure.	iScience	EFA6A regulates retinal function through the control of photoreceptor cell activity and structure.	iScience	2026 Apr	epmc,eutils	GOOD	1	0	1	0	0	0	C1+存储题名与题录 rt 全等/前缀	2025+	1
F4	vk_index	R4_index	tissue-RPE.md:53			40233131	year=2025 species=[both]	Myelin regulatory factor (MYRF) is a critical early regulator of retinal pigment epithelial development.	PLoS genetics	Myelin regulatory factor (MYRF) is a critical early regulator of retinal pigment epithelial development.	PLoS genetics	2025 Apr	epmc,eutils	GOOD	1	0	1	0	0	0	C1+存储题名与题录 rt 全等/前缀	2025+	1
F4	vk_index	R4_index	INDEX.md:817			39665817	year=2026 species=[human]	Innovative gene delivery systems for retinal disease therapy.	Neural regeneration research	Innovative gene delivery systems for retinal disease therapy.	Neural regeneration research	2026 Feb	epmc,eutils	GOOD	1	0	1	0	0	0	C1+存储题名与题录 rt 全等/前缀	2025+	1
F4	vk_index	R4_index	models.md:170			40655949	year=2025 species=[human]	Understanding amblyopia from the perspective of neurovascular units: changes in the retina and brain.	Frontiers in cell and developmental biology	Understanding amblyopia from the perspective of neurovascular units: changes in the retina and brain.	Frontiers in cell and developmental biology	2025	epmc,eutils	GOOD	1	0	1	0	0	0	C1+存储题名与题录 rt 全等/前缀	2025+	1
F4	vk_index	R4_index	models.md:207			41210974	year=2025 species=[mouse]	The distinct roles of TGF-β signaling in retinal development.	iScience	The distinct roles of TGF-β signaling in retinal development.	iScience	2025 Nov	epmc,eutils	GOOD	1	0	1	0	0	0	C1+存储题名与题录 rt 全等/前缀	2025+	1
F4	vk_index	R4_index	INDEX.md:407			41270749	year=2025 species=[both]	Connecting cilium, stress response, and proteostasis abnormalities inform variant and therapy assessment in  RPGRIP1  retinal organoids	Stem cell reports	Connecting cilium, stress response, and proteostasis abnormalities inform variant and therapy assessment in RPGRIP1 retinal organoids.	Stem cell reports	2025 Dec	epmc,eutils	GOOD	1	0	1	0	0	0	C1+存储题名与题录 rt 全等/前缀	2025+	1
F4	vk_index	R4_index	tissue-ciliary_body.md:27			41370039	year=2026 species=[both]	Filippi syndrome-associated CKAP2L modulates microtubule dynamics essential for mitosis and ciliary length regulation.	Journal of molecular cell biology	Filippi syndrome-associated CKAP2L modulates microtubule dynamics essential for mitosis and ciliary length regulation.	Journal of molecular cell biology	2026 Jul	epmc,eutils	GOOD	1	0	0	0	0	0	C1+存储题名与题录 rt 全等/前缀	2025+	1
F4	vk_index	R4_index	models.md:193			40994539	year=2025 species=[human]	The role of microglia and complement C5/C5a in the pathogenesis of rhegmatogenous retinal detachment with choroidal detachment.	Computational and structural biotechnology journal	The role of microglia and complement C5/C5a in the pathogenesis of rhegmatogenous retinal detachment with choroidal detachment.	Computational and structural biotechnology journal	2025	epmc,eutils	GOOD	1	0	1	0	0	0	C1+存储题名与题录 rt 全等/前缀	2025+	1
F4	vk_index	R4_index	INDEX.md:275			41755996	year=2026 species=[human]	Anti-IgLON5 encephalitis is associated with anti-retinal immunological reactivity without retinal alteration.	Journal of translational autoimmunity	Anti-IgLON5 encephalitis is associated with anti-retinal immunological reactivity without retinal alteration.	Journal of translational autoimmunity	2026 Jun	epmc,eutils	GOOD	1	0	1	0	0	0	C1+存储题名与题录 rt 全等/前缀	2025+	1
F4	vk_index	R4_index	photoreceptor.md:113			41333718	year=2025 species=[mouse]	Htr1b  is necessary for normal retinal function in mice	Frontiers in cellular neuroscience	Htr1b is necessary for normal retinal function in mice.	Frontiers in cellular neuroscience	2025	epmc,eutils	GOOD	1	0	1	0	0	0	C1+存储题名与题录 rt 全等/前缀	2025+	1
F4	vk_index	R4_index	rpe.md:63			41272236	year=2025 species=[human]	Loss of retinal stem cell reserve and lipofuscin accumulation accelerates cone-rod degeneration and replicates Stargardt disease in  abca4b  null zebrafish	Scientific reports	Loss of retinal stem cell reserve and lipofuscin accumulation accelerates cone-rod degeneration and replicates Stargardt disease in abca4b null zebrafish.	Scientific reports	2025 Nov	epmc,eutils	GOOD	1	0	1	0	0	0	C1+存储题名与题录 rt 全等/前缀	2025+	1
F4	vk_index	R4_index	INDEX.md:224			41741437	year=2026 species=[mouse]	Colony-stimulating factor 1 receptor inhibition is neuroprotective to photoreceptors in retinal detachment.	Cell death & disease	Colony-stimulating factor 1 receptor inhibition is neuroprotective to photoreceptors in retinal detachment.	Cell death & disease	2026 Feb	epmc,eutils	GOOD	1	0	1	0	0	0	C1+存储题名与题录 rt 全等/前缀	2025+	1
F4	vk_index	R4_index	visual-function.md:28			41803887	year=2026 species=[mouse]	Targeting Apolipoprotein E4 rescues photoreceptor degeneration by inhibiting the disease-associated microglia activation in experimental retinal detachment.	Journal of neuroinflammation	Targeting Apolipoprotein E4 rescues photoreceptor degeneration by inhibiting the disease-associated microglia activation in experimental retinal detachment.	Journal of neuroinflammation	2026 Mar	epmc,eutils	GOOD	1	0	1	0	0	0	C1+存储题名与题录 rt 全等/前缀	2025+	1
F4	vk_index	R4_index	tissue-choroid.md:43			40946306	year=2025 species=[mouse]	Protocol for generation of immortalized retinal, choroid, and brain endothelial cell lines.	STAR protocols	Protocol for generation of immortalized retinal, choroid, and brain endothelial cell lines.	STAR protocols	2025 Dec	epmc,eutils	GOOD	1	0	1	0	0	0	C1+存储题名与题录 rt 全等/前缀	2025+	1
F4	vk_index	R4_index	INDEX.md:49			41866494	year=2026 species=[human]	Advances in retinal pigment epithelium transplantation for age-related macular degeneration: bridging biology to therapeutic frontiers.	Stem cell research & therapy	Advances in retinal pigment epithelium transplantation for age-related macular degeneration: bridging biology to therapeutic frontiers.	Stem cell research & therapy	2026 Mar	epmc,eutils	GOOD	1	0	1	0	0	0	C1+存储题名与题录 rt 全等/前缀	2025+	1
F4	vk_index	R4_index	rpe.md:57			41146204	year=2025 species=[both]	STING activates ZBP1-mediated PANoptosis to defend against HSV-1 retinal infection.	Journal of neuroinflammation	STING activates ZBP1-mediated PANoptosis to defend against HSV-1 retinal infection.	Journal of neuroinflammation	2025 Oct	epmc,eutils	GOOD	1	0	1	0	0	0	C1+存储题名与题录 rt 全等/前缀	2025+	1
F4	vk_index	R4_index	INDEX.md:348			40425564	year=2025 species=[both]	Longitudinal scRNA-seq of retinal organoids derived from Stargardt disease patient with ABCA4 mutation.	Scientific data	Longitudinal scRNA-seq of retinal organoids derived from Stargardt disease patient with ABCA4 mutation.	Scientific data	2025 May	epmc,eutils	GOOD	1	0	1	0	0	0	C1+存储题名与题录 rt 全等/前缀	2025+	1
F4	vk_index	R4_index	visual-function.md:94			39967853	year=2025 species=[human]	MSCs act as biopatches for blood-retinal barrier preservation to enhance functional recovery after retinal I/R.	Molecular therapy. Nucleic acids	MSCs act as biopatches for blood-retinal barrier preservation to enhance functional recovery after retinal I/R.	Molecular therapy. Nucleic acids	2025 Mar	epmc,eutils	GOOD	1	0	1	0	0	0	C1+存储题名与题录 rt 全等/前缀	2025+	1
F4	vk_index	R4_index	regeneration.md:19			41849358	year=2026 species=[mouse]	Plagl1  regulates the retinal progenitor cell to Müller glial cell transition	PLoS genetics	Plagl1 regulates the retinal progenitor cell to Müller glial cell transition.	PLoS genetics	2026 Mar	epmc,eutils	GOOD	1	0	1	0	0	0	C1+存储题名与题录 rt 全等/前缀	2025+	1
F4	vk_index	R4_index	visual-function.md:80			41190718	year=2025 species=[mouse]	Sox9  prevents retinal degeneration and is required for limbal stem cell differentiation in the adult mouse eye	eLife	Sox9 prevents retinal degeneration and is required for limbal stem cell differentiation in the adult mouse eye.	eLife	2025 Nov	epmc,eutils	GOOD	1	0	1	0	1	0	C1+存储题名与题录 rt 全等/前缀	2025+	1
F4	vk_index	R4_index	tissue-RPE.md:54			40284227	year=2025 species=[human]	Biological Effect of Mycosporine-Gly-Ser (Shinorine) Against Bis-Retinoid &lt;i&gt;N&lt;/i&gt;-Retinyl-&lt;i&gt;N&lt;/i&gt;-Retinylidene Ethanolamine- and Blue-Light-Induced Retinal Pigment Epithelium Cell Damage.	Nutrients	Biological Effect of Mycosporine-Gly-Ser (Shinorine) Against Bis-Retinoid N-Retinyl-N-Retinylidene Ethanolamine- and Blue-Light-Induced Retinal Pigment Epithelium Cell Damage.	Nutrients	2025 Apr	epmc,eutils	GOOD	1	0	1	0	0	0	C1+存储题名与题录 rt 全等/前缀	2025+	1
F4	vk_index	R4_index	INDEX.md:544			41744788	year=2026 species=[mouse]	The Role of Autophagy-Lysosomal Pathways in Photoreceptor Death in the rd10 Mouse Model of Inherited Retinal Degeneration.	Cells	The Role of Autophagy-Lysosomal Pathways in Photoreceptor Death in the rd10 Mouse Model of Inherited Retinal Degeneration.	Cells	2026 Feb	epmc,eutils	GOOD	1	0	1	0	1	0	C1+存储题名与题录 rt 全等/前缀	2025+	1
F4	vk_index	R4_index	models.md:148			40301324	year=2025 species=[both]	Autophagy disruption and mitochondrial stress precede photoreceptor necroptosis in multiple mouse models of inherited retinal disorders.	Nature communications	Autophagy disruption and mitochondrial stress precede photoreceptor necroptosis in multiple mouse models of inherited retinal disorders.	Nature communications	2025 Apr	epmc,eutils	GOOD	1	0	1	0	0	0	C1+存储题名与题录 rt 全等/前缀	2025+	1
F4	vk_index	R4_index	photoreceptor.md:92			40715177	year=2025 species=[mouse]	In vivo efficacy of NRL knockdown with cell-penetrating siRNA in retinal degeneration.	Scientific reports	In vivo efficacy of NRL knockdown with cell-penetrating siRNA in retinal degeneration.	Scientific reports	2025 Jul	epmc,eutils	GOOD	1	0	1	0	0	0	C1+存储题名与题录 rt 全等/前缀	2025+	1
F4	vk_index	R4_index	photoreceptor.md:25			41657893	year=2026 species=[unknown]	Microtubule dynamics in adult retinal ganglion cells and dorsal root ganglion neurons.	Frontiers in molecular neuroscience	Microtubule dynamics in adult retinal ganglion cells and dorsal root ganglion neurons.	Frontiers in molecular neuroscience	2026	epmc,eutils	GOOD	1	0	1	0	0	0	C1+存储题名与题录 rt 全等/前缀	2025+	1
F4	vk_index	R4_index	vascular.md:51			41042023	year=2025 species=[both]	The Transcription Factor Islet-1 Regulates Diabetes-Induced Inner Blood-Retinal Barrier Disruption.	Investigative ophthalmology & visual science	The Transcription Factor Islet-1 Regulates Diabetes-Induced Inner Blood-Retinal Barrier Disruption.	Investigative ophthalmology & visual science	2025 Oct	epmc,eutils	GOOD	1	0	1	0	0	0	C1+存储题名与题录 rt 全等/前缀	2025+	1
F4	vk_index	R4_index	retina-development.md:21			41649260	year=2026 species=[mouse]	Heterochronic transcription factor expression drives cone-dominant retina development in 13-lined ground squirrels.	eLife	Heterochronic transcription factor expression drives cone-dominant retina development in 13-lined ground squirrels.	eLife	2026 Feb	epmc,eutils	GOOD	1	0	1	0	0	0	C1+存储题名与题录 rt 全等/前缀	2025+	1
F4	vk_index	R4_index	tissue-RPE.md:35			42067699	year=2026 species=[human]	Insulin production in the retina drives autocrine signalling and metabolism reprogramming of the ARPE-19, a retinal pigment epithelium cellular model.	Cellular and molecular life sciences : CMLS	Insulin production in the retina drives autocrine signalling and metabolism reprogramming of the ARPE-19, a retinal pigment epithelium cellular model.	Cellular and molecular life sciences : CMLS	2026 May	epmc,eutils	GOOD	1	0	1	0	0	0	C1+存储题名与题录 rt 全等/前缀	2025+	1
F4	vk_index	R4_index	tissue-optic_nerve.md:61			41533933	year=2025 species=[mouse]	HDAC4 Promotes Neuroprotection of Retinal Ganglion Cells After Optic Nerve Injury.	Investigative ophthalmology & visual science	HDAC4 Promotes Neuroprotection of Retinal Ganglion Cells After Optic Nerve Injury.	Investigative ophthalmology & visual science	2025 Dec	epmc,eutils	GOOD	1	0	1	0	0	0	C1+存储题名与题录 rt 全等/前缀	2025+	1
F4	vk_index	R4_index	tissue-lens.md:21			40580389	year=2026 species=[mouse]	Cataract Aggravates Alzheimer-Like Pathologies and Cognitive Deficits in an APP/PS1 Mouse Model.	Neuroscience bulletin	Cataract Aggravates Alzheimer-Like Pathologies and Cognitive Deficits in an APP/PS1 Mouse Model.	Neuroscience bulletin	2026 Feb	epmc,eutils	GOOD	1	0	1	0	1	0	C1+存储题名与题录 rt 全等/前缀	2025+	1
F4	vk_index	R4_index	models.md:90			41787550	year=2026 species=[mouse]	Systemic inflammation triggers local complement production in the mouse retina and RPE.	Journal of neuroinflammation	Systemic inflammation triggers local complement production in the mouse retina and RPE.	Journal of neuroinflammation	2026 Mar	epmc,eutils	GOOD	1	0	1	0	1	0	C1+存储题名与题录 rt 全等/前缀	2025+	1
F4	vk_index	R4_index	aging.md:99			40226626	year=2025 species=[mouse]	Roles of MASP-1 and MASP-3 in the development of retinal degeneration in a murine model of dry age-related macular degeneration.	Frontiers in immunology	Roles of MASP-1 and MASP-3 in the development of retinal degeneration in a murine model of dry age-related macular degeneration.	Frontiers in immunology	2025	epmc,eutils	GOOD	1	0	1	0	0	0	C1+存储题名与题录 rt 全等/前缀	2025+	1
F4	vk_index	R4_index	INDEX.md:506			41954328	year=2026 species=[both]	Neuritin1  Cis -Regulatory Elements Enable Gene Expression Preferentially in Retinal Ganglion Cells	Investigative ophthalmology & visual science	Neuritin1 Cis-Regulatory Elements Enable Gene Expression Preferentially in Retinal Ganglion Cells.	Investigative ophthalmology & visual science	2026 Apr	epmc,eutils	GOOD	1	0	1	0	0	0	C1+存储题名与题录 rt 全等/前缀	2025+	1
F4	vk_index	R4_index	amd.md:49			40817252	year=2025 species=[mouse]	Illuminating photoreceptors: TGFβ signaling modulates the severeness of retinal degeneration.	Cell death discovery	Illuminating photoreceptors: TGFβ signaling modulates the severeness of retinal degeneration.	Cell death discovery	2025 Aug	epmc,eutils	GOOD	1	0	1	0	0	0	C1+存储题名与题录 rt 全等/前缀	2025+	1
F4	vk_index	R4_index	photoreceptor.md:157			40423624	year=2025 species=[mouse]	Peptide Lv Deficiency Adversely Impacts the Structural and Functional Integrity of the Neural Retina.	Investigative ophthalmology & visual science	Peptide Lv Deficiency Adversely Impacts the Structural and Functional Integrity of the Neural Retina.	Investigative ophthalmology & visual science	2025 May	epmc,eutils	GOOD	1	0	1	0	0	0	C1+存储题名与题录 rt 全等/前缀	2025+	1
F4	vk_index	R4_index	glaucoma.md:24			41743907	year=2026 species=[mouse]	Differentiation timing-dependent axon targeting and subtype specification in retinal ganglion cells.	Frontiers in neuroscience	Differentiation timing-dependent axon targeting and subtype specification in retinal ganglion cells.	Frontiers in neuroscience	2026	epmc,eutils	GOOD	1	0	1	0	0	0	C1+存储题名与题录 rt 全等/前缀	2025+	1
F4	vk_index	R4_index	INDEX.md:636			41535675	year=2026 species=[both]	Longitudinal analysis of retinal cell state transitions in  RB1 -deficient retinal organoids reveals the nascent cone precursors are the earliest cell-origin of human retinoblastoma	Cell death & disease	Longitudinal analysis of retinal cell state transitions in RB1-deficient retinal organoids reveals the nascent cone precursors are the earliest cell-origin of human retinoblastoma.	Cell death & disease	2026 Jan	epmc,eutils	GOOD	1	0	1	0	0	0	C1+存储题名与题录 rt 全等/前缀	2025+	1
F4	vk_index	R4_index	INDEX.md:700			42112684	year=2026 species=[human]	Pigment Epithelium-Derived Factor From Müller Cells Is Involved in Angiopoietin-Mediated Survival Control of Retinal Neurons.	Investigative ophthalmology & visual science	Pigment Epithelium-Derived Factor From Müller Cells Is Involved in Angiopoietin-Mediated Survival Control of Retinal Neurons.	Investigative ophthalmology & visual science	2026 May	epmc,eutils	GOOD	1	0	1	0	0	0	C1+存储题名与题录 rt 全等/前缀	2025+	1
F4	vk_index	R4_index	retina-development.md:19			41562588	year=2026 species=[other]	cxcl18b -defined transitional state-specific nitric oxide drives injury-induced Müller glia cell-cycle re-entry in the zebrafish retina	eLife	cxcl18b-defined transitional state-specific nitric oxide drives injury-induced Müller glia cell-cycle re-entry in the zebrafish retina.	eLife	2026 Jan	epmc,eutils	GOOD	1	0	1	0	0	0	C1+存储题名与题录 rt 全等/前缀	2025+	1
F4	vk_index	R4_index	vascular.md:68			41182027	year=2025 species=[human]	Dipeptidyl Peptidase 4, a Novel Adipokine, Impairs Retinal Microcirculation in Patients With Type 2 Diabetes Mellitus.	Investigative ophthalmology & visual science	Dipeptidyl Peptidase 4, a Novel Adipokine, Impairs Retinal Microcirculation in Patients With Type 2 Diabetes Mellitus.	Investigative ophthalmology & visual science	2025 Nov	epmc,eutils	GOOD	1	0	1	0	0	0	C1+存储题名与题录 rt 全等/前缀	2025+	1
F4	vk_index	R4_index	INDEX.md:103			42193986	year=2026 species=[human]	Prominin-1 and Retinal Degenerative Disorders: Expanding the Biology from Photoreceptors to the Retinal Pigment Epithelium.	Biomolecules	Prominin-1 and Retinal Degenerative Disorders: Expanding the Biology from Photoreceptors to the Retinal Pigment Epithelium.	Biomolecules	2026 Apr	epmc,eutils	GOOD	1	0	1	0	0	0	C1+存储题名与题录 rt 全等/前缀	2025+	1
F4	vk_index	R4_index	methods-scrna.md:120			41266494	year=2025 species=[mouse]	Afferent input differentially regulates establishment and maintenance of synapses in the mammalian retina.	Scientific reports	Afferent input differentially regulates establishment and maintenance of synapses in the mammalian retina.	Scientific reports	2025 Nov	epmc,eutils	GOOD	1	0	1	0	0	0	C1+存储题名与题录 rt 全等/前缀	2025+	1
F4	vk_index	R4_index	models.md:84			42100001	year=2026 species=[human]	Injectable alginate hydrogels improve the effects of subretinal hiPSC-derived RPE cell therapy on retinal degeneration in rats.	Materials today. Bio	Injectable alginate hydrogels improve the effects of subretinal hiPSC-derived RPE cell therapy on retinal degeneration in rats.	Materials today. Bio	2026 Jun	epmc,eutils	GOOD	1	0	1	0	0	0	C1+存储题名与题录 rt 全等/前缀	2025+	1
F4	vk_index	R4_index	tissue-RPE.md:29			41631752	year=2026 species=[human]	CR2-fH, A Targeted Inhibitor of Alternative Complement Pathway Reduces Dry AMD-Like Phenotype in AMD Patient iPSC-derived RPE Cells.	Investigative ophthalmology & visual science	CR2-fH, A Targeted Inhibitor of Alternative Complement Pathway Reduces Dry AMD-Like Phenotype in AMD Patient iPSC-derived RPE Cells.	Investigative ophthalmology & visual science	2026 Feb	epmc,eutils	GOOD	1	0	1	0	0	0	C1+存储题名与题录 rt 全等/前缀	2025+	1
F4	vk_index	R4_index	models.md:17			41102017	year=2026 species=[human]	DIO3 coordinates photoreceptor development timing and fate stability in human retinal organoids.	Genes & development	DIO3 coordinates photoreceptor development timing and fate stability in human retinal organoids.	Genes & development	2026 Jan	epmc,eutils	GOOD	1	0	1	0	1	0	C1+存储题名与题录 rt 全等/前缀	2025+	1
F4	vk_index	R4_index	glaucoma.md:68			41339603	year=2025 species=[mouse]	Nox3 expression and function in retinal ganglion cells and Amacrine cells.	Cellular and molecular life sciences : CMLS	Nox3 expression and function in retinal ganglion cells and Amacrine cells.	Cellular and molecular life sciences : CMLS	2025 Dec	epmc,eutils	GOOD	1	0	1	0	0	0	C1+存储题名与题录 rt 全等/前缀	2025+	1
F4	vk_index	R4_index	photoreceptor.md:28			41728092	year=2026 species=[mouse]	IL1A enhances TNF-induced retinal ganglion cell death.	Frontiers in aging neuroscience	IL1A enhances TNF-induced retinal ganglion cell death.	Frontiers in aging neuroscience	2026	epmc,eutils	GOOD	1	0	1	0	0	0	C1+存储题名与题录 rt 全等/前缀	2025+	1
F4	vk_index	R4_index	glial-microglia.md:47			40025497	year=2025 species=[both]	cGAMP promotes inner blood-retinal barrier breakdown through P2RX7-mediated transportation into microglia.	Journal of neuroinflammation	cGAMP promotes inner blood-retinal barrier breakdown through P2RX7-mediated transportation into microglia.	Journal of neuroinflammation	2025 Mar	epmc,eutils	GOOD	1	0	1	0	0	0	C1+存储题名与题录 rt 全等/前缀	2025+	1
F4	vk_index	R4_index	tissue-lens.md:75			41299222	year=2025 species=[mouse]	Loss of alpha-kinase 1 contributes to the formation of congenital cataracts in mice.	Cellular & molecular biology letters	Loss of alpha-kinase 1 contributes to the formation of congenital cataracts in mice.	Cellular & molecular biology letters	2025 Nov	epmc,eutils	GOOD	1	0	1	0	0	0	C1+存储题名与题录 rt 全等/前缀	2025+	1
F4	vk_index	R4_index	dr-diabetic-retinopathy.md:39			41354925	year=2025 species=[human]	Advances in nanomedicine-based retinal drug delivery: mechanisms and translational applications.	Journal of nanobiotechnology	Advances in nanomedicine-based retinal drug delivery: mechanisms and translational applications.	Journal of nanobiotechnology	2025 Dec	epmc,eutils	GOOD	1	0	1	0	0	0	C1+存储题名与题录 rt 全等/前缀	2025+	1
F4	vk_index	R4_index	methods-scrna.md:70			39863929	year=2025 species=[both]	Pharmacological blocking of microfibrillar-associated protein 4 reduces retinal neoangiogenesis and vascular leakage.	Molecular therapy : the journal of the American Society of Gene Therapy	Pharmacological blocking of microfibrillar-associated protein 4 reduces retinal neoangiogenesis and vascular leakage.	Molecular therapy : the journal of the American Society of Gene Therapy	2025 Mar	epmc,eutils	GOOD	1	0	1	0	0	0	C1+存储题名与题录 rt 全等/前缀	2025+	1
F4	vk_index	R4_index	methods-scrna.md:17			41389328	year=2026 species=[mouse]	Protocol for retinal stress culture and single-cell analysis.	STAR protocols	Protocol for retinal stress culture and single-cell analysis.	STAR protocols	2026 Mar	epmc,eutils	GOOD	1	0	1	0	0	0	C1+存储题名与题录 rt 全等/前缀	2025+	1
F4	vk_index	R4_index	tissue-cornea.md:70			40854928	year=2025 species=[human]	Investigating the role of molecular coating in human corneal endothelial cell primary culture using artificial intelligence-driven image analysis.	Scientific reports	Investigating the role of molecular coating in human corneal endothelial cell primary culture using artificial intelligence-driven image analysis.	Scientific reports	2025 Aug	epmc,eutils	GOOD	1	0	1	0	1	0	C1+存储题名与题录 rt 全等/前缀	2025+	1
F4	vk_index	R4_index	INDEX.md:831			39804630	year=2025 species=[both]	A Comprehensive Analysis of Sex-Biased Gene Expression in the Aging Human Retina Through a Combination of Single-Cell and Bulk RNA Sequencing.	Investigative ophthalmology & visual science	A Comprehensive Analysis of Sex-Biased Gene Expression in the Aging Human Retina Through a Combination of Single-Cell and Bulk RNA Sequencing.	Investigative ophthalmology & visual science	2025 Jan	epmc,eutils	GOOD	1	0	1	0	0	0	C1+存储题名与题录 rt 全等/前缀	2025+	1
F4	vk_index	R4_index	photoreceptor.md:58			41916968	year=2026 species=[both]	Store-operated calcium entry drives alcohol-exacerbated neuroinflammation in retinal degeneration.	Cell death discovery	Store-operated calcium entry drives alcohol-exacerbated neuroinflammation in retinal degeneration.	Cell death discovery	2026 Mar	epmc,eutils	GOOD	1	0	1	0	0	0	C1+存储题名与题录 rt 全等/前缀	2025+	1
F4	vk_index	R4_index	INDEX.md:766			39946136	year=2025 species=[both]	Targeting Runx1 in Pathological Retinal Angiogenesis: A Potential Therapeutic Approach.	Investigative ophthalmology & visual science	Targeting Runx1 in Pathological Retinal Angiogenesis: A Potential Therapeutic Approach.	Investigative ophthalmology & visual science	2025 Feb	epmc,eutils	GOOD	1	0	1	0	0	0	C1+存储题名与题录 rt 全等/前缀	2025+	1
F4	vk_index	R4_index	metabolism.md:33			42067699	year=2026 species=[human]	Insulin production in the retina drives autocrine signalling and metabolism reprogramming of the ARPE-19, a retinal pigment epithelium cellular model.	Cellular and molecular life sciences : CMLS	Insulin production in the retina drives autocrine signalling and metabolism reprogramming of the ARPE-19, a retinal pigment epithelium cellular model.	Cellular and molecular life sciences : CMLS	2026 May	epmc,eutils	GOOD	1	0	1	0	0	0	C1+存储题名与题录 rt 全等/前缀	2025+	1
F4	vk_index	R4_index	retina-development.md:87			41342897	year=2025 species=[mouse]	Ptbp1 is not required for retinal neurogenesis and cell fate specification.	eLife	Ptbp1 is not required for retinal neurogenesis and cell fate specification.	eLife	2025 Dec	epmc,eutils	GOOD	1	0	1	0	0	0	C1+存储题名与题录 rt 全等/前缀	2025+	1
F4	vk_index	R4_index	tissue-cornea.md:87			39859409	year=2025 species=[human]	Biomedical Application of MSCs in Corneal Regeneration and Repair.	International journal of molecular sciences	Biomedical Application of MSCs in Corneal Regeneration and Repair.	International journal of molecular sciences	2025 Jan	epmc,eutils	GOOD	1	0	1	0	0	0	C1+存储题名与题录 rt 全等/前缀	2025+	1
F4	vk_index	R4_index	methods-scrna.md:55			39665817	year=2026 species=[human]	Innovative gene delivery systems for retinal disease therapy.	Neural regeneration research	Innovative gene delivery systems for retinal disease therapy.	Neural regeneration research	2026 Feb	epmc,eutils	GOOD	1	0	1	0	0	0	C1+存储题名与题录 rt 全等/前缀	2025+	1
F4	vk_index	R4_index	INDEX.md:217			41927968	year=2026 species=[both]	The 5-HT1A receptor antagonist WAY-100635 maleate promotes retinal ganglion cell differentiation and protects the retino-visual circuits.	Communications medicine	The 5-HT1A receptor antagonist WAY-100635 maleate promotes retinal ganglion cell differentiation and protects the retino-visual circuits.	Communications medicine	2026 Apr	epmc,eutils	GOOD	1	0	1	0	0	0	C1+存储题名与题录 rt 全等/前缀	2025+	1
F4	vk_index	R4_index	tissue-RPE.md:81			40710374	year=2025 species=[human]	Prolyl Hydroxylase Inhibitor-Mediated HIF Activation Drives Transcriptional Reprogramming in Retinal Pigment Epithelium: Relevance to Chronic Kidney Disease.	Cells	Prolyl Hydroxylase Inhibitor-Mediated HIF Activation Drives Transcriptional Reprogramming in Retinal Pigment Epithelium: Relevance to Chronic Kidney Disease.	Cells	2025 Jul	epmc,eutils	GOOD	1	0	1	0	0	0	C1+存储题名与题录 rt 全等/前缀	2025+	1
F4	vk_index	R4_index	INDEX.md:102			41514281	year=2026 species=[human]	Safety and neuroprotective efficacy of the VCP inhibitor ML240 in large-animal and human retinal explants: a preclinical ex vivo study.	BMC medicine	Safety and neuroprotective efficacy of the VCP inhibitor ML240 in large-animal and human retinal explants: a preclinical ex vivo study.	BMC medicine	2026 Jan	epmc,eutils	GOOD	1	0	1	0	1	0	C1+存储题名与题录 rt 全等/前缀	2025+	1
F4	vk_index	R4_index	tissue-conjunctiva.md:43			39819490	year=2025 species=[human]	Atypical conjunctival sporotrichosis secondary to Mooren's ulcer: a case report.	BMC infectious diseases	Atypical conjunctival sporotrichosis secondary to Mooren's ulcer: a case report.	BMC infectious diseases	2025 Jan	epmc,eutils	GOOD	1	0	1	0	0	0	C1+存储题名与题录 rt 全等/前缀	2025+	1
F4	vk_index	R4_index	tissue-choroid.md:28			41805150	year=2026 species=[human]	Choroidal Vascular Findings in a Case of Multifocal Geographic Atrophy: A Clinicopathologic Correlation.	Investigative ophthalmology & visual science	Choroidal Vascular Findings in a Case of Multifocal Geographic Atrophy: A Clinicopathologic Correlation.	Investigative ophthalmology & visual science	2026 Mar	epmc,eutils	GOOD	1	0	1	0	0	0	C1+存储题名与题录 rt 全等/前缀	2025+	1
F4	vk_index	R4_index	INDEX.md:239			40723297	year=2025 species=[unknown]	Pericytes as Key Players in Retinal Diseases: A Comprehensive Narrative Review.	Biology	Pericytes as Key Players in Retinal Diseases: A Comprehensive Narrative Review.	Biology	2025 Jun	epmc,eutils	GOOD	1	0	1	0	0	0	C1+存储题名与题录 rt 全等/前缀	2025+	1
F4	vk_index	R4_index	INDEX.md:730			41301488	year=2025 species=[human]	Local Insulin for Local Needs? Insights into Retinal Insulin Signaling and RPE Metabolism.	Biomolecules	Local Insulin for Local Needs? Insights into Retinal Insulin Signaling and RPE Metabolism.	Biomolecules	2025 Nov	epmc,eutils	GOOD	1	0	1	0	0	0	C1+存储题名与题录 rt 全等/前缀	2025+	1
F4	vk_index	R4_index	INDEX.md:583			41691075	year=2026 species=[other]	Müller glial and microglial responses coupled to recovery of cone photoreceptors following limited cone ablation in zebrafish retina.	Scientific reports	Müller glial and microglial responses coupled to recovery of cone photoreceptors following limited cone ablation in zebrafish retina.	Scientific reports	2026 Feb	epmc,eutils	GOOD	1	0	1	0	0	0	C1+存储题名与题录 rt 全等/前缀	2025+	1
F4	vk_index	R4_index	photoreceptor.md:70			40082403	year=2025 species=[both]	PNPLA6 regulates retinal homeostasis by choline through phospholipid turnover.	Nature communications	PNPLA6 regulates retinal homeostasis by choline through phospholipid turnover.	Nature communications	2025 Mar	epmc,eutils	GOOD	1	0	1	0	0	0	C1+存储题名与题录 rt 全等/前缀	2025+	1
F4	vk_index	R4_index	INDEX.md:524			39816683	year=2025 species=[human]	Light-eye-body axis: exploring the network from retinal illumination to systemic regulation.	Theranostics	Light-eye-body axis: exploring the network from retinal illumination to systemic regulation.	Theranostics	2025	epmc,eutils	GOOD	1	0	1	0	0	0	C1+存储题名与题录 rt 全等/前缀	2025+	1
F4	vk_index	R4_index	tissue-trabecular_meshwork.md:53			40859875	year=2025 species=[human]	Vasoactive intestinal peptide reduces ocular hypertension by regulating tight junction of trabecular meshwork through Rab13/PKA signalling complex.	Annals of medicine	Vasoactive intestinal peptide reduces ocular hypertension by regulating tight junction of trabecular meshwork through Rab13/PKA signalling complex.	Annals of medicine	2025 Dec	epmc,eutils	GOOD	1	0	1	0	0	0	C1+存储题名与题录 rt 全等/前缀	2025+	1
F4	vk_index	R4_index	amd.md:35			39985055	year=2025 species=[both]	Gain of 20q11.21 in human pluripotent stem cells enhances differentiation to retinal pigment epithelium.	Stem cell research & therapy	Gain of 20q11.21 in human pluripotent stem cells enhances differentiation to retinal pigment epithelium.	Stem cell research & therapy	2025 Feb	epmc,eutils	GOOD	1	0	1	0	0	0	C1+存储题名与题录 rt 全等/前缀	2025+	1
F4	vk_index	R4_index	INDEX.md:281			41916968	year=2026 species=[both]	Store-operated calcium entry drives alcohol-exacerbated neuroinflammation in retinal degeneration.	Cell death discovery	Store-operated calcium entry drives alcohol-exacerbated neuroinflammation in retinal degeneration.	Cell death discovery	2026 Mar	epmc,eutils	GOOD	1	0	1	0	0	0	C1+存储题名与题录 rt 全等/前缀	2025+	1
F4	vk_index	R4_index	INDEX.md:445			41851144	year=2026 species=[both]	Bst2-targeted senotherapy restores visual function by eliminating senescent retinal cells.	Nature communications	Bst2-targeted senotherapy restores visual function by eliminating senescent retinal cells.	Nature communications	2026 Mar	epmc,eutils	GOOD	1	0	1	0	0	0	C1+存储题名与题录 rt 全等/前缀	2025+	1
F4	vk_index	R4_index	photoreceptor.md:139			40365019	year=2025 species=[human]	Dominant &lt;i&gt;RDH12&lt;/i&gt;-retinitis pigmentosa impairs photoreceptor development and implicates cone involvement in retinal organoids.	Frontiers in cell and developmental biology	Dominant RDH12-retinitis pigmentosa impairs photoreceptor development and implicates cone involvement in retinal organoids.	Frontiers in cell and developmental biology	2025	epmc,eutils	GOOD	1	0	1	0	0	0	C1+存储题名与题录 rt 全等/前缀	2025+	1
F4	vk_index	R4_index	INDEX.md:53			42096223	year=2026 species=[mouse]	The Transcription Factor 12 of Basic Helix-Loop-Helix Plays an Essential Role in Retinal Health.	Investigative ophthalmology & visual science	The Transcription Factor 12 of Basic Helix-Loop-Helix Plays an Essential Role in Retinal Health.	Investigative ophthalmology & visual science	2026 May	epmc,eutils	GOOD	1	0	1	0	0	0	C1+存储题名与题录 rt 全等/前缀	2025+	1
F4	vk_index	R4_index	photoreceptor.md:29			41593663	year=2026 species=[mouse]	Microglial phagocytosis of bipolar cells triggers inner retinal degeneration in  Rs1 -KO mice	Cell communication and signaling : CCS	Microglial phagocytosis of bipolar cells triggers inner retinal degeneration in Rs1-KO mice.	Cell communication and signaling : CCS	2026 Jan	epmc,eutils	GOOD	1	0	1	0	0	0	C1+存储题名与题录 rt 全等/前缀	2025+	1
F4	vk_index	R4_index	tissue-ciliary_body.md:58			40188187	year=2025 species=[both]	A differential requirement for ciliary transition zone proteins in human and mouse neural progenitor fate specification.	Nature communications	A differential requirement for ciliary transition zone proteins in human and mouse neural progenitor fate specification.	Nature communications	2025 Apr	epmc,eutils	GOOD	1	0	0	0	0	0	C1+存储题名与题录 rt 全等/前缀	2025+	1
F4	vk_index	R4_index	models.md:283			41361454	year=2025 species=[mouse]	Hyperglycemia impairs microglia responding to retinal vasculopathy via enhanced norepinephrine-ADRB2 signaling.	Journal of neuroinflammation	Hyperglycemia impairs microglia responding to retinal vasculopathy via enhanced norepinephrine-ADRB2 signaling.	Journal of neuroinflammation	2025 Dec	epmc,eutils	GOOD	1	0	1	0	0	0	C1+存储题名与题录 rt 全等/前缀	2025+	1
F4	vk_index	R4_index	models.md:150			40233131	year=2025 species=[both]	Myelin regulatory factor (MYRF) is a critical early regulator of retinal pigment epithelial development.	PLoS genetics	Myelin regulatory factor (MYRF) is a critical early regulator of retinal pigment epithelial development.	PLoS genetics	2025 Apr	epmc,eutils	GOOD	1	0	1	0	0	0	C1+存储题名与题录 rt 全等/前缀	2025+	1
F4	vk_index	R4_index	tissue-RPE.md:66			40728360	year=2025 species=[human]	Complement C3 Activation in the Human Retinal Pigment Epithelium.	Investigative ophthalmology & visual science	Complement C3 Activation in the Human Retinal Pigment Epithelium.	Investigative ophthalmology & visual science	2025 Jul	epmc,eutils	GOOD	1	0	1	0	1	0	C1+存储题名与题录 rt 全等/前缀	2025+	1
F4	vk_index	R4_index	tissue-cornea.md:30			42217275	year=2026 species=[human]	Iron overload triggers pathological remodeling of corneal stroma through ferroptosis and senescence-associated secretory phenotype in keratoconus.	Redox biology	Iron overload triggers pathological remodeling of corneal stroma through ferroptosis and senescence-associated secretory phenotype in keratoconus.	Redox biology	2026 Jul	epmc,eutils	GOOD	1	0	1	0	0	0	C1+存储题名与题录 rt 全等/前缀	2025+	1
F4	vk_index	R4_index	models.md:229			41467179	year=2025 species=[human]	Efficient derivation of hiPSC-derived photoreceptor precursor cells and their neuroprotective effects in retinal degeneration.	iScience	Efficient derivation of hiPSC-derived photoreceptor precursor cells and their neuroprotective effects in retinal degeneration.	iScience	2025 Dec	epmc,eutils	GOOD	1	0	1	0	0	0	C1+存储题名与题录 rt 全等/前缀	2025+	1
F4	vk_index	R4_index	photoreceptor.md:131			39861733	year=2025 species=[human]	Neuroprotective Effect of Melatonin Loaded in Human Serum Albumin Nanoparticles Applied Subconjunctivally in a Retinal Degeneration Animal Model.	Pharmaceutics	Neuroprotective Effect of Melatonin Loaded in Human Serum Albumin Nanoparticles Applied Subconjunctivally in a Retinal Degeneration Animal Model.	Pharmaceutics	2025 Jan	epmc,eutils	GOOD	1	0	1	0	1	0	C1+存储题名与题录 rt 全等/前缀	2025+	1
F4	vk_index	R4_index	models.md:29			41632798	year=2026 species=[human]	Rare heterozygous missense variants in  VSX2  are associated with retinal detachment	PLoS genetics	Rare heterozygous missense variants in VSX2 are associated with retinal detachment.	PLoS genetics	2026 Feb	epmc,eutils	GOOD	1	0	1	0	0	0	C1+存储题名与题录 rt 全等/前缀	2025+	1
F4	vk_index	R4_index	methods-scrna.md:79			40266594	year=2025 species=[other]	Microglia-Derived IL-6 Promotes Müller Glia Reprogramming and Proliferation in Zebrafish Retina Regeneration.	Investigative ophthalmology & visual science	Microglia-Derived IL-6 Promotes Müller Glia Reprogramming and Proliferation in Zebrafish Retina Regeneration.	Investigative ophthalmology & visual science	2025 Apr	epmc,eutils	GOOD	1	0	1	0	0	0	C1+存储题名与题录 rt 全等/前缀	2025+	1
F4	vk_index	R4_index	INDEX.md:759			41644615	year=2026 species=[human]	Changes in retinal oxygen saturation before and after femtosecond LASIK in adult myopic individuals with anisometropia.	Scientific reports	Changes in retinal oxygen saturation before and after femtosecond LASIK in adult myopic individuals with anisometropia.	Scientific reports	2026 Feb	epmc,eutils	GOOD	1	0	1	0	0	0	C1+存储题名与题录 rt 全等/前缀	2025+	1
F4	vk_index	R4_index	INDEX.md:223			41746124	year=2026 species=[human]	Photodisruption of the Inner Limiting Membrane Promotes Retinal Engraftment of Stem-Cell Derived Retinal Ganglion Cells.	Investigative ophthalmology & visual science	Photodisruption of the Inner Limiting Membrane Promotes Retinal Engraftment of Stem-Cell Derived Retinal Ganglion Cells.	Investigative ophthalmology & visual science	2026 Feb	epmc,eutils	GOOD	1	0	1	0	0	0	C1+存储题名与题录 rt 全等/前缀	2025+	1
F4	vk_index	R4_index	models.md:116			39823300	year=2025 species=[both]	Stimulating the regenerative capacity of the human retina with proneural transcription factors in 3D cultures.	Proceedings of the National Academy of Sciences of the United States of America	Stimulating the regenerative capacity of the human retina with proneural transcription factors in 3D cultures.	Proceedings of the National Academy of Sciences of the United States of America	2025 Jan	epmc,eutils	GOOD	1	0	1	0	0	0	C1+存储题名与题录 rt 全等/前缀	2025+	1
F4	vk_index	R4_index	tissue-RPE.md:79			40598610	year=2025 species=[human]	Low-level red light inhibits human retinal pigment epithelial cell fibrosis via UBE2C in a myopia-simulating hypoxic microenvironment.	European journal of medical research	Low-level red light inhibits human retinal pigment epithelial cell fibrosis via UBE2C in a myopia-simulating hypoxic microenvironment.	European journal of medical research	2025 Jul	epmc,eutils	GOOD	1	0	1	0	1	0	C1+存储题名与题录 rt 全等/前缀	2025+	1
F4	vk_index	R4_index	INDEX.md:67			41655020	year=2026 species=[both]	AAV NRF2 gene therapy preserves retinal structure and function in rodent models of oxidative damage.	Molecular therapy : the journal of the American Society of Gene Therapy	AAV NRF2 gene therapy preserves retinal structure and function in rodent models of oxidative damage.	Molecular therapy : the journal of the American Society of Gene Therapy	2026 Jun	epmc,eutils	GOOD	1	0	1	0	0	0	C1+存储题名与题录 rt 全等/前缀	2025+	1
F4	vk_index	R4_index	tissue-lens.md:23			42323614	year=2026 species=[both]	A three-pronged strategy with minimalist nattokinase nanocomposite eye drops breaks the vicious cycle in ultraviolet-B-induced cataract.	Journal of nanobiotechnology	A three-pronged strategy with minimalist nattokinase nanocomposite eye drops breaks the vicious cycle in ultraviolet-B-induced cataract.	Journal of nanobiotechnology	2026 Jun	epmc,eutils	GOOD	1	0	1	0	0	0	C1+存储题名与题录 rt 全等/前缀	2025+	1
F4	vk_index	R4_index	glaucoma.md:47			39908128	year=2025 species=[mouse]	Expression of Osteopontin in M2 and M4 Intrinsically Photosensitive Retinal Ganglion Cells in the Mouse Retina.	Investigative ophthalmology & visual science	Expression of Osteopontin in M2 and M4 Intrinsically Photosensitive Retinal Ganglion Cells in the Mouse Retina.	Investigative ophthalmology & visual science	2025 Feb	epmc,eutils	GOOD	1	0	1	0	1	0	C1+存储题名与题录 rt 全等/前缀	2025+	1
F4	vk_index	R4_index	INDEX.md:79			40308558	year=2025 species=[other]	Analysis of the senescence secretome during zebrafish retina regeneration.	Frontiers in aging	Analysis of the senescence secretome during zebrafish retina regeneration.	Frontiers in aging	2025	epmc,eutils	GOOD	1	0	1	0	0	0	C1+存储题名与题录 rt 全等/前缀	2025+	1
F4	vk_index	R4_index	aging.md:34			42100001	year=2026 species=[human]	Injectable alginate hydrogels improve the effects of subretinal hiPSC-derived RPE cell therapy on retinal degeneration in rats.	Materials today. Bio	Injectable alginate hydrogels improve the effects of subretinal hiPSC-derived RPE cell therapy on retinal degeneration in rats.	Materials today. Bio	2026 Jun	epmc,eutils	GOOD	1	0	1	0	0	0	C1+存储题名与题录 rt 全等/前缀	2025+	1
F4	vk_index	R4_index	models.md:305			40217267	year=2025 species=[both]	Moss-derived human complement factor H modulates retinal immune response and attenuates retinal degeneration.	Journal of neuroinflammation	Moss-derived human complement factor H modulates retinal immune response and attenuates retinal degeneration.	Journal of neuroinflammation	2025 Apr	epmc,eutils	GOOD	1	0	1	0	0	0	C1+存储题名与题录 rt 全等/前缀	2025+	1
F4	vk_index	R4_index	INDEX.md:400			40706588	year=2025 species=[human]	Recreating pathophysiology of CLN2 disease and demonstrating reversion by TPP1 gene therapy in hiPSC-derived retinal organoids and retina-on-chip.	Cell reports. Medicine	Recreating pathophysiology of CLN2 disease and demonstrating reversion by TPP1 gene therapy in hiPSC-derived retinal organoids and retina-on-chip.	Cell reports. Medicine	2025 Aug	epmc,eutils	GOOD	1	0	1	0	0	0	C1+存储题名与题录 rt 全等/前缀	2025+	1
F4	vk_index	R4_index	glial-microglia.md:29			41866494	year=2026 species=[human]	Advances in retinal pigment epithelium transplantation for age-related macular degeneration: bridging biology to therapeutic frontiers.	Stem cell research & therapy	Advances in retinal pigment epithelium transplantation for age-related macular degeneration: bridging biology to therapeutic frontiers.	Stem cell research & therapy	2026 Mar	epmc,eutils	GOOD	1	0	1	0	0	0	C1+存储题名与题录 rt 全等/前缀	2025+	1
F4	vk_index	R4_index	INDEX.md:694			41866494	year=2026 species=[human]	Advances in retinal pigment epithelium transplantation for age-related macular degeneration: bridging biology to therapeutic frontiers.	Stem cell research & therapy	Advances in retinal pigment epithelium transplantation for age-related macular degeneration: bridging biology to therapeutic frontiers.	Stem cell research & therapy	2026 Mar	epmc,eutils	GOOD	1	0	1	0	0	0	C1+存储题名与题录 rt 全等/前缀	2025+	1
F4	vk_index	R4_index	visual-function.md:98			41480395	year=2025 species=[human]	Novel developments in retinal regeneration: Advances and future outlooks in stem cell therapy.	World journal of stem cells	Novel developments in retinal regeneration: Advances and future outlooks in stem cell therapy.	World journal of stem cells	2025 Dec	epmc,eutils	GOOD	1	0	1	0	0	0	C1+存储题名与题录 rt 全等/前缀	2025+	1
F4	vk_index	R4_index	models.md:39			41618348	year=2026 species=[both]	Systematic discovery of retina-enriched Rik genes identifies 1190005I06Rik as a novel modulator of visual signalling.	Journal of translational medicine	Systematic discovery of retina-enriched Rik genes identifies 1190005I06Rik as a novel modulator of visual signalling.	Journal of translational medicine	2026 Jan	epmc,eutils	GOOD	1	0	1	0	0	0	C1+存储题名与题录 rt 全等/前缀	2025+	1
F4	vk_index	R4_index	retina-development.md:121			40742403	year=2025 species=[mouse]	Protocadherin γC4 Promotes Neuronal Survival in the Mouse Retina Through Its Variable Cytoplasmic Domain.	Molecular neurobiology	Protocadherin γC4 Promotes Neuronal Survival in the Mouse Retina Through Its Variable Cytoplasmic Domain.	Molecular neurobiology	2025 Dec	epmc,eutils	GOOD	1	0	1	0	1	0	C1+存储题名与题录 rt 全等/前缀	2025+	1
F4	vk_index	R4_index	tissue-cornea.md:81			39935895	year=2025 species=[human]	Photochemical corneal cross-linking: Evaluating the potential of a hand-held biopen.	Materials today. Bio	Photochemical corneal cross-linking: Evaluating the potential of a hand-held biopen.	Materials today. Bio	2025 Apr	epmc,eutils	GOOD	1	0	1	0	0	0	C1+存储题名与题录 rt 全等/前缀	2025+	1
F4	vk_index	R4_index	inherited-disease.md:109			41373691	year=2025 species=[mouse]	Prominin-1 Regulates Retinal Pigment Epithelium Homeostasis: Transcriptomic Insights into Degenerative Mechanisms.	International journal of molecular sciences	Prominin-1 Regulates Retinal Pigment Epithelium Homeostasis: Transcriptomic Insights into Degenerative Mechanisms.	International journal of molecular sciences	2025 Nov	epmc,eutils	GOOD	1	0	1	0	0	0	C1+存储题名与题录 rt 全等/前缀	2025+	1
F4	vk_index	R4_index	INDEX.md:675			40054472	year=2025 species=[human]	Robust generation of photoreceptor-dominant retinal organoids from porcine induced pluripotent stem cells.	Stem cell reports	Robust generation of photoreceptor-dominant retinal organoids from porcine induced pluripotent stem cells.	Stem cell reports	2025 Apr	epmc,eutils	GOOD	1	0	1	0	0	0	C1+存储题名与题录 rt 全等/前缀	2025+	1
F4	vk_index	R4_index	INDEX.md:752			42149032	year=2026 species=[both]	Integrin β3 Promotes Retinal Neovascularization via Endoplasmic Reticulum Stress-Mediated Endothelial Cell Senescence.	Investigative ophthalmology & visual science	Integrin β3 Promotes Retinal Neovascularization via Endoplasmic Reticulum Stress-Mediated Endothelial Cell Senescence.	Investigative ophthalmology & visual science	2026 May	epmc,eutils	GOOD	1	0	1	0	0	0	C1+存储题名与题录 rt 全等/前缀	2025+	1
F4	vk_index	R4_index	visual-function.md:19			41513693	year=2026 species=[mouse]	Soluble guanylate cyclase deficiency drives retinal ganglion cell neurodegeneration with age in female mice through disrupted oxidative metabolism.	Scientific reports	Soluble guanylate cyclase deficiency drives retinal ganglion cell neurodegeneration with age in female mice through disrupted oxidative metabolism.	Scientific reports	2026 Jan	epmc,eutils	GOOD	1	0	1	0	0	0	C1+存储题名与题录 rt 全等/前缀	2025+	1
F4	vk_index	R4_index	inherited-disease.md:97			41019299	year=2025 species=[human]	Establishment of human Leber's hereditary optic neuropathy model using iPSC-derived retinal organoids.	Frontiers in cellular neuroscience	Establishment of human Leber's hereditary optic neuropathy model using iPSC-derived retinal organoids.	Frontiers in cellular neuroscience	2025	epmc,eutils	GOOD	1	0	1	0	1	0	C1+存储题名与题录 rt 全等/前缀	2025+	1
F4	vk_index	R4_index	INDEX.md:61			42053222	year=2026 species=[human]	Choriocapillaris Flow Deficits Are Spatially Linked to Retinal Pigment Epithelium and Photoreceptor Integrity in Geographic Atrophy.	Investigative ophthalmology & visual science	Choriocapillaris Flow Deficits Are Spatially Linked to Retinal Pigment Epithelium and Photoreceptor Integrity in Geographic Atrophy.	Investigative ophthalmology & visual science	2026 Apr	epmc,eutils	GOOD	1	0	1	0	0	0	C1+存储题名与题录 rt 全等/前缀	2025+	1
F4	vk_index	R4_index	tissue-RPE.md:39			42193986	year=2026 species=[human]	Prominin-1 and Retinal Degenerative Disorders: Expanding the Biology from Photoreceptors to the Retinal Pigment Epithelium.	Biomolecules	Prominin-1 and Retinal Degenerative Disorders: Expanding the Biology from Photoreceptors to the Retinal Pigment Epithelium.	Biomolecules	2026 Apr	epmc,eutils	GOOD	1	0	1	0	0	0	C1+存储题名与题录 rt 全等/前缀	2025+	1
F4	vk_index	R4_index	methods-scrna.md:29			41684508	year=2026 species=[human]	Interpretable Aging Signatures in Human Retinal Cell Types Revealed by Single-Cell RNA Sequencing and Sparse Logistic Regression.	Ophthalmology science	Interpretable Aging Signatures in Human Retinal Cell Types Revealed by Single-Cell RNA Sequencing and Sparse Logistic Regression.	Ophthalmology science	2026 Mar	epmc,eutils	GOOD	1	0	1	0	1	0	C1+存储题名与题录 rt 全等/前缀	2025+	1
F4	vk_index	R4_index	dr-diabetic-retinopathy.md:33			41011242	year=2025 species=[unknown]	Advances in Modeling the Inner Blood-Retinal Barrier: From Static Tissue Cell Cultures to Microphysiological Systems.	Pharmaceuticals (Basel, Switzerland)	Advances in Modeling the Inner Blood-Retinal Barrier: From Static Tissue Cell Cultures to Microphysiological Systems.	Pharmaceuticals (Basel, Switzerland)	2025 Sep	epmc,eutils	GOOD	1	0	1	0	0	0	C1+存储题名与题录 rt 全等/前缀	2025+	1
F4	vk_index	R4_index	INDEX.md:645			41791386	year=2026 species=[human]	Genomic characterization of sub-populations in human pluripotent stem cell-derived retinal progenitor cells driving retinal lamination.	Stem cell reports	Genomic characterization of sub-populations in human pluripotent stem cell-derived retinal progenitor cells driving retinal lamination.	Stem cell reports	2026 Apr	epmc,eutils	GOOD	1	0	1	0	1	0	C1+存储题名与题录 rt 全等/前缀	2025+	1
F4	vk_index	R4_index	models.md:58			42023031	year=2026 species=[unknown]	Vacuolar ATPase subunit Atp6v0c transgene promotes neuroprotection and long-distance axon regeneration in injured retinal ganglion neurons.	Molecular therapy. Nucleic acids	Vacuolar ATPase subunit Atp6v0c transgene promotes neuroprotection and long-distance axon regeneration in injured retinal ganglion neurons.	Molecular therapy. Nucleic acids	2026 Jun	epmc,eutils	GOOD	1	0	1	0	0	0	C1+存储题名与题录 rt 全等/前缀	2025+	1
F4	vk_index	R4_index	models.md:156			40434346	year=2025 species=[both]	Clofarabine Enhances the Transduction Efficiency of Recombinant AAV2 in the Retina.	Investigative ophthalmology & visual science	Clofarabine Enhances the Transduction Efficiency of Recombinant AAV2 in the Retina.	Investigative ophthalmology & visual science	2025 May	epmc,eutils	GOOD	1	0	1	0	0	0	C1+存储题名与题录 rt 全等/前缀	2025+	1
F4	vk_index	R4_index	dr-diabetic-retinopathy.md:42			41394857	year=2025 species=[human]	Breach and restoration of retinal immune privilege: barrier failure, innate dysregulation, and adaptive autoimmunity.	Frontiers in immunology	Breach and restoration of retinal immune privilege: barrier failure, innate dysregulation, and adaptive autoimmunity.	Frontiers in immunology	2025	epmc,eutils	GOOD	1	0	1	0	0	0	C1+存储题名与题录 rt 全等/前缀	2025+	1
F4	vk_index	R4_index	regeneration.md:50			41331083	year=2025 species=[mouse]	Overexpression of Meis factors in late-stage retinal progenitors yields complex effects on temporal patterning and neurogenesis.	Scientific reports	Overexpression of Meis factors in late-stage retinal progenitors yields complex effects on temporal patterning and neurogenesis.	Scientific reports	2025 Dec	epmc,eutils	GOOD	1	0	1	0	0	0	C1+存储题名与题录 rt 全等/前缀	2025+	1
F4	vk_index	R4_index	INDEX.md:775			40994539	year=2025 species=[human]	The role of microglia and complement C5/C5a in the pathogenesis of rhegmatogenous retinal detachment with choroidal detachment.	Computational and structural biotechnology journal	The role of microglia and complement C5/C5a in the pathogenesis of rhegmatogenous retinal detachment with choroidal detachment.	Computational and structural biotechnology journal	2025	epmc,eutils	GOOD	1	0	1	0	0	0	C1+存储题名与题录 rt 全等/前缀	2025+	1
F4	vk_index	R4_index	models.md:213			41266494	year=2025 species=[mouse]	Afferent input differentially regulates establishment and maintenance of synapses in the mammalian retina.	Scientific reports	Afferent input differentially regulates establishment and maintenance of synapses in the mammalian retina.	Scientific reports	2025 Nov	epmc,eutils	GOOD	1	0	1	0	0	0	C1+存储题名与题录 rt 全等/前缀	2025+	1
F4	vk_index	R4_index	tissue-lens.md:39			41596176	year=2026 species=[both]	Fullerenol Eye Drops Mitigate UVB-Induced Cataract Progression by Inhibiting Oxidative Stress and Cellular Senescence.	Antioxidants (Basel, Switzerland)	Fullerenol Eye Drops Mitigate UVB-Induced Cataract Progression by Inhibiting Oxidative Stress and Cellular Senescence.	Antioxidants (Basel, Switzerland)	2026 Jan	epmc,eutils	GOOD	1	0	1	0	0	0	C1+存储题名与题录 rt 全等/前缀	2025+	1
F4	vk_index	R4_index	tissue-lens.md:48			40229517	year=2025 species=[other]	Ameliorating effect of the aldose reductase inhibitor 1-Acetyl-5-phenyl-1 H-pyrrol-3-ylacetate on galactose-induced cataract.	Scientific reports	Ameliorating effect of the aldose reductase inhibitor 1-Acetyl-5-phenyl-1 H-pyrrol-3-ylacetate on galactose-induced cataract.	Scientific reports	2025 Apr	epmc,eutils	GOOD	1	0	1	0	0	0	C1+存储题名与题录 rt 全等/前缀	2025+	1
F4	vk_index	R4_index	tissue-lens.md:64			40238114	year=2025 species=[mouse]	Transcriptome Meta-Analysis Uncovers Cell-Specific Regulatory Relationships in Embryonic, Juvenile, Adult, and Aged Mouse Lens Epithelium and Fibers.	Investigative ophthalmology & visual science	Transcriptome Meta-Analysis Uncovers Cell-Specific Regulatory Relationships in Embryonic, Juvenile, Adult, and Aged Mouse Lens Epithelium and Fibers.	Investigative ophthalmology & visual science	2025 Apr	epmc,eutils	GOOD	1	0	1	0	1	0	C1+存储题名与题录 rt 全等/前缀	2025+	1
F4	vk_index	R4_index	models.md:254			40332496	year=2025 species=[human]	Long-Read Whole-Genome Sequencing as a Tool for Variant Detection in Inherited Retinal Dystrophies.	International journal of molecular sciences	Long-Read Whole-Genome Sequencing as a Tool for Variant Detection in Inherited Retinal Dystrophies.	International journal of molecular sciences	2025 Apr	epmc,eutils	GOOD	1	0	1	0	0	0	C1+存储题名与题录 rt 全等/前缀	2025+	1
F4	vk_index	R4_index	inherited-disease.md:56			40233131	year=2025 species=[both]	Myelin regulatory factor (MYRF) is a critical early regulator of retinal pigment epithelial development.	PLoS genetics	Myelin regulatory factor (MYRF) is a critical early regulator of retinal pigment epithelial development.	PLoS genetics	2025 Apr	epmc,eutils	GOOD	1	0	1	0	0	0	C1+存储题名与题录 rt 全等/前缀	2025+	1
F4	vk_index	R4_index	INDEX.md:447			42096223	year=2026 species=[mouse]	The Transcription Factor 12 of Basic Helix-Loop-Helix Plays an Essential Role in Retinal Health.	Investigative ophthalmology & visual science	The Transcription Factor 12 of Basic Helix-Loop-Helix Plays an Essential Role in Retinal Health.	Investigative ophthalmology & visual science	2026 May	epmc,eutils	GOOD	1	0	1	0	0	0	C1+存储题名与题录 rt 全等/前缀	2025+	1
F4	vk_index	R4_index	INDEX.md:313			41629618	year=2026 species=[mouse]	Identification and validation of a novel ferroptosis-related gene signature associated with inherited retinal degeneration in Rd10 mice.	Scientific reports	Identification and validation of a novel ferroptosis-related gene signature associated with inherited retinal degeneration in Rd10 mice.	Scientific reports	2026 Feb	epmc,eutils	GOOD	1	0	1	0	0	0	C1+存储题名与题录 rt 全等/前缀	2025+	1
F4	vk_index	R4_index	INDEX.md:282			39374262	year=2025 species=[mouse]	Chronic hyperglycemia alters retinal astrocyte microstructure and uptake of cholera toxin B in a murine model of diabetes.	Journal of neurochemistry	Chronic hyperglycemia alters retinal astrocyte microstructure and uptake of cholera toxin B in a murine model of diabetes.	Journal of neurochemistry	2025 Jan	epmc,eutils	GOOD	1	0	1	0	0	0	C1+存储题名与题录 rt 全等/前缀	2025+	1
F4	vk_index	R4_index	INDEX.md:464			39888634	year=2025 species=[both]	Inhibition of Retinal Neovascularization by BEZ235: Targeting the Akt/4EBP1/Cyclin D1 Pathway in Endothelial Cells.	Investigative ophthalmology & visual science	Inhibition of Retinal Neovascularization by BEZ235: Targeting the Akt/4EBP1/Cyclin D1 Pathway in Endothelial Cells.	Investigative ophthalmology & visual science	2025 Jan	epmc,eutils	GOOD	1	0	1	0	0	0	C1+存储题名与题录 rt 全等/前缀	2025+	1
F4	vk_index	R4_index	rpe.md:74			41480395	year=2025 species=[human]	Novel developments in retinal regeneration: Advances and future outlooks in stem cell therapy.	World journal of stem cells	Novel developments in retinal regeneration: Advances and future outlooks in stem cell therapy.	World journal of stem cells	2025 Dec	epmc,eutils	GOOD	1	0	1	0	0	0	C1+存储题名与题录 rt 全等/前缀	2025+	1
F4	vk_index	R4_index	photoreceptor.md:130			40002367	year=2025 species=[human]	Evidence for a Functional Link Between the Nrf2 Signalling Pathway and Cytoprotective Effect of S-Petasin in Human Retinal Pigment Epithelium Cells Exposed to Oxidative Stress.	Antioxidants (Basel, Switzerland)	Evidence for a Functional Link Between the Nrf2 Signalling Pathway and Cytoprotective Effect of S-Petasin in Human Retinal Pigment Epithelium Cells Exposed to Oxidative Stress.	Antioxidants (Basel, Switzerland)	2025 Feb	epmc,eutils	GOOD	1	0	1	0	1	0	C1+存储题名与题录 rt 全等/前缀	2025+	1
F4	vk_index	R4_index	tissue-sclera.md:38			40402520	year=2025 species=[human]	Distinct Transcriptomic Profiles of Cultured Anterior and Posterior Populations of Human Infant Scleral Fibroblasts: Including Dopamine Receptors.	Investigative ophthalmology & visual science	Distinct Transcriptomic Profiles of Cultured Anterior and Posterior Populations of Human Infant Scleral Fibroblasts: Including Dopamine Receptors.	Investigative ophthalmology & visual science	2025 May	epmc,eutils	GOOD	1	0	1	0	1	0	C1+存储题名与题录 rt 全等/前缀	2025+	1
F4	vk_index	R4_index	tissue-RPE.md:73			40943481	year=2025 species=[human]	Hormetic Effects of Curcumin in RPE Cells: SIRT1 and Caspase-3 Inactivation with Implications for AMD.	International journal of molecular sciences	Hormetic Effects of Curcumin in RPE Cells: SIRT1 and Caspase-3 Inactivation with Implications for AMD.	International journal of molecular sciences	2025 Sep	epmc,eutils	GOOD	1	0	1	0	0	0	C1+存储题名与题录 rt 全等/前缀	2025+	1
F4	vk_index	R4_index	retina-development.md:68			40715177	year=2025 species=[mouse]	In vivo efficacy of NRL knockdown with cell-penetrating siRNA in retinal degeneration.	Scientific reports	In vivo efficacy of NRL knockdown with cell-penetrating siRNA in retinal degeneration.	Scientific reports	2025 Jul	epmc,eutils	GOOD	1	0	1	0	0	0	C1+存储题名与题录 rt 全等/前缀	2025+	1
F4	vk_index	R4_index	INDEX.md:163			40868180	year=2025 species=[other]	AI-Enhanced Fluorescein Angiography Detection of Diabetes-Induced Silent Retinal Capillary Dropout and RNA-Seq Identification of Pre-Symptomatic Biomarkers.	Biomedicines	AI-Enhanced Fluorescein Angiography Detection of Diabetes-Induced Silent Retinal Capillary Dropout and RNA-Seq Identification of Pre-Symptomatic Biomarkers.	Biomedicines	2025 Aug	epmc,eutils	GOOD	1	0	1	0	0	0	C1+存储题名与题录 rt 全等/前缀	2025+	1
F4	vk_index	R4_index	visual-function.md:39			41644615	year=2026 species=[human]	Changes in retinal oxygen saturation before and after femtosecond LASIK in adult myopic individuals with anisometropia.	Scientific reports	Changes in retinal oxygen saturation before and after femtosecond LASIK in adult myopic individuals with anisometropia.	Scientific reports	2026 Feb	epmc,eutils	GOOD	1	0	1	0	0	0	C1+存储题名与题录 rt 全等/前缀	2025+	1
F4	vk_index	R4_index	INDEX.md:707			41017154	year=2026 species=[both]	A novel multiplex RNAi therapy simultaneously targets Hif1a and Hif2a to defy retinal degeneration in two models of AMD.	Molecular therapy : the journal of the American Society of Gene Therapy	A novel multiplex RNAi therapy simultaneously targets Hif1a and Hif2a to defy retinal degeneration in two models of AMD.	Molecular therapy : the journal of the American Society of Gene Therapy	2026 Jan	epmc,eutils	GOOD	1	0	1	0	0	0	C1+存储题名与题录 rt 全等/前缀	2025+	1
F4	vk_index	R4_index	INDEX.md:295			40264285	year=2025 species=[mouse]	Potassium-Dependent Coupling of Retinal Astrocyte Light Response to Müller Glia.	Glia	Potassium-Dependent Coupling of Retinal Astrocyte Light Response to Müller Glia.	Glia	2025 Jul	epmc,eutils	GOOD	1	0	1	0	0	0	C1+存储题名与题录 rt 全等/前缀	2025+	1
F4	vk_index	R4_index	INDEX.md:779			41104017	year=2025 species=[mouse]	Endothelial  Zmiz1  modulates developmental angiogenesis in the retina	Frontiers in cell and developmental biology	Endothelial Zmiz1 modulates developmental angiogenesis in the retina.	Frontiers in cell and developmental biology	2025	epmc,eutils	GOOD	1	0	1	0	0	0	C1+存储题名与题录 rt 全等/前缀	2025+	1
F4	vk_index	R4_index	tissue-sclera.md:29			41169617	year=2025 species=[mouse]	&lt;i&gt;N&lt;/i&gt;-Acetyltransferase 2 Inhibits Myopia by Maintaining Mitochondrial Metabolism in Scleral Fibroblasts.	Research (Washington, D.C.)	N-Acetyltransferase 2 Inhibits Myopia by Maintaining Mitochondrial Metabolism in Scleral Fibroblasts.	Research (Washington, D.C.)	2025	epmc,eutils	GOOD	1	0	1	0	0	0	C1+存储题名与题录 rt 全等/前缀	2025+	1
F4	vk_index	R4_index	INDEX.md:256			41693810	year=2026 species=[human]	Total RNA and MicroRNA Transcriptomic Responses of Human Retinal Müller Glial Cells to Infection with  Toxoplasma gondii  Tachyzoites	Ophthalmology science	Total RNA and MicroRNA Transcriptomic Responses of Human Retinal Müller Glial Cells to Infection with Toxoplasma gondii Tachyzoites.	Ophthalmology science	2026 Jan	epmc,eutils	GOOD	1	0	1	0	1	0	C1+存储题名与题录 rt 全等/前缀	2025+	1
F4	vk_index	R4_index	dr-diabetic-retinopathy.md:17			41789631	year=2026 species=[both]	Endothelial UNC5B regulates blood‑retinal barrier homeostasis.	International journal of molecular medicine	Endothelial UNC5B regulates blood‑retinal barrier homeostasis.	International journal of molecular medicine	2026 Apr	epmc,eutils	GOOD	1	0	1	0	0	0	C1+存储题名与题录 rt 全等/前缀	2025+	1
F4	vk_index	R4_index	models.md:289			40804358	year=2025 species=[mouse]	Impact of PEGylation and hyaluronan functionalization on lipoplex-mediated mRNA delivery to the canine retina.	Drug delivery	Impact of PEGylation and hyaluronan functionalization on lipoplex-mediated mRNA delivery to the canine retina.	Drug delivery	2025 Dec	epmc,eutils	GOOD	1	0	1	0	0	0	C1+存储题名与题录 rt 全等/前缀	2025+	1
F4	vk_index	R4_index	models.md:161			40499265	year=2025 species=[human]	Divergent redox responses of macular and peripheral Müller Glia: Implications for retinal vulnerability.	Redox biology	Divergent redox responses of macular and peripheral Müller Glia: Implications for retinal vulnerability.	Redox biology	2025 Sep	epmc,eutils	GOOD	1	0	1	0	0	0	C1+存储题名与题录 rt 全等/前缀	2025+	1
F4	vk_index	R4_index	photoreceptor.md:115			41376775	year=2025 species=[both]	Retinal organoids mirror CRISPR-Cas9 gene editing efficiency observed  in vivo	Molecular therapy. Methods & clinical development	Retinal organoids mirror CRISPR-Cas9 gene editing efficiency observed in vivo.	Molecular therapy. Methods & clinical development	2025 Dec	epmc,eutils	GOOD	1	0	1	0	0	0	C1+存储题名与题录 rt 全等/前缀	2025+	1
F4	vk_index	R4_index	INDEX.md:231			39823300	year=2025 species=[both]	Stimulating the regenerative capacity of the human retina with proneural transcription factors in 3D cultures.	Proceedings of the National Academy of Sciences of the United States of America	Stimulating the regenerative capacity of the human retina with proneural transcription factors in 3D cultures.	Proceedings of the National Academy of Sciences of the United States of America	2025 Jan	epmc,eutils	GOOD	1	0	1	0	0	0	C1+存储题名与题录 rt 全等/前缀	2025+	1
F4	vk_index	R4_index	tissue-lens.md:28			42149027	year=2026 species=[both]	The Human Lens Fiber Cytoskeletome Reveals Neuronal Signatures and the Presence of Chaperonins, Proteasome, Signaling, and Redox Regulators.	Investigative ophthalmology & visual science	The Human Lens Fiber Cytoskeletome Reveals Neuronal Signatures and the Presence of Chaperonins, Proteasome, Signaling, and Redox Regulators.	Investigative ophthalmology & visual science	2026 May	epmc,eutils	GOOD	1	0	1	0	0	0	C1+存储题名与题录 rt 全等/前缀	2025+	1
F4	vk_index	R4_index	tissue-choroid.md:48			41438708	year=2025 species=[mouse]	Sustained suppression of choroidal neovascularization by intraocularly stable tetrahedral network encapsulated miR-22-3p.	Materials today. Bio	Sustained suppression of choroidal neovascularization by intraocularly stable tetrahedral network encapsulated miR-22-3p.	Materials today. Bio	2025 Dec	epmc,eutils	GOOD	1	0	1	0	0	0	C1+存储题名与题录 rt 全等/前缀	2025+	1
F4	vk_index	R4_index	tissue-lens.md:43			40036306	year=2025 species=[both]	Exosomes containing miR-148a-3p derived from mesenchymal stem cells suppress epithelial-mesenchymal transition in lens epithelial cells.	Stem cells translational medicine	Exosomes containing miR-148a-3p derived from mesenchymal stem cells suppress epithelial-mesenchymal transition in lens epithelial cells.	Stem cells translational medicine	2025 Feb	epmc,eutils	GOOD	1	0	1	0	0	0	C1+存储题名与题录 rt 全等/前缀	2025+	1
F4	vk_index	R4_index	INDEX.md:807			41881262	year=2026 species=[mouse]	Age-dependent induction of ER stress in retinal pigment epithelium impairs phagocytosis  via  ADAM17-dependent MERTK shedding	The Journal of biological chemistry	Age-dependent induction of ER stress in retinal pigment epithelium impairs phagocytosis via ADAM17-dependent MERTK shedding.	The Journal of biological chemistry	2026 May	epmc,eutils	GOOD	1	0	1	0	0	0	C1+存储题名与题录 rt 全等/前缀	2025+	1
F4	vk_index	R4_index	tissue-ciliary_body.md:63			39824631	year=2025 species=[both]	NME7 maintains primary cilium assembly, ciliary microtubule stability, and Hedgehog signaling.	Life science alliance	NME7 maintains primary cilium assembly, ciliary microtubule stability, and Hedgehog signaling.	Life science alliance	2025 Apr	epmc,eutils	GOOD	1	0	0	0	0	0	C1+存储题名与题录 rt 全等/前缀	2025+	1
F4	vk_index	R4_index	INDEX.md:317			41731009	year=2026 species=[human]	PRPF8-associated retinitis pigmentosa variant induces human neural retina-autonomous photoreceptor defects.	Scientific reports	PRPF8-associated retinitis pigmentosa variant induces human neural retina-autonomous photoreceptor defects.	Scientific reports	2026 Feb	epmc,eutils	GOOD	1	0	1	0	1	0	C1+存储题名与题录 rt 全等/前缀	2025+	1
F4	vk_index	R4_index	INDEX.md:297			40655949	year=2025 species=[human]	Understanding amblyopia from the perspective of neurovascular units: changes in the retina and brain.	Frontiers in cell and developmental biology	Understanding amblyopia from the perspective of neurovascular units: changes in the retina and brain.	Frontiers in cell and developmental biology	2025	epmc,eutils	GOOD	1	0	1	0	0	0	C1+存储题名与题录 rt 全等/前缀	2025+	1
F4	vk_index	R4_index	inherited-disease.md:67			40722628	year=2025 species=[human]	Epigenetic Modifications in the Retinal Pigment Epithelium of the Eye During RPE-Related Regeneration or Retinal Diseases in Vertebrates.	Biomedicines	Epigenetic Modifications in the Retinal Pigment Epithelium of the Eye During RPE-Related Regeneration or Retinal Diseases in Vertebrates.	Biomedicines	2025 Jun	epmc,eutils	GOOD	1	0	1	0	0	0	C1+存储题名与题录 rt 全等/前缀	2025+	1
F4	vk_index	R4_index	photoreceptor.md:564			32116486	year=2019 species=[human]	A Robust Model System for Retinal Hypoxia: Live Imaging of Calcium Dynamics and Gene Expression Studies in Primary Human Mixed Retinal Culture.	Frontiers in neuroscience	A Robust Model System for Retinal Hypoxia: Live Imaging of Calcium Dynamics and Gene Expression Studies in Primary Human Mixed Retinal Culture.	Frontiers in neuroscience	2019	epmc,eutils	GOOD	1	0	1	0	1	0	C1+存储题名与题录 rt 全等/前缀	<2020	1
F4	vk_index	R4_index	tissue-lens.md:198			32038277	year=2019 species=[human]	Contribution of Connexin Hemichannels to the Decreases in Cell Viability Induced by Linoleic Acid in the Human Lens Epithelial Cells (HLE-B3).	Frontiers in physiology	Contribution of Connexin Hemichannels to the Decreases in Cell Viability Induced by Linoleic Acid in the Human Lens Epithelial Cells (HLE-B3).	Frontiers in physiology	2019	epmc,eutils	GOOD	1	0	1	0	1	0	C1+存储题名与题录 rt 全等/前缀	<2020	1
F4	vk_index	R4_index	tissue-iris.md:63			25564962	year=2015 species=[human]	Inducible and endothelial nitric synthetase expression and nitrotyrosine accumulation in iris vasculature of patients with primary open-angle glaucoma: a pilot study.	Medical science monitor : international medical journal of experimental and clinical research	Inducible and endothelial nitric synthetase expression and nitrotyrosine accumulation in iris vasculature of patients with primary open-angle glaucoma: a pilot study.	Medical science monitor : international medical journal of experimental and clin	2015 Jan	epmc,eutils	GOOD	1	0	1	0	0	0	C1+存储题名与题录 rt 全等/前缀	<2020	1
F4	vk_index	R4_index	photoreceptor.md:565			31969887	year=2019 species=[mouse]	CD36 Deficiency Inhibits Retinal Inflammation and Retinal Degeneration in <i>Cx3cr1</i> Knockout Mice.	Frontiers in immunology	CD36 Deficiency Inhibits Retinal Inflammation and Retinal Degeneration in Cx3cr1 Knockout Mice.	Frontiers in immunology	2019	epmc,eutils	GOOD	1	0	1	0	0	0	C1+存储题名与题录 rt 全等/前缀	<2020	1
F4	vk_index	R4_index	tissue-iris.md:57			28454289	year=2017 species=[human]	Iris metastasis as the first sign of small cell lung cancer: A case report.	Oncology letters	Iris metastasis as the first sign of small cell lung cancer: A case report.	Oncology letters	2017 Mar	epmc,eutils	GOOD	1	0	0	0	0	0	C1+存储题名与题录 rt 全等/前缀	<2020	1
F4	vk_index	R4_index	retina-development.md:464			32116486	year=2019 species=[human]	A Robust Model System for Retinal Hypoxia: Live Imaging of Calcium Dynamics and Gene Expression Studies in Primary Human Mixed Retinal Culture.	Frontiers in neuroscience	A Robust Model System for Retinal Hypoxia: Live Imaging of Calcium Dynamics and Gene Expression Studies in Primary Human Mixed Retinal Culture.	Frontiers in neuroscience	2019	epmc,eutils	GOOD	1	0	1	0	1	0	C1+存储题名与题录 rt 全等/前缀	<2020	1
