cell,truth,leiden
0024369980fd003553cbc9dfe29f7f95,Rod,0
002f621cb1c922521e488d9cbf8b707d,,1
0037f1b36684cb59b84d3585ca55ff69,Rod,3
00390952646f52d11a9ab9bba7d6ac51,Rod,4
005b3351658380695a5dc46c384d72d7,Rod,6
008ef517b5adc96fcfe041bebf820658,,7
00906832f470fc434a52ac7d678a95bc,Rod,4
00a9aedfbe8af54deb525fedc0261060,Rod,6
0122c7064395ffed6091c6577babaed4,BC,8
0136e826d795619b4004b2c147101ad0,,6
0140f6a602c65e77d9d46d30258a8ce2,Rod,6
0163f950000f334443f7d363453283c2,Rod,6
017d4362fe46c1d0a6580727a5c39ba9,Rod,3
018427205b228a83cb42282b59a7e7e1,,10
0184ba0fa021fe3094571c5e648bfae6,Rod,4
0191b9c11962b391fc9fc6f06c535240,,1
01bc3c8b4297bd9b563c8cef66c829e1,Rod,6
01c0ee8c802773869e8b155faf029b49,Rod,0
01dd9d3375fbc797fc9d6b5450bb6ead,,11
01fef88d8f448fa1ef909ff764d8cd4d,Rod,6
0219bbb0269f216bd983fceb395b253c,Rod,0
021b320f8c6ad93448421176d99a0a49,Rod,0
023ccbcd7ae72a30d89247cb04a2487a,,12
025fe13fe61964343c714af29fb5f05b,Rod,0
026601641c2ca720d648226d4db6603e,Rod,0
02c0a2f6d8094007e3550a32fb93f92d,Rod,4
02cdd5bd40a51856638beec7cdbfa2be,Rod,6
038cae1193e5691238c9f5f29a5260d5,,1
03bdd66d4dc849a7630aa20f1b3d91af,BC,9
03bf19b9ede2c8f07f69421a45383eb5,Rod,6
03d820f236d6c59059a581f413f3274b,,6
03e71cd115f421a55ca9dae2ff0f1562,Rod,0
042cc3af376592ef3bccd94808a37f52,Rod,6
0432361f7c6cceade9dee8c608c4bf9e,MG,13
045f72bafebdee311f931215c3f72bdd,MG,13
046dc3f13ee77f0c40f00daa8fe0b20b,Rod,6
0473f3a71400729974ca9413789d20f5,Rod,6
0481f38300864d27d438b3f7c7634cca,Rod,4
0490e25e9b2cc71e8b182d0249d3812d,,6
04b269986f0226b512aa7aaf9cdc0723,Rod,6
04d9c6392a34c8f1f262aa409367cf39,Rod,6
04dde94451223a664e2a0b7ac583767b,,14
051ec8a885e41a7150b46398c6dcf818,,3
051fd466b99360d7930a4b5ab7b67ebd,Rod,11
0526ac13285370868d7a39529c939a4e,,6
052c79b24183eb1968ae610becfaa4fa,BC,9
052d71d04ad78706259e3dbf049f350a,,6
0566b6256d728f85f250de528f685b34,,6
0573d7949354b51f6de5797bc1e1aebd,Rod,6
0591d2c3517ce4cca1cbe1da0d7a4efc,Rod,11
05a0f7d78146506ba2c138c24785f559,,3
05a70518d95be2244e13fc3b24918653,BC,9
05a98885883118d4e397a99132e49328,Rod,6
05aa29faf9184230c68b8e97b041cd63,Rod,6
05cae9c93ab0dbd18f49160607720480,,6
05f08937dff0e57ca91b3c27e1051807,,15
05f4186794d18f79541a49623080afc4,Rod,3
05fc61b776ee9836b0f201516a32085e,Cone,5
060a589c9abcc6cf3e687d5a666790a0,Rod,0
062745d1ea46df44fdc7f88e4b658c64,,6
066034133ab128bbd43406a5e77fbd51,Rod,6
06702972770352c7aa0fb88cfc18393c,Rod,6
068c03f9db30e5bfab1ef3e310a0d68a,Rod,6
0695a7b91b21a4ae5131dbfbff0c83de,MG,13
069ab13d62232d07ac2c1ba9cfcfc4a4,Rod,6
069d87822765eb2b1e0901ee0cdf635b,Rod,6
06a26760f892ebc62af3a4451f8ea0cd,Rod,6
06a9a98523a2f2db6488e45858725808,Rod,6
06b4877f687fc3626346d2a0221b6688,MG,1
06cdad3fc592dc148e319834ceba4a01,Rod,0
071cd5945f2dcc85b5f913110b3842a7,BC,8
0751ed493a6470a472673b1428fd7521,Rod,6
076526f800908e322213ae7405630988,Rod,0
076bc7121c7be6872579b5a1671028ca,Rod,0
07722704de89c65d416bb0a45ca71ad9,,1
07766d9de26ee0b9f0b3c8f81be40b0d,Rod,11
07a267585fef4b3e108db1c3098c5c59,Rod,6
07df54941c07c88c9ca2af4ee167c60a,,6
07e37eca10d6eb64cf6ba240ee67baf6,Rod,0
07e732d8bc3351c1970e336c69f27356,BC,9
083952944a8e8a96f821053e1f884cd2,,4
083fe4b17195b08e49520e199348b1d4,Rod,6
0847f49cd96a1fa61e97ec6f38253d03,Rod,6
086ef4aa5901e845a3e7508a6b6839bf,,4
087e03da36e53ee02e110d26a327301e,,14
0890e7e36c1dcb03c23a4baa632fce05,Rod,3
08921ecf0c35b057cb15f38e4b9a5b1a,Rod,4
08b1a6a1e9e5200c7f5af2be90f93ff6,Rod,6
08c681cf22c66afcb5766636c0dabbcd,Rod,0
08f46d4143fe2c9c04607ed509e806bc,Rod,4
09039e9f3d653c1af9ae72e20a518402,Rod,6
0904cf3a3f484caac1b4b4ce040ffe45,Rod,3
09237ef49a682e844a5b7627acfa2b0d,Rod,4
092912cec000297524589e6678671d61,Rod,3
0932ad99d5efb6df958027bc85516ac3,Rod,3
093b9d6ededada2162d2d09e055ae0d8,,4
094e0e5a935de494e9df01a05128aa1c,Rod,6
095f1ef444db58b7746f6ab126e2c73f,BC,15
09635dbdc96728bc1d5163ad1c0ede34,AC,16
09642ca1cb6d0b54294a4072341904e8,Rod,3
096646b7e9b8411198d97cc59fed6523,Rod,0
096ed7317a3154d286ccf51fa95a208e,BC,18
097240dfecf2663ae39dac73bff54a7c,,6
09766ebaff1d0f6bea7d47b0cb4aef79,Rod,3
0990b328f62b3ecec67736f210b7befb,Rod,6
09f12df2ff49a47fde4af9d0cd0db76e,,1
0a3a53f0ff2be7f8b7dc0aaf0b708640,Rod,6
0a50b90c195e1b3a836e5eff3d282571,MG,13
0a57be019f9f64294da99f48e145f815,Rod,0
0a57e9a84fd79ba05401d5a5e930f837,,2
0a6349b7fb3118320859b9b379541865,Rod,6
0a677dec7afeaf549824ff69affd18be,,11
0a841a40fb3983678dda65f847e7272a,BC,15
0a97a30a19eeeda36afe5c9cc6b0de0c,Rod,4
0a9ca0813bf50d5a7f5fd8d0bb29cd93,Rod,0
0aa386c54dc1083678c8fb3fd212d868,Rod,6
0ab33564d65a57393aaab575b36a4c9c,Rod,3
0ac8f2877e9809fa5bf572b493d41ea9,,14
0af0295dc29859d4b5cc1df234a0bed5,Rod,0
0b034e22c7326c398859f34953f52784,Cone,10
0b1f21bf3099eacb576103df7f901c6d,Rod,0
0b29dc6fe9b0c362085a4cfa49aab169,Rod,6
0b4af5e270d2dc1056573fb566f80aa2,,1
0b53fe00e6dacdec142a1abbfa00e1bb,Rod,6
0b5f1f90c8a0682cc226dc2b0fadab94,Rod,4
0b9b72bc81a661ed7b9dedfd4e3e8eeb,Rod,6
0b9ba5e0d2f3898c3e4d39c73b220488,,3
0baa9867815262f728be9383a0355085,BC,15
0bb2d6e0940c985fba0b9521a692352b,Rod,6
0bbba67ed923427e5884ec1c923eb7b8,AC,16
0bd9fecf06526669e75df28837661416,Rod,6
0bea2b12d3fec1e500cb16e8a7c0f2de,Rod,3
0c01b071e1726bfd505e30d5ef1fcc72,Cone,10
0c049d4d8e4fcc5f225311b7871732c6,BC,2
0c13810397f954dcf7ad7f5881de4af0,Rod,4
0c176d396d254ecc77b676c2f900c863,Rod,11
0c21e6c693560dbd1aeaf9ddc0b6c022,Rod,4
0ca52d742aa5bc2c95243cf2d4d6744b,Rod,9
0cc0444bcc3d76cde590a04d7c84b2bd,Rod,6
0cd72af6b0f030c119b5ab2cc9836750,Rod,6
0cebd58a694996f923cdc698d5f3bbf4,Rod,3
0cf97036fc885695537026918178466f,BC,8
0cfb453c9507900c4f9786948614ed37,Rod,4
0d12692dd27572eba856f0d8f912f552,Cone,10
0d153a4be60ed794951dac307727d8f5,Rod,0
0d5fdfba392bfdecc98177217be50435,Cone,10
0d7318258b9859e0c45a521e23a6538f,Rod,6
0d8b71c5a584d62fd3de2a1bcb1bd0fc,Rod,0
0d97c2b46c9714ea80282aeba9e6c4cd,,1
0d9940c2755e9e6563bb781e48e48771,,6
0d9e893615f0884c7f4c7415c83d01ce,Rod,6
0da3fbe21fc062d7f74de091366796f6,Rod,6
0da768fb59dfcdcd42158fd2840dbe30,,3
0db933d5c57b24ad4feab6d3a93b4e4c,Rod,4
0e07e20d8221aaaeec9a3c1ccbe7c5c0,,12
0e45067a90779841ec93e5e04fbf99d9,Rod,6
0e4e69e9aa092a5c8735237e339f0f45,,4
0e6f8b477b38e80be4e721c364b19de3,Cone,10
0e87b38f915c046524b0a0dc6d3ac0fe,Rod,0
0e9f09efe1ca4be6a5067295b4eda205,Rod,0
0eac02c267f9b4e3724c45c13e22b055,,6
0eb648e29f0bcc56407cc51d903cbc6d,BC,18
0ec93593907eba50a651d616d781aac0,,4
0ed1f9095f5ad7264b661964ccba3c31,RGC,17
0f5cd5b9a7e370c8a8f4697813451a88,BC,8
0fab6df90c26af910f3b982d10d4387c,Rod,0
0fc3a25aaed95998a14a06f26e22c554,,10
0fc40bbd8aa88d1f84d6c5805d7120d7,Rod,6
0fd1b11057df64a1ed90bec676493596,Rod,6
0fe209344640f05a9b51b9b8c4ee22d2,Rod,0
0feb84aae7eab7160fd574292eae3c7c,Rod,4
0ffac0727798b2cbd0789e7d6ff52d83,Rod,4
0ffea4f0cb954e476ecd77f9ee0f062b,Rod,4
101511ed70aad2be5a1985db85db0167,,14
107ad0aa46daae7df0569529d0c75982,,6
1080753e301811ef086082ddb4582938,Rod,6
109f83b570e7424fa75779b7b01e6a6d,BC,8
10cd3341b0cb8538e29cc4ec1409161a,Rod,4
10dbd136f19e52b541645c8b323effe6,Rod,0
10ecb7653aff276014aef1fc523e88a0,BC,15
1147c32bdb202729a2ff044431d4143b,Rod,3
1150342013dad1d000fe03df0a489758,Rod,4
116d91d1337f3a596ee0a5ba29775b9e,Rod,4
11a4a0a612ab86f96beb95c61d308bf4,MG,13
11a9ccea55793d9787a95286406c4b9f,Rod,0
11b2411a689029e6fcd57a2b393b7276,BC,9
11ed7834ff066b830d230be21f421e5d,BC,8
11ee688b67668d09169d3e895e0daea8,,6
11fc2cb34d594c5faf1883ac7164f6c8,Rod,6
122ca4619feade7fa0e376c79d267759,,2
123fa7bf8462407876506ae4c8c6bd91,Rod,4
12549dd8680b3c6b32826b3a79ec98a0,Rod,0
12c22293a1271912e29d613ea1da6a61,Rod,0
134c94bae23a076b185ebfe52ce74b40,Rod,3
135cf49c7717cd2b59dbc75b07849c4c,,14
1367895800d793f168edeafe0536f93a,,6
1382fd6bb86ab6366259bd8505cc950e,Rod,6
139f03c985f42a9a87f2aa90fa7d5562,BC,15
13c2d57e570f7b152296550637b1f127,Rod,4
13e6844062a379e62ed7827bc7ec4b64,Rod,6
13fc6157e37f82e15a208641494b279c,Rod,0
145cfd710d13e87639e79442e20a3b6f,BC,8
1483fa9b1151db3492863ccdda845d2b,Rod,6
14a546a493aa982f47844ac6695d1d9c,Rod,6
14ad36d894f5148244a3ca4193a52b8d,Rod,0
14bff277d3eacde34ecc4babf199abc7,Rod,4
14dcae652e4eb332cac926b7fc9710fc,Rod,4
14e1a14e1d7709bbd3d3666ae52178e2,Rod,4
14f545806e380f095e32b52b261d7f11,Rod,0
14f85323f8dd9477991bb0f8eae84613,Rod,0
1503b6cbcca47ca4abf39d25c3de2b66,,16
152ee6ef0692872f4f9025367b6936ba,,4
15406210870c0fcc53d24f12eeb60b01,Rod,0
1564cfa97ad208a2b57247548d7a2614,,15
15b886e2a68657997530ca92b853953e,Rod,3
15dac77c0015123136ed3b905be9d9b8,Rod,0
164f3b92bb3d2da2e95b16a0cba90f5b,,1
1672c4d730f305f9a10885778184c48a,BC,18
1687039fd7a5da9e7f2f7550a8870aa4,Rod,4
1696216fc0225d511608cc6083bc361e,Rod,3
16ad84f0d3c1dc65c31a8c8f50d97567,,6
16cc838babbc07efc16ccc5a4710103b,,14
16d12535d830e3e085d1fc693d874add,AC,16
16d25dd4dca319e0843c174ac49174ea,Rod,4
16e270cf2db65e92a082f67ee61510a9,Rod,4
16f49b0a974e539f38c2151bf47fe856,Rod,6
1732af2c737d4327c2d3b2fb1e010012,Rod,0
173feff584b5cbf61aeb55fa46f1873b,,6
174b3fa2a5125df32d37565eb81dc1d4,Rod,6
1757797cd7f649234a6c07dd17c9bfd4,BC,15
175ca43f03216ef739ef5bcbe91657b0,Rod,6
1768b21ce4b46c4412b8c53d63a9321b,,3
1774e53f3bf04a5f29ed6a5ba68a3635,MG,13
177b87aa8578ac1e1e52bdacb61a01b5,,3
17ac4fcab7f24d7f70d0be7a5bf1c9e6,Rod,6
17b4fcab0220d21d16c988909056eb85,BC,8
17bcc1b0feb0d8108488b2c9dc0edf24,Rod,4
17d87bb5c810d918619e6036a5c3d8fa,Rod,6
17e25eda7ce5f7d002eeecf26e52f9b3,,3
1835c1fa9b492d043f3c7cbd2c5e792b,Rod,4
1840f41006e022f34b6f9e7377d8350e,Rod,4
187f3e2f2ff8a5ad81a4abe643d2547d,Rod,0
18b63c7a4ab3f7eadd562cd9b1170506,Rod,11
18c7c4e1a7d09b87ba20431d85f6777d,Rod,6
18cbdf0c391d686c2c61ab31625c0c54,BC,8
18cc00499a103bab980c572cdcd7f79b,Rod,4
18de2ed6dde76e7b7a8e46bf8dbd83fb,MG,13
18feffca77f019661c6aa1b0285e020f,Rod,6
191b1ba4eb7500e0d12baf06a380e092,,10
1931f69eaab25a67aac8803ffe0e483e,BC,15
19501617249ab20be7d70b2ffa17937c,,1
198b7a1c76b4841b53b3302bcaee7a28,,15
199d044caafc071d847c894a46a57b6e,Rod,0
19a4b26b12e4b812d261ec72af15fed8,,14
19f1cc2fd3b08e52b9f86c876f33310c,Rod,0
19fce39dca9e6ed3c8613c4b564bf1ad,,10
1a08a290525d3ac7b4b10036fee09d37,Rod,3
1a11a1799302cff633cf9cc1b52f7501,Rod,4
1a1ea469f67763987f7ad99791a7739e,Rod,6
1a280c8d6296691149019c382cd6ec30,Rod,6
1a4af484108d4f2211428bee93e33bdd,Rod,6
1a8b4e76290fa78f37467bac91458708,Rod,3
1ab0602f94caa88bb68a1fd059dac2f1,Rod,3
1adbba7a6ee8fe68cd5513c20fb199f7,Cone,19
1adc21cf252b1f16720bee9cbad130a1,Rod,4
1af72a45963ae81adf76981a3006e674,Rod,4
1afb6d08f72d1c0050f2f0bbcc2a6639,Rod,4
1b02ec04f0dc9bb84a775447f9081ceb,AC,16
1b517c6bc4f59d0e3daeea497ca632c2,Rod,6
1b5d43de9840f096dfaf346e071c048c,Rod,6
1bbf49665fa3028f5984d607f2426b90,BC,15
1bce1e051127a2bb4949b0e0c9f90046,Rod,0
1c20c966895dc49a14ed79e478ab281c,BC,15
1c330083951132e29b0aa91a34798b8f,Rod,6
1c5209311c1af2729ca0a9aa9679ed8d,Rod,6
1c770e1fb46fc8d97dd2419adc4d6f29,Rod,6
1c92470d6c4ba6bd85c12dde0b66aef1,,0
1c95d998460b33734555d4af781bfc83,BC,9
1cce8473d312877a1be02ae1d9b5ea99,Rod,11
1cd1fd7208ebe2e5c2262760d7bac4c7,,12
1cdf9acc1c0258461a124f077b99667f,Rod,4
1cf20190464b43b362c703771b1da79f,Rod,6
1cfe795d4a2ea07d47163e2ab854312f,Rod,6
1d0f6eb184f886598fc0164a0ec16f46,Rod,0
1d10bf05379b96a9e765172541cb4c91,,10
1d189a9f2e0ac9110ec2cc3c097a1925,Rod,0
1d1e1d2dadfb58dd06e3a0b5d9bc954e,Rod,6
1d55fc4b6cbd4b7782e960f446d55c09,,16
1d6b544395dd587ff13672d071cd91af,Rod,0
1d7f9f18aaec80b016deee2340f9006f,Cone,10
1da0871b40865f2f9112c8b6c1f0b473,Rod,0
1da84366c5dd9f5cb9644353596f4c39,Rod,4
1dade279a6b6ed4229e371442d910d5c,Rod,3
1db07867b8a69f9c582eb7df27ff18e2,Rod,6
1dc41b8e919e9c3046e3c5a8cac6f832,Rod,0
1e1f3b37a4d77e3419b01c32386d40d3,Rod,3
1e2462b9389c71caf6ac08c66698a726,Cone,8
1e4a909e4d82806b7990ac01600f423b,Rod,6
1e73e655cf1cecca5031c27c9e8d3223,Cone,10
1e757d60f820a78bccc9128d14cf101c,Rod,3
1e7d5731d80ff1c991cc5d34ec156b55,Rod,6
1e81f556465b59f425c984cf69b78c7b,Rod,0
1eb25693794b5cabe1ff80c1fd2ade3c,Rod,6
1eb5140e0696dccf7d99871299340fe1,,6
1ecb0be9ca5f8418a2b9b4d32fe9de09,Rod,6
1ee332f99c074e12a4b7ed864e35ce83,BC,18
1f0009dc7d3f2343ae755c25143d3111,AC,16
1f36e5ed5e9ad344cf271941388f3bee,,2
1f3929111ef73f9f0956003a315667ad,Rod,6
1f4dccb558826de07884f0f5844974be,Rod,0
1f5c4dcf67f299ceb3a391557f82b93d,Rod,4
1f72863bdeec70621d28f0dffdf3de93,Rod,6
1f75011fb5c8ecf0e3a1de37e7bde292,Rod,4
1fa1e23b6038ef9f9b4937b414895eac,,4
2000b67cc6884187be3f0ce889836016,Rod,4
20055c5d81cfa6f047efb68fe5de583e,BC,15
20139ae31a4bb6c055b465570dba79d6,Rod,3
20459e48e2fbb651b2447ff12ff19e5e,Rod,6
204ea069cb068a10fd8d1268e3d22b54,Rod,6
20528896442d887d95f9c600dae62cbe,Rod,6
2063fcc89e4052dec03f2e993c08a3fd,Rod,6
209118d4c047d5b172467187d2afe3f3,BC,18
20a19d452aa242bd5fd83081a62f7b57,Rod,3
20a9faf3301d0b303d0ddf7e1c88273f,Rod,0
20bc486d18ef311ea77240b3aab46d77,Rod,6
20f57206b1df6f549f590779469b177f,Rod,6
214f3ed694b6ac04d8cf6c08045783e5,,1
2164f7784c10e9e76dfa452d7dbbadba,Rod,0
217a45dc7d1aa156cd03e6bca84a2c18,Rod,6
21a200ddb06cfb31c5b9494653a97edf,Rod,6
21bd5a4f60a300e7dda3dd6ae2f7c093,BC,15
21eb6c6163b094dacb28020ab122a1a7,Rod,3
21fa4114c6f74970850349b51af303c0,,14
221346917cd5f5e1f460aaee486eb7ea,Rod,4
2213c59816081023b9ece42ebb918c7e,,15
22182a157165610deac0627bbd1b3cdf,Rod,0
2218a2149575498a5bb31c351c90affb,Rod,3
226547dd8a1f4ad0c8484471b8eb99bc,Rod,6
229077958fbd943ab3f0afd3509b0413,,16
22a00744fdf8da1a8e0daefc307b70f4,Rod,0
22b25f0bf1f08d219d8fd5726ccbcc92,Rod,0
22b99dc40d9fa37dafaa8b0c7ff4ca72,Rod,6
22d6e72ef3fc516ffaff5ee5a04489ec,Rod,4
22e15507fe0d4801c167bf59cdf4ec6f,Rod,0
2309b39bf5d26385ff11e9f40f541463,Rod,3
231d4ce62e86467f40693e82f2e1fc25,MG,13
2342a83612631496b01cfa7b20cef156,Rod,6
2353d57344789fd14ac5eaa6c20908df,Rod,11
237c64aee16389f75be54fd56dbd144c,Rod,0
238a615f6df3aba6591dbcb294b25742,Rod,3
23a50d61906c2654aac5b5aeba688794,Rod,0
23a59b729469fabd41e190e302e6365e,,10
23a62ac59712504d815832b74bc388a0,Rod,3
23aae9044282abe58da6505e152fb89a,AC,16
2457d3bc2042719b36bfda9719b2f08b,Rod,0
245c5e437a33612cae15df758275a095,Rod,11
2491b4a2af60ad32566abc1a9e209f30,Rod,4
249d650b35f5ba849cedba9dcc474c24,Rod,6
24a7437e24621c6f48b17ea101917add,BC,8
24b86ef1b64d4cfcea376c765bcd1372,Rod,3
24c77504bf258b890590793634bc3f25,Rod,4
252ed0b332743a18d189b76fca099b5a,Rod,4
253229046f18d96cea66d25f88368b83,Rod,0
253ad96244df7b26609e868aa78bab5d,Rod,6
2577fb1c6ea8827bd30b3c3def8fda71,,12
25a2744aee8b5fd8a37ebac709fd4ce6,,1
25db585f54e336ede573c30982becd23,,10
25e0556ee3f60291710803471595b5aa,Rod,4
25e89102de478cc76f48f36aedf5c63f,,6
25f2962974ece022ae343171428912ae,Rod,6
25f4f3babc847f53cc4f8d18470cbd26,Rod,4
263dd371f52b0a3c740b1a27beeec8be,Rod,6
2648cc254c58bf98bd8944c0fc574bb4,Rod,3
2653cee50dd7b41dcf171b1779b8e67f,Rod,0
266f17a37900752f65bff62d804d8e6c,Rod,6
268648206766222ba381050818a01ccd,Rod,0
26888fbcf48dd0e6e86f2deb5885e1da,Rod,6
269b23acb218a246d41a566da5b23121,Rod,6
26af268725ded7078e31fa8471600c2d,Cone,10
26dadd50fc3f5d6b3eb4422ef5135dca,MG,2
26e7fd5b75072ef555238634bc8862ef,,6
26f231741ac79db5e2122e18f58b3e53,Rod,6
270889b080e154f7812b7246e721b8e8,Rod,11
2708f971bfb71286bc45033c623436eb,Rod,3
273fa706612bbc3d6623e58d51efee40,BC,8
2750b9c69b9f8a74660c50f92c39831c,Rod,4
2751a6b3e0e419b631c153cd6f733b13,Rod,4
2774a711ca3ffe02fc6f48e2ec794c13,Rod,4
278a932ed6a4038bba57aaa31f804038,MG,13
27a0afa43c2d9f55e934c6297a0f008b,BC,18
27a38f5a085e232ef84bdeef7e4d9596,Rod,6
27c3b3939b7f07132594b8528a03d699,BC,9
27cb5e391f2fceb24738722e86a3a7bf,Rod,4
27d903329e872f9d4cbff6d8d0f422cf,Rod,0
27df0fe2ebf0436c98f7e836a9bb2c4e,Rod,6
27e6f2a1a8a203209ca3f68c50c8c7d8,,14
27ee901f20b0b4133b9c1f360f9051e8,Rod,3
2811581c474e81f88ee14f7ef0f66c6c,,6
282086c276c133bbcd3e934f46a9bfd9,Rod,11
284416363c6d903cbb92ccd0f4f53548,BC,18
28469cddf0ce2ef638f8934fb4bce186,BC,18
2858f97cc76b7a2425c496e0d0f327c2,Rod,0
287078e73c8935209c1395c53473c153,Rod,6
288cc5096196f5a069c0239a2ca0028e,Rod,6
28b685333d2bc67196523f736c15323e,Rod,3
28eb2d5a9b2a8d779e47b1533baab887,Rod,0
28f0c02a5fdbd615e225ca11fbd339df,,4
2942ebe4af81c1fc43c6e0831e03f5b1,Rod,6
2945136ab11c1e7b44638e7a305a8067,Rod,0
294f2384a12889152e0f2215149895bb,Rod,0
2968c9240e4400b36b63cd763553a9ce,,3
2978bd69f2552ea029bcddbfc7f5bd94,Rod,6
299f4723b3f40c35139862d26abf8183,Rod,3
29a04d7047b5adf0a48cdc4032f28b72,Rod,4
29bfac34ee720fa7b5de408d7bb4af21,Rod,6
29c5d7d6131ea4b6c6a90889febb89f2,Rod,4
29cf400481f21473bda11cb72388d678,BC,8
29d4809365fbd35a67c25d33c34ea4f0,Rod,6
29d7a0748bcefdda8849235c9f04b25c,Rod,6
29f3e84815601e144eae4e58922fc468,MG,13
29fb56abc125402d0f776b92ca11fab9,MG,13
2a1df0f90990b3136014efd738f64ff1,Rod,4
2a3ef0bda62e8dfcde23ba39c95c0ac4,MG,13
2a4aa3f240b282553d5655973ababef5,Rod,6
2a68729a4aca6ca637dccec29724a476,Rod,4
2a7144687fea20f5bb1204541f5809d6,BC,9
2abb8b360a211a4f7e6a9c40b1de7eb8,Rod,0
2ad82e44cbf4eb600ff67b24d2b194ae,,1
2aec7ba843bf5a190caf46d5f73f9c25,BC,9
2b1e393f4bd3d4c51f928f99cff3ec5e,Cone,10
2b1f4a2727e5d1006cec92cf7de34371,,0
2b6c2deb6908a039afff22948ce2e772,Rod,6
2ba89addf93bc37b6a572938dafc6898,,10
2bcb50e8ae41f4222c04c920d8abddc4,Rod,4
2be77316deb88ff05d9b6cb242a4d4dc,Rod,4
2bf35de634d274677e4efd8a379c22b8,Rod,6
2c0f662fc621842a913152c67b609638,Rod,6
2c58811e36e60c9c5258d213abb4952b,Rod,0
2c7853b269a13640aed05398e571bef8,,0
2ca22f5b0274c183e58cd5e114a43416,Rod,4
2cb38cf5e67d516fed5842853c3ee4e5,Rod,3
2cedf35ad70f1ce3971e394d2af1f684,Rod,6
2d362b8ba22a29fef225a5579e1ecedc,Rod,0
2d6bf32c0d41e901bd26972ccc7f00fa,,1
2d8bcdee702e555f4e3d04630c1d1f30,,4
2def24979bfbb2ec75c39eed4568748e,Rod,3
2df2d715ec6b081074fe0595e3478228,Rod,6
2e1ebdfc4e470d3f874c88dddfec4744,,6
2e317528acf00d171da6bceba4f6c921,Rod,4
2e4db48f1faff624c664fa6277212b46,Rod,6
2e65b1c296d498ec25479ea0e261095f,,6
2e6a965fc434aaefcb9e0691c8015802,Rod,6
2e870b9ad5c6ffc2b708da9da15ac0c1,BC,15
2e8ea7bbef65485a85ce2efaf205052f,Rod,4
2e9c52212ed7e976c3c25444b63bef74,Rod,0
2ea9bb160d721710b863aaad6e872751,Rod,0
2ed0bb4b19ee3db725771fb22f28a054,Rod,0
2ed0d67dd5ee482ed69df53cf34755c8,Rod,4
2ed499ee5130cb9998a494dbd786e8e1,Rod,3
2ee7da3426d2a83fe2e62658db083398,Rod,3
2ef236fc915390a1892b224c0cefd585,Rod,6
2f3a3b9b0dd8c08f423c586658fc3e6d,BC,8
2f438e9f73c04605080215ce795680b6,Rod,6
2f5c77731ea280bf7d31b3b8ed9b737a,Rod,3
2f609ef7ca64e103bc11c981b28dd69a,MG,13
2f8a24f14f06f0a63e795ff30245f06c,Cone,10
2fb7eba4653b0bd6c135a53e8f3aab9d,Rod,0
2fdad25372241ef32a91b060c16776c6,MG,13
2fddc4b50ac5983ec47798323376c9ad,Rod,6
2fea4f015570cae45cadc640e043c36a,,3
2ffe894171771f9231caaca60149f0dd,Rod,6
2ffeef64f0317412e49db52321399d0c,Rod,6
301338d6dc5fe5b630d8576af9f9ed87,Rod,0
30226b014ded4d47c1e64aaf87af267c,Rod,4
30505c8c11e666d997e2586b4674287d,Rod,0
305f8a24d3d3362ed9fab1690455bf83,BC,18
306423fdb503687411b234ca5661ddc2,Rod,6
30a56afe9d7bcbd596ee6452f6fabff3,Rod,6
30aecb7250bb009f990f7c06c814da33,,1
30b0dd43442384dc9c7175399ab72db4,AC,16
30d59edd5edeb325dfc64a46c3fc59ce,,5
3131a122e170bfd2fe79fda92edaecf3,BC,9
313c82a11e0ed4f7759e840bd7070805,,14
3186accacb43510e54d03c5e20fb02aa,Rod,4
31b456e04af14116e0c7f97e961adb37,Rod,11
31f548b512d2c8e712b983b13910382e,Rod,3
32054720604c3d06cb5fb451d91dcca1,BC,9
321cb9899e6666bd64e18ef6a228249e,,1
32484c171157ee93f2a3f6fc089ac400,,20
32af3e9bfb2a7b2d560ed686282457dd,Rod,0
32c8fa2d4641ee097500bef38eab0178,Rod,6
32d030d50e8148803491a09475f01b17,Rod,0
32e2e4835f57d5f6041eb73716e1faab,RGC,17
32f86a07ec516bcf3627cb82249ee77a,AC,16
33206b85f35fa87a2a1c253aa3c77a9d,,0
332aa42f947cd094a591024fdad5e265,Rod,6
332efd9e2a83c163edc756c5046aac65,Rod,6
33363b7e0536a33295a2145c030ff2d0,Rod,4
33481a2fdde43f4304167526ec23a7e4,Rod,6
334fb95fca8f3e12f5aa4dc27a985d3f,,6
335368864eb2fcd24962f4bdd86b590e,BC,15
33634bd6b9be74dd2944e3c9b48c5195,Rod,6
337844238a009491e5d42c975c223678,Rod,4
338412659e1af20e5a355ad37fdd43b0,Rod,3
339686350100a954414a02d292db07b1,Rod,6
33b5fdcdea2b3e4a46f86b86b6259525,AC,16
3413964872ab1be9990ed7c9227f0c18,BC,8
3451c5fdbe467139cca98ae397cccf53,Micro,21
347269a581040527afcbcfd8622b5333,Rod,0
3472dc7f29450c99646e5723bc255406,BC,8
34d028d728a31a11ede5ed2b383caadb,BC,15
34dec74192eb79d04de52ed99a5dc715,,3
34e37cd1492248115c9f2c86834b2cb0,Rod,4
3509f8f86e4a4e6b6054cb7670a2acda,Rod,0
35138814257f7b4d7aa55be4c3197795,Rod,3
3576fc98d5c4aaca44052a611decefde,Rod,3
357b12f56b9afdce90f4bc6b128b762f,BC,18
357ce57c85c10bab76886db13cc0634a,,14
35b3a14cbb04025ad5fd977fa761e191,Rod,4
35d041bf773308f690cf9cf47dcbb4b9,Rod,0
35dad4ca555e3790c33296de846d5027,BC,18
35f9ec7f12b48a71ad956b21bce64059,Rod,0
361eea9cecd86ad16d2c1198bc7f5866,AC,16
363797993f59b47a12b65e19701913a3,Rod,6
3637ad5c7ac8d8789be2c2cf72d2fb91,BC,18
364a60fcb4ef9c4e2389bb6098c25199,Rod,0
365ca1ddf573485301f4ddbcc64734a9,Rod,6
367bb96f2b114a7715517169c63af11f,,4
367e3cc19058958a85facd8510dcf122,,6
3693717ff42a4494c37997f6dd455eeb,Rod,3
369ce8472b81393514ac24c80d9761c7,Rod,6
36a73ff3865620059c246e18ec6dd1f3,Rod,6
36b98557b19a46f4053d1bbde82417ac,Rod,0
36bed78ef974da72fb50214b56f8dfe7,Rod,6
36d0fd9b7d6f50df61121c5720b8326b,Rod,4
36f23a85e20363aaf7590ad0ff29cb2b,Rod,6
370ea7952d9a9437c9b9cfbef18ca87f,Rod,4
3715ad13d77adae4d7563834ada00fbb,Rod,3
3732b14faaf1cfe1693ac3d02d09004c,,13
37555dac1bf82c07fc7dfc37baed5bed,,1
37804b97f3d4220ed4b2cefd3766dd33,Cone,10
3787e4e17fab8077133e7dc4edd68344,BC,8
37bd1b0816e2e24b7baabfe611aa08ae,,1
37cb44c200be4d147e3a7a4e152feb3c,,19
37e9718d868f3017297edaeb13430cac,Rod,6
38207bdca7748c876864550473e23a3f,Rod,0
385d56f896a9906efa612b65498d4a28,BC,8
389804af50043d3499ff8747fb4272bb,BC,15
3898adc86aba0228d28cbf48ca9854be,Cone,10
38cc5939ede0d1edc71b4dd6f0ca013a,Rod,0
38dd2b205fb86bcb1305c7e5bf486259,Rod,6
39319043d661b76f1dc88166cb059557,Rod,4
39344aec9c63e0aee32fdef378c6066d,Rod,11
3986c845a58bf6de04517c8e4b74c52f,,13
398f0e1ddcb346bcf5e1cf66c78ebbd0,Rod,4
39b3ddb09fadc9707ccfbd50a88fa9e3,Rod,6
39de844b200f1d8fad49397697ffce8b,Rod,4
39eab65e858dd7b93606121412ab7e07,Rod,6
3a0ab4714b4c7f5dcf612ead23c93ddf,Rod,11
3a33d84d4dea9d9d7123b907a88ac99e,BC,15
3a34013a23e9b218c9add5d2b5872635,,1
3a3ed645a14096c53624df343820acd0,AC,16
3a623b0ed9d5a92e95d6f2222a435ded,Cone,10
3a64deed2f8bc88ffbb683c69a895bdc,Rod,4
3a67b447e41dd8d360a1c4ba05f47bc7,BC,15
3a7a2115654b3aad728711ef5d48037b,Rod,10
3a899f26161df01187353249268b5fbc,Rod,4
3ae2e5ac52d7dd7d0f05f0e0dcebc44b,Rod,4
3b1b4534c8e3e172df7616bb88321e84,,14
3b202d28601bb2a84e7be72945b4de82,Rod,4
3b2a5c9264a913012de547075d0d8db2,Rod,6
3b4522391a3461f26ec9b9b265b52bfc,Rod,0
3b749cc68fb24db739b5c3b0e6d0d012,,1
3b84cfa8cc6e90c8bebadd3c8f5a6216,Rod,4
3b95b9a698b1741d3337f3ea6494f174,Rod,3
3bae2fa5c58f4be4863300fdec0f925b,Rod,6
3bbfc3c828ace312e8f84b4d2a141c1a,Rod,4
3bdf614d094d7cfe6ea5cd51b9635646,,2
3bf93ff4de70027edf1a48dd27c7a44c,MG,13
3c0b88a93519896d0d929d41178f8bfc,Rod,3
3c2040af2bc4341597f4c1a8117f7afb,BC,15
3c54be6d992439d34a72220d9caefd5b,,1
3c64804c17cdff40ac49770ce391c131,Rod,4
3c6e772930da3041bae6d4f4877726b4,Rod,0
3c6fe8cb76dacaccf993eca1b807aef4,,6
3c7c82dc0bd3ed1387e97cd53553fb23,,6
3c7e6078bba3814e042cfb984cc3dcf0,,1
3c925939e1341f065f6ae9f6ad1c0de3,,4
3ca7b3cc8226fc95f8fe3338119ae4df,Rod,3
3cb81ea2426dc0a01f52409dc412f2aa,,1
3cbf764f86d458e9b3ae9b8f97570b66,Rod,4
3cc1cde38ef16117f58e13d0dea1218a,Rod,11
3d1a979a12cb7480206f29ad12fb59f1,BC,15
3d2439ac74017f557110c5ec4a0ff79e,Rod,3
3d3cdff58fa6fdde5a7a0165b714dbc1,,2
3d54c4da7aaf374bc8378f8f7dcd32f2,Rod,0
3d5b4fd418ced05337c041378540804d,Cone,10
3d802797cc0b1757e0335765913510fd,Rod,6
3d8f2e4c4231046b078310407f702215,Rod,4
3dc9a5e51170124efdf9770a0847a83a,BC,15
3dd6849f937803bf8c1305e04ec71300,,6
3e023c4516a6ac193a211add3ffc0ec5,,14
3e1058b1fdb21206e9550e0e1fae489c,Rod,6
3e4839262549121b6676c9a3a8cc2a8d,Rod,6
3e56f0debbe4aef84817cee9125072a9,Rod,3
3e5cefd84b5e1cc11c34aa6c092e2db9,Rod,6
3e9207209d6da216483bd47aa178c3c7,Rod,6
3ecdab80c2caf6f098f92b932fcf37f0,Cone,10
3ed0e950313f7b7529f51e5ee921396a,Rod,0
3ed25d9c090035d6cb3874845be832de,,15
3edc8c5fe6308073cd0d9af0a56e2149,,4
3f2c2575d5304d5eee951df3a08d80bd,Rod,4
3f3a88bed779676c667a220e8abb6bc0,Rod,0
3f47c3ba9169b3f806070c765444ae76,Rod,4
3f54a5d7f1651f822c5f160902e0573d,Cone,10
3f5c792429d9974f555e5bdf2c0d6f71,Rod,6
3f5c868edf15ee136720babc2200d2a9,Rod,3
3f826969d0882275ab38f663b8ee3d09,,2
3f87e268b74d9a4db600cb41987f4003,Rod,0
3fab8cba0cf553468201b1dd63a75c53,Rod,4
3fbac88238dba0eddbe9e04c5bd526aa,,1
3ff4b44a2f40675b6258b6116572406d,BC,18
3ffb9011ae1bcef6d6de05a07c0efc75,Rod,4
400b97872ca8d83d6b4256920c84811c,Rod,6
40263d77ebc04d41b387c251655179e9,,2
405f5adc861f96a8a4893dabf49f3a85,Rod,6
407839293731b37ad3a9dfcbfefd44fc,Rod,6
40cd38fc8ff4b591d323fe447a888df1,Rod,4
40df596a2efbb71d3672843fb159a25f,,6
40e1247d8172c2595b5bafaef6918b74,Rod,3
40e7c340fbad2879be4f947b27f3f0ef,Rod,0
40fe5c1e9b7d17ae07b7087eaf07a461,BC,15
411f16d59a371649b54f087fe3c0e68b,Rod,0
41294270135728ed859fc2a2f51abade,Rod,6
414b8752adcb1325f77ebfa3280598b0,,20
4173f1200f72770a1168f42397824164,Rod,0
4183c902265b3134b4354788c75aa8aa,Rod,4
41a0969bc61db628cf5b46e1847b59e2,Rod,6
41acdf82642637f3a87bd5283ee1bcda,,10
41c35b3b40a3de8ff64ab588a706667c,Rod,6
41f6d9ac51a08e8439086413ca08ed10,Rod,6
422c7d2adac88b4182b936bef84a8493,Rod,3
4232c46259d672605b84cd9801cacdfa,Rod,0
425621a8ac2dc6031e5491cf04f3cfa2,,10
42685eb140b934be81f528d0f63dc61e,Rod,0
42a3ac92123708cf058c48242f22aa37,,10
42be55d6f1c1c7d8a76c2e8ed1608080,RGC,17
42d2d1833b0818404be7f2e38a363a01,Rod,4
42dde621ee0e1635e2804327f48b08ad,,16
42e2e6702ba7f9e2609ff85fec531fb7,BC,18
42f0f57e29a034ef1bd4b37341bb00fa,,4
4335bb36a5346159f2f4ba34685a909c,Rod,6
4339bf8d7eb02d0ed7767928fc1bec41,BC,8
4381036b60d2c8cf0af5e38cf0938a02,,1
43897aa50c40ebed1d63d7182adb2b24,Rod,0
439ca6667367f2aad16f6ec39f02e071,Rod,6
43b5dd54550e1ed4dd6614521fbc135e,Rod,6
43d26ad298ef24ff7c78c4bf7cb2c34e,MG,1
43d45b714e341b809af83fab55d045e6,Rod,11
43db85cba7d90614316ec1e0116f11a5,Rod,3
440223b9478dba8dc0b20a3db6de442a,Rod,0
440827b9e2d007035bdc2e8d2ea49e2d,Rod,3
441de39d8498fbbde9376a79f7830184,Rod,4
441e1296e360755a37b51b87a9cda203,,4
4423a72ec75a51a7a02bf3000a97b6f4,Cone,10
442537a769f4b8045a595a5386e35cf1,AC,16
442543c7e61c047bc8b73568cf1b1461,Rod,6
442e6b1916760415d7715cda2f14ebfb,,4
444086b526d57b62f461fec6078f95c9,,1
44577aca745dfcfb9f748860bbb0bb26,Rod,6
446cdb56bb7633c5b3e6f7dd606b7c31,,6
44719c1de8d12e29b02132f911412a13,Rod,6
44a760df9ae39ffd2b47fb442df981b6,Rod,0
44b25d4c1095f9b6afbc8f1b8f3c989b,Micro,21
44c1318844096e990bc9f45ea0398008,Rod,0
44ccdbacb179373704f310fbb163fbb9,Rod,6
44d7e393cdf79e6c002a20bee48c3aeb,BC,8
450618bf4acf5dcc69a5c19ebea88fad,Rod,8
45192e437cf373dc13c4d2d8843fe80f,Rod,4
453773176c1067bbc5b6c690adcc9c7f,Rod,3
4597bf650622afa69350f40762daec02,,14
45abb9126eb590db80795f1afc4a671e,BC,18
45c18b6389baeb6b03d8bdd6106ef058,Rod,3
461dc8ad4d4c0bc7a880e2a70c5e7190,,14
46207a2b0d4d15aa4e3ea224638fd6f9,BC,8
4627a89fcd9c58f172a839fcb526391b,Rod,6
463d443fbfad98f26c502a2580d7cbf4,Rod,0
464b6570153c484f9f9604b327c811ee,,2
4657aa5fb758c208b5c5ef28450dc643,Rod,3
466e027a13969d8317cdfaa86fd8b15f,BC,18
46ada929a7b79455f0dd0ff204df0ef0,,20
46b6b75d70ed59586a2720f1b167ae1e,,4
46cf96fb8c117b0f947699bca05fc929,Rod,3
46ecb726f99e0760482b6f052e23343f,,4
47471a70e4e789808aabd64f8962a07d,,1
474a5baf3486d89147c4c3476a005d70,Cone,10
476a34044e83454e3a25a02ab1503e71,Rod,0
479f401df0314e315f867928b363ddc6,Rod,0
47afd126116468799c9601522e3604b3,Rod,0
47b700b9e44194565cf285e9747a7b9b,Rod,6
47c918820b7449f76484ceb9e5b5f013,Rod,6
47ea6965689e08325b336ebad8c16deb,Rod,6
4807423b820f88ba5880927f6c655a57,BC,8
4808e4e9110079baa22314e6d0cbc6ee,Rod,3
4825033925585f7de1bdbb64c43f5c7f,,1
483fb71e2820069387f748365aab4009,MG,13
48466b443de69dbc8a215a248fec0e1a,Rod,4
4847a60d34bf526b23c544e755c9c1b6,MG,13
48946a08e5daec85dc096d8b6e21b52a,Rod,0
48a316018c84ddd5cf333c65d4517d5c,,10
4914f4a6ae13169cf4578f91c2e79fce,,1
4963211e0b568d56275e25a5532decc4,,16
497bbbc61efe38fba6824f9ac6d08440,Rod,6
498e0e3bbce5e9a6c17492079cca886f,Rod,6
49a23e8b53da86f1938d896106ae79c0,Rod,4
49b04ae4ba7629a6799c5e148deea373,BC,15
49bf4be97a39fdfaaa9aebf7705e2ea8,Rod,0
49ce66a04e52350e6e3e5ce1373f1551,Rod,6
49cfd7e81f6bf2e2d167a9241439c171,,6
49eb0a375b976f898197ff5a5af7651c,,0
49f0cbf2014680e6949369a7e5bfcf2a,Rod,0
4a37de679ec88079388715ecfdec98da,,1
4a3f5ed59f563efb10f7aed16a72382b,Rod,6
4a4a93b91dbe3c73fe887a68424ed2b4,Rod,3
4a4ff1590cca389fa26f2527a0cfb46b,Rod,0
4ab1b375a2c394b4274e9b3cb3a4115c,BC,9
4acec285680e6c2fcec19d065f2f8271,,20
4ad6d57a6b2eeced4c080a65359a59fb,Rod,4
4aed32080cec8c1f4c0fabe55137b9dd,,14
4af09d267748b919d9a84cfa154fea85,,6
4af3fd7db94ac0072054d3461161b925,,1
4b00036322f223efd501f6cc2d8d4469,Rod,4
4b1d5a1878c1a81f498cdfc6b0d8a3d3,Rod,0
4b2bb1cdf47a4966452f445b3d04d08c,Rod,6
4b5327d3a3bad30c132d581f3a11dfd1,BC,8
4b66eb25bd6147a5782d1fc8b4b35124,Rod,3
4b785e0e152d919a64b07884ff706c3b,,5
4b82b831d2cffddf763c1775859f18e7,Rod,6
4b9635dda161d38d42a956cae95f9d93,MG,13
4bcac9dca7049e92bc1702058f523284,BC,8
4c044a7d0a2809505b35433ef3109a37,Rod,6
4c04ad8a72fd648ba977c4ac8e53fce7,Rod,6
4c0c4fffb46ec5b7d6f1f8c261186b69,BC,15
4c21d3acd1ab0ba54c7281b89394ff2d,BC,18
4c68ec77eb6cdae6d902cd2bb4e1ae74,,7
4c692525113d9ca9897b0869270c3409,Rod,6
4c8b48ca0bf3bd08cff19b8a7b4b9215,BC,18
4c9371e1521bf628583a15ec3fd6ca1f,Rod,11
4c9d3dfdee5f08c0448b37478101cf78,Rod,3
4ccbf45b5d14df595a6ee38c31d0fad4,Rod,3
4cd5178bee7704a6f4cd32f6e2c261cf,Rod,4
4ce2ac3838ac4f05fcfe3d3e3945b15b,Rod,4
4cfc03ef082b06a2b0afcb33ab410c65,Rod,3
4cfcfcde77b7b6c49baed70d7d96b3da,Rod,4
4d04e5cddf912d8568a2a60256752ff4,Rod,4
4d05c737e4225645a69b5b3ef0fc36f7,Rod,4
4d2423ee9c6925c431bfaebf22f8d019,AC,16
4d337f1dbbb077c8690fee837f2d6135,Rod,3
4d3b7ba2e9dddbc748ddc956abdfaebc,Rod,3
4d61309ecf9a76bf4a82cdf0ea3140de,Cone,10
4d706ad3cb32948f346865aeae43b25e,,0
4d74cbec005b822b5a9fed660f0a9094,Rod,3
4da4e8a1e5db2f6d86efa97151ce9b4c,AC,16
4da573f8c65dfb6364a7469d023710b9,Cone,10
4db323e89cadda92f2d1cd2f581abb76,BC,9
4dba4da0c5f54fd554ef28c80e8ebcef,Rod,0
4dc0592bd1eee585b6438e27a4cf4f21,Rod,6
4dc1bf0866bd886b47b971e2a5e830f2,Rod,4
4dd432e722a2a7eea3072ea1fd53026f,MG,13
4e0fc9fc3a4829f36ee6d8872fd97e66,Micro,21
4e2ec98a9bf9bc680fadeae8888d93d1,,1
4e3fa6ac6a8248b72cd19b27aaaa07db,Rod,4
4e539b055fd0e8f80634a3f2cd78563d,AC,9
4e59e1b0decac74cdbe4e49fc1b3e482,Rod,6
4e5f971aec8f760395acce9130c83a02,Rod,15
4e6794996b953510566162eb4db77ff5,,4
4e8ac7ede904be72947856ee93fca1c3,,2
4eacc2cec761276e0b3fc09ce6d7c457,Rod,0
4ed11ddb1027481a6597dca3048395d6,,14
4eed9995e0cedb97953458039efe2588,Rod,11
4f10f82a46245726966e63e680f908a7,BC,8
4f39f26cf4bb897fb9966fc88a9a1d97,Rod,6
4f3d8b147581a4f562eadee80b68e968,Rod,6
4f46aacb74ebf6220b6345f424a764c7,Rod,11
4f4ede852ea190716630d36617ca736c,Rod,4
4f55a523409c16e2c76c2fa5eea5978b,Rod,6
4f9c1c3d362e3f6a0b86c2d1b7db0bf8,Rod,3
4fa8c7b3fba39c93fc32f23bc1f28459,,7
4fb011e757957d9ccc89098b77d8dc80,,0
4fbb8129f3530c59c2f29ea7c65518f1,Rod,0
4ff85d944337ab733ad168ebc40d1d4c,Cone,19
5006a547b4e013afb214a228677b3793,Rod,6
501db6ef1e8a5229bc0a20c2acfdb611,Rod,3
50600491d42411fee764678f0aeb9953,BC,18
506cd4304695f4f97758dddf04d386d4,Rod,11
5084aa0a577f2d9ff452638135878265,Rod,0
5091bdc462faa9ad5e275a9b70fb2a84,MG,13
50ac731db9a246c0a07319594b08321a,,1
50b539f5d88e4752121b763857b4ac88,MG,1
50c7a3875135ab8814c1da874a67e5be,,4
50c80a916021c2a4a3d34f6de9c6f6ba,Cone,10
50f15dc8dca21ea7882afbf814499915,BC,8
50f69b240982fece356ff0c521ee0a36,,15
50fa5775ef76fc407ce4719627c5d861,Rod,0
513715f2ae9edd4609db60607b73de42,Rod,4
514cf00fd993c3ecc164458ca3ac2890,,6
514e417b21bda4d251787889bb416cbf,BC,18
515b909b5fab327fd3c08f2af6fbb210,Rod,4
518334e6bb57774275a60362f29af9ec,,6
51839e45419c9c300eabf40f55892a13,,6
51c84d33cd702070e0977de45f71b6e1,,4
51f159b3017b08c6ddb1e6608479f8f0,Rod,4
52024bf472762e34d2b9cf8584cfdea3,Rod,4
52118bb2baff26db572657e2299b775e,Rod,0
52538db738eed7b0ef4f25ad09624812,BC,15
5256463cacd999f7ea524696717a5e0f,Rod,6
526a1614bbb15ca8d7f0f80c237feb0c,Rod,6
5277063d5ce4f3b439f2ffe7fa7cf4a0,Rod,11
5279cb975f8837727a32e72fae7d835e,Rod,6
52c66f3684dce70fa4945523dc400110,BC,18
5329ce91c75eea185085b9a19e68bd3d,,4
536b1da20f77be7a2304fa4e2771148b,Rod,0
536b69db8cca9ecaa4c24b14ce27c89f,,4
5398177dfce083a328da4e71d4ea7107,Cone,10
53df222070da1ddf9fa0a73726d1dab1,RGC,20
54061ea7f4efb4fa1b3cd89c725648a3,,6
542c9aad5d5e0f97e60490292fdfc277,Rod,4
54304d17ba9dab4e9a545b2239fbdbce,,14
545a1d282062e68d1b8c1d3575e42b8f,Rod,6
54734bf0ae58fb8317b33152f758c3e8,,3
54a881b973d22ff779abb5ac1a1c3610,Rod,6
54b19d1842e1c5f6597cef062be4284b,,3
54c556a3d11bd84760b991874f7b6099,MG,13
54e29b4515e48d387682c3252b3eaf2d,Rod,0
551cd999eddb555a267afd1bc2374da1,Rod,0
556d98eef810e0b01f47ccaef90f9508,MG,13
5579cb610803029993ed132e8bbe3a4c,Rod,4
557e6479b7b1ea2794c7d0d6abb0b2e1,Rod,0
5591cc519f5883a123893d36bcfb845e,Rod,11
559216ea0e4b882d377c55d26a70a72c,BC,9
5592b3762cf7d19c2f7da0c4917582f1,BC,15
55b15dc75725c3e5e08272e2878a853d,Rod,6
55bce97854c5e6ac5ee8a97e61c4422f,Rod,6
55bda978ddf5c7acd9ecadf4074a356a,Rod,6
55be3a2fd2d0fd3922c7603b6f401930,Rod,0
55c8622d527f22e4667b7375a4c2d341,Rod,3
55f3bdd7c8f2aec9ae2665f89b45417a,,6
56127c30cab66e1fc6d162ef1fcfb51b,Rod,0
561ac768775d4866292ea98355e66d19,Cone,10
56372c78f3ee7796113d1c7df4303b87,Rod,0
5670319cfe984f5d0502732917482655,Rod,6
5699bc084b6ab6ca941ac46e29be1c9b,,14
56ab6786204ac66f7abf70216f6cea2d,BC,15
56ad02400c104a57a520d3f1cd944e84,,14
5705b028ccd75b7ea5f7abaf78fc29d7,BC,9
57106a9d1f9f59b7f94d7f6d33f4305c,Rod,6
57145e73d4ebd60f720003f8926dfc39,BC,8
5717fe3c078e190807f131c02310d685,Rod,4
571952c17e5f7083b809ee2d5864d8c3,BC,18
571c45da0c07355df2482c42f20b8da2,Rod,3
572b7ec625e2b3c6bedf34dfc8762ace,Rod,6
572f924a8d6060fcc4b7cb2bc0cce151,Rod,6
574cffd8824f0248852d618831935370,Rod,11
575ff7dca6447319405e21403bf377b4,Rod,4
5774f2116b673719cd25db96dda739eb,Rod,6
5778adcc7d47367372f43b6cbbf25238,Rod,3
578fb0489ed44c3bdba5a82af9ea9f9d,,6
57bab3b001872a6eae1d95865b63aa67,,6
57bcca7d25dc4bfd9e94faf3161be190,MG,14
57be0469aaa73a0ff053ac9e416539c0,Rod,0
57c58a10b09dab05b61007c4abf68664,BC,18
57dddf8b15bd9c7419a9731ea9e0a6ee,,6
57f8eea79b709313d1209e35ac05bf38,,6
58052b1afa768044e16c13e6d76dc059,Rod,3
580e46bb812c02666956743677486cdf,,20
581de310be72ac9c47d6a0797bf6604e,Rod,6
583234a0dc014f49b3d021dc79cd686f,Rod,6
58910adc1afaddb0f9cb82afadfeac7d,Rod,6
58b9576117d3f457d963ac0461ed8836,Rod,6
58c1fe3152e448a61c1c75671e58502c,,14
58d1910154baf815d3ac9ba0492bddb7,Rod,6
58ddd666439279b4ad2c1fb3b3e1da6e,Rod,3
58dededb38a10bb793921cab9ae63418,Rod,6
58e9895e67032b75339d3f09caf8a7b3,BC,15
58f1265d16eae8d54d859cf417cc9727,Rod,4
59135ab3deb63b5125be9534cd384518,BC,18
5919b3f5ee8861fb0799f2f1a7759460,BC,15
591c7467d5c9878e93ae7e0f16eb4e6c,Rod,6
592ab1c84652f2e56b0a8c5de2dd8164,,4
59624c6d881c6521500e7ceb946ee5d6,Rod,4
597db34700f8c8d1c71932597494e593,Rod,3
5990dd82066ae332c5b038fca13151f8,BC,8
5991064bad87212964e848985f9d9c9e,Rod,0
5993b80f0e768c088e994df69b30b277,Rod,3
599ad4ddb9782a49790d1b3cca99ded8,,14
59a032c0f428fc71be6ebe7a02fb4d0e,Rod,0
59a99a8e4771557ff2c7f699f1006565,BC,18
59abeb511fd1d4987571b0dac64ba04c,Rod,6
59af92610598bc8e439900891b3149a9,BC,9
59d16df6a9d9e74e92119ab35bd11c64,Rod,6
59e4256a29c6e2937768841afc7f639f,Rod,6
59ee2d6d763af05cb27ccc27703e169c,Rod,11
59ef126b5bb0503af7b47ff4e9146939,Rod,3
59faeaee269100fd606e92e55a6ce6f1,Rod,4
59fcb71896ab6a3d934449a7616aa411,Rod,4
5a20123ea2d9cd87d1c659ef0590ee31,Rod,4
5a344eada86ff49fbe4b86284b5dce98,,3
5a3a2592341c2a39a9a651d39e09bbb4,BC,15
5a48ff118ea7211c7e078cb7a084aee5,MG,1
5a5f27f3d2f65f6e7c5c6310c05704e2,BC,9
5a7a251e33792e3cb728e2a82ef5ec13,Rod,11
5a8e32f58597ac8aa59f2d3b841a9cb8,Rod,0
5ac6b14b291f4c9425af05bf0615694b,Rod,6
5acbaea7a58c60574c31c72fc7cef5ae,Cone,5
5adbdfc2bc8efe45254d4b88e4bc7b84,Rod,0
5b3ad569fa98aa153aa45faf3b7c9ded,Rod,6
5b42743361b5190b77e614300aa847ce,Rod,0
5b606d7356c4d17af39bee02403e2cf6,Rod,6
5b6ca540de1ca5cb0358b66993aaaa48,,9
5b6d07ac706a721109ff8ae73bca1d96,Rod,3
5be781605918cb0a0a897b777b177e06,AC,16
5be8c7579159b52aa4cea9a897104ba4,Rod,6
5c763fe4685d34ddc0e5e1de6df1c743,Rod,6
5c7ed14ee26ffcfc360d9fbd79f2e0f4,Rod,4
5c8bfd9c9f3d5f6a6a7fa836376a3651,Rod,0
5ce1fd99524ec88e90abe8984b201fb9,Rod,6
5d25bf57ef9ad4ad6159b1a021deb54e,BC,15
5d37f18a80bd790c937d88c09aaddf1c,,6
5d3d8d18b3725bcb6de41ccff64a79aa,Rod,6
5d5086620daeb0ee19550697069f0a2f,,14
5d829d7ff01567497855546d2ceb83ff,Rod,3
5d8f59ffa3a74ba4982e831d8a0bd171,Rod,6
5d8f9cf313ced889b863ff9275dd8635,,2
5d9a18b7b30dd02889bd5c7952aa45bf,Rod,3
5db2b0ce940f044e01fe801a24adb3ba,BC,8
5db2c4eabd76fcaf93db362458e9a5e5,Rod,0
5dbeff8616e13809444a679842b60a01,BC,15
5dcfe0231ffe4cae49e6c17188fd6bf2,,13
5dd0bc8eb32f8fdf219f9580282ac6be,Rod,6
5dfe213e06339deb940101e250ea9f83,Rod,0
5e291d2450b06ba8cd0c2a4fb034730c,BC,8
5e31f52457dfe61e82c49c5b31fbf1f0,BC,15
5e7260e8337eabf194b896bca54a77a8,,4
5ea2ed623f6b7dfe09c687772f91120b,Rod,3
5eb739dc3b7c07cca4a8c9b32723c3a8,,2
5ec38e752366f22e6c7a929db0fea66c,Rod,6
5ee7bf153177a2298b85eb5ce2c0ebd9,Rod,6
5ee876587cd07bd6a825a195825793b2,BC,8
5ef5fe6944b5cb93aef8c40a0ecd8bd9,Rod,6
5ef8e1bb7426587a5ab10d1cfd0c0a53,Rod,6
5efb8deed840c2f6063e9f2934686ac3,Rod,6
5f42d62510f942f33ced08d896f963d8,,4
5f53dab8900239d1ed83b7ee5840f5f8,Rod,0
5f68011c8f13ac2a968fcb207d109fe9,Rod,4
5f89e552acd8d0617cf01985869599f8,Rod,6
5f9c1d1b707c6da1a13899416629d019,Rod,6
5fae04801a24f93d59bf9a8145565b49,Rod,4
5fb1187192add1b8bc3946e551bb78ba,,1
5fc3c57beb2feb35a65e42924a7edfda,MG,13
5fcda3ec92408ad76d5e335eed1e9047,Rod,0
5fda0fd88de625785a1a43908b8a215f,Rod,6
6001152292221d26edfdba8923d03a6f,Rod,6
6022a0c8fe0b816a84c062da408b9a65,,3
602667d1771bb3517cc1f84c20d9796d,Rod,6
6028b42051b7c034ed81a3cfefda1af7,Rod,6
607f3f7dbe954a60fb87f5babe093629,,6
6089e546cdcfbe8dc8619bc99f70b28e,,3
60c867134e6d6dade511e9e484cfe2d3,,1
60d24ffa0160a897b569d59b9c52843d,BC,18
60f38a122bf890e5c9cd1220b2b0db9e,Rod,6
60f53200d99e99e47c7ff4fee61af5f3,Rod,3
60f65c70cc5f77d56575a10fd59a1bdc,Rod,0
611a8da024243db88442d84c22a57c60,Rod,6
617a4ce7113fb827dde358629c3bbdb5,BC,15
619dcfea760e53aeff870817ab79eacf,Rod,3
61a458cbfbca49696ed4e86db7254bb2,Rod,11
61b7385d13557e2852dcef2405c57102,BC,18
61bf514183b46e412e5ce4fb0c683631,Rod,6
61c5b9ec025d2218cd86958daa85f2fe,Rod,0
61cb3a2cdec52dac1818a77f01ed0fcb,Rod,0
61dd5c9e986ac1008ba2173fc895b933,Rod,6
61e4f49ac3abd6ab1983485862a640ac,Rod,0
6227e80164d58b9c06b343ea34f21c82,Rod,6
62337462326486538bb6bd753eac342b,Rod,3
625b629f1f1ff9b195463c3d7257df19,BC,9
627539a9557badd55dbde8ddbc3ee586,Rod,0
6277eeade9705637b340ff87a920ce5f,Rod,6
6297e406da51a6771b864e1022acb4c2,MG,13
629d6943dd174f01934e32c729de6025,Rod,11
62f7f1d29b6c89ac6598b7f2124a8269,Rod,11
63082d8a1d8dcf9636b82fa6dda2a0ef,MG,13
635239dbd6c3a2978113fbcf1f40ce34,Rod,3
63560d4288abf3a6d15fbc6231a8d423,Rod,3
6360989b926e568d89a600766ad8afaf,Rod,11
63a9ec0d4450286ba5ca34f8fb25b038,,6
63efca00c22c912105a6d2b7790b0aec,Rod,6
6412dfb326edb8f57026b65d427c92d6,Rod,14
644c327dce8b48afc6942ae942af16b8,Cone,10
645f5e78eb38ccd7283d6b282fae5b29,BC,9
6468f4e08f2cb7cfd41a09c3852515db,Rod,0
647d7269b94f7f12e9e0292c1634ccc3,BC,15
64840cd0aac0ca382e6a10ad1da98b76,MG,13
6487b13bc3e634fc513e67a49900a5b1,Cone,19
649a5f6034ca7ae6ede4cc34bd10e2b4,Rod,4
64b21df9311c347d91bb2bbbbd0da265,Rod,6
64bf156d2842786de9e9adc57485ed43,Rod,14
64cacab0c4d02d979574aaace8322a79,Rod,3
64d5118e70cdca17a7a82d522dd6b292,BC,8
64db1604afc5654e1fcb2bdfc9a73be8,Rod,4
64f5c780612eee7db2ed37d7c1b7d7ed,,2
6501e7fe5060327eff4be7005451fc87,Rod,6
6502874b75ccf8e030265f2feddf56fd,Rod,0
651df1c79d4f89ba1b0b47d415b79e9b,Rod,0
651e20d4a6311a5f23d898c5b8d07551,Rod,6
654128405a8a68b12f098d56a3381de9,Rod,6
65524f6bd94623ebae50d1a739ab01dd,BC,8
655a17b6c81899af22e5dc4ccb6e758e,,1
6560322438a13545c51778053126b45f,,8
6568c311acc53b4f49c20c9b0dc97746,Rod,1
656a22b97a498e244ae72ad514b828a1,BC,18
65831e8816203bff31f776960b1022a1,Rod,6
658ff1702b8662e0648b52a8e9415fbc,,10
659d1da66ac988390bba3a3280c1dd8d,,14
65c621fe1f8893a137bb9127c29ad76f,Rod,4
65ccce46b4e00ddeb02107c16893ec05,,14
65e292d400d49a90df944f9d23dc55a7,Rod,6
6611a374a6dba8f4f6565b89e4df0a5f,Rod,0
66260f47a6361eb2328a651d1addf071,Rod,0
6635cbdaccbfb20faad2a884fc251fbf,Rod,6
664c68114acf93615203b29fe4ea6135,,6
665a2bfd716464086d781b8ce3d8f50c,Rod,11
66703f3efca4bb88b26864938e57964d,Rod,6
667a0da81b9cf35136884e2028d71870,Rod,6
66820243ecf781e1701aa357774f281b,AC,16
66db26f9093455bbd974f345e1168eb9,Rod,6
66e650698603bcb6c95ccefc243325ac,,7
66ecb8d1a2aed9398c96b0a4ec5208d2,Rod,4
66fa16af89f0aa1c9cc6a87da47a1ebd,Rod,11
66fcc16d7383c465c97dc16a4e5428aa,Rod,6
6722fbd56a558eaf86db1183ef64614c,MG,13
6733a0fc6c72a55ef762a6225e063dc9,BC,8
67430bdd30212d2ed821b0f64f3f39fc,Rod,6
6743e8db1f06934853c24b7df4ef6e77,Rod,6
675781c93ac9e2d709467da326a4f04d,AC,16
6761e90b2ebc11c2ee4305a225f1ec4a,,1
6764caf2076e8488f11bc68587cbd873,Rod,0
677c72780288e18db87b630132b97f5f,Rod,6
679476c2317ef86e978d24eb07553782,Rod,0
67a3f69cee75bca485128ad9737a0e85,Rod,0
67bd831cb90fb2e41667c26194b3beec,Rod,6
67e84546d4a8a4e67d7d0cc5fa95a113,AC,16
67ff01d8e60d00e0b5d1f55fa84354a9,Rod,6
68118c96b4476bff316fe26c9be6e681,Rod,6
6811c159a21bbc02ebb948dc128d5cab,Cone,10
68198edec2b7b30e21b0c3a44464f9f5,Rod,6
68263ffb82d567d42a9e2b07a4518306,Rod,4
6829dd53d361cc3fec35baea00b0b0c0,Rod,0
684dd1974912720763df85d9e964da28,Rod,4
68aa4788f084d3756e8f3d9dda751305,Rod,3
68c5ca194e4ec91bbd98cc10e5debf3e,Rod,6
68ce59734191da8af79f1035e9fbeca6,Rod,4
68d967e0974e623093d4d38ec8b48f26,Rod,6
68e5ee7ffff97996a7e16003082bda89,Rod,6
68e5fce982800051a952fa46b8a09824,Rod,0
690dfd9d6d1f8e0f511caaadc8e06f2d,Cone,10
691806b0f2d00b2891b5ccc6ca82a19f,Rod,6
69189e3af8773710f36078a0217c0231,Rod,6
691a6cb15e4128dae83e01bfa193054f,Rod,4
6928dc4864f078bcc15d67875cfaa21d,RGC,17
693b7fa51f91e31203ab193020792427,Rod,0
69444dd16df31c664d539fbe047dce50,Rod,0
694a652c14ea9a9ea4eeb7fbfd3e2e21,Rod,3
694aefb4b7672d7848121690d6576f7d,Rod,3
694fdb53306e9e3217795210a5b7db1d,Rod,0
696e92cc4bf616f0bdde57014abaf560,Rod,0
69786747a607e58dfcb4a585a2a299e4,BC,8
6982cc5b0c2ad7b8071b46b0fba7e981,,13
69ae97a5b3fc81e3caa74fce3ae05162,RGC,14
6a0cd863180edbab50b7c7201c3b3b13,Rod,4
6a288420cda21f66a11284b98a620c90,,6
6a418df89a2790a6de662ee89d2236ee,Rod,0
6a435840f42654658f70ee935a42b53b,BC,15
6a45b8945ec9242466e4abc0e275b3ed,Rod,6
6a4b56276ec31753a3f2ff6194b3c094,Rod,4
6a6957ea6b125927b90035b0624da299,Rod,6
6a8b2fbc7c9d49c07dd4af8d0fb310a8,,1
6aaeee4a304d080ab7ad07605d1bec3e,Rod,6
6ab5fab8a2e3f56ef70314dcf90ce1c6,,3
6ae5a8704019cf1d1a07ff94a1cbae71,Rod,0
6afc7e7f6e9360c45fafa10d3bead55d,Rod,11
6b01ae1862b918e1453efd222bcb490a,Rod,4
6b03e4b62b1b4229a9170b03577c96c7,Rod,6
6b09a817437ec035b6ecdbcf78d0e351,Rod,6
6b1791481df364d2181422b679a31b3d,Rod,6
6b3318ec8c51a7fa5392361119c6ed09,Rod,6
6b6ba1c278054757bbee89f4c1573c42,BC,8
6b8283a997aaf322be541c65ac0f61f4,Rod,6
6b8e3d9ec2ea4a48d42ed911c9d4a669,Rod,6
6b9c38505400949cea9e4be0a8b760fb,Rod,4
6bb293f48180da63e18f10e9cc033ebb,,1
6bdb0aa06a548a17b56525d6c2d1c33a,MG,2
6bfa3d1af7893bb6b7c9d47e046d0c3f,Rod,4
6c05ff88e903705d1b3173c289f42329,Rod,0
6c44e96f125c29b8bfba59a27d2499bc,Rod,0
6c49706dd049425f80b39b60e22770ad,Rod,0
6c7292bdb1b93c0d888c746cb4ead483,Rod,4
6cbc82607f7994f3a3dc641e6ff0951c,Rod,11
6cf0cb834e605beedd1a85241e015701,Rod,6
6d233772890ed323afb9b369257c583f,Rod,6
6d4d201a8617bd78cfac69cd246c5b74,,6
6d8977b4e6c0fda8323ed669ba81bd04,Rod,4
6d8977d9c1785594b00bf3c507ac0fb3,Rod,6
6d98e0c5f753eeaa0274dcf5c169fe19,,15
6d9eb1e76c8ce069a9c35d5e1aa3890d,,1
6dcf05039c407d106d8208cd2157f56b,Rod,6
6dddc643c363840bfc0e80a5d148593a,Rod,0
6df3b502b3fce2bd0feef9b8a171bdab,Rod,6
6e101c699db2c387e6de7c2265aac703,Rod,6
6e37526b322a5b7bc66f1880ba054f1c,Rod,4
6e4e15f25dff098478a469515e53218d,BC,18
6e7e240f246b043342321e5e4327ccaf,Rod,4
6e8304212389718060e995f4e52e57d7,BC,9
6e9c2bdcdfdcb3d1956ae4a522ab04cb,Rod,4
6eb84c4518f9e5eadc7a87db8bf4657a,Rod,6
6ecca66afe6184e82b0c1643aae7a191,BC,18
6ed9d47d3fb411cc94eb13baad0ff059,Rod,6
6ee4179f5ad98988efd5b7f3218dbcab,Rod,14
6eeb57667f737c7cd61656c54cbcc7e7,Rod,6
6f0636366890919cdc0b3dc98ac0a688,BC,3
6f3faed686cf63b55df179aa4e2b9ac3,Rod,0
6f6d21e9fddb60d69395bfd47ae19efd,Rod,6
6f7d610f41b06abe672b2b7473ef2e95,Rod,6
6f8b9ce0b4ed77551d5bcb1b966eada2,Rod,6
6f9d6f0ca0c68013686e828ab1e43064,Rod,0
6fabc395c8a5c60ce1bce4fd6d3d237d,Rod,4
70319f955130d1a2e69b4807c3cccd30,,11
703ddddf41c55c9388ef9caa56949ad9,Rod,0
706b290a1248a1293905073578b8f5d6,Rod,4
707b6d7dc6110463345c278c6fa213da,Rod,6
70841a1f9c44e17db991157cc63de11d,Rod,4
70d593fe65f0df094cadd52f08d9cd40,MG,13
70e173100a8a4971e61d394d7fb7020c,Rod,6
70f6690b6ecafe5d296de8752dc55ae4,Rod,0
7101fa8c954505cd8e981992c9024178,Rod,6
711a7af8005cc93ce151726aefc1eeef,Rod,0
71211b3407c6b4db778f6e235e094a70,Rod,0
713971b1d2cba373594bb219eabc906c,,1
715446df1df6a8db7568de9d19825256,Rod,4
7158f63597fb4da06f948e163fb9a744,Rod,6
715d2db4b330f85b95589b970cde0255,Rod,6
7162d65b9507816eb3e267eb974234e5,Micro,21
716f6a63ade9a0f3cf57e5f0356a4cff,Rod,6
71abfa2f7c7ca758897717f4d2b78d0d,Rod,4
71b6ccbd72bc5f169386140b6679076f,Rod,0
71bcf8c5f8aaf1bdd01d9c4e2eb17230,Rod,1
71e6dc999f7e409a9762c1837cb3ba6b,,6
72068a8a00486fdc367c01bf7450cb33,,1
724e33f62df44799a61c95847a8675d0,Rod,6
72872073dc9d7e38ae3e16ea2d683bb6,Rod,1
72fffa18af10959f4d9b3d4ad13da841,Rod,4
732a1282cae8362f8fe0024a1b28a41b,Rod,6
733bb1737f9379c4d64f1066ccc38c01,BC,8
7340c8ef7fc46eb2424f8480bf82c7d5,Rod,0
737e5244eea35c3cfae63566a96c4746,Rod,6
7386cba847fcc8616d04f38bcd003d98,Rod,6
7387dbf290a6585e845edec4011280cd,Rod,6
738dec9bb40c768d919b2fce2a1e45cd,Rod,4
739e1f3ba264c66997605852d178c5ad,Rod,11
73ab80e20a9bbce6791e3f6be2af205f,Cone,10
73cfae902dbbc4695e23f8eb7da75272,Rod,6
73d4821968639809b3237aaaa88c3b30,Cone,10
73ea18dc7f6e91273083bb32c943b2f2,Rod,4
73ee7ac1b64d7d31fcb9d35e5c79fa33,Rod,4
74002e60efb4bb27f1ae496e2a40c5d3,,14
740a16631e666b69c4838ae0f3c79eaa,Rod,4
7419a4fe4bb6e7c70fe6b1646c77fa3d,BC,6
742e6160106bbf576f8cd64aa98462a4,Rod,6
7447944f3984dfb54bbc3f75bb110eb5,AC,16
7455c9220b08421632dede874fdb9edb,Rod,6
746a465d264a8a799a1d60d54176a87f,,4
7470a42cc6430d3eccd460d56ba6716c,Rod,6
74955c5133aface6ac31db518c34bd98,Rod,0
749e5ac82c781b1125e35859a57a23ec,Rod,4
74be84c2503e8b0dbdcf718a4362992b,Rod,0
74c63e6b37bba4c19b7f7b72f8e52e2c,BC,9
74e760699f199158b174ee60c6cbb8fc,Rod,0
7502c7b0d5fe7c2c9fd5c75ba6f65ff3,,15
7515ff266da747e5cf6a01b02d0cbea5,Rod,6
751b0194a2f33cbcf3a38b634b37b3f6,BC,15
75639332c1805f6dc7195adb245212ae,BC,15
75a36e2fab92c0f05bd32e3e24056582,Rod,0
75a9d812076bd5eadce177c8018ea412,Rod,0
75af8eb9f80b3c0d3815b2cf441c9dac,Rod,0
75afb620fd0c52016ecc090b5b35f3f2,,14
75b697582192222684bc87aa007c6260,Cone,10
75cfbe637e4b1b570575a6697c573732,Rod,6
75d275c4210d7ff8368d9ddecb3ac27e,,3
75ff4b8572d615f338f1351062695e3b,Rod,6
76121cb32bfafc1da56198de356048d9,Rod,6
76380123ff85da58764258fa686a12c9,Rod,3
763b53f3d5d0984c45cd8fe7f72695e3,,3
763c1087d11fbfaf89f6d2b9e396b8bf,,6
7646a5aede821aca4fb177b2f3740c6d,Rod,6
7647204634c3a791cddd67c058cfcf50,Rod,6
764808d655fe2f7bc59cabc6b5982884,,11
76602c1a4f940ce6d78317f0dae0c133,Rod,6
76c259ad7e8405af221a56706aa64657,Rod,6
76c51119628a3a798fdaa9f83da532ae,AC,16
76d40474ee19a08036fd76403d9fad51,Cone,10
773358f8306316a3cb16bd53bc1eeea0,Rod,4
773a3cc9f54c685d4d6a489206244146,Rod,4
773b576aa8a4c23976653897e4cfc3b7,Rod,4
774bf9fe6624ac7c4f3653e3fd7baead,Rod,4
774ec60a79a284a7ea69f122cacad14d,Rod,6
7762369c2666489fabb47f9be7682044,,4
77755e1794bc153bac2132a478fb81b2,Rod,11
7784ddd607c83c40de2c5587daadd2c9,Rod,0
7789f7050f6b22ca2931b5d7e634a5c8,Rod,6
7797f498caf4c3093d0d274ae1353ea3,Rod,6
77f951cd9a2a5686ca1386bd48fbd805,Rod,3
781eb6b5e479f5bad2d823c0fc8e1cc7,BC,15
783cb512b5a7018a245d833a3fbc9cfb,Rod,11
7848ce754723ee062a1f270d74c99cca,Rod,4
78666633016ce424b86b6470b6b393fe,Rod,6
786bf9ac94d233a94d1a3639993715e2,Rod,4
787dacd9eb1aa0edaeea76ae110c0896,BC,15
78b79e4bab3e188d788f933e05acf57e,AC,10
78c9d16349db149303800b76fba37b5c,Cone,5
790eeebfafbea07e57b654e785f7fc0a,Rod,11
791236b3e217aa5cdd843c5778653732,,6
792541fbca7d470673ea30370ae1d081,,20
794bab0d08e6574ef60738eae266e030,Rod,6
7963554e167b32e3dabcdfe0f81f80d1,,4
797367a097bc37f429e4b96b5b1b98b7,Rod,0
797c660f4abf7f201fe531bb202986b9,Micro,21
797ebfd82c020b7beed6c5be38ef5df7,Rod,6
799d5461c2c9a8fadced673038ff2e7f,Rod,4
79a3e540766608cfe63f9a66cc3183f8,Rod,0
79c62956d147396e9cbe1acf7083111c,Rod,4
7a1be4f8f40eeeb2a46bbfcd9ce81d8a,BC,18
7a2bf974e51daacdefb3673fc9db80a4,,6
7a2d7c0be53a810ea3fd126643ba4010,Rod,0
7a5449606668590c4bef4cd71eba724c,Rod,0
7a6867650856593364036dac3d0591af,Rod,3
7a704bff331277bde49037ddce2ecd84,BC,8
7a879bdfe1a1e2b821dc0812527a96a1,Rod,11
7a8fcd70c749c1a3e5800fd09ea4bb97,Rod,0
7a90894894862ec75f23b2f041ef5e52,Rod,3
7aa2a27afbb651fe8ead09f649210bb6,BC,15
7abc66e7c54866d2719e49b0fa2bf65b,Rod,6
7ae7c68b523e17445876b3581f40a749,Rod,3
7afd6ddece671568bf136ba62341555b,Rod,6
7b377f923f76073b40744b7af1dd82c5,Rod,0
7b68440e68c360153d782ffc18302e09,Rod,6
7b7ba83c5b88c2244b8c0edf2582eba2,Rod,3
7b9918434d4ef13268a96d30858b7e88,Cone,5
7ba2334c290584600184f2ba8adb9919,Rod,6
7ba30a1cf0c4bc85447f86e822bc19c4,,15
7bbbfb8742ea615db5e085babfcdfcb5,BC,8
7bbe9eb4b934de62fde8c71c4cb81dcf,Rod,0
7bc53ecd8b2a82cba8efc00356361fb2,BC,18
7be17eccfe460f37130e0f6073263783,Micro,21
7bfd656229f5202d0c0dbf34f52f8146,Rod,6
7c19a1d32a8c975b3815fefe8341799d,Rod,0
7c1a3f53224aec5ac606f1b06da0583e,,20
7c26e1689c654b1d9554ef04ebca8146,Rod,6
7c4ff0592609db1f57ea1aceeec8310a,,6
7c55b2a6b5b30afbc94f3232947982eb,Rod,0
7c87e2d850680a7f6f81a81fa986980a,Rod,3
7c93c4960408aed8cca28ab37517f733,Rod,6
7cc8464d2f1f3acb3c8a913daa7ad9fb,,4
7cd1e73ce793502fbb5f30a10b560271,Rod,6
7ceaa02af80bc296d6b8951739b81e66,Rod,6
7cf5f32304333dad9e76c12202769811,BC,8
7cff5f111b1137e65cd492f57d74a30d,RGC,17
7d60672d51cf5ebdec7ebdfde2441e35,Rod,11
7d7773ed07715f7a7188d289b7edb8b5,Rod,0
7d8add24b4053dbf0aa392a43b3cd051,Rod,0
7d9e4d29bb9cb9413555eee6ba0bc795,AC,16
7dadf760ebc4daa720090037dc0b35de,,6
7dc712b470809e8e420296974359a004,,16
7dd38d9adc8b0714337978fa842d23ce,MG,13
7dd82915ef7b5ff624637ceb034202d0,Rod,0
7e510479b5a29fc3e6f20f59d3d6e302,Rod,6
7e51b6c5df0bd46bdd78dba9fc0a479c,,6
7e5e205ef2e278a9119b379b294adc82,Rod,4
7e7ea091923d568a91da845b59454370,Rod,3
7e8ac719be690d2473b785c910b88a6f,Rod,4
7e93da1ecc1286d1209d4dd876c5f3fc,Rod,0
7e98985431af35574f8329fa737f79cd,Rod,6
7e9a4d8dfdbffe095b61ba25e11a6a8b,AC,16
7ea42f973052843b58fe6a242d1e5f5a,,3
7eb1379f0c1dc6cd288e73a6aea7d46a,Rod,8
7eb54ddcd48c28717fa325c05a37d451,,6
7ec24f08cf4033129c3e19ebdaec11a4,Rod,4
7f2fb2544030cf05b5a05639f3a9e03f,BC,15
7f472f387825fae5b1ca70bc9b0d0ccb,Rod,6
7f5050f228117018dc822b5107685abc,Rod,0
7f522bdaa43c03ed9a8e58d76a616bae,Rod,6
7f60056b0f22197009e1184a120527e0,Rod,6
7f7150c9c53b676c9c92080329ae3af8,Rod,0
7f78db97b2551b67f1a57e4bf5aa6aa4,Rod,4
7f8b728b7229fe65e72bdee69f595257,Rod,4
7fb60b77a385db6adc5b9ef384a6fc01,Rod,6
7fb79a90429834ac65b6fed74a4f2cd5,Rod,6
7fb84c2a929aff2fcdfc51831618bf3c,MG,2
7fbaf56d03a510de3cd8ffbfdd945251,Rod,0
7fec5a163064a5e253278060e8e86af4,Rod,0
7ff85d5d09cf634f165f0f00ef8424a5,,6
801acf457a00ef8a2513fb38fa5a2389,Rod,4
802195959058b66aee53b0a262edd2b8,,1
802f7c811e2025b2cf5041349e39cdc1,Rod,0
8070ac8090e194c52b221f6ede60fb70,MG,13
807db3e336536e200fe74df4c7fbd1c9,,6
809ea3b3fca6070ff46f74e028f4340d,Rod,0
80a8f74a01bb487daef15ca193476bb1,Rod,6
80bbfac7470ea17de32b6c81280fe733,Rod,6
80c043812f3dda118a9359ac9d52a345,Rod,0
80dab1cdf255d5cfe22c8fc684d06408,Rod,6
80df98295cb20d8d9491037d4a60cd3c,Rod,6
80e4a9fd9efad4f30ecc128ff694712c,Rod,6
810c5ca996eb13595d77d60171cd66f4,Rod,4
814b0617c7fd11eac32d5834b9cbbc17,Rod,3
8167973eff873f25c12b6064684926e1,Cone,10
81ace47ee0dc23b9abcd92b0a20de693,BC,18
81c13d8a645f1dafe5b249b3d77380f4,Rod,3
81d1a0d936ab44f908f956842f6438dc,Rod,3
81d68e47feb5dd944a0d5b37f8b7f4ce,BC,18
824624981f35ee2f2e3f1d0df4ea4677,Rod,3
827733a21986e93036b2bcd163a637fa,BC,9
8284299ff3920948f93ea010e76533f5,Micro,21
82a6b3f7aea3e8eb6b529478680b09b5,,2
82b740a2409a529daec12a7e247b08c9,,15
82c1f72ff10abb12e1d766c730f1521e,Rod,4
82c5c5ae12b297d4c3e56245ee4a5efe,Rod,0
82c61378a0367811d77c93387ef0e10c,Rod,11
82c91e2cc98131e5879b3c6a5d343e97,MG,13
82e6dd21f56f8bce6f57675198ff2120,,1
832197849e948b2806fd75d42ac28f22,BC,15
832ac3eb066e4def31c0528b95a2fb56,Rod,6
83821316fbdae17a326a6747bf32806a,Rod,6
83941d59b3c8e35d23156c387dc88ff2,Rod,0
839604f455b1c3154c1e4356e5f0678f,Rod,6
83a44ec0db98a9722c8414546e9e1f25,Rod,6
83cdf46e57adb3cdec0f4c4696f6ce2c,Rod,4
83d22947613708c3fc484c55ca5620c2,Rod,4
841c3777013dcc5423baaeb0cee6f709,,4
842ebaddfd3c742c4ace3755f4966b27,Rod,3
843e02baa76389aff6c68edf36bcb7ee,Rod,11
843e93fbe522005b2190576c8229f40b,Rod,0
843ecec8d8714a07b25ccc3c64f198fd,,10
844c681e930577a6bf275412290cbfe9,BC,8
8466423f40f106db2624c1bad431287a,Rod,4
84746d71f942347043451d9ea6ff9d84,,1
8478c00cc603ff63d02992290a5635c1,,10
8497cfaade2da39915a9794ed9ea75e2,Rod,3
84c4e6b5539e8c30e7615ade67d08769,,2
84ec752d2696b8dda308df694b1da4af,,6
85150af49ecf2afafacfe8d3faf597f0,Rod,6
8525e57d205853cd721ad3ead3ae5995,Rod,0
852d30dd6cf339d68c7f771f10a92f8d,BC,9
85952f8c538d17401bc3f74c836a3be1,,14
85a762d40c00aa6bc498cb0f8fed212a,Rod,6
85f07fd8bce09874b298ba68be9ddb92,Rod,4
863d65d7e01134509f401616b71067f5,BC,9
8649f1754de377c935552a96c4018c0e,Rod,6
864ad955211fbe86b1fbbce4db107160,Rod,6
8651adb13a1405f1e755ec762dfbaffb,Rod,11
865d3143be3ac0253fd227df5dc99521,Rod,6
86936cae794154ab879a87cc3ce538b2,,1
869b7cebe8c7d1aba22e8357bb16df46,Rod,6
86a646e3edd88728d86c7a3e1e02aa5f,Rod,6
86becff28c6268a62117fd366ae5402a,Rod,8
86cde6a6ae2adb6457377d2813cb72fb,Rod,4
87041f77b07dce992a7f4146bf58544c,Rod,6
8726e2095641f39515a0e25a4cddce15,BC,8
8728bb394cf60577d1182d49294fb448,BC,8
872bd43902f40700b099de5d4e1042f8,Rod,11
8758ddd6397eda89086768fca3a15280,Rod,6
877973129bf894aeee18f0b5b518721d,Rod,4
87f58d2c17a83cddaec0c0e973800181,,14
87face335b0033b1d775de4b0bb83fc2,MG,13
8801ba970e70ea472aa2af6c55f91d00,BC,18
88101ced340da9301269bda8a4b4d1ec,,14
88111375b022cc018e1e9c216075bac3,Rod,3
8820e20af9935cd2cde40cb8625261b5,BC,15
8828d787d943c420c40e9077753a610f,,6
8829e1534e82b33976a60474ca58afe3,Rod,6
882aba3fe66eec75a2897fd5406b17ee,Rod,6
885774ed930e03df4af7e3973f498a5f,,6
885f262e85edafaac9ed5b7ed7dd1b70,,10
891ecfd03c41e966dee6ecb61e40b594,Rod,0
8922934e043acca9277372f9a51987f2,Rod,6
893c2f012d6769eb0617cba6b2aa8417,Rod,6
896133e55c8b1a763d93e9f0668fa0cd,Rod,0
89ca957aa8791e956a215590d7a87b26,BC,8
89ce437eec21130ac4f5c38c6f936f32,Rod,3
89ddd4e721baaca64cd7eba175f06bea,BC,15
89f6f50c1e25af50a0898831191e52a6,Rod,6
8a0a08ab63d56458457a97ff89aa9b2e,Rod,2
8a1df95dd97e3d340b92dbfbd8dc0574,Rod,0
8a3262c84c307fc9dffe26a683928872,Rod,6
8a478d0da350cd69bb1637edc6d2ea73,Rod,11
8a54e5cf087b4f7737bea517b8d8e722,,4
8a8d50935a2d8628619c2ff2d6774cb9,Rod,4
8a922c8747aaf98382e8f3eba90099be,Rod,0
8a9fd3cff847ecb4137685d8a6d28a73,Rod,6
8ad0b9a52fa456f4ad8b8a10c476d663,,14
8ada8405e490e3776809b04010d6657a,Rod,0
8aedc016ee4340cd1455400dc31d708f,MG,13
8af04bc5a245362c77a585afe35fb32a,,2
8af1b40ec254618bb59ff0f80aabab49,Rod,0
8b0eff6ff779a7a0e99d6f575aa0287b,Rod,0
8b1cdee049c63d7aba52e68f477dc125,Rod,4
8b56568134333098a2f1d007acffa744,Rod,4
8b57fd8b2126e124e16d39b838de1a97,Rod,3
8b74b9e0e4ee4896ae21b6895521c1af,Rod,4
8b9074c821bd9ec5d0f80726ac593753,Rod,6
8ba313808eb191a8d8b51285540716a2,BC,8
8bad6260465f4774529e42fb6b7dccd9,Rod,0
8baf8307ac849d2363e5cb7af5256b25,BC,9
8bbe97107a1e10c685ea836db969e44c,Rod,0
8be25ee9916454834cf0610aa682ab3b,AC,4
8c165773bb4fcdf9033cef30377236eb,Rod,6
8c42516415873092d130596c4374f109,Rod,6
8c4dc2c5a9e9e986d1dd33c3914cc4f8,Rod,3
8c56b4c417c62db9d25a9ac5e96e8622,Rod,6
8c87c8a26760dd692a97dbcb9f6261d1,Cone,18
8c89ec77fa9cb6e02d259ea6fbb0ead8,Rod,6
8c9c74f293cdaa5a633212d391f60a66,Rod,0
8cf4e655d6d5c04045cc7dbeabdc9b4a,Rod,0
8d6841ea064799500cb00aa8635275ea,Rod,19
8d7f265f87636554d1e6052abf4bf131,Rod,3
8d89f0825471bcda15c73b7c3750ec09,,4
8dae4ee9221b5d2d9e9ebbbdce356602,,4
8dbe5a6ec8a5d1cf8715be1a95d69767,Rod,3
8dd354a1a8c2dd007b2c56b213b196a7,Micro,21
8dd66b66f23d36de5b59e583356c0a78,BC,18
8e1418c71ff996a710b148d2dba4ba01,Rod,6
8e1847cf2ec7f5f83326dea04d8a5234,Rod,3
8e1ee943c72a7d6f070cbf9869b89db2,Rod,11
8e5dec7e69346a7bdf57e05ca82d795d,BC,9
8e65bd58abe673fdec223c6a68157d4f,BC,9
8e7774de9b94ef0d35902af1442120f1,Cone,10
8e79ea8cc4921ca8024b6e5bf595650c,Cone,10
8eaf1a014d975fadd8d38e97d2a72b34,Rod,6
8ec07a6136429ef539e62baa837a5bfa,Rod,6
8ed552510e3c458e1a770e095c3e862a,Rod,0
8ee08b2cde1a3eb64c664e99c2e08d8a,Rod,6
8ef0b8d2762b5748ca9e1eaf8c2a0a3f,,6
8efee8d5136fb2d26fe9d2b2c7478804,,14
8f08713217fb9c8d05ed2b3d96972278,Rod,4
8f14942d952b808f51f53f6b29913679,,15
8f243df5d8c6caa3663038e038061b6b,Rod,0
8f3ed6e733ec744d0276ec30833175c7,Rod,5
8f716b1787e34a35269fc13bb1d6ca71,Rod,0
8f7cf0aca5e822d92315097c9d0ed7ef,Rod,4
8f96f9ee9aa8c3685490fefcfa20a77d,Rod,6
8fa5cfb1b40ffe66a4284c1478afcfd6,BC,9
8fa63ccad342866b9962a3c8dc0525be,Rod,4
8fee2c4ee7fe50fff5bf41e3bf7cacad,Rod,3
902bae0ad0fe4e17dd6c2ee18fa01187,Micro,21
90313024038a8971c21a6816da672961,Rod,6
903a3e05d16aea51f6beafcebe49106e,,6
905b56aa2cd71b8ccba1a142f9a3ce04,Rod,0
90800c08116ad34821f0021a92802f50,Rod,4
908ce9a8c6c6961251668f6861e761f2,Rod,6
9093d11bc02fbc1285d18034b9ed8372,Cone,10
90a79171138fca10301742f81d1ec5be,Rod,6
90b22f776bd9aef65953de64fe118e00,Rod,6
90c9742bb0d1de5cdb41041ec2da68c6,Rod,6
910141a5b59ebaef19f4e92822949ca0,Rod,0
916c8bdd5978cdf6d059a05dfb5d0fa2,Rod,0
919f9333f578e8a482a614d2d6366842,Rod,6
91b360c0aeafc8ee457e77b83f07a2cb,Rod,6
91c5b3e562f2e10e1f9d6f8923847623,Rod,4
91c890b0498943860765ae11942f8054,,4
91c9680fff350152fff6cf3a7086c0e6,Rod,4
91ca47cb5840b011fb294d245b412b14,BC,8
91d71a38b0760b034c83a386998a001c,Rod,3
923bc1ac11deb2e735bf2dfbe24da070,Rod,6
9246c2e31456940f691f971366b5eab8,Rod,6
9257cebb88513f28f66d82ffe0c10ed6,Rod,4
9257d1dfb19ec1d2f6e293de1a5828eb,BC,8
925af2584ce8b0a0e25fb3d5b0f227bd,Rod,4
925f255cd79d6dd25b0057d456aac1a5,Rod,0
9261433e2baa39bb919661fbabc85c35,Rod,4
926a13e91e54a988e3fbb84f4a950b63,,10
928d70fde40b2bc38aeee33d420da8a3,BC,18
929176474a8aa30878ed1a30bfcf0864,,1
92a2e40f4eef4520f852fe244afa07bc,,1
92a6caadb7b31ac6d686e0d3c5da4c2d,BC,15
92d180f57788f90efdbd33b988018812,Rod,0
92d4d1f068342ced0586a8a3a06b0104,,1
930c4ff8d3f45212c22a0536974bad79,BC,9
931323304ec15a91e84ec9c3120d4915,Rod,3
931350562986e58b5d7b48a91c2424af,,6
9323d77f9572ac913b17f2f05bce48a0,Rod,4
932c2c35692cfea7c7f09a8c50a6b749,,3
9344b0ab530dc3dd0a8f6bc47498308d,Rod,6
934ba95621e4590b09fd3cb87eede27e,Rod,6
9357edee182816ad1b9c23cac2298bdf,Rod,6
935986c30960dd485f7b70dfd8859c2f,,0
93723c1b67413b5ea52dcffc2508de46,Rod,3
9383931216ebf7ee38d85ee4d0979f18,Rod,4
93a80357360b7bc11e90328491665457,BC,9
93b152c4c3dfc76d531d7af41dfa7153,Rod,0
93b373b606a14d005746db85cc28a3a4,Rod,4
93bac6a587918c21d466e9a6c8d02b9b,Rod,19
93c6b2f01bc0597051c1fed796e8a332,Rod,0
9424df9054d4308c51ed876e20dab8ba,Cone,10
9431fe1fed28540ece574f7e71eec12e,Rod,6
9454b275a96b4895b88185c30e154329,Rod,0
9470ddaaf21508399cb240a886586fa4,Rod,4
948d80ca5f2373dac87726fd215ee31c,,12
9529eb620322f7ba0646adbff83e3d7f,Rod,4
954e97aaba31b87034c35d6684c56dfa,Rod,0
959c2dca160b2d4813a506482c1165f1,,1
95bfbbf6546fe040874b25397868f673,,1
95d07d0eb77484ad5fc0e47ec7a24cef,Rod,6
95d1c9c75d893432d1c9ae0451e808d3,Rod,3
95fb586a54e49824f4a1d818faccd1a0,Rod,6
95fcf557c7dc65a72903121d64632178,Rod,4
9622d3c8eecd4d001e13bd5394f55707,Rod,1
962ed9af127eba8f394c9e0e2247842e,,6
9652d90a19aeab4abac26d823df883a4,Rod,6
96925618d929f8d30b075ce594e1ac96,,19
96bdc0fbfd8c180af93d4170a585d97e,Rod,6
96dad240902896066eba9819b40a572b,MG,2
96f003da290d4149838f709e97db0646,Rod,6
96fa933e070c354b58e1cf2bc1203f91,,13
96fbb945e2bcc489ab7038039710698d,Rod,6
96ff5d965164e102d81cda28edb53c26,Rod,3
9710776e77a92cd309b00e65a657361a,BC,9
9770e3f2af88ede81e989ac0a7c6e0f3,BC,18
97a1daf1d5bb005e3a7a9c8c71a0c633,Rod,6
97f9e238345931d8957347dff8c90c31,BC,18
9818471be14ec8b5dcd9218ffd278777,Rod,0
9857e81ac782497f3db547375b321add,Rod,6
987d2e7dd163b5adafd4ed558a78acbc,Rod,0
988d80e084849f54590202fb8cc89511,Rod,6
98a6447a403cad2adba596725213b17d,Rod,0
98af4d7aedc282aaf7dbff8b2bbc7c22,,6
98b5ed2b4df5cf0b39129139b89fee41,Cone,10
98da409dd710f0b44bc33dea9daabe32,,0
98ef4a1e3f217560692bb1c75bd93f41,Rod,6
991405dfafd4de9f5a3e0823ccef1dda,Cone,5
991b360a8d09e83e7d00c6b9067db73a,Rod,6
99442bd2e634418e731282ca9a13bc73,Rod,11
9966c82504c84bd6a39f2624ab70da18,,4
99e304d6c4dcb140256bff2b312375db,Rod,6
99ec31fb3dd4b0c11f35303ece6a0566,Rod,4
99f4ede8e8b0288f74553ff7b112cf28,Rod,6
9a0107e8fa4febd91782d6aef123a325,Rod,6
9a6b21b65adacc674843841dc1cbd4d8,Rod,6
9a9027a0ff9e513f43a7a295dcedc929,Rod,6
9a9477545984dc26490454ba69322029,BC,8
9aa49d0ef3481a606a33a2c97a726e3b,Rod,4
9aaad6d802cf684a6735d231aed77c91,Rod,4
9abe301d13515688a467990159aa0e41,Rod,3
9af8448f7a82434b24323d9236c85cd2,Cone,10
9b343552f2cb1ec84488716b263d69e3,,6
9b3576c256f37cbbc08bd84abfec4495,Rod,6
9b376064990de9156fb6e33cc6645d2a,Rod,6
9b66f2faea478625f85fce9ef7d5370e,,16
9b7300ee5f20581da7ff4c6c820afb12,Rod,0
9b952654cf188ef139f9d6832c7882fb,Rod,0
9b99e00197d8d69ba86007eb38b8ccf5,Rod,6
9b9edc9dc6beb2b2455c6cec5e77d310,,6
9bbf51d9a8f20acc9c853302a60cfcf0,,11
9bc7ff3ec4dd687369f14e772009c143,BC,8
9bdbe6d628613c754263f9a7e3ad8b0e,Rod,6
9c2e6086ca102980b549e8c7b954fc8d,Rod,6
9c3239f194d46d9acbf0dec86fa781c9,Rod,0
9c409c02fbf42ba539105e771b8e12f8,Rod,6
9c56cd276ed2e2e3d6c4afe1739b0fe9,Rod,0
9c86a6c5e54f9c6214262b063d06a12f,Rod,6
9cd5bf5ca87971628ce67c14833c1aa6,BC,15
9cdbcd0c441f4f05fae20d4328d29281,Rod,6
9ce2e70205f6b2949f5ced809230209d,Rod,0
9d1475ed124d05b895a3b9f013a15345,Rod,6
9d52adb990eb3e2dc3c28b4ba052dd18,Rod,4
9d873b2b3be3342d2bd92a029b4f2405,Rod,4
9d94b19ef0fe4828a1aa601e67cf5d17,Rod,11
9d9708eb52ba7b7cb2274407a3fc03ae,Rod,6
9ddd2fa38518e1a7906fdfca913ac651,Rod,4
9de16bec9cb585dcea17b8192c66d462,Rod,3
9df35ca7c2792364e745b4e80b7699a4,,6
9dfaf6e4bcfe326fac7837807d692487,,14
9e0804af7c4fbda52eb22efd1a8d26cf,Rod,4
9e1ea1217649ce9cd6b52f6a087ed6cf,Rod,0
9e3a37b8d29e583b5ca83c3aa092889e,MG,13
9e5f6c66d2adc32319f4981af7416cda,,6
9e6d83d6e2fdc11c306d3ae52a2d7df2,Rod,3
9e76d581ca7e91077a2419bc61eb3ccb,Rod,4
9e8fdaae1f065dd098b3dea30615649e,Rod,4
9ebf7c99f28deaa6465f9b32128c1dcd,Rod,0
9ecbe194c2fd5cd41f2d3c0b9d7a72cb,Rod,6
9ecd3b581ceedda44e8aada4abeabff9,Rod,6
9eecb38188c8ecd94ff05212f0c40aa6,BC,8
9f4651363450e9cb2ee1bb515fa7cfc2,Rod,0
9f4897d02cf8583d9c4f531301c48fb3,Rod,3
9f6463e4a99f20ceafc6439100ee04c1,Rod,0
9f6465b18ec81604679d88aaad260382,Rod,6
9f746d2c65bd5a2295cd7dee2324c16d,,4
9f772341d1cf2d5ea8f71b0d451cac66,Rod,0
9fc8e88b4668f651807e3878c0b1e313,BC,18
9ff3aa276c16697f92b96c67e2e50640,Rod,6
9fffc46fdc9a4d25c5fa059cbdaae871,,4
a003bc38e9ed20362dfbc2f42f57f11e,BC,18
a024ef1d7f176a72dc9d1d755e7d40fe,Rod,3
a02c94408d8bd30ca430a0762df8b403,BC,2
a07c7c8d375e35a15737a9b5579f7a15,Rod,4
a07cd8bf664e9f4c6da77b965ccf3b2f,Rod,0
a07df93baae2e3882e9cb804fb065c4b,Rod,0
a0cbe6d9ccf0ba2640faf4deb356a183,,14
a0dc0b720522608eba1739d5e65080f0,,1
a0df75799c4a8f57f3740e82d1523540,Rod,0
a0f29627f2ddadb14982548f02f395ec,Rod,3
a0ff38f4a88310ce2b83ef2ef59ff6e2,Rod,4
a10ff198de7fba04a23621f459ed63be,,1
a11ae15dbae16e87897ce59716047f42,Rod,6
a12027b5f594779f75d5c08b15def6f4,Rod,6
a14273c2720f30eb44120189ec9f5946,Micro,9
a1477efb122c036e4c6118ea32a49b95,Rod,3
a158dce367a383c8936bcffb91e58d73,Rod,0
a15a2ac3293753085a7053d898fb8ddc,,9
a184edac4834bf34d3cc03d868f1e268,AC,8
a18ab29ed3217b317d15451720bd0668,Rod,4
a18c4214586916f5c38b7d7f4fdf1c4d,BC,8
a1a21aa18f6e9f97d7d5340bc7e7f24f,BC,8
a1a286a7d1889fbf20b050e32463095d,Rod,6
a1aa5ba6af1f53f4459b28f4a500bea9,,2
a1b47cacbe417b141f57109edd82870f,Rod,11
a1f74dd8566bb50868380e23fe98c9dd,BC,8
a21cb2b0b1671b8a167b1f6a3b49beb5,,2
a21eb9163e34ef143cd0f546b9f6a56c,,1
a21ed2fbd224a7758d41a55350ef2bf3,Rod,6
a23ac0ec8e429d58fb5e309a7b5d2805,Rod,6
a2adc0fcecc30a5f558e3ad94c8d7675,Rod,0
a2af2e5217415ea1c401746abe5a7f77,Rod,6
a2d8e6513db8064cd708681d102c26e5,Cone,10
a2f3705f9e52820fdce619e37b06708e,Rod,6
a301d8ddb05e449f31dc66a3fca46e96,BC,15
a303dc7ccc0c9f91a1c1dad4375254d0,Rod,4
a30aa16c67c3021fabe8bc4bd12c1489,Cone,10
a3124c7be43fcb7d4198f67c1e5273c6,Rod,11
a31dbd76650f00465cd0b7c28173b2de,Rod,6
a3c21495de8d645e92ec9844db034365,AC,16
a3d5be45bfba702c1c94add9403630a6,Rod,3
a3da32e520fd47299274b5afcc54222a,BC,8
a3ede1233672adc3e91d2d7c2cae979a,Rod,6
a400ea5014c039c59172151381312eeb,BC,8
a407de4184369fe021f1595cfd0fcbf9,,6
a40a169c75dc8179ab09e6ac586f6d83,Rod,3
a4534626a7996b190d4bf375fd2c5b02,,4
a47fbd0acd61d0bb67291070b31d92f0,Rod,4
a483f48523db54c095863dd5ab0de226,Rod,6
a48b61da39bc35095f8ec28a016808cb,Rod,0
a4cc2ccba89c59bd205c2c5beddd3b3c,BC,15
a51292020f9d55a8f250508a39e2a41e,BC,15
a54508c6c994abb170330e3ce750a0f1,Rod,0
a551547b8e196e45154c09a93fbf6384,,4
a5ab3d1ce136cb7aa78d357773e228e3,Rod,6
a5cf6729b259e5f108aa7592c3e95f47,Rod,6
a62dbce4dbd0f0144424c58eb91c474a,,4
a63935e68114dd707a3b73a124ea3630,Rod,3
a6517b032c2720d6ac3a109d95e69dfd,Rod,6
a657effc20d1043f5e86f1a4842d02b9,Rod,6
a667b359fe73bdeaad43d467cb032c88,BC,15
a6786e890da726b0538783c6b33fecb4,Rod,6
a684dba163fd6657440ab4d2ed8c3668,Rod,0
a6942ad76c14c9e89d3c0fb485c75a52,,6
a6a162c7cc6fb716546fe3213fdb22f5,Rod,6
a6ccfb6775c59a90c9ce0e68b383b619,Rod,6
a6cd016ba500875473628d8421d913b8,Rod,3
a6dd259fbf23c1a93eec01bbdedca961,Rod,3
a6de36eae83c16e7d91812625ff06542,BC,8
a6f706d31b91050462a3212b3a8b86b9,Rod,6
a70bfcd7200112ff86f32fd2f42b3a3b,Rod,6
a711199a7047b5e75e91a2f21869b42d,AC,16
a71dff9d79bc549909485c639fd6afb7,Rod,0
a730e3ffec9e234f96186d688dcce724,Rod,6
a7374d73c55b80170cbc7ea5a36cb6b6,Rod,6
a761df465c232a39e8036dfb799ce775,Cone,10
a79ca16d730652c6bb0fd7e162e482ad,,1
a7a331ea4bb8a0c69f12cadb47f9eae9,Rod,0
a7a7add42b08b325b1d0c5834c22a983,Rod,3
a7c22715ff0d8af4e81ca01ea449e4bb,BC,18
a7c2e5ebd017c01852e483d94904cb29,Rod,6
a7ceed64f4b4f60f8bdc565de94abe1c,Rod,0
a805493ff4a4acd467eed78fa367b0ce,Rod,6
a87ae80fbb01a4d24d8fc709e7294171,Rod,6
a87f32a96db72d5d91480b79bfaaab46,,10
a88d744b872d1762aed90f5a3a5c4541,Rod,3
a8d124fbf02719752143cf6adf20715a,Rod,0
a908bac6f6369c954200c1129348a51e,BC,8
a921025490db34591f350f5a630e148d,,1
a922aefabe1a95a8560b020387c5f443,Rod,4
a959e1ba47d2882ad7b5c7066fa3031c,Rod,0
a95ae0a6a37b0cc14863c563ed64f5f2,Rod,4
a97442d3fcdef1cc2bdb874e02b7b551,Rod,6
a9ad3bef283914b2ab90d6557b5dbc37,Rod,4
a9b3b173fa5a488e5628838b2a1b4c98,Rod,6
a9bf7d3f64dc6b3f46e3a80db89719d1,Rod,4
a9bfacf55897f22f6f40a005e6a223e0,Rod,0
a9c301e99920c7c2689ae2ebbe4c3185,Rod,6
a9e2ba3b9e492365b673fb03c86fb804,AC,16
a9eef078f032e3fa46111549c21aa4c9,Rod,6
aa0711bf65c2d09e731c16d6a472051a,,2
aa1ebcf2ac48037d1be87018c54d1b86,,20
aa335524813cf47ca8594380dd7968aa,BC,15
aa431d975acfcf29cac45b1dcf4f71d6,BC,18
aa4f5b44e250d012e409a600c02bff16,,14
aa67cd63c44879e31ea7cd60c8d24162,BC,15
aa80012fdfb424d0c91abe9360d19c4b,Rod,6
aabf62bb75462dd228d89a6e7b631400,,10
aac938235b87d6bff63c361cfb383836,BC,8
ab0c212f13eb69abdb80927b7d0cb9ec,Rod,6
ab17de24d99bfbd28f9413d559f20e23,Rod,4
ab315ae50d5b82d75bc2167853c055fb,BC,9
abb30e87122199ef579857b391fd3668,BC,18
abeab40071f94fb4ee8bce67b33aa77d,Cone,10
abf023ffbcdd775b5f10deeb9162c6b9,Rod,6
abf088305af6f64ec80c0cdace0a5462,MG,13
abfb9bf1ef9c50c20897c71752c5b9b6,Rod,15
ac0f81e3b87bac80d54e05230572bd1d,BC,8
ac3ba1c5962784942fb856399acbb303,Rod,6
ac481f22af4acf4476cd069e3d0f6f18,AC,16
ac6773d95baa9f0d3175fb636b800760,Rod,6
ac69c8e159ff2f2bab5e71d95faab2f4,Rod,0
acc00037f5e91a3ca018b420b8d80cbb,Rod,0
ace0405a3bc38af22a45e2bbb0151daa,,2
ad368e0cee438d2f2547b9f39f2f8bf5,,1
ad51054cb1e7b60f9f8b26c229f3904f,Rod,4
ad5b5d3d43793a7053c019f0e64bb53f,BC,15
ad7c72999122de9ab099213613a14086,BC,15
ad80d6ab44f3ad47758a4e7edfdbf20e,BC,18
ae472a7f1dd858523cf6b21f631ddad0,Rod,4
ae8c8d93c18ebfd24636b32f11910393,Cone,10
aea04c94840b6444a463d81c41fd95ea,BC,2
aeabd6e4cd08ef11683cba836af38ee9,Rod,6
aeea71575caf28aa1e525bab6be3dfca,Rod,0
af05e88db21a7cc88762139cc33017d8,Rod,0
af0e6261bc507a8e765c8eee361b629a,Rod,6
af3d92dac3dc53611b14be87f6608c31,Rod,0
af42637d6866ec42873128c61f73d146,Rod,6
af63e06bf38673552dde7e4d93f4fa77,BC,8
af79e79d2a11526b981ca86efa8c36b0,Rod,6
af819163b38830f25388adfee044ad94,Rod,0
af9ffabe6f0936d7c8e318c19081ab91,Rod,4
afcfc52b39e525a48869a22978fe87db,,12
afd766a5523067e8d98f82f83207c0b9,Rod,6
afe1052b43c59b092f7871ad7754a53b,Rod,6
aff4e9adce022aff83ec3a3fdc46951a,,6
b0484e74c807b2d567fa7315d060ce42,Rod,6
b06460898db63158c2e5b1e9bcda98c8,Rod,4
b07ab312a45f9d957e737cb4bbe78a4c,,12
b0a9c067fe8da54b79ca53bc303d6026,Cone,6
b0b0dfdeb0685ac5508d1ecb8495bc5b,Rod,3
b0bc74ed66e1359a8b9a98c00da9935c,Cone,10
b0c84d6f6c19a53a2d13d8e35767032f,,4
b0c92a5ce56960d2c18bde7cb7d77a97,Rod,4
b0d4e25ab9fb869bb5a0b4c29f266e2a,BC,15
b102988170cd5170e5b7d72e136ab9ac,,16
b13ee13f3ead064e1a6d09b81303df5e,,4
b142c6f97453f2c8f9f63fc80f5500ac,Rod,3
b155771f53df797caea9b8c0319a7c33,Rod,6
b19b1dd9ef8a433843e4dc207d0424c7,Rod,0
b1f2f1428ce83f32a96a8185f5c0c116,,2
b1f709acd7b2a014b2b6143cabcf585c,Rod,0
b209994214dec7fd978a0f805f977d83,Rod,4
b20fc4d8b9df1cb24ebea00b92f5725d,Rod,6
b21179ff86a64a15406c1562f948eb11,BC,18
b25281c866957d3cf699991bc3866902,MG,13
b275bd990efa68203e597ef937cf8fba,Rod,11
b276fbade24a0686c95fecc0334011ed,BC,8
b27cee649f95908c6dea7789ea5155b3,BC,15
b2855421c7d63f92f128816df90932ab,Rod,11
b2adbafdb0049bc1907bc14e9153d6d4,Rod,3
b2bcd421520be1d4218c19e9f59e5f87,Rod,3
b2c3a3c07cfb2b32e21cf26dc03a2fed,Rod,3
b338884bae1737c152666fd530f95cb1,,8
b33cfb84ac373cf103db069e249d1491,Rod,0
b3a9368ad5f1369d56d3630fa2fec3d6,,6
b3d84bea2093c64e6eb47f24da061669,Rod,3
b3dea65acddcbeaea48c5b3eac60162b,Rod,11
b43266661ce75f569b2a1418cb8bc142,Micro,21
b47b4aae01555b18420fb2ad45849258,Rod,6
b4ad4d7e05da2339217f93fcbbb2c688,Rod,4
b4adc870470abb559b6a36d63ec9ce4a,AC,16
b4aed747a9a0a54a86d37a621e8a22a0,Rod,4
b4fd53e5f0850574cd70a663c404c16e,MG,13
b5039e5a84e80858d972ed64459e9b29,Rod,4
b57a1cdf82ac8fcee32a8122b1ff70ef,Rod,4
b587be56b91a58b4a3d31b7083b8f248,Rod,0
b595a6fcd96a1bae254411b64322252b,,1
b59672924b365d5c864a9ff6370745e4,,16
b59b13547f718216d236bc17b410b861,Rod,6
b5b7d2edb10664c532d05165ea6e770e,Rod,3
b5efbc6facc87eb1ac00df555f7fa79c,Rod,6
b5f58ccfca9dfd5bf51fe91ec5283536,Rod,4
b5f744d47fc0a030b2887f502f2dd83d,Rod,4
b5fd84c150b7a09fc05f553cb07ec7a3,Rod,4
b61a4b980454e68080d10cafcef004c2,BC,9
b6213f7d45243a3aebff8361063e0b61,Rod,6
b625285bbce84bc08c971807c39e5732,Rod,3
b63ed1468f7a60d3014dbe18d72b093e,Rod,6
b64d2a99bdf269cfa2ebcae55a13874f,Rod,0
b66c92969101bce5b0e27474aa8fe8b5,Rod,6
b672b4f69249cdab96a16bb600c508f8,Rod,6
b6c89a9d9968a3e4339ad5a0e7ae0123,BC,8
b6dfa7d077748f02494316616b964f55,Cone,10
b6e4656f511308d784943706e38c155f,Rod,0
b704b20146268ebb6fec13c2acd66703,,19
b7189e0035fd5fbe223181df0b4015b9,Rod,6
b730779664bfdcfc6506273b6de1974e,,2
b77835eff3e4b3f3107cc31635ebe68a,,6
b78b976db803586641202ff9dda5044a,BC,18
b7c114bf8b9957dc8fd749de5ba9e479,,1
b7c1c1ea168f816ac0f001e25d29cc9e,Rod,0
b7d38d6c011e7535ff94255bfaed5968,,16
b81870c282c6fc2161291d627d3e9247,Rod,0
b81b1b34492475dbd5025dfb13c39b28,Rod,6
b8267bc0dd748d6a12050ce309ade7b3,,14
b842f512fb0895ebdf66e442dd555a48,BC,8
b8d7091160e60694a4185ceee6be579b,Rod,6
b8dd5dccb5fa3a91bb78da59968964bc,,4
b8f26bdbb01eb3e8a43192c3257a576f,Rod,0
b9257b469b68bed4e138818495235e3e,Rod,6
b931d9d19258ed6e87042543d5176368,BC,15
b936373fccd5726e60d52f21409f9309,Rod,6
b9590b0b00d3d3fc9d384b753c84c019,Rod,4
b96e776fa7cd24e283e0520c32a1e54f,,6
b970e304ab548a5d5c18b42fbab7131b,Rod,0
b98d32923d583ad340b6f2ee10b899cf,Rod,6
b9ab333be333eb703faaec4170b39202,BC,18
b9b3962a9cc63770f79b82e95c8a66d3,Rod,3
b9cd38f71683359bf5a6447c2c18818a,,6
b9faf35c41b731b978a91d347338a51a,BC,8
ba1918c1b94781c41271607ca31854f5,Rod,0
ba3c36ed131951367c9fa87994eb5c82,,7
ba9a107dcf889ce8b7f56a10d6e474ae,Rod,6
bb18f658be57233e8103458ed0bec79f,Rod,6
bb31b8256bf53492c474f51f4e644e6c,Rod,1
bb5786bdcd76c110b77bcb2e8e87be2e,,1
bb5d85e8e5ba87e9186a064549db7475,BC,15
bb7c0239a5d1dd5f5953ddacafb2fb97,Rod,11
bbae514fa3cc20e6e4f1c8c901b2569e,Rod,6
bbdac0ed4fb63f2349cb2bde1af922f4,BC,8
bbec8bf418ea6a3b9a8f4f0efd55fb19,Rod,3
bc16bf8099114011891c86662cfd7b8e,Rod,11
bc17d22c9986d507876c88603c0e1884,Rod,0
bc2fa04b87094218f80bba6cd29abf70,Rod,3
bc539c5379695b4177bd50c9d9f19f9d,,6
bc61981f41802541e93d3d20f8e6e0ca,,4
bc63e355b2a1b150a45e966a01e67aa0,BC,9
bc767c9b606414ab2915859e1a447700,Rod,0
bca78cbfe5d6865106c799e218aa606f,,7
bca9cfbb73e82c18a2972f33e16ee5e8,Rod,0
bcfbe45e9f2ed10e449343a23cfbcf34,Rod,6
bcfc825f6bdfea81b19942c35de14f3d,BC,9
bd3056cb5c195a756e2d20eb7280ed46,BC,15
bd6d431b01efdf12454b9585a3236170,MG,13
bd753711cc37bfe400b37e6a472c6fa9,Rod,3
bda0af65503936cc6d5d0f88282e505f,Rod,3
be025061d92e5a05a4613691dbea7dd8,,2
be09d1ded8da8da637d39e303054efd2,Rod,4
be433d2970df2efaa0c8a203c9c70157,,6
be5b0b51332420ddc8b6a3b534098513,,10
be6a627fa42c8fb61468e3999301a9f8,Rod,6
be6e8b9defbbe9a4d66ce61cc7d2486e,,6
be9978ca8d0800d760bce2ee5b17428d,Rod,0
bea2e77c5ee7f6545e36d69e868ebff2,Rod,3
beb4e6b7928c92392666c3a334a4b89a,Rod,11
bed037a93fdd2dc1acbd061165328a1f,Rod,6
bef4ac4d391807f9f09161696d6a94ff,Rod,6
bf06e409e22ee760f464aeb09bd9d1b0,BC,15
bf0e28cad3ac7e82c962fe3ce01857d9,Rod,0
bf0f071bc9f90036afca234d68c19609,Rod,0
bf31423bf776cefd0e45c3a87d91110b,Rod,4
bf6b98b37f24c87179f19d0dfa657170,Rod,4
bf80c4dd2981fb5d486ed222675fc443,BC,15
bff1fbe34730c5302427d257e0a7a80b,Rod,0
bff723d30f90da6d1eff6b357741817c,Rod,4
c004203118a7ee5b0347929c6539def1,,6
c062e3de0474f24f4212fee35c9a8f98,Rod,11
c0891991da669d7a7a29a37ff6a8f349,,1
c08d9aa4df3a755247c44690db91989b,Rod,6
c08fe3e91ec5343caceffc2fb8bbaa62,Rod,6
c0cab71d28123e8e999f890a9587a651,Rod,6
c1042613f54e0d022ea8ab4882d40575,Rod,3
c10f66424934bc6a6ad13f4d17de0067,Rod,0
c11679066ebd8e7776f31a9a84361d99,,1
c124f3b452002252d51a7a30ddb11e85,Rod,3
c13a087399198ffae98d749cc52f0edb,,15
c17ed93cc246b4d8efd6f09f7fc11e01,,1
c1c418218baf5170f7197ca9c9639c55,Rod,11
c1ec1c26a121dfa6072d23728131bb9a,Rod,6
c1f811919a50cf20b244c576cf32cd90,Rod,6
c201dc82b06bee8f957adae03561fda2,Rod,4
c26b073190a9841a3d043a122020e550,Rod,6
c26b9fa36e2ac00b64fa1413d0379997,Rod,5
c28923f75184bd9242d5c2fb3e37fe5f,Rod,6
c29b09383b67bace918895100cd3dce9,Rod,3
c337413a554bf5490b5240a3fedea3f8,Rod,6
c3412e05f93650851d4cf0f8fdabc64a,Rod,6
c34afa59bbf4e8b415c8f4d8e2957c96,Rod,6
c3534436aad31ce4b9f4e94091dfd7ab,Rod,4
c3677baa4de7df899719c3c6021bcd16,,4
c3b1a0a2dfa5fb38238d09c6c86d16e4,,14
c3bbe4a1244d295887e628619e727dc6,,1
c3cff6fb9d119b4347f4c2aecf7a9ce3,Rod,6
c3dec01cbdcc7b61d4d7da7454cf9854,Rod,0
c3e5e0ed181408f6a732d4c458775ba4,BC,9
c406d7713346b9559b138632b1c5bc27,Rod,0
c42469d5d3d5536bb1fd7aa43373cbf3,Rod,6
c4496654e243d63db82985b3d5c8b3b2,Rod,0
c45781d4dd58da94d88c1db9475b34f1,BC,8
c46bcb204d6379f51bb02fea864e3153,Rod,6
c48765ef8ae3923c3951594aab2ef58e,Rod,4
c4879484bac511c9005a729175b9db27,Rod,6
c48a07454c95c9d04077ff4e6c6ecfb4,Rod,11
c4d1e579f567749906b42792a590b48b,Rod,0
c4e7c120621fddf7600097e22a90ebe9,Rod,0
c4ea3b787e67f94a3a445fe83441a36c,BC,8
c518af3e81989053f118ffec9c4a2b2e,,6
c542f71c7cb8b28a0d3299de91b434ba,MG,13
c5644cfea817a39483492d6a1eafcf0f,Rod,11
c589edfa247a07cf869ddfb79f8b1fe5,Rod,11
c58f546b4502ecc7f0f6ab5a0e020c04,Rod,0
c5914623474ee528e641271776882993,MG,13
c5bc0d1d7dbe8fa68dff67633bf71403,Rod,3
c6245ae5cd503ee5c4a79360de2764dc,Rod,0
c629b9ceb7e9840798c604235f2ec784,,6
c635010bfaec29e517ab8b346319fc18,Rod,3
c649dbfa80f8ca7a07f6bcd8d9fc5c6b,,3
c64cd53294ad9523c66e15227e4b1f3b,BC,15
c66e02e0a00a14f753ca4b07e14d8b08,Rod,4
c6839cccd22586de281adce493826fce,Rod,0
c6b17cf6de36e8c8560ec73912cb09ab,Rod,3
c6c41928b0f88920afca321501b5f853,,3
c6c75bc30519f108cc6a6dceb4c29c6b,Rod,4
c6eaf105b25de031d80c01f0b2121c89,Rod,3
c70476702f2a4ff547aec87e51584bd1,Rod,0
c711c12d3cd8601c2ef72b1e4d9d813c,,15
c72b0508efe2490ddc3f4cf4158ff2aa,Rod,4
c72c09d7bb34ceaaadd80bcc4911f2a4,Rod,0
c72f7edce89fd60d1ad47d25ee327a64,Rod,6
c7422475e21096681273c005ddafaee7,BC,15
c7619813faa9c1ac9b03ed32571077e7,MG,13
c7638ff978e80734249d9a9681a64180,Rod,11
c767ff369b3e491b22ef229f5ca85d2a,,14
c77160c08a776c01f15c032f49775722,Rod,6
c77afd2c581d5d48ce31116966d9fb35,Rod,6
c78bfddbfbc0351f7acabdf880941785,,14
c78d8ca113ac5785e3bab72b86c81e29,Rod,6
c79c0ba97ee3be28f168615ffa4c9d1b,Rod,4
c7de3543bf376c32665976a021c17e89,Micro,21
c7e74756cfe26c97aa36a717c8f95127,MG,13
c7ef03bce9eed3b0078b0613aea2d41c,Rod,4
c80d4119139b81d2940ceca26b088f1a,Rod,4
c813549c769f46ebcc1092e5296d95f3,Rod,3
c818c9c3240f97d359b23e1158770674,,6
c8cbf50d00236ba9fd8d850b58b7a893,,6
c8d70b9edc9e3df247fdcf0f0db96a72,BC,9
c8fe6df3577cd74d7660006b7949b1be,MG,13
c906c48535dc926d576220b78f6efe9f,Rod,6
c910592b4c965f57d34949215078c609,,19
c920b1c3aac3b7a1b3cc323fba57f52d,Rod,4
c9256f5a61ceb2d3d1a887f4b8742fb9,Rod,4
c9400fb763fe7d33e73368af55d20a69,Rod,0
c94ccbb021d86bab0de171079dbb694d,,2
c963049dbb8d17d7a04e782c09eb6b6d,,6
c9864d4ad1d8d97a4cde0c2525c1e080,Rod,6
c9aed62eb02b4a5ba6f3ae3d2f84f54e,BC,15
c9c3d2c364b7dcaac1f3a8f9d649251e,Rod,0
c9cecd09480db636cfbaccdc7b820789,AC,16
ca18db55bc0e8ddaf1b81e9d0cafe7f9,Rod,0
ca20249674694487da37bd4f8200c7ab,,3
ca4584f15c47cba5748e20c37facd9bf,RGC,20
ca564400cb705f4a119c75708eac77b3,Rod,4
ca7dbdf13c8e2d7ee39aed6aca4fd067,Rod,6
ca8ced8fa0da7d9935ceae83f9328853,,3
ca9ebaff05820d5a38de8dd0e041d59c,AC,16
cab8999cacd1b070f6ea1af4a7f4eb8c,,4
cab90918835c2f674944b23e2425a05d,Rod,3
cab9f6f437774ac13c5dc0f1794acf83,Rod,2
caf712d55ba96d3cd1e71b9ea14a0af7,Rod,3
cb2b0de5dcb1f265daff3dc6a057d18f,Rod,4
cb42327ca5a92e44fbfde40a4e866916,,4
cb835cb35942a837a072badc099dfb2c,Rod,6
cba1fa9f590e1a9e6a3f895c45e02179,AC,16
cba595bfa8d5563d0c68425c532aa6df,Rod,0
cbab730ae35da35aa2eed9eba88d287d,Rod,0
cbe12b1b421bc09bf4b640ee67bb57a5,Rod,4
cbef4a4d45f7fedda6cb97f598f96aad,BC,8
cc1dac5d1cca35d6218b971b60e54c0d,Rod,6
cc21e213da8a59632bf68c044d37cdf7,Rod,3
cc38d2d9f767d62d11a079582b00d5db,Rod,3
cc3a0056eeadb75af35079fee835c941,Cone,10
cc5b1f0625d93682c387e48ad54cdeae,Micro,21
cca7a8aa5b66b8e62e5e8fe628e1698a,Rod,4
ccb80bca12d086a5c4e75dbd0669af3a,BC,9
cd0549dde2ad2ec52f0e840ec851435c,Rod,6
cd133ccfb44efc29488cad4f5b771925,BC,15
cd155c33edef62799a7af368dd42a9aa,Rod,0
cd399f7801d90b33b54e73bdcc3b9fd8,Rod,6
cd39a2ab121767148a7ca0133c13d62b,Rod,0
cd3dea587412d7361aa86f63004140d2,Cone,10
cd740e46e3bb4e48c5d7b44a8d64805e,Rod,6
cd7570e5e7f7ed6fdc00beb57a9dd993,Rod,6
cd9e980b124cd228affa2b1ff3043967,Rod,0
cda535c25118b092e17f8ab30d8e5874,BC,9
cda979f6271ef8d89471c2a77c1fe842,Rod,6
cdb8a56e62ca5c8a4787d1a0b242c56c,Rod,4
cdd2e7e3c4278522e5206a0afd1fc370,BC,15
cdfe90259a0df9806cec7225a053d3e3,,3
ce279cc95bab9fa2ba6dc2ee9d37c44d,Rod,0
ce2e3febc0d8af9650eb1fbb2b48f35a,Rod,3
ce9fe0e2b18f6a4d9cba26bd8085121c,Rod,6
cea5d6ea03fa44c7b96f27a3daa10677,Rod,0
ceb6626e072b8d6bfd095852f75d3cd9,Rod,4
cebe31df2db4ce105b0cc19182b744a8,BC,8
cef4655d0d2ec0bceaa0f9ff7c9c3d75,Rod,3
cf031bcdec3826811d7c531dae511020,,7
cf07977148f2bb4b192c076b26c000c9,Rod,6
cf2a09c9d01cce5474cb11655950cb69,Rod,6
cf2b6a398d55d5d21e6b047aa6d0c51e,,0
cf44544520c7377d39ebbe4e9b6cb2f4,Rod,0
cfa057ccb2f6df13fbe9570dd8df7a2a,,4
cfccd205398a24afcc40a0561c4081eb,,1
cfd164957a2f95fd3e7d79ff4c9e4d59,Cone,10
cfd408d1df1019435274232aa692459a,Rod,6
cfd548c2a2c1188abb7d4bbb0cc50001,Rod,4
d0147bb485b28535c86556881758df61,BC,15
d03aa9c3770ee34206b9331b5371c98f,Cone,19
d044294b856a31330eddb58af25588bb,BC,15
d051c168fa3d144550f422dbcf37459f,BC,8
d060255af25c04c78f7898a4049199cd,Rod,0
d08b450b595d799fd7b6aa59bb03abf5,Rod,4
d09b81f453edfab8b9992d2084bf6e56,Rod,0
d0a41e26575ff50e658a4f34df9b1c43,Rod,6
d0b0a4927cf830e3ab3ae14c2729444d,Rod,6
d0b690d2ee3e913a3029278a8969e645,Rod,4
d0d1e640dc297466c495ffbb5bf3639f,Rod,4
d0de9edc3c67c84d68a30d3349ddd30d,BC,18
d0e65ea66062b56a4129401e62dfc98a,Rod,6
d0fcceb8b9b2f5dec256fa4ee53d1a94,Micro,21
d1043f09c9675189d1dfc3e39c3bf40a,Rod,0
d1135e1d013e06aaaa320e0bc5cac953,Rod,6
d119e75398ec45194143c945df986f1c,Rod,4
d1588a7b3eab4a9dbe73281e7f97487d,BC,14
d1b8690e6890399998f88b1abe26cba8,Rod,3
d1ba6b4bc8ec80bc12ecf8bbd67d4dcf,Rod,3
d1bddff815ab10a4b8dd7df11a9a11f2,,4
d1d684fb92e7e33cdc0f5ffa47476d31,BC,15
d1d6c515d777981182a83d87426a0c72,,2
d1de0e40658e47e320c2d39042260372,BC,15
d1e080f4c6145a602129481a1811c837,,1
d1ebee2349b7208333bbe34dbb6d04d3,Rod,0
d20da0ecffdddf1c28b9f1ecab42adbb,Rod,6
d2139f762a857f3d7e69d88c862f90c7,Cone,8
d22b910fc7461a375ea25f084620f9a3,Rod,6
d23cd4bbc283e30d892e9e8e71daad44,Rod,6
d27f6d26e665cfc8c8fcbedfda712249,Rod,4
d2948df26471686956a6d907f9fa631e,Rod,0
d29fd0eb3ab85e4157a1ce2d13bb8582,Cone,7
d2a302b2c4a4b91a87e24d88f83ccbd8,Rod,0
d33302a76777f69513aa8cb2c7a6779b,Rod,6
d33bd51643390e04f76b097204427da8,Rod,6
d35f5e3f6574d3d53351eef0dd26b08a,Cone,10
d361a2146767859d0974f8e2cb02de7b,,2
d3766362de4a76b8922080e5e1e33859,,2
d3b3091cba204622b8eac172d2db9312,,14
d3d793fe436e2430e88c9f60fac62add,Rod,0
d3e4e6a457ae46da4111dd3d136b03e2,Micro,21
d3f1b7a901a4fe82f88b654aa98a9c48,Rod,6
d401d20bbb596ec77650c87ccb2c5709,Rod,4
d4026263430bca905251170aadf02988,Rod,6
d40e03e63f3e5714aa3b334d17c0a8e5,Rod,4
d40fe52fe901b2a9dec1ca4b88aca752,Rod,3
d45775cc0da454adfe839450b92140fe,Rod,4
d4a903626724102bd5a24e3a030ee01c,Rod,6
d4b9487a3eae1f99f808eea5df4003a9,Rod,4
d4ddab53ff3e4bf8ac2980687d5f375c,Rod,11
d4f91f1d4058e54f1a23328d84c9ad88,MG,14
d4fad335e47a9117c1409df577af617d,RGC,20
d500d8007365c30294bc782ad2499985,,4
d547a70aae0ce4d267b429303aff2467,,1
d554d9843066fcb13dbba99f75a0b4d1,Rod,6
d56b73f5033f90c4c00b540f660b1b29,Cone,19
d580ddc1bdcf1eace2ddbeacffd59224,BC,8
d581f50464787d0d51868c77d7598a43,Rod,4
d58df1e1c750ef1f310192612381e654,BC,18
d5b522b189075c515779f35f5ac42fba,BC,15
d5c095cf0e0df72cbe93f9c92d956f84,Rod,3
d5f7ffc012a301f266319cd5e4f79475,,1
d605961c0b227427a6008ba5110c0f14,Rod,3
d61894639b95efb24cc3688c82eec9b0,Rod,6
d66e592c1b3f064b7c59b8cf73a29dfb,Rod,6
d699c436ba7e1b566495bdc4eab7318d,Rod,6
d6a5d0116d6b422fb55db40c61889194,Rod,4
d6e4bf3447f37293940b4c1a92f605ff,Rod,4
d6e6a69d8ba2f0ae95d1621103eff8ae,Rod,6
d6f0416905a9fa8a2fc2437934d33b9a,,6
d6f8a3a5bc320ad58f05a38ed2133bec,,14
d7061bc5428381c4c9e2ac5221df9947,Micro,21
d70a26a07b9460f65d7e10a5aaa1d19c,Rod,6
d7335501281108afa48614aafb859c8a,Rod,6
d77081a0c6a31597459cf6453e8da8c5,,16
d78566422c7d7bc708332dd5f5c78348,,20
d78c6a9ce1d65d8f691221a680f4697c,,4
d795bfa000ffa16d259e9f1a71b3e3a6,Rod,6
d7a6d1cc488987bef3307bdf41cf73b9,,1
d7b09b260fb170db986b302fe5238097,Rod,11
d7bd9c44bd1eee045c4da9bc2b5e3f4e,MG,1
d7db48972738fe4eeb13088a388fbc3d,MG,13
d7f2484920e6473dba6b3719f4394b7c,Rod,6
d7fb5a19a62f37b56631226d94fa3bcb,Rod,0
d7fc32329be1005984298af9332d2e77,Rod,0
d7fcfa780a460301d17a0afdb400ec71,BC,15
d8385cea296443d7aa92ad0fa003f92f,,6
d841e5243753fcb8b48b656f5dc7017f,BC,9
d842c139d6fab566380ea18b81abaccd,,14
d85dd38e21077a810881dbd5f763d06b,Rod,6
d897de2538472fa6a065fe285a8628f4,Rod,6
d92371cc03caa77c17e7445843b0746a,Rod,3
d94e2971c3c52db445be1b9be3c2d09c,BC,18
d952bec7c943df9b6bcc9cd66fc22456,Cone,10
d96070fd8585308d975920c3bbe9a82d,Rod,6
d967765f625c0f2f9c368e6bcf645afa,,6
d9829a591320fb75bfbfc994617e16ba,Rod,6
d9960fb66a902301db0d258a1ad8f887,Rod,0
d9a97737e106f78a869259d079d98ba6,,3
d9c042ad9eb299c77d6635aa5c1e6e1e,Micro,21
d9da343b971e6b80af41b1c37ba00219,,1
d9ea8422e21d57cdf855d5c9c0957040,,1
da1f0192c4754f065929eefb3f2af651,Rod,4
da2903d84ad332e2bcbd213b0fc99074,Rod,5
da324d0415ea485b0575540011c67206,Cone,10
da42e7a3d73a578778f2a488e5f4b6de,,6
da571e64095c91df742158805e324ee6,Rod,4
da572229fc4e62cb7afc2b084460dd30,Rod,4
da6a4a50fdef9face3b2156d54976248,Rod,0
da93e6b0a7a7d15fe37db3dda2848fc4,,3
dad1356c6bda8d4e5f943c19f659a65e,BC,8
dad97bd7a3cad010bdb7071ee930b570,,7
dafb78afdaee54766e1c7e5fb60605b9,BC,9
db0b12ab42938826623d8929d7976fa1,Rod,6
db2a4a31452cbfb14ec2ee0f450d2767,,20
db30d501577dad5eee2c94704350db22,Rod,3
db61978ead523edc277fcb6a9da11cc9,Cone,10
db7ab38b5e3459583f12b05c2e0eea9e,AC,16
db7ae27ecd5156105b45b6a7100ddd0c,,6
db9d41c735a52e8ba6de76e92761a820,Rod,0
dba83f2b0a639c6449988a86918df7e1,Rod,3
dc01ff19a4fde573a6073b07537f4d9d,BC,9
dc608f8cc085aad3b36ca3ed75e2ea07,Rod,3
dc7a8b853cd4283d0afb1c0458ba66ec,Rod,0
dc8c78263e4a3b2808542f7e08a70a83,,1
dca1f9de568c75d671abd7892f1deb78,Cone,10
dcece52f7cf44beda1439130bf410738,,6
dcfd9ff911c442e574abd21d3ec593ba,Rod,11
dd0c67682f4b2eec5e2d78953ccd7c97,Rod,6
dd126a280f64d638e31c31453bf80128,Rod,6
dd1c5bfa64a607da0a3eefce3d0a057a,Rod,6
dd27c1d8794e3c493c7ab05f62babdb2,Rod,0
dd291e5368fd1e7474c5ffe0f177eea4,Rod,11
dd3dc8751aa43f28119ad9a3c93f320e,Rod,6
dd42751a140b3c01dfef3f1d0eef79bb,Rod,4
dd44c2f7cf6ff0d6e9d6a5c8e628e897,BC,9
dd4977324e51121a081f29aa1d1fa03f,Rod,6
dd5ccf73b7471a9089210a77d3906de3,AC,16
dd69f3574b005d59f03d0b3d711509e5,AC,16
dd6a9987f7a1fd59353b7cc0a8331b07,BC,18
dd93f01b8a1ada1a2ee335cf21509891,Rod,0
dd9f2b3c0fc053d708287134d459db31,Rod,6
dda0ffeb681eca04226b4b965313a4fd,MG,14
dda1ba90a2f9302e211425e7ad07a6a5,Rod,11
dde844f0c3269525c3c59acb499bca1b,Micro,21
de1eff7f83aa3483a28f4fc608afcc3c,Micro,21
de2350b14c6159203225dcbb6c8a8379,Cone,7
de6e900d25975ef50137c7f991580256,,4
de6f292f6548ecf19c0cc0dc8e4f87a4,Cone,10
de81099383723175665ca35a8a3c6d92,Rod,4
de8f4a22c1ce08bc08d63510a31fcd45,Rod,6
deb4c315356a9b94bce160e8462ce1df,Rod,6
dee7737e68c12121391d1a927a1995c9,RGC,17
df09263dc861a48b635ee486d63c6fa6,,6
df31e407a9a0c15ee7cd39d711945907,Rod,3
df38af467038b6d92a31535af772175a,Rod,4
df570d03d3332006566a9cbd08b150a8,Rod,0
df71118100190d0bc5edb6dbe2502ab6,Rod,3
df729e8f59151bd59987353cfc7869ab,Micro,0
df805d571204e7391051c64fa694effd,Rod,4
df8681af4aa4f2e545e801a213a4d93c,Rod,6
df9ab223308213c585fab8f09c72000b,Rod,0
dfbe14442505f14808afe3d27e65bd29,,14
dfc2b69ffcadf395f5939761a62e309e,Rod,0
dfeed1308a2be5300588e48ba698d153,Rod,0
e00641ab0c01c1e57c5161581dc90928,MG,13
e012d4bf03a6b70a5ba58ddea8fa444f,Rod,0
e01a473f39acb9d6327f49624be7ad7d,Rod,0
e0358ebaffe396cc14cd9844f10c364d,,6
e05eaf8e2dfd27aaa1f66ff6845776cb,,6
e0653c650c5d388d3b3ec82f4113abe4,BC,15
e067176cd63ee25f6c546b3c0f17998d,Cone,10
e0961564bbfe649dbb79564b42bb1cc6,BC,15
e09908c6f69b3f214b56063cee6ba397,Rod,0
e0bdaafc75d98b12e095fa3bec3247b7,Rod,11
e0d8454bd221dd78b9ae049056a4b4f2,Micro,21
e0e47f3611a9f3f80a064183526678d9,Rod,6
e0feb1b11dc40758b03ffe538eca6c38,BC,18
e11b031c8501c605beee4f351eb9d8b6,BC,9
e11c62136bd17a2fafb1638872b09274,Cone,10
e13014abd7610878d1a40a5a767fc211,Rod,6
e1322a0e68f5ccf2b4ac8aff942b260c,Rod,3
e13c265f2210ae22209dc346d8ae47e6,Micro,21
e144d71274339816f15e32f7c8ff54ab,Rod,6
e1530874b8a769d46e6194be1d956f04,Rod,0
e163237e388f08b16c2eaa3d362aa58b,Rod,0
e1646a5836a1842f79f8ab26b43d2c83,Rod,6
e167675823155171d2fc954fbfb0672f,BC,18
e17ea36a17c6f470c8279642ad41f890,Rod,4
e1d22822762f9795e86c921005e1978d,Rod,6
e1e437e8679dafed096ae687ec212efe,MG,1
e2413e2bcc76c8ef966a519fa69157a6,BC,15
e254df94c1eb7857988e9b24f24f20c5,MG,13
e28a650d64db29f8674d73b4c596dbe7,BC,18
e2a9ef5a959fb07dfecebfdda78f2361,Rod,6
e2bd46739f913c8384252bf29672b186,Rod,0
e2bdd44561f2e34b9edb700dec4a7e37,,14
e2c8d69a979d362fbf1cafe9dcd13d5a,BC,9
e2cbcb5e20d9747a7c4c7634b3bdf72c,Rod,6
e2d11b084504fa57580310cc05d4babc,MG,13
e30e5c2cf40207ff3f33a0286848ae16,Rod,3
e343c56d209ca310a9da09dd326ae13a,Rod,4
e35464fb7bcd2fb57b83cc3095159c38,Rod,3
e35a99be7139bfeaa0344d50b71a98df,Rod,6
e35f8e461020316700853c7b8fe5c1ca,Rod,4
e3681ecd7b5736dc9c7214ac1b6d51e1,Rod,4
e39334a0651da89e259906892a2ea8a9,,14
e4014f9c9f02c55f6a294a54a5e6f4f0,BC,8
e40630026a4580a3d7607008cbeafb86,MG,13
e4124b8701be975f58d109b0f573edf3,AC,16
e437430f468ba35fe489adc748bd82c7,Rod,3
e4578e3269d17824421a9ffece1fe8b8,,20
e461397e14fa54b2b2005559d9b70acf,Rod,6
e470fa015bc35af36b2ffed4ac050f5b,Rod,0
e48bbc6b8b6faa47b10e1571e56e4440,Rod,6
e4904319698134e13f75a0e656001732,,6
e495fb5c4b2a9ef5eab4dee7b2a15795,Rod,0
e4ae236182ec0b54c9b72c3e6fcf82e9,Rod,4
e5270efa315b826900cb5f66d50269de,MG,13
e54055067e715635c331c92614ba766a,,6
e576a3db35061d8a7632086c8a2ee3da,Rod,0
e5b11238d609b07b0a1dbbb386618f41,Rod,6
e622c6d4730b233357f3310cd068a4b2,Rod,14
e62b18e3e82ab896c7d6f738684ab9aa,Rod,4
e63a3901d50e4e61e650c054151e043a,BC,15
e640db5fbfd198b18e90cb8b886c4dab,,14
e68028008b4a0a9fdc5dee35d7044f37,Rod,4
e680b421d1b95bf03fcd9e5990c89a71,BC,9
e682e759769861f30f213d657b642afa,Rod,4
e6a1b197a48d256a3b93979be3ca940a,Rod,0
e6a2100762800b3fa856458acbfcb866,Rod,0
e6a41ce8e93c6f3b74bf1b0f0dacc056,Rod,6
e6c0a54fef19d50d9c5f226b542efbb2,Rod,0
e6ed0e587e809a9bcc31b28b9b086340,Rod,0
e708214431c56a38028bf9ec645293eb,Rod,0
e721eb8a2364e0bf0880603ccece2d6b,Rod,4
e7319fbaa5f7aab74f3c6c2a3f7b79e4,Rod,4
e73c9328344932232cd5df42202f3f3c,BC,18
e74746a9b4bf76b158e16dfc31c663dd,Rod,0
e75e1cb98998d94248f235db4c4186bd,Rod,0
e75f60b8c814fc1bd260fe508cb75c94,BC,8
e7814420faa12d7772935c1c52fa8d33,MG,13
e78e58639d1184185a87c4bf5ee83051,Rod,0
e7f9e33701012a150b3355f31182bcea,Rod,6
e82ded8f75a358df708aea71fcf3f442,,4
e834a80502659e7fbb54bdd9a363e672,Rod,6
e854d4da202463b88710ee03ffb37216,,6
e87f3a91227a5dcac24471f75c50b91e,Rod,4
e88455c3a2bf1fd5966bd72c713e999e,Rod,11
e888a80b43087a9bbd48986cbf358ffa,Rod,3
e896bf92c12ee4282846bf3a92898155,Rod,0
e8ad4e982aa5756e7b35a37fc26f46d9,Rod,0
e8bfefe7f56240376bd4ca37b7dd9366,,3
e9002aa72ef2650f0d0797eb24954837,BC,9
e902638957344fa5e1ee47386b799843,BC,15
e907423261a4e040bd3d5dde555d4ce1,Rod,0
e9289115270bd9e8ca4f508eae0f93d6,Rod,4
e95112a86074dedf9b6e48178275728a,,1
e95db1a4c02aafc1c8d780434fdcc4ac,Rod,6
e976067eb73ecfc3501b75da5778acda,Rod,0
e97d7cfa7562e0f145ff89a23896ae06,Rod,0
e9d898f80eff5382e83553acb74f0e9d,Rod,3
ea1367e65d60159ed925733ece7134f4,Rod,6
ea15ed1fcf67b200683cac84c8e99a85,BC,8
ea172e051bb86f85accebf3d78d8029b,Rod,6
ea297d4171c7a45c769bacd76dbb1543,BC,15
ea394485422e0457d752add4becbd662,Rod,0
ea6a3ec36e3ecd2a18a5ffca1d291950,,14
ea710c0177a284c4a8fa849449bafda2,Rod,6
ea95657d3ea1027d51420d86dad66fa1,Rod,3
ea9abca1f65950666699ea8149e7a2ca,Rod,6
eaa30f69307e654b3b8f3e6c3be93ea5,BC,15
eae30b7a7b77de6108ee868f3d1cfba2,,20
eb1943ec14c2e4878a3c3a0ae3973ab4,Rod,0
eb7a4a442232390b889af9485dcf3d3f,Rod,0
eb7f85326aaf3bb3eee8f3f82b6f9fe0,Rod,11
ebdbd7709df37ab9493aa3c09624a3b4,,14
ebf770e1eb787072a10770e94e510d01,Rod,3
ec2b2f6939b158486c6d53bafc65dad9,Rod,6
ec38c50d3601d8501b9a717348eb49fb,,6
ec4b1347b065b3fb0c61f1dfdf372ed8,Rod,6
ec721d62f4a6086b317ef7d0506419a9,Rod,4
ec9a52578c5df10dd9aabfbd4bfbb339,Rod,6
ec9b112b43ec0c3a71289c5855d2a0a0,Cone,10
eca230665be24003cd135424e38b83fa,Rod,0
ecba8bace62a9cfb71028c177b6c4d25,MG,13
ecca800bc7986409b7c1538d015c372c,Rod,6
eccbc347dc47f8cd17f82aeaac26b084,Rod,0
ece3030ab476adcd2451eb43e3cb6c1c,Rod,11
ecf9023e6895085e427509e1ad9e9ac4,Rod,0
ed2447b5971caad3732b38ab20b87cd3,Rod,6
ed2ec5e5ed7ebf519e70b67d10f799fc,,13
ed31bb274d394db742277827d4400a45,MG,1
ed3957df483b5e960e11da6bec5cd7c9,,6
ed988cdc3df8f9656773ec983623832b,BC,18
edc493da48092a38ff552188e73e6e0b,Rod,4
edd0eb05958a3bc2b95e0fe172e9ce5d,Rod,6
edd1cd16511a2d08c665c1f7a188cff8,Rod,6
ede3cbeeb19a3b86db2e5ac6f5ca2aaa,Rod,0
edf545d8d7506157a856ba8a08adc91c,BC,9
edfa93578d0d0d33ec454c2a8a62342c,Rod,6
ee5096251ba2d8ae7d7d4017a94dad3f,,6
ee7ae204ae198b42585e9c711bd6b9c6,AC,16
ee9097cc87c1dd5691f5ce9b747c960a,Rod,11
eebe072e808211e4a491042315603056,,16
eec85a9199ca32803b629107c5727ed5,Rod,0
eecd6ecb091d0accd7d1c28652526772,,7
eed1afd925ad8aeeec4bd1e8743368be,,3
eee9f3f6e85150f4dfda39fdc9362d3b,Rod,6
ef250ed8c715ccba2a727bf621827780,Rod,0
ef2addcc5a407b9db2cd1790a052a10b,Rod,6
ef2fba1695a18d7a5c2f1ca511893bc2,Rod,6
ef364b8115a67f58c4c7130d8a61410f,Rod,0
ef4ad4c6309a65b259dfe6ef85770395,BC,15
ef5c6d19f4b3fce1838b12b2f19226b1,Rod,6
ef6172784ce04552b68e056c2ae42906,Micro,21
ef8c0134ec50bf0ed952a91a59d57023,Cone,10
ef929fc8a84c760726ba59935d96bbe3,Rod,6
efc61b4332813a6dc5c5f0ead1e88d1e,Rod,6
efd3afbe53077d1377e225a7c652b403,,14
f00cf655e3615b3a8030d9462dbb2e3d,Rod,6
f0295e9298b48b36f5d9931d990b6f10,BC,9
f046c36636edfe52722c58acbcf85211,,10
f057576a007b26bd2a946a310f9dd085,Rod,0
f05a9ae10e5a27decabb4051a2223825,Rod,4
f072b4a2e495d3dfc02fc3192e3ed8a5,Rod,6
f09694d9d1cdbc778645116fb5932e3d,Rod,4
f09a290ee41f069e98676ae2a9aa97ef,,13
f0a05321dc6d598c99832fa8aca64818,Rod,6
f0ce6bfdbefdcdb66adffab25a4999ff,,3
f0d0259bb7158a59f196c76562f312b3,Rod,6
f0d41dc144f7638a2ff006703d0c85d4,,1
f0f154d3e986b5400a40d4783fb00439,BC,15
f0fd31acc377098648b248645cabd7ff,Rod,6
f129171c3a6aee722e4247ede94d0adc,Rod,6
f13efd7955196106acde914512ed59e5,Rod,3
f149648083b671f7a48d696c32d27ddd,Rod,0
f14e586eca9946c67bbb3e0d51c40a8a,Rod,0
f16479cd71f5044670167458e6d1640f,Rod,6
f17fc5ee4a8835cf9a02872d0f0e2be3,Rod,0
f1b46754a1a507a2441466a021e5fac3,Rod,6
f1cb8cf5f2fd4819dd40777896a7df88,Rod,11
f1cd565b1977f5e4cbe7281aaa4ac9b7,Rod,6
f1dc75afae86318d485a13e98b0df48e,,3
f20b410e830cd44dc00695dad011e410,,13
f20b46f3c8262c647d86661d9cca5e33,Rod,6
f20e172f949ed08f377fdcb5a16b1609,Rod,0
f215b932ebf47c3d3d194b1f849569cd,Rod,0
f22f891429f50a71cc45b594e6b50709,Rod,4
f2431996e35d6508774220744bbfa488,Rod,3
f24b1cf73c2af5d350d546bc5c4ac1eb,Rod,6
f25379875839590d0e1f80f9167f8c05,BC,18
f2620be7631f6c82a7fee756e3caa989,Rod,6
f266406922d5c19d5f1878f3ac3025b6,,2
f277d345837e7f153e1857272a2887d6,Rod,3
f27843e351cd2ea96a9b52a51a5f34c3,Rod,4
f27b39879878128315a2e5105cf257ed,,1
f27cd404fd1e7d8b188733b78190331f,,14
f29b379c5a4a51a3c0dc000ff9161e09,,4
f2acda567c2ec7d166b69d4e81746354,Rod,0
f2b51f3e990dd8cf49dc56155211f939,,10
f2b842f94f90dbff2f24c839fa1d17c4,Rod,6
f2c09c4bfc1bdf53cc81e78bbd04ff88,,6
f2c49ee5173ee8de0e56e33c1f6312ee,Rod,6
f323f0578e2ce9f76b3484a08b5c3aca,Rod,4
f3344f1e5fd52c0de7393e0c2af99c45,Rod,6
f33d8e5f809287afb13107de561ddfbd,Rod,6
f3832cc6b5ea06d52d7407070390d209,Rod,3
f3886c63246ca88675c3021986187078,Rod,6
f3aa0b9861b4caf995efeaf0496d33b8,Rod,3
f3bde8b4927ee23526a94b0620ab5333,Rod,4
f3c9a559e9eb62498eaf8c0a603e8483,Rod,3
f3df250893e4bf3eb68d2503a9c192cb,Rod,3
f430bcdb657fc86f47f7c9f082f18e73,Rod,11
f43a92992dc2cd1a668dc6a1aefb50cd,,4
f461c614f031a5950d441627a4a9c1ef,BC,8
f46e1004ae6b983ebe9b0db2b5ed495a,BC,15
f480aeb8f1d6789d2972c50aaabc6864,Rod,6
f49d366585bd5b1156f98c10ffe8312f,,1
f50627c79ad552b1d0b09da00da5dc3a,,1
f52b1f0bdfc91ff72ab654c1818fdb09,MG,13
f533e1bf687806d99786793ee905fe51,Rod,0
f553424d5a142ae3cf64f6f0347bc820,Rod,4
f56468a284d453258a27b0497440d929,Rod,4
f56ac01646b890951185d23d26975451,MG,13
f56b0bb1ec3f37e4449f2220b34603cd,Rod,4
f5c75e6adb93a9e8a49527915e3f6d73,Rod,0
f5cb3ca17d6a1d68121f389f6acef6dc,Rod,0
f5d19c0c2d3a18d91979d06abeaa36b9,BC,18
f606ab269f11ebf3f6cdfc544eb126af,AC,16
f662faba7b0370540cd5defd8ba4148c,Rod,6
f6833f5f178061f074b911935df0d00a,Rod,0
f69f445a8855e92e8285064ffb5bd559,Rod,3
f6cb9460488f168da696dd29ff887020,BC,9
f6d909e9ace38e4229c3f7f9c45ff905,BC,9
f70cd4e88b0214ac265d66dd68881966,Rod,0
f716cd7a38e8a3c5afbc5ca4b5c4551e,Rod,6
f729dc57cd3201ff8852b6e09cab79c6,Rod,4
f77235e8bba07e7022b417ca92cb4c65,Rod,6
f780104b836056ba9d88878d1d1b0bc4,Micro,21
f79ff222e157dee37425ebe5a77ff8d2,Rod,4
f7b231a23440c6bb7fec24195ee215ca,Rod,6
f7b42d9103506c92fb76f32ee56c99aa,,14
f7e3f7349969cfc99ad37714db798227,Rod,6
f7fba7d79faeb7d3f65ee24816cd8cf9,Rod,6
f8050fbface62fa155a7ad74772acb1c,Rod,4
f81fbcea7e51fc62231679dcd51e815e,Rod,0
f829d27cb02cbf8af1dd77892e0448e1,Cone,10
f82fb4dce800f740bcfd086388fa54b0,Rod,3
f868b717108c348ad79e51f6b4b77a14,,6
f8ae65ba8f1567b6bd0781abbe41ec36,Rod,6
f8b3e98ffe86a894bf24c52a91c4e1d0,Rod,4
f8c03d2a01c1f5d603d2b49904f5daac,Rod,6
f8cdcb76df0c59dc3811eaf2b11cd32b,,4
f8d29a332a9cbf13908e00062ec35dde,Rod,11
f8e0c916e5afc5e85112bf90b94e6f74,Cone,5
f914b370571eab9ddb7d5d16ff3b7b32,Rod,3
f91a71b171bef6318617534eec9faf6c,Cone,10
f931cc91e4c9307205d778543f1b4444,,6
f94c47ebb9d42c5a0a6450286785d132,Rod,6
f96039375855291fd34b9651e20b7553,,6
f9627c85d83549c705319f50ad520e69,Rod,6
f96d1be33ec5a045f86f24e8d00f7476,AC,16
f9c5e13fb6c3fbf67db0bfb68ad7d636,Rod,4
f9f5d1fcd273d3825578bd908c0289cd,Rod,6
fa1865a5499e3247e84c604cebf77acd,Rod,6
fa1e183a05d9391e45c66396040d3669,BC,8
fa2997c5e3de93b9617dc8e0996588d8,Rod,3
fa32cca5034f1941bc4de759dfa65077,Rod,6
fa37297d4aad51c918291d2f4606e789,Rod,6
fa54895b48e33e7fd573aa65941aab96,Rod,11
fa6f616f92ef6a69009f8ecea4700d9a,Rod,4
fa7501c988a9cd4b03021fee0f23fbbb,Rod,3
fa86b78b75d8c515fd6e726b55b15fbc,Rod,6
fa9ab714ba5e8176fe123b0242028706,,0
faa90766d39a6dca5b1e15220c7898dd,Rod,4
faabdd0416222226909b86cd0c2a3d02,Rod,6
fabe55cf5f320e8b84cd3598492c0ebe,BC,8
face240f3f88542563953ba431ca9d5e,Rod,9
fadb705036c953921e30f7309f3daf7e,Rod,0
faf6d8f1b840c23f912528c8abafbc88,Rod,6
fafe9106d070417f4cbc6bea450ebe21,,14
fb130f08acdbf45fefeec8459dfea94a,Rod,11
fb2445454b7804682e4d138e191ccd4d,BC,15
fb262715c4616d37c7f53a0849da225a,Rod,6
fb2f7576b8ecd0b9b2c8d9680fe101c6,Rod,6
fb308c60280acc0b56bcd9f666598df4,Micro,21
fb30948f19ebf490f70c0273189da3d5,,6
fb375dfa52f32cfb77c179e5fae24e60,Rod,11
fb456e898fad18ef5ee1847fecb5e0eb,Rod,4
fb5b5f99a7fed6f26712227962ce908c,BC,8
fb6636de6e3c0019f31479c1e9eab686,,1
fb732bdc6cc1e1764140557679946587,Rod,3
fba8319cbc125fb5f81e1726ed117d85,Rod,6
fbc62540451275ed3547b52a1bf392a0,,3
fbc7b7b53c32ed186cf1f9df77ab5240,,2
fbd1d4c434184e28699288daa3613928,Rod,0
fc14455f91c4b4837a3b0eb457b5371b,Rod,5
fc198f9d8b4dc34a6c2da5c6aff603c3,,6
fc227016fc6f1b1ed2db55dd4a8512e1,Rod,6
fc36d7af9f258525d0ef80ece989a9dd,,6
fc41a2a37b3773ea1adc7c17ce9b06e0,Rod,4
fc4c282cc49be6f25f65fd94dbba835d,Rod,6
fc5452eb128b3d7e976dd119e796926c,,1
fc6c5b86fa966766a7420b3efa246a11,Rod,0
fc980e4b8ecba6b57794e59fa80868da,Rod,6
fc9dbdf150afcdaa2054180bcd4fe5f1,,4
fcbc14afd7a044b29a53f30a98e34841,Rod,3
fcd5a9eb7d45c79d3ab4c0a61bcd9bba,Rod,0
fcd6d9ce54ae46d8532618e2609d945a,Rod,0
fd2108161624d39afabc70d7c309d910,Rod,6
fd2641545e03b43f54b21a7890ba7bfb,,4
fd265a80fd373d36a8352cb9ea735f65,BC,18
fd2710bfa39c3fd77328663b069faa6c,BC,15
fd46e439bc9791d9b7dab0a9f2b057ef,Rod,6
fd50fd3f2fd264b8f8e043619fc3e9cf,BC,18
fd51908d330eaeadd3f33f146aaf44d7,Rod,3
fdaf28959ca3b95a24de403877b7c15b,Rod,4
fdb91a53d59008e8c77ff9a3a6b041b1,,4
fe549a71f9ff11649d41cb6749622a73,Rod,6
fe612fc58b41759111e33244d7a017e4,Rod,3
fe6dda97ccf1e3e0c7c6766188e15d80,Rod,0
fe77863e9744b15a0bf7689bb7d664b7,,4
fe884dace4eb5df5269d6a857add50c1,Rod,4
feb60bb31b701fe464eddedb5d3044b1,Rod,0
fee8f74f58d43032f2189dc11d4ca1e6,Rod,0
fee94cbee862e2cdc878f992a9074e52,Rod,0
ff33a9e6b9e4678c85dfe6cb5598d3bc,Rod,3
ff44066434b130b662a6ac6777007577,Rod,6
ff64ae82a93551da5182218f370e681b,Rod,11
ffc4bfefe9abcc2bddd7e745dc4089ce,Rod,0
ffe25b9a0625defe0736e98a1db47946,Rod,6
0009b1a57a00e7eab78589a60bdcf45a,Rod,4
0052a78ede5ec17fabc5445d92cb857f,MG,14
0092161952b019fed64d41fb1b13d555,,1
00a609d5eb7be9db251a6a972bc00166,,1
00c15e093d823bb3eaa5710632ff856d,,19
00c25b22b0b88317934dfba6c2160de6,Rod,6
00c68b2af0df9629f069d6329f1aa396,Rod,11
013504de73c248908efaa4e2249c14c0,Rod,0
01425f46ba0370cd0ba0ffebe3afa5b1,Rod,6
016659d2cc87b27581714b4d5458472b,Rod,6
017ccfcd0f94447127c6385dabab2069,Rod,3
01afc192e204a037f8ebe29c2a4619be,BC,15
01bb511991f4a728676f1b9e711d178c,Rod,4
01da232fd11d855a96a9ab5b3f272e5b,Rod,6
01f6aeaad7d79125c97e149f3138c016,Rod,4
022a934c41b46c24c7c3d24d17473bd8,Rod,0
025fe29e79afa6466d6a821bd04e76fd,Rod,0
0263fffa0638f594b9b140f4259261cf,,0
027d64e38ab5b9996b39b6693808e056,Rod,4
02b030472858a9bfdda388e250745c44,,14
02f67909a39af7b98779549ec78fea59,Rod,0
031a30e407b4232a5ff9fd016b710ad9,MG,13
031b6fa581b5ecfe0325d76eb9fb7596,,4
037076ae9bd97d1f4e7e78af600494cd,,0
037bc1e07c0e4e6a73210f645a6e7a9c,Rod,3
037c1cdc6e3ea69eb2b92d0a9934127c,Rod,6
03c565082a7a973a1d24db2cc1b63497,MG,1
0432a23fa916ff541a2de75c93a8918b,Rod,6
044416b91218dee93ed2a0fe043fe288,Rod,6
04632aeb7a3be384a304a057e4d8e3fb,Rod,6
048232c06160430b087baa89ca800ad8,MG,13
04852c73042a3ba9f9f50659972c70bb,BC,15
04a1d5bdb817818ddaa3d590fb641431,Rod,3
054dc1c7394b2536f9986ad7837ceb9a,MG,13
0557977930bc4c243934bd7498e0f7b7,Rod,0
055d0d7155ac8ffcf10f8a89f5a770a6,Rod,6
055ecd8c11f69971a21355769b352672,Rod,3
05a61b404c310500f6f48bd57e78fef5,Rod,6
05b38bd937695df083dbb8fb2d552ea9,Rod,6
05bb348277a7d143dddb15a66b50a5c4,Rod,6
05ccbe22d1fa18535b9054c2994019b0,,19
05f88c905ddac4e3b0ed9ad49f0b074e,,4
0621169eb28b79d55ee4c283ba7c6019,,0
064e221e2a6e371abad8d43b2ebfabb3,Rod,6
0664f608c9dba35a8ffaf1750f62cf69,,4
066dc8f7b855f80408623ea3d732cd00,Rod,6
06b27d1dc1498e2f6d173f8a220bfe2e,Rod,6
070f1972d3df16798945279d84b7923f,Rod,6
071e413aad09ea432a822964d1a3dd67,BC,8
071f0fe067341b2940492dc4d818d72f,Rod,6
072ebf8aca335415e13124ad33c18473,Rod,4
073510b97ea6bbe0c584020b4200f429,Rod,0
0759ecb9d99b60e958f2fb43e503a464,Micro,21
07624293c2dfd54abb2a0401e4def5a2,Rod,4
0775f5b4254d76451f13d4cf26224a2f,,14
07762eb108d204aa194d7c0478a05ac6,BC,9
077e0deacc3585104be19960a49be0c1,Rod,3
07971ce9ad26787f05049604cb88ac54,Rod,11
07f0996a8ff8bfdb7d6c366cc7bbdb44,Rod,4
07f3c8cdcaf6797aea3314148add9fee,Rod,0
0805e6c04a0d395a94e7a844da701efd,Rod,4
080df94ec0a442aeb910f5a3a5e32f35,BC,9
0828c397feab9f6dc71c6ed004fc0c60,Rod,0
084c4b2c69927705abe520155fbf3ede,BC,8
087d6fe23b374a2b3096652d91811f42,MG,13
08cec76d16ea3788ce8a7fa6d283fbaf,Rod,4
08d6bcfe2cd8bc94fbe70964361ddd5a,Rod,0
09185bb8466a2d518b7cabcdd07e6fe9,Rod,6
0928ec360685ff97d9847989f69ab411,Rod,6
094d0dd0dfbf85bb2522f3497cfcd6ac,Rod,0
0953610a3d36110165344fe12c794808,,14
098893379d80baaa2c3499aef4d3dd0a,BC,8
09a0b2d7131782b826c73c9f3e3b9c1c,Rod,0
09a7504e134f1d0795949c7ab0b6ab54,Rod,6
09d28bebbce9ccf1a7d018c2a27482a6,Rod,6
09f433b6b544e61281616902122eef94,Rod,4
0a01407c3718be009759039bebff9747,,14
0a0bdd5ba460b2fae63f1b6a12d58fe6,MG,13
0a646c1d389c4f8989c07158d6a04f86,,6
0a69d5d43347800f33ea70c376a99aef,Rod,6
0a83f7385bbc43e45ada16d830020b7d,AC,16
0a8ded165ef343a74f2863f0c583257b,BC,15
0a90cb4631afc3b2d18de59b86b516ee,BC,9
0ab823fadf36b20e3f2edb8f4c6aedf6,BC,8
0abdb3fcc51a9157cfd84341721d20ba,Rod,6
0ac72f108961d40c1af78f28d8471b81,Rod,6
0afee5a9bd69b59e302bc9e70b96c285,,6
0b089db2001b1e16054da55bf8f9ec74,BC,15
0b08d73afe7f1cd4cdf99626acc60699,Rod,3
0b2277ab092e3d7cd30ea6dea2c2406a,,6
0b2d71db310ec89693c5ef8566baf4f3,Rod,6
0b3a3654cbdd57ae0f31f474b1aa4ba3,Rod,0
0b3d425552bbf07b81f79a06a270f936,Rod,6
0b5a7260f4526c630101e4cef3368874,Rod,6
0b5fb817a089f8f0ad006d5ff3fb04a9,Rod,4
0b6f2e889fc7677598f9937e06f21690,Rod,6
0bc3d9108f9c9506b31c9ce68ec0ed16,Rod,0
0be3b912501696441796753dda98bd68,Rod,0
0bee955c761efaf40266a9f5af35ca59,Micro,21
0bf05cf850a510e2c11cc5bf8c000be4,,6
0c0083ba7bea450accd74ed0f3c2d947,,6
0c0cfdcb56334111e3f9f4f108da3afc,Rod,6
0c100c609c0b74f88dc0d92fc118a911,Cone,10
0c31b44099c69f815b98fc18b43aa802,Rod,6
0c3457471f945243df28d7c35a4232a9,Rod,11
0c4c4c06d43e34e5a37932e9e282caa5,BC,15
0c6777d970c06ddf12a5e821e625957d,,3
0cd61caa5377c6566c78eba73b6df8be,Rod,0
0cd93f6b91651599748ed039651e40d4,Rod,6
0d2141c36d23d0f9dfb88219d5cc45a3,Rod,4
0d3cf493e7624a1aa1739473b6292185,Rod,3
0d531fadb86926666ea2c7c578e5cb15,BC,15
0d5cc46767d76151ae1af9cd86e50dc3,Rod,6
0d602f04e457c677456f1fca65de7f78,,15
0d7361674aabe8d309460da290b5cd5e,Rod,6
0d880fd4a55666367face9fc7a1984a0,Rod,11
0d9e6a9b5b2471195a8c34ca3642b9bc,Rod,0
0db70cdde9b6343b664b1dd11da7f1cb,Cone,10
0dccb3c1e8b507a71aa3bfa27b9a531f,Cone,10
0e112d11dce0b583ebfdd19456bf9196,Rod,0
0e2a5fc8c643dc1a135680e23f380829,Rod,0
0e451f1cc33580747e88ab6430f6d819,Rod,0
0e515976e291be7b438621f6b6650e72,Rod,4
0e51aa4f75f06ae63afc058ced375d60,Rod,6
0e5b1a0b8b20bed7471c13cae4098611,Rod,6
0e78933002637d43b883c49484aa08df,Rod,0
0e7cca1ec9f80b7d70c022a2a467a59c,Rod,3
0e8ea65ff58146e3ec801d5dcc614d5d,MG,13
0ed310bf22aaedc3a9455f643cffe909,,1
0edd5d042840eafd86b05e74258049b3,BC,8
0edff88e5506555a2d8d9373a1526a29,Rod,6
0ee80996aa41af5571039af682f0e233,,6
0eea9cbee51083f1f9a64fd1ae640792,,2
0f1311ce7ba9652ac2ee0e079952f21e,Rod,3
0f296ee3b87160b9a4a76c03f0b843a4,,7
0f435a1ccb8e064a694212e8ce20797a,Rod,6
0f5157ea2f41c3c63d4c360305f9c4bc,Rod,0
0f62cfea3c3395cf3ec754c0ecc2579f,Rod,0
0fa654edfebd993868a1373affd269eb,Rod,6
0fb096affc20dc520a62496247e7deb0,Rod,6
0fbd1ae6f4d0e19f5b159fb2fda30b9b,MG,13
0fed034c027cd2ab893403562df1f888,,2
0fef95492a08e813e13296ba7f35e06d,Rod,4
100646a3526995d052906ab8b174b1a6,Cone,10
100675309e927286a368e5da56a7f224,,14
1008788996fa455799b212e04aca17cb,,6
100da6c5f23c3e7edf240bbe0dbf7ad9,Rod,6
101523d6b6704311ad0eff658b851b44,Rod,4
1029cb070aed7dbea3706e8854ae3537,,3
103653cdb25905849b8d9d9bf0031d23,Rod,6
1047887f4bfd9db656bc810fd7cb8ad6,Rod,0
10497dfec5f191b122c286ca9599f02b,,6
10516d214726493b75da168ac7447fd5,Rod,3
108b89b414061e25f6b485f649e70bc3,Rod,6
1095ed595b2689d5fb057d5274cb14a3,Rod,4
109dcef96e9a59013bdf2870a634d58e,BC,8
10a0ffb60aeae3cf2daaeae9745b9c96,,7
10ca7e691606f3ea3cbb2ad510ae85fe,MG,13
10e6dccb0dc8d8811e9a4085265de3c0,,1
10f352892d275920d48a36803d538a04,,6
10f376d41ecc0e9a5c6c317338a2d281,,14
10fa98d233ebcba9939851c2c4f5f268,,3
1101d7c4f350ada5e134d36ede319122,Rod,6
111b9541065bfb668d42037b1febdd02,,1
117528a007706c3f93d2242e7ad1bfa4,Rod,6
11826052be7c80e723c793e3c7841cf2,Rod,0
118ff294b280ef8a8f07be481fa08244,Rod,5
1194b80910623fe214ceb72bd5e112d6,,1
11b008b6b90e33ca95fa8835804003d0,Rod,6
11c03f2e4bc369139311218d30fd9eb6,Rod,0
11dda737d72070f67f59e1b1bd81d1af,,3
121db8cc589f58904e6d3db19d2b81ab,Rod,6
1271c6f427291ecfa818376e1c0d9abf,,6
128b5457f772fd7b82f1ebab7a3a2cfd,BC,9
1291811d22d73a12335a64e0ef2283c3,BC,18
1291cfbe1c7fcaa36d81a6d5d6135930,Rod,0
12b65f9bfe9ef5d41dd95d217d5b407b,Rod,11
12c38f6f3317561b2b6805d0ed807b4f,Rod,4
12cb7e92320968bfe2a34d4738f104d8,Rod,0
12e959cccc4ea4f097234f724d3e4bba,BC,8
1302e5ab85304b56342e3ad1fbb252c9,MG,2
1330e5eeeeff860ac2d0b730e8640620,Rod,4
1344e251c9bba74e5a7da57c83074fd3,,14
134d4f324179b67f8ba2fc4d6d722397,Rod,6
1377e96d9fba869c50bd6713022f2672,Rod,6
1389b4ceed07de96b3fdb55d710f29e7,Rod,6
139ca47855bd45798df04c9a28107331,Rod,3
13a07e5fea48194fc2b1b3e1828c25bd,Rod,4
13acb28dc673a669094e1df657ac2504,Rod,0
13e3c643dad321ff4a981ce9041a3589,Rod,6
13f9694b0d183c7e26bd7a8d5378d446,BC,8
140fcfd0811fcffbb45855f0e9c8aef3,,14
14139c524c49ae5683403dad70019116,Rod,0
1431038beab25611690b8d876e66d337,Rod,6
145122a6f6ba13623a79b7fea30ac270,BC,9
1485f0606b4cd9c8f9ca3ede5e06926a,,0
149c0761c50efbdb2cd1d3d3cf21f286,BC,15
149d066654bd9e136589db69f49bb68f,BC,8
14a5981b64891cccec7c21a04b9ff240,Rod,4
14ee59b1e0071a7b91668ba0c6de7e6c,,4
151502a6b316f9f296fbbf29875a5ef8,,7
151de7b5f35fc9d781836d4695393068,Rod,6
1528bc5d4ef06f47603211e5cab31862,Rod,3
153e3f259759b24a77d823a32f101cf1,,1
1548c51fb2ae1c284c2b1522ba0459ab,Rod,0
1560f2b879dfe7e6539eee504402e08c,BC,18
1560fb2e18c0959ad07cff717327549d,Rod,0
157a193f5d0648c561043deace391ce5,,10
158f87c6042de49e76e5f69a4103fd40,BC,18
1590bcd643a875ffde7d734136dca6d5,MG,13
15ac23ea567d9aa53d3c901bb507d606,Rod,4
15dae826d85f40a070518fece6ac5d4c,Rod,6
15ded2f63627c1fa9fb554a00db4a5e1,Rod,0
162003a89070792c598edf8d6f61134e,,16
163654c255ac098ed7bfd29164eb7612,,14
1639979fa7acff93e92675c390294e29,,20
16773aba7d8fd31685b804648c40b65f,,4
16800bba1b54e959bf2080e60f3bd906,Rod,3
169b607f7c04621eca5f894b77c783c6,Rod,4
169dc34c74a909fbf355b8eefffa7843,Rod,6
16a4f47774b8d69259759a458fbb7a44,Rod,6
16c6deb9105242a8e17e29f15ae998e6,MG,13
16dea963fcecc2ca575cc2d128e263dd,Rod,6
16f766d0de1b87cc757c539b990ab6ae,Rod,11
170e8802727a3ce74f080abf6377c099,Rod,6
1727f9379b25c551c924c3baef7322d6,Rod,6
178d645072823c510c82b2caa744ae14,Rod,4
17a4dc8bad94b27bdd390fd2f1b88fe6,Rod,11
17ab8fc1b8607ffb88536a432f60dc1a,,2
17b0dc2cc167651da92af3c4dca64c1a,BC,8
17b4fc4aaa0df47d13fe2c27a10e5111,Rod,4
17ba6642a43a22b6abe67cfc71302af6,Rod,6
17c00710cc36448e7a5b1717650a0212,Rod,0
17c0586b92c71877afd20d351fb15971,Rod,3
17c0afacf7d04b0e52a459764fbe9e3c,Rod,0
17cff7386a6065e348e627cda02ebb7f,Rod,6
17fc9614a267bdceb1d6575416c53094,Rod,4
18062c6840a01e995c4c909e4fb20ba4,,3
1811dd5958fa257442530f635f46e4f2,BC,9
185b0286afa4295bb6e28fd9e1960143,,6
187c18e136f9664baf1e7704db751d90,BC,9
1892db08a1e859830f25f4f488b8e170,Rod,0
18b68e314e4a0f1b0a695f2677f3ae13,,2
18ddd830d5616c07eef5f2a8d3a79601,Rod,6
18ebe794032b2d863f8fca7a10aa75b3,Rod,4
18eda0b42d2949bfbce522478dd75f7a,,3
194a21ea038910ce922196473e3ac2c1,Rod,0
195e4dd963aed2b8010ca0147446a052,Rod,11
19680f00fdbfa44d76207b2a4304d37d,,14
197c62a8ead1b7bfe628f27fdf786fef,Rod,4
19aedd86cbdc368957b870955c49c5b7,,1
19b46e226b83b6abc0302981855f259c,Rod,6
19c23b8eb1d51fefa8837254d057cf06,BC,18
19d0d67858210d650ed8247f4cb824e6,,1
19f8050e8a966306d39fcb333847cfc4,Rod,6
1a25e33e36a788159445314f4a5747c9,Rod,6
1a5151c609e2ad259f4766f15d09784a,Rod,3
1a5ac50b0ab7b9355ad0f56a71ce0305,AC,16
1a84efaf37303cb782125f36a180b53c,AC,16
1aac3e57191aabc6496e917c19c80e15,Rod,4
1aca818cc225a59c1edc272024b29e50,Rod,3
1ace0403310e9027137ec1f908cfaf80,Rod,4
1ada4af72d5cb2452a9a257274acffdd,Rod,0
1adff66bbc548cff7a85a8bf9e317160,Rod,0
1ae408db5f5c1386bccfb8c3f65b8320,Rod,6
1b0d4b0e03fd2b87ba6f1989ca449a2b,Rod,6
1b32acdb2b922eafa16b1764a80d88d1,Cone,10
1b546c6c4ed107eee9ff6b4312d14e80,Rod,6
1b57e246acac1f36e254a98c6c045d9c,Rod,0
1b8b3f402af54f851e027dc965ad79dc,Rod,6
1b8bb5fde41958c380756acea1b9adae,,3
1bb2bb728fc1eb9cf9f48f0c49d8d8fd,Rod,6
1bb40b17784488e5525f00e28c77d643,Rod,4
1bb80f2c899aa31e4b65826e7d044115,Rod,3
1be0f9aec7d789d8cc412033654bebda,Rod,0
1be60e6a3d91faf3ec0d1c257884a963,Rod,6
1bf0d810e41e6a8342299802335bb58e,Rod,6
1bfdc6a4cda1ab063bd382b2ae4a1d1b,Rod,0
1c030255ecc7bf2aa3232e29e4cc366e,Rod,4
1c0a2199ee239f39ed807616b2f02045,Cone,4
1c64999e2dc97a42c0521285c7916c8d,Rod,0
1c818200084f6ccb101aa76fc685447b,Rod,4
1c9a97b8a4efb0eb1007f490e1964e5a,Rod,6
1cb06300d865e65f459374ca39e66f86,BC,9
1cbcc44c35b63351e4ba3ef1d7129a4a,Rod,3
1ce8f6930ad7a4b45de7003d14767c51,BC,9
1d0044cbcf38c99e2542af11e4b9ad3d,Rod,3
1d08fdc603d63d4ee2842d074da1d164,Rod,6
1d0e30090387e631ea1dea46b350c819,Rod,3
1d181f2d50dde466e137ba9fe4862a05,RGC,17
1d346592bf6e88752fe673de730263b5,Cone,4
1d34859a6dac5d9cc332e89617a43e4e,Cone,10
1dae9620f6dc0a5ce7ca6784117f0f4c,MG,13
1dbf71ca363c8cdce456b36c1db7fe81,Rod,4
1e4a45b309c12b1d6664cb9ca28b0c3c,BC,9
1e5cbf0644ea34fff1efd7066444a0a2,,1
1e675b62d70d082cf325c71dc697a68d,Rod,6
1e7344bcf57fdcd708b315891c7f83fe,BC,15
1e781f7754a381d9c45b38608418d9ba,Rod,0
1e82ab48d03a392bfdce10a26aceaf4e,Rod,4
1e9e0e519983429bb426cde21f99b65e,Rod,4
1eadafbe7c9928dc6d119b196452e9e5,Rod,6
1ec643196904108f086750291daa1f60,Rod,4
1ed928789bcc9ab84672dcc43c72d031,Cone,10
1edc7d0e945bc182828ee3dd8906815d,MG,13
1eee744a0c7429a4b220f1263083dfc2,,7
1f0ec5f939fd004659feb49b3e7bc20d,Rod,6
1f75211bb16c45de35afe57dc5bd641d,Rod,6
1f7d0001e300bb9290ef7a5fe6eb6b02,Rod,6
1f8abe393db2d96f6e82dac952d390e3,Rod,6
1f9f31572e510f085612cb5e41d92738,,6
1fc1d5a91bce68cc7bac670641b6668f,MG,13
1fc3a46544e4d10b9c9c4132a1cc413b,Rod,6
1fc8f6fe76f5d6d618a5ca3972ce3eca,,6
1fe2959128bc4c031513e7c997a91c54,Rod,6
1fec2ef5edebc7f92abaa10f0501d096,,12
201def13a6609caba6246507909dc8f6,Rod,1
202fddd80a20476d40fd8c5d6a8dbcdf,Rod,11
203f5cba7da2df651c30bf36de3ac61c,BC,8
2052542211a5f280e84b84515fc83e5e,Rod,4
205b508aae0991847ca2e62040e05a59,Rod,6
2070c586c6626e687d41e01564148fd5,,4
20a279c9d653f254097764d01088a2b1,Rod,0
20d59cd09719f7f926a1b87ed96b7ea1,,1
20f4b1a1ed3bc51c239afaade264521a,Rod,0
211624c4143844a532279ded522e6abb,BC,15
2133b1bcffd30be4cce9a151c6ff7618,Cone,19
2143e53677595faab573c33f3a578c9f,Rod,6
21538ac87265f4f183746e35e472d3e3,Rod,11
2155ef85a9bb18c3050cda0721bc0dbc,Rod,6
215a5e479d6e9589bd5463634efe2859,Rod,4
21826ecaf2dac3c51f3934bceefec566,Rod,4
2183a189b63de5cc81ddb9cf074032b4,BC,8
218a48539d4f7e06cf4059d649de223c,Cone,5
218feb5cfa7f8010e4101765ee02ee3b,Rod,4
21a603555dd2f8b5036fead7cd7eb6a1,Rod,6
21a9e020c22c0da07edc805b3c11f1bd,MG,13
21aa03b2646afcb8a3e76a3795f7281f,,2
21e810e71e5c4bffc7a1a7c47645dd61,Rod,3
2214449a2b586073589c119af6e8f5cc,,1
2255a4770874100b862e6641b4873821,BC,18
2267e30de7f4313d6791489c03449894,Rod,0
227541a2bac2dab7f0692b5c0dc80e1e,Rod,0
228b70f418db7c47408304e08a52f874,Rod,6
22afb37764be4286922a058e31c465f5,Rod,6
22d358a4a3cd4113751289ec41e16c50,Rod,0
22f1d917cb53d4f3bba1ee0b1829fcb3,Rod,11
231bb4d2d76c2fbd40585b38a5b1a998,,6
2341988579d7eb5ef77cd30a38c73a82,MG,13
2373b0f57483ffcf108f312137a9352a,Rod,0
238945a4bf87d6aa8b52f115c2853904,Rod,6
23ab00091dd644594a769c25ded7bb03,BC,15
23b8a221b6c21428af7b4de5381b5647,Cone,10
23bf42f1307f3d1c68d236f2d16681b9,,14
23d1d9abb50624339120af506cd79253,,2
23d7e5d4bd09ad02029c5115e311a313,Rod,4
24010a5fadadc92370cc97655813badb,,2
2407215f5b7aeb42facff038e3915a82,Rod,3
24117fbe0307f427b704543ad6a64a88,Rod,6
243230a73e0b85668eae212c8ff05c1b,MG,13
2489c7c7dba4f6a7694074e666e5ca45,Rod,6
248c9b3055ea6f600a57cbc397e10d60,AC,16
24af4785c9c79bfe91bc99c8c6197efc,Rod,6
24b9d12a6cbf32ab5f148ad252b4404e,,14
24bdb66fb19918a97c7513f69993ae49,BC,9
24ca9c2b94e1180be8b1eff994331947,Rod,0
24d4d367fbd2f91235c85ea7bddbd8bc,Rod,4
24d88783ba493c8fa96093b609f870c9,Rod,4
24d940ef16a92cd24309973eaea30876,BC,8
24d94c8ac5df9d079fb696f7cd333150,,1
24faf1287565fb40c5787ed36ae21b6c,Rod,0
25003bf3406748f57a89584306b6915d,Cone,10
25069db0c0ed4686d0adb494062f80d3,Rod,3
254089b29a5eb011fbb4dcdc62880b84,Rod,3
2548efb1b2b0964fa3ecb3394ca9a9c6,Rod,3
25660717eb2b631aa17adfeeaa3827f1,Rod,6
25bec6d1cd558e0992f1dddf4f0c3eab,MG,13
25efc6792e70d0e33d092ba879d7e1e3,Rod,0
25fc584d5ae5239242ff81176a07029a,Rod,3
2600cce1a06c52dce86786269f341876,Cone,10
262023d97d4a68c5aee711d3be69442c,Rod,4
2624c3873e6eafbbb0a2811d277f929e,Rod,3
2630abaf9c9eeae3acfb5ca83a5833ad,Rod,6
26416193d61284ef2c411baaff167cf0,Rod,4
2678a5bdbf1cbb26806a7413461ecf86,Rod,6
26a4013ce45215cffbc6e8a4b2fe66be,,10
26a43bddade4a132ec118dbc45a8d3a0,MG,13
26af22afea8bd7e0c2d4049c7fa0a4a0,,2
26ba5345b790959e923940b55a9eec07,Rod,6
270185a08b020fd7cb51f3c0925f455d,Rod,6
271d529629a6f5acbc485652600771e0,,16
2774193106e1656cd7dadafcc3a0df7b,,6
27985bdcd89a5add0864695623caeb4d,Rod,3
27ad7dffc0463d90fcdd0ccfc127bec5,Rod,6
27c99182cda1862d642cab16496b0689,Micro,21
27e5da8d0b34700c67a8c129169d594f,,4
27f23da3a003585238d2024649ed58f9,BC,9
27f6cf616279e9cb021cb7818b988ebb,Rod,3
2829a595acb4f17e78fc96180b7edf3c,,1
28449e05ebc391f7c08def4e796c6381,,0
2844ff3cf6eadab720c76d823e40bdda,Rod,0
28491eb64e6951092db5e2355a3e0c4f,BC,15
2852a62b350ba581eb20228b766c43a1,Rod,0
286ba5a7681b17d8be03b6bf6d3036a3,Rod,4
289aa57b24c2d1b6f0f935b2fc578dce,Rod,6
28aa3564e39190e34d9e0e4cd6802149,Rod,4
28dc0bccd86a3da7c5f508d989ee7948,Rod,0
28f411e3d10326bfd8c923b2dae752c1,Rod,6
29060514c22ec01bc3ec3c9af44e6c9b,Rod,0
2931bf85bf6ac0b4a96cce4dd21f28fe,Rod,4
29470df4c1928d53ddca0245046a1496,,3
29750f42382234cb06f4ad48c50e07b8,,14
29839f831a074d3da92375505c356a67,BC,8
29a895f8c34d06d971d1873cf84a6af5,,6
29adb301dac89552f040881888c13631,,2
29bb30dc3bd41fccaf8d2e486d3c1706,Rod,6
29bdf78adfa18ce91abb40b49dc3ddc4,Rod,4
29c1d02ba7e9281531a9edab5fffd4f8,Rod,6
29d85db054a4f624599b1f9782e7059c,Rod,6
2a459b133784d45b05aa8925eb8887e2,BC,8
2a53cbfcf72624c6f54fba07887d6f9d,Rod,6
2a5b5abe9051895701cbbf72560bc1ad,BC,18
2a633948cc8f8a1a1353010e0c88404a,,16
2a721aa570d1f7525980a3b7d0746f62,,1
2a7c02bb5e65db4596075956340cd03e,,2
2a939fd8ebbcfafa8bdb8471defd642a,Rod,4
2af2503953423c1cbcebef580214f518,Rod,6
2af42e868c0da0aaf019d0a31c190dc8,BC,15
2b10d3cb23218576258c2b5c45497424,Rod,6
2b139589db9d2a138be8f2c9fa6658a7,,0
2b2bd45079306009c9128d73f8d36078,Rod,6
2b39aa3c6309a7e72f84afaf1dfb756d,Rod,6
2b5c046cee9ac26e18eb5a96fc7d13d9,Rod,3
2bced36fa0fcb5bf9e3e0f754fe22d9a,Rod,4
2bd2b57da12ffd83d150909f1e8a89e8,,4
2bd4e4e720ac930c11790a927c33e62e,Rod,4
2bdf930c8f7ab82d79f5a441ff4a4df0,BC,8
2bedcea89131df4c3ecc44e8502c57ab,,2
2c2cb6d7c37d895c80f24466b22d32eb,Rod,6
2c2ec4df08d2c9624efbbb21aec91429,Micro,21
2c4fdb84bb899eb383f1b9d4377f68f7,Rod,0
2c90512d99b831e67dfc77c3e6a116d6,Rod,6
2cff8aa6d5ae24c4907066a9f2eed4d0,Rod,0
2d0021bd19bb261b8db0cde4f3e2df9b,Cone,10
2d060ae6b69b7099b66a5b5a99c2c0cd,BC,9
2d5a80abc7777796dc2b511edcc9d7c9,Rod,10
2d72eaf00fa7654b01cadde3a90e751a,Rod,4
2dd9f985392e4eae1fdb58f871eb1a73,Rod,11
2e10717916129ef1ec64d499a774094f,Rod,4
2e23de3bd52bc33101b572c443d54450,,6
2e29f7b835a9147c40eefcebc4f702da,Rod,0
2e7b76ac3136f0bbd95d62f959ed5a34,Rod,3
2e88279f499c22eb812c99a59c31bd33,Rod,0
2ea0ba60dfde7c61e7f1f2ee6f45af5b,,6
2ea5ed6eb60308fd8e4a75fea596f187,,6
2ead6f34f958a4fdb72e8b26c53caccc,Rod,6
2ede26ad0d469d3ef4da5ac4c10d5de0,,6
2f5cb32bff2287ac9d5f53ac24144b4e,,15
2f90a9006bcf07202191c43349e4c6d3,Cone,10
2fd7da7c0290075fc0608ba76e077901,Rod,6
2fe06b632c5e166b37500d8d009eaf4c,Rod,0
30191c702754673f35a4cc6c89bc14d9,BC,9
303ae008d468434727f6e6448a243c7a,Rod,6
3046c8015607645a5ee0dd7f82d30ed9,BC,8
304838bb27b5ae44635d02a9e5b2d0ca,Cone,10
3053be8c4bfa0bf69c7764c6e81f5706,,14
30714eb92fabbe81499ed0ecefe3fe5f,AC,16
307cdf1e3b883421217fa6ce82b5e269,AC,16
30801aa82d87f79c69329043c697141d,Rod,6
30a2badd68d82c3bb05fc4d6914ed50f,Rod,4
30bd4d9c4d3cad0c0618dcd916c4606d,Rod,6
30d407887db8c03359cb3f0465c28de0,Rod,6
30fbb3ddff6cd6354e7a1ec294370dc5,Rod,4
3138ebbf7969a34adb4445bb7e642a0d,Rod,3
3160cce51dee939e1fb6a76b51a9d457,BC,18
3163a749d0a19fab594b35f7f48c7ef6,,20
317c7f0ab82c7c23f6d83bbfeed9e0b1,Rod,3
319e3003f714fed7d4cfa72a94aae91c,Rod,0
31a4751d4042cee22f3b80c59b050516,AC,16
31b76f976e428d2d7ee3ada195d2c9b0,Rod,3
31c6c7915df6676c62b8a6aae92db0fd,Rod,3
3225302d09a25b7543610798441d1af2,Rod,6
324b968063fb610b16a396f3d58b8e1c,Rod,0
3256fbc1a1e73dab4dd26e0f0e3fd222,,1
32656fea1c02035138d6d9d274c0ffb8,Rod,0
326700ee5cf4fe29ad0026e93a4087d2,Rod,3
329bf3f1768eebf23a4c6d0697c28931,BC,15
32a483ae7c120980e4c1513bfd1f4921,Rod,3
32ab94d8db8357a27ec8eb791acf7e2d,Rod,11
32cf5bf27c31010b381dd6cc50a71282,Rod,11
32ea14a6342c5bba43d1c0611265b228,Rod,4
32f06f461828526da240699579b18b89,BC,9
32f2f0c0af83ad8543fa4edaab0b3e1f,Rod,4
3340e42ccc9c53dfe45bf7b1f3c55071,Rod,0
33550734701048522d19ebe716df6a74,Rod,3
3372a7ed68730457b269fc1441e344e8,Rod,3
3388795a6b652cf640bd53f3cab547a0,Rod,4
338c51f39d089331ffef30598bad4468,,10
33b1d1d7fb1f1ca7d4f650212a652a5c,BC,18
341dc4b7bfd7ebab095bd0565b7c3d0b,Rod,0
3423b2d3d2eb810a985b128effb9c60c,Rod,11
343acceab3ca27706cc9f1124206596d,,6
343e72c538910841eb649450c8809fe4,Rod,4
34453e167ffb4170a589635f5911d4a1,,11
3463ce2a3f1b1abb75367fdbaba2ab02,Rod,4
347b36d05394e7eeb6b6914a118b6222,Rod,4
347b7d5841e16cbd8b894dd6276f5917,,16
347b94d081ce376d1d7984aee4406a7d,Rod,4
34872026b0507419838bdf78a06e9948,Rod,4
3490c116fa9adc71b6f6d838c2ae9d1f,,0
349e05830a4421109636f42200bcf135,,6
34d8c6d4ff2567719d1f4e960bfb6529,,1
34de2b89b64bb53e58198b1df4a32281,Rod,6
34ed45543c563267a86b636d46be2d30,,6
34fd126283c80135b6a374396cd7408d,Cone,10
350bbb0aaafdfccb711ef99186b2b6fa,Rod,0
35199b9aac6cb6c5fae72b420ca55a2d,,1
354b3a244bcfc15ae49d7bd2b5bfaa84,Rod,6
356e89ed955a61e4ae506344536f5e1d,,14
35ad54ee779914acfb757f7d520a019c,,12
35ae23528aa2fc5033f2e12995661cf9,MG,13
35db4e2d3592f26fa24263186e1c3207,Rod,0
35e5455bf6f5a7ac9ee1999bb871871b,Rod,6
3605af361cb26b75c1ecbf174bb90c60,Micro,21
3631a3f0520d7928f910cb35226f4f3f,BC,15
363c639ad036076be64b15a24bed4863,Rod,6
3672ec3584745b183a587ec7b8e4a3ca,Rod,3
3684015d8a647279ecc24941fc3c2c83,BC,15
36cf98bf16617d72031ba05f71b830b6,Rod,0
36f3154a238718901ae74302f6b07d72,,4
36fc4ed0743dd54acd9292dd8922e77c,Rod,11
37004c5ee2ce68f8aa32f5d0aaa364e0,Rod,0
370a09d53aed61405d395e79d326225e,Rod,0
370eb337c9e6c273f1bd571cd2ef2d94,BC,8
3718e3a3f6cab66795cac053314cc06c,Rod,6
373d4edbfce6718f35aeed762aa686ae,Rod,11
378a1efba8d2e92c0857f857b9da1935,,6
378a49c184510fc653e27425787d7410,,4
379bcefced75ee7d9120c7140815c32e,Rod,0
379ce0b1f6e801ac40df699e6f1a9196,Rod,0
37ad32e5361bc8ef0647b73e314e6647,Rod,6
37b3a8c75abed7faeb05cf20aae3a762,Rod,4
37b55c756c66f6f60da17b21d24a5f6e,Rod,6
37eff0a3aa2a6613927dfc877891a6a8,BC,9
37f6f446e60a0d14e2a512ec50dd12f8,Rod,14
37fde3dd79646b6493676f37ec926280,Rod,0
3817cb4b4757e29980c5e3aa82fdde3d,Rod,11
3827c66b4646f313df8c424da4dcde12,BC,15
38761e3e50a329802cec3806be4ac6bf,Rod,6
387c11ad1fd777436cd7aa6b95244f96,Rod,6
38a6d5ca2c623c166753eb643a7efc96,,4
38bd0fc75eb090ab897b4e6d77d7e7a1,,6
38c5dec5801dce118f9664eeb71edd36,BC,15
38e4d3fe137b79acec4ca3b74963962a,BC,18
38ee86b40b0162d690baecd03140cdd8,Rod,6
3932ee4f8d4c5f904e98620637c82c45,Rod,0
3964cbcb4f0c7595668cd7d263293e01,Rod,4
396fe3dd0ece3d07f17f0551d243b318,,0
397f5368162effe7facfe72fd95c63b8,Rod,6
399162625b6d53be1b6955e511938738,Rod,6
39a6dd169426930379aa977f344389d2,Rod,0
39aac895ea1826ff6333e6c3f376fa5a,Rod,6
39d88e9357636136f20dd6421c45a8c3,,2
39de0c21039b5e19a381ca0a771c494f,Rod,0
39ed7189432f03aa65994138fbea1b13,Rod,11
39fac347aedd21ec1a28e10107d40d7f,Rod,0
3a0a9b076f0d93b64d32c5efc041ab04,Rod,6
3a6e337f1295c9f2cdf63ebbd6fdfcd3,Rod,4
3a853acfb2d9b5e51858794f2d1bc2a3,,6
3ad0e405554609f917671d5ba6091324,Rod,6
3aed57e321948d8c3b4742e507612fe1,Rod,11
3af223f73ec2c0baedf55f3c5d761b34,Rod,6
3afe4cd3422a3c8effda2f3f15d3b1d7,,1
3b32d7bd0745d52c4f818e034bd5a29c,Rod,4
3b373be8131bc55e160541f875fdd734,Rod,0
3b4b6316a18f7dc3e30a146420d26dc9,Rod,6
3b5116dd5c90652682949f8c891d9e99,,4
3b70470ecee960e834a46ac7b4b00078,,9
3b72d1813b295b764c4890a74beb19f9,Rod,0
3b818807716a0590f7278575e06c86d1,Rod,3
3b8eb597e7f4a0c2369605f737d846b6,Rod,4
3bbd8b28e7d8e612f120030003149895,Rod,6
3bd4ad8be3715b9f1602f806a174e363,Rod,0
3bec95be4c06ae877412de1116982305,Rod,0
3c052d97f6c04efb045f0677d915dac6,Rod,4
3c160cac83d831ce8d38f83369113872,Rod,0
3c216896243e77c7ea208a07350afb94,Rod,11
3c2ce1430a7e52e15cae9cc19dfb2b02,Rod,6
3c4093d8ee305224e427c78e387f9b53,,3
3c671f5d8868f7b5c36e8316603f3896,Rod,0
3c75d0adeaa88640ee99d2b9978c46e6,Rod,9
3c8c2954614dd0a557e3b19e5bb9202a,Rod,4
3cbf9887555cbf00df31698cb7c92a05,,6
3cef36db448d73c0093c6b3fbdda7712,Rod,6
3cfeb8ae50a91feefb95b301162aa197,,3
3d3103689ace13dccf5484ca2339737c,Rod,6
3d451bee0e18c115b3bd77056cde2778,MG,13
3d7b9d0f57c899fdafb7a8f9e6dd72d2,,0
3da8d584484ad01b72ea0c383cde49bf,Rod,6
3dc374f9d483a7cf75754aaaa816e68e,Rod,0
3e1291d67c58c69d0dfc926ec2b5baa5,Rod,3
3e1a1992887085598a9d00f002174166,Rod,6
3e397d07bb75550a840cdbd6ca328d11,Rod,6
3e568fdc0c3d65de28db333e24c8d139,Rod,6
3e614d9e8a2154f601412098c64ad7db,Rod,0
3e78d59112f83bcca1973bb6fc27d3dd,,1
3e7b54851af1d663c7ded24cd669b0fe,BC,15
3e987591a2abcb3bd510829765ad75b7,Rod,6
3ea4140b0a9c9d3b5c90cd4698baf756,Rod,6
3ea82975735cf0120a01c291954ba063,Rod,4
3eb69b281465935dd8f78c1d30ba548d,Rod,6
3eb6ceaefc10385c3a76435c1de9e329,Rod,4
3ec5f8c6a2f4ac645c1b9a650303b4d3,Rod,0
3ee371ad08da03b05bf35984b5626a51,Rod,6
3ef207a0e9c0480785f9643be960364f,,4
3ef366860725edf0064cd259f991dcba,MG,13
3f114204a658c508b42758d75de9c8f5,Rod,4
3f1f8311cdb69ee6a68da36756f4e98c,,1
3f3cdf0c63681097a679dfa707df9203,,6
3f5a340cfe748d817ccf2baf16295b47,,6
3f82c0f031b4696e63c32b59f5d5edc3,Rod,4
3fb976b3c83814d232259faa31e1fb52,Rod,3
403389215a8c1be6c3b473459fe149e7,Rod,6
40380fda38d080cfefe3cc733aa98eea,Rod,0
4038ec6585b21409a625ffec0d9aa02f,BC,8
40439f14952cdfaf406dfac3cab4d3a3,Rod,6
40462dde3f1dce797a2b923b887b64eb,BC,9
4051247c38f53b1596ab9a6a1d85b265,Rod,6
406096d1335478d7870cbac88ba1631d,Rod,0
408233723b98141299fc86f47c2b65a3,MG,2
40e51dad0a873d9f2c81edeeec2c2700,Rod,11
40ffd9ac99accba5b9633499a0ee5519,MG,13
410b7abb4656d841ffc0fde359fdf297,Rod,0
413e4463fab92f9eaee6f36dcedfca05,BC,8
4141dace397e903efa65e188b38c0f4e,Rod,6
414ee83e15baa9d5b8e37ca9348285e2,Rod,6
415676c534cbc7c7cc6b1120ae2c9611,Rod,6
41686a46e23139f0994f1d059b2b03b9,Rod,6
417b3e9178e0d92d8993b91ac635b30e,Rod,4
41946258e22d289df9519bf4e3ef61c4,,15
419708f8cc530511b45f186cb7e2eb7a,Rod,0
41aeee5bbd90b3ba5b245cc5f2322a9c,Rod,0
41d486f84653833b0afe59d8d030f615,BC,15
41ff760c11c262461cec28445450a559,BC,18
420ae1fcabf943debdf89325f7b0caab,Rod,4
421c7f1a38efb02997919aeebd752c5d,Rod,6
423eebe77fbedfa0faa98f05d43e9a40,Cone,6
42532685ce81cc90296b505b99ebb77d,Rod,6
428960bf8c627a850b5b9b2559360672,Rod,6
42a0be32d5c3b36935c51a1995b1789e,MG,13
42fc0292bd8707abd17a859a8b34b169,Rod,11
435a26f69a8ee717bee342f277d0d0d8,Rod,3
435aea3dab0f223a975b4853e73fe30d,,20
438704ec07ccec454fec0e0cbe3a7c6a,Rod,0
439903407eb55adb1461a541555e77f7,Rod,6
43993577707d8b5cee5d7e7d38c03f1e,Rod,0
43af43dae5613c36d28815a499457b92,Rod,3
43cf3460d8cff80b0cea8d4e9f8a8036,Rod,0
43d4e9dd23a5ab3b2e9616079d9408b7,Cone,19
43f11182ee81a24dcc86ebdca751e886,Rod,5
440348d035291cff9678b5c60840dde1,Rod,6
442b5ded6f5b0a10d2c320af6c3eb8b1,Rod,4
443a5e067a0fafd389559a0b62e392f3,Rod,6
44426c678972e5b6f5de5b623ab7b066,Rod,6
44447199a6ffaafb4eae9eaed5e15b9a,Rod,0
446982fac9bdd5a2873bea82719f306a,BC,15
446cba037330541d5a135ab438ccaf78,Rod,6
44a5e478339264bba0a7477c17a2e32a,Rod,6
44a84019c903ac6529ce21c524631098,Rod,6
4509c4b3550516633b6e87b1f0741d25,BC,9
4532ed96c965c303c4e1905f301ec372,Rod,6
4537cfb57dcd6826b08fdaaded664a3e,Micro,21
456d58c1761ad9564ed7de8da29e0ce7,Rod,4
45b4da9556a79f3132c37d0ad9705041,Rod,4
45b5b51de2c92d81f1423272ad42b9d8,Rod,11
45c3e75eb7f4b832ac4710483e2ebbc6,Rod,11
45ca5e4d62f9917ed1452d99923f4bb2,BC,8
460551edff1cfbef2cdf7ddec31d9dba,,6
46090118e4a2cf3f0fa6a1ae3e91c647,Rod,3
461e12c6dfd6732f5fc2b6dcca693a73,Rod,0
46268e177c98205e076aa8b197b2b9a8,Cone,5
464f6b22d89b4e7aeb6b13b2fdc39f54,Rod,6
4650959401f44492b08aa6ca43d15194,Rod,3
466e2934679f198d6abbd4510761781a,Rod,0
469ef5539bbe583d7a028fc058b1a842,Rod,6
46b0a6f23c549cda28517a4143828277,Rod,6
46b482abb0cc7eef5a30f433b6e6d3d3,Rod,4
46b7a142e5878d0830da4446c0740794,Rod,11
46c97baa54afd91078edad143eb49619,Rod,3
46f53d1a6a91a0a22fdd9e5c32b3a424,,6
46f89898d77586dc1cc210e4e206556e,,1
470c503eb4c6243bf80b126d7bcae3b0,Rod,3
471ec8b9f84e267ddb51ed61dc41addf,Rod,11
472ffa8c0ca59bed50fcad28ffc59931,Rod,0
477c647756bac5f19abb3638fec31be0,MG,1
47a6fbbab6b6d9321c13441f90391941,Rod,3
47bb081c613598b698c5ad7bf288d773,BC,15
47c5aa6b308c12408841a11297295b0d,Rod,6
47d70aa4b01070d8b4deda566b137ce2,,1
47e403688509b3e0c2066b0dfeb6aeef,Rod,6
47e8abfe36a74800a9983c688bec1d46,Rod,6
47ea8f1ca3f7a904eac9af50eb8e0ac5,Rod,4
47f28370ceb372a6694cc5758ca41e78,Rod,4
48123d76d8745ac65ae395b8dc34f741,Rod,6
481c7351c7c0e4a632dc45b51867beca,Rod,11
484628d750ef722b8356078da0fa108f,Rod,6
484c6e7fb255ba9356e59cd581fe21f9,Rod,6
485bb008350751a8fb5e8511a00362cc,Rod,0
485d6c95e425419db45567a5cf86c58a,Rod,0
489cbf21cbced81db7c61605ded4f182,,6
48b872ba52d349e7d71e1e972b78208c,Rod,0
48c00a719117579fdaafef2e968c71cb,Rod,6
49026ae157f08c7cca7cab997c02eb5c,Rod,3
491aa0342e67ace29c517c5c4c9eaf6f,Rod,3
491e5c6f73bb8c0aaa11ea9e76df88ee,Rod,0
4934c9e9ba230f45feca9f64d32d857c,Rod,0
49473766bee3149b3f89307cf7d0441b,,4
494c684c89d7dfca99345b5d3ccf0cd2,,10
497a766af1f95f74ac08ea8c9d1ebd68,Rod,4
498e3de140f2d9df57f155a038a057f6,BC,8
49a01701e60a4b026745e2c1c8a0d999,Cone,10
49a6a293dffd6c5e017da0ee8b945c52,Rod,6
49a95b78c40209a1c1590b042b2070e3,Rod,2
49bc215f12b419a58ef866279cd5cdf9,Rod,6
49e62fe79df924d49e8e1b1323a5bc86,Rod,0
49f88c6f4f4959f4552236178959fc70,Rod,0
4a229041d8abf50f016e3b635092f025,RGC,20
4a3743d8603cefe4c4ae951c78d267ae,Rod,11
4a57aad5f0da1cfbc3e222042fd6c405,Rod,4
4a66b3c2667f7ecf2322c00fabd6a293,Rod,0
4a88d9a85b288eca6d86db4392f119d8,,6
4ad3d025369647049b15aa8b2ec6b6b2,RGC,17
4aeaf7fe4fa1cd3c491d76078fd7d920,,1
4afa17139ab53b5f56edb6142e9c5b61,BC,15
4b1ee2adf3a6bcfdd393562b3d5b7e3b,Rod,0
4b2f3b093b0d44e848768abeae43d6dc,Rod,6
4b2f80e28b552296f798aadb43c10c41,Rod,0
4b39426af2b2cde9d74a1599174f272e,,1
4b52bb93f58e54ce6ff42e227d28fc10,Rod,0
4b607e4565d54b78a3ef0250747ac184,Rod,6
4b77527ad4c37f3204bbec039ba15508,BC,18
4b85eaaff0f55032510ddc98b9f21395,Rod,6
4be1719f9f9cd8d84d9655a023bae945,Rod,6
4bf46f711a117039695231bd10a2410e,,6
4c071d45e20349a661a44fab198b0c20,Rod,0
4c1233940a35b985b343941b9692fa81,Rod,4
4c35001fcc492a046c872475b332afc0,Rod,6
4c537cf0e7defc589ef55e3b3652e8dd,Rod,6
4c6970ac2a0ce2b088be2749a0edf393,Rod,6
4c6fc880e76937fce4efbb4a2be6a071,Rod,19
4c84f3e28f36a8bd27104b170aa6262b,,4
4c8fe828ac529b4eb33df246ea099306,Rod,0
4ca3ca281795bdcc77d4e16fefb6ae7a,Rod,6
4cb914324b6f9447f5f7ac2dc9462bf8,Rod,3
4cc5b727a68383a1753ce0d4e497097e,,6
4ce2b542cd54a32a7bdb5fe73ca3e996,Rod,6
4d69f6454915c50988be5b4b23c795f6,Rod,0
4d8022c97b8f9f80a5bd098ae6e2c463,Rod,6
4dac39c69350b0f241868474b1f39d3f,,8
4db76ceaaad8a62094ebfce9d2298ad5,Rod,0
4dcfe021b8fc9f43642abddc54357f8a,,6
4e6830b46bad10cff1727a5b81856662,,4
4e72310e21976df8132aaf9a80ffcedb,,3
4e88bc8e66d338e4e0cd64a323bb6fe6,Rod,3
4e9bd159b4bbc39685a7373ac1973a41,Rod,3
4ea3e4fb1b373e0efb47bfa719a579b7,BC,8
4edb66e7780dad26a3749e5652db1297,BC,15
4ee38351aa83504b33c6b95a1e63118f,Rod,0
4ef7cfef97efb124dfedf99b19d26f94,Rod,4
4f02856e2006615ffd5a72888eb3f3ba,Rod,4
4f2c7f5a603f91923e18372a1d35a7be,Rod,6
4f3b53ca3dbdf44a47ab3d8320a28a95,Rod,6
4f3c9e2c146d1819706f5ab415e1274d,Rod,4
4f6780f0f6a96d94b23ff912cdc279e0,Rod,4
4f68eeb7885fd351467fbd7a4d43d0d6,Rod,4
4f8abf518d7f7b0744e885c81c0ae7bb,Rod,4
4fbe7cbd0a5f4e82355281ba5edc17c3,Rod,6
502f0de4790d31d11f22d0f155ddee59,Rod,0
503ffa9608b5799a61749f755032b464,Rod,0
5051c37e4830da7b70a08689ad513286,,6
50583c08cd131c16fa88fb3065a2d74e,Rod,0
505edf331d478b3a304eaad95e993ab8,,4
506eb48ad4a285399e4bf5d85542885a,Rod,6
5083a3406e73196e7f1021907af6fa9a,Rod,3
50b295ec535ddf7dc8de3f061d6bd05b,Rod,6
50e69b9cd80189642f33a88e36d9929d,Rod,4
50e92c41ac9943531a14e48a3f8945ac,Rod,4
50eaf5fbc3ad08db9456285ca315adb6,BC,15
50ffa3f0dfb4906f64fb481e007b6156,Rod,6
511ea593bd3c9152e9b968a544c8e9b2,Rod,6
513bc4fdf64da09693f0071e8feabe57,Rod,0
5147a0a8ff042334d525fd7ba8752456,Rod,6
516b28dfa19aebd19af210b60fb519e7,Rod,6
517700827db443aa211bc4ba7d4435ae,BC,15
517faa92e98abc6aa92670ff8ac067d0,Rod,4
519c85f0149904bddaa73432a2d89734,Rod,6
51b2eb8927696a962fd070312694c7bf,Rod,4
51ec85e72899ba8bd371c2137ea893f6,Rod,4
51fc46439d0b1511f8de1245a24054e4,,4
520d3250eeb203b00904cdb52183be86,BC,9
5210f8a29e0d613e27115b472665f167,Rod,6
52122e9ec7f675589958d309a2ae51ac,,6
5227253c96094742aee7256219894a34,Rod,3
526cd7f3f5ea267fd81925d0a127d659,Rod,3
52731b5a036087c98969bb84f86c937a,BC,9
528b9d47b82f6cd3d0073c8a311e56bd,Rod,3
52b166d8917c44c5548c3b9b185bbda5,Rod,3
52f3a82c47909a1b04836d01af32e362,Rod,6
5300a0808373d5ca87f5e4a91e10da3d,Rod,6
531b05c1c94d71c8ba2b051e9ad7222e,Rod,0
5328305eca9cb8fce8f81fcaa1da00aa,MG,13
532d51c7ffb6112a211d82580813804f,MG,4
534f594017d568184a68b531804ab54d,MG,2
535c3e350c5a65b807872e180cd7a789,,0
53633aa4373e7cf51f6a78ed8d0d91f4,Rod,6
539a70dbd0d5edec3220a4c47a2fc973,MG,13
53e8a9ec8ad3798aab9d3c15dc879d2e,Rod,0
540e684755fac7c43ae8c5bac7a79666,Rod,0
5411cf63149fd3c706d58e339c1b3bea,Rod,0
54148a5085ac1c03a1093036c88c195b,BC,15
54644461471ae9252f6fccd6a2ed2b40,Rod,0
5467a37b96d167e777372157df5ca788,Rod,4
549c5b8b5ff38488b3a63a08bc95904f,Rod,0
54a03ac268586399df1d9efda95816d6,,6
54a89a81d8345bd1ed973ab96b747183,Rod,6
54aea328961ec0df0a6d44e76d115337,Rod,3
54b0275e17e8571bac1074a66a1b0e10,Cone,10
54e1d3f01e37f1631590b594a5a28be6,BC,8
551ba64a888a6d02a05d010b9e7dd4dd,Rod,6
5536751c0075aff50c389012abc989e2,Rod,4
554296d8aedddb3e49cafab419414773,Rod,3
554625e85debc0af8b5ad8ba6f1d5b3a,,20
5555ff9c8bb9e174a6ce1073027d996b,Rod,3
555cfa7a78d8d66268c73e419d642141,Rod,11
556c9574ea71f0ec3567d7f1a9ef54c4,Rod,0
5578395a0055ffcf7caa06caccff2ecb,Rod,4
55c9f5541b60d34ea50d5253023cd86b,Rod,6
55dbb6c4d009c024ec45a2f6954c9223,BC,9
55ec21e4afe17b7e68995e21825244ae,BC,15
560eb3e24c07919f8336399c5f9b693f,Rod,9
56147c5f32c0f399adf113e5f28eaca1,Rod,4
561f854d555f27cc33bdbf6cb142065b,BC,8
56261bc8d86e55f11667dc810e18c617,Rod,0
56446ca32952dfaffd190c51380abb1b,Rod,0
5660a933d678c22827d9fe74069e68bc,,1
566358d04fe3ea58ae33674f92824547,,16
5664a6f3f55d7dcce60c6d68850b6a4a,Rod,4
5666e0484e3e0ab9d081296dc65a1731,Rod,11
5670f533b50d89fe2aa82f32445e542b,Rod,4
5693ff6baf7d5d29f3dd85da1e579d64,Rod,0
56bad070ed1bb8b4e6495b60bfd50f6a,Cone,10
56bc62101f2c361a50f0247d6847ea2b,Rod,0
57136257eb4901556837dacca2c71484,Rod,11
5718cf1f0da2c9b6a5c437b1c41f4edd,Rod,0
5737504c139ac17f109f95e134efe579,Rod,3
5748cdaabdac29eab3979c255c2306b5,,20
574c5f07bf13a7fa3ddb500e99e12642,Rod,0
575050ef294fd3a17266334035a68550,Rod,6
576666d947593fc1e00894007d9f68a2,Rod,6
576743cbd04bb13b1964f4d1f8fa437d,Rod,0
5768027f69e2b9d65f053c20a856c18a,Rod,6
578aeaa77dc12c8b86c70ee8c1a10dea,Rod,3
57b42d134625e29547f9493f3fdd298e,MG,13
58115339b2b39b4f254ee7b1d8536c15,Rod,0
5829929aa2b45463019cb5c73fbbba08,Rod,3
582d63e681ab5d91b60e2b8af5d17483,Rod,6
58418a97f47dadd433d8d5038a48049a,Cone,10
586268ded5b792b40fb0c61153797106,Rod,6
5866fd25a46636dfd2943cb1d026a95e,BC,8
587be71cee6d9ece8beae2c899939afc,Rod,6
5883d8a8130f7a9001d5c98620a4be5d,Rod,0
588745b527245cd1df98027912b8edb4,,2
58925df85d20e9cb4bd9ea3eb5067812,,3
58a78e0573b541626fb10f86408ff409,Rod,6
58a85accbe3566ffce5fc27962332afd,Cone,10
58c2706adb06f76166b91aad1aed477f,Rod,0
58d322a64498a6ce1785f73afe04ee00,Rod,6
59142ca30d2d0db1fa312830e6d9dedc,Rod,6
593f112b1a50a2b75f1e815144c5bc0b,Rod,6
594734ea883c59474e7c80e932d2f793,Rod,3
5960c849b5837bf45eddd2d5efc4b1ae,,6
597a60b9f0f45a68bc43398232a30077,Rod,6
597bdcffd885f21f32fca303dfe2b688,Rod,11
598a6dd8e5688d5a20e1af997314766e,,2
599634bcf04d5744780c9bbb36017fb5,BC,8
599dbfdcc97984d79565b64135e855b4,Rod,4
599ff6766385b83f078b6cdff0ef68e4,Rod,0
59f4531b0a1d662ce29c82151f50f5a6,Rod,0
59f60dd8417df26397a53438f1849b94,Rod,4
5a22bb6878d5a4c169b3f4942ea79120,BC,18
5a2a1d926ddc66dfb23e75e3eb0d3d61,Rod,0
5a2ff3a82117a7aa125993b64c04a1b6,Rod,4
5a9c4e4c5a22466b1bce755804bf2df9,Rod,4
5aa86f43ec067be2892aaff76b4dc061,Rod,0
5aace7f6c5998b76727fbcbc89c3a86c,Rod,6
5acf9a4f0407665dca20528d2bbfccab,,14
5ad588ac3f2b6fdd450e3aadc6e85eca,,2
5ae93c9bcedf8edb02cc62d8dc8c27ce,Rod,6
5b004fe5a7e633c69520f700acd38eab,Rod,0
5b1753ef3541ff12ad5dff8380f5f177,Rod,6
5b9104d6532cbb3dc91e2285e4e16170,,6
5b9b0a61cda1e387ccde84e282389e3d,Rod,3
5bc550fce5d42856f5a57b4e7aea8d44,,1
5c6e50c7e45d66277df72453c4f295b0,Rod,0
5d0c45dd3a1a1d59d387f4877e2419b9,Rod,4
5d0e2cf01a0a3228ecef6b1c209a2efb,MG,14
5d56cbc31bde52d674e1e10391bd4311,Rod,11
5d5d8b5f482fe65d8a628c465cd6f528,Rod,6
5d61ecad74c551b3589a9d6922328573,MG,12
5d8d035ea5ec3d88b6b213100f9f4f4f,,2
5d9fc82646c4468d6f899b7a71b6e5c6,,11
5da9d963bc187b2a0171a2d1c136e7e6,Rod,3
5dc2ae9d51c1758f90f2c718cf6dbbf2,,3
5dd92b1f8fbd952afad086356ef47d62,Rod,11
5df40280f32f38f3dd66e766c2a555c5,,15
5dfad2cc68bf05f7b370e579ef22c99f,Micro,21
5e082e6f51dd1dfcdbcc9400c596967e,Rod,3
5e15d71ab952c5c7a9a116fbbcd1c417,Rod,0
5e176b2e293df1a0e3feaa54f4fbbb09,BC,15
5e901394bcecba940f6e2cf9df89c048,,20
5ec50536f626451b71a175b7e894a08e,Rod,11
5ed5bd38f10fcc9b0ffcca5a0a844619,Rod,4
5f1358c7df74277194a4f1a88cb306c3,Rod,4
5f27152df79d8cee94f1d9ee74249c5f,Rod,0
5f3af27b4d105b91fa24c903bd90b2b8,,0
5f52badcb889917aee83461f4e3fb79d,Rod,3
5f6f21ff9180971593921effb32025ae,Rod,6
5f9c5233d5fe22308c9a6094024d4a95,Rod,6
5fa66b6c86b81add4729626055aa12b8,Rod,6
5fa85a84f0bf6b08a0986bcdf3156370,Cone,10
5fd0aad4ccfcee7f37b0a2200b94ac3f,,3
5fec75ed5aeda0ffc6fcc9f2c05ce84a,Rod,4
5ff5f571e01e79cf70e09c987b9a30c4,Rod,6
601ca1a7345aa272ac8c7b87c256ab45,Rod,4
602020ad3947fc878198f977a0b005ce,Rod,6
604379c3811f5694a89d30cda00630c2,Rod,6
607f59775925d7077b9354cd3ee0bfb4,Micro,21
60812843c410bb9278462425030a3b4d,Rod,0
60820ec2437480e5fdc700b34d9fc3af,Rod,6
6084c31239572a1c908e2277593d463c,BC,8
60a19836481074a7d876751869e1acec,Rod,6
60ab1317ea1ab5cb0d2725110004d07d,Rod,6
611886be9eca1ca0dace8ebf1bd75026,,7
611d1498f194f14628184850f42282e3,Rod,4
61348f9f4dc6653e8fa5c8a757f4c446,Rod,0
6145a5fe0fd716180041723f26994bdc,Rod,4
6148f33b219f9a0d4a248f904ed15efb,Rod,6
615bbb6a6ce89bb0b8569869cca988e4,Rod,0
6175d8197ed23694b65fee908b38bdf9,Rod,0
618a051a929a399278cfe8fed928667f,,1
61d5d7340d549a4296aca0a0bde959aa,,6
6218bddf9bff7e9cf6082fafdb73e613,Rod,0
62351a4dfbffd24575bbbe6f400d5e86,Rod,4
623cd1deac6113cf048d2a1cb1822677,Rod,6
623f75ac455e2705c29463ddf760a5e5,Rod,6
6265e5c8b0527e1b190a386d1aad2459,Rod,4
6269fa4053d4bf5276e30f8c0fc1c791,Rod,6
6272e3fd99910ea90051d82260e16756,Rod,3
6279f5910e008f3d1893ee63ddb63e70,BC,18
6280755392a1d5101467e9c2d5c54d2b,Rod,6
62a50af9d5df868477462cc0477b907a,BC,18
62ddc547364e8d650250033ca6c04fc3,Rod,3
62e63f2b42da3fd66b22f6b6a75d6e16,Rod,6
62fc808288843716f46b8c1de47d4495,Rod,0
632574577ba59489545a2ce934595e1c,Rod,0
6352aa18fac97d4c99cb738050d940af,Rod,6
63d005d82ea0606bdc3bf7def71175b5,,0
63de89749e8d032325220c59fda47642,Rod,4
63e41d35e8cbe74f2eb9c280c9ac7b1e,Rod,6
63f2e8a9b540778a7758869495f89ea8,Rod,6
642b0982ab1e9a6debb3b150306d05d5,Rod,0
642f747dc93205b375533a267da8cccf,Rod,6
644ffd2f8558e45acaea472b7a489f76,Rod,0
6450abc2a2f4862b4234019bbbcc589a,Rod,6
64785cd03ec778328379001255f9e761,Rod,3
64793e2ca9c56d189e69b0b29a9af60b,Rod,0
647c066ec989eaddb11d9ec2c58bd741,Rod,19
64885a18e81384f1bbb54407d21401f9,,1
648bccc4bd0437852f5dd8ad411c4358,,1
64b1727a6e6224ff8b73c224baf8d39e,Rod,3
64c1a0009791f872f3838c3aa7403edb,Rod,6
64e9346da7dc8f978efa5f2dc571bc63,Rod,6
64f3e103c0c7c76f7f71551225f1b82b,Rod,6
64fd04d8e2d5a3c50ca2451ac4431943,Rod,6
653aa166f28d173655005593a16af04f,Rod,4
653dc22b0b5ba8cd4c07ac9488253311,MG,13
6542e2455ab84b5590f976b758d82e94,Rod,4
6546d3e16f8294e6e231247ae1e29bae,Rod,0
6549488f1abf2184e4a87a5e079f224c,Rod,5
6550152db02528f878e44d1db3fcbcab,Rod,4
655259fd539e5d46d19e0145986b1a90,,10
65557755a442bb6bf847505c86f10e94,,3
6558eeca1aa32d21773e9422dd9f61c2,Rod,6
6575a9e2e6b58da5217ca6cdeb32061c,,0
65816de65e558e3b5faaceb4d16305af,Rod,6
6583b070917ca2bf8765a77112226fed,Rod,11
6589c68bad1bf94d8393d53385d32d6f,Rod,0
659bbccadc2f6502e9fed221b2b7b336,Rod,6
65a4224affc59aaff21cb6ba47b35f6a,BC,8
65ade858696ed30dec464440d44ff836,BC,9
65cc2e65ee3c7c382d938a39d26ba2fe,BC,8
65de2623b9ca0754f5e8f26736d79db1,Rod,0
65f823230a956ea56c26192fa57a4e2b,,6
661827a571a1873f57252c544ca790db,Rod,6
662af6f21dceec9d46d6b9417024d536,Rod,0
6642c187deca0a41d6553423492fa838,,3
6655757ddd57120959e7ffbc178e108e,Rod,4
665c12b4e0e6947494230391bb0717b2,,4
6687a5b3153f03d0a7bed743a0ae368a,,6
6689d7ae16a9253e23a3f5ee8f7e550f,Rod,0
669c4bc7819f15de2d74b3954e520a6f,Rod,4
66ac87da5350db0deb9c7e04a015686a,BC,9
66afc18b9daaf589f69ba4c6aedb6c93,Rod,6
66b790e5f85f43f07dced34aeb06e53f,Rod,6
66ed8a00e1b2aca1dca530298f0bdc82,Rod,4
66fb4661e991042b9d81a49fa4680c19,Rod,6
67485fd9d7e62ea0c2dbad58a02683b5,Rod,4
67668ba92ab7529ccc9dcc6957a6e66b,Rod,11
67858e581cec071036f0f53e517a0acb,Rod,4
678746108b6489e83d8408819a8efc84,Rod,3
67cbee979111bca771250afdc9ad68c8,Rod,4
67f4d79375cbbe9bf4740a6349404a42,Rod,3
67fcccf0898c03100df830a78c1bc034,,16
68242421f20ef264735dfdd49684d566,Rod,6
68364b1937a159126c7f998e240e9691,Rod,4
683ff39f5cbdf56e2034cdf8b93180e5,Rod,6
6854c11677bd24e6735405f38ea10cff,Rod,0
685b983a7c72a951687b97c1ad838aff,Rod,3
6862b6b87033473dbbbb343db06fea0a,Rod,3
68d9e5cffb7158b10fb5542a91df3d75,Rod,3
68e9ab01bbc575f166cbf255b670bfb6,Rod,11
691e2756db3d84a76756924852ef47d6,Rod,0
69785827dc6cf5febba1b3530e2e4cd6,Rod,6
69823aafd2624196ba79afb37ab53a1d,Rod,6
69954f8f6b66c2213d0f8c8670ae78b8,BC,18
69b6744a82d2e66f58978fbb76701e19,Rod,0
69d33d0c33d512820af41fcaa583b540,,10
69e40c6d44caaec20feda8a5ac29a101,Rod,11
69eabf03791995bfee59aff3dea2ac6c,MG,2
6a4e1feb9850f0afcb460b3b768950d0,Rod,3
6a55e5b5dc29fea2a4ff511105288385,Rod,0
6a9bf1a10d7cf590fe4761ca47b7ca70,Rod,6
6aaa2c78af2a135ee378660253f94f84,Rod,0
6ababb3655a21d4245c6571aee514f7d,Rod,3
6b06e88f52bc8c4c35f112a1d7532f3d,Rod,0
6b1564285167d98bb0bd306b4ffac6d5,,11
6b1d34815f439808eb4d872281cf9179,Rod,6
6b32abb11968d65c7ea2f96e4d77b262,Rod,6
6b4f5abd52cdf7a1946ddd82ccb556c3,,20
6b5066a41a625e3c73a92cace0e02107,Rod,4
6b52352b957d68ad3fbac0e8e0ef7a04,,2
6bdda9c6437c55178a28b6f24b3c7098,Rod,3
6bdf4400fc3680290b114b53a64d72c9,,1
6c08fc3d560d18e07d1605fdf82ce227,MG,1
6c0df367377027e398893e4f9d002828,Rod,6
6c6e2dff174094d4cb21374ec5ae787a,,2
6c7b871754f1d0d5303285c983806897,Rod,6
6cb1adf055097b89adb5dc37c979d56e,Rod,0
6cc986065b078c52d9c502329bc7be0a,MG,13
6ccb4f4062db311daefddf6b20712a56,MG,13
6cd62d7d4a381286d068f2aa49f6ba4d,Rod,6
6cd6af1c9ab480d404bd26fb99aa86c4,Rod,6
6ceda58445cf1afa3bee3e9a857c47fc,BC,9
6cee1d06bba9ba386c17ce13bf104634,,6
6cf47ceb0626a375b710feef70062907,AC,16
6d27a20d9563534b8842b866c5e7c549,,15
6d2c14ccbc16cb4021fb0e0fcc1a5f84,,4
6d2ea2e1630edfe0fd4ec93067e5cde7,Rod,6
6d314ea85452c61635e0680e834541cf,,2
6d32e332d44c8182f0a2a8aa9898614a,Rod,0
6d7221e2d7c7105a3aa1a14ca2c8b14d,Rod,6
6d821bdc12f6a7b9807b2290d6bc1645,Rod,0
6d8bb302f3e9693208a1eb0d873280ee,Rod,0
6d93e93035243172a1300bf8a2bff3d3,Rod,3
6dae44af07b1364c8cc1ef7a267ca539,Rod,3
6db64a720ef37d73a978c59b4fed2257,AC,16
6dc0e7211a4148afd3b71a1e57c77da3,BC,8
6dc594da3a17b4c2c1594a10f90ea7b2,BC,9
6dddaac841e59b1ef3c89b9523e42c83,Rod,4
6dec6518f2bb46831f98b52d7d7128b5,,2
6df9041e3711195f2e3cd6fd89c7cffe,BC,15
6e05018ac3bbdb6dc5fe01fb103361e6,Cone,10
6e0d67db06bab24e11dd85991473dda1,RGC,17
6e1a2a93e88a3f2f409ec313a59baa02,BC,9
6e268bb9f9e501c14497995e51d85b32,MG,13
6e57c899ba0f0920d962365c81cfc310,Rod,6
6e62a9344276067e1af8bfa31cb66de9,Rod,11
6e6c04dfaf03bfa384db951b40a7ef14,Rod,3
6ea6c578bf59bb88c5ff5fab6e9d6089,BC,8
6ebba3e59e3eb3c997a5b94c244b9fc3,MG,13
6ec6170ccc8ab2ab006b18a57206fe6a,Rod,1
6edb319c40de9f27e5535b9520827dfb,,2
6ee55bc90c11220852091a6d271cb434,,14
6ee626730e09fce580496400112d425b,,6
6ee646849d32d6d8b5e3e1135f9821d4,Rod,4
6f013ca212c5a463cac09baaf60de90f,Rod,3
6f01cf7c9c26b5315a50a2f52e265139,Rod,11
6f73facb053860dd8a3babcbf141514f,Rod,11
6f9a1b0ea7d6b774dc19fd1bdf958ade,Rod,4
6fb4cf39fd6da08884f6b9d3d3ed4b55,Rod,4
6fbc7dacbb6758e868d94d9ed828857f,Rod,3
6fc7516b2f90f156718b3e7acd0c7e30,MG,13
6fde2efe90c56a156ee6ce1e8164416b,,6
6fdf1d7846889a783c33431e1c3843f5,Rod,6
700603e50f4de77b966f3c417b13927f,Rod,4
7043d7b9ca9d7879903ba83f362dda15,Rod,6
70a73266d13941454d8f8e81372271a7,,6
70b777295a6f2e260d33d5eaca97d070,Rod,6
70d258e503202b8b312c165bc5d4697a,,6
70d2a07673bb7dfb7667e5839ce13f14,Rod,0
70e6535e4176423a6a1250c5a7842dc4,AC,16
7114e83f2054fb79a3a490b5a3ee2826,BC,8
711af468ed71aa0a413872a1f3c8cf98,Rod,6
7156a2534fa604b6b6982d4d2af01aa2,Rod,11
715731dc845e301e76e9a3b01034551b,Rod,11
715e03db770444ef1119cabe3d307c85,Rod,6
7162c4fea9ebff09e3ec7f1faebd9f7a,Cone,10
716873116668abd8a189b84584528ebc,Rod,11
7191b8e9145b75c5a1f889d2a5c63953,,0
71b8fa9d9737f32ba353c0814b308b60,Rod,4
71e766fa84f7d312523a53930a71c793,Rod,0
72252e8b658b7c121d5a70635fffe028,Rod,6
72578a062c5b91bef198281f246f7f4b,Rod,6
725ca7d02ab1d53784db4ec10538df84,Rod,6
728b37c84bf6e806e49909f6f094747e,Rod,0
72a4fdffe4570745c29d031c3c2ec92c,,20
72b4eca8fc8677497309dfafa4632fa1,Rod,6
72b9fecc1f09bf581f599e7677251ba3,BC,15
72dfc27fb59dc79ac26126a5b78fb710,Rod,6
73416640f28df15fcf07e12d5baccb45,Rod,4
735db700d5cf7caab2e2e89269c33fb1,,13
7374692caf603ce762a96923c412c975,Rod,5
738596a6a69ceb1eda87b1d2f7f11a62,Rod,6
73a61fa793768e29dc4de92f7e3c7b1a,,6
73a8e4bf9cdc59353d73e125653efd10,,8
73d0fadd825cc7448749b85f52649d93,BC,8
73d1ba1232ef5348dc1a0f1f9a408630,,14
73f942ef42550f82160dd44337ddcc53,Rod,0
7400994c3ff9b7c425afa472bce9b4a5,Rod,16
7400c1bb393a389553e9e84eaa0ca88d,Rod,4
742891d666ff37292ecce23dae80187c,Rod,3
7439383138ccb04a44180575ad1475c7,,6
7459722cd84269cfb4c3f9a47927aa09,,0
74648cdce071533801413ca31aafcaa8,Rod,6
7465cc0395d73d48c4b6675e5d22bf05,BC,15
74b7dbf7040929c8a47a1b8ada439626,,6
74e9b6eae2ac22bae268d19e0eb0ce15,Rod,6
75178e6065bb377e7596bd47898165d2,,2
7523c5a71467f39b1948db46e4e2173e,Rod,3
752686c3d428504de6bdf2afcf48cee3,Rod,4
755fe2f958094b8a1381d94ada65bc3c,Cone,10
758a01cb3573bdc9b475c08d5a3b1d48,BC,15
75a83cd51c06ea5590972896fb016e53,Rod,6
75a9702504e7bcc075afa80ca796f8b7,BC,9
75ae7e4f9a6b6d869f24302498111365,Rod,6
75c1ebc3cb8120a4a72506154d83811c,Cone,4
75fe461131c4cef1a0128842ce8b4f3f,Rod,4
7609b1baf098acbb0fedd0b864db4079,AC,16
762cbb216d445c6192bcfb411c25be68,,4
763b750ab9173a3e4465e0cb0eec64fd,,14
763ea2b7a04d9c19c48ca2c301ad3086,,1
764008bd75ba1cb6b2f44e3d91b4e12e,,6
764c81efa20ae92caf855c8d7fded0d7,,3
764d211e5c585bd84deb2103e76ee933,Rod,0
764ed71b2b8f751fdf3af45668150f3a,Rod,3
765912e6cc74166546621b265fb70c7a,Rod,6
76879f1b4bff93a63f4e6c618a1d8c11,,2
768f2b43020df272027e90157c07e028,Rod,0
7695821c5cba1a8af93652e89f58cd77,Rod,3
7699ab0e31da13dcb573cc2ab96d988e,Rod,6
769f4dfd6fb49749b7d93a6af9ca1dcf,Rod,3
76a2d0b53e090825770ccb5cb187c962,Rod,4
76aa44d1cd5cb90b29880e4a06abad15,,1
76d07871a22e771c388a48038d36ea46,Rod,6
76e76351f7f669be576bd925b1c82534,Rod,11
770e2d4f55155eb1b79115f16f7647f5,Rod,6
771e3cf06a680522020c807892d052a3,,10
77335f30d0ab2bab1e84b09887a8c1cb,Rod,4
773da0f80ae0948212fc9d768ce231b9,Cone,10
7744d4368d35b8bde8bcf50dd3338d70,Rod,4
7782845860ac048b6ef989f8e5d37dc1,Rod,6
77874676cf1c681ce1755b45717f91ed,Rod,11
7799ed4c84c7dfdf2dcd94ffc87b9d67,Rod,6
779f8c6731d52014f7a59bd8fca78e69,Rod,0
77a20780141a2cf6d17020827cefa21c,Rod,4
77da63c08f6f1eda5e865edf56eeb981,,4
77f97d03d6372827a4dcca68296462da,,1
77fb2dc41bf82225e76cae5db9997472,Rod,6
78186c05f3783ce4c3886fa3cbc3933d,,4
786e6d92d3a5660dde17b47e07078fe1,Rod,4
78d8ee9ea4e1e845cc20d84e2870c7f0,Rod,6
78e310b68627a59240f69d7edc60023f,Rod,6
79127cb8867e732c31e797ae0d3a9879,MG,13
7958ee3edf479bd71b90e8029c914353,Rod,0
796fdbf8016127ec6d165d5eb6424eec,MG,13
79975b12460148df0e977daae74b4e2d,,6
79b62e19f47efb4fe9e1fbb2e41fec10,Rod,6
79e6ba14ab7b49bd5f7892748d916bb6,Rod,0
7a03c345d09818d4758ce5dfca61e31b,Rod,3
7a3a0b53636f81b6c00db57832ba575e,Rod,3
7a3b3c2400742d968c517d4b852ff372,Rod,0
7a3f701c94171872c9569b2030fc05c0,BC,8
7a8fbb0c6a8e8c4a775480dc16d11cf4,MG,13
7ab862942af1cb5c086bdea2713e0544,Rod,0
7ac0833a071fcdd0167d62bcbe16bdc4,Rod,4
7ad17940d5256c270c1604556ac5634a,Rod,6
7adad52c0c52c7a0e32081e0ee4ae86e,MG,13
7adfed69bf619725d21ac887738e17e1,Rod,11
7b048e4215c96d0857e3f610ec2f640f,Rod,0
7b0950f046302a0b222af976fdf62e22,BC,18
7b11fa6e548ae3c77eeecb44619acf7c,,6
7b4fbca6df89f909c0c26c7e36fa2af8,Rod,6
7b6300f31af2d77b0d27ecabb1b09e74,Rod,0
7bd005a5fba3dbb6bac3f81e3361f8d8,Rod,0
7c002a4020841e6c63552ed6fb7d62ff,BC,9
7c14dce134e5331cb4d14e17f49b6bb2,Rod,0
7c1c2be84c842d2a75642be00de9a5b8,AC,16
7c3d5c9811603da4ee7def3ea3a1a8ba,Rod,6
7c832fbc37fdbf8e56c94196640f0551,Rod,3
7cdb9ad91a8bff26132f276c86f5006c,BC,15
7cdcbe5d73f252d54c0173b04a3189a2,Rod,0
7cfdd370ba2e8422e0241f0473ca3b8d,,1
7d0556a40d3a940dbf62871263680cfd,BC,8
7d086e3e3c94a0e5dee7eac48bce4131,Rod,0
7d32c66422a3f5aca52997a66d4ac114,Rod,6
7d94dd5fb02b75aecaf659d9f540b1a4,Rod,6
7d9865a9612093aab2202cea2195f51a,BC,9
7da1ca429f68afc262c156690682c830,Rod,6
7dbc017c08486179c8b8097f97e6b13a,Rod,0
7dc2fef46269c1604aef164021879a21,Rod,6
7dd79c6387ddc9e5415e30a96458274d,Rod,6
7df121df9565537f364833cece63aa00,Rod,6
7e0c93490052012db25c6d84d0721355,BC,9
7e4342bac590f07a4df1e52c27dc53d1,,2
7e55b15ba531945e41d28fa72fda7d96,MG,13
7e5f40b9ac8dde2a3509ef4d1f6eba1f,,0
7e6b619292752dbde7c121a5d8f5c0c2,Rod,4
7ea67d92095e42077c462a4fc9edc3c8,Rod,6
7ea86a72520aae6077ef3733dad8b230,,4
7ec81584bbcd42e49657e550315ca6c6,Rod,0
7ef196de011cc38577e49b9e44a18451,Rod,0
7f7da592097f706d373e735f170f8dd5,,4
7fd9e3c4ecf5e708df3f6154bee72d0f,Rod,6
800122b0fa020dd08fc13d0e5fda6541,Rod,0
8039f29a4d7fb5b481a3e0e3ee968cc5,Rod,3
803bbfd155c8ce780eda5b938fa8c49f,Rod,6
806aca81ee10b6a7bffb885d2e08a3c9,Rod,4
80a91ed7d9b4ecf3f031412d8740f94c,Cone,10
80ae0ef8dec1cb532378c43e0a4d6cdb,Rod,4
80b91834a276fbe721a61efbd74afed2,Rod,0
80cdcb7ac8519bc648f0a6e8a39c79e8,Rod,4
80d25954c1d20d148b31f2a96cdb5086,Rod,3
80ddee85bf2d4bccf1b6e90c3e7f2a1c,BC,15
80f7833673ad09b7fb44584d8f62dcd5,Rod,6
81032f856d732b9dc3e4e17faa0f29fa,,6
811fb693aa6bb3eae23b2566362c8407,AC,16
8133a6afd4260e2ed1f1f81b23d0ae4f,Rod,4
8139e42710af126c48eee7ee29e837c7,Rod,0
814cb185325a21d9f7ab6409e9046882,Rod,6
815500e12a57b2988b87aaf2ac0968b1,Rod,4
816599188437ae1c92834f6c42c08f63,Rod,3
817cddf8424a6dc0485bde5b334cbf39,Rod,0
818269f275e8efa6dc5e024eec93d845,Rod,4
81e43d705a819fcd401d3a6e873a982c,Rod,4
82002a95c87c570f82eaef038ac9c291,Rod,0
82465f50f24d8885298fbfdc348056d6,Micro,21
825ebd9f9f0b34421b296816855887aa,Rod,6
8277b5b4bca7dd8d6ad2ae3399fb9374,Rod,3
82a1651ea0b6673761641f61499b8e6d,Rod,0
82b5c151131108d28072fac6bf9aa2a6,MG,13
82faa41f6ae5ee7785191be2d7c934e0,Rod,6
832af7a44a0178bee28f9bdbc1b68177,Rod,11
832d3dfb6370318dccd5fc7fb0ebab71,Rod,0
834d18d3bfbf50701fbd8e14281963e1,Rod,6
83592b2d0a15e1ba90f08334b5366535,Rod,3
8359fb3b3b402bb6d7a090bd199286d1,,4
83612c881357ef18d15135f84fd1b0a4,,4
838b082efb4c21e0beba90ef2e4076ad,Rod,6
83ae7e7785c4fb9f2ab5b96a5a3db624,Rod,3
83baea7b98bfcd6d9d797bb069dce20b,Rod,3
83ceb784f3080774333db079452a51ad,,1
83ef4043c142476a79a9bb2bcbc21a07,Rod,3
83f79e70517ee0b2da52361c31d1adc0,Rod,6
840df8b6a49f37a8826015aac2fa341c,Rod,4
84160f824d81f7eb1eda96c296ad15c4,Rod,4
84178b8ca5fd8bab2a42d32eb4dc4ee7,MG,13
84b9eb4f6fef8dbb1fa5e1c3a00ce910,BC,18
84ba11fd093f1a648ca689e25bc8f399,MG,13
84d12c663119daa1584d2b87f896f3f1,Rod,6
852603335a85a0ac432892d151fff090,Micro,21
853e1f696943fd10e174c14010a50c58,Rod,3
856f98b73a6dbb902674adc346890f9c,MG,13
85a4577a8c5140341040be1abcd16ab4,BC,8
85b34c677c109a977d5a6ce59133a195,Rod,4
85e0107a1f142abe541868a5e94613d5,Rod,4
864788efa4e9e2a1cdd5ece6ccf75fe0,,14
864c774514b94aceb95130f0a24c9847,Cone,10
867bbbc839336665d6ed067e1891c9f8,,14
86a6e0629957105502ec4aaee2943317,,1
86c489b7d408ae574c2a7ef61f2627f3,Cone,10
86e401b04606d4d3f1a9acf533698d7e,Rod,6
86ed3d37e0639a8a49d827227b7535ab,Rod,4
8724ef08271ba85ecf43a75dcb000e80,Rod,3
873e1179060b252e83938f07411120c9,BC,8
874aa439a6c77be7732c1d9d95d32baa,BC,15
876f623cdd55c97eec44fdf909d00b29,,16
878ed551350ba20b531225d40b158528,,8
87b9986937b48572d8e4ce34760de688,Rod,0
87c941aa33f7f6cd32c5346fd8307a98,Rod,6
87ccdbc9111a5be69412e71cec553b21,,4
87daf17f2223a2b56f9875a1f12d5b5c,,1
87eb8e2c53221205fca2e3ae6fcb3249,Micro,21
87ee4c3797e15bcb6637c538bf1c1ea8,BC,8
87f1306c9704498f984b8457090dc5ce,Rod,0
8804928299004e0655c9cfb96e2ba8ab,Rod,0
882840220ba461977c1e3640eacd3c2a,Rod,0
883546ececdf3ca1656b54e80ddbd15b,BC,15
883ae8b4dfca845ade30262ebdde0fa2,Rod,3
88430bf35651a20942a4c3276b184134,MG,2
886f780785a6eea5327ab9810f8b3560,Rod,11
887e19f3b2a7eeda3b0a008ec686f272,BC,6
88822b05923c3dc86f9b471cebe6e972,Rod,6
8888c7953d36fe911bb806678950078d,Rod,6
8891375a82ab3d022128194c2528ad56,,13
88a24df429c29d22fe4bfc01135a7f4f,Rod,0
88aeb7c1531ae34ebefbe83e27282060,Cone,10
88b53534e4493dd0777f01b9fea11a80,Rod,4
88fcb511b82359e2c5da6fd8e4d88476,Rod,3
8905ad138b2b23cf35a48cd7f577bb18,BC,18
8912442c33c84b9906069e245ebb4d15,Rod,6
89661144ff7afbfc0836fb0d33948b7e,,6
896b3621e83855cba656190df0e033dd,,4
8977402190f4e68ccfbdfdf921e03eab,Rod,6
89e0a16b73dd358a5b2218dceb92a801,Rod,6
8a2ddd0a90fef30bf6aa7b147d05f0da,Rod,6
8a32852cbc3bfd2cfe0591de363c4a57,Cone,10
8a3cd57b3bf4ee3b4806e4115488c5ac,Rod,6
8a4d7a38b69e1ec5b25ee0fd208545b3,Rod,0
8a5068d9912f369e4d586c7b0cbf3c88,Rod,11
8a600ee75eb8ec879825afa84005029d,BC,8
8a657571f07fc43925b68b9b66ff1e3a,Rod,0
8a6d58afe9770171b74b8f32dbc756ce,,3
8a988e746d1d2d00f9e08b6af35dd815,Cone,4
8a9a4208b93578979e4d64a7d32de9ad,,6
8a9e0019e7778b33fc103fef96f492fc,,6
8aea9b5067cfd9b7b802504ce982c5e1,BC,18
8af4c727370d152e3af8aaacf0b480f8,,14
8b9d14f362c6a08a3ca87b9bd4185915,Rod,4
8ba0af0e6dfcf92086f391b7bb8506b3,BC,18
8baa417476a5f8db2d41dbd646b7d867,Rod,0
8bba7e8ed5e926fb38b3e2e567b61e18,,3
8bce5fc5c966ace83a54ae98bfac5d61,Rod,6
8bd6655c384f17b79c9b32d856f4cafe,Cone,10
8be76d3f5e69a9865543c2cfba4f47ef,Rod,0
8be9568e459818e69c1ee425283e9902,,6
8bf94bdd2cbffd122eee6ef75f255e61,Rod,3
8bfc732c48ba8cb08a13c1018e430414,Cone,10
8c05a9021a902e7b5b2fab82c42b5cde,Rod,6
8c2e784976abcebcd2ca52b178038c57,,1
8c3621c5d1c6a297e11f1a400da4ada7,,4
8c89c91c23976c7c19a136715b466e1a,,6
8c8e2873e391a5f6cdedcbd06541a455,BC,15
8c929b8c12ea5f5c7529bd0b4b458143,,6
8cf2b84fcd1506e4f4fee1e063299f21,Rod,6
8d14de41ad78df400aed20a65e48d6a5,Rod,0
8d48bf1841b3fabd0fb8d42874863387,,4
8d584f9bbe0cabdda760a4596fea8089,Rod,0
8d64380cf3423d55adad13ec7a8263a6,AC,16
8daea1362e844e04a494c6464d09b93f,Rod,11
8e02763579e9135171d4e34502911c91,BC,15
8e1f488656e0cbe24857f6c412932883,Rod,11
8e2567e345a69db65e1819269d3386c0,BC,8
8e524fd888ebb0dfe2450c3469e3e3d1,Micro,21
8e558051cf22a88ed7fde63d8cddfbe0,Cone,5
8e5a61f75373c1cbe156a0a7086abf43,Rod,8
8e62d0037384317778553aea2b0f12dd,Micro,21
8e64960dc9745ada5ec9291fc8e572e2,,3
8e9ce3bcd07c583626f19ee24872d2fc,AC,8
8ea2216e0a3e794f4ed12a415b02eb81,Rod,6
8eba57270438681328bbe6bf29e2bd6f,,1
8ebab541ad3342dd96c2f309802f5b07,,10
8ec09e56ec7e2af9eca264d864059122,Rod,6
8ec8c471c8b16631cbc391421255ba7a,Rod,6
8ed066e88dc2dcefb701f90147baf39c,Cone,10
8ed29f10a2e9c3069c639119d791cbb3,BC,15
8f288b9eaef09a9d607acec95d22a628,,20
8f2988e0a24681164047202b7fb1b838,Rod,3
8f8912fa38765927f38a92a6dda2a8e7,BC,8
8f916b176d3caede4e078b91937e916d,Rod,6
8fb20f02e86d2328b66203ab2cce69bb,,2
8fb283e66bf3d827389f68ce5084dd3b,BC,9
8fe92a4f66fd32c60e64f73000e4cf5a,,3
8ff00d687e72c62b9c44040645246be7,BC,8
901ffbb98d2ea3d8a6730a6e38f6eee9,Rod,6
902dde433c6a37752dc280514a9abf50,BC,8
9043f71e968f95ef1eee0584c8e32d27,BC,8
905d21b132dac3f31cd6319dfcaf8250,Rod,3
905ed684b61cf579f04fdf00d0d23174,,10
90b7f2dfae76cd9d146b1dfc8aba302c,AC,16
90e36fba82ee5fc58ed0a45e2b0ad46f,Rod,4
90f884e8543b3a9e6d55c35bca2ff782,Rod,0
911008069bfd30c7b53cc52460bc459c,Rod,6
912036d7b3e0e39f4ae619f01f04c302,Rod,0
9128c6ea227aad5e0a27800fbdcb0ba3,MG,13
912e399abd821394ac31e114a720ca7f,BC,15
913d1d63e7a90115d80752e492680f3a,Rod,0
914dfaffff0eff1119eb99c16d4fedc2,Rod,3
9183e609a2dec52edb4129a95d2c516a,Rod,0
9194c36de2153a1cb4604a26b68900c5,,6
91a3c0610332bc31d9778b4a84514ab0,,6
91a888d02ce88afed9cd54445bb39a26,Rod,4
91acf1ccdacd7f11b93b8cc59d1fab79,AC,16
91e6d3d842db8cfb8dd486ac2054a4e1,,14
91e6f4f2d99e915ae7e5e5008ee75ce7,Rod,3
920cd1856f426179ea010fe91ea23d96,Rod,0
92202c7a88b6021e3b115da94de60a89,,2
92cbe746864c7c2ac869f5c727a77b41,Rod,0
92ce6f8fc363b74dac6b1a1dbcf20732,Cone,5
92dbcea38ab250ae9b976de424b528d3,Rod,11
92dc2e7575e912a1ca7597298474242b,Rod,11
930a4c3291515ce0c3fd899d614096dc,,1
930dba656b9e9219fee72ce64da79e62,Rod,3
9341eba97a0975d09e3979b3011ae80d,BC,9
9365935fdba0bc5eb9af2fc7e4deab88,Rod,11
93cdb72c2be6950ba87afbcf2c299293,Rod,11
93db4f187bdb0902c106ee860b39bbb1,Rod,6
94080ffea14853af1c09490278d740cb,,6
943d0feb4cbbfeb8513611f2bb58c832,Rod,11
946b0a243beb05c7d0ea756ce709a543,Rod,6
946d1f8339347684059fafeefc88bb00,Rod,0
9483558e27f6ab5e0dc6318070bf424f,Rod,4
9498c5b00499feab4f56a81d5d3838c5,Rod,4
94a73e6c49fcb49dac5790c162fceea2,Rod,6
94e81777e3fd1822473649ae0eb83ae1,Rod,6
94fd06512394b80653a7b003edac3d96,Rod,9
94fd2400187fb1e7eecab964c1922a0e,Rod,0
951f74101b675bd7ea4df001f4335637,BC,15
953131dbd27bf179cb2e9a8e505f62e7,BC,9
955b9c54bb425f573302238cd7110b0a,Rod,6
9561a2b98c7f4767f987ff36dda7d35f,Cone,10
956e1af2e8835f62440cf147395a5245,Rod,5
9595fc33105472ab26352c789cba3248,Rod,4
959725f7e5851e25ce70cff4954106e7,Rod,0
95a5f256bd60f4ff841f9ce5e6628f40,BC,8
95be101245ec0bf6157f96a76ad8301b,Rod,4
95c69763e687143ae641c027381c12b2,Rod,6
95cac5f904ad0b6fe6d3159dd71c5f7e,Rod,3
95e6faecc3e4ab6e8c9aa03f6c2b4d34,Rod,0
9631ced3d9bbbd42f229352dde03d7cd,Rod,8
963695669424874f6131a02ae807fede,Rod,6
96383e489167c46a66438d05a19bfdc1,Cone,10
966c1c5c181baaaa1cf73b35c26f6511,Rod,0
96795a919e33da44cca91d2af08365fc,Rod,0
9697d8f0ce5c2aaff8d7237bc4434e29,Rod,0
96a1178abdce7608eda7285056fd9e88,Rod,4
96c57e6c52e546d330ebe247499645a2,Rod,6
96dab3cb8d68ffb0eb1967e331fe78b6,Rod,6
96e3c9c1925d6a3667a8ef0e49cf6711,Rod,11
96ed7ef415824f948124223e47b2ff4c,MG,13
9724b415c0b3c713e793c5fcf957df44,Rod,3
97297e639d3a46a54838e0252fcfd4ff,,7
97693a8de0164015c51027d3cbd069d4,AC,16
9769c7a25331aabad92ee3ebfb2af026,,7
976ef2d800cfb386e4b31af93003a2e5,Rod,3
97811295ad76ceda94a66800ec7c6660,,16
978a85029fb6b4116dcff3e634f5d5a4,Cone,10
97a0662917f228c808d6f94f042813c3,,20
97a45815963aeee3b95feaa5de940a92,BC,15
97c106694277a896be6c77bb06d083e4,Rod,0
97d27d2b096e40c358ad124f147cd27f,Rod,0
97eeeffc6d656590444ca01cc7a31604,,10
97f485d6d3665172daaa3d690c1e5040,Rod,14
98025ef09aaffc8f2b50e5d6d020fad5,Rod,0
9823ce1755c9e8fb09b738b254364b72,Rod,6
982d3a390223ead2c15495cb1a0c307f,Rod,6
982fc943415dc3057a84ef57b9f36468,Rod,4
98357793811686f9fb0107911646f7da,Rod,0
983c4790ddbef3490bdd64cbe38c751e,Rod,3
986497fe97fcd6f1eca8cb41aea52795,,14
987a2f397873b976dc8851eb0338480b,Rod,0
989ad76002fd91c88b58259a6f3456b7,Rod,4
98a7a23a38af601222c162d0c2da1206,AC,14
98ad1a8fb7aeed7225bff4fe3f516707,BC,15
98c7af3ce954e486e7537e950c08049e,,6
98e1741b9cc1b4b544e3a0831b85851a,Rod,8
98ea605899e97039a93137ca3e22c041,AC,16
990e0d9a5a89953b1268be9817782cfb,Rod,6
9926abbdf1aabef9a9f8135d2c1a8113,Rod,0
992cc8807359950c74a39d9f385ba7fa,Rod,3
9930a3cd332f1fbba409c246df637c71,Rod,3
9950f0bfa2a781b83533e3449c38a9a5,Rod,6
997975038f61c9f9ff5fb22f0e190f08,Rod,0
998454fcc624a7d3adc976fab1f91b3c,Rod,0
998f7f6ee466c51643b20bbc15d6a9e7,Rod,6
99de9a7e60dd69c5c6afe6fd3ecdb7be,Rod,0
9a3840199a442944806b6bb14c39d604,Rod,6
9a405507f2b379df1555460a669c620c,Rod,4
9a648740010c4d49cd67492243397b28,Rod,6
9a6cf2a71ed55cff5e425e1d6c923e59,,14
9a79d2fa383c84ec0f1e8ee012885f80,,6
9ab0e7fa516c256c32661315877a6b84,Rod,6
9ac2d294e51d482cb19b6e99736a7573,Cone,5
9ae1ff4ea03ed3dbf89ea4f7acbc1722,Rod,6
9aee7ea6201dfc5f36158f0908e4c71d,Rod,4
9af558d908143e1d4c9fc797aa1cfabd,Rod,0
9afd4f94abb3ffcfb4ce856f220c3764,Rod,6
9b1d75129afea620339530e6ad78d410,,1
9b7b19fffbe17ab2cde454b5b009ac14,Rod,0
9b813cfb58f32ccb52aaf31f74b4bde7,,16
9badd2ee0ace118d6c40c5115900580c,BC,18
9bc5ee5ee81eeb300fc3d8938a4fc0d7,Rod,6
9bd6425759cfbfbc7b464ffc802a8970,Rod,11
9bf61b300be49b3e89502822447f4c6d,Rod,6
9c07c88f7abab373d7f4cf4e3a2f88bf,Rod,6
9c0da75ccd87a2dfb101cc9d26374253,Rod,14
9c2db2634cd4a6975c80536c62282a56,Rod,3
9c2e48d525557e3d9862ca9df35ec74d,Cone,10
9c32daeff6cac07842f9768dfd7c4139,Rod,0
9c35982c74440619c0df592c7e9cc82b,Rod,6
9c387bfafeeca5896258afbb96d04469,,20
9c398c3c7a220b2ff57452d1b55d47e2,,4
9c416b5d7f425a426d9e9986569c50d8,Rod,0
9c6717736cb67004f80d2af1c154b4d7,,4
9c727fbc606c1e957ce2795bfe6234b1,Rod,3
9c80b115c70650726f866ed2c9be2ea7,Rod,3
9c9f0df02480073b6d83ec5eaa04dac4,,6
9cef21dcf471825e956a2d6021109f31,Rod,0
9cef284f1ffeb58182828ded89a7ed1f,Rod,4
9cfe1c2f77937e6c789ad0b65b5c6a7e,Rod,0
9d2fed56d070b5c7ed1cfe78c62cf401,Rod,3
9d3859b4a48b8fb617f8a7883652625d,Rod,6
9d50dbdac855ee3d66dc52e9f1660fee,,6
9d6ef77a3e4887552d5dc2a2de2407c1,Rod,0
9d921c976e1cbc18476730a8419b3349,,0
9dd4711905832f4a99a8667cc7acc0a5,Rod,6
9de02329407f4a605a460f3c67eb3bde,BC,14
9e09cf4a2a883eb87ca5073871dd4b1c,Rod,6
9e0c14f1052546d3d31ace043341051b,,2
9e12e604ff2d822be9091978a8421a14,Rod,6
9e6b40e0921d1b41630620282ae99008,Rod,4
9e8634c151ce4e47069b77e0da07dea4,,1
9e8ad09e5c8984c62238ccfb94227260,Rod,4
9ebd5c0e46839eb17b9dcd9cf47367a7,Rod,6
9ebeffb95ce94db98745a87591bfafc1,Rod,6
9eccffd77da3a98fba052a7a112f6dd2,Rod,6
9ee50b863fc1290c2c4d226b1e41020c,Rod,4
9eed18ee4081aecb712962304ce224a5,Rod,4
9f1c8dc121c43b0e0cbd5288d7fde3c8,Rod,3
9f27c951ffe015bff1d8a1cd1c689377,Rod,4
9f340baadfa47d6e7e53228306816d68,MG,13
9f4384a7ce5a52ab16ecbe49d8b30c3e,Rod,0
9f56b425c89d3b2a2bd630563fee50ab,Rod,6
9f64543c323bdecb9e9f8dd7a5ed45a9,Rod,4
9f66aa8ddc5a0a6482793b82eaab4eed,Rod,3
9f6ece1e6e2861c88eb90aa6178e6dc0,Rod,6
9f9a1e3e3a9fb92f6df79957be33c57f,,1
9fe0c31feff82bcd835fa495396f591d,Rod,3
a027cefcf210566dcb6e5621be1b930d,Rod,4
a034a5ca63c367b749ab67f9c0fe735a,BC,15
a0429229bea2828c21395e42993cbf6d,Rod,6
a0beec5387295b038afd184ffc097627,Rod,6
a102605602cb26cca8692c00fa28a089,,3
a153c9eeb1ea63d8d7cd268532bdb9ba,,6
a172e99e275434d1aa5e4a70bacc7774,Rod,0
a17ea867ed218c661af02a14c46998b0,Rod,4
a17f1aa6ef6f4f1260fa431496bac658,Rod,3
a18bb86e841c22ddb13787accffe30ab,Rod,3
a1b8faba872b62d5eb717290e0686ff0,Rod,3
a1c11b23e98a2d1b90eba3905ad89c0d,,4
a1c70d08548d557001a8318f7a54a29f,Rod,4
a1ce1b5aa21ff9ea340be5f0888b4f18,Rod,6
a1d43a50db6b41484cdf13d9190dd606,BC,15
a1f3a70ce12d81f1ab1cae18538f5d16,Rod,4
a1f6f295c872ecb78f7bd0303821532e,Rod,4
a255e9e36771ac4cdd5076c81d38418e,Rod,0
a26c7dc9135c891317125bd5666086ea,Rod,6
a286a2ea20e38fee82dbe2063efbb135,Rod,0
a2a18af6613c2e0e3bd71e0ae1b8f1b7,Rod,4
a2aa3675eaa3f7bcad408abfa676b074,Rod,4
a2b09bc1d99290409249c76c83101132,,6
a2d1789d00327719c829c5cfc92f0bcf,Rod,6
a2ecf9d626ef1c5127ed7bfb710e86f4,,4
a2eeef2bf15eced8350d40338c9a6b76,,2
a326c2a27df07e5156713171a7ba4836,Rod,3
a3677a8ebfbe92d18fc40bd9943431ea,Rod,4
a3748bfbaba2357dcf43893efbcea7b1,Rod,4
a39a9f153c7e75d51ac90e486916b94b,Cone,10
a39f5213a750d89c84ee61556777d9db,,16
a3a5b8b1c3e9809cd392d96f786cd6b6,BC,15
a3aefd613e7b443718e94cf098cb2eb0,BC,8
a3c0cbdb8d2c502cc0a7bfacfd5aa70f,Rod,6
a3c6a9c32df232af244c5ea1e13b2edc,Rod,4
a3c7615593b9de614fc4535de6d361e3,BC,15
a3e08ba7aaa44104d61c0066129b4338,Rod,6
a3e2712b08f91baee0d3f76766c805db,Rod,4
a45c360612923acd02d4016a568a670b,Rod,4
a4698775d15a183ded1516c1383bef8b,Rod,0
a4a5518efaf1a001f370d40aa914bff4,,2
a4c09381e65759fa7c3c6a3ca741947d,Rod,3
a4dd917ef7e004382132473282d786eb,BC,9
a4e397c9391d97f09acb0868f3e2719e,Rod,6
a4f2b93d2ce3af7f174e297d6858d604,Rod,0
a4f3dc5f9c8e93a2a7641af46e596ebc,Rod,11
a4f8cf5e6d0395d1dd6203a5c9e604ff,,4
a5213f31505a97ae21dad36e5948a262,,14
a5324cdd8160d986650038b7d6f9a9a5,Rod,4
a5387493e54230b1d83d14aa86162104,,14
a54d7fc76e8bf738dfc50ddf86275eaf,Rod,11
a55a78c222b0e870fb8b77ee613e5207,,4
a564d7f06bec7654ec43042b10a958d3,Rod,4
a5654bb3235e7777a6c2634c189a2e3e,Rod,6
a5a85f853c578e177a36c039557e0897,BC,8
a5aff1a29600545c97d80dad94b8362e,Rod,4
a5b0dcde3f75188908180a2a8c8ad579,Rod,4
a5ccc2ef5e711b57fadc28df4495245d,Rod,4
a5d3d00f0d2309ab9677886203f12f36,Rod,0
a62e3167cbe58b70c9330a49ce0c3dbe,,16
a637a4b2a22feae14f952e8c6e7651d0,Rod,6
a6409778c422a18ae160a11f6397040b,Rod,4
a642b2f43fe4d47e3fba33c6f79993cf,Cone,5
a65d61655f3fd40181a85af18d5ec639,BC,15
a701fdbef66421b35f3516951f383ecd,Rod,0
a717af92538f360b3729dc998238de3c,Rod,4
a722242ffda5c2c048c91c5091267e4b,,4
a729bbfa7040f88dd9e2a9e34ec75bbe,Rod,6
a732e43e5048d7fc94d4baac2b3961a6,MG,13
a74674d9454910e2cefcdfbfb3859d4f,,10
a75a80ca6031b0cb9a7043b1fa3a0605,Rod,0
a76f555dbcbb24a543f54d1e05350a68,,3
a7c8cf61cd5561ecf0ba84415fb4f8ee,,6
a7cf1850eb904dee6fb1ee65734ac2f5,,14
a7d88a4b199410239f7791ce21e8077f,Rod,6
a7fd67f7bbd0ad2a8f376a92f1675cf5,Micro,21
a861271dd294a5ed21fac3f86e5dca2b,BC,18
a8d56c60953eb15dd6e92cd9cf8a3a9f,Rod,4
a8e13c1542ff5c6e6f72ed4db404b13e,Rod,0
a8ef118ef9b29a754a7c13f2ab552485,,6
a948b458a459fd997f00207cfaf6bc5b,,6
a94ea14fb8b3c94ce1af3f722458ac49,Rod,6
a9524b3a835625bb9b1080600f99cc41,Rod,6
a9601e7a6066eb442d5862bc2ec5c62d,Rod,6
a9869643d6868b8514d4b7ff8d37223b,Rod,6
a9a8b66be3de4762d063a83693023e64,Rod,3
a9c7c5da7a084c29c10f8ee26bbd60a6,Rod,4
aa0cbaacc08101eec2305d04977e6a90,Rod,0
aa298f8ce0c515591eaf2c83c3871f56,Rod,6
aa48cb31c295b1d9cc7ad3e0e84319d9,Rod,0
aa5398df61aa0f530fe2354e58235b0b,,14
aa7bdf1b086bc040570b655aec77261e,AC,8
aa7d0592911f060fd6a049c19471d55a,Rod,6
aa7f5d4d8dbf2d5e3553119ea6c7bff2,Rod,0
aabc30125ff2470d7e5bbe8c26a9766f,BC,15
aac11beea618386bfa80e107446c5abc,Rod,3
aaef8ce6e7208badacb9800f3199dd88,Cone,5
aaf2530fc36164e4b51750956d3f94e9,,6
aaf9e6147daa4dd2dad4999cafe32b94,MG,13
aafbdcef1b772f5e3b2c5c10b30ba6c2,Rod,6
ab3848682f1f659805ca7df9749e6d9e,Rod,0
ab59af041f3edc881e163e39b3a9bec4,Rod,3
ab71ce0dbdb6047a35f327e97f84a84d,,1
abce42a723c579d5be49e8f5f1bf1610,BC,6
abdf5967b322a56c616ee0f75cd61002,Rod,4
abf74571532e5e35db16b922b7a05909,Rod,6
ac1e4fd0a996ac9b06666cb9598edf98,MG,13
ac27c0fd795b6d935d6deac3447f47e4,Cone,10
ac3bb2cd03b5c58d45c643b87be69904,Rod,4
ac547275391290c03994593b8aada811,Rod,4
ac67e4e6b88b25c6384b11b6964d92e5,Rod,6
ac6cdf0c67f5c94475354b007a2a2625,Rod,6
ac7602616fa7c9d1ed45f0d0112232a7,BC,15
ac8ad9c376f1e0933afce03ff4b73f12,,3
ac995172c553234f3e91aa892b7a5c40,Rod,0
aca88b16d5bd4c95ec04f38676701c4d,Rod,6
acdc87f2833e1e4661d387ac963abfe5,,14
ad181952a354ab37b66685dd2a1ed31d,Cone,10
ad221dae24a6b7cba471e8ba9a45fe2c,,9
ad6d79c46bb71b1fbd70f6ce6daee94c,Rod,4
ad7e4c3fefa99c8e449bd079071c6299,Rod,6
ad8341df0ba5db2a3cadc459f1584de2,Rod,0
ada1963680f9fdbad14dd1ea79a6aa07,Rod,0
adf88986f1a069c9c2fccb8e62536121,Rod,6
ae16efd15c7f9f08a9d4972cfdde46cf,Rod,6
ae530d0ae6bbe0a4556c1dc12bd16c3b,Rod,4
ae812af8ab4d23e6b4376d807e38ab8c,AC,16
aea3471e3dd2bad1ad493a3437cf3d01,,6
aea9ad7ef09eb6f0e944734898cc86ba,Rod,6
aed4c70d8ee8fcaebebcecc4edaa4127,Rod,6
aedd1e964a7cc33f645708abd117e559,BC,15
aedf0f81812d31cc9b2e69461d8c2cc0,Rod,4
aef79a20826ae8ff4129552c398c2dfd,BC,18
aefa0b61f1691e81e2c6c1d5285ebd10,Rod,0
af0523d00fc3345c1affb04c1d24c798,,4
af08214814044627766a11063f49890b,MG,12
af0dfa950ed1cbc89908995a8ef910ce,Rod,6
af28324ee316835869a76444497bd16a,Cone,10
af54995f5b3cbccd7f77ed47864980a0,BC,15
af92a7b6daf8f99185287026a2f2bf17,Rod,3
afbbdbe0ba1bcb881e81507d60adbcd9,Rod,0
afc74b0d145e1048502761d7efd656c0,BC,9
afcdad75b972a002f107577ef63aaa2b,Rod,0
afe2729fbb395066115252944eb77441,BC,15
affc5edc997816e8ba66beea29ba3367,,10
b03753e34bbe532e0d69b4a15b616ad1,,1
b0529854f2c8815bbdb3990ef4d246bc,MG,1
b074ce03db969b5d2820ac0f5fa47de0,AC,16
b0755511138df60529fb2b8a02bfbf00,,6
b08c1fc3f4ffe81c72f02a7a9249c615,Rod,0
b095b4d731b567aad9e2d9ff974229dd,Rod,0
b0e1acc023a983c90047d209d8f81a07,,2
b0e256987ff700884df1990275fbc4eb,,16
b0fd9dd8f1a446f23462bac2215912f1,,6
b11626eed8c8dd14a15064642a4635a0,Rod,6
b14547c633b1b3da3b387559aebd3e00,Rod,0
b16373aaffea9ccbfbabba691f7ace20,Rod,6
b19888e034a1ff4ca3e0a2f733c80001,,0
b1aed3bcb65b15b4836e00d0c0a59733,Rod,3
b1bd4408d25e2b717fcf032f1a1ca1de,MG,13
b20b6e0bc2018ff8fc37623835a7655e,BC,18
b22d83c0c28531b26f76a7dbe874f55f,Rod,6
b250ba5efe40822172e80f0b320c2cb0,Rod,6
b25507fd42cf89ab86b2a81cfd7ac256,Rod,3
b257a009564ed0dc78fb23aeafc8ebca,Rod,0
b259364ce9b9a215fb81ca910026e292,Cone,10
b2784da80c845e228eab08239778a323,AC,16
b292666a6ec36eb175947a57cb1885a3,AC,16
b2b18c3f2bf453ed1ae752417a9424e7,,2
b2fb4831570e62ea860d6e8011641acd,MG,13
b30573a26cb5607ff0a00ea6c65a6297,Rod,6
b31aee1c1c3584c0d337baa5c15f4edb,Rod,6
b31bf03220978ecb416fbe98729b8808,Rod,3
b330a8651f6f5836c29b4679aeae2b5f,Rod,11
b344cb27c8c669a5b1ed004e6c7f8701,Rod,4
b365ad7e9a482c1f85b3b62e64e5f985,Rod,4
b377d9fc02217ed65d57966419405a44,Rod,6
b37f397eab2d5da7fcbc1739dbdcc804,Rod,0
b38a7bbe4f1796831bd3ba9b3d71bab9,Rod,6
b398ab1fc37437de9751a888e5d1c054,Rod,0
b39c147d6abf786a79e9e072e3ed4ab2,Rod,6
b3b33b881c552cd1a6111333914d52f7,Rod,6
b3c6591db2082f42f15d5586c8315a8e,Rod,3
b3f9c15c0930bfb46b2adb14889d72e5,Rod,11
b405d74cdc087ba2f0b20ca5b0ab2c9a,Rod,6
b44bb5e1ef50cb6759f77653d513e82c,Rod,6
b4536878e67fcbb2e0c758dad8cb247e,Rod,0
b456614923f4df74e12e5aeda76940bb,Rod,3
b47b1de668a900da76f2f4a7174d39dd,Rod,6
b4a7171e140d9d3d8f5288348d1f540a,Rod,3
b4e3e138a1b847f52d627fc32b0d4c4f,BC,8
b4e924e8da0583fed6b3fdfedac36b6c,Rod,6
b51390b251bb058729133b69a2bacf7a,BC,18
b51950eeb4f2e908f17f36c16e4e0a27,Rod,3
b51c144dd115d3f360a79e9f22076076,Rod,19
b51ef710c1a4c3a9009b27dd52827f1a,Rod,6
b5b2e79105540330f49d3069a7220fcc,Rod,6
b5cb5b031500061821481ec371e7672b,Rod,6
b5ebd94d1926d99818eb13e51b526589,Rod,11
b5ee502918b7e4596e2916acc54b6650,MG,13
b61ebb5f2b2b58b949f43293a67b3739,Rod,6
b67ae0bf5c10bfcea5ed728d587bdde7,Rod,4
b6d9813be47042ced215530e34713f5e,,4
b6e2fbb5af6178f41d8d87b9523d40a7,BC,15
b6ff1b22f982d11d4e4ebc5da6ce7fa4,Rod,8
b714dfafa7c78b7f15eb85d0120f18b6,,2
b727c709930b154b4ca2ec1df15498bf,Rod,11
b74976c5cef3512888cdfe11cff00310,BC,15
b752de6785a2739a9f6a81f3e5c2e672,Rod,6
b75e390dff8f4827b38f1cb2c98582dc,Rod,3
b771a24e145ee6ae847b26e7762f39b8,Rod,3
b77577e15e8db3c8439e9a0d07f4d34e,Rod,0
b7a3f6c1cae2448dd305d998ce410f0e,,20
b7ac60c1ee8d43cd243d96a9a2d1ad5d,Rod,6
b7d923b75f4fe9326cbe2a0d7b44689d,Rod,3
b7d9645de429794bb3d2338c4f9fd532,BC,15
b7dfdd44090cc3bb7c91fc10c8e3547c,Rod,3
b8185196e9b0b9891674b3c5d7469c8f,Rod,0
b81eb8199258487acfac80b4a05b9c96,Rod,3
b82c4c8217893344c552ca8933589cad,Rod,4
b82cb7e3f25dee84b138c12b668e77c7,BC,8
b840d3aa58158f421e9dd9faa34acd85,Rod,6
b85f5bce322383e0c48730d505aca949,Rod,4
b868c05f215c91e0b70e20c50297443f,Rod,0
b869e15cec0acbd0f2b06497bfaa381c,,1
b8bf201ed63bebeb553e67b2d4438aa7,Rod,3
b8c2f183df8b3545f567ac081e771708,BC,18
b90587d3020c6475bc8089f006e87896,Rod,0
b91730e0716237b45b619265e4ffe8d0,Rod,6
b92c85033f6078a9e0a7b3d65b1126a1,Rod,6
b93dcce4b52b6920ee180e99bdb90520,Rod,0
b9820aa1aeac51d95688b8c84046dedf,Rod,4
b991eeb739a611c8a0da51c67441e8d6,Rod,6
b9aadfd6d049747dc6af0f904d2ca712,Rod,6
b9bdf26e51e13ce78edd0a58bd53d17e,Rod,6
b9c21c2d34f19dfce5fd2375f321cd15,Cone,10
b9c286c13f6bb86248e94faf5affecd8,Rod,6
b9d66b20b4d97103019745360dc750cf,BC,8
b9fc99a2414716729c959bc340c7f03c,Rod,6
ba58179c8915611fee117ccd1a7f0c16,Rod,4
ba6d43987b164f8b9557372dee981334,Rod,4
ba7596db54d705bfda712b9be2ce62dd,Rod,0
ba9be25dcb4f441b19ee663a47407076,Rod,0
bac79072ecfaa55af177230ce1a0d106,Rod,6
bacbdb8eb90fc6ef5bf8eb6821746017,Rod,0
bb0c9c90f5efad16d58a8b0eda419391,,7
bb29e90833f2bd5d83aa9bcd6bebb018,Rod,4
bb38cf658cbd400c49f7762f938d6e3e,Rod,4
bb4bdd8175a957da83444f29c0f39eb8,,2
bb4da66cedeb98f8a9f5a4ac7c38c4f2,Rod,6
bb509f404ced59b00316b6d55e40e667,Rod,0
bb670e4f813d2639f28cccbcedcb3e09,Rod,4
bb9b0561e3858888f10c54366127dc3e,Rod,0
bba200335540ea02235cb22c2b269726,Cone,19
bbadb3695a7ea3d3e90eb4db0445008c,BC,15
bbdda0cd14553d78668481cc4da64556,Rod,6
bbfbdadc937c3d77c9346b0f6d89c8ec,Rod,3
bc173ade6407c1c43f126caaab4e062c,,11
bc3e383e41274305652519585f13ed7b,,7
bc4b22456503b6e57c14e9b66f332080,Rod,19
bc65fffb6ddff979896938c6a503d640,,15
bc88462c9ba696f38d5b55a37a0e334f,,0
bccb11faed459967f408fd21c128f868,BC,9
bcda359fe549284c28fababaa4e3fb7c,Rod,4
bce73802fb2048152742df925c09ac17,,16
bcf0009a4bdcca119a030da848cef33d,Rod,0
bd06fef6a27d7e09b3a2de04b04655d8,Rod,4
bd19a90cf91ee775297bffb010d5de93,Rod,0
bd462b56a43323a64906885a935cd904,Rod,11
bd4b31ffdea5fa43c1095e6cb26ebd68,Rod,11
bda2884a4c582017e449f8e0a2c43ccd,,6
bdab9b9282c01b0b6be1917606de7c6a,BC,8
bdb33b6670063c4cd3c2de001aa4bc0f,Rod,3
bdb62cac2d5a75a83fb186c81945c979,,0
bdc68bdcabf4323d0d5e25fa23fb7529,Rod,4
bde42ad55bd1c5ae212caed3e5f2d8b3,Rod,0
bdefaa9e77273f484910b6d343734701,,7
bdf12de225188fb32e0468f46db37e06,Rod,0
bdfbad4271180d7c4116442f03521456,Rod,3
be135f80593b77114f097aef3abccf07,Rod,11
be1c01fb233d9490764385d5c6850f4e,Rod,4
be415f096a8dfa0316d2d59c269d7bad,Rod,3
be5433893f645a12c6f5d332ada6c870,Rod,6
be5a96b0bf51364fd922844fa0e7da92,Rod,0
be7c3ee67abbcd466b54ab6268b8ee73,Rod,6
bea0e96261080d7b334c222de2a9fca1,,1
beb0a5f90c395fed87386431ac3327ab,Rod,0
beb530efd84760259ee3e8186d102dd4,BC,15
beb6a6357ae9a46aa7e4e82da205f00b,MG,13
beb7669ae938ad5b30a9874b18ad129c,MG,1
bec6d198f3980fb7517e2bcd4c327d68,BC,8
bee29889a92218ce231f869e31f78e3c,Rod,6
befb9cce21029f31ee2df883a5298d7d,Rod,4
befbf04f8c62d8b5937d9158fa89f968,Rod,0
bf24ae503a691e5b08bdc589e34b1bf3,Rod,0
bf5bb83e4e575314089238b81e06e4d4,MG,13
bf6060d3861d43d1b898a11de5fdc4b4,AC,16
bf994e2098c698b6cd604553d4f31e6b,Rod,6
bfcd14d4fb503f5ed4c19efe82a9beeb,Rod,0
bfd7aef0c23f2f296983935540ea7d73,BC,18
bfdf8bb930ce8137507823495cdb63ff,,14
bff8f1449cbeab54681f2d686bb4bd77,,4
c0083323e427fef538bd84838287cc25,Rod,6
c00c2d7d20ff93c459f7f8cc32f1c5e8,MG,13
c0394a7a7aeb2226700262e4c664758d,,4
c081e90417ec77966384ef2da927de16,BC,9
c08352fd2c8aff7bdfdd9f77b52c58fb,,0
c0b005893e6a77fc698a3a180769d64e,,6
c0b50f6ecaa6b608b89bc10e7671a80f,Cone,10
c0bd30322afb3983eb7d0cc9a74cedc5,Rod,6
c0d76a2070187724707a784583247b83,Cone,10
c11fd9ece22efca032b15b82a27da9f9,Rod,6
c127849cf7b4f7e517999bc91df0456a,BC,15
c1447f36d19df1710bd57d04eca0086e,Rod,0
c1511fdd63af84cbed52d176a168f9c4,BC,9
c18628b8138702a95337709625e696a9,Rod,0
c19210e777c49562ef48a5aeadfbaf29,,1
c1be6155ff37e38d21b467069504ffd2,Rod,4
c1bf9d02f1300eac75bd71c0638e8a7b,Rod,4
c1c4b1779c231a6d35b66a9d8ef5bee9,Rod,4
c1cd097b73a076c1c2ab76a253af604a,Rod,0
c1d1d9bd5ee51c6ff2dfe2848aafc618,Rod,14
c1db0a25c637aa7273d8eb850a9c4a9a,,14
c1ee961c4d0f0be653f4442cf03cff84,,6
c1f521fd8055681fb3af03a1823252ed,Rod,6
c210b2f28e65af7a071b30566e56b45b,Rod,0
c222e3a168905e6d675c5c888d801dc5,Rod,6
c2300fa92b12603d5889ab5ab0d35f7b,,6
c2544dc7bdeaaa04161b2065bac70a3d,Rod,4
c269c91d2a301db360bb52914073c5aa,Rod,0
c27ce519de86c7775d80f7337560fa2f,Rod,6
c2a5dbb18571715c4edea30686d149f1,,3
c2cd4ec87998ed4deb922698ee4f3ee1,,0
c2cd55dd3a98c81909250a2453a3361e,Rod,6
c2d5bfadca48202955f1c01063a18079,Rod,0
c2d94cc63ed10b06e3471e8c4a0d47c8,Rod,0
c2f0c4913c8cd609188ff3677d871e43,Micro,9
c30a6f0d53edb9af253b36d51a62a648,Rod,11
c31d88415d2ff7a9de2087a3866638e3,Rod,4
c32af7a863ecc9ed2ece6df36991448b,Rod,2
c345693201397125688c8093a1a5a69c,Rod,6
c357e2133c275d8a4f37b5dd7457f484,,6
c35e3b495b6d26c3a5d8eb76ccf12516,,1
c3dd15bdcba40160fc1ed40f648811af,BC,8
c3eaaede389b047c500a5d77f8ed9fdc,,10
c45ae1eb5348ab092d7cfae9f7d244f4,MG,13
c4e60d4d1cca42949d12cdb240574568,,1
c4fb1fe39b2f8845a6d5324351f805c6,MG,13
c54f5c8efedaccaa33bd5517df8a6af7,MG,2
c5aa80ffc8048fc1524907657a3e91fd,Rod,3
c5bad3ad1596cbf690cca9ad5e260ed4,Rod,0
c5fafc7028796d240aac521d9680ca22,BC,8
c5fd3dfc22a63e11458253a949979055,Rod,4
c60646cd28993912aea98fcd1cf2bd63,MG,13
c655d3458555c140790665ed54ea53be,Rod,6
c66bae6b783d01b9a279db8d945ebf30,MG,13
c671fdb6084e8d3d955c63f81f873fd1,Rod,6
c6756ea767f7daafab1fe98b34b41be2,Rod,6
c67f42d1d72208a410b995334071ff1a,Rod,6
c68193b24acb9ecd0e0da4658477cdd4,MG,13
c6898d4c2d53a6f202414d7bf877bd90,,6
c6951c6b4000f6792b4e352007a4057a,,14
c6ab69194d923581107d7cac34236db2,Rod,0
c6c22ad88cad270fa6a28232523bb3d9,,2
c6f2ffa4e0f2bd4211b253fc6ad0268a,Rod,6
c6fb4f26fbad49b1947d0e2d51c9a9a8,Rod,0
c70fcf8524353799edb0c6a635b4ff89,AC,17
c72084a1f3e56dcc503c330d6ebd009b,Rod,6
c726a8ccb796b71a384f9b6ee0b27e3e,BC,8
c775b6dcfe26f1a9f9b2d022ae2cf4f5,Rod,6
c7790da791da7951d015131b4fda3050,,3
c7822145b8612fef85d38a3a28fc49c2,,2
c7ad829c81cd8f306bff244a60f5ba07,,6
c7b08f1df04abce5c37702712c82fb55,BC,15
c7b0ec809fe4e90d8ae1ab495a0b8a1d,,10
c7c956a66a2867b231ceae17db65d0bb,Rod,6
c7dc32064f2370a2e39733ebf2d8351a,Rod,6
c80bba1bd0b1b004e2d06dd79cf0d70e,Rod,0
c81c16d4d7460ac5be6976a0a052b008,Rod,6
c82a15a5baedabdf1b1f431e55cc2085,,1
c8323d8d107b1899e950225f3be0a576,Rod,0
c836151811099af40a0000058706cdaa,Rod,0
c8418630eeb6b391f363dd9da2477ba2,Rod,3
c8514341f3aee4cdc96435ccca0546e4,BC,15
c891267a9489b169f6aaab403eec2b9d,Rod,0
c8922cc68c0800c08f21d7f240f8193b,Rod,4
c8a37416c14e769e45c4f8511a4056e2,Rod,3
c8c5f5f4e70f880f2ba4dcb51b2a3eb7,Rod,0
c8cdc9a105c8605c9478c31aa4b00262,Rod,6
c8e72368542627ca4a933b85bde77f6c,Rod,4
c900188059668223876aaa05b31997db,Rod,3
c9280415116a4ea5eb90ff3a54cd3516,Rod,3
c940b25a3b681e940a51e33627cfcccf,Rod,0
c9434999c81dba8c635ab553b1be0647,Rod,0
c9565f59d93b90d00cd433482917125b,Rod,4
c9699cf68f30cdbd66f68fd6f68b01d5,Rod,0
c9922937d9e3f424d5aa4e7a6af2aa95,Rod,6
c9c3df178e6bb8fb1ca536b42857a111,Rod,6
c9cf7fe6266d953f3fda1181a1c6cdf6,Rod,3
c9d2845747480ad55a4e3fce191e011f,MG,2
c9d7044097eac4857e9f774ac6befd3f,,15
c9da5d89d6c5692c59094f7132ef9330,Rod,6
ca16ead62652d6a330c9d15cb43ecfe0,,6
ca227c3e14c223e2b555251d1060876a,Rod,6
ca525ade1860b67f5bfc346cedab853d,Rod,3
ca599e11913b29ff5e42b9de129c7e28,BC,8
ca7469946145eed4a17f8f2957390c75,Rod,6
ca79f163bd04abb917b66b0c297cf6f2,Rod,4
ca7c9aadcd28a433542f94940473627d,,4
ca90564e685ed2b3b43bf971808805a3,Rod,4
cabf40d1b12ca8cf60cb63661e7ae6b0,Rod,6
cac8a1740ab8d38ff39be67857cddc12,Rod,6
cad7a881e0fb08947d2af3b2ff3563c0,Rod,6
caf3c1934ae7e53d2e7e40b296cfa897,Rod,4
cb1b511d7f1a24d5f56527ddd40f3687,,19
cb20713f987213d4d2afa9f4fc466efa,Rod,0
cb2dc28098699080072b85f7a4563b74,,1
cb382b0ffa414a25b41c55f8043964ad,Rod,6
cb445c05f8f5f42cacf9aa04eb8aa0c4,Rod,0
cb8ee86f3e04643c8d5784d30aaa2e2f,,0
cbaf86ad43c30109dc95eb7707c7daba,Cone,10
cbbe7d2c633c86ddfa240a3cec27e0e0,BC,15
cbe7ed528d94d47b4f1fdc7bec9a4dbb,MG,13
cc0264550a0528b978922a019cb3a01e,Rod,6
cc3652158d74f137c6569dc0b2586dbb,,1
cc568de1681ea02686c5928bd0372194,,7
cc5ff9fad64539d3f243f2d569967e4a,Rod,3
cca2b10960399b9a9f0c5f7e37250a91,Rod,6
cca819e19d92b1d2a053609bb478d915,Rod,5
cccf682ef6dfeb2380a9e0550e4e43a4,Rod,0
cd3e10574bb2ff35338395f1ab5880c4,,14
cd5d8c59de91cd48d2b0543328787d42,Rod,4
cd6159375eeb1ad6c22f2e75e1cdefd8,AC,16
cd64352f20f32a80ad062e3ba1233fff,,14
cd85abae0f7741c2a507ca7792b0470e,,14
cd85f37d239b91390cc5cad1ebc7919a,Rod,6
cdaed766ec47995d13d7dc13131546db,Rod,4
cddcb856e8746a6ae4df4110b6e71a3a,Rod,0
cde5733072165243f0b19102a1f96c37,,1
cdeda1862d8b4c1438833f3604a1f0ef,Rod,4
cdeed2b33311d61721cd4fca22ad11ae,Rod,6
cdf53eaf30c41919d205bd2482d9080f,,4
ce1461327d136b6463f5ae0332679c83,,3
ce1537ddf2cebb472e8f70ba9630c9ea,Rod,1
ce1ed0dfedb3d4f4710126c60ae3b0a1,Rod,4
ce2897fc23641646ace75c4ed4487d71,Rod,6
ce2c880b552c8f0ceef44b4be9516309,Rod,3
ce5cd11549e329ea4b644451f2aba16b,,4
ce90f2ad8aa84dbc4142f37407379f4a,Rod,0
cea05623a6a0dd4db08855fa7a0956ca,Rod,4
ceacb0a425b901c12191eaa4d81c72c3,BC,8
cebb7f29597c06ccdb18b4c00a36ae13,,6
cee61e77d09421f4a28094b98d364b89,Rod,6
ceebf634c05da225010e20229a2a6acf,Rod,11
cef8ea852a37a09cbeb8506000cd67cf,Rod,0
cf2de7e8ae4514c7b7160e91095b3a32,Rod,6
cf474e6aef2ad060b2a298f27067cc60,BC,18
cf4efb1ff44cacdcadc45910d74d7b90,Rod,4
cf85acdba5c5bee04feab195b99c73f7,Rod,6
cf89683822081bfdbe22e61578724511,Rod,6
cfcc9d4af0bfe934acef6473fa022497,BC,8
d02791f24ef95451b8cc411cdbf5b3f0,Rod,4
d0287f4f9afc8190d64852efe813c63c,,16
d03df869579f016306847af1cd591dfa,Rod,0
d04fdb7f45635dcd302059446c65a16e,Rod,6
d05f2f3da8f57838198e3327016bec29,Rod,0
d08d929fe737efdfb38f78c28c8514a5,BC,9
d099c6d637f3772ebd6cafed4e7735d6,Rod,6
d0c71e0a53f5ec9400874e5cf1cf8cb1,Rod,1
d10db08c9db20438840be913656ee023,BC,8
d15e0121397b482eed752d9fbb730408,,10
d175f636f12b2d29f222c37c0209c72d,Rod,4
d1d929a0e07aaf541744ccdffed70d4b,Rod,4
d1dd827cefc36057c5658db2b2d8e214,Rod,6
d214aa01d5fd15401e433afe71153fc7,Rod,6
d27ae3b39dc7729ce2102b7417c01196,Rod,0
d2a7d615f5c58135105f502f71d62716,Rod,6
d2aae276ab7f0d8b66a19b55453f62d7,Rod,6
d2afbfb5a7aa21207369584090916ce3,Rod,6
d2bfe51f16de6d55469d21e3d2c0fb90,,4
d2c5122b37a360e11129169e1368b51b,Rod,4
d2cb236afb1a7b1815f4d584749a5d8c,Rod,6
d2e82137653a2af1a0676a4cb4e6ecbc,,6
d306f50e3851212383b3f92f35a08e20,,6
d3081349a2637211e41cf18ab308964b,Rod,6
d30c3f011c723f7318ddbcc6ecca0f8d,Rod,4
d32fa84f37978074dc2645f2b0dfcc78,Rod,6
d33bfae6a97704efaa55c2ccfa0ede01,,4
d37230dd217e3b3a19084aa565cf3a40,Rod,6
d3a1d60c45297b7035ecfdef5b1ca108,,6
d3a884fff7de2621f29a93be57ec845c,Rod,6
d3b95d90bb83e1fff949d700ff34a9e5,Rod,6
d3ef0ac5fc0d7569f652b7cb91885796,Rod,4
d4033c468e0732b9f1bf6b88b4e5b9fb,Rod,6
d467a8a8750950075f266d45ce9a8891,Rod,6
d473e8da548141a3d3a1fab28318779c,Rod,4
d478295d7d4a4ff5013acd2ceaa92693,Rod,0
d4cbc7f4d5d476f9686f5272c1b5e3c6,Rod,0
d4ccc9ce1b0ef47fa3f2b36264f14d33,Rod,11
d4d57721a852a0b82cd43589c7726a89,Rod,6
d4ec7b6a3d6a824bd4cd591d4a06c9d7,Rod,0
d4f142c20e8e78d976dae4d2cfb31005,,2
d51b4fc978b6d264cea9dae04ad9bae9,,6
d5276bbfc026ff85db3b84bb9e9d3de8,Rod,6
d534c501497da98788d9910fe9e18d8c,BC,15
d54c68ee69b673cb23be36af3bd94f6b,,1
d5511523a0b053bc32d82396f42b8e48,Rod,1
d5a4b137117738ff2a14184b272e4d9b,Rod,0
d5abacec967a55a487b61cd16e08aed2,Rod,3
d5c213f385f03c06236fd8682390a0f1,,6
d5e09335775944108c4bad2f33052c61,Rod,0
d5eae6901f77a4d0122f8912820bc6d3,Rod,6
d60b3333c9510bc74347b655423452b8,Rod,0
d6397488c90179b54f498659b54d9706,Rod,6
d64db1e1fa7efa9bc135d56fbb80406d,Rod,3
d6539e7615c417b151c6ff07671dfd0e,Rod,6
d66034a55def99626dfde64f2ebe5849,Rod,3
d66edb02ad3b5fbba0ae66a8c87311e6,Rod,0
d6abcd85e5076281b4f3cbc66750e7a7,Rod,3
d6ae27eef03bb48cc756bd6bb66ac08e,BC,18
d6cf2a119fec98500ac338cd8faf5560,,6
d6de9c89bda1b1c5c0b040f8bf200162,Rod,4
d70831078990457754557552496efcb3,,7
d720ddaaa4b88d967bf544e0ef3c5a32,,14
d72830ff1ceee3847a68b885e9ce2744,Rod,4
d744b170a96d709a7988152951fa0174,Rod,6
d764dce41b7fb62f81cf25f85b52510e,,4
d785d7cc7de73b0f1b7eabf9db529df8,Rod,4
d7aba0c5ebb530374fa16badcf95c658,,1
d7c38d364c9c3151729263e38594c842,Rod,11
d7c475aeba9299b347c45cb63b7e704f,Rod,4
d7f4a1a4a25900de0a57be0f768c6d70,Rod,0
d80d7e9387e62269c121ee3521d2fb32,Rod,4
d810695d21d4f488a973d25ed2fdeede,Rod,3
d81f03e4830ac884eeb69e6ca12200dc,Rod,4
d83b02df6ef409690e1e07e2eec438a8,Rod,6
d85f9ce59a402bc7a739123df675267c,Rod,14
d86a5099659e17f1dfd09f118b054cd7,Rod,0
d875ec582959ca1fb5882f03738a817e,Rod,11
d87f072baaacdb3aec3b3eafd1082e77,,0
d8a8a6689bbc697b686c0fb6d462c1e4,Rod,4
d8b37a2287f1b8258713d7874d5b2cf4,Rod,6
d91231685f4bd50873d0e3af6a622459,BC,8
d9161d5de4bfd2d997c9ba4c7e58e051,Cone,10
d965c63ce3c0e4dd7354895dea95ed33,BC,15
d985a3933c210a9682a8d29db7b14df7,Rod,0
d992480bf9562d17889546c7745593a6,Rod,1
d9ad2ab77169252e93b90001bc816dd4,BC,18
d9d8d67fa816bf66feee9f26952c5982,Rod,0
da0bb1342072db17c5039c4b97ac4723,,6
da17a27fc449f5a42c9a6594cf91a11b,Rod,6
da26155f4c422b62c90cdc5d6a004176,Rod,0
da3543e79d2cca4395215d3e7cb698a2,,6
da412018166a1a7f51388f68ff6336d8,,6
da5989d2692be05121e00ba67e2351c5,Rod,0
da60465e2d3713d2d4f749742c3a6b51,Rod,0
da66f440c850fdea3029512692aafb3f,,6
da9f6f8001d7822343f9fb076cd411e8,BC,9
dac184269ce02653b11577f11c6e4e8c,,16
dacc5ad3b99575a154a0b628763faa79,Rod,6
daea006ada42d6cdf71dbccc6da203de,,14
dafcfc2575da0a16559cb55b52ea4028,Cone,10
db0d7ca502104a815d56d92e47d67122,Rod,4
db5eca3a47d22885f509fc3379012e05,Rod,0
db629f763d88860d8b32bdb39ab9a56e,BC,18
db7c2be9e4b25c5e284ac8bf71a2923c,,6
db8052b7242052cc4532c4643395aaf3,Rod,11
db8badf1545d0180d2abfefecbc6bcda,Rod,3
db8dc0ac2b9c6a7a168fdda92737fe76,Rod,4
dbd8dd80cf975c37ea2ffba38f0d378e,Rod,0
dbfe6951526f5b854a1d2c1a1bdd2b10,Rod,0
dc43a4b308d104671e1440ad18598dd3,Rod,6
dc6f6582f65ee4d99549cd12565e8ad8,Rod,4
dc7be3b5d0fcfc8176b859a0657bdbcc,Micro,21
dc884f314df58e50a8376430c21bfc65,Rod,0
dc91e8aa43c47fa805aed0f938e60692,Rod,4
dc9bfff9ba6fe50cc41cc948a1de6e2c,Rod,11
dc9db64c8449f0a020c9ba13820dd82c,Rod,0
dca266a5bfe0e1c420e0f9b949930079,BC,8
dcecc8da709f1adfea0ecb7197c64949,Rod,6
dd15c10958c8c4f7e3fa3597f292e14a,BC,18
dd57e607e97cbe56052b87ed3abf0fdd,Rod,0
dd6d652707b73dd4514a8283714d3670,Rod,0
dd73629ecf03529cfe431106e0e40a96,BC,9
ddaa6cba6776b1ac1b18d1cea3c3d8b8,,4
ddbb296ad35a74721997a41106caa451,Rod,0
ddd1a3b02f6f277969b924d05f2d84fb,Rod,4
ddd74c957335e2eeac1a47e7d4d87214,Rod,4
dde82d506180468079938a9d64639ab6,,10
ddff1549970031f4f99fa7869ee90ecd,Rod,0
de5268b86b21d67eb7b658cc0dea9104,Rod,3
de703f38ece267a9dce292c2da5d3c99,Rod,11
de72bb5717caed2df4f6c9153e906917,Rod,0
de8eb4bc25d95ba7f8e304424f778361,,1
dec951422c2f4261273a23d8191c1118,Rod,1
ded92469dbcdb9d9b1bd3318ddf9964c,Rod,4
dee06d1fbdb4a377177b2446f8a6cbae,MG,13
dee568b1d6836e9ab5729931796d22be,,10
df1d218856cfec75e8133c51931e6ad4,BC,15
df2929aec5b51c5234ab0077e07a7e21,BC,8
df3204d02f30e4b5fc270d02cad77a07,Rod,6
df57848e0895d3db39bbd2dc94844d77,BC,9
df694352309c4b9ed2c4d8604b8e0418,AC,16
df7c4a5d05a70fafc6a14bcb83a82f07,Rod,0
df92185e99f4a6aa028bfdebf03bd747,Rod,6
df9f3f8918b493352c2b3bd48451499d,Rod,6
dfa1b00b8837190caa0f921ac3695284,Rod,6
dfc73bfbd56417ddbf2c9c17fd0b4f96,,16
dfd3c7132566f7bcd56e15c1674f17a7,Rod,15
e007d0cad4bd5c034171b90b0a3e3d89,,10
e02e01edf732216c5742c3817afe55b2,Rod,0
e02f8a8d10f11d41baa3a269f025e70d,Rod,4
e048067d16f0c891f0bf72695068e239,,14
e04f8bee45f4f07a958e658a949a93f0,BC,18
e050957945b621f844f09131885ea8fb,Rod,3
e06df3e8a55175967f351d0350528ed3,Rod,6
e0720b8d83313898c0884467f4f19cee,Rod,4
e07e1fc0dbe3852fdc82dfd62d18a9e9,Rod,4
e07f190fccfe5d954f446308f2be29f8,Rod,0
e08175e32669bceca9980198b20c29e2,Rod,4
e08d70c83f87527bd8b718354fca14ee,,16
e0993618f7e5d34953fa9c9f51c136f7,Rod,4
e0a63848eefea21203ac9ffb62dba2e8,Rod,6
e0be90c73dab59993319eaabb6644008,Rod,6
e0cf0703acfb7c23aa4a7f0266247506,Rod,3
e10a3eb823181a69526661c8e1e6e5c4,Rod,1
e12e021654344f56caaa18dae12f7750,Rod,0
e13437b395c8b9cea6cf2a8e16906c96,Rod,6
e13f5f863789d2b8a633e1f5bc131dbf,Rod,6
e144aaa801c6badb0951c2b10d21a044,Rod,4
e14de2f16d2f31f5d602764a91e71d21,,2
e1547d99312efcf670e50599ae9b4a24,Rod,0
e18118f69e6ef3677c25359e4354bce6,,4
e1a074ddfa334610427a3b6e307091cd,Rod,6
e1acc375673aa6f9a903013421497584,BC,9
e1b1cfb626b753a6a214f4b9e01a0ee2,Rod,6
e1b8d219d2c324a3cd89eed65624e33a,Rod,0
e1ba8729a34b81b471a6f50735998639,Rod,4
e1de1f8e1195140ad6df5962224ad3de,Rod,10
e1e3084bc3f07e8b625abc459afdd1c6,Rod,0
e1edad0355fe6a9c678bfcdf8daa85fe,Rod,0
e2083aef23bf80abe831bdda1b87c780,Rod,6
e224b43ed711533c875593703a7d2b08,Rod,6
e22de25b737f98c97c5650cece2f649d,,10
e2450a42f0963d11df675b7e1384cde6,Rod,0
e2755a43a4d3d57ead884945d9cdd452,BC,15
e27a6a5a3893ba192c3df95217cc015a,Rod,6
e2ae5b8c8fde6f94336eacba4aa22aed,Rod,4
e2d1199dea12bd2e314367707732408d,Rod,4
e2e4423b7ee97cc48ce5291720e81044,Rod,0
e2e81f6816cb975aa0b2301ca166db40,,6
e2fc21a730cd94995f5042080b9dc5aa,,10
e322c4ffe390f6b81ff91523930a3cd3,Rod,3
e330c73f2d76075496d56f424f2e60bc,Rod,11
e3390518b70ad40c7d430ed02c214a01,BC,15
e36a6d1bcb61fe579fc150a209e33714,BC,8
e36e7ec340d96db965363f50991da5cf,Rod,4
e3a088cb0404312d2cf61685b5da2d03,Cone,5
e3a9e1cbe58cc90b4db7fc7ba52b9147,Rod,6
e3abf457bf5d735d773ace89b3a32dda,Rod,11
e3b3c1711e65d6866902533f19d86f61,Rod,0
e3eaabde454db55dac93732d231ee9f4,Rod,6
e42b3cb707a3d7501009a68dbf0ad5c7,Cone,10
e4339a941bb5b7e5f80af859d1148b3b,Rod,2
e439065c7a03df9d5682237c2c32e7e6,Rod,0
e454279b826f12e9fe33c0652e69e1c9,Rod,0
e4768d56038a9eb34835b91e9a9f50df,Rod,6
e4906a0458d773997f0e10aaa3c6b82c,Rod,6
e4a111af4e023fae1e9f649fcb397e5c,AC,17
e4c0c47beff332c42e982cb98e4d6f7a,BC,15
e4cd7c6a4c5c569b04aeb41875a7d48d,Rod,3
e509203aec381c48bc8acd91f686434b,Rod,3
e51e88517d5fec58a93fb199a83f207a,Rod,4
e555afee0218f33afafd369153b94e3f,Cone,11
e5891a6f8cb3f46abc4beec83cdbdb18,Rod,4
e597d70e2f3863f7236cae44b0d9eb96,Rod,14
e5e85423e9ce2e5d1246f5e434dff192,Rod,4
e5eee36415bb87be01d3043793d9c24f,Rod,19
e60e73efbef1ac7e88ed715c1afed18c,MG,13
e61fd6a19a41c10778d345056ee0d671,Rod,4
e63816d8ecd9b2494ea91202170e65bd,MG,13
e63e039fff1ed7c98b0631c5cb36c7d0,Rod,0
e649e263e9d594f9f6e117f095b22ac9,,2
e64f5238ec34b865a3ac08afc089d7fe,Rod,4
e654240db8d6e979597427e58f6dc57d,AC,16
e697fdff02236f38173a7ea9dbb56e5a,,7
e6b7805023743e02fc2477225952494a,,14
e6c1a3549ebcdcbdc44ba676ed79780f,Rod,0
e6d3b6d9c7a5bbe8f6c1ceba3bc8b829,Rod,0
e6daab8c339606c63a7ed18b82eb1e9e,,2
e6f6491fb23084c80179300bad3102d7,Rod,6
e6f9457f7f50d0f7fe0b7be512e90978,Cone,10
e70b221668381a8741f6fdfb345cb5ac,Rod,6
e714cd5f7c9fc6ae6e9c4bb8570a2b04,,6
e71db423b831750c705a935a6b0228a8,,1
e729213ca815b5c0395274768073d262,Rod,4
e730fa42150420368c20354bd70bbdda,AC,16
e7476dae203f41371f75b3257465eb18,Rod,6
e7a39629f290a4d24adbcc4f8ef68861,Rod,6
e7d572855195303c40d9916cffeeeeda,Cone,10
e8053a689b2a0d806f18c9d9e3dffd51,Rod,6
e835779a03dd214c54624ec970c9d38e,Rod,0
e85a26413fa5821813c4888ae7b5de20,Rod,11
e86d46a7e58489df8d51a46b92f60e87,Rod,4
e8a97d40464600ef0a76c2f41b6aa748,Rod,6
e8ab3633d110be756140cab270ea7a69,Rod,4
e8d58e22a02ff5d192d681eb60f24dde,Rod,0
e8eb8f41fb20ffca2294973ed7a4efac,BC,15
e8ec1c8579dc6594d8d8bb1e504a3108,Rod,4
e90ffd01616a008767c69cc196139975,BC,9
e913fbd2ba85efea1ff7f7b447251a07,Rod,3
e9403c583a4dbac36ec9e40930e3ac38,Rod,3
e9567820fae64b5defa01ca6af839a37,Rod,0
e96254d53aa3bfd9963906d8f6324b39,,6
e9855c2f2d53ff62d58200159cb4b98c,Rod,6
e9950c03e1439f089d3d3a6e68bb9b27,Rod,2
e99ef3a5bb0151a8e825dd426c03eaf1,Rod,0
e9ca3343b168a6005bd2a44e54c11927,Rod,6
e9d12b1cfe96c050c993d78d1d2bbaa2,BC,15
e9d554d341ff5c1dbf5f1be5a368a6e0,Rod,6
e9edc41fb9e6643a0f8952120b6c2be6,Rod,6
ea02c244bf2bdd20c07b2004a66a4a8e,Rod,0
ea2418596c5ae0fbbec2c8ca5e24e72b,Rod,6
ea39612743a509e95d3c8b1b5e3aec64,Rod,3
ea567a787c467cc98c86040579ee63ba,MG,13
ea7aefe752b5c932a9ed470824075b57,Rod,6
ea92e73f8108e2e85a4bb22c1f68f867,BC,15
ea9b0076004e7b3a969c6de9bdd3eca1,,16
eaab473d0df4cdad749b899a5791f475,,10
eaaef5b666c956059f3f1520f3e51fd0,Rod,0
eaafd4896f7160153e6420385a145a2f,,6
eab0f9384238db1cba671757d8936a09,Rod,6
eb25d1ae785a8de1b89a7e321fc42559,,4
eb28e6a8b13c535bf91538f19081ec7b,Rod,3
eb370a7c120be15e04f73446eae4aede,Rod,6
eb4623126d79bcb2892e06f448106002,BC,8
eb5e7b2f5efddfbe9293be188d025254,,3
eb6245036747fff18defaedaa5199e8e,Rod,6
eb67bf12aae65d31b67c6789407f840b,Rod,0
eb841a0f3d51cabe1292f8b4afa70853,Cone,19
eb923848d13ab7f1c267ababd16e540e,BC,18
ebf70a0470dcdcb6b7518630a0eb7539,,6
ec0b616c06f78b385c7268ff2263f566,Rod,3
ec27de5f1b7015f9a47302661d754877,Rod,6
ec4b4b50c63ecaf2506bff75d4088f66,Rod,4
ec574a967ae17abdc4e7a36c7082f10e,Rod,6
ec82e042b77502b75969e34b21bb9fd5,,10
ec85586105a39aeab620bf938b571f27,BC,18
ec95f18d521617f8f9520dff112de232,Rod,0
ec9b859b73376f3c497461b6f7198287,Rod,6
ecb48260eb11a7fd3fc1aa62db6174dd,Rod,6
ecb805f0806c69642f8f37185f003a39,BC,9
ed0f59e6e2290f96d9020f66f84fb547,Rod,6
ed278c4546e82b7a5951ec67bbc1b347,Rod,6
ed744b358708b3eb92268b0127ebaab5,Rod,0
ed756fa8589ee65d375287066e29e18a,Rod,6
ed854f05c3312e08829bbc36948aeb5e,MG,14
ed8c3e290310dd40d721d51a7733f4ca,,6
ed9c885777c82f99ba5cc719208a72e9,Rod,4
eda41f229eae50f950584b174688aa99,Rod,6
eda5a6644037c4d23229b5f5849a7d2e,BC,8
edb8adeaba51a5d40b6b115b0fd80aa3,,10
edd7bde6b02110d2b3e07033945ff1c4,,6
ee05d1ea565586549ae9847f66c1af14,,6
ee060869849f1ea35636cf95846c295a,Rod,0
ee29a7f6c2df270ec31668eb1faf0cd6,Rod,0
ee61a2024db7895e335ba126b46f0eb0,,4
ee67a735cd43fb112644e6d2ff53ce44,,1
ee6c00e7cad26946c4e080a85a327a76,Rod,4
ee7e2c8676abc9af9ab49a4774db22a9,Rod,3
ee7fb6a5a0541e52e21affcfb9fb7478,Rod,6
ee8b33867983409ce29896d7ee96d14d,Rod,6
ee936fae9bb5aa8ff0baab94adc2901f,,7
ee994ebf474c6276746ca684d761212e,,2
eea178c7bfa4c8a99a1b29629c51735d,Rod,0
eeb608875e18888b21c9bd32886c3698,Rod,6
eed3802395660ab8d1896930fbc893e0,Rod,6
eed387d0069ed8e65e8d51470513b658,,3
eed55b2ae6c482dde7fdbfc71810e202,Rod,0
eeec5f7145ebf8986ae37e3a1a0ba9f7,MG,13
ef001f5a1c4bc48a85013560207329d4,,1
ef1eb5cf81a7e91bd436a74813cdd90b,Rod,6
ef3b0a2d6d1084f7d2ebae9e7eaa74c7,Rod,4
ef3bcee101504cdb35c0e78147e037a3,Rod,6
ef77de9d848e9a55710d793f39138329,Rod,0
ef7a9a9914e109a969d4f3bf180569c1,Rod,4
ef9955ba3c6ff4c12c7caba84be7bff5,Rod,6
ef9c31e3c74753ac58f16f84a995ede0,Rod,6
efa5f8e6d8ae85518d7df8ca8bcdf2f1,Cone,10
efc0122507c6cb06514f2bf3d6dca86d,,6
efda2d9e4f53057d125690b7ef335918,,3
f0348ecc2de28ce2e4db45f405bfa5aa,Rod,4
f08515def5eeeade6655729b06a0d938,Rod,6
f08b5264f2873d7daf3a1c2fb0052cb7,Rod,0
f0ce99da89f963779a4b5716143688c2,MG,2
f0ec0497e1501697afa7a127073162f2,Rod,4
f0f4d1b509ad74adfd79f0405c04771d,Rod,11
f0faa414f9045cb17ea3e64223510503,Rod,0
f1067f2c8c8e13a826ff3a43bcda3f87,BC,9
f132fc37cf3f7e85fb307227a0f884f0,Rod,6
f160fedc8c08ec08dd982c051b913ed9,,1
f168b99977c6f1834d72319bc188c1ac,Rod,6
f16f864a23763034a05ef0d5d316f4d4,Rod,14
f1ada6883b10a42938be0cc99830ccd6,Rod,3
f1debc2ec0386b1923f5d4062038054e,AC,16
f1f00ca1fbb031218023c6c77b8dec41,MG,13
f20fe6d815a61e1180a79b1e18f624d3,Rod,3
f22f44ca4f01387b467b5d532e5e43a9,Rod,4
f240f628267c596f62650f8e42e5c303,Rod,0
f250acf072142dd7f518535db2112962,,1
f25bb83007d86b8e1ea4a7cfe97fec19,Rod,11
f26f355eecf2ac6d9295dd7bfefc5eaa,BC,9
f28ee8e5d4a47d1eab41093c5039cf8a,Rod,0
f2a3aca70ee307351803fc3dc4342b32,Rod,0
f2b77c085817304532f1da8f37782e06,BC,0
f2bc6c19862dfeb6c56c3b7fa64337dc,Rod,11
f2deffdada8b39fdb8d6bc7117788881,,7
f3672e4035796c5817a300854aaa9488,,3
f3b47edc978aeb9c989e85fad8d1346c,,3
f3cc0150e891f1dd5c11416a69b9c8f7,Rod,6
f3f2c271044da382b7192379552c8749,Rod,6
f407805e1cdeee2575f1c912a0114b69,Rod,4
f40b8791ea980f40ae0957c5ddaf90a2,Rod,0
f41587ac8ae98998583523361267d1c9,Rod,6
f41e7ae4267c16e12c6f6b1ae9c8c6a0,,10
f426fd3ae3e90e31ba661ab3ef466521,Rod,6
f462d797d7aa3ce2bf647a7cf110c0e8,Rod,4
f46da2a56a76dc751a75610de17f880e,BC,8
f46dda71d4a675fc3002cec3a6aaa35f,Rod,4
f472a1adb3d1d0f235ad5924954a082a,Cone,19
f49bbce6da016d9a97721a71373447f5,Rod,6
f4a77958319a8f3dc0986a7c53022986,Micro,21
f4aa263f3f60ec88a214d88baf9ec80b,Rod,0
f4aeae90a8e0f56c86d05ea706945bdf,BC,15
f4c3bb84a674c03bfbfdeea8ae960a48,Rod,0
f4dca09a010feb9a110ad0187d5c1732,,6
f508731c24908c631188e8ac1a1039d4,Rod,6
f517adae4f8c115f278e3118c3fb2c13,Micro,21
f52766a6d7e4ff81f87c3db1d73e3139,Rod,4
f53b307223d006efc459991e92e1cada,,4
f53e84ab1b622010c4ad01968f2d5a9a,Rod,14
f55c9af388bdacfaa5f1b9a5b688efca,BC,15
f5a2088d666491254a89d14a43570da5,Rod,3
f5ab4a191d3ae9f8ba4959d5f679812c,BC,15
f5b22f3de7a2632ce3b271a06397d427,Rod,6
f61fd46c0426b4d868823d89ddd701bf,Rod,6
f6218edc437181c483c0e5f744b1bcc4,Rod,6
f62b13d9bdab067c79b243664cb7a7ff,,14
f6647483f79789493d441057eebd6509,Rod,0
f6a299d256a6e58a6024c74fbab54576,Rod,4
f6aea65f0162a893b5c83cb604aa2519,,15
f6ffedad1a50b8722a84e62aa96e5ba2,Rod,0
f712b77bef7e60de69670abb50a84cdc,Rod,4
f75757b7b942a514d09e49138bfd7d43,Rod,0
f76513f783474c32b540c25c607286ab,Rod,6
f781e64c5bff021069c57806b3bee1c0,Rod,4
f78a1dc2b4658bf84c5143053c14edda,Rod,0
f798578c5291fe108c75a53391f82065,Rod,6
f806636b882aa6edc93dd49f9ceb496f,AC,16
f8097f2f38a92795cfdc6daae333c299,BC,8
f85e51b677788a372c47c99cd398209e,,6
f86232f1731bc7b7d93bff22c9f0d9f8,,8
f8836bd7c19ba4424ada12b43aaaf7ae,Rod,4
f898afced3f80608ebc883919e85d988,Rod,6
f8df016e1ab6463416fcf2605f84d9f8,Rod,0
f8e4de77e3b7f260068bfb20b0736643,Rod,4
f8e885bc210dfc56fe978b4f5194447e,Rod,0
f900e9a03d9aae985a08614a3e7ed75e,Rod,4
f93e43ed32fdab41a14ab2e2ae379198,Rod,0
f966c4b99f0071a70a95c97637d4fa94,Rod,6
f96b34a00324c39e9495dfce63c20118,,14
f97e0edca3f227759741418e2d5e8d36,Cone,10
f98da6ae9634742625fe6aec9f7c02ed,,21
f98efe63d8df05801c4730830193979e,BC,8
f9cb371cb11741244b849972dc8c80f0,Rod,6
f9d32197f36d5e94713b3d5bf59309e6,BC,15
f9e8d35dfd51e1f75687fd879916ce82,,6
f9f6c7ea4fc19e087792b4328a0c76ef,Rod,4
fa299bc4d82c75177ed9ae7a66bdc4ff,Rod,6
fa348a067b2b0a32daa69644c2095a97,Rod,4
fa3cde84dc7864fd744540bb398023a3,Rod,3
fa652340e02d31c7c8358223728f8591,Rod,3
fabd3b5b6c8cb8c7a724914716343d5c,Cone,10
fb15c2a320256506d85c1158a4444231,BC,8
fb4f665ad5c627dd220d407ed3f51a40,,14
fb6c64e4ab7592062a751877a8dc8906,,7
fb6e25c1bd70364dc06f9732b3358001,Rod,11
fb758d8858fd1589e889152247adc916,MG,13
fb7fbce3803b9f1f5f5e77d500eaabc4,,21
fba4ed0fa200c8e29d48921b35f0cee8,Rod,11
fbadacc81402471edad6dea0358ae6eb,,6
fbb79609d6d2065e2d32249f6d64ed10,Rod,6
fbc2ad78d9bbb3fc849110e067307648,Rod,0
fbde2972b88172ad1db229b51f580841,Rod,6
fc06bb5994f1ac46bcd364ed9f4bd58b,Rod,0
fc0bff9bcded2b511d31661fd40928f4,Rod,4
fc2cf60d714f69b304d79938dc5c6e7b,Rod,6
fc300d05dc3a9525e1e048653d5bc5db,Rod,6
fc3a6bd8c3e45899edf279aa1a23d5b6,BC,18
fc8629876e6544dfd2e1fa8d836ce0e4,Rod,4
fcaea1e16af843c8e03fdf69d35cf54f,Rod,6
fced4ac38dff306c6cc48354ce15d556,Rod,1
fd024dd5e68ead91eb1d41b1fed115a4,Rod,6
fd2a03f76ea619e052bc4b0e814479d2,Rod,6
fd6d0e3f2d90c8ffe7863de3b4e0bd2f,Rod,3
fd723ae19e906c38902624cf3cc99013,Rod,3
fd7afe34e5ae55ce7267d4e29d03f60e,,6
fd84d2cd016ac0eecf056996d29c30db,Rod,4
fde154cbcb50c1f387f0a1d2b9e10a53,Rod,6
fe1a71a2c1deac7a9cb7deb3242e3507,Rod,6
fe3024f42c4a82e5dcb5c31e3c930ecb,,2
fe324f69654a898c27a875a0174a1100,,6
fe5d128cf902eea5aae5149fbc63a061,Rod,6
fe6e08381b583066f5d573b142851a0e,Rod,6
fe706b737093684400985bb5b762a0aa,Rod,11
fe8a895b959d9a1c2e65fdae20b9c6ca,Cone,5
fee6b4a664004f1744dee819cd42d6bb,Rod,6
ff061148189bc1b14b088631ff9c60f1,Rod,6
ff19439d73374fb1cbb1ae8d1cfd4bb4,Rod,3
ff3d87d57070ee609a5c2c20b831b1fd,Rod,4
ff3ee885ef9b570f464ab053c50dd652,Rod,0
ff48e0d30e4928db0026054a36bf1478,BC,18
ff59c7d0ad0eaf440c093d7eedb1e3fd,Cone,10
ff5dea46ce3ec06e36da1c373707ddba,Rod,3
ff5fd65f5731191a806738bdec980f7a,Rod,0
ff6ae0411e692c4d4c3b895312f932c8,AC,16
ff7f39cfe8755f78fd47b976bd4f74b9,Rod,6
ff9780b7f861fac1ee6ffe26d5784108,Rod,6
ff9fd6a2edbfaeee55d78432c728887c,Rod,3
ffac895bd82d1460663eb07644cfe92d,Rod,4
ffb052fa195a73218b460696fa285a44,Rod,4
ffbb1a1381b740a93f047718d19ff124,Rod,0
ffbdd9295c6a644cbbc6e9811e0e7922,Rod,3
ffd17256fb68a6c89c11b24a5cabed3b,,4
ffe3a50f7e600224eed335c77c0aeaf7,Rod,0
ffedc3b5aa60ab7e6b63fb822492cd10,,20
000ecf4ead4ee32e6a74a49a44c3ff62,BC,8
0025b750b157e21556f87aa27277131b,Rod,6
002a0b00066639240e4288310fbfa44c,,5
00ad00aa18b47f1d5ac30628f538d48a,,3
00af4e77f7a327a5433d423ea75f250a,Rod,6
00cb8a75134594371155baafd0125f38,Rod,0
00d94249ffd5f7c8381299a8cd565eca,,0
00fee283c70e48462aff129e09e13b47,Rod,4
01067b865bc3eb64eead3ebc4a266bbc,Cone,10
0172aba5086ade1d02db0d0279717456,,1
01954b2c0dca0e1e7702bd106e6d882a,Rod,6
01c4a5c57d4a181d623162b2c8f9e68a,,6
01d264a3c3bd4f5326d2ab190518c371,,15
01dfcc08124270e9c5a09e9e4d919531,,14
01e5e26a6464814b0929a3a7c049a988,,14
01f54bab20c17984fe7ab2df290f8d66,BC,15
01fa967d2f155c5abcebbba835a9c49b,RGC,17
02116d8a1bb30c4f0bcd59449819fe0b,BC,8
02316325bf2b9dd9c956763c6979681e,Rod,0
0238ba2afd31bba894cbaa8569e5deca,BC,15
024dfb2a7f8e5fb588e0adea595b9e0b,Rod,0
0255b10f81ea4089dfa45ab7609338ba,Rod,4
025b3e863ce160acc599f441207748bb,Rod,6
02660cec91ccd2a84d2fa8474fed4fa3,Rod,4
026681c4e791a71adf12cb6d032ddb84,Rod,4
026fdc7a03f1722c8aea477e594ec068,Rod,3
028b99d560ef17e5ac6456cd14e1a5df,Rod,0
02df34d410a81d6160867ae02ed43172,Rod,4
02f38a0143885469f8eaee3444df2aad,Cone,10
02fa9c0cbc3e85d9b8844fb30c496237,Rod,6
02ffd50bbeace54012c1c8c313b5172e,AC,16
0314be2d56b69b8a121c7c41fb49db83,BC,6
031896eb795bd994dbf1b79db2e8fe4d,Rod,11
0353c1e6aed3e9b2389b3debdc373f60,Rod,0
0412a49a00d67fe216c996b1fb26ab78,Rod,6
041ea4c3c4827470154d5a70c323fc87,BC,15
042781edc27687d63b02f4d34ad5b98c,Rod,0
044bf52b53352859b4dea0c6d6250b52,Rod,6
045d84827e5808bfefd938eb2391d366,Rod,4
04af6600fe35909dcb54099385957ba4,Rod,4
04bd5c014dd57afc0282210ed15762b8,Rod,3
04dae7634af2b11c929cfdc753f7fe68,BC,15
050afdd61df2c37afdf34d16268e38e8,Rod,6
052223411ebf72fe20b9288bf43df30b,Rod,0
0522332b6f357d6cbb5ac23785c83bd0,BC,15
05520b14266613ff936132f376b75f49,Rod,4
055f3a31e8d6c70f00549a7edddfe52f,MG,13
056010279366734ae7fd80d55a93d770,BC,15
05699857c4196e29882d6bfbaf7a9aa5,Rod,0
05d99b97b96eed95e6c3c4a286ac64d3,,6
0607728f8dcd0f4c94b21e5cd64b13c7,Rod,6
0647d2ec4c3e628252c9162d03461c9f,Rod,6
0657a62d706b7f91d557258bb1c9465d,Rod,0
065855ab4d527079313024aee7f4e4ba,,6
0676b02c9dcbf0a60792e1fb4263f9f8,Rod,6
0686a40b782c5f2e61fe94ee6481568e,Rod,0
06a8f099bdb58c2bd61f0c4d40d6b372,Rod,6
06e2676ebae683a8474a644fbf37e9c8,MG,12
07140586440621cd35e625c6186c62f5,AC,16
0717c1e73ea6f9788bc13dba356937ac,Rod,6
071a039df5886d000335277b9a8a481b,,16
073727b3f63f00f971ed71e7e0e7370c,BC,9
0749cb2502037966bd44d010bce75cf6,BC,8
07559045f7e789f3e3f84c67b72834bf,Rod,4
0760285a2df3158e4a019fdb637d97d0,Rod,4
076fa9825915324614306bad646f2682,MG,1
0776aff20d0cdd20593a038b6797cd15,Rod,6
07d391df816636a356a4b629cd494242,BC,9
07f15c4f23af37283768b564d02c71de,Rod,0
07f4b84dba0b49b5cbe63abb616a36bc,BC,18
07f5f9513325c5d0fae8925e79ab48ee,Cone,10
0807c4378aaf3427b48f1f476cc0e308,Rod,0
0855fe20833798740d94cfe95951df13,Rod,4
08df03a2e7d8767909e3f06968d32c49,,16
08e2c2760c1ced14686cb5460cdfa57e,BC,9
091f87c2d35f118fb0ac89e4dac535d8,,20
092cc919a052e932a4573cbe25693d12,Rod,4
094cfb7b3e1048cf3be2f619c894bca8,MG,13
094d0a9ddc4a7b759b208e94471c8989,Rod,6
094e3326834ad6b88181e72e6e7da1c1,Rod,6
096d06639b6ae807f09aec8f3ed848fc,BC,15
097243565cbe6ae0cd036a5bb7dc62f7,BC,18
0989c438aef216c594af513d49292260,Rod,6
09964ba3da828a14a6b489a453470e4d,Rod,4
099e5a7a05e8ddbc9ade85c28e533d36,Rod,0
09b057fd57d6c0b79b644ff3e4c13037,Rod,6
09d1ce88f4451e054084ec9cbbf25f0a,,20
09ef7496a12a42b154d02cb4741b0273,,4
09f3163d5bbeed0abe8e1a4f50a3bf01,BC,8
09f74b5d81f43e6052bfb898095f3efa,Rod,10
0a04ac42fa85c869a518c975b68f2f11,Rod,4
0a29eecf9ca9517f474e0600b915ee9e,RGC,17
0a88853865d303c7eb67be6f5709bafb,Rod,0
0a9935cfee79e33199338fe0d8e3bee4,,1
0aa81fd8047a098b0f677184e65d0560,Rod,6
0aac63398928f81ba1c281f53c4a348d,Rod,6
0ab88e891a37b523203a797d8185fc76,AC,16
0b2e9928ec0816a3677d241586ec0390,Rod,3
0b31143c3963cd8408bcbe3c5e5d7448,Rod,6
0b4775dafd67016235160304de74bddf,Rod,4
0b4fd964a93189c92cccf9d7c2ec2f59,Rod,6
0b5bf715aafb7e405a2b1194c3cea8a0,Rod,4
0b99d188b1284be687c49470e04bee72,Rod,0
0baa940f23ab585852d8f6aa53bbf722,Rod,6
0bab5eef33fef9c191a3112f20eb467f,Rod,4
0bb4b987821ff62da3539d1ef126d17f,,1
0bbab186dfe8f62d36b041360ece18ee,Rod,6
0bd30fde9bcbf1021a147644732e5685,Rod,6
0bf74f2e3f534d0d18fa52f2af7509a3,Rod,6
0c01ae5d6b4373f531b1902b1367c376,,6
0c020e0be4d34df73d9ad4cfe5d7f943,,14
0c3f9e71358e94391e8c8017d822651e,Rod,3
0c4c380a742e915a76d8306cd9886d4d,Rod,3
0c6b3814935cb81c2e59a52bfb3307d4,Rod,6
0c70683206d14938c300843c9406342c,Rod,6
0cbc07217c1e14ef85f6cfda14102d5b,Rod,6
0cc0defa6d8fa7b19680a0e6c3f0dabe,,6
0cf8cae556b5838d3c94b344cb5b33a3,Rod,6
0cfa986b3f311ebe4106f787d7a8bf52,BC,15
0cfb8da778df6103e294027165a97cf1,Cone,10
0d4090cfa47ffcd9b0c7f7cdc2560918,,10
0d449ff398176c0b606957a49525ec74,,7
0d627e36b8bc61d708830fc76d873553,Rod,4
0d7bdb4942e2f23924e6037055a23267,Rod,6
0d8a76ceefc77e5ab9135f05c8580fe3,BC,18
0d9957836a9b5aa79990fd729d40313e,Rod,4
0dd9ae09f312549112bcd9c90983aaa4,Rod,5
0df791e500bde3ba03c46f38c7f07f92,Rod,3
0dfc1b9b8a7cdf19c44a81e58f6362e1,Cone,10
0e34f4449dd11d50ba90a037fa7b8222,Rod,0
0e5197d5c4144519e3cb80827ae9e30c,,1
0e805f763c6ed804ca51f3a2bdc7ebef,Rod,11
0e9244ed327c910dcc5ce6158a54754c,Micro,21
0e99b75c05047d690b9eb575356c05fc,Rod,6
0e9c1524429ad632cc187d6f0c0bde0e,,4
0ec60af658338b41fec071d601781d57,Rod,6
0ec8c699a925196c16d338be9377c106,BC,9
0ee57da705e7753d5a0058dbc37f101b,Rod,6
0ee5cdb08f064a7acd77a09008c642e5,MG,13
0ef20954dfadd279a50f3a86c4543881,Rod,3
0ef73e8911d71b8e1d8b34c6406dac37,Rod,6
0f3fd812128948002d18a77b46eb10bf,Rod,4
0f4b187bdc439601d7fdf803ffc5cb85,Rod,3
0f61c6fc14e36e0ef224f1eb16c161eb,BC,8
0f62bd183a42ecaa7841acbe245f205f,Rod,0
0fa2539d411c0203d1fbbfef982f1453,MG,14
0fb57811c1967d56c827b026a5362436,Rod,6
0fbca8a691741fecb7614e2fbd0e9080,BC,15
0fbf68cf25f1770938f4252b3e5a984b,Rod,6
0fdcea3946016cd09aafe3bde7662fb8,Rod,6
0fea236de7663d405c9f72da84d78687,,9
0ff30a610464b9424e52af203c8943b4,Rod,4
102037959457b5b52ade6998f79ad92c,BC,8
1059a361b73efe7f2578141ef1719240,Rod,6
10611c89229ff30222cd0d93569dda19,MG,13
1063600e79b5763e12430d0bbf381c59,Rod,6
107c0d4f1ebaa5ce010032e2f4711ec9,Rod,6
107f2dbd685c65a3fb2f15a22b1baca3,Rod,11
1084ca4f50e2f2948ee5939faeaa9b49,Rod,3
1093fbfbea1ec2962ed1d230b3024817,Rod,6
10bacd5c46c728ab37b3f6d63c61ca64,Rod,6
10fe41af2050c31c6db4675e9fa3b76f,Rod,4
110fefc5eb76827a4da407297d7103fd,Rod,3
1116e4c7cdb289c8f6161d2db9ffe6fd,,6
111889bd1e9cedec08eafa25ce781301,,14
11218f54a3342a39c16a4c21c49ca12d,,6
1128e4edc34587c57149c00ac4f17750,Rod,3
112cca30f63154db3748247cf4b37bb3,Rod,4
114e4d12a8d79ff43e821bf7a1c21efe,,2
115ff98a34a2bd7e3059987a38bd1109,Rod,6
11a15c0caebbc7fbb3e2cb450ac4b6d6,Rod,4
11c25571b83d2769b1111a93cf81fb9a,Rod,6
11c325ec3ea968368e7d236400739b01,Rod,0
11c8252bcc59a3c867e856665c56568a,Rod,6
11ca01cdcd2dec6038564ec7f42d6a7f,,4
11dc0dd28ecacb885e70c88e88717837,Rod,6
11e28641047f4ed7b19cef36e7db0906,,14
11f95dc96c5c037adb1d024d52d44f03,,1
12120b25f3f57f2352815c2658902bc6,Rod,6
1217d46ae19e2c266c92eae45f5f2e7d,Rod,0
12187d021db11156b1db26a4ef72c958,BC,15
121882aeda9598df98d8ac5a6e7acee8,,4
1238684897b1fc2056f40959953f4277,Rod,4
123fc5ca889df281e9c88eee5c91651f,,6
1253f8695d523965a66f0de0e320328b,,12
126913df89d17d7766b89f7432920b07,,20
127b2653ba1480571f8dcb6f318137e7,,2
12889829784c9ee8f84237db3beedce3,BC,15
12a5ce9239ccc36081ffddd7fa00a24c,Rod,0
12b12b4dc7297a24d60f9c5df3e32b98,Rod,4
12be27b855a4c003fc5e063d15fe006c,,2
12c97f6fbd99fa1bcb9759700b0dde9c,Rod,0
12cb40c836574206cd1cb1f25db0d120,Rod,6
12cbab58933c3393042bd44b0aab3962,Rod,6
130cad2103acb7e15588bb89a420cb19,Rod,6
1316449dd21e5dde7953a45dee9103bf,Rod,6
133ba885ebd8688490e92b9b1fa4500e,Rod,6
136b3ebd9fd28dfdbfacb7ca6c6dd3a1,Rod,0
13b8f90251e27cc546eece3ebdae944b,,8
13b9f5f78ced57c6a50ec05724ca8690,Rod,0
13c7d1550e276b8a36a1e794c376d7fa,Rod,6
13cbaab001712ac44550e2a9cb525b04,BC,15
13dafd1ecf65df1cc7e12dd63a511181,BC,15
13e9952e75986fec56c755c2894c5e9f,Rod,3
13fdb38fd8f1a294a5fa7bffdde82256,Rod,6
13ff3a64591d715fa29b795a4d668c0b,BC,15
140a46d3b6ed0f558b82fd22fbbc2f75,,4
14544cb5cebcf5196e2ae2d06e6de283,Rod,4
14594acf311ff140b38f49ee5e005c3f,,4
1477d72a2a3dea06c9b63c0e83139b3d,Rod,0
14a1e1d7bb65f3b3a29462fae4fb1a1e,Rod,4
14d4fdf17fe2be59b62d7407ed224b16,,6
14e05a27cf469daf2251e90a73828b32,Rod,6
151260ec60e54b43211bcd4f27954dbb,BC,15
151acc9e2a1292b5b36879de1ab8af1d,Rod,6
153870ca1bf5f14d6da4e8873d018632,Rod,4
155d3d7a12afb77070dcd946f6c1f78c,Rod,6
156e8af54518d6619c29b70d5bc34351,Rod,0
157fe7fdc9d4c1fc3d0806c660314063,Rod,6
1584c4750d1bb4f74e6092289b2e6174,Rod,4
159432e17e34c7c76715348024975200,Rod,6
15aa27e162e78c803f513b721349e3cd,Rod,2
15e8dde51b969e4bd7c1ec7ee6cdb9b3,Rod,4
15e96f0a54067e2acaa71be1900a2ccf,Rod,11
15fbe6b53f441310ab65e20e50f763d0,BC,15
15fc68c2b47e05b7806e88ebd5b37208,Rod,0
161e6be667dd867ae633a3e21c6ae26c,Rod,4
1620cdc4ffea1e1d636e44e321178693,BC,9
1621661e80889105f2a84bef573adef5,MG,2
162665270a9e2e420f11b9a806d027dc,BC,15
16281431a4e1d410593eace25c56bb5d,Rod,6
16432e991c8443dea43f2a4a1d02990d,,20
1654c1de6dc50852ad0f88560cb63512,Rod,0
165ecfea93e8db09e04e3832f282b7da,,6
16b4168525f7512ea180e205c4ee16b2,Rod,6
16f6ece36ec9df25681a77b3b00d27e9,Rod,4
170d0034d610e7266c1a399e57e5eb48,Rod,3
174f2ce8eb97ce377bccffd78beb09c1,Rod,0
175990b431d4f9ba58e6610d1525a9f3,BC,18
176db493316ebb9cc1d1589b28f3ba0d,BC,18
177a9e0ec0ee96d3efb29261e4801cc3,Rod,3
1780380bfe8df6ea265d4669c959adff,Rod,0
178cf6a8a5ead69951127eda93fbc0a3,,4
17a18285e841446b4495dd21c08c3312,MG,13
17c292af6de9147d9da41395e70682b7,Rod,6
17f412806f8a5b67a40f3c82728611f6,Rod,4
18118170a3c5774cfb39a2867876ad59,Rod,0
181dfc0aa221ef5b1de1c028d91cf855,Rod,6
1823eaf110f96abc2cc211bcffef0ddc,BC,9
18443d6723b0010f2e20473391d4f6e6,,6
1878faee1fa88ce4a2a30bcd546c6ea3,Rod,0
1886eabb98fdde4c8a7873659e9cd527,Rod,6
18a5098b9239a131965d4653c17bca55,,6
18ac2e76ea638088cb26894ad28a8600,BC,15
18ace46caf9de7d0d23c7403f83c3334,Rod,4
18ad13b017408d1e6aa0659f8c37a4d9,Rod,3
18b1949f5a7029c7267f1e78af87f941,Rod,6
18c40246c760427f32b4848b6df40364,Rod,4
18ccf97e9a01e56be9acb905a52b3f14,AC,16
19175c1c8f00f25865cc19792849543d,,1
1932b9f3a0d27d57d8157ba6bff5b8ff,Rod,4
19356d6caf43239937cf7f169b18587b,Rod,6
196602b8f495b20a14e400b327d77577,Rod,6
1973e398ae96d3a1084eec4f1e835775,Rod,3
19743700746f29a59f0ef760fd07dee3,,4
1975de8cf728142e7109453e7ff7e786,Rod,4
1a1f81f40ff5c9d8ef227142793f863b,Rod,6
1a23a990c5a190f2dd5b9a0e9d861cb4,Rod,6
1a442e2610aac02a98bab5acb1da74ce,Rod,4
1a4c6efbc6a7ad2beb5d07f1365cbd9a,Rod,0
1a6df4d038bcd578c55810f012068c00,BC,8
1a733e7298368689b4d04297f90ed870,Rod,3
1a75595d2fe7819afa858ef69d9501d3,,1
1a7e050bca848a964e1ae28cb76421f5,Rod,0
1a962c28c01046ef35981e79bbe11df1,BC,15
1a9bf3280bde08a2fd2a7b0d156e0614,Rod,4
1ad108dc32f909ff53aa48bbccdfb509,Rod,6
1ad42dbff52ec3bc0b748e08b1547b79,Rod,6
1ad88cb55887473e35d92d418294ae1e,Rod,3
1ae422695adfffb0b90138242e016541,,15
1b02ba38118c8a9af47e4a937cd14855,Rod,4
1b1e480a41d42c22f1b3e9dd501ff96b,BC,18
1b2c3a7dd8434f9341bfb401a2618d8d,Rod,6
1b61aafb6aef6b01fc93fff90bcdb22a,Rod,4
1b6558825dfa7fc33cda164b787d4dbf,,4
1b87adb1b2553a7720c6e31b27e4e08f,Rod,4
1bb7f4d09f35e3c7a264c493eb3e9ba8,Rod,4
1bead97c242060985ef2e3422688661e,Rod,4
1c0b184f36560508cbc7dfc7bcbaac92,Rod,6
1c5047bbf5c7833cc30920d145a4a775,,6
1c71439911f92c2314f0748f89d3bf3d,Rod,4
1c82ba0b7c58fafbfad3f0a82184fd92,Rod,0
1cbcd059b566ace23214aa7ab8223489,Rod,6
1cc5c582266dcfff0b2fff1c9447d81b,MG,13
1cd1721a2b7dcc1ab3696cf1ba78e348,Rod,2
1ce20ee2a6fe904377c84c06015340a0,,1
1cf53c0de0e7e02c310c4a45de12a9ac,BC,9
1d123d44c5cbc6fabcf8abc40f47ca0d,,6
1d1a12077cf4b2cbdb99379e94faa396,,2
1d1f1204bb7cb7d4bce4ad6588a13470,Rod,0
1d24d0bd4821837b82287f3694bd0ed1,BC,8
1d46fdd2915467e67818605ce9d6564f,Rod,4
1d91bf6d8ce8157c0cd2837aac740324,,20
1d92a5128a8e9757e092172cfa643802,Rod,6
1da518a88e43e84a84015b82b790a2fc,Micro,21
1dd60b000bdc2cb87f5869f51237a374,MG,13
1e1c6108181515962a8fedf05c83b138,Rod,6
1e25f62f604633767e500d2c5bd67f41,BC,2
1e96e4a4fdcb6ee6acefea37c28e5ced,Rod,4
1ea5e4af0628368df17994b46847cf52,Rod,3
1ebf75b43de3125b26399033d097f5ee,Rod,6
1ec6eaedd09a45fde22564bb7a136e1c,Rod,3
1ed3c546afe301382f58ce6d056078c8,Rod,4
1f4822963ba69aa6c4f9f2ba00915adf,Rod,3
1f4f1dc264abe8a3a7ef616d4e673f42,Rod,6
1f7cd5323ee59490d39422921bf5bca0,Rod,4
1fc773da4d4bbac15e19ca7db88b358b,BC,8
1fd97e4dd3c13cd578c3f0b258acb390,Rod,4
2003ac4a0dc78b38d9f6509f60c252fd,BC,8
2003ecf141532518b1654c83c8dc44e8,BC,18
200ee884f5f54cc51c1dccfe9419de76,BC,15
2026bbdae0a88560bf92a580eb077065,Rod,0
203073afcb6c444ce6dde6545b7c886b,AC,16
206d2f2a7494213176686bd41f6a72d2,Rod,6
20df196b44e71a153ed82aa7043f4f69,Rod,4
211adb90e567d826fa3c803a679a69c3,Rod,4
212cc032ce68acf85d2f985146cf7f74,Rod,3
213276fde8777a5ce92853fa5c39d0b0,Rod,4
21398177a3ed5e08051392a9d3ae565d,Rod,0
213dbfc061c5aa38f4e718716284401e,Rod,6
213de5fa19ee7d4c3ccfe21f45a4fe64,Rod,6
214b66fe160e00a16b77dbbb366d4818,Rod,6
21c5c0ccdadb4b7bf9e234cd65a2ae08,Rod,6
21e04f19f72eaf81ee9d30ff1b180f20,Rod,3
2201d652b587546478b151cfd5aa87a1,Rod,6
221048a208a3c61033d97b4eb2fedcca,Rod,6
221a290a79f064baaf20468f36899989,Rod,4
222271dbf06c0b8f78102f3484a0fb9e,Rod,6
2226df7ad5c01419ec7d82ba232d5547,Rod,6
2247cf2113fbc3d398f0ee2fa9b39925,Rod,4
226bff012910737bdeaaf25d7b08ce42,Rod,3
2281fe2345a6d1068c3fc4a07edcd2ab,,6
2282f3c0fecb8f69646d360d7c5dd13f,,4
2286285354d5bb62ed72fa08671dd911,,4
229b286152d2286b0c72f52b4979fd20,,16
22b83a77e6717acfe1381da02ac6a3ea,Rod,6
22bbc3b153a6b7afa6c2d23a23ce8fbb,BC,15
22da502747d5f0627a886215131dee69,Rod,6
22ea63bee6177c8ed251cd51ec594212,,14
22f65a87d6a0870b152819c6d22748ab,Rod,0
232c1aa20c593260f2b88085dc795b95,Rod,6
2349fb57b750b75b7f64d2110aec75d1,Cone,10
237d6dffa38bbae0b745cbc51a8b53d8,Rod,3
2389cbf3b2e316bd3cbdd1c8e548be04,Rod,0
23cae5814ab8588183b2409571bc3f05,Rod,0
23e03014c2a5c430fec463228097fb4f,,1
23ea576cb5bf39fcc8f041328401b520,Rod,6
241f854d9b79cb3d1706a8223d857105,Rod,0
243e7972e0f0aa53f8e328b1452f93a8,Rod,6
24725e019e855a523896a83ae3bdcb31,Rod,6
2474f27ad9160508c9459b173fcb3026,Rod,6
248339ba366e27435e07d0862c30cdc3,MG,13
2493a73c0da62c840d5687dfa78a3805,BC,9
24b0980c3c9bf94cb27fe99c803fee3f,Rod,4
24c709fe61df1b0ae82d2867b705fdb3,Rod,6
24d9508f170524e059148c23e5af2159,MG,13
25162a6f53f294f766bc97b8c0364476,Rod,0
2535d96942e87f55f383ad60360227c8,Rod,6
253a28cca625de59f4e49945a8fb4dcb,,6
2599b161f12e3aeb9107b118e773aae0,Rod,6
25aeb6f40c76d579fc648698247fa737,MG,1
25c795645fd63810a9f30022fc715f38,Rod,3
25ec68421887161d14c2a85bd3959b7b,Rod,3
25fb6b5c26d7a6aa6723066bdb5f9dba,Rod,0
25ffb9df10dbe7a623b9b532b76d781b,Rod,0
26040705946eb7abab018eafbf352d9e,Rod,3
2616133f6a2f56815bc733e42a75970c,Rod,0
26277dea57aad18def358bf097e4de90,BC,9
263b9e0eef278215fcc8c54f88dd9c34,Rod,3
2653a0a5449940f129e9cc91fecad2f8,Rod,6
265abe978b1164ce898da541313e4786,MG,13
26807075593b64c4b98503f1ed4d55f5,Rod,0
2698505701fcfa5d63f02bacd12c665e,,16
26a5e500d6cdbbabcefb0c42d1cd2972,Rod,6
26b8ac8e277a8941f2a0a360019b1ffc,,1
26bfbe7b9bcbe7c29fa0ff507450cc8d,Rod,5
26e55e791a5790df4be8637da598a5af,,16
26e640c69f959365419a3eef7b1e21b9,Rod,6
26f115be8daac5662f1b828fb74ada95,Rod,6
26f7294c7d26dec7c2f835845ee4a42c,,6
27c8fde55a1febc58483e432f4c9eb71,BC,9
27f0b0d7cefd8caa722db974cad6db0c,Rod,0
27f7fdd91682bab9a0e40680f457bc81,Rod,4
2809fb996d95cf1cfe887fcaaf77d0bc,Rod,4
2810a227c1881c4cccd5ea3e5202aacf,,16
281aee90db185dd5f41edd4e6f1139c3,Rod,6
281d7744fc978e54e30ec381ead6b493,Rod,3
2830797a2e6977d3f87271921d006fed,BC,9
2854914b1c0c9235997c55da85b70b11,MG,13
289dfa29a2f5d48e67a87121666e1b64,,14
28a2e6584374deb864f1d5f7d0330601,,7
28b6e18fc93b0bf78fdf49874161cfe7,Cone,5
28c82663009fe0151561b2638b453822,Rod,4
28e84ee93a797abed99f93e06055749f,Rod,4
28f597226a023a3dbd97eba79e92d5ea,BC,8
28fc7dbc0519b24a03cc456be4e31f66,Rod,0
290e892ff65e49a116885fd315d42591,Rod,3
291a92c4cb4946ec9783f3184b516e1d,,12
2933799b969cdc1c81e08b0d9f1437b3,Rod,4
2949de674e634f3842c83c36c79c619f,Rod,3
29600fd78217f3a8bd9ae566efdfaf8c,Rod,6
2972e1a503812ccad06db8444495cba9,,1
29775f5e3c65ec1ff855d423fd404a2e,Rod,3
2980f257a7510907ab7024b06d770963,,16
298323c7f2a6f7aed778480ac8db20a9,Rod,0
29c2abaac53b8c9e36ad3963b0e968fd,Rod,6
29c92a316dffbf249bdf69dc2f8655e3,,6
29e01dd58b2d04fd6121f0985cfb2189,Rod,0
29f68d2f32b6b4a62db17b732c14b3f5,Rod,3
2a2199a60223dc7f4abe3e0e610ff9f7,Rod,6
2a4fe2afd0c254ec29e3b02a9a82a1d0,Rod,6
2a5b7e500b559816403c287c6e41a542,Rod,3
2a6d88eaa8a3d8a7e31dfd4cb1274eca,Rod,0
2a7519f1eeda400d477108e1e4ba7786,BC,15
2a78b14e09f4658ee04e20e62a0896e2,,6
2a84cd1db4799d3427e1a51699a6be33,,14
2aa4cc2ff99fa2c59fabfed252740bba,BC,18
2ac8b7fc40a7c7797ff1fea2fbb501eb,Rod,0
2b0cea29a1fdec58f2941a8b47c1acb1,,1
2b715aa9b23b47f35e4c940092da4c50,Rod,3
2b7277f028b53a7ed171ff7c9b82d5a6,Rod,4
2b8fe9fc608bb3f5de8d1e0c196c9cd9,BC,8
2b986de7ac548553b9d4e05bbc565a70,Rod,3
2ba720094357c9f2b680ca16f8cb8d14,Rod,0
2bc8b3c7b598e7bd3576bc8c30d4b5f0,Rod,0
2bcda143fe861fe6c1207bbf71be00e1,Cone,10
2bda59a98f71d14d1936a4d207964d5b,Rod,0
2becb52e2cad4c21c6bc52bf14263d22,,2
2becfa55c44c16a7125348cf04deeb3f,BC,18
2bfd82311dda8bb003f0d35fc5d8fbe9,Rod,0
2c1ed0b369604128be3c09c31e13998b,,19
2c3a64f9c879a22a179bb06471625ec7,BC,9
2c45b8eeec7b3a79eaf37aaef3905e63,BC,18
2c4aa0174af61da151c618653205163b,,9
2c602882aa2fd77b498edee4dcb4dbad,Rod,6
2c6a400a67d2289a92da8297c156de98,MG,13
2c7b4fdb529865dd930fa42c5ad42582,Micro,21
2c911712b5cc46e6d461832ee92a8ab7,Rod,4
2c9765f78bb13b88b617bcbef5373e52,,6
2cb35d4a6738e26dffd9d2efd32e90c5,Rod,0
2cc03548a656b1dbcd62e56fe5ca9a4e,Rod,4
2cc4f251f857e2340e86740f6c5eaaef,BC,15
2cf5f3dbec3bc18c7388fd60c59ccafb,Rod,6
2d23c38a0a15899fcc1e3044a78d885e,,9
2d342ce415bfaee041cdea1c2021c9c4,Rod,3
2d58a333af4a625d0623ee8368f32a22,Rod,4
2d80492425ff38f59d42c48645325bac,Rod,3
2d8239a1041d0fd9799816d6739d8615,BC,15
2d8522790ce302e1d29235cdd8e19e63,Rod,6
2da201ee2224bd3990cbe661b1db7f16,Cone,5
2e1180f90c8d6feda2eb65e80368fa10,Rod,4
2e1b8b86c38f0e8bcdb11cc77e8852bf,Rod,6
2e20fc7a3fec9b9efa42aa776423e5aa,MG,13
2e292919f7f5fc10ac45cd8e87a6c545,Rod,3
2e5d20bccff737fb613a88f87d50d567,Rod,0
2e81b3d5a876cc4a4f4ad6bb6eb0316b,,6
2edc36464968d6643046702fecde9e23,,6
2ee21f5f18ef35ce1627d15462cb44f6,Rod,0
2f12512e1a8cfdce1e03cc3b9e8cbcad,Rod,0
2f2d16aa7fd00ea7aa3347adb8125b27,Rod,6
2f5130bd5858657676c868f6ce433aee,Rod,3
2f6fd308fd6110b213cf56caf303ff34,Rod,6
2f7a080a2e032911c35bafb078e7a919,Rod,0
2f7d8342bda35bc8addb68dd39c205c7,Rod,6
2f8498f3dbbc96c7b3ba061890371232,Rod,3
2f8dca2b06821d2808f270e4c9266664,BC,9
2ffce1ff2641be14a4c0dc63c2f610a4,Rod,4
303cbb389da7adda9ffd03a9b27d65f3,,3
306ec95102cf7e995732a360062fc160,AC,16
30d7be34d4eef442cd05e5af4aa8cb4d,Micro,21
30f87ef8a4f22fdc69f5938dc4dcccf8,Rod,4
30fc8ad6faab311f676dc1f2ff213adb,,6
310505aea0180a7478cfa4c26acd8f72,,4
3106f4977462aa59501926a91484da8a,Rod,4
3126cf5eb6d5f9f1f52d7c0fa25b7996,,8
3129cc55c764d66e07473cbea71769dc,Cone,10
3141d8f4dc4047e30e8f4a316214d63b,Rod,6
31515eb5430ffc13859855a4b1544ad9,Rod,6
3156031ec7bff8c9d026b6c0de4f59ff,AC,16
315f9104b48157aa357cea00cada15f6,Rod,0
3164ced8e029ee571ef62481d14f30ff,,6
317543fc0b57b693c8d3c0691347a384,BC,9
318348971543074aa26c6193e0cdf621,Rod,6
31b2c94362e5dec66f8198f0c6debe62,Rod,0
31c01ab5b6766c77298e2b5c725a5fdd,Cone,10
31c5dc0fd685d2b708b868eeef32eb98,Rod,0
31fc62812795203c343207e82a843e69,Cone,10
320ec9ca8065bb2648736b88e0bed7ca,,6
3216d6fe47cd57129c62bfbb3008db13,,6
3278865f6d87abf7451d046f7f2738d2,Rod,6
3288a388eb411bd8af850f1ece9fe27c,Rod,6
32a31a97626f7af6e84df12359c8e2a2,Rod,19
32bae5854896446f759cca8203232e23,Rod,6
331935d9b532ce0d1c995449e44bd393,Rod,6
331dbc6fb4ebc703062514849f3f3dda,BC,9
332cbe98c170337e93e2f08216314708,Rod,6
332f626544e6abd24b541b8022bfb06c,,3
3332c70588e883e2e4d1151be5db254a,BC,9
33415743f2887e935f563dd493fd16b2,Rod,11
3359bc1563f063f7ace89dc3c8eaa005,BC,15
33681c164d0802c676f32aa760003d75,,6
33a38024ffcce3bfefbeb7f24cbbc0e9,Rod,0
33abf5b0e997bbe769a4ff4b4dba8e21,MG,1
3412d72f9134d3db2f9dddfae9057092,,7
3424d0fb93e591aa381990e6a3d3b9fd,,6
3435c6829b52b33e337e4e6cc70c044d,Rod,6
343ce2cc62472028358f214acaf3f273,Rod,0
343fb0c9aec6c3e0fd2c341d6db89931,Rod,11
3452f4d94c7b7054d0fbffd2f652e41c,BC,18
346a9a967522017f7ee9567956e1c968,Rod,3
346f7fb2e43f41bbee74e819f2df1a00,,4
3480ad6773fd17a1685579952842cd94,Rod,3
3486dcc4a3c6fa2ecddb75258269ef21,,15
3489d8e7bf27a7aec013aa3b9f65f0f2,,3
34bd8516f99ba02229d5e9b944429afd,BC,15
34e3685fe14bf2186804c2ce64445c84,MG,13
350735342f7cc8f93ff8794f32e92676,Rod,0
353e0774024e67ca60cf1a2d1878ec2a,Rod,3
35504ffbcd50bb36aa0c177f8ae6806a,,20
35637686e90151cf42e41b1c11b0a556,Rod,0
35732a27f657ce54858dea493e920da3,Rod,4
357ffdcdb8c0a3eb1328e8346fbba547,BC,15
3585cc155550cda1c20c8b4cf08806d3,,6
358da09d85a0e2cf17c892e68056d30f,BC,8
3609358e987608bbf291b9be66aa1649,Rod,4
360a521f7b710ee51edeed8680d45642,Rod,4
36118fc9eb9e3c112c3e04ced3becdfa,BC,9
3620e81287c98a7016de73e975d8dae5,,4
36446c50295384dd36dcd191e088eec5,BC,18
3648b1ec09e6edb4c6475311d63ee031,Rod,0
3650e503396ce0d569f02884b54f536d,,14
36d8df962ac75076ad4a8f58aef55311,BC,9
3701b2909f5045a9a3391ba00da2b54e,Rod,3
3727ae78cb7c5c5d7de1d860172b1406,,0
3736368df915dcdb7725079b73566a01,Rod,6
378ee608064fa810ddea6e53bb43bcd2,Rod,6
37a192902257f60387a1ebcc5c1be8ba,Rod,6
37aa25c2074a18b2485e9a19ff16f0e7,BC,15
37d355bf480abbbd80c3c8b3a5144b12,BC,15
37f49425fb85e4fcf65eb1258cffc5a0,Rod,0
37fe5aa5aa77bfd9c3d9db2e789ff495,Rod,6
3802aaabda2f86b4acbd1b956bc5c773,Rod,6
38469b158dbba4cad0b74716bb768e77,,6
3854f4a81f40192f7bd05717712517bc,Rod,0
3862425fb612052b7483c34fef829185,,6
3877eed6d5c1e6562435116a0d1b2950,Rod,6
389c1e81df22964b1a54b2f51516eef4,Rod,11
38a6f9d8ae4f2856d9bace54050e2a7e,,14
38b45202210cf700672ce4d752d95030,Rod,3
38bf61b37c6792b4f4084b88e15fd72d,Rod,6
38ea94dd48529987b88afef2cf523815,Rod,4
38eebd7dbaa20b43eafaa50cf5109b64,Rod,0
38fb233917374bec3c37837cf02f5c38,AC,16
3908a3a94960e0f140a63a7c1c9f1850,Rod,4
394884153f84f20d01046755867b533f,Rod,0
395cf5b10cb090e7f72fef441f1f9607,,8
3969e93a2b3e87676cb76693f833c5aa,Rod,6
39aca0b19882e184b15c1138b40b7e1e,Rod,11
39b275878e726b4f576830abadf7e7b5,Rod,11
39bdd6a91c586b2e6b50565b5d61abcf,,6
39d3e561683004ce5f4480803a482032,BC,15
39ec3223f205ad919cccf43d3cb0214f,Rod,3
39ed770b60a74c68823d60968aa5d686,BC,15
39f1d8c9c578e763d20c9ed6995520dc,Rod,6
39fea184eb755b1f2cca8e6448b98985,,6
3a1194d74bc5f92fb381fb36ac859029,BC,15
3a2d5f0281731e74ac00ff4ce4693399,Rod,0
3a4f9bb510f6ed372e5ded9c34056fb0,Rod,4
3a607abdabd0f11cafedf1193702e17d,Rod,4
3a60e5b6fc1784dbd4b72611b9825a9d,Rod,3
3a84825e2d74c5a02a4897c685e1b4f6,,11
3ac6a9e5281cbd4bd90784fb7fe01ff4,Rod,3
3aec1d9331ed369210187535cfc689b6,Rod,4
3b0faa09ba5afba55c204aca5be2a5a2,BC,8
3b3d2a136b6c343474ee8fd95074bec5,BC,15
3bae6ce182bbf34eebb5a3309fa3877a,BC,15
3bce3d15f9b939b59e50d84a3ac1b760,BC,18
3c1730050401a5b8fe89d38667f252e7,,1
3c1835c45743d67e9b73fa27bce96715,BC,9
3c2eeb7da599378d2faf319a21816154,,2
3c3062cb65021ac8af5eccc900d95e39,BC,9
3c36bececf7150a7892e23255d5a7e05,Cone,7
3c570d155960552b88646a635d045cca,Rod,4
3c6208d73138866dded2d268a32cb2ed,Rod,4
3c69a2889bf528b31637229f4cd3a501,Rod,11
3c97b63d8cfe4277fa0cc3b9af47a510,MG,2
3cc629cf247a08cb99942901d09f71f3,BC,9
3cf4ebbd5c385bb2d188fdf71ecb69b1,Rod,3
3d0e149df672d6c88afb741ad3a6d798,,2
3d28d544019ff34a1d49c35c9aaf37ab,Rod,4
3d939e0e68f5b12c285820af005735e7,,4
3ddb6e195aa64ca95af37e008457919e,Rod,4
3ddd52eefee82248bd2e8f128f57c6a1,,13
3dfe19a243f4fb06128673ac446fbef7,Rod,6
3e5dab67ae0ee3ec3800f733e6704556,Rod,6
3e760a3f8a9f29215db108d4c90910df,Rod,0
3e8d6124b954a4f7ba3b7c1e6692c6ca,,3
3ea1631ebc397eac4977cbc10f9010a2,BC,9
3eac300a21b71e86cd380fb5087aa8ec,Rod,6
3ed1c0b6f8fd125ddafd0d7869d207a7,Rod,8
3eeedbf8b4b0d1d83ab93b0580c294c0,,3
3ef72b489abebafc0b659b78af2bf1b9,Rod,6
3f0659b901e49c146ae40393e2e9e55b,,6
3f0facd3775888c6db2348c5d5d061fb,,4
3f1119ddc9bfd57d2b28ee0f9d308fa0,Rod,3
3f3a95cf3453d56a7673682d4100267c,Rod,0
3f63aa1eaf2a43f54e98ce8661407cff,,6
3f8717083eefc7e84a4242e4246b7705,Rod,6
3faa12d00c41166ffe986b618bb95a79,Rod,6
3fcde382e6076f1f444e10bcc67325f7,Rod,0
3fde5d25120e15a4a81ddcc2f9523dbe,Rod,4
404a685313bd3809f156fc6572fedb7b,,4
408982c1d585901b25700a95097da1e5,Rod,6
40bda1da5df8e21b96364190c58d6a31,Rod,6
40ce9e2e3431d685adce320707dcca57,MG,1
40f034254038eeaf9c8ad26d5d9b44d2,BC,15
410b5dd18f9ed2d18e2956120e870411,Rod,6
411bc7937c5a888ba0aa345aaebc50cf,Rod,6
413712b226bdb5df645a3c3befa0238a,Cone,10
414ebc1242b2cd61f036c1df98d26e85,,2
414f62ec4a3de5657cbc3412780f7815,Rod,11
415c8d7cfa131695898c33519a6ccb6d,Rod,6
415e571e705d62e04b1dc0dc353a2ea3,Rod,6
415f47f1b1e808f7e89419c02044da26,Rod,6
416d4030578582163431715bf8a4d3fc,,6
416f923b571942f4759e9b5d281972b6,Rod,3
4179f970762a3f5e6c5bb6f930782aa0,Rod,4
41852720af95a4d49a5f70a1344eaf68,Rod,4
41ba4d4da5d6f0b032a6b222b8ef4672,Rod,6
41bebea9c3d824365ed695569860cd3e,Rod,6
41c4062bb583fecf2981bcff762d1083,MG,13
42095958c7f30013857256c237f1b2cb,Rod,11
423013f86c3aba3d0f452d5cf4924079,Rod,6
4242d367d93c9e62519daba6c942357c,,2
425fa1ec96770254a02ca65a7822f851,BC,8
427e247b1b8d4a599fc63b880f64bd0e,Rod,4
42862bb0bcc5c8f2bafb107de03e523a,BC,18
42b6bb1ed66b8edc42c30501076409de,Rod,11
42ca4f811032f8385e4c9ac31da3dc3f,,20
431a001c64785494bcb507e16e21875b,Rod,3
433415a41b18e9d06d6be902875d21c3,Rod,6
43453601e3b6daafb173b30bc097350b,Rod,4
4350290053586b0bde348bd6c57ebd33,Rod,0
43606041d91e519bc91bb38662771f3a,Rod,0
436a9445d9a9969ccdbbb9af8d9056ec,Rod,6
437b26e9d6679b83077eb49b88166b40,Rod,6
43bcb464187ab8f5f3a74a5036093d07,Rod,4
43d41475785957baddf7ecd3157d4eff,Rod,0
44104d02d5aab4e3c79ec4b99f34b7ac,MG,13
441f79485fe10aca20203482117af3a5,Rod,0
44288acc089f13b3a9b9a59462f70ca8,Micro,21
442b60d33c24e5eaa9f09ccd69d31072,Rod,0
444d0fee74e25e3d4bd948a5d019e823,Rod,4
445895e6915985e0d4ce193d4281b4f4,Cone,10
44601f5d5c7c99ca8cedaa6ca314e710,Rod,6
446e51d359a7047e00a09ac0e0302572,,1
44d1ab4b254390f7d3979d205a6f3ab7,Rod,6
44eb3fb6d2a66d5d9b12ffad7f10e5e6,,6
44f786a6fb1c46b8a9ac576c17965ba8,Rod,6
44fe4d59d1aec211a10d7ea88bcc2fba,BC,15
45158f83197d882385c785d07342a106,MG,13
4556aa2ddc6edad4619911b3aed00d2a,Rod,3
456374a067b107289b964841b676942e,Rod,4
456fd40d66a682a65bcd29f969eb4d0c,,6
459f848a1f7dd4f55241439e608c2a34,Rod,3
45a673d2e9cdbac150dbb32aae041d7f,,1
45b5e27ac3cc82db7deef2235e33cf89,Rod,4
45bbb56bc8a1c7344dae5bf007746e63,BC,15
45bf4357df8850a433ec6a99c1b4e47b,BC,15
45c554c3d4da57513d0f3a8960cd4906,Rod,6
45c5a7ce3ad9a066a396544aeb43b92f,,14
45d001a01e4b0285cf1255906cce3cf1,Rod,6
45de5300f1733398bd6f2f69c1ea46d8,BC,9
45ef14802f56578ffbc5ddea479ec857,Rod,0
46193246773cfd6734c667c18fbf06b3,,4
461b9aa87477b9bfa47aa40b0c7d8234,BC,18
461f1a1cc10f8a396da84c9d3edfb54c,Rod,6
4625f8edb601d42d39d1198fe034547e,Rod,3
464cb39ead923034d83e573a288c232e,BC,18
46733a99415a0f844e4a8fa261f27772,Rod,4
46aac3b04449b6bccddd16660b124bb4,Rod,11
46b5f996e05387046d12a7cf1bb2ca11,Rod,6
46b8c20af12876deafd99007f39b4750,,4
46f2646307e7a15831ce4322e39c9d2a,,6
47366ef3e4b6851a1a2480297b952f78,Rod,4
47565133e2202341ea8aef4ec7852cef,Rod,4
47879ff914c9f2e7d55d27f995a2d2ff,MG,13
47af93f3990ac69831934aff28e10f5b,BC,15
47d766535d385cf13ecb07f69bfd5035,Rod,11
4816b3efb5dafcb8fb6c2f8fea3c8993,Rod,0
483f1adf52cf4201bb1aeba73030609b,Rod,11
48618fba594628d67cbf2533f2d39805,Rod,0
487b929fe21459b1d1a169241a4230fb,Rod,3
488a976b5fdefb8c5e68651b6af90284,Rod,6
4897ec5714d9ea2a5015af7a6a45567a,Rod,6
489973ad8afabd68b9779e70d449425a,,1
48b3ba0ea55ecff3cd2fdf609fdc6b8b,AC,16
48ceed3e94d253c39ac33610202977cb,,14
48d71440fc465d339818f560e2b5db1b,Rod,0
48ec07bca199451951ce3da36450c7e0,Rod,6
49013580b6bc3d9482f2325c1fb73585,Rod,6
490b1c5e440bea411c79751f9a7e37ae,Rod,3
49144747260ce0dceba9f90254238371,BC,8
491b280912b3eea7c4ce8765d0e2f759,Rod,6
4950daf638fc3cda33751a8d7d0beb59,RGC,17
4988f21a0eabe948537e5bd0e2225106,Rod,4
498d55ab8e151778a887072c56dd36dd,,16
49c2903d6c602ed8f854a4b6f83a2a67,Rod,3
49ca638e04d4b617c84154e33bcf827e,,3
49dfaf1072dc13a7073af6de7cef0a9b,Rod,6
49f3dd36673bf868e09270679e85c4b7,,1
4a1d803aec915a5fb287ec24da58f505,Rod,6
4a1fc1e5ce1df828174500fa059aa770,Rod,6
4a4f343d40f160bbeddc8817f101d300,Rod,0
4a7ed5c4500c4b40fbe311877e1c1922,Rod,4
4a8ecb8628fa63d9e53c623fbfca6041,Rod,6
4a952a66de2bd734a7b3e27769dfb067,Rod,6
4aca8b126c11ba431f0516da7c191e83,Rod,6
4ae693ea4ac46b4398689fff4bba3b82,Rod,0
4b1e2c02a510b9596493206e8a7a7a5f,Rod,4
4b5bdbaeede0acb840709cff5f677b6a,BC,9
4b7bd4c0a3739717b4e4ea7bc2b90e7a,Rod,6
4b7e3f50104fa1ab79ffaff4d662df3a,BC,8
4b8129819e4111ba365a5bba66be60d5,Rod,0
4b9ba3021cf481c544d9178c4c6daf16,BC,15
4bbbbdc8eb5027e8923be875fab57470,Rod,3
4bedef9b7d974a33984634ab3cc82ee7,,6
4bfca9109690d5fef14c0e208b76adde,Rod,4
4c81af6d9ec7624c91fa369ba7d6c5ce,Rod,6
4c97478d0cbf7119581fc06af2a96967,Rod,6
4cf6d140d5c431917c6f550a6ff04eb2,Rod,6
4d098b4ac5abb4b83b5a64d481b28fde,Rod,6
4d478ab810463799b1d718024b028fea,Rod,4
4d631be5d0c55e7eb1e8f677f0891022,Rod,4
4d88cedb11b7edcc2a4debd275e6058f,BC,9
4d89215331fc6177e7ebec8778299e19,Rod,0
4d8ab570c9dab2785c8df4ff70701b3c,Rod,0
4df6ef41f038654781e14a40b2e3fee7,BC,15
4e1c26685053cac2a03c7c473fba310d,,3
4e27dd7e67764d3cc6dd930d8b7e0083,BC,18
4e6a80a27867d0c1fd82f447180c6421,,1
4e7e957d155774952538574ab8b2a21a,RGC,17
4e9868697e42b24bb14e5e6184265f81,Rod,6
4e98f8dab823e2bd14abf5e7839c24a9,,1
4e9cfc3a5195d3102abcfe126bd8741b,Rod,3
4eaeb6d9094d3fdcbc20735044ed73db,Rod,6
4eb2d54f9c8d8435dc537b9ed1ba6c5f,Rod,6
4ed8b27949e37d11808caba196ef0fff,Rod,0
4ee33acd5735d293e666e114b3e5cbdf,MG,13
4ee562d28e5270707499bb037fae5ba5,Rod,6
4f04c4431cc5a9c56c597212ac81ce7c,Rod,6
4f28093696fa06a64e786a874d80ccbc,Rod,1
4f351a0669aab64c280bc9c5045d3b50,,7
4f820fe6d82ea54a2f6b955bb4373475,,10
4f86abcb9b8e82032206de34cde0efaf,Rod,4
4f872906afdcaca4c4a146d5b394ea14,Rod,4
4fa74bd3944e21b634d81b74d4a1ebec,Rod,3
4fb67cae0620079a98719188ac90a854,,20
4fc1d012b1bf45d90aadcf17fede5c05,Rod,3
4fc4427d0e5c480785013a54bb76821c,,14
4fcaa52cd3d63f5d7c057700173bfcbe,BC,8
4fe1d45abaa2706106587676782e4135,BC,9
500791680099feec4e02800c2d6ea724,Cone,11
5020e48b43593d91cd2b1030f6571f80,Rod,0
503503b4fb87388ed86b791876b7a571,,20
5088b18828b5105b5c6c584d1a18ea35,Rod,3
508e4647b3c3f00a5b6142e6f55af59a,,1
50965436ef1a958b7791cca6cb929a8d,Rod,4
50a808b69fc830bc4cd12358bfbd3a74,,10
50e09e6420c1369cc98efda65929fa90,Rod,6
50f7bd58b7d554921e5316c6978b309c,BC,18
510a6dc65e0ed7d5ae64778ffa576caa,,14
5127579872ec267975e72c83e12b1412,Rod,0
512b5912ee5e3fd55391d211b74a63ab,BC,15
512b963d5864856cec66f92ec0d6f1e0,Rod,6
5143ef223d573f802c5ae3d66c77f836,Rod,6
515a84175bd7a8ea3bbdca1d6d2d79dc,,6
516a970a82ed3c0c746904b7966a3eba,Rod,6
519c352b19b1011903fe99b77f94532d,,4
519eb54d29850cc5a7695fd97f5cf895,Rod,6
51c04dcec1e83e8f05e98259b1ce90b1,Rod,0
51cb50ad4b07bde5d12f6f6ab197c038,,19
51ea69300a2a983f8d436a4fa709d808,BC,15
5215f7f16c3d0f7302808e43221e47f3,Cone,10
5217b28397e35fd7bee4410e93c22fa4,BC,8
5220a833a35b85d07f7bc963f0662b69,Rod,0
52375a0bee9aaa46244b73a74018a64b,,15
5240b83ef4743117602cc9d3e1469a58,Rod,4
5267d344f1248b9f4d876169e67ead7d,,6
527d2faa21baf3145959fb5e4cb1d0cb,Rod,0
52a22d3e95804a262695320b987d1ef4,Rod,6
52a70fcd1782872a5f95c11f59b5acf5,,10
52f3b32d002867738ee49147506580cf,BC,8
530d7f3133e8fc5b27ff59442fb4242a,Rod,3
5327a7e4edee0167090bcf4b0f71fe26,Rod,6
532ffd1e7bbd56d80df5b9a3156b02a2,Rod,4
5363dc461116fa7537817daab4e4bb40,MG,13
536acbc93e86031a7a482e2f5ba01cb7,Rod,6
536be163cc3bb92b9ca42a3b3c9f60cc,BC,15
53924620104dbce5431788da9fd9e03a,Rod,4
539b6a31183af03803f34f0e9434c099,Cone,10
539f580c9f5313225208416954945827,Rod,6
53a60e8eb4188cc4b1ff0f9d6a50644a,Rod,4
53a9b6283191dd768426d1a64584a9dd,,6
53c1bea79a49f5874846c0333aeae3fc,,6
53c3dd4b9ba27b4065c4562d373bace1,,20
53c549742958f5365cc18ff4d7ec08e7,Rod,4
53cc01a807411402f05408fa7c625838,Rod,3
53d8e99ba3955a7994e4d48bdfa11a97,Rod,4
53db9c00799a242faff6b31a69579126,,1
53dc477c3231392bb25668e442d16ad7,,14
53fae65df54da43837e27817cf3b63ba,BC,9
54090b2c6acfc252807cca2b723e58f5,Rod,0
540d4c0ab4937db63811b130d9a1c757,,4
541358af7cf36a2db699db9ddbaf49ca,Rod,3
542220ee479c9cd7493eb91612d54e90,Rod,4
542567a2bd9d90e0798ad6ea3e1a235c,Cone,10
5426e9b89e330a96ed43fbf9c3ac78a1,BC,18
543e37ecb60e4e5c22eed5c35ecb2e22,Rod,4
544e1299a20fbfcecc3d948816b278cf,Rod,6
545eca1c9a1f008bb0b37ce04d052b27,BC,8
54c2d755a9e60d9252e51dd6815c2681,Rod,6
55197a3e336176194d1e7f9a2ee557ac,Rod,6
552cd22cdf53f3163f59fcb09172ad7a,Rod,0
552f98d4921401bd1a1be02988cef010,Rod,0
5540c082624dd728a14745868163ac82,Rod,6
55907d05ca7f8696cd092b96ccd5f597,Rod,6
559b5175ca9b0f8e74c2915340d4e200,Rod,0
55b1cc4343f3f82be2f846c44c997757,Rod,0
55bbeabacceed3ec5d37bd1dcf942194,Rod,0
55cae9c765f2c2c7465970edcc9c8880,MG,1
55d9c805362b524f6b0be9412966b155,,6
55eba262d2abd15ecaccb0762e1a28a3,,20
5617e5c94a33c38095e91be08fb7b1a3,Rod,3
561bf1a967b7a838162270d59aecdcdf,Rod,0
564a839d8aad467346eb7735d3174749,Rod,0
5663e276d0480de864de1e6e26e0ad05,Rod,6
568030273bf6bb80a232dd84fa72779e,Rod,4
568d231640ae600d1181db3ff41088ac,Rod,4
569355217c5c3b6ee85c62e9b0787bea,Rod,4
56b59687f51cc35cdc80540e3283c7eb,Rod,6
56bff9823676c8c3adeccd4a8934bfa2,Cone,8
56c94b8a810313b249509a266c693860,Rod,0
56f11d3b3a686dbb7755bb5bd20ce441,Rod,4
56ff5d43395a839bda4d879f47f7f7fe,Rod,4
5726dbae7b4803e82d7122acc5eed9bc,Rod,3
5737f264b0bfc2968389be52c1cd5409,Rod,6
575de8febc7570cd62000f8d68d69fe9,Rod,6
578becfa4829a5bf88dab212b0232a19,BC,8
578fce37e2dce6cea4b34ec7130dc67d,Rod,3
57abfc8d04963d3ba03ca8e3a609ae3f,Rod,6
57db179bc6f284f81c1f0338e1c55d84,,2
57f343b0b54c53bcbc6a2b64422e26c4,Rod,4
5819cb7ab756de086c6e426e17fe3dd5,,6
585c6ac9a7e78ea7d9f7075df956337f,,2
58843d3028237a72b4e86340e8a1e439,Rod,3
58883b0b4bb1ae0ff16764e4798664ca,Rod,0
58ca093751c031e9916a924c2d0e988e,BC,8
58f807f97efc2152e615496115879eec,Rod,0
58f9b612d85313ac6f90ff4e3e316aa9,Rod,3
590177aa012040e95334ff10f87c3019,Rod,0
59191f7432f180de5d1b309a56f0071e,,14
5940d355b8c191a9c2118c0b61d4f8ad,Rod,6
5950a17463ac0997a8353018720c972f,Rod,6
59597f13547ac04f7c4da801bf1ec6dd,,1
5984c2779d8407d8e75944cdf4af627f,Rod,3
59b392eb86d92a6e4e68e447a7fc50f1,,14
59b394d71ef97535088e76cc541ce2ab,,14
59c9343eecd6f96bcdc4f308ec77ffc9,Rod,0
59ca61fc58405d9fa8f39bcbd15c6311,Rod,6
59db000a43bed19c34e183b8f4b7af7c,Rod,3
59efe6156befb6198bf5982e09240d7f,Cone,10
59f3587252a71e914f652f02e83e4d26,Rod,0
5a2118df2c1707a84f83f3c3755fdabe,BC,15
5a421d329cf5db2d934a788f0a7920eb,Rod,3
5a69b2531a5903562183e429f4380b44,Rod,1
5a88be026c537971a200f6587cec7a75,Rod,4
5a9630a7ed8e6e3ef7f40a18df9cd360,Rod,6
5aa11df842306b0cbcba111205cc4557,Rod,3
5aac298cb3e2ce957f59a4ac0a081877,,14
5ac09cd0445d1b5a17a0d50d26625e95,Rod,6
5ad7fa808fa3ff49fb94073cdae4de81,Rod,6
5adf13304923d02ba060171240db50f5,BC,15
5aea617117e6548f6d6d0285a3812020,,4
5aea9f21de2a8b21cf84470fcfc4932a,Rod,4
5afa1d0957b7308bb4b258b956101681,Rod,6
5afedcb2472f81d60574c9d89b57abe3,Micro,21
5b073b9746a3dce2963055118634bcf5,BC,18
5b0bc8ddec8861bbe9cedd181dccd31f,Rod,6
5b5e0260f3b6c2be59deb7f8f41255ce,,14
5b90d7f32f2a3daa7bef12af12b70a86,Rod,0
5bb014b51621c84e1d193e474aea2fa1,Rod,4
5bc751234b4618cf3f3a3167e8af9fb1,Rod,6
5bf034d1a70176ce7cca5b80a7743d5f,Cone,3
5bf4124326430ee0720ab6f89f046a73,,3
5bfe8f5d544405dfdeddf4dc54f9ef16,Rod,11
5c0528d6af4a20734794e5475a4c381c,BC,8
5c1bff32994c04900038304c79d28cea,MG,13
5c1f0fca0525dadb416019543ea81e9c,Rod,0
5c237339bec3a181596f5d68902816b9,Rod,6
5c307201ecbd95d6f6fd3aed8323c161,Rod,6
5c3cde0889da3cf886196901898001e2,BC,8
5c569ef3e9c15c3f8cef6fc0cacb4736,Micro,21
5cad73309029f0450ad5d4abeb099456,AC,16
5cc41ce6d79556fe2829b2d6dc9b5914,Rod,6
5d1f4b3909f8db1c6ea91ba6c303d7e1,Rod,3
5d82292b3ee9649733594dd8b2ca6fc2,Rod,3
5d9516266915cd4162d6852f41010dca,Rod,11
5d9ee22a1415d9007d78322e2a18a1ac,BC,9
5db2aff271b56d26e5ce2624e175f2c4,Rod,0
5ddaca8082f0211438ff15a8f8df7646,,6
5de18085b5f66babe8e9d042d45ff3b5,,3
5de5ce378f641fbb114c3939c308e696,Rod,3
5e08a629014e54a2104221790041c36f,MG,13
5e0d078dddc9f3d46dc7a6e8ad8ff593,Micro,21
5e15928454d09bc56e306cc77e194922,Rod,6
5e331c6894ba87f41af6cabd9d066b30,Rod,0
5e3320afeb95bff23e31edd63a00ae7f,BC,15
5e6554c93b12bbd7a6fe972f11c3ebe6,Rod,0
5ea1c6b099bfe4a22108c4052b378cfd,BC,8
5ea4bfe05ecda40639b2e8f8a2626e80,Rod,3
5ea89007998d27eeebd03b0f46c148d3,BC,8
5ec34fbb61e8e45de67b0829e19ad7f2,Rod,4
5ecfc35cb4ce560ff39187a1e357bd0e,Rod,0
5eec30f7d01c4753d97aae569d2109f7,Rod,6
5f58bbd0e97b2ea7993c325446d48549,Rod,11
5f5ff59cf9848221c747199245802677,,4
5f6b5852bb546d876c76e873a00ecbed,Rod,3
5f757ac27b78c8d4840744fe17a09925,Rod,0
5f9df9fb7dc99e36208381cb2d0e82e5,Rod,4
5fb7fb52f946126c1dc25a1ed808cbff,Rod,0
5fc5292115acde8d6176f8a3c455069f,Rod,6
5fce03736d95f486dd7d72010f759151,Rod,0
5fcfbbf4561ff4a88e23d8d2d2d32de5,Micro,21
5ff70f04141cfefe6629d76f81b569fe,BC,18
6038b36192cc68b3fcfe5e442957dc8d,Rod,6
6038c6b37308e6e51f9e68675efbf368,Rod,6
6043f155b62d1ea9ad2ab1015058797a,Rod,11
6088037ab36113a4cd5478f8b6369e7a,,1
608faddf2231cd2ed9e3ffe516218245,Rod,6
60967fdbee4f80421121894505ac9612,,4
609e5a599354a0edf463e9a07efffb9d,Rod,6
60b9b7276d684ebe1c1998dcf808e152,Rod,6
60bff858bc452b837310f0e9b60a929d,Rod,3
60cec071a015272b25a70c6cd4152323,Rod,6
61091c699188c5f492eb079763dac2a2,Rod,3
613bd7abddf3bdda4b072ca810ae9a12,,5
6171a4edb9007432d7b2143164751269,BC,15
617595c71ef8e9bc7ad881757afadede,Rod,6
618418208845a971cb286a2d290cb18a,Rod,3
61da9bdd4351cc852bdb407a3f9eca7a,Rod,0
620470d65b0757b4496efecd90fd257e,Rod,6
621d8f5517a49c1f3579449144286ebd,Rod,11
623ffc9659d9e551d20f59e23f3a1d3e,Rod,3
627e131dafb04c1f2731b1cd60658c97,Rod,6
62870136238c443e30dd21b9a8c16ccc,Rod,6
62c0b11fe75c9d07326c724cef3c21dd,Rod,6
6334cbf87e8ee160d86ff528f8081466,Rod,0
6335f002dde7abafab0d470f482816ce,Rod,6
635676d2bb28c2511a326d33ed5b6645,Rod,0
636ee72a952975998704ba9fc709813e,,1
637edd877dfe5602c4f63ba0995cc5bf,Rod,4
638ce1f682ed0faa09d18fa7c581a241,Rod,0
63afdc5dfa7c3e68c7ecdee948e1360b,,6
63e9932ee1ac6b2c257cce26d3ca6c2e,Rod,4
63f5457b14ee4c9decf290d9b6563181,Rod,6
63ff6c3c04b1c788044cf84e0df148d8,,2
642c02f687ac152bc47ec42159fee49f,Rod,6
6438739cdff756d55957d9c4759f16c4,Rod,4
643fb269785c956fc89ed2baf8a05630,Rod,11
647038b46a82575fbc950fd2df86458f,,4
64a7edeebf45355c96961077f0947063,Rod,0
64a855e8441b194c1050e281d6a3d09c,Rod,11
64dfe4c21a040422e208748471de7e1c,Rod,6
64e33b62d67d02614534567f6ba87240,Rod,11
64f71a1d2f8509cdb9cb674e37b757bb,Rod,3
64fda552641743788ee99bd5e21b1947,Rod,4
6555b1c2d90273a2f8049e70e310b392,Rod,6
65b3295c263e2791e8fe0e1111d89a8e,Rod,4
65b3fee06fa5e24b7dd50472112641e6,Rod,6
65ed81b10670eda9a906a566c9286c7e,Rod,0
65f354db4c88e775ea0297e549872b37,BC,15
65fe04124d0eef57645800c2a4184af2,MG,13
6612fa6d43ce2c90346a35f5b643d165,,16
66253618e0903d67c5bf7981acec784c,Rod,6
6628ee28e979e886490299f217fc2725,Rod,0
6645eb025adde361f9dbf360231f525e,AC,16
664b5e781e709d088d552675bd397383,MG,13
66735a810420b3e84af93f66b66b524b,BC,18
6695a252bb596943f4369899e8bea878,Rod,6
66e2af97b585a8eba3afc8fec96366c2,Rod,0
670a6215cf7bfad9c3195d10cd205070,Rod,0
6711d46603d1546aad52a7aa4e9b890a,Cone,10
6716ac4931861699c2094bd600d26b7f,BC,15
672e50d492f681da7926cd19e594ca92,Rod,6
673ac9bf4945b9338d41ca720a80b87b,Rod,6
675737495dbe16967a57a164c5524371,Rod,4
676831907ed969598b13a2fa7a3f68f2,Rod,0
677b4cc9aee41c43764b81ae69b282ec,Rod,0
67a410dd7d5ac92057538c12d8b42baa,Rod,0
67cdaf9226202c4c6047b0b280df2d65,Rod,4
67cdddbd483ae43e24dbc4fe85ce22fc,Rod,11
6821564e078c736ebd012421b6c8d7c9,Rod,0
683864e236b88e1d14e0c30a298f33fd,Rod,11
683c6cf8aca981321451b103d8b51c57,BC,15
683e6d645c803bede01c10f1543a3fa3,Rod,3
68a4b9260829e4af0e4266fdc107e937,BC,8
68b0dd8b2663b16f37e5ca68fd1013ed,Rod,6
68ce0163a039d5bade4d42a5a3437441,MG,13
68d6790ca55d38aa55c1b8b274879ce3,MG,13
68eb1c1448ecb89517ea26f36a9749d0,Rod,4
68f1f15ab603c7a027e2a1aa6057000b,,1
690116d754a2bfbbdfeeb961555ba68e,Rod,4
69065a8d780ef83e77e15f0cf45ddcb8,,10
690d17e14173dfd80c7eb52bd34872bc,,14
695962db9c2f054b100137543253891d,,3
69907e5b0e6fdcc6cf5c9e0d18e3cb9a,Rod,4
69a68145416b51bebc2cfbdffd232cb7,Rod,0
69b66bb994cfee00146e0e14341bbde2,,6
69b692ee8f833dc37c9fa308436f097e,Rod,6
69ed053b98b91538739794316181404d,,6
6a1d50d61a398f385ffd2f4ac079360b,,10
6a324778d7c81bf16d7332045fdb6924,,1
6a4585fd41dec3038ae03b473c525784,,6
6a8bfc20946fb22e1855ba140f6c09fa,Rod,11
6a9c18b684392d918bd065a43846bda3,Rod,6
6a9f41456e11145231479db275f77c19,Rod,0
6aba7de8e1256d0255eb3a02916ba1d6,Rod,6
6abc6d3174df086b4525b6859988be65,,16
6ac493a5b27eeac48e5e7c292e4ae6c1,,14
6ac8f33e3a98bb6cf0f36bd96640ceca,Cone,10
6acd0c82fd7765079888f9301f9cf691,,4
6ad8f13a5cd0ea2c61d1d1072688da52,,6
6af810ac22ab4f760f826785429619b9,Rod,11
6afb9af3eaad16b79704defdddda8298,Rod,0
6b05e4bced696f8af2877ee500e42cc0,Rod,11
6b15382181e2bba621a0bc8f1fc86cc4,Rod,6
6b1d3d6e9e663374afb6ff96c2060f2d,,6
6b2c93dc2f201be4263b942c506f80cd,Rod,0
6b34833269d8377033a1b37622f3cfa3,Rod,4
6b358052efa262246b8fce45d10448fd,Rod,6
6b35951ee668011a4bc549389c47c4e4,,2
6b5bc187358191c4e64ed9bc82d7d8ad,,14
6b5d69782865cdd7dc26c3f6188ebc5f,Rod,3
6ba66291b1af7f1875920b326bd1a5a6,MG,2
6bdb71100d31ddc79a937d072c39b71b,Rod,0
6be8b76bd84fd7b2f0a5325acc1e9632,Rod,4
6beaa11458ce495f1ca1455a53243b45,Rod,6
6c5b6955b34810c9fda81175e9ca65cd,Rod,11
6c87b0a9cc5ca7d3a9df4b605d4b296a,Rod,0
6c892f1114b92ea97ca15a2a3d58e683,,16
6c8ee82aa7002db2f744d26af7623766,Rod,6
6c97f3e162fe9924bb496f2dc4b607b8,Rod,11
6cb90acd3f4929db291847e5310fd26e,Rod,4
6cd8d84d73d15eaba4787977f352c32f,Rod,3
6cf3b7b55466fe2c2edc26228952ed3b,Rod,4
6cf9f7318642230c2626f8db6a530299,Rod,0
6cff48eb686d2b3a455bb44192875d87,Rod,6
6d07acc44a17d3954062a3bac32d92b3,Rod,4
6d38c1a5dc99ca2a73b916be38d89f70,MG,13
6d474c999d5e9fb0e19fac1b54257c07,Cone,10
6d48ce64b6b65dbba5fdf0e2101458ca,,4
6d7f9eeaba4e26d3c8779c788990e17e,Rod,4
6ded8f27c88a4dfd9b3601e2eb8c1af9,,4
6e36fbf379429e5752d4245085885066,Rod,0
6e5d309fd66cc7acca51dc220de5bfbc,Rod,0
6e87b5e1126ec3ded8c45c24b22e0279,Rod,0
6e9bb72a5a9ebb39d834d6ae685cae0a,Rod,6
6ee0e2ecbbcf00ae6c5d3f5d79a903d0,,6
6efdd5ffc917c28a6ff0321d6318881c,Rod,3
6efec3026373f08921d53f30904b4e40,Rod,0
6f4b2a6378e8b279d726890ecd29afd2,Rod,0
6f98863215d14677ca6b1a9de8d58e5f,Rod,0
6fa7f1c9a19759f29d8bc6b61839b54e,RGC,16
6fcde6c1c9af424546dae8ea4d21e5a0,Rod,6
6fda25d50dc9fb0b776b87b315af5c1c,BC,8
7026c2554752e2050edf7f84bca543ed,Rod,6
7038055bcfa3fc9999fb8f2c65c1775f,Rod,0
7044b40baa16878e733f0d33a09ef822,Rod,6
708d60023ff25ae78c8ec51a6eaf2120,,4
70f32c57ceabed16068a4e204a119576,BC,8
710679af62f89b287d91e0d6d4d589f3,,6
713327e2575b861fa9d754f266a22907,BC,9
714392a395b47228b8a8b18f3db56147,Rod,3
717ed5375d87e41621a5a8d88a5e9984,Rod,4
71c581bb6adc36ff1a914f7de829ae8a,Rod,6
71e4c73afe40b7f0b1d85a3b2927446b,Rod,4
7206653f39237fcdde7e0531a32e0e14,Rod,4
72122cdb1ff7582c74d4dd794f4072df,BC,9
722ac7316f5d7436645e65013dbacbe3,,12
722e00ce8e51a3158273acce5422fd55,Rod,4
72698aa5e54bd292d4b5dfc093c4aabc,Cone,5
72a502690981077cd7e51ed344cc42f7,Rod,6
73244498727f00d6ecca10f16e4b18b7,,20
7337f82a66b170b6ae00e2149ed6d1e1,Rod,6
733ec8645ad0317564d0150d95acadc5,Rod,0
734e6d0a38f6573f5c82be0662f97ec5,,6
7379e4a0b091797847d9eac826a20a2d,Rod,3
73b97115a786519b03accce7f8575647,Rod,4
73cc3f641d591e582a552fa3a53557b9,Rod,6
73efc7a1d7b623e5b240be2337487312,BC,18
73ff0c294609bc2ca494ee190cf744dd,Rod,4
744482e1cbe275b9ce7ee9bd883dcfcf,Rod,6
744a8b321d69a1b5f362a22c0331f624,Rod,6
744ecb3b128e71e8d3a0a507fc5d1371,AC,16
74533eb4a114ef33cc3d7552b81fabff,Rod,0
74700a546bd40469abb0c740cc3c45d1,BC,15
748ed073564b77b33601f4c5ac8b0aeb,Rod,11
74abbf9894ab8295f925b3d947365772,Rod,6
752d4ca7f0f070f09f663507f86aa0b0,Cone,10
7540c9ad96c363b5b941522717add113,Rod,6
756189dc3dd6a0315e66490f55800a3b,Rod,6
7570138758e34499566f60d2e7120b3b,Rod,0
75818d88b864e0c333d8797245d42237,,14
75a5f31d7dcf4bf0c8daf937815d7a63,Rod,11
75e061a88184783f4bc6bf6134ed0d9d,Rod,6
75e1b1d9a30857edfac61b9868261104,,1
75e470beaa3d12e0f571da4ada12090c,Rod,6
762104a7a72f62e888768f8fe0045fb5,,10
762ef618db1e6f0dd271c069f8271023,Rod,6
766a196bf36ff1dce8619c40e821bd82,Rod,0
766c8c78263efbba29ac75567b13ae6b,Rod,6
7675a3fa7ed716134b0651596be20595,Rod,6
76796222fb7d71631eaf83f3798b4bcb,Rod,0
76964d591e7a4adb581d50d4549cc87d,Micro,21
76a09123a773e0eb65ad2ec55e3b8293,Rod,3
76b82c1827649bc1c8bff7e7d951c076,Rod,4
76bbe9d2c78bbaccfa10b9cd75ed2353,Rod,6
76c3e214f2bb5e954aa1f0f2f7df459a,Rod,4
76ccb8e70663ecced3e359589024fa89,Rod,0
76f00c55437744b4c5d521ceabd84c44,Rod,0
76f57dd83fbb854158658b6d506f4fb8,,14
771cf74583a49fa25f17304ba54d9850,,4
774e2304b8a26fee552c84315296e008,Rod,3
7765de07bac9ffc2a59e61ffdf4b8aec,Rod,3
779145fb6998a2b22650b4ffb1962780,Rod,6
77a6bcfa0fea7464d2746ad0ce154dd4,,6
77c157c9fa63f709ae3a45ed9713cba1,Rod,6
77c5651add90b18df9f3c4601b0b06e3,BC,15
77cbf22b48965c7b9d35c7267a68f5b2,,14
77d6d2803ecb5693394fc54714a50009,Rod,4
7800dbfc961d696b538540b549e36f1b,Rod,4
7826a8bafdec9eb1e6e32c5d300dded9,,20
785e0d3912c2d72799bcf38e3e71e6e3,,6
786674bcec1f8b41721c6a36f916797d,BC,8
788f9556a653ff0199f2fcb0246f808a,BC,8
7898420d5b1bd18e5ba162860f64b7fb,AC,16
78a3572d51518a54543e353302096a85,Rod,11
78a60b75f28d00f14cb4fc2f46fdccc6,Rod,11
78b2f6d3fb7641d94ab603762b60953b,,2
78b48e83fc646392ca053149f087394b,Rod,6
78c07e620d0f7ba124603bf6f15c0e12,Rod,6
78c45e32823757af5452d9c1df1c7224,Rod,6
78d0bf08383e501d3914cc8a2d1ff1e5,Rod,6
78d88426a86a65023d9f0d9ca6f910b4,AC,16
7917f0f73b52d8411489b3f53f270b56,Rod,0
792f28553926083572952092f8bd8c2c,,10
7934729639ae60fe6a2bf4a512709498,Rod,4
79395c164df50e7ea59ca226acd79490,Rod,6
793ef260c53f238e86cd1862585b1066,,6
795473aa5aa1699e68cf4703e0c83da6,Rod,0
79b2fbd3f3914230d88b554b21aaf8d1,MG,13
79c4c3c2a169364a21fafc90b7aa32e3,Rod,6
79d09a93bef4308f8f508ed016680df4,Cone,10
7a18923cf594c243a6b4676d95023ec3,Rod,4
7a2e33ad22458ea64f0e6b22190d3081,Rod,3
7a4a6752a44d7614a1b0e3cb326f9de6,Rod,6
7ab36f43fe4a72d6b67e318db44e0544,Rod,6
7acd32c9f8b4ff32dd90dce23e68d039,Rod,6
7b1b90578a5e89003254597805738889,,14
7b2116ffa0014aad02f1dbf9666e476c,BC,15
7b34a4dab1421debe17d1b8fc58e1aaf,Rod,4
7b40d523527b75c0f41ca11390e95031,BC,15
7b45e2edbbc9f346672c4e14636b1a84,Rod,0
7b96f98bfdba396cf99cab812b810e17,,3
7bf6070c442a51dbd6ef8876df2ebb47,Rod,6
7c085dc83ae6a5a0f01c6f4d9b080357,Rod,4
7c2a1be4615dbebec47a6e3b60104bed,,3
7c45518d74c6d35ca7ce9baa5032c2ea,Rod,6
7c48a78fcd7b3b55d4c720e3f4da4c88,Rod,6
7c580ba64aa2f4a6f0f1439b094115eb,Rod,0
7c7ffada15bea9af783f3e7a318024f7,Rod,6
7caee382ed2123640540dd314c862d0a,Rod,4
7cc007e2f9d381d65b5ad438cc266dc8,Rod,0
7cdd292d75514deaf2ca5a61d5046833,Rod,3
7d1e4bbaeab1d4a9247a9ea5597e2749,Rod,6
7d2a6e80f88541e9637ef077052e1eac,Rod,0
7d5e20673697aa0a9ddbac8eff967aa9,BC,18
7d6af81845d06b1767ab7439dea68959,Rod,11
7d95bd110d00522383e1d0921fb3e1f4,Rod,4
7db1fe0d8faa07967511a0a7c280da2e,,2
7dc92f4bc9627f0c4bce5e068878e555,,14
7dcc590c1e4582efe2c414a067725246,BC,15
7dd0091654d47abe6da5703edbf2f169,Rod,6
7e03382d35c7de3aed35f01e6c0f3a98,Rod,0
7e0a9995d00f771dbff8417eec93f1c4,Rod,4
7e1854f464a91c94bb62c0737bfcbf8b,Rod,0
7e753cc9bef751bdd2652fd6d80a022f,Rod,4
7e7631bd7f221c52fd04b24c6d3a5191,Cone,5
7e88d058e22ff5c744aee3580d3d4113,Rod,4
7eb6afe33a8df0e2d41a4aa22e884cc1,Rod,6
7ed19e53159bb8eafc5ac7ba96e553a5,Rod,0
7ee28ef680c2c9863db6891555ee73b5,BC,15
7ef10b5b8edfd6111c453a117a449f82,,3
7f29a9f62780cf3f3864600834a92185,Rod,3
7f39a33034995175b236584743acf9fb,,6
7f423ef5f6a5e8637fe6608295332b3a,,0
7f444b48ebb3652a0413f55eb3493f95,Rod,6
7f64951e0bfa6660a8d9181fc86556b9,,1
7f6820df4987e94741cb7175371adaeb,Cone,5
7f80e88f5c21aee4cc0c38294165d9cc,,6
7f9eb919623241e6b6841e492d4646de,BC,15
7facc4bf9690e1eaa82c148568221a5d,Rod,3
800958167b0d02f461a0e69464018bd7,Rod,0
804229a1e19f2d73f1c9058bf3c645d2,Rod,4
80453c4f951c69f1960b0923d1e2fce0,Cone,10
804e0457cb09256fe2a1ea9660f44698,,14
80662539f5fd2e1dcda7afdb719f7a5a,,6
80688eb67072cf4e9221b5199e4ed5db,,6
8088b19684737980d0cc43d05f76adb6,Rod,4
8089b31a65019f751045910139aca7e0,,6
809ff5541ebdb9ee66f37ff3a6e4b7eb,Rod,4
80d39762a43f99af43d8c049c10fb1a9,Rod,6
80eaf3aa560667d77496fc47c6c566a9,Rod,6
80ee16fd480f42406194ba761e832b07,BC,8
8136f2b01e4e6f82a2ba5396ca47d2fe,Rod,5
813e9ba3d31d101345f8a3d9c84e7dc1,Rod,4
8151a1fde2281c632da6860dd3334986,,13
81652243e2dea672c7f4a6863ae4eb7b,Rod,0
816d65db23f86501b0a861b360e4913c,,6
8182526ca30eaabf47f0b1f9c63df2f4,BC,8
81dc70f1dc18d764bcdaa12414fe43ee,Rod,6
81eb1293f15b6014bbe2268160d4f9cd,Rod,4
81fe54849cf7af0971a38a3e8b41550d,BC,8
8210da4d4d9885512b99a210c181cd8e,Rod,0
82114a0628d057cb46895e64a3e30dd8,Rod,4
8221821978a414bf50a8dddae0abd0fb,Rod,4
822edc1619f804a74c76a319551a280f,Rod,4
824e5a0e6d5da250ca8abea4b7793948,Rod,6
826533c8965e985804156998c869f15f,Rod,6
8265f7b08f6e718dcbcbaeadf8545f97,Rod,4
82a4aa523007ca725d09838a49a60d4a,Rod,11
82b257a9b67d9704fcef270b2203c8d5,Rod,4
82cd1dc6c46e51bb79c21e6fca58089e,,21
82e1979d922d69b9698d7331b6456fb3,Rod,11
82ed06352d33b99511d726587377fc30,Rod,6
83051eaca73871a983f471e7c467a1ce,Rod,3
83483aab9bf641b8ee3d8d5bbdea8963,,14
836ac52b6cbc475d71801e2a809876e8,BC,15
8370cc2e4e8975e85e3eb9334b4bab08,Rod,6
8379441379c7551d848fd300dbbe8610,Rod,0
837c5f41e8b9e072c1144edbb9df2bf6,Rod,4
83a03bccdeb94796ea6a1df3280de857,Rod,4
83a0af43efdfb39330a7ce3078ba8d1b,Rod,11
83a7e44cf4e5181ad8ef86cd595fd197,Rod,11
83cbadf5f5b329c383f6a0d3aece8b4d,,4
83d1649e5e02b2d9ce8a602b9adee107,,2
83ded7192fd7b2f4fa1bc99a38f601a0,,1
83eae23290df19e3439a4bb9aa50bf29,BC,15
83f09ead984840540d6f9fa8df2718a5,,6
83f457f6c47b4515938155b03b55474f,Rod,4
843260ffc7a08121ff3f31f247b67346,Rod,3
844683d7a5ceb69eb1726e2c2661b270,Rod,11
845824001885e43f0df259fdb1a8ff01,Rod,6
846d4aefebd2474a1f6485a507abeaf7,Rod,6
8470aca7ef6f0b2959d2e8dccdf2469e,Rod,4
8489c49cf0ef3950816a3b8f7ceb110a,Rod,0
84b6f9c4ba83c36848f6da73eefb1c11,Rod,3
84c5ae31e2002f4e2fef49417c8c7ddd,,14
84d5f9f9210076cac9b43494760b28c1,Cone,10
850b6c2166b5a6d06fe3613251d43a8e,Rod,0
853b75ad674896cc4bf1107980151a60,Rod,0
8558dad3ddcd4fecb7664bd271422ad5,Rod,6
855c8255bea8097689420abda72e14da,Rod,11
8572be20e96cfb7b9d958baaa521f13a,,6
857409cf47a77433a14c5641a6ac357b,,7
858f26a772c9e3004288d9b22098b8b4,,14
85a551f6074d7ef84f8c14a8990f04ce,,3
85cd515b13fc6c94b48b1ea5b59cb1bd,Rod,4
85d4f8a9a1181dcd0a59344e970c4ef1,AC,16
863bee4eb85a680d024af8acbe6918e1,Cone,10
8640a10a9a37d8469cd74f00e86eea13,Rod,0
8687937ceac491cc36a0e163e85931d0,,4
86c65cf033a2e080fa73911db578c73f,Cone,10
86cbd63ce666f7ab2c26bbc2d1ef84c8,,6
86f14f53e0149b569b698db76553ae9d,MG,13
8739c46f4af9d8320737207d35db46b6,Rod,0
875181a0e94cde290df0ad4ea497f786,MG,13
87af93ff112a64bed3c859a8521cce4f,,2
87b8afce42b48eb43a3587ec7891bbb1,Rod,4
87f768f5ca4f6c17923c2386864e09a8,Rod,6
8815f44d97eb4b478e25fe91dd05c93a,Micro,21
8854dac0e2cb888dab4b3094680cede6,,0
887be31aa8db67c8d977962b7024bc63,Rod,4
887f91ca7bdf3c105d06cdd7636dce00,,6
8894b4b00e2b8800fb13ae5fb31129ae,BC,18
88cff0e48294a2d6d1057291364d1ab4,BC,18
88d3a0a4f43ab9d037424436fd5ee61c,Rod,6
88d628749134897227b47aafd81de954,Rod,4
88de1e905fee376776b47ffcd4027f84,Rod,3
88f633a36e20afa956440045a346343f,Cone,10
893920fa5075309e52d91b8fa3cae855,Rod,11
893c83fe6e12de1389d15a67eeb985f8,Rod,6
89a7e43ffe8fd1b1fd399a8b9b1e3da9,BC,15
89bd953af3dacd70b30d9dfe72a54db1,Rod,4
89ee95f5a117a8896efd3260fa4574a0,,1
89febc7cabc91807530155455888b3ae,MG,13
8a11f27df8e1a2d11a6b78d4f8080f8a,MG,2
8a1d00367d4cdeb40526ea59f8c991b7,,1
8a64e2ba15cdb8cf7b8c8435b8188bf3,,4
8a6ffa3c42e5c39a3fd905253feaaec4,,6
8a742d3e63d499941ad034773c978bb8,Rod,0
8a918593cbb3f9701faa999cd26461fc,,10
8aaed587767965714b261250840f2011,Rod,3
8adf8f2532b0d984cbf6353d77b2b8a9,Rod,3
8af24c170eb66bf9b8bf0b44098e1a5f,Rod,6
8b0ff398d468049514c77afad70b05ce,Micro,21
8b186483c26ebdf70475a2800e106376,,4
8b323afcd35a58da4668a21ea919e6a1,Rod,4
8b439e98118480ceda3d03be5e85356f,Rod,4
8b4b468ee58e056e4897e9d5a48fec6c,BC,15
8b521cb9bd30d00a95aa832c34c2f7c3,Rod,4
8b5cf59522a50428323c089d83143dad,Rod,6
8b6064c8d799c9076de99ed6b7564d4a,Rod,6
8b709aa165f8a35978a8ef7e71585bc8,Rod,0
8b9eb58e1fe7dc26e1bb78658169f4af,Rod,6
8bb12e264cb28a5f9642fe5f02186798,,1
8bbe08f4883d930bba29b4aed54ae0cd,Rod,0
8bf660f7be849fffad25e655f98d88e9,Rod,0
8bfe67e34948d6340306350ebac0cb65,Rod,6
8c0874cc0afffe5ff4801a1c0e1ef52a,BC,8
8c310c0efd3540122ea01ae96e7ea807,Rod,3
8c3355b955cff59abb9e40f33f5c659b,BC,9
8c6e079bb682baa2ab6ee500e72155e8,Rod,6
8c7b4b31e06566210674a24c4868f6bc,Rod,11
8c9317a1e1a5725c6f914411cf70f820,MG,13
8ca755b8c07e9714c62f274ea87a74eb,Rod,11
8cb32dee5e7a210f4fb192bfc7278a7f,Rod,3
8cbb7e01eba7e10eb385d50aa502a9b1,Rod,6
8cd99413eec08004d5607684ca162681,Rod,6
8cddf0e07c19d1cd53184dfd49dca4db,,1
8cf47531eea90156a6a680f27d6bb8eb,,4
8d293f87f86ff5e678710e1832d90b1e,Rod,6
8d30fb80957a576ca65ea425dc94d894,Rod,6
8d45e1839aa651320f48161887c5a05b,Rod,0
8d49d7980345ccc9c0bafa17131009e1,Rod,14
8d549c85332dd0c610a5912d3c41e734,Rod,6
8d7127dbe31a1a36caf20bb1c5b5b309,Rod,6
8d7fb3e9b9fa7884009e60ec81286df9,Rod,0
8d9fea137d040811ed122095dd9b26a4,,6
8dab620978b4233f3c4bc73e4b8301f1,Cone,10
8dafc39e38ed846aba3041d39758b990,Rod,4
8dcfdcc493b5fcf60cf3075e7cde3983,Rod,6
8e035e75a61952822101cf0553ec6a44,,14
8e05478043a6371742c8bfc37728d9e9,Rod,6
8e1b48e2a14c36381c4c4e7648c38afd,Rod,6
8e7e228b5a84c7b5027c3bf35b98394f,Rod,3
8e81da20589b56355b2cd7ab42bd3b62,BC,15
8ebf9fc5b688401e705eba49c0917058,Rod,6
8ec19d7b4728818c179dcb8b10c56a8e,Rod,6
8ec915360ff941f6e71334241b2554ce,,4
8f07c3bd4dafe6407409f1bc2e4e75a9,Rod,4
8fab7e151c9900ea2f00ffa8f9a512f4,BC,9
8fb78d854b9a10ccb00e2c1f4e986518,,6
8fc891517fc1066f7a0166317e5dbbde,,1
90058bf3993efe12559bd45e8052da6f,Rod,0
903079f712afd9f55399a3cd7e36a7a9,,6
904a02ffa8a7db78ac9344264ee7ccf0,,4
907a04e78f367d47ae0dc70059f34af7,Rod,0
90950aa99e5410e9fde603200c88a99e,,6
90a7ebe79d7378f32df359ae06dc4a9e,AC,16
90c7703f93009dcb7c23e35685422c82,BC,8
90fa1764123b3f962af192743503a76c,Rod,0
910716e5bb3ab30ad77e8c8687edbf67,Rod,6
911853d97b6dece9f891d6f57a1bc4ad,Rod,4
91211e176292317ed23ce994fc7504af,Rod,6
914a6ff8024d4fceeb51b41cdb175f92,,6
916058ce97b62a1e692f6b4b30699388,Rod,3
91670b9f9ab402618ef84eb723fe6d11,BC,15
91906bc5869a5af790eddc07a3ecfda6,Rod,6
91b0c189daa6b90ae4437acfcff43eac,,4
91d34cc3f9a8958c44e669473518e8be,Rod,4
91e2f1dfa321d678f73b681d24a13020,Cone,5
91ee7f576e021dff41b0b70e26fef7e5,,6
91fc705412ebac417f8cbb3b105fd6a9,,6
922184c857cab2b9ddcc20504f3ab4ba,Rod,11
924179b2eeea8c07035a6b1fbdd209f6,Rod,0
9256e8186a1618a3edee88b936e5a0a1,AC,16
9258feb8c9e67c3219645ad89ff58f7d,Rod,0
928c78a8186b1cceda0926a21c041521,,6
928f374965a4fc5840cbc4651d90543c,Rod,4
92ce02850ef4ef0281756e5729e94b10,Cone,10
92eb7ae777ea76c2fc54992eaae5179f,BC,15
9300787a1b5e526834a9053b4e99709d,,20
931288ba580429beefdb1449231bdd88,BC,8
93179c6de4c4a5a820c303404ac7507a,Rod,6
932bca06a71397b18de25aafe7eea3cd,Rod,6
936fee162a4f1c44f141ebf572a15db7,Cone,19
93c244d100f5e020571890631c5a67dc,Rod,4
93deb99b67eafd39a6b266dd93f39149,Rod,2
940120332a266c96028386a752e8bc4e,Rod,0
9413304d083fc18a7214c0ff6795035f,Rod,11
9416c5628d593494f4d32a5d345fc008,Rod,6
945652c67bc953dc88a17d9695da9988,Rod,6
946274b07ce4c586d8b0ee245d63342f,Rod,0
9489bb20cb6ad10c12be875ad627c24d,BC,8
9495726f54c3ad479688f3c13ba44ebd,Rod,0
94ab248868af8ff58d06b31130184019,Rod,6
94e2b285801f6753a764bf2c473681c2,Rod,6
94e824a9a2705b32d1bc27f4c431be46,Rod,0
94ebafb7eb135011eb8e2c0146668e8f,Rod,4
950d30aebf5891ad7e2876c7b11f9667,Rod,0
95157dfd7152b69a4b3317aa3989e75b,Rod,6
952b433e5666afb007bdcea1adb7bd21,Rod,3
954746cf20671a7ff3c741ebd598eb21,BC,15
955bd9d99ff84298858c3fdd5af96922,,1
95700533f55a3b14fce6c7827647ffc0,Rod,4
959259664508b1df80fd8a214da3f53e,Rod,4
959986bfa0b87eece5529c994e03ed22,Rod,6
95b796a6b503ac1d7de0b022baee2344,Micro,21
95c3f5d00ab4ab3eacf43bb78b6a2e69,,2
95d2cff20614078a8d71ab970468dc37,Rod,3
95fed9b090117b2243954efe621efbbd,BC,15
960c044e6f6fc25d73a40ca060cddb0a,BC,18
9615e0f8496cc09544cc730545dbfeb8,Rod,6
9616f7ba5e1d20775b2807aac95b7edf,Rod,0
961f11b2ba357dab68a808e7af32176d,Cone,10
9621730d423232ee5b7d2c331f3af072,BC,18
963e011ef81045c97292ca0d588706d8,Rod,0
96767ff25b9adf8dc3f6da2678216bec,Rod,4
968dfb36d53128cababde5241412401d,Rod,4
96ae7f3c026af8507e516fff2c937ea9,Rod,6
96b560d674e16e419608d57f69a6e6ef,Rod,0
96cd4d4c3829adb022fcef2995e0aca6,Rod,4
96d8a93412a0363c07005aecf65db977,,4
96dfb94b505d52187d82b11407af2423,Cone,10
9718fb22cfbd76b1275d67aea2baec0e,Rod,6
973b8a36e9f1efb02ce1450a133381ca,Rod,6
97575d1cbd5b6a78372d05544b709735,BC,9
975e8970997065815c57bc68d42cd691,Rod,1
978b44acd2af37eea5247c0ab8b69c2a,,15
9799c6f31071c7a1075e1c9a2567ad6e,Rod,6
97b1d8f6946e6df13ba927b49c4fe1e0,Rod,6
97c139123a7a60dac9901edb9437a328,Rod,0
97f5738195ceaab5f1a6a0f07f3dd18c,Rod,6
9803f64d0a8deda2f19f45629d50ef58,BC,9
980688fe7b8647c0c4c24acb908c886f,Rod,6
9835d4e2dca8fe4ac09bb271de7ad959,Rod,4
98427e384c5bfd64c7ccc983ec1769f4,Rod,4
9845aab52a0d1db2e8eff2518fd21351,Rod,3
98a665f895a2e99c013ca1dcf6f77bf2,Rod,4
98dc420a3c760a7b437bfb062db6ee10,Rod,6
98f34c67240cded8ae421b5ffb7f77d6,Rod,0
98fa23c70d75e795c0149dd102e8ec9c,Rod,6
9926078049c5956606b83f10de37bdf3,BC,9
995b9485493a1b55ace2edcbb9a56b61,Rod,6
995c975b25221a233aaf64503c395e29,Rod,6
9961c76221b8f9f6c405b83ff69d6c1e,Rod,6
9966517bbe716dc0cac00551e8b04aeb,Rod,6
996cfbdf8f7615a8b8576932e1ec1744,Rod,6
996f5e7a513f0d1312f5e88d740eaef0,Rod,6
996f9549bc0646fa03cf42bdf06015b0,Rod,4
9974efd966b5538873dc7b2d5d5739c1,Rod,3
9976711745dfaa5e11f79b219c2b0b52,Rod,4
99b0058db35276a980b6b5a3e278349e,,8
99eafece74062c74edb016dfa7429d34,Rod,6
9a096d986d6a5273b45e872d0caa0159,Rod,6
9a0bb32ce6048896a7e3d9a3a0446af2,Rod,6
9a3d3a095e61e961366686fab4ebc58e,Rod,0
9a5f1627e437e3222aa9b7376fd7fe6a,,6
9a6fae65d302275fb536462225ff5361,Rod,6
9a70d9f5f766f817c0778472c5d36777,Rod,0
9a710640100d804544bbe5df0e397499,Rod,4
9ab9b5c2c30ca5f42e0a38c71db31c95,BC,8
9adb96443e51cdfe2b6f2c9facbf9d94,BC,9
9ae71b7c13a899f2fc64fb757e84aacd,Rod,11
9aed804ff07d46affb032a1003f75336,Rod,6
9b05a736f3236569cf6ada9f5a42493b,Rod,3
9b2dc0f5d1b803d695225c06b268e801,,3
9b372a50644d586c6fc95f77a3635b62,BC,15
9b5ddec16771ccbad3b7991687a805d5,,14
9ba3ccd22b1ea2dbd8b1b3fccc44ac82,Cone,10
9bb9df1c18b53456d943657ba22eac94,Rod,6
9bd1183101dc15c66ba7cfd6e173599b,Rod,3
9c029118de394ce642735368ab128e1e,Rod,4
9c5f3bc5c0228b134af3c8e3d946f8ff,,6
9c6c0cbe46cd7aed337dc7a20a254920,,10
9c9c2bf89a719b7698d6d3f61a2c7d97,AC,16
9cb6f503f04d51db7fafe75178aa7c46,,6
9cc9fadd0a77c2447dbd1b154222f64b,Rod,4
9cfdab23202619a0a89f2a456a1698d3,Rod,3
9d10ebb519d884b0a72bca8a948474d1,,3
9d1446f4553de7f3f24f308e38df9168,Rod,6
9d1cdd618b72158b86688c930ed4d4da,Rod,0
9d417e1c02297337fa17d38b38f7fc80,BC,9
9d5ba59e0f05c063ece7bc8db0dcce21,Rod,6
9d5c70cc0793e520c5de498a5253b808,,3
9d71bbf732046253bf58102a56a59c4b,,4
9d72f563570cec77c443484992b18f11,Rod,6
9d92907b8dddfe035f651d4e32b079ec,Rod,6
9da6e8f82d3fe9972874dcb534706a20,Rod,6
9daa6982696533d04aedc98207bd96e0,Rod,6
9ddee895cd11f7571cfb6c811fab60de,Rod,4
9e0d091abe1aac12ef10cd1507d478c7,Rod,0
9e405e849fd0f079dd44ac085a871ace,BC,8
9e5a5089b3be1cfe7b661095c904da4f,Rod,0
9e8553d37b06b9c7b95a192929e7c376,Rod,0
9ec0edfc5a0b0a1a24fc13f2663610d4,Rod,3
9ee3f84f5da4b98a854359f7ccc9c9c7,Rod,4
9ee83644e56a4c6f18a3dee945cb9af5,Rod,0
9ef72fdf17d0577e9be49a3a02ce3de2,Rod,3
9efb0381ce515070d98149869c07590f,Rod,6
9f1330f140f9409b8edfcc4b46a23e35,Rod,6
9f1cdec9531104e2cad9284163cd68ae,Micro,21
9f20e302ad172af48e2e6dbd08ca2b87,,6
9f224273bd3d64fef935e87b2da1f3b2,BC,18
9f247d7203859744b90efa599a6d9acc,Rod,6
9f6c005976631dca2a899c1d7e68fbb6,Rod,4
9f77db8186695b672280666a50d7706a,Rod,6
9f7e54458a56896fe252c0bd1cfaa20c,Rod,4
9f8060c49762de5f6309044468c5e1a5,Rod,3
9f8c2539933e0f6f3636b6adfbee2b85,Rod,6
9f98dc159f29364c84136d7974d4f936,,4
9fcb83ff7ecdc33e351f7293b80fe399,Rod,0
9fe2ecd8be558577e7753649d1200aad,Rod,0
9fe7b5cdebe92c8525de8a3e4e138593,Rod,6
a0007cb14fb1631012a68ebf82a2b37a,Rod,0
a044b5f79ab52f5f79141a96a85c81b0,Rod,11
a04c9c28e0c49e8e01057d56d645a340,Rod,0
a05b61050a6475a2422ba44e409d7fad,Rod,4
a05fec3d63c9a294da5a37865a5dc8b4,,3
a070707fd63cc3393626acd56351d39e,AC,16
a085b0b2c3722032506fd427a4ff7cb3,Rod,4
a0862093b257d81b1b219615c376765c,Rod,0
a08a73a664ce6e199ec506627a9f166d,Rod,6
a0b1ac93347e1e40123a36edb0b11bc7,,3
a0c518b59e4bf39c5c5baacc96eb5d60,,14
a0cba3591324f6cb23bfaade6949fb92,RGC,20
a0fd41b6f451d29be6ecf999726cd521,,6
a154fcbd488352d153cfde0be08181a3,Rod,6
a1882220d9639237353cef7146522697,Rod,4
a1c0a79c1bd9eeccad2fc4fef14c83e1,Rod,4
a1cccf73f5f507c659346ecbf25f0062,Rod,6
a1d236655216261e6364b5fb8c4b7de2,Rod,0
a1d920e663935605e3b5877eb12305cc,,1
a1dd885c85b0668c11834beada2f83b1,Rod,6
a1e3f03f0ac849546d15bac347c842cb,Rod,6
a1e911a643e707085adc43e34f9ad2a9,Rod,6
a2094e77b4a8795bd491455c8349ac4f,Rod,4
a23a16bd3feb446eeeec6e1afcce1f95,Rod,6
a2505ab86422c150f975d18c51b2f6f3,BC,15
a253f46db256bd0aa699a239feaf24cd,RGC,17
a25fb56e7c590adf9271e9f37d800307,Micro,21
a2633ffca0437736cf255e77583272b2,Rod,0
a294acce4459676bca2d1f989ee75749,Rod,0
a29a8b628e7d91710097cb681ba8ac0a,Rod,6
a2ce5ca623dc675b98d1a2e06cf8e085,Rod,3
a2d6b7936fa6f4dd68f3d86e927569ce,Rod,0
a2f856b8b9341c3f6b5c23ef504c4965,Rod,6
a334464d326940be9307c37498a5706c,MG,13
a36fcce186c1660042839cdedea8b6fa,Cone,11
a37b0f2f015e7cb489608056d630534d,Rod,6
a3801041be2755f10e4571e5232bb951,Rod,6
a3c701831689880c4d24bbba265e59c4,Rod,3
a3caa9084ca4258b4daf1f5bab8f98d6,,13
a3d28f336f7cf0df7fcbdb42909bfa02,Rod,0
a3df3bfbf97daa2aed9b420a3cf1cfcb,Rod,3
a3f1862b945b175c746f7a76839d2f9a,Rod,0
a3f8ff8212843991887db314de5206d7,Rod,4
a40597e75be6bb34b2f9acfec935203b,Rod,4
a405acc3d66eacd1b347e11eb9165e77,,3
a447200eef314729fd1a4748c206ca6f,,1
a4743bb41ec1d0212d5eb145525c5ffa,MG,14
a494f37eb0d335d7828bc77ca5fbb15d,Rod,0
a4a5f8cb7927c47a0e2e36ee72ecb40a,BC,18
a4aa85228e69a8454318386f43f1f6fe,BC,8
a4b6ec8d5e431a31e58e01210b9da0e1,Rod,6
a4e228e47f584ce1078a7f074c10ab6b,Rod,6
a4ebd9905b3c3d0599da5c297bc91316,Rod,0
a4f98f74c22f341c7e99f5862d41d0a2,Cone,10
a51aeef32aec690231df0fd9314be112,Rod,3
a52cd4832092534af08f5ae90f7dcccc,Rod,6
a531e2ecc7fff070573cc9173d2b6b69,,10
a53f73477b2069d8112d5294ba8db935,Rod,3
a56c216ac7fc7ce997e8a511f42ba6a5,Rod,4
a5962474a79dc926d1740350ef096bf5,Rod,4
a597edd21515fc9215402636b931917d,Rod,3
a5a33bde1992873696498370a51a0d99,Rod,4
a5ba5e7f3237b22fd1ad01fbd6df4222,MG,2
a5d114e805d40b2e7e1f713042ca9700,Rod,0
a5de05beb684c09065cf84d2ed0d68a0,Rod,4
a645018958c21d37d8acbcf1a718d81c,,6
a67860adad2bdb301e3ff11fdf06dfb2,Rod,6
a6b2fc8f9729212fca9f216512bd4c47,Rod,4
a6bb84bac48f7ebcca3e3ed43f5b2c36,BC,15
a6c89e52941a62f76c541f8a6b1eb860,Rod,6
a6d1d47e8e2680d3c9e8db911e057832,Rod,11
a6fde179afe5844f04078b5427ebd1a6,,2
a7107534c16fc6b862db3e360fb8f852,Rod,4
a714182d5c542699b1b4301c4ef484ff,,0
a74d2965e90f5fc37ba5534e1b2f779d,Cone,10
a75c66b5ef6e24364e59a15f237dbbd2,BC,8
a799ff6acf14b5c647247068e60cb2a3,Rod,3
a79a65f69f609b6054619865c6254f69,BC,8
a7bcd1a80b91c799b63da74b51a2803a,Rod,6
a7da549fc0d1edb5645f4edc35a7093e,MG,13
a7f57f0e9a510e9e1d8cdfbc363c7f31,,6
a805b2c27ddb1b48cd1714b055b7bbc5,BC,18
a80e9d51935e8afd80a6a80632efa639,Rod,6
a812139ad0d02167e791dc54ec603d2a,Rod,6
a81a2beef21ede3d81221d6e7862a11d,Rod,6
a828c3cb6f01579c6cb15b90b6ace46a,Rod,3
a82b06e4d0ad93c767786682df8bebb1,BC,15
a86e5bf285ee40ea12c246f82a0c7a31,Rod,3
a876db5aaf5471f9eed5acd285766587,Rod,0
a8a08b7a6d77018ada0d4d75891f2bc2,Rod,0
a8bfb103e3fd5c43af83ab9f4d5f4e2a,Rod,11
a8cdf739ccfb43be4ed1548c98e4b769,Rod,0
a9017479fb6ee07caf89930f3d4ee1fc,Rod,0
a919684b1f90ba956ae8fdc6289b424c,Rod,4
a923dbc1edf803b063cbf5a669e42367,BC,8
a945b3b7ddf5ee8755cb94aabf414495,,6
a94f9f14317c73b5d6bd816ee2bbb2c6,Rod,6
a95b16a3f5c0548e76eba3be385a9b8b,Rod,6
a95b40e9f6fee7976a4e015b9fa32f6a,Rod,3
a99368ab352847ca37cfe682e0b2b5f5,BC,15
a9b9a14e5f67c455521a00c221e96e5f,Rod,3
a9cba44dbc3e8a25ff424d316fe0fcaf,Rod,0
a9ce0110b6891f58cf575b1849216e22,Rod,11
a9eda3833ede9b8ab98f047fa9d76dee,Rod,3
a9fcd10564a7979545b2b68537d38d50,Rod,3
aa1d9e15fc2b6275fef0ccde719168d1,Rod,11
aa36e273d938948f9a5b8011d3dafb9a,Cone,10
aa4ce5d62e18a6c1b53840a2ab20a50b,Rod,6
aa55c06c294260f15facb7429884f064,,6
aa73524f278c10906318e3d6bc512b43,Rod,0
aa775c886f47f9566c87a6bea558b631,Rod,4
aa989087ad672281ab8184720da91fac,Rod,6
aaa01a4195d8409526058b0bc2683052,Rod,3
aacc901be017c7a5e910001cf4f12fa1,BC,8
aadc00db6625bffc06c7deb2e8c14a7b,Rod,6
ab2e2f90a11d550d18ab13c737478d1b,,14
ab34bbfad9568af8e47c78f0978e65ce,,14
ab68f31d2978ab457e560d4315b7fd34,Rod,0
ab7bde6af09938436eb2e2bd2f54388c,Rod,4
ab813c2a775feeabaf670caaa6b26b64,Rod,0
ab845bb3ec4ebe98f5bf6ecffacaa39f,,14
ab91285cf0cf5c5bc667209f9f4369ff,Rod,6
aba7e71123e2262b2d1d2938c2f1906f,Rod,0
abaec6bf9b5098c5f9fecff2fc77b0a1,BC,8
abb17ed12c22c07062d57f00861e0259,,14
ac162d43c8c692e4e83f61d227071926,Rod,4
ac2653feeac3374115aa0ec75280bfdb,Rod,6
ac2fd7f4d13d4cd90aa51e0812e8bdd3,Rod,11
ac4e5353825d50e28ca425b30a5493c3,,14
ac996afcd4850fa036ccd2978eac4817,,1
acad589385a47ec751fd597d9d6ccd0a,Cone,10
acf506359d44d3f4eb23f52b52cff94c,,8
acfe7c768bf86945b26d25b6304e0a30,Rod,6
ad07e3fecaca47d8db9ced63e6670f9a,BC,8
ad262b3d393820253a4cec588b746efd,,2
ad48cec684f6582e26cd055e91ec3201,Cone,10
ad518740b71551943dd97ef862b07711,Rod,4
ad59b426110498e28e6477431ba3cc6b,Rod,6
ad8370f56e789032e534fc0c216813e3,Rod,6
ad8a04ec40c3d89aad6f111c0d42fc07,Rod,1
ad8f85e06192bd957a59ff649aaeaa10,MG,13
ada9448be6e7f39dd23305225ec83f36,Rod,4
adc0db3702119fe9de08120f8108ef20,Rod,4
add598d75f13449c7adc6c0baa2cbea4,Rod,0
add6b67f080ddf78d48b784a1b80ca47,Rod,0
adfa24bdda8eb6079832acf05ab8a0e3,Rod,4
adfca4a87c7b50795e38ecaaa51ff693,BC,8
ae03a673d03cb95bd0e9aacfc98d1200,,6
ae0a48daba617a36f826d8ffb9d6e90e,BC,8
ae0de98eb1044036f1b614f86c7dd897,Rod,6
ae143f414d2e93ee4700f5fbd829b268,,1
ae1f62257d89b7d91e377b30d6d4e5e6,Rod,4
ae46872cb8a57ac73ba1b1997f322453,,3
ae6a6a270a044a385f4dc1236f4f666f,Rod,6
ae79e9c1a1c8925a748a6255e453ff21,Rod,6
ae95d913b728340a1277adceb1353b26,Rod,3
aeb218fdd58d7cc1feb1296b982afd09,,14
aebed24e25275819a56e13bdcdf37d04,BC,18
af13e436e273b52a6c33efa47000433f,Rod,0
af15ee3072a38b29c69b479298d7e22e,RGC,17
af32cb22d4d01e017c4863fb6317a69e,Rod,6
af458d3034a442d0ad6ead48bd34c2b4,Rod,4
af5eae35580ade7f5216937df2ed6605,,6
af6efeddf2d4f69972da8aeb915b23aa,BC,18
af780a186ec02e4692b84f0af3505bc9,Rod,4
afa9935ec8847af06983a195e41e18b8,Rod,6
afbdde4950fd9e7104d881470173eba7,Rod,3
afc92aaccd191f5a36845493bef35e28,Rod,11
afceca80f4ed03f2543f845818594f8a,BC,15
afdbd353ce2b19fd27951a9fa34e8ea1,Rod,3
b017a5c747285ff181da739de6e85bf5,,6
b036b9fda1718a3d73607a1470483e83,,15
b05cfd0d4989f56fd3c35e10547d4526,Cone,10
b081ef141f9ed1f2f405485b22fd13e7,,1
b0f99c21cef713499da2d4cbb9846891,BC,8
b109a9d16003ef5fd517fd92af86f89b,Rod,4
b111f116721d7355b770bcbb3e81cb7f,BC,15
b162201de0a551155f6ab90824eb9afd,Rod,0
b16fe98e2d58795b30c844f46938ac9c,Rod,6
b17c3c6171684e40c1c34957f996e14e,MG,1
b193008e41b85f82695d20f3240af41b,BC,15
b19793c50d80bf27e577e2df1897bdd3,Rod,6
b1ba159965826ae196869bd1abe68c5c,Rod,4
b1e10a6159ba5a759c50e782dce92310,Rod,6
b1e7e9a91608ac268b0f24b4ab15bd58,Rod,4
b1fb6577821ed84c4ab899e1bb431cd4,,10
b24d4189b8548621495a757b3b1068c2,Rod,0
b24dc0a13b343fb41c1d193f5ca1dbc2,,6
b2638e3a81c5300e513230c41ade7ecf,Rod,4
b29cad58e529761615d414fe33a24b2b,,12
b2b0e1e60fcbe29b8c566af1c9ffadf9,,16
b2b7d7a4dc39085b2a49f617bbda8605,Rod,6
b2b801e9418c9a230db7c7103d693b51,MG,13
b2d0558521f44d4a6a60918db95b6a67,Rod,6
b2dc06fdf6bed65a58e007ef64244e28,Rod,6
b2e2d8e76c2317a3ffbccc462154b90b,Rod,4
b2fa947f45ec0a60e6150c02d15502ff,Rod,8
b35810cca08b33fe4d043c5517528949,Rod,6
b35d406742d6e3ac8881e2b6b4410bb9,Rod,6
b384800fe1bf7d8d59a01bb9a65172a6,,6
b396f3b85c9713f78ddefd7d0da6a4c6,,6
b3e91808cc7da4b91e2db589d5f75170,Rod,0
b431adf97cfdc0a0e8a6c06a6c3f9b61,Rod,4
b43f9e51a915a43cb3defc904d8fd641,RGC,17
b4792f996f419b2f3636231e7a3056cb,BC,15
b47bbfe91e8f7abc7f6e495cf593c7be,Rod,6
b489c100d80f3a5e28a334f1284a1ef0,Rod,6
b49033f547baf42704ef42f0bd9433b6,Rod,11
b4b109aaf278d84e7742ca9b7cb185e1,Rod,6
b4c3519e76e0569fdf125eb999eb45f6,BC,15
b503902e9f5ba74fbdf8fa1bdc2eca98,Rod,6
b511f11a2aba4f7a85f57e823edcc3d9,,6
b53b1a65f9b8ea04f8c64276b8ace13a,Rod,3
b55833fa73cc7c6391687fb12f16cc7d,Cone,10
b572aef8d058982b3735bd186a3f05bc,Rod,3
b5a854b3801cf3d6317f9d414e620319,Rod,0
b5a868bde034e9974947dfd4576186b0,Rod,3
b5b5bab85aeb3f65524aa0e98638be95,Rod,0
b5bf56fd38578f79dd3138bc50413c86,Rod,6
b6082d503c3205f4d593b723a99c6d82,Rod,6
b60ead78816ac987347038d9b538ce8c,,14
b615e9e954ee897a0943c1c2f68b9604,Rod,6
b622cc13d78a330149b507857e384d77,BC,18
b63043d9356d1abe7de4ae0274dec50d,Rod,0
b6529888670cf8862cbc503baf6080b9,Rod,11
b65435404eafbe1b667c65b30870849e,Rod,6
b69e8d79c1ad9b9f68f01a413ef4c733,Rod,0
b6ce1481dca1ed6771bb123ca69d09a3,Rod,6
b6ce3621d9fcd9dae75ecf5bd22f3b50,BC,15
b707c45842304a7de11e826bd8d70ba4,MG,1
b70db53319b98281ef10b50371505c5a,Rod,3
b70e342690671cd1020fb0f3cc547739,Rod,6
b7181f79868de2f66fa495aae12daced,,8
b74a8c784157ae6f0a84e856c29b1b33,,3
b774ab05653b1a79c3ec500a02a9fa50,Rod,6
b7864c78d43f47918d4f76ba9e2c88d3,Rod,4
b7ad7cb0656f105ec5696cb6037e765b,Rod,6
b7c6c9e93a38721db97dfd953c77dc7d,,16
b7dcd794255c6267b7efe7212ddb808e,Rod,6
b7f0802f4dd3f89e8e4dc815bc1abb96,,13
b80e0d8a0a966e4e4817a09e1ab543cf,Rod,0
b82d97b31c71b451f437343c4c6b9a52,,6
b87c2f248baaab3f227533ec41696e76,BC,3
b8cdb5e2f51e50ff193c42140661a3e4,Rod,6
b8d51e7de6fdb6b43bb3744037381a44,Rod,0
b912fffba9741605b2f1f690e162e610,Rod,0
b916d651f63721d92dabebad1f4f88af,,6
b91dba3e2c884b2d6cc8ccedc9fbf0c4,BC,15
b91dc7fbcaefc92881cc09275106c90b,,1
b934f57103a8545df9a1e6a1114d10ad,Rod,3
b93818dd6e3b7fe1ec66a7c3692f6950,Rod,6
b93d7f2cffd9c74a3c44b0b18cfee1cf,Rod,0
b984912628d09c5793e526968f17823f,AC,16
b9accd1a5b062d229fb1af7d60bb4077,Rod,4
b9d139ab6ab584ac8f76fd9889183def,,11
b9d2bc282cd7b4ca2d5b35d778a8d62b,Rod,6
b9e0590c79731dd4c0a84e9967d7faa8,Rod,0
b9e0d2ebb6ab2f7cfc3371eaf9436fff,Rod,3
ba2d6a2fb7e9b15aa448b33558d16f0a,,3
ba353079b46f41a4a706053737d5d78b,Rod,6
ba3c05a198acb7c49aa1bf8c2541eb89,Rod,3
ba62ee8e1da20ca0c8aaa465ca773b8d,Rod,0
ba669e1d187b574c0b6945279a66c7e4,Rod,3
bab4448b0cb36fefa9b142b875594333,Rod,6
bb1630b9dae4e58ea702dbcc5022e8de,Rod,4
bb514ef74d21a398274dba3c77ff5fad,Rod,10
bb61586f0fab43337d6ee975ffc57278,Rod,0
bb6aae2c0e065c0c7654d8566216f5aa,BC,15
bb71e9e0f229700307c269fc819bfc9a,Rod,6
bb80132dd406a2b93087d61fc554e48d,Rod,3
bb8d5dfe0596ccac510b439c782e2a3a,Rod,0
bbc5198a91942731e729c5eceff2821b,Rod,3
bbce3255ae7772a0605826a24d09203d,,4
bbe17d243f5cb1afb3ca5f94195565fe,Rod,4
bc7f0a4895fb551eac699242ac394eb9,Rod,3
bc8a5dc04f2e48412332d776753d9a38,Rod,6
bc96cdf5115c65f7727956d2e543146d,,0
bcce8bc09790d35c892db42c9a70ecd1,BC,15
bd0859428fb0ca11cfe12576fa4ea231,Rod,4
bd294a8842fe45e00f540b7afd9675a4,Rod,4
bd2f51895aa222e183fe76bf18aa898c,Rod,3
bd377fc4b25444e2d59c148526f0bc95,,1
bd7f5cb0f62ae17d71156a5ef49e77a0,Rod,6
bd8fb11a9151eb9d2aab1c8266f00d31,Rod,3
bda8cf47d8aad924cae6cec89b3bb8ad,,14
bdc8bddc8436838fcdff68c9a70e2b43,Rod,0
be0e79a50f53feb3338c01dfd934c80d,RGC,20
be1358bf562931aad1c178bb75d8b9a1,,1
be1dcbb39b03c751de4508724e8ca51c,Rod,6
be3720dfdc74734cd4a25f505bd1e8b0,Rod,6
be38d1e231a27c3047ab9cdd1a36291f,Rod,11
be4fd18888f80aad01f331353579c182,Rod,6
be56e8abeebff26908946db3f750d87d,Cone,10
beed30cb7a6e937516e76a51f0834de3,Rod,6
bef58f6491d0a0758b107f08c20f5136,,4
bf128260fc9473efa08a4863c5e24923,Rod,6
bf61b34d0ae017d2322c017e7215ad21,,14
bf7c4eeee711fa4e9e37bed8aff020cd,MG,13
bfa6f33dcc108346adf009bab3cfdb86,Rod,4
bfaa932edac9c0725b698dc8ee48891b,Rod,3
bfbab34f0064f76ea06475fbbc52b4e8,Rod,0
bfd3c15f34d07cf8abb66c1c8ff87cd2,BC,15
bfdc1281b032bf5cd654dc501da47b69,Rod,4
bfe62d7358902f1df59c3f5453387daf,Rod,6
bfe76d151479827ff5e2395735feb0bc,Rod,6
bfea68b2e1a51ca1aefb16c7b564e85e,Rod,3
bffacb3c5934c832a9e42f21ed3d801c,MG,13
c030b15c506767d8557eb537ce87346d,MG,13
c04263a703b0a3dea0e22f2c17414d93,Rod,6
c04290d5587ac7c25e8eb86b1997ed27,Rod,4
c069e5f732320d039202c862563de6f9,,1
c0b7ccd1bd46e482e68a2ab384f6c550,Rod,3
c0f52d146e184c6c285983362ae6b7bc,BC,18
c0fe41830c3941dc164f9b6cae655fda,Rod,0
c101df1779a425d19927cacdfced765b,Rod,6
c12fa9c6fd846927f4d87c44894dfc87,Rod,6
c154d9300d3b74d2ae6e0d3469ebaa89,,2
c15b3b974f610d279abc22bfb48070fd,,12
c15df3b84ea3113732911b050cbd995c,Rod,3
c1ab1f7665d7fc5277998f79b393d4d2,BC,8
c1ed3acdf2885bd9a23f02c4fccdade5,Rod,0
c1edbc79366d90b8121738f9a6bc7e2c,Rod,4
c2034512199adf9cd0efd72dfe2a793b,,1
c229239726822f52b42030fce95ab2ef,Rod,6
c2315aeb9779ede4e3743e60ccb214d2,Rod,4
c233a03e946812ca7783c61e446ca89d,Rod,4
c24e2c48918eebf5c188f91809bce3e2,Rod,4
c261ec4cf70b150787e34c495df39c57,Rod,6
c28e8fc407e5f950254065cdedbd1f48,Cone,10
c298932bbb0082276deef3c4ab4e69bb,,4
c2b16e4383240a01fdb7de6457809706,BC,15
c2bb5831da2e9b748122fe7bd20ba558,Rod,6
c2bc4404c9558c50da75b527060472c0,Rod,0
c2cee8d5eecfbbe402b2d51cb6757069,Rod,6
c2d3022aeed5db0fa583122c637f8c0a,Rod,3
c2e0b71eef41e326f91b1a9682867cdd,Rod,4
c2e4afe3a5443f546b6a3d8fa96f920e,Rod,0
c3224659ef8d50bb6ec9d298fae6ec35,BC,15
c33236642724822633c5a15aefb9f8d2,Rod,6
c356c401e5427331376be1c26821d91f,,14
c35a47fffe592186436777c883e7b216,Rod,11
c380fdbcc1bc96f66c323837aa7c2707,Rod,6
c392f4d826fb7ddf03cbdde9fe4c205e,,7
c3a4ce6b02b650de0bbb6411cfc92ac1,,14
c3abdf4089f3b2ee723bb66367ebead7,Rod,4
c41d63628ddf64773e021dd112a80c7b,,6
c43aa72f2ff0156378c7d501a019fd04,MG,1
c44580e585db3be40a645f7e61041672,BC,15
c49bb710b71dc34840141e5f5ce08a13,,4
c4a8c7762311996ee7a5c7c8ea87adb5,,6
c54b2855fd17a5bf6d8ca7667299bb02,Rod,6
c5600e511d001fd6fcf320583d78ee01,Rod,4
c58969ac36ed76e608f9fa43fb1a4c31,,14
c5a7b7931466e777791ddea699365e29,,14
c5bf4c184eca739c2017191448575524,BC,8
c5c43cdc1f273bb257c4831583eb33d5,Rod,3
c5cc89995358354091997278f99549b9,Rod,4
c5d18e4fe932bd2ffd3af3a58d3368d6,,4
c608a81600c6e9524aba6eebc685c8e4,Rod,4
c61e8f96d206db72fa8c59695f0b2ec5,Rod,6
c620400b230cfc47d9cdbe8eac083f61,Rod,6
c623368bf7284da638302cbcf4ec27a7,,4
c63688c098cfb2b0b2c2f80e8e6d1519,Rod,6
c64ec6660f668ef6da59fff79663b203,,20
c64f1298ce6714ba93b90576f5b8a005,Cone,10
c6512a69c4a276727fc8431643715e38,,14
c65b940c167fe5ad08aa6f5c9785801a,BC,15
c6ac7bd0dda7a11fc15f48caf7068089,Rod,4
c71a251e3a10aa2c3f428252fa3efd68,Rod,4
c7329dd2d4a7fec4dc5c3300615bce26,Rod,4
c73d751e1d3a12e11dbba31e8c4b189e,Rod,0
c762efb14f42b52fda9062e205e07b71,Rod,6
c78fe13c4521919f31108478b29c81ba,,10
c79aaa41ad9bbf11f7d1055e8d97b7e6,Rod,0
c7a74f23263637344076d67110a99f7b,Rod,0
c7ac6042e5ca7df6efb2e75ea98e83c5,BC,9
c7b076c143d01bf0ad603f13844ac056,Rod,0
c7b6948deb128b0ddfeb1a814744728c,BC,15
c7bd64c6be176a465547d6aa05158782,Rod,3
c7e167c975a7769e82e2883c8d78eafc,Rod,6
c84bb16d8af84a4c75c90fa13b1bd8a2,Rod,11
c84c50756d33727b9a090025abca86f4,Rod,6
c84fe86620901e36af83f9f3339ca284,,14
c87a7254043cbcfdbf694e1b118a1ab3,Rod,11
c88617cfdb05b67e619abef84d1a066a,Rod,4
c89652fa152ed04081bdda9abebc1e00,Rod,0
c89d62e1a1fb55cf2c5e66fb7ecfa379,,1
c8e6f78948270e3463a97171955de430,Rod,6
c94e2879976badae20f1d8c858a0577a,Rod,0
c95177afd15a6ed74224f5d6598fa49d,Rod,6
c95a80efab950a7b6cc622748b2b70d0,Cone,3
c9758c072690888bf3548618bd34ba88,Rod,11
c98a99971d3f39adac9ead30fae660a8,MG,13
c98dcbbfb50e5fc1b23216f22379c509,Rod,11
c9ff7d8de5406869494c91008c53a773,Rod,6
ca33fff988ac7507d771a2c20fc9f03c,Rod,3
ca4338fb6ff41f477413f02f1636a056,BC,15
ca6398a8e0d44172b954ac0b17191cc9,BC,18
ca65d08a3a10741bbae3f5227882ba68,BC,8
ca68e0721b0a2a4b5c222cefb5e5d36b,BC,8
ca7d28c8695820243671beba2108c329,Rod,6
ca7e3788bfee7d409b79327452e6df84,,14
caa7a64fed07610e5519b6896ac6f4e4,Rod,4
cab50299030492099946d88c5ef79930,Rod,4
cab8c08ddc199961203ffefd9469e01f,,14
cac9f45be4af16f392803cf553117b0d,Rod,4
cacb5906ec01e3de5b44eec089cb3ca1,MG,13
cad3f110808364fc17395c922721e550,BC,9
caf2e0c35a25370fed6ce02c5399a3ea,BC,15
cb56dd68ef48be1fd84954ac09ca88bc,Rod,6
cb7078b81ee03e9b0530c1445b4f8e0a,,4
cba5b6e8027ee3c194eec0c895b677e1,,3
cbad36d983f5f928343a8395af6c8fe7,Rod,0
cbe8a9aa63dad4e2a30d5b0b087970df,,6
cbef2ded39ace3b3f104fee672079d9e,Rod,0
cbefb898da1315e1e2699469b480505c,Rod,6
cbf64a038dd25dec40a00f47b9040895,,3
cc0c02a97c0763e79fb7cf1eac52b0e8,Rod,6
cc0ff67f9d6afea1f67d73e4030e393a,Rod,6
cc8b4cf3c0f0517899c90e81f12c9a8a,Rod,6
cc90c35ffe97b66fe23eea09fefae881,Rod,0
ccbbc63518f598c7ea2a5e80f9c19c5f,Rod,11
ccbfe028af03bde5f2b86f68f5f345d9,,3
cccf8e15609c1fcbae0be2157914d87f,,1
ccececba7644f112e02021fa6be71790,,1
cd02720ad140dec7f609a5556cf8375d,BC,9
cd02e5c96b3adf419526fcbf8dc56942,Cone,10
cd05430823450cef8a181c641da89731,Rod,6
cd0b9542f8cb424c7439080525b022b8,,6
cd1b1e9bb26b8861de08ef27977f6e16,Rod,4
cd2be5e61e74e3bea7b5a0a80ed063ce,MG,13
cd375ec6e1cce01658667937dd0c27c1,Rod,4
cd4b7a1fc648c8d8e1785499f98a3462,BC,13
cd54af2beeece7a2d263d9db3b11c888,Rod,6
cd5b0892b3381bd69771025fbad11d42,Rod,4
cd5e03ade5327ca6168135f899e2be97,Rod,0
cd9d6f81e16f66fdf15147f9f7e6bcf3,Rod,0
cdde5980d93fef977a25b1a08f1221c8,Rod,6
cdeb03b715b30ffbad89732c4da474e5,AC,16
cdf8840ec0a25bce70e7badcb090191b,Rod,3
cdf8b3c70dfc3fcb2d40a9b241962c18,Rod,6
ce09a2bd3e7ec1eb547d87b80ed036ac,,1
ce20ac43c78625f7c572a83d1376c598,,14
ce34f67edeed0d96e83776fcf8810137,Rod,0
cebd25bc87a6ac600a0d7be7a08afb79,,6
cef2d144906aa7bbe93a22957208f821,Rod,4
cf1d8158aded557963f8f90dbce0ba66,Rod,6
cf21e8ab48e33c5313115c5cac4ecbc6,Rod,6
cf238c21acfbde739fddce64c823fada,Rod,0
cf5c077bc4fd7c86e19cc6697a3b0dfa,,4
cf658506edd7b51c120d8c90568274d0,Rod,0
cf67130f2908dfa499394f0329948233,Rod,6
cf72f2c757124d7321215887566a2d4d,Rod,0
cf7e5d4c1d0c5ee96b8452730f05b578,Rod,4
cfa7c64b01c1288044ee2fc5cad56957,Rod,0
cfaa96aeac7e649992b5acfa0f055b5d,,1
cfcf98927815bca99bff431491fdf603,Rod,4
cfd995eba6defb13d57d42f224858446,,14
d003ecca0c41bdea3ed05f2f29feface,Rod,0
d01b45c42b0978630ebbe130efa0de42,Rod,6
d030e4631812c555bc0221b1edf3ca8d,Rod,6
d049e8f315260e4b44557e9169d48f7d,Rod,3
d0570e65a9ef421b5db1c41149331378,Rod,4
d08e6361ac7f885a13e479120056499c,BC,18
d0d2bcb727466e387d160e244fa23fb5,Rod,6
d0d51524bc65206bd7a7d5ab8ba6b17f,Cone,10
d0e7cd70824d46a754adb9508814eba9,Micro,21
d10aefe44f4d4c45fe67cc58b4d78b8e,,4
d12acdfb68bc771512fb72422acbcd7a,Rod,6
d12dc195a91946f14b9be10725777079,Rod,6
d132300b9d71459c82926c32bc2da996,Rod,3
d13352e63164e46816d54ca576abf6ea,BC,18
d142579ecb6e87d799fdf245cde7674f,Rod,6
d1aa46be8ed5e66d73768ba3bf1f57a7,Rod,6
d1d89ae3a2d53f6101302f0fcd58df39,,0
d212927a46b5d9eb926c54d93048a703,Rod,0
d22581d3eda73b6ac4c17d4bd98dd4ff,BC,15
d236d7c4334903f8de40e7f3705b2c40,BC,15
d248fd58224d16516f9792e719adc23d,Rod,4
d28054db252c8c735749b780068d0f1d,Cone,7
d2bc333e0865381d45ca9b667c2b0035,AC,16
d2fcef06ae480c06c86b50ed6ea89eab,,14
d310d835c91ab5203a2aed16137ee5d5,Rod,6
d3117db4d97937994e3db5b26ad229b6,Rod,4
d36ae38f1d4d0aea608ef5e3cc1b4d04,Rod,4
d37098e84ab7f0ec35f19a7c039c53a8,Rod,6
d37704008f85eb112b70ab30d326603b,Rod,6
d3927a4f8c1ccedcd5ea8cc3e3b5454d,BC,18
d3930fc52317b1d7122b6acc84058786,Rod,0
d39ca3f9136a9a926a63ebafdb54c4ea,Rod,4
d3a3b7232ce0102b13c58e904c281f9d,Rod,6
d3da628f471b81cfbe1c3a910a02c94d,,6
d3dc050ae830e3662645eaf7d44dc054,Rod,0
d414eaf7ed0745a6d300dedffc7f01c1,Rod,0
d418795e8944d667ceddaf78893c81fb,Rod,6
d435ad79c8a597245d8909a64aba1494,MG,13
d4474546bd3336b1e58b32cd95640c51,,4
d447859ab68cfa3f808ef5209e7b0703,Rod,6
d4573920083ab452695b3abfc55253af,AC,16
d48510b4b17ac8111847b9c6e11478ba,Rod,11
d4a2d1516fc06cd66b2d3d3f7fc1ad5f,,6
d4c5c15f404c2f66fdb2a68647fee259,Cone,5
d4d3f59cae2b8c85676d2a10a1788c53,,14
d4d4ae987b4b8d0ea26b3257ed9e6aa8,Rod,4
d4eb916a2e6797b2d81bb221976e0192,Rod,6
d4ee360d8541b079f95e6f6ede8672ec,Cone,10
d4f14e81001e39dedc05455114b34157,Rod,6
d4f2ee9bf1fa05065ad4484a7a9e79df,,2
d5075102683174b44b7ef6578f6b51ba,Rod,6
d52cb55024e603d6a9433dad512c505e,,4
d5518c5ee1f3c1a8dd9d157e3b9c3849,Rod,6
d5777ef1788b4c3405317182b512c1bc,Rod,6
d57f1bd0a514a5212ea060e42d4b5fc6,Rod,6
d58d0cb33a97dd0c3db0403139a5117d,Rod,3
d5ce543b48de2bb8dda9a200ac1317c1,Rod,11
d6119cc0ea617616a9ff368443731b33,Rod,6
d630d56358c7520714d636df32630009,Rod,11
d6351646ce2dec03adae062761648fdf,Rod,4
d647515f023ee987305149e1d54f998c,Rod,6
d6476cab2b64d6f1e0db6003965eb82a,MG,13
d656e5f18b8e342854495ae145701bd8,Rod,6
d65963d51e7c2b3fb59fd4118f6ce89d,Rod,6
d681edf9270a111416bf405493d8d734,Rod,6
d69e4a122a5bae3020233b3a1a99f569,,4
d6b7d5becc8368244da46382d759d552,BC,9
d6c9e27272a23afb3ac2c361337f9fdb,Rod,6
d6d1d9fbd36e4862fae03ec6d17778ef,,15
d6fe1778de94cd3a01b2b4c5a5f581b5,,4
d7014b751457aa70e6debcf4922c7f94,BC,18
d70a3d1a4f98f538d44275a681e185b5,Rod,4
d70dc50d17b1af412d8862273a04b6dd,Rod,4
d73e47367ac18412cbb4ba7d621a8462,Rod,0
d73fbc1a91060e90afe9e92e795ac7e4,BC,15
d742ce07a392ba294c98272272550d77,Rod,6
d7624d017a60993cec11544f2bf6af13,,3
d77cfe4137be6ab8eb0d47bf408bc84a,Rod,6
d797877412a897b03009cba35de9c748,BC,18
d7abd3ed3341b5f1b1c50795198cd630,MG,13
d7af27c19d33e3f28dea4440626a01b9,Rod,4
d824bef0cba74386c5afeb90e432c814,Cone,10
d87e8c46f8cce6a52e519ff9170e8d5a,,4
d886fd2ae4a4d8b9f0088dc242ed3e7d,Rod,0
d88c52ec589204ff479ef5069a0f6c63,Rod,6
d8c5cd5a0724782044d407830880ae8a,Rod,6
d8d7548b733d89ed864f2ac8aba7e96c,MG,13
d8e0c15d735ecda801abd949bd524808,BC,9
d8e1359300e378825318ca7029b90fca,Rod,4
d903cc5ea3c48a39937dd05cfd43dcf5,,1
d9108694172658433dd7bcb9ab00a486,,6
d92156c25fa264413a13daeac0434585,Cone,10
d95c2a66aef94d6d0ecbaaa160a70905,BC,18
d96ea1d2f8163faf4f1fe81e616777d8,Rod,0
d99484a13f8ff9c789bd96d6aed82fad,Rod,0
d9b361694dd937c28774d196a611921d,MG,13
d9b730f199d57676c6363296346a6d50,MG,13
d9ee59886d41db22a84a8520c9ffaf30,Rod,3
da039881177ede658a76bb30fb54f130,Rod,6
da1e40ae9929c832d3a6126df0281950,,1
da2ebaeb25cd6b70211d7042cfa5a339,,1
da313ac58dd25495a7213dbe6b78af91,Cone,10
da542eb8145332576fce737852eeece7,MG,13
da97a282591954cbd3d676e9f1d3ffda,BC,15
daa970060c41b1edc42e68a13151aacb,Rod,6
dab3ad0c84a2b3599b296635533e87a8,BC,8
daf4067d518b29ac9b8afe8bf450a82c,Rod,6
daf5b08712b999e12d364c3e4533140a,Rod,3
db0145e3db901f53b762e8f34f39741a,,6
db02e243ae89f2e1c84c8acb07ac3852,Rod,6
db1f2bdf0ba73519008882f58f31ac17,Rod,0
db323853f4f0f7f4d37039646703f036,Rod,4
db501afc76b307612d00559f127b8500,,4
db6b4cd1f352c921a3f63e6b31714f3e,BC,15
db6e0215a5f55261234446de524d1a52,Rod,0
db8369a26278171d21c5d346dda34bb6,BC,15
db85979c044c25c90e6d7ab7eead2653,BC,8
dba0f2a8a10d1f8da12b3fc17a46ef9b,Rod,11
dba19482c44513ae82e20a2445195b6e,Rod,6
dba30cc02a8b80aa6ee06d5af13da52c,Rod,6
dba82b0799c6b5ffd245b14d791a9566,Rod,11
dbb71c05c49c51755b873755f933e41c,,10
dbd2d47f3b46adfd699e5d2d6d732a13,,6
dbd90a4784df66b879cc30738cb64160,Rod,3
dc05d267c07237594ae4ff212a65650f,BC,15
dc15f6470d0b1712a55a27f5a0cc110d,Rod,11
dc27ffa81969e76a24ccadfc20f387a2,Rod,2
dc4a752f57e2c4937b82acb7193a84a2,Rod,4
dc6909ed934d0959c4ceb07b1c619855,MG,2
dc6f3d0ebc9c2ce025e624142dd7b018,Rod,6
dc889fbebc700ccb695ab8d36dc9a1b2,,4
dc8ecc34347907c56c1acf80551b7260,,16
dcbccfabd7f6a1a30ce64798f2852fc4,Rod,6
dd2ab99df3becee7ac026faec0c6f165,,1
dd329e21a7af5082c16062fba0696784,Rod,6
dd62240f89b6ecc4f105d91fc1176af4,BC,9
dd676cb74fc2b3c2ec66146ecd4afb0c,Cone,10
dd78c3093ff5199bdff9e68eae1b6090,,6
dd7fb48c3524c2b94b6301ff069320f6,Rod,0
dd91e695c5a83cfabc37fcf92fbeb1cd,,2
ddac22399aaa035164f2a62ce4b3a52d,Rod,0
ddb3934746bb81eed895d4e9cdb19497,MG,13
ddbfa585bb2aa1e5036de298780cfc91,Cone,10
dddceab5c79eb9cb1ffdb1f07b311400,Rod,0
ddddf67a42a850d793fda85abcb47e64,Rod,0
ddf225784f5a355ad6ff955f4fb717bd,BC,8
ddf3071147643bfb756c646b0fe4f85e,Rod,6
de02a1a0bb7dd3846d3edbe26c3ca245,Rod,6
de1a3047e20f942eeab49d04bdd67467,Rod,0
de969b16c1941ccade372ee1eefdf2f5,Rod,4
de9961b92e31967aebc5ca328ddbe79f,Rod,0
de9b9e729be56df9d60008f000281dba,MG,13
dea4879e60602ab8676335a25676c742,,4
dea8b5d40f7e52ef7dab9ae02d83bc3c,Rod,6
deba69bc7657ba0b4de84c118a42212b,Cone,10
decd7575694d7e1d28968fb191e264be,Rod,6
dee6a28513ec4514b75e16d6601cb3f7,Rod,11
df0f0c6b4c1f3013fc6d28c4eb4357f9,AC,16
df40b9dfe8e7722731ab943b48b2c470,Rod,0
df4f4ebef979339090b5261933b2c56d,Rod,3
df5d5f603407d54c08e4a3c0995733c9,Rod,4
dfb3a874879789230fb14a2b5d999f92,,6
dfc4dc6d67fd20554dbb117c462bf282,Rod,3
dfd65701cb47f347dab9159d7ba4f49f,Rod,0
dfe0b2bef77028a68a7755aef0d49a0b,Rod,11
dfe8c27a6ae3dabc5e8d94ce263b05b4,Rod,6
e01c478d4497f0c505e1ffd0a025ef38,Rod,6
e075051f7c6af8a9ef638fded1d06c99,,6
e07ac01fb260488c0de801267ec8286f,,0
e0d0b518799f14af8a5d35c66cb37c33,Rod,0
e0e395aba62491d87d7bf1ff2d9ef64f,Micro,21
e0ff5b35b7837ac21d9c519c1b0c0c6a,Rod,6
e107a3dfb5c17e3e8693b73f09fbce5b,Rod,6
e121e8bf700fa6326374363407835f21,BC,8
e123011659bed051972f25f82f64d52e,Rod,11
e126c520a9d8c337dd51b118cacb107e,,14
e18812be5ce92b781269415eb5aea598,BC,8
e203fab89fa1a69380fa90ac94915243,Rod,3
e23f6794789d5ebbe53c0049b1f4ad22,BC,9
e257787011cb9867721dc14defcd7524,,6
e25b98d64943d23a951450436cf441df,Rod,0
e27d06a87f4fe85d2cc87fd162e6e02f,Rod,6
e29c4cf9319b7cbeaa9118c42d3b9868,BC,8
e2d5fa1617515d0a230696f8e10afc1e,Rod,6
e2dd005c43925694b8e504f8e2519a3c,BC,9
e2df8adb5ad5f7dd22a86d542a9077d2,Rod,6
e30a65ee13543a64167da3d8151a83fd,Rod,4
e36c02668529987f873f3cccf346c5a2,Rod,6
e37206e2377527aa5dc94eaa785fb672,Cone,10
e37f41f6d768b45d95493bccd4fa51ad,Rod,6
e3a1e0c9b20ed437c49b866b02669f83,,2
e3ad4013ad6cc17473684d36b13258b6,Rod,0
e3b3a4d833982263779e9fc8a28a3b7b,Rod,6
e3be597a11d68ff5287cec7a8421ee66,,4
e3cd2a347b0db041dbfe93d2147240b3,BC,8
e3d804604e233d2c920c6e1fdbb23c40,Rod,0
e3e7c22838bac19af9166277b48602d8,BC,9
e3ea59f1d1690980fbe52b00423c405e,,14
e3f0cbfbec67e859fea0e6ed04c19d61,Rod,4
e419efb34c84192190725899bec64ba4,Cone,10
e41c6733f2d4ed09f9d7c7d1caf9e1cd,BC,11
e431465c7af1c4ef865568108bf8717e,Rod,6
e439ff50fd93b76106eab996f7ac399b,BC,18
e44576348263bd56eb6e32c673707893,Rod,0
e44b5517bb5e60afb2c57810809486e4,MG,13
e453b357cddedb553ad3ee8267758375,Rod,6
e459294f091bb8b9449d4c2e28cb77c9,Rod,6
e4963726a7aff49457fc999a56cbf6ad,Rod,6
e4bb250f896e023103fa13f9cdaf4a7a,Rod,4
e4bdb9eaa843fb45fca3941dd5b8bf8f,BC,15
e4d112c0b52af954de75bd41f93b9f0b,,6
e500608d5898f18aaafbb68f9b26f4dd,Rod,6
e540d4789fe1df6e7e3aaa3040d9b358,Rod,4
e55d19d67855ccf8db6141e123d30071,BC,15
e5634a4d96e355022521c533cc5b82cc,Rod,3
e565f25922cea8643251c771ff6179a2,Rod,6
e580bcf03c8dd8273274fa0ad8821fc0,Rod,6
e58db6a446751c7f895751fa19a314c2,,14
e5a88bb03e2f3cbf14f6c6f13eaa79d9,,1
e5c4ddc2b7364d26eab95be653642cef,Rod,3
e5da1a9bc74878d049659342e095b8b2,Rod,0
e5efd8bc4b5396a8ee7230f07448bed3,Rod,6
e60cc0f4c80a68a2a999d91727038cd4,Rod,6
e612b8de7f77e03cea1abcbef60654a0,,2
e61b40e7149b0332de2273a6d68d7b30,,4
e67e3350c6fc3ec73286da991df697df,Rod,0
e681e01a215d36766adae8868b181b9b,,1
e69d9e4fbd075c6a0b020e46590f0777,Cone,10
e6e261de5f4cd1da1024bda54c4c2f8f,,6
e6e9e5f8202237960acfb973cbc379d2,Rod,0
e6f36e84c2cc72ccf0b23f80b412fb9a,MG,13
e702d469e0a1f21d87b0b6ff6bafe4e9,Rod,6
e70a225201be98310e835038d1297b23,Rod,10
e70abfd59c231a811b4b8ffae74e122e,Rod,6
e71ffdcd5c024976d20d1ab85d3458b4,Rod,0
e743b8a5ee87ce765afee8b0c57442ec,Rod,6
e75daed439913bf23115b0f4f046a880,Rod,6
e76d18859f4f1fdd31e8a22779177692,Rod,6
e78d4cb9910972a80fe216aa06c51d8a,Rod,6
e7a6bde51637fde825da3dad56e4e3d9,Rod,0
e81ff134a25b87bc66faa21cb4b25f88,BC,0
e8339f53314fa0f3762e94144db510a2,Rod,4
e85247db13a06644b627c86c4ca7679c,,14
e86d2ca74adab41a2acd77e51442b3e5,Cone,4
e89cb3a6b86ba167a35e4028b4390126,Rod,0
e89cd65392ad4745de3c08afcfa90aba,MG,2
e8a145898343feb52dec80826fa551b9,,14
e8ebdd0f7ca802d960b409fdc255e44e,Rod,6
e8fba4baee78a258ba710fc48c839170,Rod,6
e8fc91ec0f96562e4455a855faf55d2f,AC,16
e95d29424208cb92fa0ff1bf9933d44e,Rod,6
e98833d72f3b5aaaa07d636283621e04,Rod,6
e98e15ab9ebb33e930417646806b9edf,Rod,6
e9a5eb1b979864f33d954d34a032f81c,Rod,6
e9c03a766dfba90586ca4298e887180a,Rod,3
e9d03c86d091a8aa179ad6410c60aca8,Rod,4
e9de27fcc8cd3e5c8781971989471486,Rod,11
e9ff3197fe6f91ff100dd66952cdf4de,BC,8
ea2dd04732e4413a6d187993f3880674,Rod,4
ea2e91716ccb7bc7c4c41ddf2db5fcbd,Rod,6
ea5f9a7abbb738cc4b97a9b39fd13ff3,,4
ea60fef0d8340cc33e42c812fd4f16ff,Rod,6
ea94b63a06e40ffd8512e860004d1022,Rod,6
ea958ae0a9f52e2a6d0a89f8e6c71dfd,RGC,17
eab471cde8bf73a1300db2c0216ce646,Rod,6
eac9fb67f98cae505b8f424f255ba9cd,Rod,3
ead05c0bc71b510a3abdf56c956854b3,Rod,6
eafc74e83e4e1f299f0e32f0c4bd0185,Rod,6
eb165fa78a6cba326a60eb6ce519e6a6,Rod,4
eb3620c3fefb8b53ebba3ba6fa4957a9,Rod,0
eb584b0336e14752704db17d4309b772,Rod,0
eb5b9b5116c1f77c74156474ff0c435e,,10
eb7c876c746ba29ecc5bb60a2db32fd3,Rod,6
ebc6e817fb00ff777e8ceb4c20b8940d,Rod,6
ebeb85a4955762961bc8625ed1f8c024,,6
ebfd402b899c4396ee06c10c9c0ad2bc,Rod,0
ec1f7789209636eb911c0d3d2706ed91,Rod,5
ec38094f1753ccde9f4ea795e5bf976d,Rod,4
ec3f71957f3211eedf5e125da68f8d6e,Rod,6
ec6ae72c78e5b6af955833154b936b94,Rod,4
eca1039aac2e75ca198def2d55b4bf52,,6
ecf28b9eeafc8ad1b176cafba201027b,,14
ecf34dac5fdb95c3006af3b7efcb84a8,,1
ecfe2cea39cc0e4cac588819d96bb887,Rod,6
ed0393435e5815ac9da14235d88e0695,Rod,0
ed1bc514a49e52b4454530a085d866f1,Rod,0
ed1e2a39ad269788cf47f8afc454bd8d,Rod,6
ed2d43ad6998664643403a6a48a7388b,Rod,4
ed2e36a993042699b96dc7ad1b7f45fe,BC,15
ed674e8cc817bd8a0b3abadd4e9890f5,Rod,3
ed8abd5a4450fbbf439c9f0d4ab1fb23,,1
ed99504017144e5240d3efcb2f060d01,Rod,6
edb15da9bcb47615b2a6a5feba9bed7e,Rod,4
edc34a259a8735f7137cfdf45fba56b9,Rod,4
ee397febe6f598a1da59d674bf2bcc7a,Rod,6
ee45541b10c7a08800ea15ba449d6a9a,Rod,0
ee4af940ca5c152acde6d95990885fe0,BC,15
ee7c1351974bae4073920ab4e14134b0,,6
ee8f1fd65be950bbb64655dd6c35033e,Rod,6
eeb2feb21c9e422012838d40e1774f19,Rod,3
eebfe2891b3c0fea6539920c558a8674,,14
eec0c0d927314308167475c13a46586c,,1
eef8c1461a859d44e67104b67336492d,Rod,4
eef926e7abb0edaa222c406eca838a7f,Cone,10
eef9fe2e6ba976c0b33163edf84be01f,Rod,6
ef23dd05c51c10a2cad4b7b5e7b2b12e,Rod,6
ef394f60eda4f69fd2d604828089fe7f,Rod,3
ef3a9b54f3a49d00b444b97a1a77ca27,Rod,6
ef44ae3a5f4cd122021984fc70574cd3,Rod,4
ef74e488c64abd8e9377b8f221ab93d3,Rod,6
ef7db448b22ee6b22296644071b03a20,Rod,6
ef81d02cacbb19c15126ca7356ccce48,,6
ef981c08795f74ab24eeb676cd2b9888,,16
ef9f8334879a6240332e73b662f50964,Rod,11
efbc778dbf7ebc06859f2cd5cdce4f52,Rod,4
efbd9197683164683665e64c97f3703c,Rod,6
efda791d3349385b94f4801b7d935a55,BC,15
eff86a096491229a4e1969825d434c80,BC,18
f02643ef7518d5502d8e21e00950d61f,,3
f03d3be839603a0c9f340927b1b83e63,Cone,10
f03e1073bae4135d4519e2fad9e0cbe8,Rod,11
f043f3b223a75d986887a65bf0064340,Rod,0
f067105cff5cb14b62fae068d17f7214,Rod,0
f0765d533bb671614cf1014df9f19c1e,,10
f07c58f1f4b9ea5336c73bdfdc186adc,BC,8
f09373852246c1fd932947d1e0a69d88,Rod,6
f0c651caa8045484aab6cae6d717feff,Rod,5
f0d6b96006984fec1ec26e3bf044f45f,Rod,4
f0f872522eb8f4dd3c3772a37189d16a,Rod,3
f126775de4521e121751217c384e6d17,Rod,6
f126dd2e73fd1cac9f5e97de0831badd,Rod,0
f12f8ff9c24eb49628f5fe6c7cd79531,,4
f146200ddf8ac0a6cb0271b5509ca5e9,Rod,6
f178cb4630c8fdc50f2d4fff222fef5e,BC,8
f196240526f1316fd62223afc0062dba,Rod,3
f1b7e4eae5310c26e49a12471a519d98,Rod,6
f1bfa5935e346ed468ff4cdee2f12e4e,Rod,6
f1e3e02b0a1d67420ac993d8143c13f5,Rod,6
f23add4aac6ac9c7128f488825602e5f,Rod,4
f24a8bc0c82086779a2684f5dad7ba0e,Rod,4
f25f35cb96db0c776b35aed62d1b990a,Rod,6
f26a6c72bf69ea826c7228447bfc026d,Rod,6
f2889e5f306263f0ca676584c705d565,Rod,0
f28eb4c750690c7259b91bf86a13d0a2,Rod,4
f2913a523875de0d2c27593439894059,Rod,3
f29c5a8e8e573087a8918a24971e820a,Rod,0
f29e0bd11a5d3e54b24eb14937b6097d,Rod,0
f2a5838262facca9e49de01404593525,BC,9
f2aa6ab71dd31679ff6282ab9eca43e4,,4
f3232520f97569e70e3ebf68a963411b,Rod,6
f33693c5dc41bddb274316ec5a731b1c,Rod,3
f366b288118547dbd20c68d4998691ca,Rod,0
f381aa25f3202115548f9ad3c0423ffd,Rod,4
f385e441b6af8019098995572f1eb1b1,MG,1
f3879228c1bd8296ae856f1af6fb94ca,Rod,4
f38ecf5aecd386e16d212a8caca15180,Rod,6
f3926fa23dd393752b942b426e9b3205,,16
f39b5e39a9c95c48dee8045d2a3fb607,Rod,4
f3c2e93d29a2cb7512976a4e5f43f38a,,0
f3cf6d94e3020b0f74eb7b96b6f3db7d,BC,15
f3ef7d21315becf1c1fc67205655df5e,,1
f3fe968a908cac148c5315869b2aa272,Rod,6
f404b752003c2d92fea0c90e4987e10f,Rod,0
f41c99a29de08c49b12ed68112647643,Rod,11
f428100e763124dc90a71317168650a1,,6
f439b048ad4197a0b5c2c95069721082,Micro,21
f4448b6d1d64a932dad89ea3c92262ac,Rod,6
f44865d024d5ed228a8383e49344cd4b,Rod,4
f47d2283f0cbeec07ad95ca353058d48,Rod,6
f4c49e8bab04723d3e0337a3917bd033,BC,15
f4e8dcaa9d7095beb1281d8037645a2c,Rod,6
f50e6cb88f9b9a8e97878ccb48da1fd9,Rod,14
f51124d2f999e2e0a8488b023476c89f,Rod,6
f53878782036feb3cf51de3fcd3d1ff3,BC,18
f572748ffe956421068b9f409cf614e6,MG,13
f57c8c33d6c7a2d24033f43f0986317f,Rod,6
f5816e7894cfd1424b25c265a9e890cb,Micro,21
f58411a9b2411e92801c4f721cd821f0,,1
f5aa7038ec8a9c6203662283676828f4,Rod,6
f5f2e58bbc4ffd00b53392d7bb81e81d,AC,16
f5fae8ae61c3fd1414d96dbb70f645df,Rod,6
f5fdccf56cd87451c31dcbb1552e6ef2,Rod,3
f60542ebd0ec0075ac37b3b562c1c8d3,,10
f623aa2eb916b982dba7eec9ca05ea15,Rod,3
f62453f7a560882e2a02e25164714e27,Rod,6
f62a2c60d49cea2b156ce05b13f22cd0,Rod,0
f634157b0c38cdccf9f0184c350de7b0,Rod,6
f65078cc8645594a2d81e1e1838de80d,Rod,4
f65f61af895caa46458f1b22706f16fc,Rod,0
f661b88df58333e3e05a3cd2aa2dfbea,BC,9
f66c509864cdf9947205cb0fab00c7e1,Rod,6
f670ea9d29b9f8e506167ed3a1d91f68,Rod,0
f6a09eae77f3c71b90d59cb4bab28e4f,Rod,4
f6b62490414f440bb316159f4e74f46e,Rod,6
f6c58cbc2e1e4098e1d46420426a0b35,AC,16
f6ce9e52bebe73050cb4907d5e527811,Cone,10
f6d8a0eed7dd54411b9e5f01c38b6ad0,Rod,6
f73b13689022429faecc905738d05c6c,BC,18
f74e7804c543b3869cdb08ae695245a8,Rod,0
f7585281cf18ba06b49b56d336474796,BC,9
f760a40d1bf8d858c84d5f466901f561,BC,8
f7722fcba18ad5f7190f2a12859538d5,Rod,6
f77c8e1a4b8d1ee6be30fa7831c9099a,,5
f78d57c69e70171e71ccd93b3376b05b,Rod,4
f7999e11371bad2cf7b9e173a9a9d7aa,,1
f7bc79fb3a4338ca84ba50da3219d11f,Rod,4
f7c8715dc2c732823ae77fd8d0a535bd,Rod,6
f7f17ad63ee766eeb69541fa4fab0dc4,Rod,0
f8082a9942eef7032f03b2451fd52cc3,Rod,3
f8128ea11e7f1656c00ec7d0f22ccbab,BC,8
f817ad321e556572031bb5e7faa6d82e,Rod,11
f818b0689f8ceac7bf0de046e147c10f,Rod,6
f83b3eef6e26b1ffa0d771cba120edfb,Rod,6
f83de5b583cf9ff9bbba90594d44964b,Rod,0
f84283e68277000f308c7f0dc1687882,Rod,6
f84ab4a2fe13e0ed8469e98097ddc5dc,Rod,0
f8530e5d218c2cb9cb6d93690761a468,Rod,0
f85b950e4d141bfabf268c48ed41cc7c,MG,13
f86981b6e07b1816d13ea3e5f2fe5781,Rod,6
f87bfbe5008070633696db838864dcf9,Rod,6
f89f02af71b3b720e5382934e70676aa,MG,13
f8b42bce03875d56505d09ae0cfadcc8,Rod,0
f8b63612f4a98ec1910b76da0886781f,BC,15
f8cd2ddb7edd310fee0dbad9a81473ff,Rod,0
f8e95f989ed5ef28fcd89739191c2370,Rod,3
f918db68e02f9dc7bded05d31f0f1c55,Rod,3
f95550dc928a38f9f3cea293f06464c3,,2
f959f5b28f03e44de9706240ea85fa7e,Rod,0
f9a2e1aaaccaa282dacba6096c693288,Rod,0
f9fded22c2b21b1cad6ad5038898fc39,,6
fa068c324fd84e66e524a1a3c81eb6e1,Rod,0
fa08aff2e998f71686c43bb44b9ef0ee,BC,8
fa1a49bb23dbadc28e55cd651ab1cded,Rod,4
fa26c12dca66cc4e8ab810fd8de94d4d,Rod,0
fa2a7a839938dbc987743ef61c3efbbd,Rod,4
fa49cea0b1a15523c8564bb55d430d9d,Rod,3
fa563133c45e7bddda831f7b420617f9,Rod,0
fa61b153a0aabcfe649fcd06fa9df302,Rod,0
fa6dbf0eddd6f8ac2f019d587ecd4cad,Rod,6
fa89da96182012aca293debac71df112,,6
fa98818e6ae6a091b817dfc24c2ba0f0,BC,8
faa9125338d84d5ffc0b4545178e0078,Rod,0
fac169a326232aee4136b58aa101c873,Rod,6
fac6d0fe7e8c1bbc055545337ae227c4,,6
fad414919eced06ad50d7f745c4930b4,BC,18
faf3eb8f849049f205cd90718bedfd5e,Rod,6
fafbe9664a13636dab99d3b80fb0cf18,Rod,11
fb0e893acfa0feb17fdc6fe1bf0e9e30,,6
fb4ae9177593d328713bffa988b5e84d,BC,8
fb6810e4a8edbb6f9380c3b7228c619d,,1
fb77eeae79055c5c64a13d5cd65f8d9c,AC,16
fbb7b0ff8227223cad7c52ca00f22c2c,Rod,3
fbc21c5bf56acf74cc0d462a2d074293,Rod,3
fbe4508a3757741c8bcfaed2466b4e42,Rod,3
fc0f286dd4d33187cf25709e800f0eb9,Rod,0
fc15b3badf50d8249269e0932431ab6d,Rod,6
fc2225cf543475be58c7e0354bac8dc7,,6
fc57a7e1c3f20d03bcaf6a638a6d52e2,Rod,6
fc637b2b0f2f258aa383aedd07bc62e9,Rod,4
fc6c8838aebdaa790879138d1f386023,Rod,0
fc6fa7b67c8981da8392746358b68690,Rod,4
fcae5c9d3b59725e698a86fea020d6b9,,6
fcb81e4d4cd1f42dc279cc1ce50d2a08,Rod,0
fcc962f083c9927f4324b9f46f1b01e6,BC,15
fcd305aba102a8ad68a549102a0335dd,Rod,6
fce7afbcab9ee420928cd8be9c4f6b53,Cone,10
fcfac63429083722a97e5929359edf34,,14
fd0abf2297a449618e7834cf229fbdc6,Rod,4
fd1dc14d45db7a33ef885c40dd72b922,Rod,3
fd280136e69a7352010a36c19dc215f0,Rod,6
fd60735bb22683f048a2b9cd12690a5f,Rod,6
fd67e29feb2ebefba2f1985d43719608,Rod,6
fd7799c07c6330a1b65838df108867cc,,2
fd7ce3a62d3eee7eda7fc436ca6dd86d,Rod,11
fd7f03bef01d9a16d46b0ddebad5d00c,MG,1
fda4a698d3583d7d72e486a07870522b,Cone,10
fda595938dfd36e8015963c9126a85da,Rod,0
fda661d5609eb67cfab47c0631bada5a,Cone,10
fdb453ee52400a30530db7b0d844f594,Rod,0
fdbd7a8c4430cac5cec359316ca21458,Rod,0
fdd0fbc62c58b896e4bcb679bce29c0c,Rod,6
fddd9e8059493f02af76d9b587095a50,Rod,15
fde8bbcf35736ee76f421a57a4bd7a72,Rod,6
fdf8590cb2c0cac291e5aae49dbb4edd,Rod,6
fdff18530e7e19a261758c80e28e3eb5,Rod,6
fe0f705013d76f3f0fb6a86fe268d2a1,Rod,6
fe3ff0b0b1b3f0afd6a3aa225bf3c76d,,14
fe7c5c31f89bbcb42690680b50cab2c6,MG,1
feba2d8407a663f43b0527f7dc1805be,BC,15
fece8667246dd5ed971405aa0c93fe3e,BC,15
fef0db449ff3d8131435ca287f450fb3,,6
fef234705eb0f016aadd173825555f13,,4
ff1b1c9101c163a6d962be933d701d3d,BC,8
ff885a712df50c5faa5e578d033a966d,AC,16
ffa30625dfbc4343f77b6ef65f1ff6e4,Rod,4
001406729ad92e8175dbdd85966a53dc,Rod,11
0027622153cea496376ecfa9d4b9a606,AC,16
002c61e56ebc9215a5acf46d57083b53,MG,13
005d46aea3e37670a03bd7a3d56a1702,Rod,6
00a1e66358378f79810c1459184a3565,Rod,6
00bbea5da66d91faf18a459f965b228c,Rod,0
00cb7103c6cfd6ebcca24fd4d438d53c,Rod,4
00f36cde85cb94de796547ab66271440,,2
010025f7d00c7b85655a515662a6ecab,,6
0109a40ca32cd0b0e29a681b286b761f,BC,15
01126001074e224b5266efd0731bc7ba,Rod,3
011eb83dacd28982264cdf8f5b5e1c2d,Rod,4
0146fa6a8801cd57d6d909275a3e8320,Rod,3
014ec5b67d47fe7c9e14585828573573,Rod,0
018363e7c85bbc580def62d7da1bd058,BC,15
0198978e5d78b596e51b7a49f56ae33a,Rod,4
01991743e7f7a5b944d0f3f5a77c8dba,,14
019e43e14564cbf70016cfd1d9b91cd2,Rod,0
01a3f284dcb4a0314d694e0c51be93c4,Rod,6
01b20bd7108841a821f1ffc624d63885,Rod,4
01d18a282b2bf38a634344478f1a3be2,BC,15
01eb73dba327a8a0c5e3f886dadcfaf2,Cone,19
0234c5c60c087d3bfcfd6e3d73745e28,Rod,0
0237e8e507fb95d9b6b9db02a6a5f345,Rod,0
024fa954a78a2e6d3ef1a4ff744d027f,Rod,3
0270b884f2f8c9b4fd481ac8ee21003e,Rod,0
027c5ca93b52076a22d3533c063a4d09,Rod,6
02ee7beeb8f34117559f32132207c857,Rod,3
03066ad179f4c1304501c5770cf0b1dd,,16
03217b3377bdc6c6c03a9fb22384274e,MG,13
03286dd4d52a561dd3b4c778e1c01c08,Rod,6
033458509a56389dd9a88bbc36216e4c,MG,13
033fe72f21d04eda497c178f68367b88,Rod,0
0340b050bb81337ef7e386c639ae060f,Rod,3
0345f2bd84285f0de0714f14ec36c8ad,Rod,4
036ca585b390a5cf40395c2f739d0c66,Rod,0
0370b13b4cb7d1f83cdd65a40e599633,,9
03d8f85ce21586aa5ae399722002b226,Rod,0
040e8a7c808e3eb7674f8f169be3b0cb,Rod,0
0437d2dba2bc9fa16f52c0d035b1dda6,Rod,4
045fef8994fa04b0d2049b88d58c51e9,Rod,6
046d3329c82e2792ab4e966bbd937d70,Rod,4
049fab18beba2fa64f92ecd5ff51ecc2,BC,9
04cf6e41d60606b2795928ad3206f847,Rod,6
04f037ff1d5ee200d67c37d8633950d6,Rod,0
04f420df2ea705d801162c1ab43bd7aa,Cone,10
04fbb39c81a4239ffe731a67ea54f3ff,,4
05216287a72cb7fe10bd71a15cf1f4bb,Rod,4
05299d0c57f6f3cd6e1fc733bc303b32,Rod,6
055cc00fd9d36de38fdfc15e4d3af361,Rod,0
056f7206579bf61366adb01a09dfa294,Rod,0
05ab1e3eae0f27bc121fbc6be250cd96,Rod,6
05b890df49aca4b55deabfde62769d76,Rod,6
05d8817353e2971bf3b00acd2c81fb6e,Rod,3
05e56f0bf9201b9dd520d64dddeaa0df,BC,15
06164212584e713a932d7efa75416859,Rod,6
061ecdc674d5cc0cf89cbb282d8ac3dc,Rod,6
064d244262bb9a3781821b81ff21dbd0,Rod,6
064e744ab3f18c98fc8e0f278fc24c36,Rod,4
06551000b1545b22003ca98a756b7cbf,Rod,0
0662b6575a23361186e6554cc1a8d881,Rod,4
06738b158c8211c06fc0e738c0dada61,Rod,11
067e3e7c94662385d6139668e8ff547a,Rod,6
06a520e2ac8940d601c6d1c318734639,BC,2
06bb95c5584f5c36f0678779680614d2,Rod,3
06d8b312eb527e1f6ae3c604c893a9f9,Rod,6
06e828997ada05f21de461ef1c2a662b,Rod,3
07365d0a6f1b95202148fdb1f657cdda,AC,16
074bd22fdba99bbad9fca8f6274ffd2d,,6
07601ebcfdf9a35a565ea8d3d3510056,Rod,6
0762573aeb65594aa353695b06f46cee,Rod,6
07681fae97fb4cb40e99dc7597264bb5,,1
077068e6e4ecbf8169c7cfae5ca31724,,16
0781e9dc56bf21f04b66cccc1e532e12,Rod,4
07ec11885fe1109d8b8c11aeec9458a9,,14
0817b64eea14e940771c1a6edec42268,,14
08301c0c936edc63002c43826ad6c3e0,Rod,6
08448a687570ff6385e0cdb2b5eb078c,Rod,3
08485606f6cd45fc6c16730cb7666ebe,BC,9
0856305e048c5417ad6801651bd4d311,Rod,6
0865e8d3bac5d4dd16dc784a309be67d,Rod,0
086eb36f0cc4496a0618bd3b1fa0fb79,Rod,4
0892e03a8dd8c266757be72149a3a461,Rod,0
089a4a878ec1b398cffa6909c0be07bf,,4
08ab9d0c4953c0272185cc7169202194,Rod,4
08b809826bff0fc3f1d5c12cd770a9e8,Rod,4
08c80ce776c652e6770214450687acb5,,5
08f92e9388dbc58e83c67c9539f27faf,Rod,4
08fc3f0dce3458283b56f4dcbb6326a0,Rod,0
095f39f89b9bf3ebb1a3c907e5f1457b,,14
097d2647698857b38983b399655c1cb9,BC,8
09bc3b1fa8d2a757ba716ed7da3dc5da,Rod,6
09fdfbf244a3c407dbabb82f96491d05,,1
0a1b5a0b7e33e24c0ba58f360c813244,,3
0a1ca372803aa873a46ccd085006f03e,AC,16
0a7425b4844ac823d449e8508730653c,,10
0a7bccfd1cc8fc699c6ddc08b1a10fe6,Rod,4
0a8a91d6d0c41c3dff4cc20788f4f3b5,Rod,6
0a8fcfc9dd18432ceb79bb9ceb207230,Rod,6
0a9bd9c1295de750b2b418b4027fd908,Rod,6
0ac6b833b3dd9e4fb2b47058c053a27e,BC,8
0afeb1f09d1b349a13f0447c8f6f59a4,MG,1
0b042b48ebf764948299c9c53a949f65,Rod,6
0b23195f1fc8c70796b083aaf143d06a,,0
0b42170b088303f2093df5449ed411a0,Rod,3
0b56bbe9b4bf0f20aab19beb224550a7,Rod,6
0b584d9f11b84b8b15dd22243c11d4f0,Rod,0
0b59e6675e206a06bff60c3654a2159b,Rod,6
0b5b98e46bb7eb6ca0ff71e2fb06d999,BC,18
0b6d3eddddb2df76587bbc6f6fbc0ef9,MG,13
0b744e633e0e631c90e68419fdc7a309,Rod,3
0bb72298b286b0eacbcc5fb71bf69be6,Rod,6
0bc91fcf09bccdf37c85b75c134f16d8,Rod,0
0be0f9ab361e685c33d1b2c36cde79b9,Rod,11
0c11e2f74bfc0d46a2d0dda3b5394778,Rod,6
0c43692db6e1e52e2e3491be352d032e,Rod,0
0c69608f7145e898c923d56a2c71c589,,15
0c6ee5a57961a49080739871fced8cbb,Rod,4
0c8e27dae6306fc26e44862ac7fa4f30,Rod,6
0c93623d8946d16ee1b8e2acf97d6eb6,Rod,6
0cb44530bb42227d9702129d2990cd46,Rod,4
0d42767db29fc7ea94359e622f53f6bf,Rod,3
0d5a4d2fc4f39cdbee7522c07e5717d0,,14
0d8fd775c34a52445ce6280244e4a8d7,BC,8
0d953351f6ed961b463401c131d84639,Rod,4
0d9a7bb935aa1a66f1fe9e58ca7a2d43,Rod,6
0db60a8dec1382765161fe0457fb7173,Rod,0
0dee54a3c8350b3a6b9ae8e48b022bd2,,4
0e10551f837ffc0e57a3711557345e09,,7
0e1652d93e514b6127066da2ae99f938,Rod,6
0e24c12d4572fa0ee0efa2acf5735b05,BC,15
0e25a820517fdb0a007e25af84499852,Rod,0
0e3dd0b972a79c091e1d0f48cc8eae36,Micro,21
0e447ebd569738803225e5e39673a90d,Rod,0
0e4f52a81e858573d33d995ad0b9bafe,,6
0e537f42ce42fa245e2db32a7fa283f2,Rod,6
0e57c15a32cf07cb250ad85509577315,Cone,10
0e5bea1fbb2174398064378a7a334662,Rod,6
0e5cad64b2d9e4c48adf43716e1b99b8,Rod,4
0e6dafb0f224f1061718e6df818e87c3,Rod,4
0e763a55baf8abb5aae431792a140842,,2
0e968316ab3d03a6d018716c9db9f74a,,7
0ea88deabd91235181ca66391bd668aa,Rod,3
0ebdaea29476243d8d87949e68e96c98,Rod,6
0ec951533b7b931b0a5d608637cca823,Rod,4
0ed4d4a8ae9b36c7f0f6c61b6e7a9e12,Rod,6
0ed6121d17dd4c40ce1f8688015bfb86,,6
0ef2130fedbfcb91fd951400ce330afe,BC,8
0f027af00ddf81012b29dc1492eee4e4,,1
0f1b358f1b0936461f5fa9f6c68fdef7,Rod,4
0f1c4e4b0557cda0679e1d14969c6155,Rod,6
0f31cb5b882c3bac8eb61ba95ab225a7,Rod,4
0f4214c959fbe6e44f8de0731b397224,Rod,6
0f512fffa4064953385d5013061baf8a,Rod,0
0f62c312967a3ea25fa4cda8748ba94e,,2
0f6f943abdf890782ad7ac8cf1852c8d,Rod,6
0f760a9d2b4b1174cb1ba057e2816002,Rod,5
0f980b975fd3cc67c4176d5312f204b1,,4
0fa11530ed0e970e5363793c78c4dbe8,Rod,6
0fcddb6c888428e1500d8e05c69f11b0,MG,13
0fd0d605fc3a0ce7cac20047fa6d37b5,BC,8
0feae0e653123688d3cd8c25e5f12b3b,Cone,5
0fed7d1c6822d0e19def4c07f08888fe,AC,16
0fedd7db3bb7f49e80c730c9b681a7ec,Rod,6
1001d972ddb22b05daba5171a5674fef,Rod,6
10086f4bc896ba2c3ecc783cdc13ec90,Rod,4
1019db8884c208a7caafcb796fd08bac,Rod,6
1042b4d8c7e68b4dbc74e7a3337646ab,Rod,0
10448ebd014638e0971ff88f66d58fe7,BC,9
105e8b93b873fe1d467c0433bd19da4e,Rod,6
106d73da532c77030559596c8bc099a5,,0
108ae2a3a7cbd188bd582f22071f2f51,Rod,4
108f429e0980826e287864e8d16c6108,Rod,3
109ac52c8984b19c08b33097e1ddbf39,Rod,0
109daa12049f530ac3ce9650e6676875,Rod,6
10b189adbe874a9be131ac6bb36375ae,,4
10bf3583d2c53a65e0cb1d26ae92a306,Rod,0
10d081eaa1be973830f0a53d0443253c,Rod,4
10e928b6bcf9a76113f2dd3ddfb8bf51,,1
10f3765c295d3cd9c28c382ab623cb42,Rod,6
112a14e332990fc5e99b89b00231a05f,Rod,0
1154eeed17a35e4ba6ea7792ad611697,Rod,5
1168b7a6826512326d56d11eac2ec037,BC,8
1184ee883621bbf6e87bcb31e552e316,,14
1195867e0399002c9cbb9d3d2647dc4d,AC,0
11cc21e302a38942da5e05643f2d56a7,,14
11dcf7ed88989c4c43ba8bcc14b06aff,Rod,4
11e82d8abd50cfdfd778d7225ad9c398,Rod,6
11ef44cc58bbfdc5c2d82423e42cf09a,Rod,4
1205fc2bd640d90255595bd505fd0152,Rod,3
120d80e408784c116dace37f7bb755e7,Rod,6
12890feadd5f94d62bbeab936714fa33,,6
12aa9c273817efcc3845ddf04db1dd5b,,2
12d2deaaafe2cd1de0701c21ca6ba237,Cone,10
12fd7975eff9c61a300f5d2140b9ee3d,Rod,4
12fee06b54a26c973e67f57df70e6870,,15
132a55c467df83ca183d5d82fc774dbd,Rod,4
132b208be71bba8b69fba0ef0756ca6e,Rod,0
13393a4b52a24641da63092b6efd78cc,Rod,6
136821ccb44c2bb2d3d69aeb029e9db8,Rod,6
139337da2118f29070504fd1776a7d89,Micro,21
13a9920b3d63e55cc28a34371a136d02,Rod,8
13c935504e8e9d78153a49ad9f26e082,Rod,4
140661e1a181e2f97be8bd7637325528,Rod,0
144f0406b5b5cde0cae127f835050796,Rod,0
14665b57a5032df42971f8250e2bc42c,Rod,6
148f5a191ec535ea404e1099406bb8b3,Rod,6
149fbc98f308151bd447d829956a7511,BC,15
14baf4b72f9735dc5d79e879175be04c,,14
14bd94196f8677bd60a9a347c08cd3a1,,4
14def61168c2127ad3c68d278c42c9d3,BC,9
14fe6683d6aa504330696850ae5c51c0,Rod,6
152f99d040cbd6187fbb3284371a75f8,,14
15492f51d1ea4bf4651682da9213437f,Rod,11
1549ef5f70da159f8f830563df0e611f,Rod,11
154aecd2edb1aaa2fe9994403bbe8b84,,4
15cdec551eba670371480f4f117a0b7b,Cone,10
161f2b23c631ff080988427f20d6bd60,Micro,21
1623bf62ca1bc20e9e7bd8c38a9ef930,,6
163a6bb9f154505d752eba85db9c7e6c,BC,8
166b4638bfcffdb81d0beae4be1a6dc5,Rod,0
167df9a83128ed092ba164dd97fdf472,Rod,6
16b19c263049ddd5d6066461d09418d0,,6
16bc0dd4c8f3d794b1546571c9d1d543,Rod,0
16f9eb34c6e2d83ca5260ac1b8e2664c,Rod,4
17044cf3835c09f88895a7070e5e292d,BC,9
170664b9efb3bee6f8441cdfd2c83a7c,Rod,6
171118d6697e21824b85d0890e3f3efb,Rod,0
171309590984589a06400f71f9cb78d2,BC,18
17231424a172d0f2c3cf3a66b29b85e7,Cone,10
173dd67cb45645c20e6300dba6773408,MG,2
176b1cd6cc3b1035be88692f09984546,Rod,4
177a759521cbb4464872edf8e0ee0100,Rod,6
1791f3683a2a8405887acfc8610232f8,Rod,4
17931062898092febc4a01992bc1e180,Rod,4
17ab70116116366bc6ce11ad17e51359,Rod,6
17c8783a9477522aeb092dbcdff22192,Rod,0
17cc1b5b44906389a585dc388ca6ceaf,,6
17cd69a52a292daecb474abc6d036aba,Rod,0
17e353ab598a1e340f3f4c736e34750a,Rod,0
17ec195405c0683bf8401e2a0fc7cf08,Rod,6
17f54a25f393ab6e6839cddfa06f2807,Rod,6
1802f7ab2ccdb3148d2d7796e33d8403,Rod,0
18087ef7c8792e46f24db23efb027f0b,Cone,4
183e7016a038a198b51b44827878afc2,Rod,11
185cb32adbec81319e5331426f38896e,,14
186d6037a5d1e7e11f7a7864c07f5425,Rod,0
1871e0ad815277b882f9619d6b1d56d3,Rod,6
190926d6132d089ea957a45075fa7abd,Rod,6
192ec706832ff8f8566d706312a3e631,Rod,6
19388f99bd6f2577fd3fbf5424716b8b,Rod,6
195acdf61b930908be8bd6d8d8288bda,Rod,6
1963f667adec9d54eff9c43000b97879,Rod,4
197a2e751fd69ed650517b8eea09770a,Rod,6
197a69abaaa6e76754c56b435c8b2dd0,,1
1982bd35f50b4241047cabf90f6f5f84,Rod,4
1988da6d91a0bc935b75c6a65503dd4d,Rod,3
198ecb181623a843a47aeaccc90e534e,Rod,0
19d65d1a704a9cc2b094dadc407f0b9a,,6
1a19010878cd8f26e5a1602a041b04a4,,10
1a52687a78e56a9ec80fec393b665fd4,BC,15
1a54e23a6e56a34137c0727d63cc97cc,Rod,6
1a62cc58acb6eee978675b9f768a96d9,Rod,4
1aa5d8f2afff66a7682ec949401bfb9f,,14
1aa7680d9eb63da299a59b137e7fed65,,20
1accdc6b70d94e64c1148c78cf16a032,Rod,6
1b0643e6aad9b91f6a0a8927c92357f4,Rod,11
1b1d662a8e29b37a874b63c3b5662b2e,Rod,3
1b219e32a3328748762e2b8061f04356,Micro,21
1b313ae359fe650ecb189211ce00117f,Rod,4
1b461460954c2ed49185c018cafd2921,Rod,11
1b522926afd344f7f13e9d7cfb197135,BC,15
1b7fd2da3ab06bae13deb0d67677167b,Rod,6
1bfb843cb0ad11b13b47b0db3de8ed4c,Rod,6
1c00479b9f967d1709a2a48a7f402c62,MG,2
1c13407943d701338cfcf3bcffcda176,Rod,6
1c3a4fa2eccdca20e46d9d8cc8deb74a,Rod,3
1c47f7be6ccc6f6ca49f0ef54dc507c8,Rod,0
1c9829523246cf0b6f621cfa17675b73,MG,13
1c99dd3631fda18858d34d861757a863,Cone,10
1ca05516b2011afb55fb2863188f9e09,,1
1cae580bded11407e90a63c336ed0012,MG,1
1cffbf48ecdaf701853ac5e9a889d0e0,Rod,6
1d30c79908f6a33334d5835c967f04f3,Rod,4
1d46e011e8d55af612c5732595803bbb,Rod,6
1d51277f39b4f1b37709a846ab3e958a,Rod,6
1d6543e943659e7766197bd2a6e2e8ab,Rod,0
1d93672480f8ec790cd970fe2a4d2d5c,Rod,6
1da175992802277fcc7c0615f9e5206b,AC,16
1da282e728752325b23576fb580373b5,BC,15
1db23b061cf85b3493e3e5effcc14cba,Rod,6
1db2b84689065febdb3c2a65cd8c4598,Rod,4
1dc3c7b44aa0db4816c8450d835e2e46,MG,13
1dcbeb8cf64982c99d401d656fc763c3,Rod,4
1ddca0430fa3bf9c402674bb0df59af7,Rod,6
1dec4fac8380b76e5cfa55dfbe498092,Rod,6
1dfee466d359b02fd3dbbeb7eef343a6,Rod,0
1e044d5ee1a85526b8e11fcf4f2e67bb,,6
1e1f482d4a4c6fc7620b436f38f46478,,20
1e443552e997f9dbc1f733e06dbf0eae,Rod,6
1e498c7d4feb4050c1f0f7e85a19d97f,Rod,4
1e749d749e42762a2138912412dc4044,Rod,6
1e993cffbf82edc1cdc7794aa234f21e,MG,13
1e9b04fe86bc318ec5d6aab683eccc03,Rod,6
1eb75c1cdcf5ee043e17d79a0ab3af59,Rod,5
1ec9713bc823c760a41c8457beb5ee09,Rod,0
1f00e6fccedfcfa5f485c619222d8b98,Rod,6
1f12ed8b947a3ea3a6318bcbba685898,,7
1f15d7e239b6e1544ac8bab5f20db319,Rod,6
1f21a84419866b7ce58c10b0c4ee5aef,,16
1f42dce3735c540b7280719370be9bd0,BC,18
1f4714319f946b13e786aeac1654c1a0,,1
1f4e632e615a71fc2f94e38bbc490ac6,BC,8
1f5aa18a20daf19bc6c32ad22d174459,Rod,0
1f63a0bccb4b72abd5c1f3c39a639552,Rod,4
1f8690c3610c23e7dbfc0ff224793b4d,Rod,6
1faeefe1d8a52d34f88006e718b1eda6,Rod,6
1fc080deea5420ee65cefa7c83cc4958,Rod,3
20279c36b08639a236881c0fb56472f6,Rod,4
203b12a21625c038ebaa1000d8cfad84,Rod,0
2050c38be4e2f5125a6d96c4e1491fc6,Rod,3
205ea6257b4f5b3ef5c20e6688dd7f57,,0
2063e89f23810a20d2c5b1facd21efcc,,6
20685479b90d33d47924a9d55d804768,Rod,0
207427bf3369188ae079fc525a75a440,,4
209351bbb4ffbcc20a959de177365994,Rod,0
20e0825173730194160ca2a6cfd53f86,Rod,6
20fc00131834dbef80371085384c8a00,Rod,3
21019e1227da8af71ee2eeeff4ffb1a9,Rod,6
21028ec54b275312e10a806ffd2fe839,Rod,4
2108a5bb878cee3d8f1574bea4663356,Rod,4
2116b5aad0434aaea1ec14b0690d9dce,Rod,4
21264d931f5822b555c5195889d776ca,Rod,6
215d44d01f5c454a7b58f8a9dd948b9a,Cone,6
21642ab993328b7b457c24ca64dcc328,,14
216ac871df9a74085453d5f110eb3c8a,Rod,3
216b3def7bfae81e93acfa1fdb23cdac,Rod,6
2181b96bbf5e074ede1ec85d912ca1c6,BC,8
21b66dcc072c8babee2ad540fbefffb5,,0
21bffe396c3c9cdfbbb33707005ed551,Rod,0
220c81ebf88cf15c7296d356d939c7c1,,6
220f22cd87e9eeca5cf291a72ab8b5eb,Rod,6
221bad547f10cd04b4055b953e878016,Rod,6
221ee12d5f7227ac1796ce909c546259,Cone,10
223e907136ff570639659da50d1de70d,,6
224b5518a7ea3141ef20ecf8381e3ac9,Rod,11
228ed76f1d0aa5d982d1fe0846da592a,Rod,0
229861b0bf2579c897c10bf1ae34e55d,Rod,6
22f268ca02f6ed49a1cb7aaad616465c,,1
22f7fa9432bd4c6bf9cd00268a7f4722,,2
22fa9ae313efddde1dcab348f06d6d2c,Rod,6
23032992a082e6634cc58d85ceb503cf,Rod,11
230db4464d4eba054645315519a8f85a,,6
239ade752bbb7328c1222f996ca2851c,BC,15
23a463780f841b36352fa336c01ac4c4,Rod,6
23d3e41a7c2bcbd2f651cf944991faa3,,16
23ec1266a86f9e069c124ddeb88dbbfd,,2
23f478b97f0e5a0ef0ecf1adea924d4f,Rod,3
2411399d7c2cfac903b79f9ff3abfbe3,Rod,6
242b234b1a1269a14e22f08e87494ea7,Cone,6
2453c67df0cd2c00d23c7e364237a49a,Rod,0
2462187aeaf6aac01116a831bc3524ee,Rod,4
248894708a61a30381004364d3624f9b,RGC,14
24a3f763bc5d5cfafc8a0a75209bdde8,Rod,0
24ba1d6691a789f832163d03824a07f9,Rod,6
24fe1b992445d1b64967f2d225510a13,Rod,11
2509fd335203a859e7050dd93e233884,Rod,4
25125f148733662499f2bd5901f593ea,Rod,6
251a0276dd97072f25e9f197d1ac8639,Rod,4
253a630e0ccbbd23a21c6a07dc9224aa,Rod,6
256c8c6c6360451fae7f40ee5b62fdfc,,10
256dba1da1eff0967ada3a28b73bf008,Rod,6
258367645ff6f682d0fd70cb585eb019,Rod,6
258388fc0eca66861ab95bcf007bc28a,Rod,3
25d028155cd5c5fa21d72aa00630d3ab,Rod,4
261781e4089bdf6915c81f8305dae950,Rod,6
2667a280f5b05ffd1a4cc65dc62d0d85,MG,13
266c9acd873d20448a55d022ee37fced,Rod,6
2672f3b75c5f5661ea609e1dd67bdae1,Rod,6
26761014f39beb2663eaaf83ebaf2cab,Rod,0
267686dbc4d8b27a2d5b30e19b44db4d,Rod,0
26821a9fa6830c93f7b302c6d05bbaa3,Rod,3
268843feb6f1672925c7e20e8acb8271,Cone,10
268b22d27b64cb32f497ebebcf74e663,BC,15
268f344adcf18886a8ff25ad7c88954a,Rod,6
26b9b4b137e650dfaf66707f6b3bbee7,Rod,11
26e4be7ad478e0dde8662d8540f28f31,Rod,0
26edea7a4249baa32d8d839496a21090,Rod,0
26ee3c95daba8430a81e788bb96af72c,Rod,6
27073ea74bf78e4be590a1aab81430e5,,14
272d84b2ff498b548c3256de2e3ff808,Rod,4
2741452b958b86edfed412a9ef5975db,,6
27922d14ac84d973f36aafda79b6a5fb,Rod,6
279feaf03875cf0ea9d5b8cbf8f2e50b,Rod,6
27b459a46b2295f9ca13cc4dd2226279,BC,2
27c20f630a005d8698b76c2ea3bd5786,Rod,6
27ddaa0ece28ec9a43069a60cd97835d,Rod,6
27dfaa7cd645de278d44bbef33857249,Rod,6
283a20c64113b51776b6d55469fb4258,BC,9
2852d35188759c7f1f17adda1cd8edcb,BC,15
2855bc1953d9593101868e3794a8b11d,,20
285a0b70127483e026ce5d040cdad750,,7
286ffd6d36bda11a75ad84ec05ff7329,Rod,0
289495cd4f5eae8b02a0677138c91a6b,Rod,6
28967e095224d604ea52d86b819803d8,MG,13
289d289e36edfe76a184fbf7ea29974b,Rod,4
28a5c908c7ba1175fd247a657dc8ff6f,Rod,0
28df42f10a19d238bf85da8d89aa9b3a,Rod,6
28e3a47ac65d0dc2faeecc6bd9b09706,Rod,3
28ea265393731d34e1489e66ba2d95d6,Cone,10
28f5943dfdc28c4b09d052bcdc495f04,Rod,4
292f996b3f726a1f7686d0f73ba6d1b1,Rod,6
295e0838a41b74a044aef16b32fb12e0,Rod,6
297f677176e9eaa2341d2e20c84bc95b,Rod,6
297ffe265a6c5de6d347f6ea39d383c3,,4
298f6b20b12e06d53aadef972fbef30f,Rod,6
2a201d9229302a478e876387666c477e,BC,4
2a35f50b63dc9863d3f6d5dee6fd1903,,20
2a37b38d48fdd94f761e26ab74e5a0a7,Rod,11
2a4333ff9288f8627763f93209c2ffd1,,4
2a60ec28ee13f58c963df4ed1c0505ce,Rod,6
2a6456b848620830fb02b4a8929b3e3c,Rod,0
2a7d3bd20f486c6035ce209075d55a2f,Rod,3
2a90d079bf783b304417958a6eba2eea,Rod,6
2aa13f6c5fcb8290589a0e40782af63d,Rod,3
2aee8a4d300b684bfb942610abcb3ea7,Rod,0
2af46dade148a63893b5fca9c09da61c,BC,15
2b0455e2e5db999fccae41aebbeced25,Rod,6
2b79abdd6ea89652453bb96a87412d9b,,10
2b903953f42f8878bdc874ab482680e7,Rod,4
2b91db3ec0c411cccdfb4a5242d004fc,AC,16
2bce01b1c8f9fd98e405f84326ed0c2f,Rod,4
2be726832f173efc8bd308771362b7a6,Micro,21
2c0618a5079e1f2eb4be412eaa1a22d3,Rod,6
2c1ff410017ee1333c4daf77eb9e3203,Rod,4
2c2ade64a02495c12e504505d669cbd8,,2
2c40d31bd933bed69b328d3e050dcea8,,1
2c44ca3ffe130ef94c9b679bb9d705a1,Rod,6
2c890aacfb6ac7ce5bc0f4eda0bce0ea,,0
2c9ae77b07fde55995a213f4b3a0b3f4,BC,15
2ccf2803f709a51e474c8f216d35e543,Rod,4
2cd78133802844d18dabec82ade11628,Cone,19
2d0070c45285d2367471dcb4196de0ed,,2
2d817497fcfdc7fcf15a3ee01b075789,Rod,6
2d8739b750983e2107a724184d0c3155,Rod,6
2d92be22fb6626fa56df3ce6fcfe6ff5,Rod,6
2dd4940d41b0425df6493bd84760ebfe,Rod,6
2e1eb8d09082c89cd4c711b4c06e53fa,,1
2e4b5f7fa1df85fcf46190d420162e43,MG,13
2e530bd6c3055e7bea2475bdfc347a71,,1
2ed0a301c7be34b836bb3e63c96a475b,Rod,0
2edb07911f5f4ff2f922475241f3c89b,MG,13
2f2057b9c04e25ca62bfae6867d733f8,Rod,6
2f310e51f7adc704b7074e4d0234913f,Rod,6
2f38e171f4e454f982956519892e0272,Rod,0
2f45b7ab79ed8f13a21133ced8ae8640,Micro,21
2f9735dbdecb798774ac74f3f8b9df23,Rod,0
2fc400f0084e0c612bfb76cea98548b8,Rod,6
2fcae7e81ef7e6fca76bb5ae154af778,Rod,4
2fe11034be1d954e221ae7cb325acebc,Cone,10
2ffb0e9e45c322392a78b8fb3daba5dc,Rod,5
304b2c237eb952d7268cd7ed826928d7,,4
30672c3346583c529903b8e748e6fad7,Rod,3
30981c2eb738c34c9c229736d679a214,,6
30bcbef6e53aef9170e39d24dfa21d1f,Rod,6
30d156cf681e4e1781743aa7b9017976,,1
30daaeb02459de676e81c3a0840d936d,,6
30f1645ce4cddfd8761c19471bb32fad,Rod,6
30f2ef235deb3321e7e9c4469ba950f9,Rod,6
31040b598cbf777a5a6b8007d5591ca4,Rod,4
31046731bb85e7456ca1209efc1e3c3a,,20
3134dd3623116ff7221958db97f997b7,BC,9
31bb08d9b416e107c49c7c597fc6a3fe,Rod,0
31bd0eb5bc1fc762c4f840d4e812211e,Rod,4
31c49c3610a0b9bf14a47eb5e8f5e8e6,,2
31f1666dea6b8d6c6e523711b44dd48b,Rod,4
31f57806e2fdf8efd972b8a8971bdbb7,Rod,3
3212f55fc7c4a3b2192173874caa2010,Rod,4
32140ff641a665ee9cf75ce13a74f6ac,Rod,6
321ff1bfa3ea4f1187f9d3977c28be95,Rod,4
323470682c3788b1fd89b65b5511b74d,,3
324f42e507558e6cd151aad880a53271,Rod,4
3262e39f40867b9366f2abf33f0314da,Rod,3
32b1acda79830365ec108539aa69a44d,,6
32b27d634a38ccf57e2340aa97b356f7,Micro,21
32c27e6ec151a524a008d8cd3d2596da,Rod,6
32d8848bb3b78c444a3c1ef7c7cbfea8,Rod,6
330241070b49a7976e545f04795f78c7,Cone,10
333bf15f888fb5c025ab0402d6ea9c95,,6
334ce996ba871ead41d9b4a3c460a98b,Rod,3
336c794098c4865c8e66e95fca9e2d77,Rod,4
3376af692a6061aad68b8a60b96d4b6a,,4
33a4cd04e88549a23845217d2de6019f,BC,15
33ad884674bace71491a373fe81413c3,Rod,11
33af48757a3241e3abdac90d9fbbd4d9,Cone,10
341dd398497aed555ebc7ce710713825,Rod,11
343d3134fd36c1b3179f06cba7b0d85c,Rod,4
3450c2b75d0f8a9d9b244ad7279f8ccc,Rod,3
349756d85ccd534c8915a9086b95aec6,,15
349912f09821bbfdb4d35de52b1203d4,Rod,4
349e4db4641550c8fdd4aa4c0d33b568,BC,18
34abad23b6bfc553aef428c7c1ff1334,Rod,3
34ac8eafcb4de8797d305a80a4e47058,,6
34bb1055a1bc47dd1563dbd0d7a0d1bb,Rod,4
34c5591e6e2fe17b71d68c839755e3f4,Rod,4
34ca936ccb300809147dfa2ac3f31e3e,BC,9
34e3b6efea2519271e14bc600dd505c5,Rod,6
34ecae3e53ad3b779015e4151c085a2a,Rod,6
34f68bef862ebd86746799e3c2d2d805,Rod,6
35365258c00655824c8a669a09ac055f,,1
353742f4a9f91af5b3c7de1abe24ec09,MG,12
3567961a0c2f4d2ea8b053fcd77f15d1,Cone,10
359f4e77987a536ee025a0cdb0e474e2,Rod,6
35b14c9ef51dc8339fd97487cf4d4b31,Rod,4
35c7cf7ed5381f6b2be828ee9722579d,,9
35c871302ec5520fdfe85e8fa2970f8e,Rod,6
35cc55eeb5a41bc66f3135e32f34293d,Rod,3
35e004a14f2e8826ee0222775cdf7c7c,Rod,0
360fbdbb9c2cb13f236ca4468d4758fd,,4
362645a046fe4d10248cd60cf4b4dc52,,4
36269ef6e62063cca9695234ffe7b4be,,2
363a99942afc107ebb61292b6c36c76c,Rod,6
3664b5d74c2a2a72e0c85b63598cf7da,Rod,4
367589e6cb3e93cf97c3c4fc16d45d3c,Rod,0
36780a8b035c2a14b31a4931072e5c07,Cone,10
3691a3e5612f1f3ec1044972f98b3938,Rod,0
36a6daea474eff2b8607df7c4adf6a1c,MG,13
36aad1d526e9ed0d1c755f1d385fe481,Rod,6
36d6f7831860f23bbe510beb05ba6715,Rod,4
36e1d85566e392ef3cd269950389d531,MG,13
36ed07e86989be4ece10a268c3270773,Rod,6
36fdfaa9cf5c72191a54a14beb226a41,Rod,11
36ff9688284c5193c02a73d0afff5786,Rod,0
37080a939118ee71c4e2d90c9ba658c7,Rod,0
3747bba75e7884b41e65bf116ca68b15,,6
374a41eeb7bef90fdbec3db7201b70f2,,4
3752b89173e0fd1c8052d11722e5ce91,Rod,6
37630912c3117d68a8d964599db00046,Micro,21
37dd5172e5e78efa30308c4140bebc4e,,14
3812ce858279b96f0a4bec1b01ec6c96,MG,13
38471ea06c33a3d6838e4df600be8a51,BC,15
384cbb5bb70d7067b126b0e24b701993,Rod,4
3855077a3626f65682ed04bb9261a99f,Rod,14
386225e340ff4e955b5e1af169d5775b,Rod,0
38781be10b94f1e4d5fda65b4f07a4ee,Rod,6
388f0b48ef2e102e6048f575518510e4,BC,8
38a2de2f30b31b80b9ed24f212d97fec,Rod,11
38aa556adebf5e88db230169b8d9bcab,Rod,0
38aac6faf73b1545dce0d1c07fe32251,MG,13
3909deb6bd78e56c68061e387607fffb,Rod,4
39142578a6c642877b8274a1b3857c31,Rod,0
393bb8120214c2e83d0e046f35acd9c6,Rod,4
395dbbb4edd6d8784b3247b432cf7f99,Rod,6
396e9dabc152d5a60a77f928c8b81544,Rod,0
3972e1694280285ec1d7a9cc993e8c51,BC,9
3983b3ee0ad7ddf9adbd4a4b42037bb6,Cone,8
399e617b98bd5fa24becd05ca2e3aef6,MG,13
39a2f5351733ac036e7ef27134cbf105,,1
39afa416d3626109b588c51c4d16ce71,Rod,0
39bb224ac3d4e6ab3c42c592081dbfce,Rod,6
39d776bd1c7677b1610302454ffbd42a,Rod,4
39ded9ec50ccf8c2fca1f240bb2a31d3,,3
39e801d6b0708479233fd937ae85fe0c,,1
39f5706444686ba63d1561d4cb9fe11e,Rod,6
3a1f777fe12743e0f87055713f845d54,,1
3a2c29af4e092b3438ea31f2772b9a50,,16
3a588a1f6da503ed6e1b1f3e06ed6369,Rod,6
3a69f7182507221594d1c1d3cba85ea2,Rod,6
3a86cd77ae1073a32bbdb9407d76f76c,Rod,6
3abfb06b307ad243a5d755aaeb92e2b5,Rod,0
3b027514f409f993009c1b3f005839fe,BC,9
3b086dbcb7b3c45df7c0b9db53f4c503,BC,15
3b55772e8dddda340a9604fa0f4fa1bd,MG,1
3b612d9cb1e26389bdbaff9b0c009fcf,Rod,0
3b6f242da2480ce5ac08a80903c6e36c,Rod,11
3b978e70b37436f789b69cda9bebc79e,Rod,4
3b9dcf791179450f59985ce948e9a7e1,Rod,6
3bbb0c857606416379af43d7dd152aac,Rod,0
3bd040eb0d3036798a413dbb93b52527,BC,8
3bef5a42324d4e088b6b0e5362d11d9c,BC,15
3c481dd7798d3e3fb364f4928df1528a,Rod,6
3c9b7bee7fecf6224c6b288130cfcb76,Cone,5
3cb6db65c60639ae45faf7efdf225467,Rod,0
3cd205b27cd4ef7cd18ecefa30181697,Rod,11
3cf482542e244a87eee444721c81554c,BC,8
3cfc0b11d14d2f21c3135659ffd9e93b,Rod,6
3d41a85dde603f7661a2b0c1ec5d1291,Rod,6
3d450d3ff5a6516bfe0cc7d80cdcef6b,Rod,4
3d6f89fd164f85a55c97405b3eff87b9,Rod,19
3d773bb8a103c86030e0e727e586f93f,Rod,0
3d86190e3eeeea991edfacb902f63015,Rod,11
3d8ef3bf2df5baf15b214fdb289acf1b,BC,9
3da59d3009cd26b632e8967fcd53ecd2,Rod,6
3dd201300445872ad9b48b35bff79dd3,Rod,0
3ddf82b8293959104f5cd619503d0b31,Rod,6
3de42f7aab78ce8e131bc4aaa611d9eb,,1
3ded6a8e203eec5c17b83d124017c9e8,AC,16
3df414f659529894a275359ff61dfc9f,Rod,4
3e05edc6f85bfe3794520dd742638635,Rod,4
3e0f58f44ad8d864048c792eb01fad09,Rod,6
3e1f9f772898207e561fc23ed225654e,Rod,0
3e2a4b17be5232aec413944d61827c14,MG,13
3e35e76d4e58f0a43cec2be57abaa7bb,Rod,4
3e63d6bdb39623014d2ad03c761421d6,,6
3e9fd9fcf74698dd6d06e1a285d42d37,MG,13
3eee5fc89650d31f13926294dbc20e5b,,4
3f0ebf485582df2a2094f8798dadb15e,,7
3f1be98d87c623261c4d09de84270876,BC,9
3f2d2b21fec9719b30c94dd53d5353a6,MG,13
3f32312f38ef69df7e6dea8c59cfcebf,Rod,0
3f5169e2d1096bce1059c62a8510f658,Rod,11
3f6b73d6bc342fb4ca2035dcb565b512,Rod,6
3f6c4d1547e6176cde35441845d08c5e,Rod,3
3f86bf0302711d19c81ae731f52a11b3,Rod,3
3fb10bafa457198588b2a2c0109c1006,Rod,4
3fc01b4b1f287610a7c208a0bbb5b649,Rod,3
3fd65cc941b6384bd526c2a74ad0a227,Rod,4
40077759fb55c04025c9ae240244f16c,Rod,6
4030fc68de5e9d8af80fd3b2ac0fc279,Rod,6
40682ad132ecc5c008f10ca0e27950ce,AC,16
40837bc2334d9d77851cafe4cdebd854,Rod,4
40b359ff21d45dd08d7fbcd931e89f57,,1
40f4a4f31c998b7cdaf562ecb49f8a31,,6
41199418d8891fa5337906337106b673,Rod,3
413bb4ff27889f8f1b9029472ae5012d,Cone,10
417c3e9d926e51e723f30fc41b40daba,Rod,0
4198b108ab0d434f266ef03197befb50,Cone,0
41a07477f26035acc993a97833a5f795,Rod,6
41b2b4908e87528a18a7d501f9d2d6d6,Rod,0
41ba0c21e8e17334a65e6fa72315a66a,,1
41bee3667724d7414ff3bd264df5aed3,MG,13
41f8e50be0e01da816e38875af3972ab,Rod,0
421f8a7206a81296570ecef708c2d9c7,,6
4230977328dd629a5d4dd28fe6542a3d,BC,18
42392ce1a7abf54935d721f0da352cc4,Rod,0
423fdc794b72fe29f6f9fa4fce63ff7b,Rod,0
42560bfed1d48d8823dd0023c2213ebb,,6
42573dec87ec07f3524f2e9bb46c2d7d,Rod,4
426cc902cd24206f0015dbadffce1dd4,Rod,11
426e0c20c4e42b9518ea4bae15179daa,BC,15
4271cfa2f184b72435e386cadc281bdf,,14
429f28e85852ff873b894213e465611c,MG,13
42b512305b3486c60a069a59f8da62f2,Rod,4
42d5eb6d352ab2169fc7ff5f2cb2d8c6,Rod,4
42d7e1890baec18c64525023be90c260,Rod,3
42ef64642220d6cdcd8cff9be547e7c7,Rod,6
42f8e2878fa60d51f1cfa9a668416985,Rod,3
430f06882940adaf354d287a15490737,Rod,0
431eb2005aeadfd99985164b258fa613,Rod,0
43342f84b7a6672ad1b8ab222d529e5f,Rod,4
43355e46d265f5e14d67414fe6cb66a9,Rod,3
433e60db931d7893075ea53bd6b4a0a9,Rod,4
433f3954a8674d5d9c07cc893d83ad8d,,4
437cec8d5ec97fa00c2507a575d9d5c4,Rod,6
43d47af3e8fc1338dd27faff7182b5d8,BC,15
43da203b191a1c0e80ddb9c2e5c62004,Rod,0
43ecf19f48adb956bacbb6a95590910f,Rod,6
43f2e6e07ae7b43d8011a1ac4efae824,Rod,3
43fb55d7d4f32aea402cd507a693c719,,1
4408937112173df6c6bb20bb85d38a3d,Rod,4
440ce5280fadbffcfd8e49368dce9426,Rod,6
44166660777367c0ec920334a4d3bc2d,Rod,6
4435426a4d9b5fd92283e249824f1280,Rod,3
4436ee463b86ab4d469317b40c96670e,,4
44656e7cd9510dc6e8f303f1f001bce8,Cone,19
447c4e9cec7c3e85026bf06c49d9dbde,Rod,6
44829b22267bf9e08eea856965896357,Rod,6
448fbe5eb20cfe62f7d5ceb07aa2c541,BC,15
449f6a924fe05f1c98357a8f32abe1a5,BC,8
44c6912cb7cc40cd4cc6222dc77e135e,Rod,4
44d0de4c2e5f0c94e27425cc4bc5ec76,BC,15
44d4e4993d5d1530d6f9747c479be4df,Rod,3
44fca39d208adc2d60099be1be4cbc26,BC,15
452cafa91ec33d7b7f2c4809fe1b7ad4,Rod,4
4532a83038e517f07c1da1ad8ebc5875,Rod,4
45370c6b237cbf611bfcc3f12b31f78b,BC,18
453cb16bb6add3c42be6e2c64855a082,Rod,4
454eaa11417217ee94c8d02b8e3651a0,,10
4559b0451e9dfd9f360489d6b6bf9755,Rod,0
456ea04464df5aeaf204f1a8e1bdee7c,Cone,10
462ee62b05234b8564a3e9b929f41f6d,Rod,6
466fb1d51564ed44811fc4083197bc51,BC,8
466feefc5dd22c4fcd58abf51343538a,,2
46ee968c1cae20d4e8c3c4ebbcf0443b,,16
470661b9e8d05739292e04a04472f29a,BC,9
47136b1bdbfd23a9c5dc300c28529236,Rod,0
47348b2ff723f43cbf30a82133b4f163,Rod,4
476e199feffff0269b26ffcd29070f45,Rod,6
478787e0c6faf29b03c698abd5db3c63,Rod,4
4796e6552d65d8cad9699df7b659b81e,Rod,3
4798e5d587329efe6d8507583a52428c,BC,8
4798f10b8c1010ef23aa78a552f8ca0a,MG,13
47a1962e9466ff7eb3f881d55e720f80,Rod,6
47bc511a460ed656bc9765ee3a582b18,Rod,6
47e673f4f51d7486da1f9662e3ad658c,BC,8
47e780f2162a4d8fe91d53d2e3ca04c4,Rod,6
47fba48af1c38e668a470b1b8523a5b2,,6
47fe737245b72e6fdfc0166dd8e195f6,Rod,0
48018d67fb1a02815bd59e074fed6929,Rod,0
4802c251e5d763bc2dbbe0df89854e46,,4
487643095c39f9c788c87dfde2a81bca,,6
487775b11d4ef32c02ddecd54575c4ec,Rod,3
489032913eab93d11d78f4c1f615e8a9,Rod,4
48bc25a204fe7e8ddde302af02c49239,,6
48e4e4a6fb4cda2e91e81d13f92b5f02,Rod,4
48ea33dc42fb78c43e0e13fc9d505175,Rod,6
48fd5b0a76516f64bd2c013f9389168e,Rod,11
4905d47aa576f8f8b4d7af35c0e6aae8,Cone,10
490c5e6ea46732c62b59509eec51f3ad,Rod,6
49135a652051909165a31345dc95c1a4,,3
492c5728943b85db159375b5ebd481aa,Rod,6
493453dbfa4a67e77c947f92dd47e084,Rod,6
49359d71ff53ed577604a44e89ebcb44,,1
493627cfc1bc2dd1c02d0fe42dd1750d,,20
49b60aa83d87bdf3befd8c5864fc6ee0,Rod,4
49cb373fab1f3c2585fef14f439ad2bd,Rod,3
49ff6a4c11234bd600a96a8863d6d5c3,Rod,5
4a367f51ae50d35d027a3237ff2b847c,Rod,6
4a41dadaa6d8fa16239ac3c460bc0ec4,Rod,6
4a69c49c37a1d98a88e92feb89d3a890,Rod,3
4a828362995ca7a7c38d2cf29b20a435,,6
4ab24e1301ec85a525d84d238b11cbbd,Cone,10
4ab6f1c9a5b81a0430c94a83fe0f31ca,Rod,4
4b1078d87696e5beff46c8129d58b912,Rod,4
4b677a647a683f89f8934e1bc26cf487,Rod,0
4b68f61a232c0fc3bbe3c8029f31f67c,Rod,0
4bab9ecca9d6d698f53dd383a72b181d,,1
4badb2a8b38356aa2dbd26a2e9d36fd5,Rod,0
4bb4950c7ba0c01bf09b11425989d396,Rod,4
4bdaa0a7462ae45fbccd3417051e8ef0,Rod,6
4be2eb11614d16748b0585dba525bb7d,,7
4bec8968f90eedf51eb519ac8c9f9b50,,1
4c3f6aef19966fc3110e1feec0d57333,,6
4c64c13d4f03d1679bc378fcbc889d3c,MG,13
4c6509c0f8df2de24a82b1d1dc98ca2c,,14
4c896109f4b3b2b9de9f6479ada8a45c,Rod,0
4c897d6497d3fec3a3139595a8f4e3bf,,3
4c8b0035895d29c1e3b03a8825d4de09,Micro,21
4c95fbf96dc7922c298e22d081797d7c,BC,9
4c9bc6f193794b566b4dc9dcdcf4a43b,,20
4cb114f450353157a1909fd6424387cd,BC,9
4cc4d9d29a6b5a0e36e1984c6935147d,BC,9
4ce4680bf83289296c68a66284d0aff9,Rod,4
4ced9fb3163afaceefdd719948c02274,,3
4d09866dd9fce33201f468954146c62d,Rod,0
4d238c00aacfbdb324000e5e98b7223e,Rod,6
4d39035be621f6fd488309111a311792,Rod,6
4d670b1043cfdf12e621bfa56fe2347e,Rod,0
4d7d14cd3dc16f4e4ffede08bb8854dc,,6
4d8c032e1e9350a2059f77a8737e0852,Rod,6
4d94886f777e1cd38b8ac35ea682c63e,,3
4dc6c16de629ec17ebc71c6caadbb0f0,Rod,4
4de6dded83400cadd85c349ef91922c1,Rod,11
4e2cefd966fe880aab8a4b4e731364e9,Rod,11
4e50b926d2a0f2df6e90a11b9ee58fe9,Rod,4
4e5912b76a5aea0364a7dd43afddbb14,,6
4e61f634e874eb48e5c014cbeee0dbd7,,4
4e9b5892dd26630a0dd295ff96a0fddf,,3
4ea3b8aa1663b3512116093798344ce5,Rod,11
4eb2711b967c30e8bb86438ed305b46c,,2
4ede5516558b1f305cd4ad7df23eaa0f,Rod,4
4ee2c7661d1865b1c580e04284f1b890,Rod,4
4efda6c9a7b3d0ed7c7a8869afccb3ec,Rod,4
4f0938414298520273985f03e7143675,Rod,6
4f24d2080bcbd776797301ae8e5ced1d,Rod,0
4f31b98175478b6fdf8dd39066e045e3,,4
4f35ab01196718a67cfb38a5f56db81b,BC,8
4f376e62958c1b9e245dfbb3fea02633,Rod,6
4f53593ca40725ba1d00059e8bb870c0,BC,15
4f5393a5011392188bdddd927098ffb3,Cone,10
4f5b8e1658aae87855abcbced09c5f1c,Rod,3
4fa70bb648c588564f4b04b77dde00dd,Rod,14
4fab85d279441c100128b228bd853e3d,,6
5005d560be70869c239c953bad12d92d,BC,18
5022d1df263f97efbc02a6ac86bc75a9,Rod,6
502c8dba12c9f21a8d5a77efabb0efe7,Rod,3
503877bc7c0251322cb49a0b27f64142,Rod,0
5097f749328bfe0fdee54b0e5ef9c897,BC,8
50a5ad6d4add8c0d2305f5abc17d6d26,Rod,0
50d468543074816f0038e7e61769b741,Rod,3
50f561e6418c5eada9fcc7b7effae02e,Rod,4
514864e4bd7bd76db19aeffa9404e4b4,,4
5177ffa01e5cd2d2631c256d6283454d,,3
517df590f3095686235c1e489666e46e,,1
51ff1bba656d56a289f94d0a4440274a,Rod,6
52076640d1b88a3a84846b5c61bc8700,Rod,0
521082bf9c84012860b96345acd9b9d9,Rod,0
5219288484fdb176755d5bb57eefa5e4,BC,9
522f15bacd8655c79efa8ad57bfe3633,Rod,3
523b9f4b2cceb6ac1aa93c4ac56131ca,BC,15
5253c113b504a4dc6d20620cd61cd8f7,Rod,0
526863166fd360cb74119938aaf157ea,,10
526a1ecae5bb41425fe43ddfdd12866e,Rod,6
52a9b215f190c1613e088eb39538cb9b,Rod,4
52d9acae3bb9671e800f749887ee16bf,BC,9
52e4caa0d16894b09f0c6e6b52025766,,6
52f9d55f1fb02dadd0bbd25e1957b8e7,Rod,0
536621fc7c3c54a48f1b309591cab2fe,Rod,6
5381fd6930a6b50d83b79f2f85d4bebe,Rod,0
53ecee072935c6fe35e0e2767c890246,,1
53ffefd1fc7a879b29e696a4bb3b89cc,Rod,4
54315f92be166702531adb9b64a0ca68,Rod,0
5456428a645022a58253a02bd3ea4954,Rod,4
546a59bda73847cc313b9c312043e276,Rod,3
548974427b95bdcc9b7b809f3b4cab15,Rod,0
548b47ab72c404b32acf5b13053e9db3,Rod,6
54ebd423f6fb4811ef3249e5228649eb,RGC,17
54f031a43f13893e7cd209535b3dc272,Rod,6
55471a4f51b87cf28cac3ff980d685d9,BC,15
554aa11efdc25ca63d04b4eaf51d93f0,Rod,6
559e667a0c74d991b197077380cf051d,AC,16
55a35fec43a49549357ee0cb9e2ab3f1,Rod,4
55a828a6b540e69b0abc8e0cfab9f8ac,Rod,0
55d4e22a2756a4ccbb247d00edf7c25d,Rod,0
55f318cb8b6a767a8f02d6721f7ac538,Micro,21
55fbf63c1db905a132da2b6a4e5e611b,BC,15
560830534f7353827be7309d02d3e8e9,Rod,6
560e6a7c17234293043912f0f3e2f733,Rod,6
561ae311b75320e0b85b05d8c64c42ff,Rod,3
562538155ef14a22ef466d802de7ba92,,4
56525987a92561cc33a5613e3b6f0a72,Rod,3
56552b268b7a55f2b101aa4f3ec0fc22,Rod,4
5660c8a326c48a880a68b46bab39a50c,Cone,7
568d097e8e4ac7044f3594381ad337c8,Rod,6
569fcc9e59d772ecdd89f362ab86159b,Rod,4
56ccfe1d5dd6c1af061c77c5c47a45c7,Rod,6
56ec2e67180bfcae4307283256ea8e2d,Rod,0
56f0477705a7ea70bc4e7ea7db136457,Rod,3
57031f80e0c482be38952bb8f48946a4,Rod,0
570466a524d1338bd8f4fa716c6abff9,Rod,4
5704ca5c39b423ab7fe6cc79a2154fbc,Rod,6
570ca225d5da24711414e382b529f847,Rod,6
57212dbcfbe7377360d581198640f566,Rod,6
5743ac6b62afa7210faa6f584b628df7,,7
5750deffc8acbf558a21db8c6b0090a2,,2
5754b0dcc3ff300e5d5f72e7b52a1446,Rod,0
577177adbbb9c85fba24368667008025,Rod,4
578c6054a4062a9e959742038d766165,Rod,6
57a1adf2851bb7068ac6ab403105fe42,,16
57b2362a5010e151a6b961a448ac632c,,2
57da61b477bda179838d553219073938,Rod,6
584f7fe486d26c859286e474e9b3980e,Rod,6
5855260241fcff299121a97bb2313d8f,BC,8
585cfafe63bb451ab0bbddb5413d02bd,Rod,3
5871a2f0a8dd057317cec51b932810f5,Rod,0
5876947c430714dd315d21f3d0246f73,,2
587b9cc261842ab68acd63ed1b89b2b1,,1
587f2fc9cb9bc2b5ef26519cdad2b789,,2
5880791f7efbee49fcbd6b5151a5757b,,6
58eedbed1cd1f144f355290e09c838bb,,8
58fe0648ec9875bd05a050ee58d98d66,Rod,6
59189d3a1947d5906c968b74e8ace72d,RGC,20
593f0adbc391c75720f11aca81f4dec2,Rod,6
5944b951c0028e6db1368ba9d422649c,Rod,0
595455c3f080f2b052bfe92b265d0a4a,,16
597dbf90a20f8e83599fc9aabdd0fd5a,,14
598a75cfb4a1aad9fa810beeb0dfa212,,4
5990cf8278515ccf1c3818da69fab4fa,BC,8
59c69b9cbaa0500bc6bf314cc8e28aee,Rod,0
59ce8c875159ddef368416f384b4be0d,Rod,6
59d55ed781c4115a27a027a9647b3fa0,Rod,0
59fdb372d8507c7653101ec4a24847cd,Rod,0
5a303f551ca9fac00e63a062d738d2c9,,7
5a42d4cf7ce8acfaa161493d91607a59,BC,9
5a6be74b1170d837346628d5024bc78e,Rod,0
5a9738e1d7b169f6c22a2f420968879a,Rod,6
5a975643e6852b33122a0285f383bbb1,Rod,11
5aacc4e30f6c4bfe891769de60741d2f,Rod,6
5ae3bba80bc4b5147c40d3faf6055058,Rod,0
5aeeded47d8a1784c46d12d74737ae54,Rod,6
5b0c1756eb72ef1c7849dd27722625fc,BC,9
5b231ab10bae3b6d574c06549e501939,Rod,0
5b5701a181e843d364ca5da9f392ed5f,BC,8
5b7c6197d22237af585e35c0e2187391,AC,16
5bc73cac5c985525c3c35cd2a4a7f68a,Rod,3
5bdc229b79869f3b7dbc0c40344ae6a9,Rod,0
5bde9b5b58e2affccb09170023b64e29,BC,8
5c0e8de553af9f3464b03412f90d171f,,10
5c14406822bcd06e51814d0a8e3d0720,,6
5c3d154bb74e1fb7f15cb8b79b02611c,Rod,0
5c64290336149b0d84bd1334203f503c,,15
5c81d709b9bc018d751b4e96bb89e3dd,Rod,6
5c9346c8df26fc5e8daf6a17158d200a,Rod,1
5ca32e70a62fbe971cf4146ebec0441a,Rod,0
5cc2e177e8d128401372452915f47166,Rod,6
5cc91b81df9a8af81c7eb29e9b71b46c,BC,18
5cca0d842e512766d96b799f699e3e2d,Rod,4
5ccba5f01b87ed41d9215ecffd33c946,Rod,0
5ccf12b73403b3981093ba2fc0b084e5,BC,9
5d0da6a58dccd0a7931b0c0d6837a7fb,Rod,0
5d1c800782c5f2744887821b5490f077,Micro,21
5d2eaf0e72623f3e1c35a07aaf295397,,6
5d5ddc7f4fcdf0edb62548aa6386ecb5,MG,1
5d7b890cad787f41b25c44921b69383a,,4
5d931bcb34340d723232a0013c8f82ac,Rod,6
5d99b68eb0955f8bc38dc08da8de48de,Rod,16
5daeb9a419fb041e151ff9e4283189bd,Rod,0
5dc4cb0f2b9433295b29d6237d8af442,Rod,4
5dced2c4dd3f6c205c03d600a6a1147c,BC,8
5ddd9947b5dee8c162d1da8944335491,Rod,6
5e08f3c57d0fb817a0789069aebeb043,BC,18
5e39a226a3eda5f60476fe49876b34a6,Cone,10
5e44b0bcf6b4db0f4c9227c7fecc0e08,Rod,6
5e5076b8acec3858cec813e47c0b84f8,,1
5e5351277376d0408d0b9dc11538b882,Rod,4
5e7812c27472ccf5cc4b42b74bee6505,Rod,6
5ea70b260896b104bc9245a1c2cc51a7,,7
5ea74ee5ed27c9fd4cf5eea5e1d85d11,Rod,6
5eeed467db80465623494cfbd92b1a5c,Rod,3
5f258e91f873f1a3c5767bd20f975fbc,Rod,6
5f36f7fc9152d3d521ba2cdb7cea2275,Rod,6
5f613aeb5a5c60c52d0363ab28eddc2b,Rod,6
5f67a14a4fe1b624c5e75993d8c994c3,Rod,0
5f6edff7951b7ed3994ccc49ddcb0b83,Rod,4
5f8f8c029f13c0c2bbbadfb447eb7b53,Rod,11
5f9487aa94c3ec216c175af09e14a05d,Rod,0
5faed2812836fbce9ad5ba14269446c7,Rod,6
5fba0da04d3eb9f4caea7d293da5d243,Rod,14
5fbbbbb15f912ca59004539d60cdc717,Cone,6
5fe548046a249c6d5ed3138879be5bcb,Rod,6
6024f495988bed3a72eafd3c33284c48,Rod,0
6027444e4be21b012f8c269ac573083b,Rod,6
60341cd7406f3d3ae3746da370c3ac96,BC,15
606ea1a1c8e359743f5bfdff78fed7d1,Rod,0
606f0d737c967e16c91b4e0f45c8fe65,Rod,6
6070358f036fa176416a897624820b9e,Rod,4
608757b59cd0c25f6ee35c47bc245351,,3
60aa9468ff48f8a17b1072aa0242f27e,Rod,6
60bfb1a6bf4dc9b5168165c0179eeee4,Rod,6
60c429015f3a5d37480025990674b6a1,Rod,0
60e53c456202d906fae0def84def3035,Rod,4
60e8217cf7144da7271ff94f38029d6d,AC,16
610503df162f275419addd955f5e3cf9,Rod,8
611300e71718715c8ea289086c5f7c61,,7
61165a1d44369f468e91505cde94d4f3,,14
612b08175e52dd42d86908726bf4e790,Rod,0
6132f970bef6e5edd7bca8ee900e7f70,MG,13
614790b12de3423c81e412f3e3ddbc16,Rod,6
6167365eef6fe9f21291021fe191bb7d,BC,15
616ca8995512ab60bd376c2563fee2cb,Rod,6
6176e1bda5f913e706c9d1523862bd39,Rod,6
61817ecd17c9aa5b6758e740e77ba587,Rod,6
61db96279ea7135f3911547fbe6992bb,Rod,3
61e376993eda2ce63d97c84192fbaa8e,,4
620f28aac06f4725dca438461594cb2c,Rod,4
623ef3ef76515e9bb4d6e09aa5f9e278,Rod,0
624662c88e6dd6fa3a651378b50b2681,Rod,4
625a419c7163497f87a23470f84de23f,Rod,6
625ded59025c2da1a79af6cd0562e4d5,Rod,0
625e070e98cd0c79cbf6d3507c3a367e,Rod,6
6281f3ae41520b75aa422d01bc19a476,Rod,6
62902bb1d48593c7c122110fd0a154ce,BC,9
6291c1e9a2d4a2f123a04d18a9961b2f,BC,8
62de866b955cb3b1147dee492e56ba43,,4
632b6a4b1b7e3729ed82c658b0e76c8a,,4
6379e78ab89ff2f41e1ab32b17af7a26,Rod,6
637a073784ee309f14464c8af06586e0,Rod,6
6389a4ee7653858d965219ddfa467a86,,20
63936179875ab15f7b63335e0ecc4578,Rod,4
641e17dde32ea733420b16895fb83f08,Rod,0
64400de177d9d1b1180364c095787283,,3
644b6efa75a4eb22cccb8419cdf55517,Rod,4
645325a0ae1a5089885532a1bc2aa28d,BC,15
64756b7a06e6f2d1453ecf1918afcd1c,Rod,4
648d3e9193e65086013cd478fc29fc2a,Rod,6
64b2c6d2b76405cc612f2aeec7e16b23,Rod,3
64b60267c9c7ef059309b10ed3ae902a,,8
64bf52386407b494ebe004aa07b2f205,Rod,4
64c3b5db53bdc0825124003401655f7b,Rod,0
64f5030de2e5a5a291c0520107732bd5,Rod,6
64f74bf392e9ee85f80f31a52ff051ce,MG,13
6502ffe292e7f98502d4c3ec65561358,Rod,6
6542e6d0f8a70c6e5985da53f4c020cb,Rod,4
65506f132b943ab2e815225cf6e58a2b,Rod,3
6551cd60579538f3551086055689d084,BC,18
657523841c11c903bb081432246e491e,Rod,3
658291f71cb46dc22313b2a6767d56a8,,16
65a5b0315d164bf150d9217cd6d6f07d,AC,16
65ae85b7e224df5e2f3c351aa4bc86d5,Rod,4
65c402afba9349934462c758e0ac5889,Rod,6
65d532a990f2e358e233743c52697163,Rod,6
65ddaa71b4327f944c4cee0932d18e52,Rod,2
65e30b7d4e6c8c3d992dc15e52aa838b,Rod,6
65e9be53bc90beb3fd90e85de09bd581,Rod,6
66030a7f3a1e7daf1a2fbe3974f1f94f,RGC,17
661f49c0a6cba07796d9311eb8f1f5eb,Rod,6
66496f8334f58f17bb35fbbeea510b11,Rod,15
666b730c96b3a03829f4d955bb02fd0c,Rod,0
6683457c346e97d56749a06d64e00717,Rod,6
668c134d0bd95ed19634f65c4591c739,BC,15
668f790b49e1756728313936b6d5368d,,6
66affa81db762a5c8320487aee0a816b,Rod,6
66c2e1cf5e6184a0ffecab4511277ddb,BC,9
66d67c4d4b906fd8617a1379da5aa5d1,,2
672a11e6cfc65ee014d9712e2188ed8d,,4
673e497c38472059f82852a9a2de0812,Rod,11
676eb54ed54f5949c4ad25478e58f282,,6
677f22cd7bb7c2ad1a68d40ffc530d05,,1
67b6ce5c5117661475876de4c1bd4ea3,Rod,4
67d214ba57d543fa735ce6a27fd3e6b8,Rod,11
67f017dc37ba74accd9e16d35423b95b,Rod,3
67f3d589a92a82570e4841c6d74e53f5,Rod,0
6805927894ba60f50c73bf6112a7d90e,Rod,6
683c51345baa2644db083429d429fa85,,2
685b4e45da1a65e1fe87ee03bd414236,Rod,0
686f22dc7c6db1009903dbd5c818d7f8,Rod,3
689057e9b952812f7a1a76b6419b97ab,MG,13
68a9136fd0d060c8e5900104c295f7b2,Cone,10
68e386bd477a636a9595943c03d16602,Rod,6
68e7367354ea6370f3cc61d11e0e8f37,BC,15
68e7855417a7d7a8c84e6ac7ea40fc0a,Rod,6
68ff36a7f2511be658e6f520a57f336a,Cone,10
694fb40b20bba6d70782d13723c36ee7,,10
6957bf461b43fb9a97c1c1b07671f72f,BC,9
69806a4a2fb1f2c13589dc435ae94fb9,Rod,6
6983462d8a1ea171e8f2b2869ab91aa8,,4
6988b2fcabdd0a71c459223c51116f2b,,20
69a415dd51300f099d28e21b4f96c0a2,,6
69ab4943fd011da90c011a43f19ff6d3,Rod,6
69bf82b9f29224619a849bf6d10f0f6a,BC,9
69ce6c0217c25a7f7fe77cb49bfbad13,Rod,11
69dce89ae509fd7181af9dc360d6a56d,Rod,11
6a00a7a766e4f8048a287b5f4190d71e,Micro,0
6a044448232656cd7173bc50fad5a50d,Rod,6
6a198d48c9b84d6cec9e70afd8bdba9c,Rod,6
6a34baa33215928e2e3569b514a300ba,Rod,0
6a4454fa8f27ee988ab41e1a960f7c5e,,4
6a5d17c35c881cb4ebde9ab880d3c336,BC,18
6acabd94ed296fe1c6be5db3331b8e3d,BC,15
6add2550878d806e71ae898ad4b9b1b5,,6
6af0e6a4a68053149955ddcd08c22331,,1
6af451d47fe1b5b091fa6c85276d0685,Rod,6
6b7caa6b77f6fc2c802ef2e1df5b33a0,Rod,6
6b85199c84c133ac0f26f6ce7c522f2d,BC,15
6b935dae07bbe0c6f541e123b3aa7647,Rod,6
6b97c710349bec0195b4ea411aa936d0,Rod,3
6b98546bfd966f6b99e58bcd7cf1ab89,,4
6b9b8b71f0a1bb738564548cdae6ac31,,2
6ba4dab37a37f003ffb5e2a47dfbad54,Rod,4
6bb8c81f645db662b619e16990e03bfd,Rod,3
6bdac12aae8c764e53d19ec7951ebf60,Rod,6
6c00c83f1a2553ae38caa73e2c7e7246,,16
6c43139522771414fcc563e179376e83,BC,15
6c67bad9b649283177a27770fdd80d15,Rod,11
6c6f228e9b9f700bef598e3d97d022e6,Rod,6
6c86af6cc545252f1c2df68f0c3381cd,,6
6ca00087d3dd25482bba851ac866ad3d,,2
6cdd82f9d2b18f32cab2533261b3a333,Rod,6
6ce7e8957c9ab6fa2373509f505f38e9,Rod,6
6d0060bd6d727fd34946be1e7eebd74a,Rod,4
6d014db879d6daf4cbd3e37163be9547,Rod,6
6d154999e0aaa841edf97d462ec58eb6,Rod,0
6d24c6cd590cecef58448abf2222862a,Rod,6
6d498826a687a817dbcccde3b3070bf5,Rod,6
6d5c311ef9cdffb5347418eec23cf22f,Rod,0
6d7824dd219d8bc54f017fa8915591ca,Rod,6
6d7ef7f0d46889568a958e9edafd4816,BC,15
6d8f4d9b12e54da62d401a29d9dc7b48,Rod,6
6dad79c74834517dc6a63cbc2734951c,,11
6dbc715acb901df1f8fdca187925f4f6,Rod,3
6dfd23043a69ca05333d311a5541b042,Rod,4
6e052da57b6589f65ab4d1f798370061,Rod,4
6e0bccda96e8dacf34f42bb6507e6e08,,14
6e5e79af5cd10692c0b2cfa563f78116,Rod,6
6ea7cc50cf0b2255c3c9179ba263813b,Rod,11
6eb3c4d25a5258a2bc58bf265e542a47,AC,16
6ee65e76cdc0160e573aa932b43b2268,Cone,5
6eef57fccdef8799458927d13ccbd52e,Rod,0
6f042f0cd2e0066debdb7406373c46a1,Rod,3
6f0c5a863c35aa66daabfa085aacf443,Rod,0
6f10bbc49c6e500055b6286cb120b9a2,Rod,6
6f390a9bc31a0cab3784fbbcba1914ed,Rod,6
6f6b09a4471962a79319eb920d7c0738,Rod,6
6f7e29130ff00620e6be4163af41c889,Rod,0
6f900203faf78b7f5d06bbdcfd341c66,Rod,0
6f91e01c7dab38b99403288463ef4101,MG,13
6f94f7908ff317c485104f88774fe9cb,Rod,6
6f977e7ef332b8c430c04d1c72020bf0,Rod,0
6fe40e195c24d260d56252777f01afd9,Rod,6
7025148b7a25b7a5433f401dd2f4e7a2,Rod,6
70460647b5db07a28a1bf12b012d0b21,,4
705207dfa53ca38ceb65817cb669e385,Rod,0
705808032f8d53594f2b4845ed35f944,BC,15
707a5471430bba7324916d173d00217d,Rod,4
70d7ab51b43f47c3bd1a1351b7c13142,Rod,0
70e52264852489a887d79db32950f9f0,Rod,3
70fbaaab81785d5dc3f9496c095ea195,,16
7105376c2aa7c33b3fa6e9c30f0709c1,Rod,6
71203a94b8777c3ff841678b04f12679,Rod,0
7127d98afec0cdd70d16b4134caee3eb,Rod,4
713ef81f03d59f9348a0bc503c1fd037,Rod,0
71632062cd61482db7473331d6152ebe,Rod,3
7182f4aa83e357d7dba356c2d1f24296,,1
71a73a3bf6486d3911e723393b41a1d5,Rod,6
71bbf100f4bb5c447d019a4a0e4f1ef5,Rod,4
71c7cfd47b405ce3e854031a803e1493,Rod,4
71cd547ca741305844ae63796d040348,Rod,4
71e33a0c387806fe379ad9d9364a608d,Rod,4
7226c1097c66815213f7609794c70d4f,BC,15
722b44a75b412dcf9427100ec3adc882,,16
722bfa250385b91bd39b11217229f49b,Rod,11
722c2309b0136accec54ae95c1eb84bf,Rod,6
723134fc226b0188a1ce33beaba01bee,BC,9
723da91fde95f244d70e98db1d105be9,,4
7250addc5b4f33ae5e9b02ad788827b6,Rod,0
725a3f29648dc5116d815f4138afca5a,Rod,3
728907998028e67ae60786817c8378bb,Rod,6
728c37d4d5005203e7aad2fcda45b29c,,6
7291f4b069abca1914b616d9ca001dab,Rod,4
729babbe2c6b9ce3adfbdb8ff15bdce2,Rod,4
730bfec7d5e8284d59f7da2146229ab4,Rod,6
7327c47190b98fffbe06a15256fb9844,Rod,6
7343c0612a9c49bffd388c3a15c26be2,Rod,6
734449fc6d5369b7a3b4e6dcf6b8bf12,Rod,3
7352e4aafb9b292753f059c7b00c38f7,Rod,6
736ba2bf2f64a11b7ff3b995d52efa3a,Rod,6
7371b19e07a12a506116617e333601bf,Rod,6
73980fa5eb546cbc05a5334ca0800188,Rod,3
73ae68fb70cdadc1285919aca4568b3f,Rod,0
73c230c7ca8ad2eebe79ab2406182388,,6
73e979924848f56ef1d1669ff9d51a14,Rod,4
73ec957d8da7b2a1d55d2d5165255508,MG,13
74083bab2bad90d86e5ca1c3ba6a5486,Rod,6
740ecb22fee59e2cb9261e6784f3fdf3,Rod,6
74169c8a948f4552a3af014ef51f5c5a,MG,13
744e41fbda99d2fe9e2d50c1c73a8060,Rod,11
7458a48da5becbe8c08383d833688528,Cone,10
746472eae0fbcc438950a37750e82dfb,Rod,6
748f84575927d2714a26258db1d58451,Rod,6
74afd1dc541fafd7dec641fac2cdfb78,,4
74da0332b133d968261e915b2d1a934e,Rod,6
74e17052b0c8096722eda30e61342bf1,Rod,6
750d4ee3e2ebc421bd64735a71c2e1bb,BC,15
751215c627142746b3c1a2f592fe5720,BC,9
75514fb6df9e0d67eae2f96477de077b,,1
756e0b796f63e13fd0c6318b277a7841,Rod,6
7587761899c12f202922e25fece52979,,4
7591d3c3160602f659a2b4b6c175b8d5,Rod,4
75b8fba33809870d95f6d97c1050edd6,Rod,4
75b9651322120b3cadb2f1bf9e9cf179,,4
75c56aeff90f4eb34ba352ce68d7f1f5,BC,8
75d075570bdb31a35fc611f7d4b70c80,BC,15
75e00b9d35b2feba22fdebe0700d2f1a,Rod,4
75ee186f2cb9e7df19856205f8f5f5f4,Rod,2
75f65869a37cbc63337bee9925aa6b83,Rod,6
75f866d0788fa6a1713770455f41f952,Rod,3
76310a644d1b2c2f999702911b4bb310,Rod,6
7653f12837c1983257a7d8318e35bfc8,Rod,0
76a7cc3eb0211e11b9ca1134ef38ce0c,RGC,17
76b1aed81ee81bfa73ce89097eb1ba9a,Rod,11
76f5d8bfb2bcc8f9f1177f6b30861214,MG,13
7713999af90d1ab6b595af8f01d40a49,Rod,3
7736d09365cb01d425c539f1c9e3b388,Rod,4
775ed4b83ae8cfe9d840e9e89ab07126,Rod,4
7767a299672690904c1327844b1aa4fe,Rod,3
777379fb7c6e864b64824d134a0875a0,Rod,5
77947c9a0766e042774bb86adf1e71f0,Rod,0
77a49328a3470f675f57a4021a53b51d,Rod,6
77b5f8d6c1346d8ddcd16b82848096a7,,1
77d4437b47f44f6917f801ccbcf3ecbd,BC,8
77e6250f2f049ab8e760403036c5554c,Rod,6
780d530be4a30ea87e3a5eab80263d2c,BC,8
7823ddd54454556bf16aadd86551b94f,AC,16
7831ec2a2689d239743288cf14409536,Rod,6
787302f204a974ce959b6056cdd9fa08,Rod,4
7875abf774f805824a762fd9d5a2f82f,Rod,0
7885fc08faab37a8da1be5def8527edf,Rod,11
78cfd63631e5a46dc963bce9f58c9b38,BC,15
78d6eb7d62054ab4c646c2d3bbc482d7,BC,15
78d71969f815ce938d8b2c55bd791ee5,MG,13
78dfeba3b3626f06d1b14a5a95017c8c,Rod,0
78eaf2607f05199349467bce4f446036,Rod,6
78f624549734e640337f0c896884c52b,Rod,6
78f761b1bc46b1dce13bfab6aee97862,Rod,6
79019d2e4349f97658d538e0cde39098,Rod,3
791646d847921b240385f9b5f8704d32,Rod,6
7932ef9166b3dbb6d3a5e0855876ef9b,Rod,4
79422868554c8070f6470b7e37459d59,Rod,3
7956ddb3f3fc6a11b1f31e6b843ec388,Rod,0
79beadc64d011201520c2a4adbb818cd,MG,13
79dc51960049f1d6bd5e21a712033eba,Rod,6
79ed30e4a7c06a4f79a1dca3b65f5496,Rod,6
79f46ad55d9ecaa753d8dfce18176591,,3
7a44f19892a8614cead09ff08a349ba2,BC,8
7ac584570ddec042edddd41b3b51f722,Rod,4
7ad162cf15076d611585c2309ad6d6c8,Rod,0
7b0a38f9f90c7b8af3b169f90f129a6e,Rod,3
7b0fef3947c662af8c8afe71c4aaf943,Rod,4
7b282054e52fa10830b9ec2aff003021,Rod,3
7b37f9c99d344d7b767c023482721eed,Rod,4
7b59b1d27f0799a0b5e18d5a0bfc4995,Rod,0
7b5a3faa9e78682aaa648a6e7d97e963,Rod,6
7b703d92bec2c144266300abffb97b6b,Rod,6
7b8eca4cb65985087141b907dbf5afc1,,20
7bae79154f8611e4775fa946b164d136,Rod,11
7bba29e174907161018b4341b83b95a6,Rod,6
7bcffa86ee83d29636215a670f2a05ce,Cone,5
7c0db2224b374dfbaaa92645767eed17,Rod,3
7c185aa4623ab085b725bf10cb7ce059,BC,9
7c1bd88426b2a573828c69221496f746,Rod,4
7c2cb1e99c58ea42608dc979d3609393,Rod,0
7c52d618079d2905c9b3ed3553942157,BC,8
7c64fd79c352085ed9babc6c655112d9,Rod,6
7c6c894b44a3dbb8baaad8e0bc92223a,BC,15
7c92c102f2a721e9bf91996b1a7be159,BC,18
7c989c6de464f941183471d8b7f9980d,Rod,6
7cbcd1783bb73ef24d887c3ac6fb32c4,BC,8
7cf82ac91c409e78f8bed7f539613d40,Rod,0
7d37174b729546ab80040f521560fd49,Rod,0
7d51c3f2b0562129318d052c2100f711,BC,8
7d53850f8b912b4075ea57879394036f,Rod,11
7d66b519756e066319e5c029893795ab,Rod,3
7d6cabc64d04b5a543a939c093e46541,Rod,6
7d6e11d96fcecc120fb6c680e25b75ae,MG,13
7d8cb3c429aa4d491ce23ecfcba69b85,Rod,6
7da3e732efb0afbbf7e7de636e697300,,20
7db2905e879eea88e954b60f5e8f54a8,,16
7db80007209af42786cc2df5d664ed20,Rod,0
7dcb3456999a34b718f5d32f42079fdb,Rod,3
7dcc6cb0393402e5abac4f8f75152430,Rod,4
7ddeec85db750cd17d0552fa7043058b,Rod,3
7e156abafd6fd9aa1197822a39a3d8a8,AC,16
7e67f99a6309dee8549746a8065d0927,BC,9
7e7da13bf84c9bd9884b33f88576574f,Rod,4
7f0c3435a07036821a91da553d7ab782,Cone,19
7f0ff0cd7ad5f5d5c0234a19cbc99b44,Rod,11
7f446a83035ce9daa7ba6d6092204e54,Rod,6
7f47987bfd482adba061ccaf52890e44,Rod,6
7f49dedd34a349c71df25578a1c18dc9,Rod,6
7f67c87bdae45e42824541f62684e04f,,1
7fb9f0231656694ad04d5f00200ee47a,,4
7fec66a6c16b2a12e8e169a3a8113d40,BC,18
800c9ea3fdf114854fd9c9f2f8517d01,Rod,3
800d6238ba0da550a0f4fb5902cefd4f,Rod,6
801c46cf5944f88db31497a4e29aa4a1,Rod,6
8042be01e63cde2d6e971daac5920af2,,14
806386c8e4a0e193c04d23fe9304c766,Rod,3
806b57b2a82e3d09c6658c2b5c478302,Rod,6
808abbe5a229d5ff094d87ca24f05965,MG,13
80ae9f671a78a18e357e0042decea3cd,,14
80c14dc26541ffdaa094a67e6af9be2f,,6
80c17e539e62bfa79bee5892e327d203,Rod,6
8100a860214c01ec3474ec369148bd56,Rod,4
8149dcf2b3938a1be609f1346c618761,Rod,6
81600417d9b23537ffe5440f3316eed4,Rod,4
81a9fc4d6e55e5495703e1f20fcb27f0,Rod,11
81ad79d941a410117ffba62e09f44f13,,1
81b2485216336935f35d74953081986d,BC,8
81bb2e86923bc9d441da3f72fd0f86a5,Rod,0
81bf33aad9cb67252825cfa776d51a1c,Rod,0
81dd4ea215e52defc7ef69209a2999b0,Rod,4
81e527d302d04101280a52d4dc8c52f6,Rod,4
81fc86f57402d42b8d40e36c8f4428d2,Rod,0
81ff11d5400214633cffe859788aacfe,MG,13
8216573bc7fdb73d4ffd4e185985e801,Rod,4
8224df2aaa752421e2534128a37b207e,Rod,3
8233378733996c1fd5210d7fcba4250a,Rod,0
82378f344da549b038468caba863f36d,,1
8241382052e43858921e4dddf5027279,Rod,5
825a03b1a9412bef7c70b7ed2e80b562,Rod,6
828cb67e7a7538eac7a81f1d5b533886,Rod,6
829094dcf449c8a74ec82dfac944e863,MG,13
82aef2f52cfc0215dac0ef631d1a7a73,Rod,4
82d3d910a51beb158dab77628e910df1,Rod,4
82d4cb7e8fe59ecb3db8279b07e16058,Rod,6
830f531f4ae5d8a9e13f7638e7f28893,Rod,6
833bb040e1dfa731e2e14da11312c8c4,,6
835fba233f877eb4cb3cabff2518a9ec,Rod,3
839476ef33a1d0035738067849782389,Rod,4
8394cdb56874d06c6056c1afd52e5a01,Rod,6
83c574b5c3fb68913d6936e5a51fd301,Rod,4
83cdbbd77ec40d9455a4110f1b9ad935,MG,13
83df27039485b2a102e17de95abfc5ad,Rod,6
83f84bd62d71834a50725a10839f517d,Rod,6
840ef9e99574e6b8f128da644857eae3,BC,8
840f3ef08ec5180a3dc9957b31a245a8,,16
84230302556bfe18f841c184a2747bc9,Rod,3
843cf88ec0c095078d11f9e7c7b89e44,Rod,3
8444125747086baa830c5aa24bc0357a,Rod,6
845f6015e86fd41a4995f14aae3c0297,,6
84795bcb5d9730ef6fd9392a0e6762d1,,10
847e3c1d1bc4973b03b22ea8e7ba6892,Rod,6
847e3f3d663e150ff9c74e192ffb1211,,11
84a266bbdbf095b039706e44fe7a6326,Rod,4
84d4eea5dd4f98b58e8f3e694fc402ba,Rod,4
850b47d1d06725498fd8e59e190f86c1,BC,15
8511c12d5829c826c88a135eaab73019,Rod,4
85156ffe0d2bd83b374497af0c875531,,6
85351c367f5d1433293a9e7f76f34231,Cone,5
855915cefb3556ee2d85a1548661cfb4,Rod,6
85642c6cdc121eb8905daff39ba9f50e,Rod,6
856ef95aec121ab33bc8d2f5ac2318b0,Rod,3
859f8f14adcf6c77ec8101ffa2933ef9,Rod,6
85bbd2cd09f09970088698ac4b4e8f41,Rod,4
85c322fba3e7f5375c530bf99b16e22f,BC,8
85c8861f3b0dea5d4c6be6b409c026ed,MG,13
85d23cb5a669705a55e5aac8a8294397,,6
85d4df53db808148a12ff196cfc3e2df,,3
85ed0ab8c5c949a4720c605b3b923bb8,BC,15
8605413d9fa3beedf8aab1ab813b5d5f,,14
861c5fbecca39a8533acab73356d58b0,,6
8678d853a502bf5139f9b959a82b783c,,2
86ccdc3ebd946bc2e428893c9ab037e5,Rod,6
86e361578392736ce61164fe2bc70001,Rod,6
86ed2e67d1ebf33d84f9dfa7ab6a0480,Rod,0
86ffe76e37cd133e673775376ca85885,,20
871e59eefe25cc9b19991e6000eb15d9,Rod,0
87356ed7d6c201b8e06d5ceaac95243e,Rod,3
87377f778ffe43f3201e29683ab8ec5b,,14
87402e5c9fd62a68d65b2a9223c06c4a,Rod,0
8776d8a243606bce56d13ef8944fab09,,16
877703a5b0de4d141143c0ef94b3c50c,Rod,0
877a82a26a723871f226f387550852e7,BC,8
8799efebef1e5dab4ee59e743d8b9216,Rod,0
87adb786a228358c4db1e2f4d7cb1b10,,6
87b1c5c96e066eb35e2c39e99dc7ffa1,Rod,6
87e034447cccbb62c85ecc99d7065857,,1
87eeb74b75afe485d9b6ac7b84bf9798,,6
880c5320f08242699f659d2e407f782e,Rod,3
881e18a99bc29a77353de0272fe86056,Rod,6
882c05554b42552597e6212d4668897b,Rod,6
882e15ce1439bd866038fa5d41d4d708,Rod,4
8842c0ef7bfce82a8aa234530f3b63f3,,16
8860d6695404cda0c574582033bcff8f,,6
889b562332f9d370d328b3b0b3729fdb,,14
88ae4f480cb1e3e18b47c9b09545ae1e,BC,9
88b060405bf2eb509360c98a735d16ec,Rod,6
88c10d29a1cea98f724d8f513ca97434,Cone,10
89085f7776cc33bd3ba1cc30feab8120,Rod,3
8914ce48b93a2fb25296d78a0b48df70,BC,15
892fd481ef269616b1e13ed89b8452f4,Rod,6
894950c70b9f26f36276667fcfa2771d,Rod,6
894ac0954eb67b336d30fbaa4cc39ca1,BC,15
894d9d156e1098f7ff822bccf42f66ca,Rod,0
89529cd4637f443ad922e9b53fddcbcf,,6
89760d7caa7386e1b6cf0767ed090045,Rod,4
89ac85b2ff7b5704edbf1ab36b20a938,Rod,4
89bd7e64f4c89e33407f04f11264355a,Rod,3
89d7833161f526a1f9732e768d28544a,Rod,4
8a694c403634ee85e114fc878eb9f2f3,Rod,4
8a873a3ee3f2fa59241913674c600261,Rod,6
8aad0c40c42755bd83236ad45e3adf26,Rod,0
8aad602f89a004fc60f9740446197718,Rod,4
8abed4d3e24714658ecf02919a2686d1,Rod,6
8af03f98e017a3b4a188c1f41d1db6c3,,1
8afcb5b94028854cbf6694c8766dccda,Rod,6
8afcec7218f238c31fd2d41d15a59588,BC,15
8b0e62e49ef247f9bf0a5ec1b152e793,Rod,0
8b11e5d923b51afd9a22336eb71cb56f,MG,1
8b12a2df1e272e051b93bd1ea6aa7e79,Rod,0
8b1b444d22d9592b0384853567545ec2,Rod,6
8b1c349bdddbb8f6c923965e59c8864f,Rod,6
8b2e5a8f7605f724eaad711b92c508fe,Rod,6
8b35a9a361b34af96df97e7d00e95c84,,1
8b3d3c7d2741ddd1751ba60e17fcd445,AC,16
8b49e7d25672c89844bf31e32ff55305,Rod,6
8b8a60633ce43dbd4803de2c54e721c0,Rod,6
8baee3dd369423b56b478dcb3e131e2e,Rod,0
8bb12ed9f2214e7e5f5f0c4c68aceb6c,Rod,4
8bcc43c585d73663fb6d6235530323c3,Rod,4
8bf1710f4847fd7ac2bea7c1c1da9e54,Rod,6
8c05247eab6e80c5cfbba277091405b1,MG,13
8c3be65e9caa15327f7c180ce99bd8f4,Rod,6
8c5f60aa5c7f4f8816429446918c8cc2,Rod,11
8ca806ca21cf129df4d16a51b1276e4a,Rod,6
8cd438953c294399e456fa2b2e4c6d11,Rod,0
8cde7051f3bfc576494a17ce6e08be93,Rod,6
8cebb58467b8f21ac35f18cd66c219ca,Rod,6
8cf5f77f5992cfcacb456f48491cd56e,Rod,6
8cfe86d23facb916484b699e73385969,Rod,6
8d076b0e3394e47f6b3246a5e50e63ef,Rod,6
8d1d799d8895cea4b79b0c0bfb1687d0,Rod,11
8d28be2aa803797acacfcb36c81c34bc,Rod,4
8d42beed494366ea288e291adf6c4707,MG,13
8d43ee2459aedff64be1481c5ddf5724,Rod,0
8d83eefc9b9197ba23ec02cf031c647b,,10
8dc7fe2e9695864fea20ef40258ae7c5,MG,13
8dd9b9090b690d86a6e2e0ae8b046390,Rod,0
8e1eced29e9b65cf151fc923dba7223c,Rod,4
8e40200062b6c6088fc2deb1c686890c,BC,8
8e4d98452af9b435c485d23c61a53ee9,Rod,4
8e7583076aafcfc860f8bb12339a26fd,Rod,4
8e96a3a543fd42c670445cf133738a30,Rod,0
8ebd91a7e2ec90f5aca796aa7840f4b3,,14
8ec136aec024a97c5a48dd1c5ca17a70,Rod,3
8edfdafc891a176bf47a2db199f81355,BC,9
8ee3670f51df51786fc3728ccbbebfec,Rod,4
8f178ddaa4bda39f025f34f6e36d7b04,,3
8f2bc8a095c99ac64c22694f6dbece3d,Rod,0
8f31980043c301f454b7b1121c52d10b,,10
8f4264876c99a5b0978c55ef0d1a0571,Rod,11
8f4fa64102335ae7a725337224e98ee8,BC,8
8f5202fafd6ac811860e3f1f3bd96236,Rod,11
8fd63e89a387d13b53bc2bbc13deae42,,16
8fee6749f2245803cdd744750a374d09,Rod,3
900c1b4a099bd5ab1da4985251c9726f,,2
9018d2083440de8e2d4d29f18ddb0de0,Micro,21
903be1bcdcb98303d7bb1c812402d409,Rod,6
905e04e3d89df59e67d175ef166fc951,Rod,0
9066e10be4c8e8539a575fea82429b2c,Rod,0
908a9a90ead0c6ee7595f3f8e4225ee2,Rod,0
90a211482e477a9c78b14d4329d8afc7,Rod,4
90ac3cbb2940d54e969afdf7f1b52250,,6
90f0f66d29d493255b7461071911940f,,2
90f8c5e76c9823a5cb1885bda2fe2779,Rod,6
9143a33477b9423b9aa96d34a17b8907,Rod,6
916a6bf14dede428db8aad0dab12e83f,,14
916f05efcd4c496d5d521f7eab6c555c,Rod,3
9186bbf7712366d431e54f3105ea6129,Rod,4
91aeaef40325c30ab45f876fe82f66d9,Rod,6
91dfed5fdb338cf4b0c11af1d9e65450,Rod,6
91e50eb949ca7aeacb768376f202d0f1,Rod,3
920734df23d047ae95c18663fa829b9b,Rod,11
921ce0033eb553b630c259bd4e81ac3c,BC,18
922db2794eb0f7b04bb18da8ebf8f25c,BC,8
925752fc7834d16ad5a5325d28f321b7,MG,1
9263c8734fab178de21bb0b14dec7ee6,Rod,0
926c70333c87eae509deaf7545b53d14,,1
927311d4afb01ec3760f9efbaf92e700,Rod,6
92949953f3f32c1f19cfe169f1eb7e65,AC,16
92a0e43ce083d892f4bb2479a8b43c9c,Rod,6
92cb40afae5b1376b096e483eafb7c4d,BC,18
92e12f145ea3f63e7dddfe05f6b89ba9,Rod,6
931db0de07043e1daa4244a048ccd7b7,Rod,6
93218aeb8feac988372e9bab14e86fb8,Rod,6
9328c58381ac158a8bdeab520ae1ed6f,,14
933becf25fbfe9e4d7fec01a6cc8548f,BC,9
936b11e6b1e75d8bc9e6a354012a02fa,Rod,6
939449bdbd4f2ff069228d0e350b208f,Rod,6
93a996af7b61da03e85d406452396486,Rod,4
93c8cec6b94710fb1d02ad602c96848d,,7
93d0187921f508bd6b38fd8eb1d93037,,7
93d26dbb1a6b82ecd4ef612e2d9582bb,Rod,0
9431de85d9c262c91dc0b4614bf1da71,MG,14
9466a933574da066ea69d9296c40bf77,BC,8
946df2784cbb3b30c18df5af3519189f,BC,14
947a14209b08210dbecb4634b48979c9,Rod,6
9484ead0de381ed431e0491f1155d82f,Rod,4
9495bbbf3ec526ebb8ea24f0f830c804,BC,15
94b7adc7fa5b31d5e26340784ffbfb81,Rod,4
94bdbf6d77833fea6a2403b3dde72aed,Rod,0
94cd1d509833953f8c2d023e4abde393,MG,13
9536036a24dae8c98a111f50a39a0b82,Rod,0
9540b6d8c4d0647cca654555c5ae84b0,Rod,0
95559ebf091f1db0d7e312aa60e104e7,Rod,6
956211d7f0fcd4a890f28933ba54b717,Rod,0
957a08e8f5b9fd42aec6c58f7307dc76,BC,18
9594d4327ebdd266f37859376523a02c,Cone,10
95a86ab98adf6bdca388f40bd4afc505,BC,18
95ccdb86734a8a24b300e9c54a4fa15c,Rod,11
95d4431354b3d349fa0b5e2491298648,Rod,0
95dd35c3d8a3647de04bf8c1efc1ab02,Rod,0
95f42421ddddc2e61c0ac42eb12c163c,Rod,4
95f96ee53458b509bdae0ec2fb99bb6a,Rod,6
960dceee7bbd242fa9270099887ce367,Rod,6
963965d5122115d37b3d6e086934d65f,BC,8
96494eafa3519d00e1e3af8f28414e5c,Rod,3
9651652cabab138d13e2628edb2da4a0,Rod,0
9664305f64a07150a89587c473b8de02,,1
967d9eaafd4e2aa8fe595d62293fba9e,Rod,0
96a45aff63b8b4b23ebe824d1676ad93,Rod,6
971aa0d10fd1f1596a4163e695a30c29,,6
975c677d7dd922b3c652b6aa928b5610,Rod,6
976dc8d44421c670ac0ba4996330d41e,Rod,4
9777be505a8b2db7afaceb08ef471e0f,Rod,3
97ed2fb6a373674dbbc8e21e4a29a4a9,Rod,11
982f5c14230a5ebe537f3274c1776d8a,Rod,4
985445013a1fc75e342e86e1dafaddcb,Rod,4
985b3e3d5e8b7f4c571684347d5d37fd,,4
986d7831704dd1c024487aac3af711a2,,3
98826320e86608959688f9721ab00a57,,14
98aa41fa854ad3b7fdab9ee5242521a5,Rod,6
98beba1de749653617ecb264e0c74b64,,15
98c40e4017566990935624f9943dcc79,Rod,6
98ccbe675a5646718f3a797fef56cf48,,3
98dfd605a2893d84024154f59c0323b0,Rod,4
98e0dd7d1ef8a99d45fb495f2341714d,,6
98ee114bd216dd01f433123c61a33e73,,4
9919d55d5440d8de9120840dc976d03c,AC,16
998e521eab17b01161b6833f5ce33344,Rod,0
9995ad870cce9a3e29af9e29a54412a7,Rod,4
99c86433abe721422aa0a8db5f49c8b6,Rod,3
99defb5950946e6b322db1fccc7d7e09,Rod,0
9a0a83552dd0514b2eb1258d4765a218,MG,13
9a22278a3606d73af4d0b65f16d434b7,,6
9a54e900c920ed3f013e2e1f116a4228,Rod,0
9a6621a05f34a7ef05aee86ed0444676,Rod,0
9a7801cd35062c648eae95fac635b536,Rod,4
9a932d0a11f9c4a80f7a654d03145ada,,1
9ac1dfddc0b262294827e72fdbcda7e4,Rod,6
9ac8b722913115a5266b79bf2ed2c373,,7
9ad8f6fb391a2cff297683193161b673,Rod,0
9ae0521e9d55d6271446413097db9a3e,Rod,6
9b14df8dbcdea1edc48b23b68d1ea38f,Rod,4
9b3046cd2e0b394736f27fc17875ebd3,Rod,6
9b43e2c736e2c41593e8c5467c1045f8,Rod,3
9b45a26eb2044f0545946c90c698275d,Rod,4
9b469850624ca6e979ed48557055f30d,Rod,6
9b49f61aeecc4ada60448e973b23b570,Rod,6
9b7bc1901212376e2d02b540fa5738ac,Rod,2
9b91956c456a7a11d213535ab9ee2444,BC,15
9b96854298971985fc5ccdf336f6005a,,10
9bb4f98c1591725465b43d244e0f9aa7,Rod,6
9bc78abc4baa5879ecf11ec935566e04,,14
9bd1913019f7fd00431046d2f44e22b2,Rod,6
9c52fc0593138326bf1282477fd9206b,Rod,6
9c7e61510d79082e2e05e9a7c0326362,Rod,4
9c87bbecec31ac247a6dc74e2797c08f,BC,9
9c903c0778c89074b210558fdec49345,BC,9
9cb44a7075acfe27946a7a33ac004ef6,,3
9ccdd6698c2c6de16b6d6b8e4ebee211,Rod,6
9cf7fce711f5956b55e5c847a6f46050,Rod,4
9d4db58a57c3089aa8e8a16433ba91b6,Rod,4
9d646fcea12178d7a25ce7b0cb1028f9,Cone,10
9d9bb058cec3fae198aba3603c21e3ee,BC,15
9dbeb9ef6a3e7c55ffaece1fc13df310,Rod,6
9dd15935b422dcd46eef4c561addb239,Rod,0
9ddac60ad93c880b0733496c6aec3fb9,Rod,0
9de59969e373eeec366c8aba28659109,Rod,0
9df4b4996048ef5df50de9eb69a38520,Rod,6
9e1af63f9746537a7204176aa1ac5645,Rod,4
9e202c1fb712a10e09cf627828eb9b22,Rod,6
9e374dea513ce95fb5f48fee3126c1e7,Rod,6
9e42ca1a44ca9ef5021f22325deb7408,BC,15
9e458d8ea0d000a0d469a63cebc799e4,,4
9e63536bd8afcb13176a700198ea3100,BC,15
9e7533e31078c52d4af5c0f69d3f187b,Rod,11
9ea48e59451549b763cbd0e7df232526,Rod,3
9eca0d36313b8014027596647939d8a0,Rod,6
9ee38f7033568c030a1d504f2d3b05a5,,6
9ef093eebdf4fd72584c9daefb138b5b,Rod,0
9efcff765248b53893fc1a0101c654a3,,14
9f103d4cb6e123281ffaaf214b92756c,Rod,6
9f4a8a1737d791a1b771712a0a225580,Rod,4
9f4b8a595a682498609acd29890fbcd5,Rod,3
9f946e016511ef8a2949a6dfbb26c1c6,Rod,0
9fd33eb31fad768324bbc380037090dc,Cone,10
9ff7dcd5d98a9340145b71d7b4274f24,,1
a0287cf0049d5086be633741c23fd63f,Rod,11
a036422204a81c6fe1ac5c1ddb035489,MG,13
a03acf25a9439cde0850bc2ebb3c8e03,Rod,6
a03cdc680e93d738f3976bab6cb15ee7,Rod,6
a054ddf249a673148e730d65f086956a,Rod,0
a06a647022d7ca8bbf5910c4248ad963,Rod,6
a084fe83988b1bca62965626204202ec,Rod,4
a0b74148f194c23768aa1bce2b65d3c8,Rod,6
a0c188421fd30b8b72a9108174ed4fab,Rod,3
a0edae3fbf9468635f47dfa59ec2d26e,,4
a1265fe2dd907e94d3473b670f3fb665,,1
a1a57db66c6d6af3877a277d01e37493,Rod,6
a1be74d3b67b5def4da1f41b76e45d16,Rod,6
a1e58c755b8e8213ae3dbdd6038f8500,Rod,6
a1f09726291b119711712bbf8e1dee93,Rod,6
a1f43cc8a17da58c90b61d0e34b1fa23,Rod,6
a200bc00d0ae906ffe6213e6a458515f,Rod,0
a25a6207985bc245f3b9e81f1c48b5bf,Rod,4
a25e14b72f1b4deb47c828275559f369,Rod,3
a26648ab31ad41652335882093d921c7,Rod,0
a2753fceca08577e0f8311413cdcc3cc,Rod,6
a2ca2b22ab14ff5bf97312925ca562c3,Rod,0
a2d6ed95c63e918d0a6b0e97a8ebee07,Rod,3
a2e4871a736fb6111bf13eaf50c78346,,16
a2ebdf7f0fe6f857c6cd2f8109cde91b,BC,15
a30ef30028de2e17ba21b7b38b55d07e,Rod,4
a3a207009a9447807474e245eda4c1ef,Rod,11
a3b5a32e6f021505e0163fc2849723e9,BC,8
a3cb8897c179f8ad4e0dd13a32ecc2e7,Rod,0
a3d8455bae36c6cd1187a1baddbd2f7e,,6
a42b6c707c550b5a35fd47701b1dd7d2,Rod,0
a44803e5cb6d640a9f17ecf15389caac,Rod,6
a44b79a36f2e08b807075ca66e4fa998,Rod,6
a47f6075c388e87869a6d37ddf8650c9,Rod,0
a49259d87c8c9cee633310d48b8aa8eb,Rod,0
a4be38eb7317acb7e131baf4f642a512,Rod,0
a4c2f18af9c11cb12ca08897976f19b0,,4
a4c747e05e8cbeb93c72db8cd56d2bbb,Rod,6
a50c1e7f0bd757fbc1e288c851d34757,Rod,6
a515001638d7a03bce8f00de72f626af,Rod,6
a521b0269b151aa4d26d9022b611baf3,Cone,10
a57082938cc9451ca45ac174b1f79981,Rod,6
a57238b1adc92b0dc53b45d0e287d779,Rod,3
a5737a5f5e90c837947d945556e47ab4,,6
a599f436cb75644fc60cfb12975c2da8,Rod,6
a5a4fb7df6fe2d35e08dbb54d30e9a7f,Rod,0
a5aac5afe16707088f5f42bf050325ed,Rod,0
a5b89b465d185f8d1ffbe8956c0a32b2,Rod,0
a5c1517fff034ca19c0435820810a36f,BC,15
a5c3a4ad9c5a998f15c4832866878d25,Rod,3
a61a18688513e82a7873deec14a35ebe,Rod,11
a62336d5e228b627569cb2cdbdabeb83,Micro,21
a627d5cb32d428e467fea07b2f1bceac,Rod,4
a6567a2c24e259ee01dd521a8e01133d,Rod,6
a691726bb712878fd00f232ed2f64aab,Rod,4
a6971672aae1aa388d86707215f93d7b,Rod,6
a6a268da0a43738df34594333d7dc373,Rod,3
a6bd6f66dc095cd31eeedf21c9881ff2,Rod,11
a6cfb2d982cb9a421f0b5477694e40b4,,8
a6ec136dd099d83a783c1d2bdc5dbe50,Rod,0
a6f77981a34a9a95f7b6f7b7c2404e96,BC,8
a6feadfd3f6dbb82766f90442f6f8a35,BC,8
a71bccbeb83776e3c6efc92dd087cba2,Rod,6
a720f6ef0de97c9f0542a6e09911e434,Rod,6
a744144db7ed928aed46ca8b9f2af5bd,,2
a747875b3a8b1c4f8960ab389f00db87,Rod,0
a793f897cc0ff6e69fca41117519bd9e,Rod,6
a7c8d9b2af89cef72f7b443cc3f390b5,Rod,6
a7fd62b9ce07a6423ca67e9a39a0a41b,,10
a801620b3e9ac8251e54abbefa57debf,,6
a828615c25636608f92e35f6c29e3bab,Rod,11
a849f6272a92ca0e86760bb30929fd15,Rod,0
a84c1e1a8902bcaa638abc1d8e784f28,Rod,0
a8598c65641a99497fbd8a711a2ac1d2,,16
a85fafdbd59e1349bb3eee612af83bf1,Rod,3
a877b03a3dd956dd03b3dbcaf72bb7cf,MG,13
a87c67c4a2c1a1a5c0c4f269c2729d4f,Rod,6
a896f82e326a0e0124bb1d670ca4b41a,Rod,0
a8a7d7d349edc566eaace5bc8f4e656e,,6
a8c09431dc6648c13a546d8c7c44bca9,,4
a90c76fa0bf34c45bd35b4fa0976cad8,Rod,3
a90e957aaf6d3275aa85f8b51cf2b972,AC,16
a93af1f858a9a298c9b3dd84dd4ed909,Rod,6
a96159f53e2cee0a1589972974227f43,BC,9
a96ec157ec8deb86f25e17f78208332a,Rod,6
a98855bd92754439a061bf0eaa456eb2,Rod,3
a9c4bb907c8270e1ae869428cc882ab5,,3
a9c53bfa29db9e3fc79709e72d40b9c8,Rod,3
a9e30772297f1d3baa33addfb98beb1f,Rod,0
aa114f5523d3fa62e8672321ff3a3312,,10
aa2a9f67a79362263c980cb48c5843d7,Rod,4
aa41b6c4b7e6478378a8d17f0d054fc3,Rod,4
aa58750a8dbe17b28afc8274e53e82dd,Rod,0
aa6f5104a30105217edbf3cf28b101ad,Rod,6
aa85bdaf31b267d456420ffe2aba49cf,,4
aa8a9c4fe2c5ed06be7d570064512f78,BC,15
aa93de957903dea0b6594fd91454d2bf,,4
aa98d34d820d7c3e990afe5ad400150d,Rod,4
aad9dee2d24d4ec05e3974e6254c07cf,Rod,0
aae20cd721547f3e8845a835860934db,Rod,3
ab0e52c3a0230ad64b4e96a6c0ec0aee,,1
ab2471a8a8286d2ed015c647a2edf14d,Rod,6
ab28e5b19b007b04cd993e9bbbb96ce1,Rod,3
ab5207dd20a6e1f465a16edcb13a6a40,MG,12
ab7faa492acbcd84426de0169d671aef,Rod,0
ab85b8eb350d213b63c5f0883192fec3,,10
ab95fff486b5348b5811b4caef2e3831,Rod,0
aba7bf77ed284193fc370edb9cc21780,Rod,0
abaab11c2ebd460d7b937cc00efd6f7b,,3
abbad160bde95a8f9f515820f68a738f,MG,13
ac14a6af62426ae7197fde7c2a2e7de1,Rod,3
ac6287d7b031a6270bf1be284f904c30,Rod,0
ac949063c6930c2e7289979625de6f69,BC,15
ac97f744ab25d10077570d31cf7ceac0,Rod,6
acb610d819c9468286a7334047a363e6,Rod,6
accbdb830d3d0ee0cac124a5d56160d5,Rod,6
acdb3549b1741a17b6486ce5aefb70d6,Rod,4
acef41554080f89aa7f8c051c2976929,BC,8
acf48fd8169abe1bb386d3a9db8e7c99,Rod,3
ad180cb27fb8a35cbb63aa7e7211b61d,Rod,6
ad542f5d86f6d67920cf9a8888d48b65,,1
adb6e74cac3ad4a9249c2ac93e3578ad,,3
adec13d5cf7ff3c18f6aeaa13dbd76c9,Rod,0
ae078e2b8a63d8640e1d3a6e476542c6,,6
ae155888a39879173e9251fa9a65c39e,Rod,11
ae189f7065c2021e7a3131f14c6d66fc,,2
ae2b225c72886c0e508329d7867cde1e,BC,15
ae40fc0be3af4a852472e2afe10eb9ce,Rod,6
ae6eb497574403b7d1bc95fdd58f1ed1,,4
ae76bc762a150303270ed8532d3ab29f,,10
ae96b186ec4ccadb6c8ef4bcdf322ac7,Rod,3
aec01c13035bc4aeb316a80e69aac3b5,Cone,4
aec3a32317eb78fa320b0c083f8b20f5,,6
aecbd73a8ae6b178063076c06a655184,Rod,4
aedcd1f4980f4a053a182c747df6e062,Rod,0
af07a20e566fbfa29564fa9151fc7ef9,,6
af0e42309dad30c72ab71f09001be5d1,,3
af17dd3cef666c08dae8191cdae4b519,Rod,11
af24aa6b80085e050bf674926c7b6283,Rod,0
af2e004285bf30f7966afaec198f62fd,Rod,19
af39b4d1e15fb24d84f25b53cc79cfb7,Rod,3
af75adf8bebc9e6efb639cbcb127ed2a,Rod,6
af82612253e31df37a233214ef17054d,,14
afdad08af489f288bb0dd5113fcbb222,BC,15
afe44d0fb5596f8fb694f40ced24c55c,BC,15
afff6634b0fb3de80b016385fea12a34,Rod,4
b02f9542dbe47295c91203c1a262aae5,Rod,6
b03083ade3bac74cdc82eccb60ae138f,,14
b0309f889b68423ae1c6e65e0b481f43,Rod,6
b03dcbb13c043b3452f2100604845c7e,,6
b043a7da4ba5b1ff683dc0471411db22,BC,15
b077310a9ff4b401cdb3caa19683c866,Cone,10
b079ea84198061b4d6d00f825a9a2ba3,,6
b09a28615f1e3c19a90854439b3d98ce,Rod,0
b0a9ffc7f521ea87556eca18e8428721,,6
b0aea7d54c83c22e1e232ca463cb2f97,Rod,6
b0bc96a27399787c2f9b8c89308be94d,Rod,0
b0c53e2d5d7a5e686835ed323b06f96a,,4
b134f83312cd1586685bec00281bc188,,4
b1743ef540724565bdb1fbca017d00df,Rod,0
b1778f943fe8b92e14667aeb8bf197c1,Rod,6
b1c37b19e1b830f377fea1435fa11c4e,,13
b1c381638ec1ec0b60e455da5d5bfdbd,Rod,3
b1c7a8039b57486ec21d53cc5329e97f,Rod,6
b1e2f6ea30ac6e646683c7a97fa77fd4,,14
b1fbf6a5efdd84f068a09161be6bc34f,,4
b22ce61d662a9cd6ca46778c048c8cc3,BC,8
b23bb0d72d47ae26db69682e5608dcaf,Rod,6
b241042977121b26dd978f2ad3c7b2fa,Rod,5
b26e02c146956851047592c8d5d3fbfc,Rod,6
b28e134a0ef2ceabe0ba088fed9c434a,Rod,6
b298d48a0e5b02e2eddc5d455a88d1bc,Rod,3
b29ba3e6db50f0193292a0b58a231ebe,Rod,4
b2a8b7a7417547b498e96c4876126c21,,1
b2b694ee99b381193de6e20d52b746ca,Rod,0
b2e81f4ca4e3d809d1a745433a292777,BC,18
b2f78637717ab18ef9e5fe408643488e,Micro,21
b3011801db4e093a4c504161e39bf9ca,Rod,19
b302c96b7207d1c2a7bac095c1582284,Rod,3
b30acd2d672a1a6b278343add2b9493a,,10
b31caf78275b906534595357b6a57864,Micro,21
b3735def1fab0bf22710acbb81c36e38,Rod,11
b380b7aa9fc9d15620b46cded6dcc19a,,6
b3a7d743d5f21d193e9bf3d6cd8ea97c,Rod,6
b3b77dff477b0d5fae4c8351ad011c7d,Rod,3
b3c190ce651e9c460bc0d5d910e37097,BC,18
b3d0d8cdb9b907ed48d3aa198f91c097,Rod,0
b3d4ce513e66e3a61ebef6f96e84cf07,Rod,3
b3dc49b2aa4b2f458e9698f77da15b8d,MG,13
b3eae6f8de383092db5a3c0993884fac,MG,14
b41df26bc1077bc1eda0039b32fb7916,,8
b41ebd421a1b0853560ed8f2ac647ce6,,6
b42742a60a06194937ee2efe5e70208a,Rod,0
b42d5245eb8d3393bc2d794004ddd89d,,8
b434bf0d3719243824a643145cb1c283,Rod,0
b44b2b4be22116c53d51be62f6eb7207,,3
b45206472a3e544a9af4193177e6e637,Rod,3
b4777e933257a8dfebe8340177fd92e6,Rod,6
b4803125ccc3f86a325f157dcb4d00dd,Rod,4
b48d12e018f71c8fadcd98e50810d308,Rod,4
b49fe1fc40bff46b4daf53d480657383,,6
b4b4a9e5d64a3dc1921c2a9660f7cb3f,Rod,6
b4c34b5f32e4e6e0a893330ed1667b94,Rod,6
b4d62f5648123d4cf6bc257213118d4e,Rod,0
b4da66651600ffc7cb8c6ea475747b46,Rod,4
b4e0ddaec0707ec0cb440e68936dfb10,BC,15
b4f150474134767b976af2596a13ee81,BC,15
b52a5faf35b579ec1e69aab1e856d099,Rod,6
b52a985ed5f01d6a46799a387a8a0dfa,Rod,6
b54ba0e571436c2f855ec1f62417672b,Rod,6
b561a8e1d7af0d78a14fea746643b76f,Rod,0
b577d19b78044bd3f56121c6738b362f,Rod,0
b59cc84710d4266a758ea60009ff3ef0,,5
b5b1470d0ab712b71bf08b49089b2c34,Rod,6
b5fd1f16d1762bd02f6dd3c9d02b60ad,Rod,4
b5ff4346ad77c6649d46b885760fbf5e,MG,13
b61d0006d7bb189216dd338c8e9fa1bb,,6
b62fff9d66f17b3fee8bc00f57fde934,BC,9
b6479b715fae9c0852b6cdb1d754f09d,Rod,6
b659a4f9abd1bf6c61fe6d07330ec806,Rod,6
b6b108e65ae39869436812bcb6a1b482,Rod,0
b6b3ecb0771c0a323774f5fb471da896,MG,13
b6bdc58f2da295afe29cd59b4be180ac,BC,9
b6e09e23ae96540329a0ee43eb5c2804,Rod,6
b6f93c10df1d39c3bcb328dcdb2e29e1,Rod,4
b7165af3cee1f122c215ed7929abb0ff,Rod,15
b72d955937db9f6a4d63de46e435aa52,Rod,6
b72e0a876f2542eb739c49613d037234,Rod,0
b746cbf243e7eb2ec95e873e7dff94aa,AC,16
b75a2402b04753bd4602d817c1798396,Rod,10
b75af9df787f2324fb467e923a3d83c1,BC,8
b76c6043cf0417940ce88be31c92aabb,Cone,5
b7889e4c97b8b4d45bc513ff2ae5ba95,Rod,0
b7908bf9038ade7a7a2a4f41754a7913,BC,15
b797c0fab18e8bfda2839f6d4f141ff5,Cone,10
b79cdb01fd1ce1d50aba59eec8dac189,Rod,6
b7aee3493f239de6378f547472ab775e,Rod,0
b7b86e7fd88360e54618b16005dbc9ff,Rod,3
b7bada2fffca9bee0c7862035107f71c,Rod,6
b7ebd56e0d63f5a7b2af59dd2a2e62a7,BC,18
b8115c2e7c20cdf3ecf9a07300d71cf7,Rod,6
b819f29de9f183813e267afbacdda081,Rod,6
b82dcb7535a64a782bfca6af60e5d03b,Rod,4
b83540a16907abb41e821b2cad64013e,Rod,6
b85d3543bf3544c3ecc2947cee40fcff,BC,15
b86133a7a9e9b1dc351f53f3ad5becdc,BC,18
b8a33d060438024e596766233e36c7ad,Rod,0
b8a9f393097d18ed371a9b71d8dae67e,,4
b8db0b2f7fe581cb8f4ee94295d4f63f,,15
b8e779ff728031ea4df9e2d9b3796363,Rod,4
b8f03454bbce9ca56b85b9171dbced5d,Rod,6
b908b14f437e173d151e8e022e471350,Rod,6
b9093c9c78f323a595e7a12c7c5f7c0b,Rod,3
b9307b52bc89ca6cf343ca6f338c1240,,4
b9413381fe61d5bf2c08a2bfc1c23b11,,6
b9a6b5d3cd5e4d15eb02fb495c1e32c3,Rod,4
b9b74c73af8b11a79c4aa3eb2db36272,Rod,6
b9c61403f66e2e45eb2d32da53264c69,Rod,3
ba4cf168f5622f469ca8a7e99d7338a6,Rod,0
ba69659cbe9fdadad8a79630db26211a,Rod,6
ba99954a56fd276cf6c3e5ddfe08da3f,Micro,21
bacd76dae328ed160f8e45e4c624e78d,Cone,10
baded36f137d8312f414991ff7ffbb4a,Rod,6
bb0323826c395d13ce18bb52373ea027,Rod,6
bb4846ccbe42af9cb5ebef90eb6ca844,BC,15
bb5554c62a7c50aa66332d645a764299,MG,1
bb56606370c194566c5a1c47b6835f91,Rod,4
bb5d14df74a7f24563168808983b5906,Rod,0
bb75ecba91a0e3a12d576672c6c85ab9,Rod,6
bb89afface6858c4c79e921aa07113d4,AC,16
bba6ddefcb885cbab630e43dab7dfba6,Rod,6
bba7d0f044dcf0d9fb3e9e0cdb730af2,Rod,6
bc1c38e7a348ff6fd30a072e483dbfb5,Rod,6
bc1c70ed97c8595122cd6374ddfa555d,Rod,6
bc4e58b76db2a3e019bf68ea393c3608,BC,15
bc8201fdc5e44649926021dffdf9700a,,4
bc96b2235ee8e6d00f9736c60f651f47,Rod,6
bcceb6161716b3fed5719344208647cd,Rod,4
bcd73f5d1f0705d246704aa012615678,Rod,0
bcdd77896d60d777afea0ce20c090d7c,,10
bce6cbf964f832af52db2b44644e065f,AC,16
bd13a6e95f9eb13ba56338d9811a0f0c,BC,15
bd149b94bdc38b2e0b408f6c5f4501e0,Rod,0
bd229fd9bff364edb1089e7416575b18,Rod,0
bd5821b06ecd7ba355badfe8a3c7fd32,Rod,6
bd6180b3060c25f78973f9a288689172,,1
bd7ce366062b2baa43eb4896dba94655,Cone,10
bd86b56ccd17039fc91aa429b2bc861c,Rod,4
bd9298dd6df4794af51380e76410792e,,1
bdb76d5360c592e168f100c1cbac10f1,Rod,0
bdec4f7455c49051e9669aad672a5c93,Rod,4
be028da05bf807ed736a7cffec0b6d0e,,6
be08e9e7d4a7aac1dacbe4cd42cac5cd,Cone,11
be10b542f93fa914e6220ac952fa2dd9,,6
be19a550bdaada5d164848660a2e20e6,Rod,0
be2366cea1e16e936b0ea368e3ac0537,Rod,6
be477738a8c79b391e7934d02ff14aaa,,6
be566c4e9d065b9b865566738261a40b,,14
be6687f47b264b753723ecf22c2816d5,Rod,6
be7f608757899645911e33fe1683a6d9,BC,8
be90b1395289f4bdec4947d328f72b31,BC,8
be9bb837195457a2c32d27a634a040ef,Rod,0
becbc82c996d042db8c534d146bd87a0,Cone,10
bedf7e2f7d1753227ad10ac8f9e99fa0,Rod,0
bf063c7042925aa4fcac06977248f632,Rod,6
bf2048743ded4b230657f6ebaf31d644,,16
bf33a155bc7aa0ae28fb7c54bbf1320a,Rod,3
bf53a89d7987245e7a65ca2105e152ae,Rod,4
bf97abba290e678b4021ee13cc0cf7c2,BC,15
bf9d462c3d5944bbd1a1a100918cc2f3,Rod,4
c00981a9cecea7de2c7305c9d3e93b6b,BC,18
c00bc901bb222779b667f45eb281dd3d,Rod,4
c0140185b4e69d4fbb1c635de2a42ba4,,4
c03bdab00d84e744cc919947f4963eb7,,8
c03d263ded13bf626e7f1736736a0836,BC,15
c04fd04d14bae36b446dd8772e88e3e3,Rod,6
c05a206dad24a55a1b54b87f9ddafd16,Rod,6
c06c5a3dc9226ac4688769b7e4722bc1,BC,8
c0b34ff38eb387569c0f858f560ef58e,Rod,6
c0d2f3bcfa5f89f36972da14b9b1efaf,Rod,4
c0db664a62f3ac6f059a85f100f9a358,,4
c0dc40da767f113e769393a5574b639f,Rod,3
c1044d0a17db5cf8cf590856d3526a69,,6
c1208993b51eeb85d6aadcaf90d1e5ac,Rod,4
c135894928fb970f10f371816eab2520,Rod,3
c18d8fa1bc103be860470bbe00d9ec50,Rod,6
c1b1b29381ded7ccb416c33a624dfb46,,1
c1ef2613fffb48b93fd8fe53c447f554,Rod,0
c23108367d29f73fb4dabab6bdf52d38,Cone,10
c23db5ba6b365bd36dcd4dfb5dce34e3,,4
c2497d719e8418bf0690bdf53aeddc9a,Rod,4
c25bbdc7347a8645bc029885e33793eb,BC,9
c276cddc0f7d209f582017d889f44711,Rod,0
c281d6cd52d660909e705b9c7c5d6181,Rod,6
c289f99ba9229bb60415c2abba233d36,Rod,6
c29e1317c06aeb0b339823e9479cecbd,Rod,4
c302a415f92d75fc4760d979b81b273a,,4
c30ecb29ca8ba8b948c3b1e141787167,Rod,0
c3112d052d050cdace95034ae2e442ad,Rod,0
c312986b7d8ab109eae9f29e7e4a57bf,Rod,6
c315572fc5036c44662bad33507e8b2b,Rod,4
c33380c02949e68647a5fd70052e950b,Rod,3
c343c10918903d9eb9f85ed73b60ce78,Rod,0
c349c0683d6652d5cbd6cd4cc26e91d0,,1
c368fde5e3a7b14230041e1bb6423e12,Rod,4
c371c1352c9f89e0a03741790e8eae45,BC,18
c37caca86ac455a640df1f853f33dcb3,Rod,6
c38ed7970f139c6673b625a0480b3aca,,6
c3e050a5ca8b845d4a9e9fdcf3bd32b8,Cone,10
c3e2e4033d6ea309b1cb6991571a354a,Rod,4
c3eb80b7fd5abf9bf7d1faa6d77629de,Rod,0
c3ebabf25bf2de5222a464984760ed02,Rod,6
c40f569eaf760e62a55fd741a9619dfd,MG,1
c4289e7a6674d77be875004e7753eb64,,20
c466ea8b5639d782bfbbaceb39296dfc,Rod,4
c49b6c3387ba1a6022027590e3054983,Rod,6
c49f4b6c92be35dba1e054ca65418453,Rod,6
c4af02a7b38951b0b9c1c9994dbb84c3,Rod,4
c4e414f97127045680f562a292de4211,Rod,6
c4eb597783fd9271c7eefd4e2f6eac9f,MG,2
c508b1cc4e087bc07bbd3c2a4347a9a1,Rod,6
c52993f13fe688881015bb09cb38394f,Rod,6
c55fc63175e7d580b71bfab214f97917,BC,9
c57280358366ece425efb809e2eaecb0,Rod,4
c5873c1f842e067c46cc8a154d6f0421,,6
c5b16789201543aea01aca5ccf6110b5,BC,8
c5c98e97e6d5874f0e57d9bfde5b7984,BC,15
c5c9f6e0f3352fb5985ffc9609f2c704,BC,15
c5db48bd89a25f1bd85203ae7ec30af9,Rod,11
c5f0b9952029723e28fc66d9a3ffd957,Rod,0
c60974337404cd5706229dc1d5c66034,Rod,4
c610c078065144264fd07aeacc0717af,Rod,4
c629e3efe2022488b6cfcfdcb68d58cf,Rod,6
c64c66f84628b0ac30d70816e96417b6,Rod,6
c686b68908b7a10e4f73de597a181e16,Cone,19
c688ac0648b7750b992b20e13fcf3c4d,Rod,6
c68c2297882779ca91c48d140fcff537,Rod,6
c6d69ab286c9a24b7fbd907632d5fc09,Rod,11
c6fda8154b8dc54110cf7bf2d8e2b3c5,MG,13
c73a9f18a4558e2bf0fa521984d12d02,Micro,0
c7461dbb98a3bed77ec03c8fc9a70df1,Rod,6
c76cc2a1842cf9f84fa1bfe3779efbd7,Rod,11
c79d94c326021ad6b091e60fae12e862,Rod,6
c7ca0d4a3183bfec0910380e4fc88375,Rod,6
c7d59074b13c031c938886f1d34b2196,,4
c7e3e5b2c4f586c3c5b079feac0ca06d,Rod,1
c7e659f3865bfc23caf09ff88ba64d45,Rod,0
c7ef61ec332b40db19197408e80f0492,,6
c7fca903436af05335f02899e274c9d2,Rod,6
c80e432d08b4b809e6b8a09e0bd6b081,Rod,4
c82b0b2695a89c91e99b7514c47060e8,AC,16
c87224e7e9f1f45aa73af4bad3dcfa95,Rod,6
c87489afdc9991e5c0af34895ceb725c,Rod,4
c89be7764c6c9daecc4aaa109759d651,Rod,0
c8b0c66c9aa3976d4335e0f56177aec0,RGC,17
c8b52e0036a3ba5badb4322d15808842,Rod,6
c8d287349e615245c012652f62c3640a,Rod,4
c8d8df93571d51216149f32a010dfc69,Rod,0
c8e8d9685ed479057864d24f9edbe975,AC,16
c8f0058d8ab97cc9988fa16941c196d5,Rod,0
c8fdf8c60a555ad1188fc9120b50857d,Rod,6
c907c8abbda58d232ba3bef06724d2f5,Rod,3
c908eb5c292a35de4e62f2c0f584d1f1,Rod,0
c90c450471345d20b2e2976b56839a63,Rod,6
c91c297f42a66b1611d1e1d15e526815,Rod,0
c9390fbe5b7c88f25d62d72cf46a3346,Rod,4
c98423cc9e2dfe8f883ba8b36d0a2509,Rod,0
c98d42f35e9dd009593250d863524613,Rod,6
c9c88d5d7d1bc99eded0aa9fb6b9b92e,Rod,6
c9d18b471eae77a0ce4223e11c2c5fe0,Rod,4
c9ff68c6577a5fec1654fadfc6bb68c0,Rod,4
ca2e4955ce83edb102495ce164c4327e,Rod,3
ca3ce25bafb2c2dab2112be1d9f07927,Cone,10
ca3d83b3aadd3749adf387f08423784b,MG,13
ca477e6981c3a6e53dfd5b42e8f0559c,,6
ca726e076f8379a7db52f487484ee3d1,,0
ca754a03e4700b93d5681505ac80abc5,Rod,6
ca872562063f7aaa229d28bad31425c7,,1
cadba2966ffeb2b9eee41570e15c8931,Rod,4
cb2457c9ac9468f4c1a72e2b265d4727,Rod,4
cb265f373580ce629f721fa7bc3079d8,BC,9
cb33cfbeea75b850b43b50cb1f565e4e,Rod,0
cb532c8caa3234da6817196b199d4048,Rod,6
cb6262b73a4770c370a5a042b1c944a7,Rod,0
cb85b6b94da25c12067ed1bc12d1efbe,Rod,0
cb8773c20362908c6241ca1621598e61,BC,18
cba06972f48e0df1082dda0b8c893cc0,Rod,0
cbcbccd4a5385b240d67f38176ada8ec,Rod,0
cbd5a64b36b6bb2df29604b646d73e64,BC,9
cc02518908a3b3f14cec44fc834b1bae,,1
cc28016e3ed8a77af140cdbd95374b25,Rod,6
cc28510d0b86c8a39b43d686b02c945a,Rod,0
cc4d131101691899bc28c30316ccb860,Rod,3
cc6fe8a6a64d2c1746763aebfdf3fe89,Rod,3
ccb5fe426ad061d9fecd0a75257532de,Rod,6
ccb914b6e1affa90f696dbce691986c0,Rod,6
ccbfedae9c0737dfd3aeca58452cd711,Rod,0
ccd1ae6f8988f208b5902c235f882eb9,Rod,6
ccec5edebdba4c1c0d1380cbe2e94ccb,Rod,0
cd02e124911f330d2a3d9b713162aeaa,AC,16
cd3638314a7a70a2a413aadfb5f26bd1,Rod,0
cd635330ec00ceaaf2f2a8911073998c,Rod,6
cda640f7127fabfb464fe9b7ae54034e,,6
cdbad4805cf5f92f4065689d069f2360,Rod,11
cdbcc59b5383720cac939120d99ddafe,Rod,4
cdc6514ffe9ea47435e255c950cabc33,Rod,6
cde03008fea793073a4aa696209374a3,Rod,3
cdeee49722eb98d78a0cd548512d157a,Rod,6
cdf2c1a745c928fdd1812808d6503628,Rod,0
cdf5b3176df62d7cb247a7fb33b1ab0f,Rod,6
ce2c61b93ceb4bb26ca95ace0baa3f94,BC,18
ce40effa7f2c06031bde371ce5c6af51,Rod,3
ce4a4a7ed5311b9343786a90f631487b,Rod,11
ce5057fb351065ea8d4fd3e5cf0e71da,Rod,6
ce593cfb2fda3d273d5a410997d38db4,Rod,3
ce6db965de01b5859e26dbb2d3e0137f,,6
ce9f2e2ea1edba1b58f2f11f53b5effc,Rod,4
ceb8720d25b797f7d9a5ac5501ec9533,Rod,6
ceee41eb70454a1dc6674e5f9c67b7c4,Rod,4
cf29df5b3b7e539c39070dc3613942eb,Rod,0
cf5755d9c7798b9fa3cf000d0d16fcbe,Rod,4
cf928f394ebd4e5fbc646bd240a39cac,Rod,0
cf9b4f23e2de2896b6dd67c46f6b0c65,Rod,6
cfa4a6bbc976e1c3bcaa98f0a0c04ec5,Cone,10
cfcd07f70b933521cec56ce59aa633f4,,18
cfcee5ffbfab139140611b668a22e748,Rod,0
cfd6d9c5f0a0ee3cab9d6f386bbdf227,Rod,0
cfdb1aba7619fec12dd01901a86fbb84,Rod,0
cfe7ff0880cead982397bf53d3cc629b,Rod,0
d01c86e06749c690fa56fc4c81bb5888,Rod,6
d054a15f52737e02002eab7740904c50,BC,9
d05761f1744a31e875d328e39fc75496,,19
d05c7cd06d92fa4299f55cfeff9c02f0,Rod,6
d06a6735c77f7ab3220853292f147b9d,Rod,0
d098cdeeca4db66b70d5d93022e8fcde,MG,13
d0ab4ab433905f428fa4b4261228811f,BC,15
d0bb79d213cc5d2beab44e7f8ef097ae,Rod,6
d0c96f9ffc3d87a0a6beae8d2e33624d,Rod,3
d0cd5867693156780fc649a0650f41a6,Rod,6
d0f21acaee800d82274d804f6e3ab147,Rod,0
d0fc795719c4082aa3b86c44b12dddff,Rod,3
d1034c4d65081d46835de05bfe5f05f7,Rod,6
d137412cfa2df2e05257e587a59a81eb,Rod,14
d1390521f32748f9ddf0798b15762379,BC,9
d18c252cece3879aeea12befae63a386,Rod,6
d1c226fbdaba831c43bf16c25c9e3a98,BC,8
d1e1be7d292ddb75b16bf2fc5d9371ae,BC,15
d1f5d6a70788ccc18a562afab61238fd,Rod,6
d1f789963e2a7bf923ec88da0f507836,MG,13
d1fb50e28150e9217246adbb0311b182,Rod,4
d204e015350e03d9f5709299d7c67b50,,14
d206f266ecab89ffbeb27d26f9fe4fad,Cone,10
d208be42bc1e0aeda3d7dbb63b11b22e,Rod,6
d20f9cc3a5def815c0c750a9eb722918,Rod,6
d211317c560d4c5f8a28bd73abdaccb8,BC,8
d213419a7e4acc03439cb1dd69577380,,10
d2153257103229bd5b877c55b8564194,Rod,3
d22f5b27fd7234fdce8f0cebb83d2a24,Rod,3
d2308291d697b52d3de7a3a638e45b9b,Rod,6
d23d635dd7ed9ccf585c747cde6c0664,Rod,6
d23ef701e998b6873f71a2f7317869ad,AC,16
d2442b31eaf71a22453f71513f9102a2,Rod,6
d266d0e8a0b737c3f0a3a62251f90c92,Rod,6
d271f82c496312a5438a1184ba8faa62,Rod,6
d2761be4ec16d70b9365693a98297174,Rod,4
d2985797901944f60325d6316abd7046,Rod,0
d2ed0f902659bc6baa1c36fad0c1e1e3,,3
d2fff6df71710eb7616cf6398319e461,Rod,6
d3059c85f912197812e38343d17b379f,Rod,6
d31b7672d538627eef0b324b5528b87b,MG,13
d31e23cd76b87b44e634758c22b83e74,BC,15
d3332f3f57bebaa95ca7f0ad7da7b545,Rod,6
d352a1c933113dfa61a4359854c05514,MG,13
d373ecc77ec26b0a83f384beb739ced2,,1
d384097d3223c4cb97183491dfc74fc0,Rod,4
d392a1dac408af7eeb31d2a3422bb7ca,,6
d3d052163a611d780b23fbd7a3c4e9fa,MG,13
d3e66b5ccf95f46f188d6f4d0751f65a,Rod,0
d3fdc580c4c58fa0f559c00887e6453d,Rod,0
d3fe126c9db2b4685654959383832d1c,,1
d402c93d3c4cfaa930b54b487f69defb,,6
d40e937f1a15f2afe915086f551459b5,Rod,11
d4402f4d02d864e6b1e269ea08e28a73,Rod,3
d45ab73788cbd48616da1130607b6ee7,Rod,6
d48b0b903b130b7c49637d26ff3e6480,BC,15
d500725d8b805d4ce829f2f3d8ad14bc,Rod,6
d553c9b030c33ec6baa31e4569ad5430,Rod,6
d5556dc7933ab0f3c8670720049749f5,Rod,11
d5598a360cf5ad3e1733057f791cf895,,6
d58625d3136c188c295547d8029ee76a,Rod,0
d5929741b45d499ede9645c43bfb4346,Rod,0
d5ce8d1d1f7d92f8c649766b9624ba9d,Rod,0
d5e661a8abe7b087c7ed100e645ffa40,Rod,4
d6053e7cd5910013641975f478337997,Rod,4
d61053343772ba09d0dae395721c3d5e,Rod,6
d6248d6e50ff672b632328fcdf515d42,Micro,21
d626a67763baaa6fd8f0b171de82ab89,Rod,6
d6b4b23a0ea8c404a66d259e164a1538,BC,8
d71087f59cd2ac21a3e0aeac61816899,Rod,4
d743a49023a49701aa0c3e78e1c57b1d,Rod,6
d76511ec90afbedc5706f03b03aedd27,BC,15
d76550369ed078e80b5c3f2e78739a2b,Rod,6
d7980f3b429ba556bcb63532d86230a5,Rod,4
d7bcccb16db736cdfff92c4cc5af57f4,Rod,0
d7c0c8c4e5caf0dcbb16ced6c614ba48,,4
d7cb6c76642072d0d5d01d9f7f6a973c,Rod,0
d7d982292f9b9ef996700572af32140f,Rod,4
d80a8b83d74a5bf643b863ff14c67cc7,Rod,4
d80cd4828d52060ffc6a64208ace44f0,Rod,11
d831ad39a93399370f4d503261139d7d,Rod,6
d83359d07d72652db7c6e8af1c334cc8,Rod,3
d83cf55e0576898b6fe10598c8815bc8,Rod,11
d844a026595776dc0d584756edbaa66f,,6
d8453c0d646ebb19651de39bb985e20a,Rod,11
d8583854fa1c46e2645865a16be5e099,Rod,6
d86c9d6e3cc9c6c5acfaa21645a22c48,Rod,0
d86ebea97a68670413dd7245775ab22d,Rod,6
d8af395ef0fad0a79bde3d8bef31ec8d,Rod,4
d8ca086b9e0134f7fc77243016bb1829,,1
d8f6b933ecd17653efcd3fa8fd033d9a,Rod,0
d90674aab8a2cd232e26797fe6a3e179,,4
d928f4de81c68ce8d35b506ed823b1d9,,12
d9337031ec93bb51a5e2185d9fd3014e,,0
d95191151b367b1e73f2e82b0e75e373,Rod,0
d9b5f27cfa6263bcc6e31792070b091d,Rod,0
d9e77bda6dc2160010640708b7598488,,16
d9ef2f94266bc6722575c352096a46d1,Rod,4
d9fe77e97469f3b61a901e3e6b40f2ab,Rod,3
da4fb2b39bd1c5fbc98ac3fe1d242ff4,Rod,3
da60057ac557ccc6c3a95e42dc66c62a,,1
da656637ff71c2f80136b2e3c86df396,Rod,4
da72c383d0dc0c1b2191cbbb8ec8c16b,AC,16
da9b4ecd32ce7ddc34eb29c80010c5a3,AC,16
da9d11734cd489bd3ca7187bbadce2a9,Rod,6
dab253a97f522647ec8db8d55af20b76,Rod,6
daf74b06b8e04b03ef9108874f04438c,BC,9
db068779561f9aa7ded5ee8072e8d644,Rod,6
db1df5d184a6b7773d9d3865ee6e9c41,Rod,6
db1faa9d6f959762eea144590f44e5d5,Rod,6
db30b5fda9c94c5be7683d7056899a88,MG,13
db51defe5756ada4408648f4576804b1,Cone,5
db6c8691551ad6b16d73f36a333c8203,,6
dba87086e3fe8b21c00b739b5391f72f,Rod,0
dbb1f0e4c87eee12c4460c1c60b6e996,Rod,4
dbc7b8481bdd45fb0247c98e26cade0a,Rod,6
dbf4d6e8872ec5c1243b28664308e032,Rod,6
dc51ee6928598ed433da287b020059d0,,13
dc5a87ccf158197555bc4aa156202550,,8
dc76e6745a2e7644a8217a82876d2cb6,Rod,4
dc8c0ad0dc154d5e94ffe0f60ce5c6b7,,2
dc992ef8faab660d31f13b9dd8e74f55,Micro,21
dca06d8485dd971cf65d19421abacabf,Rod,4
dcbdbfc6196bf9d380a4534583bbaa41,Rod,3
dcc007de1124b4a88932928c9ac9df49,Rod,3
dcc14ea5fc74d59255e0a570f1d6385f,Rod,6
dccb3df628d1bbf0630c32bd2db2c65a,Rod,3
dccc11843e431a13b13d24023ef2382a,Cone,10
dcdb2a8aa29865c72a5079baae51385e,BC,9
dcddfd9e9fc38deaba74fe27cb371450,Cone,19
dce1f2411e8e39d20ccc58cac6558933,Rod,6
dd1cb5598dd2700749503a44a4242268,Rod,4
dd64f5811f1722fb638ece6b0b335eb9,MG,13
dd8de5b243b8cba744d98149aa9d03c2,AC,16
dda1129909641656480fc30de665241b,AC,16
dda67cda313b7a9048adc8c8c735273f,Rod,11
ddcf57da4bf40efc26f524fcd3f230d9,Rod,6
dde6eec54e11de0aa0e318d741a814e7,MG,1
de5aff4ab6ecca4743c3019f6d6fbef0,,2
de86729b9ee35d4abfe31ec6c5b57868,BC,18
de8a2ec708bb00ee4118a84a25272913,Rod,0
deab0bd3c70519b8b14cddd87967368b,BC,9
ded5e74e097a456d9dd11bea3fb70db5,Rod,4
dee798f411ab9f1a8336ed86028e4473,,6
df179d73c31399871892857710cbe8eb,Rod,6
df5128c4478bf19f523799f26892b8b6,BC,18
df62761b21ab735408c10607c59bb304,Rod,6
df808cf30787f2469c4a4f84d80382f7,,6
dfa0bf9c3c55f5173b7f4a896279afd8,Rod,6
dfb1f6885b5124eb68de8a733eb6f0e2,Rod,6
dfb36e5d60a1f79233589e2aad0ab2b1,Rod,4
dfc9576ccb84c9c3d80f6bd07c9d307c,Rod,6
dfe9fcded70fb19c46cff51f88cb6f37,Rod,0
e05205f78e2315a17b0164ab7cb5b16c,BC,9
e073052ab3bf1732b5242e181b0935c8,Rod,3
e086dc505126bd941eb0207e7c6783f1,BC,8
e0d74b18fac69cea2659938059309d8c,Rod,6
e0dd9dee8bbaa461d84334a0200a6c47,Rod,0
e0e00f20f401d285aa4b2827bc9981ff,Rod,6
e0e629db7c9e904178904ad79ba69e46,,1
e0ff2207716803f8de4f7dcf74aeed55,Rod,4
e10db9cf06fae20198dfc9738b5e4552,Rod,11
e12cdfac431a53c9ff1b2edb60041910,Rod,6
e142f4f36a196d7b9907cc5ccd428d5f,BC,8
e14e0105637cd599503b06425cef1358,Rod,5
e1794c9bc79aefef09c356a011215e22,,1
e189d14e51f2f9f370f496cfa4a7f3e1,Rod,3
e1c1ed6c6a4ed136caa4bd4f65b1c446,Rod,4
e1daa404b1bf6dbefbfc022eeb165356,,7
e1df8d616b85357a726e1ae8892382b3,Rod,4
e1ecb19f5c9ed1608a924fdf6926a2bc,Rod,0
e21cc7c594be46fdefb2a804dbeaf1e6,,6
e21ea500f60af68d07dc78ce0812a978,MG,13
e23523197bf692a1712ce33d277af967,BC,8
e23eaaa0c0ce88e76d60cdd886881eb6,Rod,0
e24a5fa8033d5481ac95bc90206115ae,,3
e26004ef216c29a0d645707167cedabf,Rod,6
e2659e2bc4db61287b3e7c79e91b92cc,Rod,3
e2688d8a802c07218eeeaa55e8626a43,Rod,0
e27bd6ed74036f2b86fdd49965f2eb84,Rod,6
e2867b5111348fa0d4e8c491c3554627,Rod,4
e28b3a57b3c7e5bbaa815ef927868a04,Rod,0
e2d94878250ea785d9ac30ece3842220,,3
e30c02d773618a49b9e66b417e504abb,Rod,0
e33b03ce0ea281e66862806f087a6c4a,,3
e34ab8eea7f661f21beca63f41530c8f,Rod,0
e3a6a317c9f8b355c87d63bcee8f5ada,Rod,6
e3cc18ea3d6ec8d3c130de336b1933e2,Rod,6
e3e76ae1e9b417780771159a02c56a62,,14
e3f4410f65fda469450816f4c4fb707f,,16
e41144e545b64fc5d131d64671fdd886,Rod,6
e45481af9afb85e94c5f725acd4812bc,Rod,0
e47310476f94adab000ce8e57a87c3aa,,10
e477cbd5bb226330d39d5f280877f2a0,Rod,6
e4b676e1f506e17cf39d7104490006fd,Cone,10
e4d6882b49bac2db10497476c1f15d59,Rod,6
e4e99930f9934f68878f785461ba3e03,Rod,3
e519a5e792b3e9528eeb7f6f2a15768f,MG,13
e55937af0ddfe1901e2fd429754767ef,Rod,6
e563ad87bdb8de7ed35558f77f0eb695,Rod,3
e5651c7c23a600e41c2ab6dec7ae48fc,,4
e575a375f156e5e0faaafa067e30ef8d,,12
e5771e297ce44d2d94c081f522f2afeb,Rod,0
e5c7c6e333295ec450c110c966e6cb47,BC,8
e5e30ff16ffdb81eb28e74d846300c8d,Rod,4
e5ff49547d888174bca1029975c5d56a,BC,8
e61460332f99494a5d9c952408d25cf4,Rod,3
e6921a67e1863ab91a09b6ac1c5e4637,,20
e6c46a6b546cc489098206379c8f92e1,AC,16
e70f443018f9df217acdabf52acfabe4,Rod,0
e71435c8dcedcbb6c6ad325de94173c8,Rod,11
e71c55610e7966deb4aa87adf5e171a8,Rod,6
e725e808e0300c2b8bc3cb01fb9b84af,Rod,6
e742486c940469d1241b321afba47edc,Rod,0
e749021616dce676ee5ec91b7c40ac60,,1
e76c691c78a05a6c91e3b730513e90d6,Rod,0
e7e8cfba8041942e5861cdd7b60b5458,,4
e7eb929b2b052336149ee8b22f64425b,Rod,6
e7ffcb1a129bb6a4722c76c31a6cd980,Rod,0
e809429b0bd2a79994def038204acb7b,,4
e82e52bce0ead014df1bf7f0cdd2cc5d,Rod,6
e83e205f6804abc74f830da0d910b825,BC,8
e863c311bd8ffa995be4f79ad82ececd,BC,9
e879c3634ce65091ed514779af59c85b,Rod,6
e88ab12c9a72ea67698f76f14c369b2d,Rod,0
e8ac16e575d55f2b24a852cca606fd30,Rod,3
e8bf5ff269c1930d63f25c4972b0143b,Rod,3
e904f7c96b5100da20abe0450fd26ca3,Rod,4
e92bde185caa3126599adfa68d354bea,Rod,6
e92ffed23e3779b770610b2539f04b11,BC,18
e9307ef5288d2a227eb77efd8d82e267,,16
e9321735e4e672b50f04f361fa6bfa18,Rod,3
e93fbd42cd572257a09537535716de5f,Rod,4
e9401ca2b80d686a23ef21ce5e8794b9,MG,13
e986927058f395fe637405573ed6ed7d,Rod,4
e9a5ac7024da26713bc6a4a241a81066,Rod,4
e9a84c5af2ab8398ce395e06734e13e8,BC,15
e9ae1a6059c652bfb161571aaa7c59d1,Rod,6
e9b8b103659c4c3095e2d9da5412f3ca,Rod,6
e9cbe2401854cbd3fe28b3ce1fed5591,BC,8
ea16c72f6daf0aa979e845c9c8f09e0c,Rod,0
ea5dd4c1235bca8c9bff0f243b93d6d1,,3
ea6a270d1bf80f686e878ea025e9d0a7,BC,18
ea8c3d72df27bd6c724e6976b7ebdeeb,Rod,6
eaa9ff59e3ee20b1a5b31a4c3ab6c7f1,,6
eaad1b4fcc4853946fbb44035812da2f,Rod,6
eb0ec3d35bc1302cc82baa76607e1f24,Rod,6
eb1890669fc1a9f1022b45bc6ef5c80f,MG,13
eb9a74972d18ae2119840f326e3fdfd3,,4
eba4b03e53bc63e214a736109025a0a8,Rod,0
eba563210041feec7b0bdb59aea31133,Rod,3
ebae74d75f5f420212bd7a3437bdf07a,Rod,4
ebaeb96a06cca9bf7a8b3283e6f2a811,Rod,6
ebafc0c23e8faefd6a61288619575403,Rod,6
ebb887ee4fd724c0b6dccc27a37dbab2,BC,15
ebf073097999127b0c45685addca17e9,Rod,3
ebf853505b0e671b0288c4adc63abb31,Rod,0
ec1599a77d0e1f14e9f7d232de5fa526,Rod,6
ec2175acad0dcdaf48c99f530e62ac7e,Rod,4
ec2b5d1fec8283334c0e61a9aad921e7,Rod,4
ec7f18b8e2dd37f9aa0fbb012967f8b0,Rod,11
ec915856b1e74073846ba1d252f0b20c,Rod,0
ec9247db8797689f51acfde1a058ddf3,Rod,3
ecab511ca322f57a4b53dbb201788d76,,6
ecb98981f58bf99b3a96ee626db4675e,,4
ecce160bc6dde599c77369d087dd264f,Rod,6
ed176a12873af13a6a8451c07fc3e2db,,13
ed196464bcf9ad8134b836d97acd03ae,Rod,6
ed1ade77f5da7e0d48971e1a885bdefb,Rod,3
ed447693e7c4e461b4e1a752ef14760f,BC,15
ed4e1a36d9ab4607d8c3b87be09c3537,,6
ed8086d2f65fd61b139bae21e37595eb,,10
ed94a6390ee490cf8b77b95689f62020,,4
eddc9d5be1bcc08d8cab00563e05e0c6,Rod,6
eddee9ba7b8771214900e182ace6949a,Rod,6
ee0a54c76d4158241294a1cad78bff45,Rod,6
ee1ee7260a73f33a1cb5fbe2fe4df13b,,16
ee22408cf9b1c70fb7b8477a8d6ab6ee,Rod,4
ee33cf40e0b1e23a248aee8ba827a40c,Rod,6
ee3477594bea2590511edf319d76a02b,Rod,6
ee55f478ea05fcc15f121014ad3a0f0e,Micro,21
ee60b128d1b9858a66b684a6cf311083,Rod,0
ee699f2c06a042fa2b0f5afeb5d24e30,Rod,3
ee75dfcf383aba41b37981148ba42749,,4
ef1ac767c1d25225ec9b262f26aecb4f,,6
ef1b1020e246d18ab9acbf6c24eaa1d2,BC,8
ef2c0d64220c4bb17293d8bea8e40472,Rod,0
ef3adfa47f7e6d0fe752e117c0b4466c,Rod,0
ef4479ab1cd879424b3521fc2e08f96e,Rod,0
ef485a6470a692251502d03f9db81ef1,,4
ef4b30fc35c4c94a94bd48a29e841637,Rod,6
ef4b92af08bd812d6d0aae1b6c2c70cf,MG,13
ef599edd377db6970d7f3ef4071770aa,Rod,0
ef8dd805d0aa9a563b4cdc05003fac36,Rod,6
ef8e3b2b33628283154af09cb6a415e8,,9
ef9b1a3fa880984104c9dac907f1a9b7,Cone,19
efca763618ece47acd43955e17d4ba9b,Rod,3
f01697c3328361f09570d91f64665da7,Rod,11
f0b0f299e99ee5104019fefaa662d13f,Rod,6
f0c501f0c41d5e5d0fa12e1bee5ffa1b,Rod,6
f0d11f9a0bf3a26ed3f569e473b651f0,BC,18
f110e82d976e4254930cbc36a2a28389,Rod,6
f15473a12440a0797a72d822465c0c0b,Rod,11
f165fe4ae90a6f1f9a78541a2fe9d204,,3
f169dd83ed24365a9eda2f346d8eeff1,Rod,0
f17d2e659dde70c06df7d01986ec23b3,BC,9
f1b18db67f885ffc1f5a808c3278a42c,,2
f1bd9a7fe885229ca2d068faf69456de,Rod,0
f1dca0b4c7e36b2f6338036e74e5cafa,BC,9
f1e6e86b0f75a6497a5ac7ef72b52953,Rod,6
f1f631314cb3e66c62c19a4b0aa772f8,Rod,0
f20f470ce7fb53367536a1bb1f5da534,Cone,10
f2335ba23a8bb99dd142d8015c0cbd46,Rod,6
f2522d072e921ce0fbb7618bdc7100cd,,6
f26e452d6a772a362eff170f5449c710,,6
f274613a58f0608bb35b92d0b48a0935,Rod,6
f28f4a68a6d1a8cc678e962eb91ce18a,Rod,0
f2af1a23246a43fecf31833815171550,Rod,6
f2b10027575a5c62730e9d40593354fc,Rod,4
f2c83e5dcb29ef7032586320895b3fc7,Rod,4
f2ed468c9a99f78878514f994a7c19fe,BC,8
f30295f7a5fce5771c00567d97453bfc,Rod,0
f3167c969066d6a634a836230124ece0,Rod,11
f31cc5cd50ce509e18267f1dcac9303a,,14
f346f1f2203c65a3b8220c22b44eb2e1,Rod,6
f3532b324b4293707725f75b1e3edf90,Rod,0
f4057046503c0df5d5eba751d507619c,MG,13
f4210a7757ff9e7bbd778e372e3c1a4c,Rod,4
f440a853d5626423c6aa441022ef37e8,Rod,6
f4795163e7001a013125265c44c70be9,Rod,6
f4b61166ad3fd4e7ff1f54e4f181c71a,,6
f4da51b3c7966196a8ccef136ff947ed,BC,15
f5259c98528b7b1f14c64975b8992d00,BC,18
f534f3e148bb1ab4237f1af213bc2c83,Rod,6
f54822fe4c3b9e2088ca99739ce871a0,Rod,6
f5a8271c00ea450b251b1a5f03a76c8a,Rod,4
f5a8d56c576d245d543a03e8a56c08b8,Rod,6
f5a948e8dd1f3c4675141953e9f6d588,Rod,3
f5ac67700b6ea0ea4da8065edf7e0d9b,BC,15
f5e4f70f8a86c306a77ea0373c408551,MG,13
f60600c369a76b82ab3643afc3dee247,MG,13
f62111a05536a220a6b4908346e9583c,Rod,0
f633a0eeb0252e5fd52900065a809d1e,Rod,6
f639e0fa9e8d2906cd7f56783ea999d3,Rod,4
f6694f9dc47cff71ccfba60747ec1b8b,,6
f685b27038970aeb73169edcf9df8e3f,Rod,6
f690197b6aece0b62fb7c6f1a5cccbde,Rod,6
f6aee8e9db18fdb633b0bbdc60e75b78,Rod,6
f6c4fdea7a4b30b3c1f820653e56720b,AC,16
f710763dcee3406e70b4ec7830b89d16,Rod,6
f7255d6b53c8f036509900f0fb335822,Rod,3
f72e9d86eefcd86da7154dad31254d5a,Rod,4
f74239a62c38ef8f65111b2d391236aa,BC,9
f746120826d39806080f8f1205ac1d62,,4
f74d9c553c44d90647ed6356a45cd061,Rod,3
f76726584c43392dbb6bda8ab73e8412,Rod,6
f77a9641e76301b25cfdf12e74058fa3,Rod,11
f7e7b748632877bcee45e8c5ce8a00b2,,14
f7f4b28696517e6a72df8e7028b4393f,Rod,3
f8449e4aafc22030bfef950fac37dd02,Rod,3
f864e0470c9d503e2499bd17029ba6e2,Rod,6
f86618cf1a5b8ca7531bb8f7575d8463,,14
f86cab5d865c20843a261f6b7b4abf6c,Rod,6
f8c2cf32168dc3e7339638eedaad068f,Rod,4
f8dcde4aa5e64866bbeeb57a532175fe,Rod,6
f8e0bce3eb041980310dd44aff613c47,Rod,3
f8ed81e302e10f22a5faa49b6092b924,Rod,0
f94f425485819b4d252e2c87a7a1a00f,Rod,6
f9558bdd199966437bfe8b3acaa14920,Rod,4
f95fd6b257afbf1fdd996bac245c9ff7,,14
f96ba395d54297eb347dd822be11ad30,Rod,4
f9abb22bab0e0db1fabc8c2903d861a3,Rod,6
f9ac925c2693977858f0cb72f402f746,Rod,0
f9c0aa24cef9f0ef8f0049732338cb1b,Rod,3
f9e4df0dc239ec7a7484ad5e84905681,,16
f9e7c982ff9e46725dfc030dea67fb9b,Rod,0
fa1ad7a7da35bedb5c836465b952068c,BC,9
fa277b008a2fe0bc11839846e3c96c3c,MG,13
fa2b73d708110cccddb7cd813180e785,,6
fa2d137d83a4a4d84bed8b100608796c,Rod,6
fa42a5ca745388c4f32ed516cb7c9a85,Rod,0
fa6633b2c31cb26838fa128ce42f7d9e,Rod,0
fa895c5f3ab7be191f8abb48391d0244,Rod,6
fac49c684e76dcd6032b71f62304fa9d,Rod,4
facba98c549b2f520d6dda0efcd1cf9d,Rod,6
fad6d789ac628bfcd0947a1b6b1a2060,Rod,3
fafb084798b5e1e456e5603bfcfecf62,,6
fb095f3a15252bfbf5556c82f9912328,Rod,6
fb0a606dc6b0e343682ccacbaef088f5,Rod,6
fb508b31bf1c7dfa7fbb144a1abeef35,Rod,4
fb6547a464bdbba37d12137bddaa183d,,1
fb6678ff0b5d3ab5629e3bec4e2b10bb,Rod,4
fb9dc4de4643e760265174f6770adc1f,Cone,19
fbdfc7b1d2781b5ca12397724c381731,Rod,6
fbff564308906995a3e297fad77143b2,Rod,6
fc32374cd6ebcc723cbd1ff28caff756,Rod,4
fc5591543f5c83d24244754c9876d394,BC,15
fc58afcd1fa743aa81f1615033002936,Rod,4
fc6960b9ebe734e77f475c2973e5afa4,Rod,0
fc6c37df79f8c356df1b2bde3dd3a451,Rod,4
fc7ff7389cb7a4069424623a73957f67,Rod,0
fca97023e7ac84e5b9f5c74d51535d9c,Rod,4
fcac83d20bda68b607efe49efc7ae72e,BC,15
fcbbe1e97ed0f82cc090bdf70a312a88,BC,9
fcce50c724f6b392d41e32676b458271,Rod,3
fce1f2fb20dcadc51bb3648e6d81f0e2,MG,13
fd21e12c0a963a82ee7f63d4d9e9404d,BC,9
fd550dfdf1d1e54d0cb3d330074ce841,Rod,6
fdb4a0be966bc0c8e4dc02522285bd38,Rod,4
fde6f5a54020c671ec04bbd2fd1844fc,Rod,0
fe0bb18d729b6ec2b28e3bb150202c75,Rod,4
fe0f5f7bb50155ecdea14bc9d6b1ca67,,1
fe1b35dfe44173b8842d19ee787d10b8,BC,15
fe1c678dc3c2c456f580621e09824d10,Rod,3
fe2591a4d8780c4f2487a6f51a9c3512,Rod,0
fe2fd932bc62cdb0aba974576a2eb4c7,Rod,4
fe7a54eb4a28deceefc99a9f84127b55,Rod,4
feb2a8ee2eeb6dc225f549cc958226b7,Rod,3
ff14841c9357674f6eabec3d3851a025,Rod,6
ff28590d7edbe36d8a45f9cd4ff6f315,AC,16
ff5a33f4e9ba7960e364489d13bf1ddd,Rod,4
ff7b0f63005c803316feaa51d4932a80,BC,0
ff8c09ae8ff440ec19536c410fc84370,Rod,3
ff971529f991855e7b07d728affa758f,Rod,6
ff9c1f5b9274501077c079e3b8f20650,Rod,6
ffae954182edc97a7e01f47fe90574f3,Rod,6
ffbb56273e10e0c66328da15bc73a0ac,Micro,21
ffe2cde483974adedf8f531b74514e24,Rod,6
00302055fd2a5b560bab2d2670f55fa6,,16
0052ebe8223a4513d9c6166d9f2ec528,,0
007a12c0f1263e0b3849484d8997f71b,BC,8
0092ad87f5a021f7baf23e5d25c1f138,Rod,11
00aa44e2da66a8ed4a9e96043b2f8322,Rod,4
00eaa87ca18876e811b6ec90f86e73f9,BC,15
00f509d90eefd9f919a34dc7261d58af,Rod,6
00f61962f93b07084e9333c8a6d35a22,,21
0104816046356200eacfbb62822f61ca,Rod,0
0110b3b027919022990dd8ad85bf1a47,BC,8
01ac9cc2c25f6db413845b7523591732,BC,9
01c2ed37dcad63efd6ea90f2636e56ff,Rod,4
01c362e5eba69c44a40cb36216d9ae9b,Rod,0
01c8c9aa63969eed5087db82c3ef3661,Rod,4
01f6d7cd22f66826e3153cc3ecc7e185,Rod,0
02019a05697c362450e18afb38441f47,Rod,6
0236359edae60602a326e7820fef52ed,,20
026d1ccb19c8bdaf571d1cb96763d6ff,Rod,6
02756c491dd4e0f10dd489d229591e77,Rod,0
0284a7003a1c6ddae066ba9babbaa58c,MG,13
02881b0f9d93493c05039a675672818b,,4
0289787a54e6728608dedf2b5d611436,Rod,0
0296262e92a61094402977b1f0df670a,Rod,6
02bd74f1a4cadc7d3d154b2ae032f7cb,Rod,0
02c3a5d647f71bd265f5ebbcb94a1650,Rod,3
02d736f572c847552523941de9831a14,MG,12
02def18e980a9991187fa679b8103324,Rod,6
02e0fa1b7eb38409747cac340ca7fce2,Rod,6
02f53f68cbdccbe23b2dd04b7a7f90ca,Rod,3
02f54d486c4470c16a1b087f08042549,Rod,6
03079c9f0b9b3e33ee2e83a2838efb62,BC,8
03206e13dc5374697bc6e6afac5a3d8f,MG,13
0338e11fd187846e2d02ae5f7698c4e6,Rod,0
0367610e79f13d5a59d3bb5731d9b4dd,Rod,6
0374c625d6e10fe40b1b8c219633c472,Rod,11
038f619ad79743a93fe5aa24a92bd6ca,Cone,8
0398807f0bcf85cb8e95f1a096f3018f,Rod,0
03d3ff201584ef80e5a2a6e0952b4eb0,Cone,10
03f61936d2b36b5e4bebb554acbc643a,Rod,6
043a029e7da0998f27df362bf06d4eb0,,14
046367260313748407aac315fec12782,Rod,6
046ef69044d6a5ae567b313dca4dd595,Rod,11
04975d249dbf8f7c4fab44316feaca26,Rod,0
04a1563ad6f442b36f60a708fe950983,Rod,4
04ac36ba0cee74ecba22c5d4e4f20c8a,Rod,0
04b6588a4d772171666ac144905b7960,Rod,11
04bcb68a72d9dcac6f4d5638ef33a97d,,2
04c288e674468528272a521c0302cbff,Rod,4
04ca2db9ee12a0d63ee9236ae624b66f,BC,18
04cdf22a7e8e9ac508f0cbf941019652,Rod,4
04cfa162c528077ca77e0712b76cd88d,AC,16
04d477b1935d840e52d0fc298ccdc83a,Rod,0
04e1299405259a2c03abbdbed96b7064,Rod,4
04e7e9eb052ce1239a40056792ffe804,Rod,6
052f7ad2862e1983374295cf3f757bde,,6
053d199891fb050401a18aa8c0eecc48,Rod,6
05610736d32c0a3be2131738be7604f8,Rod,4
0569995c456b29015867f90e9b808ce6,Rod,11
0582c3d636cb8144cb1f155f3e2afd45,Rod,6
05a1b41d67462d5f68ac8ac0da03aa45,,7
05daa411afd473294ceb934c4f3b429d,,10
05ea8d54f2c7c11673abcca826921c2b,Cone,10
05f962022ee6298a8f0e71d6493b19e4,Rod,3
0629b8221e748c954b053756c4cfa7ee,Rod,4
0637d600dfee29e2d61ff3cc207b866a,Rod,3
063df405b0f327a678fdc0e2464ffe99,Rod,0
065de7dc2e003da99396f06f50590473,Rod,3
0686c5a1af8bf45c5c7add08d2f6a2d6,Rod,6
068a68ba9e3a8fb647f9a7f42b306054,,4
069b794ce8a18141fa9c843e39d2eea0,Rod,0
069e461348ecdf7060175df6e860250e,Micro,21
06b433264f6b3770e9103c95392df9cf,Rod,0
06c5b6b46e7c2b0c6b459c1ad68f1d22,Rod,6
06d591f8051588291c61035b3e9234ed,Rod,0
06d766ba7975493f237e618e0ea383a6,BC,15
06dd81109743b5ffe2704adc5ab92b70,Rod,0
06f0646bb31dd38d5dd4156f096d8d41,Rod,4
07103ee0bc1affa31b9820a212f7a3ae,Rod,3
07396b83f54e79a330c579652c9340d7,Rod,6
07522dd478e09f0aa5ed21ccac1a6fb1,Rod,0
075492ff5e74c4a8f97b44bb1552a124,Rod,6
07554bedb861c314cedca61614bc89aa,,1
075fe11330e2572ca66a18a62e662502,Rod,6
077f2ef03a1da5db73f6feeb01acbaf0,Rod,4
07a32e43900048d0aa4379e2d430dadd,Rod,0
07a87f9000da1bde0a15d3d97b66b16a,Rod,14
07da265ae80bfcc2ebc7ae4bdc62f6e0,Rod,0
07e31775f9c3427a656338c25910c82a,Rod,6
07f9b8ed1200ed6ad9f4691a5a27caf9,BC,9
0826137c2aced1c3871f3c4ab83f7150,Rod,0
086d2f162039b1b42e29164dc2e5ecbb,Rod,4
08a3c8c9bb1e34059f8fb1931b38859c,BC,9
08c440689dd1a896275831551d546489,Rod,6
08d45a8c7deae32ff0323aef7afbc562,Rod,6
08e8d02902ca9e4b938f27fc67a523c4,Rod,4
08f8f1d55e126c839b4d165dcbf7a9e2,Rod,6
091a7bd38dc04d6dec793fca2686aaa1,Rod,0
09259b6e4722a502a45910d908656f04,BC,9
0929ecfc694431ecde99ba0583000c42,,12
092d34c9a20805f98221a9460078aec0,MG,13
093a1ffe260068d8c6f72cb60add32c3,,2
094c0d493ec51cd9a7251b0736fc501a,Rod,6
0962af15e5a4b47b320d7a4344169ef4,Rod,4
096540e7978caf4eac6912a73c10ed34,Rod,4
096700974180321d34dafd45cf7e6ff0,Cone,0
098683cca31fb565e388a19d5d86aef4,Rod,0
09bb9e22a354b7dda20f890c1f856dfa,Rod,4
09c34bb12344837fe9e9c11b2d014125,Rod,3
09cbbbb640022ace231f7f04454506fd,,1
09ce57b1587e6c41dfe7f581d283e16f,Rod,6
09d57eb52848e86cdb6e3bdf7f22fc84,,14
09dd54455b5fa608a25a737adb92faf3,BC,15
09eefd86223cbd0d03750763c5e68762,Rod,0
0a03d62398dcda451d021564889449ec,Rod,6
0a07cdd0dedc67b1df6802cf069377c9,Cone,10
0a109e3555a30f07292663bfe6bc58dc,Rod,6
0a17d10fe17b89083b6879f7a7e84cab,Rod,4
0a1fff5f40ddc6f2030470633592b948,BC,15
0a203fdde149bb4767e376916a76f1d1,Rod,4
0a387492a196d9ea270f9340fefe5113,,1
0a49db8722a7900d6734258db6259a66,Rod,11
0a52dbf27dc73e5098e1dd6b18e0249d,Rod,6
0a7c3b42507975d87d226aabf64dfc5d,,14
0a96172ff7904bf59c78a49832cb1057,Rod,6
0ad8e255bccb3b4ec78f71d7bebbc8e8,BC,15
0aea306b0b45558ebbec62d0d981cf60,Rod,6
0b349313479cd4380c4877bd5ab4c97e,Rod,4
0b5738f0296ab374da826f0be232cb7a,Rod,6
0b655cbca97b37aa09ab581058d31752,Rod,3
0b7882aff32410c4545c101dcb912d14,Rod,3
0b8c3ba09a86bb2316575e135e02a476,Rod,0
0ba36423fbcad8edda1013051ffc7abb,,1
0bb087d83d5a1a6dc054d079e89d9904,Rod,6
0bc86f7206eb78c19e58259aece3616c,Rod,6
0bd65a6ed38928a7626a5e306a038736,Rod,6
0be3d879c3c92c87da6c49d84b18eddf,Rod,0
0c193eccf3b73818895bcd24c08637dc,BC,15
0c23956f2aa112974f9039666ecdaec4,BC,8
0c253853a4be475366c1c31658883443,BC,15
0c2bdf508e656452b862490220368280,Rod,6
0c3f1666fcbf68cc5f9025249075723c,BC,8
0c7d22614baca0666ed53695311fa1b6,Rod,6
0c87fe2f3dc289ebf2a19e0d8eb374ab,Rod,0
0c9cec5ae64891e5bd96b3f5dddc67e8,Rod,6
0ca226918a6b61ea9111d077c8184fc0,Rod,6
0ccf03048c9b44d42faff89ffb0a6b9d,Cone,10
0d29258046967ba26afe04f3b24bf014,Rod,6
0d321335854a853420a541d893076950,Rod,6
0d527bf2e98da42cc5f4fed0bc025458,BC,15
0d5fef636c411157071daac2167a93f4,Rod,5
0e1ac63c76e3b8e44b763235b874a73b,,14
0e57beaedcbb28f569c6605e24b5131a,Rod,6
0e618ee4976596077ea5b7ce47f3ebda,MG,13
0e7c1a3ff3d05649e72488d4c357a5ce,Cone,10
0e8fdcdafe7ccc79aa2ba4d1d8d18750,Rod,4
0ea2a64f544017e4401449323e8e23e2,Rod,6
0eb8f94cdaa1a41839b08d4abe5f3f6a,Rod,6
0ebb5c5947648952b67f03aceccc09a7,Rod,6
0ebe0e1c5a9a9dc78a7fe57580e3b502,Rod,6
0ee0e81cade0b00e9fca415e89dee2d2,Rod,0
0ef21035de06c370e18daa7ca57ada15,Rod,4
0ef78e8cce6d3f0d077292db1fe5e8de,Rod,6
0efc146c864caefb52ed86189540652c,Rod,6
0f26065fd332fac7686de9bc45dd8f9e,BC,15
0f3ac67bd37b5f443d2445dfc5dbf132,Rod,0
0f41ea221d1638b181ce0882efa22857,Rod,6
0f4c13f9610fea5d233da5cae88fe23b,BC,18
0f4fdda9503d09f8ad1e514bd303602f,,6
0f66188fc4b148965b1898c81c4acfd6,,20
0f83cd22298e996f5c0bb4b6c8f18216,MG,1
0f88cd3b071f0e6dbcd91674ec65010c,BC,18
0f9394b1872be814520000de80aebc63,,4
0fb3742ed6e7dccf60ba38d1b49754ce,,2
0fdb6b0866242666856038550a8e369e,Rod,6
1000379153c42c5cc60fd9938552e70b,Cone,10
1018a46d2876ecc975883aba3eb9155d,Rod,0
1026fd53a3ca5544f7fe871930f50d01,BC,18
10419687052a3cb999e64c588bfc361d,Rod,6
105dccb568216fffe13a8b724499ff08,Rod,0
1081d1c12f123a55243c67689679daf2,Rod,4
10887cd4c541df1a3564327e02af5d80,Rod,6
1093ef4a7e2002366e39978a588cb66a,,16
109aa77b92825c659167d32222ec0eb7,,7
10c7a9e4ba3119e9633970371e18191d,BC,15
10fb5c1cda7de9d72dd436d695b0b36a,Rod,6
1103698f10e1f63ce88761cc5706092b,BC,6
1131a0f9b4c142179620fc5352e8b947,Rod,3
11451eaba2936eeb1a59cd2c56876ffa,Rod,6
115487bba9f8a246b6e195c3be707569,,20
11559043c3a50e45a902e36d8acf09fd,Rod,3
117f2d044db7f5589638d5d054e6b197,Rod,0
11b3ceb7b2b81a9ed264623181dd6a45,Rod,0
11d2762d3dcfcebd2cdd47a747d63c34,Rod,6
11e93c1ba60c05bcceede04b38ff03ec,Rod,0
12015e789fe0d2e1ff4962a6259306b3,,3
1212e4290f5b4c8b9f9620e92ba20729,Rod,0
121a92e4b19d75c7414e11db8284e3f5,,1
1237900ff370530d2e38d77af85667a0,BC,15
123bbc006b684e7d7d1f8f2913d61802,Rod,6
123f1d2b4a52b923110585c74301c5f5,Rod,0
12a867e4aad85c98b5532abb26afc956,Rod,0
12e67860848ed073a6249b4cbd83b4d1,,6
13151c6d703128422cecb1bb3bccc646,Rod,0
133a8e19ef8d19f985bc1d81d19270d5,Cone,10
13400634ce5a04699a1d04cbebb229b3,Rod,6
13a165b51d5a9a00f1229a6a185dbfe9,Rod,6
13ab21abde4598bb0632189efff819ae,Rod,11
13ae72cdc62dbc292c44d45428cb91d8,,3
13b25182ffc4d73f64ead78bfc0759d2,Rod,0
13d8ad8bc6090081202b2f57ea66c54e,Rod,3
13e156ee2cdd509e2cc9476a568d2886,Rod,0
141c3982721bcff8808574d9470fbfff,BC,18
1448cf28f6253f648d0fadbcb1469dc7,Rod,6
148eeb5ca12930933203e5e1a6258470,Rod,0
149022f7582f659ae1b0db6f5efb21fe,Rod,6
14cb14d536f2139a62968ec0945efe46,Rod,6
14d02a3356bd0ad83e4bfd8edb40ddde,AC,16
14e4ce0efd02b02d76bd6d607277c7b0,Rod,0
14e8aa68ace1c90c3937096c7d4d5b62,Rod,4
151c81aef774e2afbe32c9dfa31bb3ee,BC,15
152d31dcae8b1d627b77f8da60547fc8,Rod,6
154be2e4be27fa66b729d9d8f434746f,BC,8
15cb6799d69ff6caecc381a8b02cc8b3,BC,8
15ceebbb222285c71af1117a361c69e0,Rod,0
15e4270c2db564f49b9787d6729d4899,BC,15
15f0794ceb068a3046daad3e88597c3d,Rod,6
15f18526157d12e71695ea4f34a600cb,,6
161029f3a3001ff0d7b05701319eb79f,Rod,6
1610da6f1548ac6b423a0b2757092d16,BC,18
1656cbd24a94ca1d34c62f8efe86b1b6,Rod,6
165f032e1b5ac06344a4c696298216f8,BC,8
16a346e42b32b8e859602b54a4a06b42,Rod,3
16a692cec97cce281d28a310c20e4650,Rod,4
16aa86db5ccf47e2d35f3402b1f3a569,BC,15
16c1b50ae30a937f3088f7cef5909f53,AC,16
16cd47c6b5904c8bb56742dc8abad6aa,Rod,4
16d23b47f68b78e22989c644aec48449,Rod,6
16f54a425f6eae30b032a7de08484a0d,Rod,4
173e42aeeb6b1c74e1e7a6a228fe4b88,,4
175d9c1b0f38f251be33d41df5753e42,,1
1770c2645d645daec638a146403a780a,,2
1771930f716d10e0bbcfa6cf981d2b2c,Rod,4
177ab3eee285edf25279f63f82abd2ab,Rod,0
17c9a540b4c337a4214c265fe1edf0f0,Rod,0
17d6db5ea67acb53304ef9ad0aaf0c41,Rod,0
17dc4988e2bcae51def949ecf8c9736b,Rod,6
17f5d51040b5ee1fff562be11c187fcd,,1
186835cf3cc9f235bcfa66b15003c3e5,Rod,4
187b368fd1089de7f5396aa06cf909b5,,1
189ec003e07b27882cded14e5857edb6,,1
18c605d394bfac18d158ade5575163f6,Rod,3
18c88f14724b4cf3291d7d34d2536661,Micro,21
18d21bcf7cc793669f9ecb9dd767b681,,6
18d3f89de463abdce5017f73319dea05,Rod,0
18d6dfc02e83f82788ff5584a9f9425a,Rod,6
18f0de616be9e506b03c9c861077ee7a,Rod,3
19134f68c68d9ffd62022c3a0551b984,Rod,6
19404fa9ca3c9f86f6363fdab9340d6a,,6
194edf1570f5f1777c21f2078d8f5d98,Rod,3
19505433e4b74ef30df20df95245ba69,Rod,4
195abedcc573ee30a34ecb79cd2ae2db,Rod,4
196971f0ba9f3b7a5ad58a88606721b3,Rod,3
1995b1dd72dc10edf9bc8333d224dbf3,Rod,6
19a0b9c7e5c6bf4fb4527de418bf80e9,,14
19c48ad184e2353f508c6490ca7dc812,RGC,17
19dc9c4d5816eb0ca6709f57d41c5e64,BC,15
19e6d49d7bbfda3849ee9e13d043b04f,Rod,0
1a105fc065cc92504e4c9e824b459cc1,Rod,6
1a17d52def0b8dc715dfbe9eeee87f75,,11
1a1e2aa1892cfd87a4d6f517c45210c5,,0
1a2030160015e09a0e088784c07ee1a4,BC,8
1a2261d688369181e57fcdf73e990c15,Rod,6
1a3353fc3683563eb426390ad0c8c5fb,BC,9
1a3deff658c5b5c9fca0a23a564648b5,Rod,3
1a8dd666150490e5801c8821e7e15ad0,Rod,3
1aa6b52039509f66c98fb0715e5df096,Rod,0
1af75cb6ac8d61a2ae35f03f1e07eae1,BC,15
1b10521977951591d5103facd09790e9,Rod,6
1b2164d0fd9680bdde564f64016b56de,Rod,11
1b9168963537134a7e3e14e630c5b7a9,,3
1b932aaeab4cfc05fbea8dc50bdddaaf,Rod,4
1bca47ee66cd6b9fc7a84204a9d61b37,Rod,8
1bcd10e94b7514e8f61d92acea01a247,Rod,4
1be9910c8d3e2c95f4eafb763486fd57,Rod,4
1c0dc0b06b07debefc1b4ab5533719a7,Rod,6
1c1357ee220e5b5660c2235224b6a447,Rod,3
1c2b50ec43ae065fe3c82536ba9c63fb,BC,8
1c41c83af6daf7acf3c0116c26aabaf1,Rod,6
1c4208e366a098eead56fd1197f98503,,1
1c510ca9a99bb20ae00f1240f40c5b68,,14
1c626be956f655363f4aa051f369a1b9,BC,8
1c7edbe100e4c2984184ac579416ed42,Rod,6
1c8a9fcc21b0e6aa22b47576f8d23317,Rod,4
1cb4e31046244e1fa135bd97434946c5,Rod,6
1ce0dbc1ff1279045afb0b7d1163cc9c,Rod,6
1ce86e1ca3c30a8dbdfaa8e40c3cd304,Rod,6
1cf05da113dc91d311896c2235fa9545,Rod,6
1d0bdfa621e815c5e5cd259a611952b4,Rod,0
1d124fed05491c09382db4e9d917fbc4,,6
1d135419a949c68a2e0fae25b6355a28,Rod,6
1d3b63a084925523f96880562af97a25,Rod,6
1d96df5f84716d23a3147c86aaeba2ab,Rod,0
1da8a712556e2659d5478e355310cc12,,0
1dba67389c061b56178cc7ab3090df49,,7
1dc4b3155b18e981fcaf2f70270eb1cb,BC,8
1de97af088a7d299a5404ef9c0dcf48a,BC,15
1dfcf211e0602e8a3c84b8a03e599fc1,Rod,0
1e082829367d02f59c5dfcf2def8d0e0,Rod,0
1e199a4b1abe7f653f2c8fb961af4776,Rod,0
1e38fef221e8daa977ff7f4981c836a0,Cone,5
1e4b2354388f11a435a020aec3676e14,Rod,6
1e4f6b3dea72c86f8e6608825a4d32de,Rod,6
1e860f1bc76910ddcdfeda982ec0aaf6,BC,15
1ee0708f5161384b3c3ccf30a43e3abf,Rod,11
1efa28bfb0f1875886108e9ae08d5d2c,BC,9
1f4cb3d29601b8e2426030a89b5c2053,Rod,0
1f53ea1ac874e6b6d38d6dd7ac49be2f,Rod,6
1f66a0ee302b57f4974eccada9d477ec,Rod,6
1f968bf93caf9494955afa50c59969e2,Rod,4
1fe3ef23d3a9c42bed0d8d0464036241,,14
20005d2b81960f3474cb1dd01578c3bf,Rod,0
200758af8df420aa4dfbd85f4933c24e,Rod,6
2016a9dc4d3466ef97d0eef81083ad48,,16
2018489b7bc12e4e1e740182c5b21907,,11
2024d589d7c9ef7a4a2dd8b984d0e8cf,Rod,0
202a8819653c87e175debb9b3403cfd1,,2
202b0a96a6419dbe13279c6e253585c0,AC,16
205ba102a506ec4d699cd037e2f3a92f,Rod,6
2075496fc5ca432c08048ffac54742d7,Rod,11
20929d38f633dd338ce192967594a44c,BC,8
20940395ddd69ac91722095d2923f47d,Rod,4
20d072c4c37d0fad1a0323ff68ebb439,Rod,4
20f29b9c5f5aabe4face46e3744f8f25,Rod,0
212cbf596bf06df85fa8ffcaaa2c0762,Rod,0
2148c3c5b6babe86c01dc228081e1bf6,Rod,4
217b30035a5367640b818cea9db3196c,Rod,6
219a1c75e1d49836b2b1d498c50761ef,,5
219c2a6f34858aa58b59557c51363fe1,Rod,0
21a88ab85d8501e74b998a52a035c06c,Rod,3
21d84578739b61d289483a0e50bc2c8f,Rod,0
2208406477fe16e069884c2efbf129ee,,0
22249fccf58f1057439e6460898272e8,Rod,6
22267c129f8631be0724362445382a98,Rod,3
2230fc8f33f74d0cf54514e423215c75,,6
224dbb7585bbc56fe0db01a18cb2db18,BC,0
227703aad89b836ad312ba388330b6a0,Rod,6
22e05ca21183324907b222442171e7ac,Cone,10
2325a3ff1d7982cac1e82b3895139424,Rod,6
240f37c5403727ea9a2788a2422f7f56,,6
249df88b5b8592210e7d913d70a09854,BC,15
24a9b285e60958d45d0e9ef907548cb4,Rod,0
24b35bdc7004c3dbc433fbb3a91565e6,,2
24c7d5457a45dc133e6cfa735d8496bc,,16
24f7559195715d2c89625595fe1a6383,Rod,6
2530b4f4d540fe95ba3e72479b3502c7,Rod,6
2537be89263b4b8db15b97d6b1605ab1,Rod,3
253a289c48100b8ecf8e4374aa0bb22d,Rod,4
255f8ac89d25a72053fff882f57044b4,Rod,5
25cc3324b8e213fd2c32c7e76af9e5b0,Rod,4
263155d3b82d708602de65ed1135e408,Rod,6
265146fccba7a6c64d9ede7cb3ce3ac7,Rod,0
2654c0067bd83d54f899718149efbca2,Rod,0
265764bab9289aebd86368a5548afc6a,Rod,6
2665c170e3f2d732bf6786dbf2cbb644,Rod,6
2669c78e4b7a30ec95a3bd713cab218b,Rod,4
2697c7dec39f14ee879ff28c43f7eded,Cone,10
26d327578657b2c9d55d180c48828018,Rod,4
274c54f3a8ab81ffa890ec622f6fc914,Rod,6
2771cfc15c9a4f6ab4503a4d8ce3b904,Rod,0
27783cc76680d472ea85e5973625e56f,Rod,4
27b7ec6d6ebe9cf3321c00c6702fbfed,Rod,0
27d531d7212b242a19e7d8b560a56ee5,Rod,6
27f0f6ff7def28d3ee38d8bdd1e16c80,Rod,0
27f2d82de793d18ec67368fa5016ad31,,20
27f6422337b7f489cdb821aac3224625,,10
27f88d37425dd199bf02be1c1da79780,Rod,11
2802e36729fa13e6c105855786b25092,Rod,6
28131eca583e690e43446f5cb31a27ed,Rod,4
281a454301b63ca0cb0030ddcf1f89c1,Rod,4
28297af6a8305fe8c42e7f37bff6838c,BC,8
283cadc817daebf26ab6fbae6759e5eb,Rod,4
2867961f23f808ef53e4535c2bd54948,BC,18
2879c69bda5ed30f22a7144609628789,BC,9
287e2a10ef8e1b70b77ebbdc6b1501b0,Rod,6
28931a870f70d21c8bb8bf13ba93dd98,Rod,0
28edc99d56c62a5b31558c871a11856d,Rod,11
28fd6cb316a0e7972ad8f780117bbed7,Rod,6
2903d291084b2d7de23d096e0f6fa912,Rod,3
29041cf155590564373d7ee64a35c789,Rod,4
291d89a0f12ec47ee47c5dcb7d273942,,1
2956d431fc9af360c1f33c3435f23965,Rod,4
29964223be186cb1dc9df67274c2bce8,,4
299854d8bca2f6572c699f4cb5d33825,,20
29a75bba3208044a3e2fcf3f305f8ade,Rod,6
29c225bf92891b15efcd4065cbdcb21d,,2
29d8a75878a0c7ec975e3d6d48372a1f,Rod,0
29ef5d5e2a6e6a0a2b9b12f0b3de82a3,,1
29f44f82fee89b5489522f48d197fe20,BC,15
2a1f434cfeca4ef2c820caadcadca133,Rod,6
2a30fb64a80c93d205da52f0d6b96b87,Rod,4
2a6327215cd31009476517904edf7e8c,Cone,10
2a826679fc380ef99be7a3f1fca4fa17,Rod,6
2a86f3b8778799452dc674d8e7d35c95,Rod,0
2aa0aa58f278139f976f284c57a4e72b,Rod,0
2ab7eec3f22760b68e953559d42b7bb7,Rod,6
2afaa57924ac204b60e8de8f0f0ba005,Rod,6
2b3b1eacfe42c19e64a31fda5cb04593,BC,18
2b5f8d3c887be6a6bdd57282aaef4de7,BC,8
2b64a0cf15f74f89fe1c52dd0ac01c10,Rod,4
2b7dae851255d9e64d21dc499a0b6ba2,BC,18
2b9c5bf6059ef862aac20ea230629c7b,Rod,4
2ba9e7907187c1436be7bcba969032f0,,1
2bd544b6306bd370bde334b8e01b20c9,Rod,0
2c1aea05bd2deb1a928d380f76ffdd98,,4
2c20fe78a674e5ea4a63220c5b5bc6d0,Rod,3
2c22807b78534682abf397aa4cd61252,Rod,3
2c3553f26da7e5864f283c0da00d6816,BC,9
2c45f080325eb09b6a3981f519c4875b,Rod,6
2c565b43eac7979e9d7448dd85ad3916,Rod,6
2c586e01fd6e27ab77aa310a802f617c,,1
2c70036fe57ca281c738d348c9ebfd6f,,14
2ca8ed1236d4607a1a3c67cbd945c3e0,Rod,6
2cc78b45657f8dca4d8faf71892f9276,Rod,6
2cfb36f99fd1717dec6acafd09014146,,6
2d06c2565bdedee23609ed6a9fab042a,Rod,0
2d28938596abc0b342e1788fe41b8f56,,6
2d5cd7590150aaf52ef87c6ff4506bf5,BC,9
2d5edd39f0f369809a5f380f0240a02a,Rod,0
2d883daaad36ef691a0b9b06e01c808c,,1
2d958ea7529f5139f1d916dd317c256c,AC,16
2d9e66f2b83b6c4047b861b35698934c,Rod,0
2da718779753c3cecfe6c89c485a8526,Rod,0
2db7748b4e04408bf49a1b9f27e8fcb0,Rod,6
2dba4cc9e10f51ddbca12acda861dab9,Rod,0
2dbacee00608caf9d9f6a375812b4740,AC,16
2e1045010f20e642732f035ef438dd73,Rod,6
2e1ef90e186ee236d2a3344257c2f325,Rod,0
2e4194af4478a24b6c50bbb197880086,,14
2e673454f1f20c93e35883fb17e9b69d,BC,15
2e728c23abae1b4812ebf4934ff28929,,3
2e80971a85e2661b0f8cb0a9312951c2,,6
2e900aaf397b358885b561d96e566129,Rod,0
2eaf2b8c1ef46083a7f1db319faf71f6,Rod,4
2ed9e100e5fb07e71ed2253efea97620,,14
2f08a284f10d00f692885d66a11a2014,Rod,0
2f1384ed7f0e8367816f5ddfd77353cc,Rod,6
2f636dc18330bbfac0a8bb4391ebcd90,RGC,20
2ffb7dde58ff9bb95887043c4c062e9e,Rod,6
2ffe4a6d365a9c900329e3762b1d6f14,AC,16
30037c1008d98d48d8b6c1401d388fc4,Rod,4
3028686c0d9b6c8cf51e8e0e8d127009,Rod,6
3063f24a4e75c5f364b139833c85e657,,6
3066c6782143b4c7dfb293db7e4c63f4,,14
306728b47ac6e1bb2a0bfa1e644c3032,,2
306cc45ab734a65b2367e5a0aa3473a1,,6
30789377cd353d1223e52094713b3377,Rod,4
30811ba5b187e5b2ab5ab6c28e8216ad,Rod,6
3088413fa7c145a461629f63fe6235dd,,19
309db30cdb6f81d76102e511e1ed9be9,,7
309fe08d104c8bf64369b2ef6d393c85,MG,13
30a0b50b1d141c91b28d216d0950d1b1,Rod,4
30a70ef09468e1a3c51be480f7e5ed1f,Rod,6
30b25a11856fedf8fa6137b830fe8def,Rod,4
30bed120b42d03136126c3ed63607ecf,,11
30dc7fd18a22585f91328f737ba4df75,BC,18
30e04f6964695c5e8b36b29adcb68d14,,2
3100ea58904a35b86ca731d999cd3ac9,Rod,6
31068d9e013e6bdfe2022519863332a9,Rod,4
310777c4b8fa536c916719c282b313ed,Rod,4
3145f1cebf27fb5c9d59f3d0caab7c28,Rod,4
31481940586879cda2be5e53d8982e7d,BC,15
314b655224605a3436bbf038a11f66de,BC,8
3157ff59fb4a905e5ab710b35c186041,Rod,0
3172c43ad3669fd1e00a02e57b192586,,2
317d5955c925a1b79fc6bca14e51bdcd,Rod,0
31988c0f301821bc47fe2c47aa6eb3fb,Rod,6
31e8cf1fe6dcb616f2cc03eb9da37511,MG,2
31ed75f14ad40c9a70dcc90029b46f4d,,1
31f28eddb3293c16e71e39654ab2a44a,Rod,0
31fe81ca9f2c3e30962a276785a42941,Rod,3
321259828c09da6e1d467eb86a2a5fe9,Rod,4
321d41da8118419d7eaf46f3f50b99ae,AC,16
324eb682d8801dcabb6b5b288346ed0e,Rod,6
326391f3783b39d1996d1815742956cf,Rod,11
327243d1086ef26be3d599cec60bbf10,Cone,10
32c0d93da883197b660f17bc2be81c58,Rod,6
32caf5f76faa7b2de29f4d4641f1b095,,14
32f265eba01e0a29190301b58b507bf7,Rod,4
3301d69439133403a41a7e5b4fc5924e,Rod,0
330217378768a09655da125e4938bd68,MG,13
3311b94eb2ac77179338aab0fb969b5d,,1
3340c8c3f0ec6c24593926117ce659b5,Rod,3
335a54fc135b9365d160ff049496d907,Rod,0
33649b1f30bf1b601ac32dad897e701c,Rod,0
3364e9fb9227dec5bc95f247ebada36d,,4
336b84834788a115dc508de996fdeab0,Rod,6
336f009a6e314758d63f4c921ca436dd,Rod,5
337d4a11163f5ec0b1876d07b94e90b7,,4
338a117332f8f161ddc30ee7826ba309,,4
3394bc89faa92f53f8c91327955f9531,Rod,4
339bd5d36fee456d3a31890a86e466f3,BC,15
33a0a415342824e5895d965cbb241c68,Rod,0
33a2ab4da409d0a7397dfc075ccb46ec,Rod,0
33b2283c98f060244ae60ea77af35d31,Rod,6
33bbb0156d7d770a7352ce7863fdd520,,6
33dbbf1f922bc5a539176200098afa57,BC,15
33e71d5ba2c1c41b3d6ee5a539f97ca3,,1
341026132f107838f2c5f9280454ff3d,Rod,6
34362e0ff2dcc8af952f106fbf94cd22,Rod,0
343bce7955202f3773470767d2a1a01a,,16
34410f435f53db81d73604a456941d3f,Rod,6
34703c28e604fa3db48be08a5d036142,Rod,6
34768a23834e420719d727c3b053d963,Rod,3
348e5c75e45aa200827183d39d4f5b83,Rod,3
34a524f8798394eee8e896d6db605f67,Rod,4
34cc0b13aa72779ce15a071c27bef4a5,AC,16
350737050ce0c1a6f8c5dcd236b33970,Rod,3
3518847bf97c709e6e03b5746272896a,Rod,4
3542708c377ecf930b8ca18507b51737,,16
35585ff879103dd9f2458d3a38ef1443,BC,15
356b587f4dc1a8bf034a1e80a6567015,BC,8
356fd220c39ea9ffb4e3b5f226388cff,Rod,6
35d56740876a771f2a701e4e17b15158,Rod,6
35dc11234f966af3e6db4a8065caaf1b,,14
35f233f53138f3aff75568032030c6b5,BC,9
362bbc5cf3aedf4336ca171751cba24b,Cone,10
3667f2af485cd922a400d9125e539fb6,Rod,14
36bbc9e15eac6ca1fc82c55997229b3a,BC,15
36bd1a546391a416d39e42057932f3f0,Rod,6
36d3708c3df64eb093f81c1d12dc6847,Rod,0
3718f996b06a45b9cd42b2940ee3e262,Rod,0
373452642f939e31cce46d65cc2ee015,Rod,6
373aa6f1cbdec091e16cafe571f17e05,Rod,4
3747ac32e1ffe735a6a98a6ec013a967,Rod,6
3758f0f5eeb0ce6321f9c2bfa21d8368,Rod,6
3785e0f68c7b818d4ac813316ed2ee55,Rod,3
37f2b34fb78109cbc1447ecf0f0a952c,Rod,6
37f5020fc5fb6a1126bf1a3ad74eb3dd,BC,8
384189a701569e98750d9bcc8da8c8f4,Rod,6
386573aee38e144311a97c8161acad17,Rod,4
387afdf7190030c7005f567ba4687d3d,BC,8
38cf2c4cbb6a8f05aea2cad8a2abefac,Rod,0
38dbd47e9b88fe3e1b89eb3e3414a9b6,Rod,0
38e3edcd30d8670f63f12c389ecf56af,,6
38e75c62fb17b1463176451b0f683e7b,Rod,6
38ecd00056776df3246cef775e701bd7,Rod,6
39227b42f105188b2e7eeecadda21179,Rod,0
39282e3f13d768c13d0f7b8920b17aa3,Rod,0
394efd07f7a208b4f863fe682d9a224e,Rod,4
3988bd51c820c29ab1a0b2bb7b764063,Rod,0
399ee01e0dc01d0a6bc52d76f93ec717,BC,9
39ceea84ac85cdb1c1874b1da387cb22,Rod,4
39e12594ec2820969cae4605963d87fd,,6
39ea12ae0fa48e019b3e6068841e6ffc,Rod,6
3a162ddb1a75aea04d0c87a3ea911850,BC,8
3a17cb319a98decbf17c32445828cebf,,13
3a39e2e1bc76fb6c6f08162c906cf572,Rod,4
3a48fb0eac1f29f51c516abb6e1f33d4,Rod,3
3a618df89952597dacb5ed630d0753ee,Rod,6
3a62f31d13f6b6b24736657745d28bcf,Micro,3
3a6d2c4248532fb5449ac1c884a37b95,,6
3a828d734ad861e888848ae5ae00745b,Rod,4
3a9abaf93b8f270d10a633c70d4d1537,Rod,6
3ac95324a0d69886eeeaceaf5ce3b982,Rod,0
3adb5088a9b34d6348b50990a64ae94d,Rod,6
3b0e15492d4bbe485586a7563ded0bfd,Rod,3
3b19355286f1f9363f1720f8bb857617,Rod,4
3b2020c6bb9f4a587fc0f9c85fae125c,,16
3b29235233cfa3891cca25cb7de57e93,MG,13
3b6acab6102f40f12c56ddbdcd08f65f,Rod,6
3b8eed0679a7455537c3f2c31237dce9,BC,15
3b921deebbecea724bcda790386a907b,,0
3bea4b50506f304022cb2a11ff8f66f7,MG,13
3c09cc3c677bdf92349aa9fe319ddc6d,Rod,0
3c3c78ce05abd8b4539128c7628db252,Cone,10
3c3fed2e6cfeb51fdc7944e7e1cacc07,Rod,4
3c4a2a57b779c17bb1af650d013e775e,Rod,4
3c5a6479c704cf549710681643d8f0e6,,4
3c758ecc3fcd8033e4aee6bc8db8cf8d,Rod,6
3c7a274a0c43dbbee2da78413f7d2712,Rod,6
3ca1a6d104e4a8e090cdab66a19f170d,Rod,6
3ce99ae3670ce163e6c66e192e44ab95,,14
3d17ccdf4aa916dc0dc3548a40b1d64f,Rod,6
3d230fc0dc1d7f9a9a2f6f6f420cbcac,Rod,0
3d368aaf048e630b8d43f4b037257e1d,,6
3d3d34899c44b096dc43c0e575f3370b,,4
3d6675a1138cd17f8af5a1dc4126b254,BC,15
3d866447f353bd3420d24e1dcec9a687,,14
3dbecf1e447b64b17aae7e3b4d140a8e,Rod,4
3ddf822c1a7bbc1b9548407164f49236,Rod,0
3df200b8e0e3f767b67db4a0d714a25e,Rod,6
3e473d73b525076d93d2abf77a49b295,Rod,0
3e559f09a8ab8e66e246f683060632a3,Rod,6
3e910c2eb2328901ae842bff473f3a9f,Rod,3
3e995d3d71ed80edd0f48308e56c8443,Rod,0
3eaf49239b7593057b179147aa184d70,Rod,3
3ed1b102c0d4a2fdc125a6df10bc77c5,Rod,0
3edce61a40953d40845bb3e0f564065d,,4
3ef6dba85a343fee7af95eb1f42960d9,Rod,6
3f0640ac116f54317f1214d89bd9c81c,Rod,0
3f453388f7faeaec5ed20c7fa2ccce8a,Rod,0
3f6702ed0be29112e05dbc4725f44e74,Rod,4
3f7910293999f164fc17b26ec92f0c42,,16
3f9ce673d80e022e337a6ac970c4cc5d,,6
3fadd391f8614b16b53237efbbbfa67f,Rod,6
3fccf1c33965dd241f8542c5f929e14e,Rod,6
3fe74012eb34ca837fffae3a095072cd,Rod,0
3feb55f908a7d3b454792e0e60fd6478,Rod,6
3ffc3725c54e5b6675b28248a1aa3704,Rod,4
3ffea168f5965165850d215de53d31ed,Rod,11
400d38ccff804b74b677ede2708b22ab,Cone,19
403ec17801e9c44fbfe9f15c5795c2b6,,1
4072ae7103a7addcb749fc3caf1ef6b3,,0
4074487ce881ec93ba04add7864c8813,Rod,4
408b269a6c610b7b424bdce0b17fd236,Rod,3
409c435a458632e128a5c2c9870e8cab,BC,2
40a4abbd57579870144e009de838eb74,Cone,10
40a93e42f6eba45098c23cf16d2fc81a,Rod,6
40ad53705b8f42147e05fb17ba1703e7,Rod,4
40af05a2e1e5012a1557799311d71b29,Rod,3
40b0756bb516db800fee233a6804420c,,1
40b2caa674346cac1bd1f8c3c562a0a3,,1
40e679c04e29671e57f8014d16552c14,Rod,11
40f74aaf3a8846a62708926978e1370a,,6
41042f10ce4c5c86b0a7df20abbf3430,,6
41078d5d51d829b6439e32e8ea67d91b,Rod,3
417a7a4a0418daf59361e51718f72fb9,Rod,0
417d32f1f2282aae3a378ded01ada94e,Rod,6
41a0ff164cc1f5091941dd511854fd57,Rod,6
41c82a163b3a2e24f3fea0acaa8ead3a,Rod,6
41cc13b055788b29b112cf372066cc6e,Rod,0
41d49fd917576ebbaf334e337daf3c4f,Rod,0
41df252bef2887bff15daebdd6e3358d,,14
420bcf51ef501066c500acd407b2f5c8,Rod,0
423cbd20b02242762f5cebbc9a4a1f49,Cone,10
4246c999dfa92091ceb4489b6d1953c9,Rod,0
4266e37a586b24251c81c3db3e192ab9,,2
427bd570b5855ef7dd08fd2177573e56,BC,15
42ac02dfb83755c35f7eef5153e2dca1,Cone,10
42cbe0d0328f13026c92e876379089ac,Rod,6
42d5ecfdd98fc9d9e41a0143ba08201d,Rod,6
432415b4e26278b36136d66ffd9f0205,Rod,4
43290c55f8962e975b21b3d3881da682,Rod,6
43723aeb42a7d43ab1a2bad2e0a76010,Rod,6
4382b5e6e98be63414bbe94f6dc42d84,Rod,4
438b698c43463c46702a973b16d329f7,BC,8
439a4b879e15131f4f84632099e0ac0c,Rod,0
43c4c926cacc207535babbcf3c833594,Rod,3
43c9b1784aa144530afce231dd40aa41,BC,18
43cfe50b9784d64e31e57df5da876bef,,19
43d4bce24d11cdc1128450a250ef8f39,,6
43e28c839ae428d041e8b096b2c1ab86,,1
43f0ba0e5fb061e78b922d34ae836d2c,Rod,6
4406327a6400f0d314f8ae5beaf26242,Rod,1
4436b81d0dbae575266617df39d837e2,Rod,6
446e2c2f25014cd2a5a17e2d0bfe829d,,1
4496089bd9aa70fb82650b01fc565a7c,Rod,4
44aa78ed1fbadc81f5380dc6199b1a1f,Rod,0
44b40b873289aac10949d80df24cfb4c,Rod,6
44c9f2cf7f7af025b0e3a8c9fd78227f,,6
44d39b4eddb34722ee9eea1e27ee69b7,Rod,6
44d83811744fa72166cc9ccfa11888d2,Rod,4
44e18981a076e50e9854cb065f1cecd0,Rod,3
452b6946d768e289076f6fd782c02d31,Rod,0
452e95470863ac4a0c77bd7f9707c208,Rod,0
455ce15b0d62e7a40425b117f3ca2d31,,4
456547904aa103d61222561c7c5ddbe8,,2
4593496b8dd2debe4c2eea7177ef7f05,Rod,6
45934cad9250db8fd86bebcf8dc0665d,,0
45c7f0458571a8ec1ac159b96e9cd96d,Rod,4
45cda69142e91b170ca2075723aa20fd,Cone,7
45df6fd65432c043c0cc9ad10d40dd27,Rod,4
45e32d8edaae57cd3090c2cc4ec70070,Rod,0
460906acc08e1ff0fd9ad932596eccc2,Rod,0
46453c743346236de9b055c1708a82aa,Cone,10
4663774906ed79482e78a001e16903dd,BC,9
467b00facd25b8eb01f0652022dfdec8,Rod,4
46f413894ce6b0dd9ca2e35440e33a60,BC,15
470250ef2dfba068b71c68b2293c4e91,Rod,6
476e31da32e72a67fe9e278a80e99e18,Rod,6
4778a2e9c590692facb4006961c1cd21,Rod,4
477d1e866533a525f63dfc86a183e6e9,Rod,6
479dc4e05ef1f2189f52c2c15b6501b9,Rod,0
479e704620a3696554c0270003519f33,Rod,6
47bfb33151f8f1854c55a7fcd960377c,Rod,6
47fc1f61f14ecc1466203e2b9a46445c,Rod,3
482a4de14b32e48c83e86e5948b10189,Rod,6
484f6ef61dc0deb512ff69e8151e7394,Rod,6
4862b8c0f46b38e6e6e83986e896b5d7,Rod,0
48a1c47107678b03e46ff69fdd589261,Rod,4
48dcda231758deee307383812be8bacc,Cone,10
49046a0a752e6a6f017fd2c809357a4b,Rod,6
490f30ea6260bf9c4b930fe06f1d996c,,6
4917402c308f6fee4ee5572e1aa90808,Rod,0
4958b4476b1e0f93b92d4dd25bbc1d43,,6
496592ca94dc43d072356c149a1d778d,Rod,4
4986776357d7c11f4c792b6224cf6c45,Cone,10
498ebacb6796f32aca4a54928aa31d5d,,16
49f987423ae2885a48b84928d6616c7d,Rod,6
4a08a0a6418ad3f696cb37a950c5c23b,BC,18
4a101de504b609c1b4c7c6cf4d25a77a,Rod,0
4a10476f0e63e054b7a5e9d4815f4914,Rod,6
4a1b82cc84dac19b490269a7cf8fa1ba,Rod,6
4a1d394bbc4cc2a82599265a1185c3c1,Rod,4
4a3955333502c37b8219b6197d791e78,Rod,4
4a3a81296f841f2f738e25ec98e88bf5,Rod,4
4a3bff27c1171e728316acf4b0cc5f7d,,20
4a4cdc7b5f27da569c68cf364fb20d1c,Rod,6
4a59fc72c0534e2907d838048e27d068,Rod,4
4a5ed11c61ef6217c67840680a0cadf9,,6
4ab60c90bfbb8472f8849e9b9a3d9146,Rod,6
4ab72765ee9b457028dff57ccb1047cb,Cone,10
4ad2f01c18f839a5e8576a8f638029a0,Rod,11
4b2d63cbb55f5260cbe3e77de117475c,,6
4b35ebe8dfe8ebbbf1b7fd452fd5eb33,BC,9
4b543035753f24fe6dca0fe4e7b1916a,BC,8
4b63a5ac197a86146fe42348ca194e82,,2
4b8d2210fed11c92c04d5f18e7c944d9,Rod,6
4b9d1ff3bbd287e14115fbeae1245bfe,Rod,6
4ba19528417eb9899d9a88fd32b71cda,BC,8
4bb3a3c5a3a7c25800d906901a7fb191,Rod,4
4bb934110ad6de9da20cd6c091264932,,10
4be49deefd7cecdf08fdba1464dd749e,,6
4c07bb5895f990101054c6d369d91a8b,,5
4c1daf0688783bc26649149f3d820ede,BC,8
4cbb2686f845690ef2e413f98ef51e1d,Rod,6
4cbfe78d6143c131b8fc4c1fbede7350,Rod,11
4cc7c86fa8ebf34ecafe8500031818f5,Rod,6
4cd238f2c45bc94c64a2eddffc1109d7,Rod,6
4cdf21807548211bfc613adfcb3f27c7,,7
4cfb48cf76d4d410b56c151371ab8595,Rod,0
4d02b2c7f1d16a3f999fde0de31b7c8b,MG,1
4d1c696e0d1dbb90910cd95517026ce5,Rod,0
4d36141ce6f877544b5254d7b1c170ff,Rod,0
4d6c92586bd1ea7af7a019489bee1940,BC,9
4d76af0f955e0f58cb452ca5595e8650,Rod,6
4d7aea4b8de99ea8fac9e3e0ae28a236,Rod,4
4d7e42546f2ac0e02b1a78889b61a4ff,Rod,6
4d8185c0672f4902e7ab930341baeea0,Rod,4
4db6c0815a6c8a84c995b266f9759b10,Rod,6
4dbd119c27dfe9acf88469fd2c5e2e95,Rod,6
4dca501ffe71c5a9571bcc909d904c93,Rod,6
4dd8b6e1856e70493285d2a9d92d45ec,,4
4df20c44be6befdbdfc80fe5a7b6842c,Rod,6
4df24f957e0ae66b3a18601ee95f0643,,9
4df4bec63228b21d4223b93d8947534a,Rod,3
4dfc5b737740c5bf13d343bde4231f78,Rod,0
4e32ca62ee093b9ef2e71286102bc7b1,MG,13
4e397563bf73a1c5200555a3eea00cbe,Rod,11
4e47198f52f715f692469f923125efae,Cone,11
4e69e1aa94de138ddacd224d7a6ddd75,Rod,6
4e6e682e9dc5a382d945116fd66b8539,Rod,3
4edd479df722f529291b9accdd857d4b,Cone,10
4eeacd15daed689c575b5fefa2578884,Rod,3
4f418eb942f757abdc36c97c3ba3e49b,,4
4f7fc67f88152ee841ed4a6ca43013a7,BC,9
4f9326c8a24fa13e2499986c4712ed2a,Rod,0
4fbf1e3c5b83a00141a457c07dc1ad0a,Rod,6
4fc0b4c6236141d52eb6d5047d7fcd67,Rod,0
4fd2dabb69a74771bba328e00126f6e2,Rod,6
4fdcfd775ab400161b90c53f112791e1,Rod,6
4ff456e2b12bb4733d5810f9db085848,Rod,6
4ff476941fbb388e880fb30f1930eebf,,14
500837b241087ebed004b8106f2eba30,,3
500b7b79b708d6731b9a398ed35e8cea,Rod,5
5018ec10022f481c973bbca1c20fb80c,Rod,4
501aeee54ef1d747d42e62fa906505cc,BC,9
5054466b41e7970d554886be0d89b82b,Rod,4
5075a3ec68bc964f1c0320612d3bc63b,Rod,6
5080649a6186c837a46034cad17059de,Rod,6
50b67e7a957f100a6b7383270248a922,,1
50c4c3cfb73bc0151cbf81cac152ba92,Rod,6
50d9e21d1c0d8fa5a3ad02c050c43e0c,Rod,0
50e22534e66004ccfd6156b45e192965,Rod,4
50e2b5280e6f2f04bdd5571fbe26c76b,BC,9
50f0f2b19464b249a89df78a414fe778,Rod,4
50fc2217703b12a904b22f72d0f1ac4b,Rod,0
50fd56ce07eac9368a009a2b7fa11ebe,Rod,4
5102ecc9dcc9c36abd9a648defbb9545,Rod,6
5127e3680158ed3beb8dab1b086ade11,Rod,6
51299e8285f3821653d5fc40a6a1e0bb,Rod,6
51558ba747a1d2d9e7899d9677752f95,Rod,11
51623d7b50aefefeb348a3f03fd8b4c8,Micro,21
51a5609092523a43aeba11a2921612fd,BC,15
51ba05a9fca562ccba7e6ae85a48644f,Rod,0
51f8537fcfe365358eb319d97423f717,AC,16
5201f8b35e393df889767b4e52030a58,Rod,5
5220c8e0a9d25f8fcee2662ee2ba7a8b,Rod,4
5229ad117462b2b082294b922d6017a7,Rod,6
523814083bb143f6b6d8955ee102a7ca,Rod,0
5238687109decf585dadabeb720577a9,Rod,4
527103487e78d64cb5ca9fbcd8409bfc,Rod,4
5275b1d9888cf2a8e0769d6dc9f65916,Rod,4
527b9fc2aca419d83ea362f92ce7cdf7,Rod,6
529fa82a2922730ce34364a5e219783b,Rod,0
52be931b3c5b606930b93bf22a44d223,Rod,6
52e8b1dfe230a329277d75ce951bbc7a,AC,16
52f4235affa9b129505a53d660a8cf49,,1
52fd1a6bb4ea278dcfa25199991d52eb,Rod,6
530915a9a4957afae4d476dedf8f9230,Rod,3
532a4a0ca5d4b54ae042f9d52fb88e7e,Rod,3
532a5620ccbcd752b286cd506a9469ff,Rod,6
5343de862a8137fcff156af60e274668,BC,18
535582dc0d094d10cfc4fd414cfdb56d,Rod,6
5355e55c7b2e64e40c5f8051f8a8269f,,4
538e5a05b488a4d359a112ffc83aa085,MG,1
53918da5ff29090c5cd5b8a667ef3d06,Rod,6
53af7979d61d756d63afc64f9469bace,Rod,0
53dcdd2f4049459252f548ad124231d5,Rod,6
53edb1b85af3143c002e1bbac74a95be,Rod,0
53ef7e3a479c473456ef53b6a67f45c3,MG,13
53f54357d297e04ee10e9a2ec236fe7b,Cone,19
543686c046d93100e6459ef355b44f95,Rod,4
543a4c08f47f7b6456ee7cfa65cea071,Rod,0
544649721b096666a41fcb10551ad42a,,1
5458669f7cbee0cf03b1560aa86c92b2,Rod,0
545b7b7b5b3ced6470ee1da5d04b43d4,Rod,6
545c081f92bb6988f499da5635000523,Rod,11
546f43b257d188d549337ad4c6e96df5,MG,13
5481f2c28b3742ee720065eabb8d0992,,1
5494aa77d60564a4000ed109d1f748f0,Rod,4
54ba9fe7c68879d4773045b055538599,Rod,0
54da48f8c3cfd21c3dbd0382287d3451,BC,18
54f0b303a77eedd14c7c0126f7ef8517,Rod,3
54f524456b8daa2e51b2135fa672a82d,Rod,3
551d0e6e28309332d5d51bc8c65d3ec9,,4
5522cd52c1c33ea17b0cab2c9d6bdec8,,7
553423074923c72d257e0c217a9c51a2,Rod,4
55577c8a7d12bce59334486602a9c610,Rod,6
556f25670576f8f65b52892f73035b86,Rod,6
55c28cf2d6eed3e3eae5882c7bbbe8aa,Rod,6
55eb4b3a077444f768010a9c3c893120,Rod,6
5627e780986448fd6a31b42589a6378c,,2
562a91e786b6aacfb441905a49b4ea31,,12
562c2606a3c32066480fef3868088028,Rod,0
562ccb70609b2d36439a569f150bcc97,Rod,3
56848be93835f9194df0759a306b3f96,Rod,4
569437109a5c975384bccf758806e9b6,Rod,4
56f08600acea627c4f0279c1d39e82b6,MG,13
570f541503e33ee374b36dd327a28371,Rod,6
5715f6aa827839343992f2086e4d3fc6,Rod,4
571b23d40538dea22b275889ba33f1df,,1
5747f64089d9763a4d570c52771b0080,Rod,3
5757eaafe664df74cd90f9f867bab46b,Rod,6
579ab2e1f73b8df4e3c836a1bb94a3f4,Rod,4
57bee91665a36b50706763f3b68533b7,,1
580b1ab201c7bc468aa93c908316af2e,BC,8
580e807828b171686c19c11dea3d8b73,Rod,4
58296951de3cae8bb47f8e8556bb09d9,Rod,0
583806e0adfdde0f15825127b7147ddb,Rod,4
58396ef022f3e34f78b6c141561bb657,Rod,6
5875ed4e95125aa18ec7178db5488549,Rod,4
58832f89f1855e0789fc7e41251f618c,BC,18
5887ee62eddf54e3a6a502cb95339c2d,Rod,6
5893775fdff81fabe7f38fb1f13277fa,Rod,0
58938246d8e767e9b3a23ca95965afef,Cone,5
58afb2e3f0bf52080ba45b47f1185bf6,BC,9
58d17782f505659245ccb6718eba801e,Rod,0
58d4194f2b9971dc486ebb59e047810b,,1
58d804d1b65da9e92ba7a34085741bef,Rod,3
58dfd7e6c88074736b42eb4610b468ff,MG,13
59197c04f561e5609002d0f0635c5425,Rod,0
591dd944193067811523039f3e704221,BC,8
591fba63f189c50463f7bab3e233c907,Cone,10
5946e0b8d0d4728365d75d701e8e014f,Cone,5
595703a47b3368f30c2a50d0bf13e464,Rod,8
595c08b2d5c366fc8102eed8e59a69ea,Rod,0
596c1ca9b201ecf510a0988e4915563e,Rod,6
597ce65b01aed60f58a6ffbfca60b323,,16
599524501fd9e54f7f447aa695e6437b,,4
59a0662df1e039928226763016588009,Rod,4
59ad6540d1121e3bbcd72ad0f2303e5c,Rod,0
59d933d2689b5f452e49adc3399252d7,Rod,4
59e091415df021dc2890bba7190c3c29,Rod,6
5a040d0e61026230406fde797c12706e,Rod,6
5a344e1c5b5d46bd1407502893dabce2,,14
5a44143ab6114353591ee4ac7b4eb142,MG,13
5ab77f4839224b07137b89bc744566c7,Rod,0
5aee698c79461f6463e6795ba36aa00a,,14
5b010292fdf4db8d1a0a54eb9b1a3147,,6
5b031805fe22d10a950d7a634e1440f8,Rod,4
5b03d2b8c47313956e09913300ab138f,,16
5b0a08311a328dca846c10386ac50e8e,Rod,6
5b40b7101a4ffa19f1b4358dbf19d342,Rod,4
5b92bd8f4bdcc0b7b33779169e49a97a,Rod,0
5b948db3dc71bac5f1b5d360f67e8ab3,,6
5bb206cf0514d96b06a7796a37092e38,Rod,6
5bd41a132e78762e1a011f511f2f8c17,Rod,6
5becbe5920f761dc745f9363956b40de,Rod,6
5bf257bf421948515f2324b7548f556a,Rod,4
5c00037d6a804ef772968694c7b8aeec,BC,8
5c1933c8a873c5341841e7be10653822,Rod,6
5c46173efb3ba738f90c1fd998fa7ea6,Cone,19
5cb224377605708668bfcae7deea874c,,1
5cba0951b2103327caaae964b3de0ee0,,14
5cd32ba0a1754004a61b8ef9ef1cd155,BC,15
5ce26b5044915530c851f97aa6c9151e,Rod,4
5cfc31436bb87de3e810faa143e4a73a,BC,8
5d201be9e88e21c00182d80967f01e63,Rod,6
5d4f102f2c0749ab4df74864416a3fd3,Rod,3
5d7c3ce2d37e17250d7b74b1e146c2de,,3
5d842336c42a561e806d84768abfc7b5,Rod,11
5d9863e699d252f5e8c650af10a1f8a8,Rod,0
5dc150e5b79bd55e8805c9e9e0d4a27c,Rod,4
5e1bcb5df7a2dc929ecc674dd8199fd9,Rod,0
5e1dad2c7cd7e96b34bdb40b4fe9f272,BC,18
5e20a58979aa9f10abaf913c80de6e4c,,14
5e51988c33d73e055e57f6ccf6a4e928,Rod,11
5ea2b63a18cf3ec151b979f579d6bfe9,,1
5ec79b724642425dd5099a4a765715b6,Rod,6
5ed775839c29ebac4b5eda1aef82b5fb,Rod,3
5edc54e172c33bc6979e7b5062bc66b2,,6
5ee08d838053b85f1292e6356b35c8b2,Rod,6
5ee21aea040649ba28f480d41ef950bf,BC,9
5ef33a0e5e74436ee18fa73c0f71f678,Rod,6
5f1870451b2486e899b5abcfc643d7ba,Rod,3
5f1acd578770a1bf4fdfa123a0c98039,Rod,6
5f648c0403f1fe7a6e7c9d6b6344519a,MG,13
5f7d2a6ed9adab11adbf6185b985781d,AC,16
5f83d7d395b617d19f2d275ba40c8f15,Rod,4
5fb46e0e103d826e30d374672785abe7,Rod,0
5ff77f2f301974e56af5d78b258e66e4,Rod,3
5ffad6968263c72faee4b03ecd20b751,MG,13
60229e28c8f6b982c6729b556d4ce059,Rod,3
603d1612bb66e352debb7a08bb097fcd,Rod,6
604fb15949bd0f67f1422a97ca62b9bf,BC,9
607498e54ef86f2b1ab51b14b19f8365,Rod,0
6092b1eb9d5800448d1651662eed563e,,4
60a1f15c9f60b55654a9e87401208246,,2
60aef56dd1b0067184d594f0e4e0f09f,Rod,4
60b848844f61a8f5018a22f792f72575,,14
60d7df170b39c8c9b3583c4978ed2584,Rod,6
60e6a31f7ba617caded0460afdb6a828,Rod,3
613f076f996089c521028562a0febd16,Rod,0
614e8abe8cea0a8a3445944b6b31005e,BC,8
61541e2971d497d6e01772ae5d33a10e,Rod,6
6166c382315263173b10a494a3dd34c6,BC,8
61bd62d826a402192284d1e20a29a40b,Rod,4
61cd1d0c6b9d472365b034aece210877,Rod,0
61d429a529ef1ce8dbc94c69d8244c92,Rod,4
61f7b6884a752f5230ad731058d199f9,BC,8
621f25e476446e506a6178b3e9683fc4,,6
62462209e6adf94894215b85e407de7d,Rod,11
62509239dd01d64faad012db98df1d11,,1
62533cd1a940e3ed97a674404e08cba7,BC,8
629127a5bfb48c93bc8b3701f2a4acaf,Rod,6
6295ebca71e7becbf97cb738080ecc05,Rod,4
629f4f078594e77024085d54819ca319,,4
62aa822f2c84690c433a69ff35e1e9ad,Rod,0
62af37de04cad55bdb74516ed6a26f15,,1
63113ae5adef9fc60bf5c93655bd6696,Rod,4
634c236c513f23118155f405e0174dbe,,4
636dedfd6f54fad08d2db207c9d70865,Rod,6
6383082ab6ebced6593d4f85c66e72bc,Rod,6
63896d9b6b4c899ba3096a4f4536e49e,Rod,6
63b1d78096113be21ec02fcd4de47427,Rod,4
63cb6294f8977fc03047745a1f6d5bed,Rod,6
63d13b3a535bed011fb5039df4598322,Rod,3
63e3d3b6a265ac7b892c7fc3b3bf0026,Rod,6
63f3ebbce63a4fd1fa231345c8ca43e2,Rod,3
6412e972577036322a9a66625a935c24,,1
641bb2bff437463493248ea626d232bd,Rod,0
6460578505da5a04d5472d2447d5190c,,6
646e4ea06ed7953f7b04de53f3554bba,Rod,4
64a9d2144ed2aced95c10d50e054a87a,MG,13
64d3bdc2a220936748e1544c2ad93536,Rod,6
64deb1bcfef3324b7aaed4163ddf537a,Rod,1
64f69fe3dad96b731d1850586f3df68b,Rod,11
64fe5693fdebdcb17b51c43d25da2a31,Rod,4
6501ae7dbc2ab10eeb378851fdf6119e,Rod,6
65193a6b643fe65838d590063bbae2d2,Rod,0
6540cac5367caf79170f05c75997b436,Rod,0
65710db0a4872460168655844c53bc6a,Rod,11
65734e8b66ff47a4a458d8cb635d3917,Rod,6
65a8f48fb3504ce4159ac066ea4280f8,Rod,6
65eebc01529a91d452cf215012041b43,Rod,2
65fa7caf015dd16fe60abe6019ee275c,Rod,4
66091cf3f510ad64e0904b131b838010,Rod,6
661fb51ff0b85e811380793914004df9,Rod,11
66418fd9ae603faf1462f7248ae27356,Rod,11
66704e782973c5ee461f4c52fd111519,Rod,0
66906fb3664c113201af371460b09fbe,Rod,6
66b46d27c8ab857d43ff9d50b37bdc6d,BC,15
66d9d9a66b60e0ae57fbac6562e052ed,MG,13
66f0ee63a90a23241e992698f74cb630,Rod,0
6727ed78d9de3962206c77889a350359,MG,13
6735c417cca986a6870a5d26f1483020,Rod,11
676eaef7caf30a87debe3634a767c6f1,Rod,0
6790dc1bf9ecdca3d4aac41d29720503,Rod,6
6798dc01ca15b136eef4653468dffb3c,Rod,3
67c4313a5cbd2fadb95cb5d389850411,Rod,0
67c65f92a9798b8549cf66c0da254ade,Rod,4
67f4a2466ab6636fb01ae01e63b44ade,Rod,0
681083542c891465b290f2ff60a43ddd,,6
682291ad1d42fad64ce87e994fdc2197,,4
6825a0bdd8acf3a528c281b1aa68a877,,1
684e42b3348cc49396fbac8967cf3b60,,7
688803592193daf0844444fb788d567a,Rod,3
68b28c3fe5efaaf374d36bc068756b04,Rod,6
68efc89d2459cde2d895ecc2e5613935,BC,8
692def8b322ba4715aabf94ca1ec4217,Rod,3
69451584a899ed561f795f453ec4106a,Rod,6
69467ba01cd98949147fb90232533963,Rod,0
694a45835f2c03384a6f8efa1096f51d,Rod,3
696aad51c87c6fe759f477ee1a01f4bb,BC,15
69ecf60a12581a0aaf2d85ab9d45a699,Rod,6
69fa2b111edaa0b414b7eb88069650f1,Cone,10
69fbe988c22bb7d1682ba7d8f492d3cf,,3
6a0cf8ab19d2fabc1699485c02273e1f,Rod,0
6a395cf673b63e85936730b251d966ba,Cone,10
6a4654f423779409d90b613f72521de4,,16
6a471b6ba7a3030de2cd9209c64909ae,Rod,6
6a5dfd08a5cde583f15772c645f89fe8,,1
6a6a9f53c6bf498d3f34525092ba0106,,1
6a7e96f0131d23668b306abc0db9a86a,Rod,4
6a7ff072a8d726527bbb79b2fb9a1c76,Rod,0
6a8c82e83b8c9d9ceae7b2cba72914b4,Rod,0
6a94d38b585efbf321b6c561fa957ee1,Rod,4
6a95a314bb260af0d7cfc47452e4ad8d,Rod,6
6aac5ebdef39a0777fe3d0687952e1fb,Rod,3
6aae5091724e86aa2278257e606452aa,Rod,6
6ad908271a600b4bc7cdabc62a5f6cff,,4
6adde911f86af3cd0b8b18c45f8c7cfa,Rod,6
6b0285777d0d44f1bba5f96934834b5f,Rod,3
6b08f7acc2c47771b47484a472bc4cc9,Rod,6
6b1592b3cbb1b63c3b3d46f7c676753e,BC,9
6b1d224412a36df7333577113a52c754,,16
6b6ca2e9933ed663aeaa364410e0e258,Rod,6
6b748111fe8f3f6a66b34ab22809b6dd,Rod,4
6b9324ac98d69c8d9887f00280758f96,BC,8
6b93dcabccbd2e5842ebe6a19db02a4d,,6
6b99a19012a0ada6117a4428f0278333,,6
6bf41b3c46ec924d54d59a5dd30e7d96,Rod,4
6c1fa09dbe3a6255950b48bd14de206a,,6
6c4b64ac7561a1cc96f6b22428736910,Rod,0
6c6aa15c5f7c1c7a2758a579d506e5cb,Cone,10
6c8fbb774bbfa4800fdb535f051af7c4,,14
6cbf164008bd6846e593813431273ed4,Rod,0
6d066e81226d1ae4ace1ee2443fb53db,MG,13
6d27160e59d2eb4376f19befac1494c6,BC,15
6da0866d3800c66f086d6bd5546edad1,Rod,4
6dad0ba2764ff554b98a59dd3b3735ce,Rod,11
6dd49f0e52f773d3542a4260dffa9f4d,Rod,11
6ddb77508f92c08e15a93e0bbd1a1b03,Rod,3
6de2f9d14b19b52542a65ec20f2d561d,Rod,6
6de573b38eeae6746905a7d6b3db2d94,MG,13
6e48c53c757bef07f3d754345afdff16,Rod,6
6ec009b24d5b9384c8df65a6ad831afb,Rod,6
6ec6b4be4164a0f4800c96c4ed1460fc,,6
6ed5b334a64ce864fedc9e595e5eb621,,6
6eed664ef357d729fa9c6495a068f016,Rod,6
6ef696333889614d7a6546814cf7936c,Rod,4
6efe4926c4ff9c231ec3f1321834d0ee,MG,13
6f60240dc2fc3ae294892285263688b4,Micro,21
6f71c0e2651702e0d9dea7fa82b4559e,BC,18
6f8bf9bf1d58c8f9acb37de7dbfb4058,,6
70270579bd524fa49fae69408364d636,Rod,4
7030324a96936fbe8f14286af4152f95,Rod,0
70314ebb5f36b81a47c35e1f6c34a59c,Cone,19
7053c22bbe8e7e69ec241386525d51d5,Rod,0
70773fcaf7ca3060d7cc2ab43b9f21eb,Rod,0
709f95fd3e5c5ef781b3db19a4d87262,BC,15
70a50374ed9fca01af79489bc278c778,Rod,6
70a6e19eafd1ca0850b8addfed5dc0d9,Rod,6
70edb62ab5e429c972571ea863355de0,Rod,6
711365fd6e570a9b532bb70309cb177f,Rod,6
7159bf312b2ea2842b396f7f0718de80,Rod,6
71781d90233c79614676f39ef9460d99,BC,9
718b89366f8662c981d7cda6675fcd1e,Rod,4
71fe83a4cd3ca1f7b507621f4fc6f879,Rod,4
720cdbc74a0b362080f023d07d9b8e76,BC,15
721d377e45170d0e877cc4d9f039c583,,2
721d6bad91ec336d286536894cda1aed,,14
72337e176e45e2ed1264de2323d95459,Rod,6
723bb341d9f9456e679affe9d37ca248,Rod,6
724a626d8b5e32af4799bc5ee7261c41,Rod,0
727ebff26e8e7a0660e821aca56d03bc,AC,16
727f29c67ebf6690d98be6f23070308d,,1
72adf5f6bb8ead0770b2ef421369c5f3,Rod,0
72bf9df9975248560cb48e44e1ff1362,Rod,4
72e22ce2dc058aa7373fed0ed3448adf,Rod,6
732dc13c2b74d7e82f36661167038e9b,Rod,0
7340a911895db2b09a60968a61940fd9,,1
734ef0644151f85f9f0d191d2c2d4171,Rod,0
7352e63fb6ecbbccaace0b899894ca77,BC,18
7357c67a0845182a0c296506fe221a4a,Rod,3
735beeb2db4c82a445c7cc34fe28a913,BC,9
736598f73d889ea9fcb1f69e9742ceaa,Rod,6
7381d43751cf0efa1b651ea39888e90a,Rod,3
7386732a6587deb3f360cee039ff23d9,Rod,6
73a525883237cb687144a96d6e0254df,Rod,0
73ab7371e919316dc58d5c86c3cee98b,Rod,6
73c2a2cd5ccc623879cf9e17c11d0448,Rod,6
73dd0e9024769f08c624f0f9b3607425,,0
73e0423dbd71f008adbddcd3bbe2ff60,Rod,11
73f093f002d88580b52452fe0af96d80,MG,13
73f56f67612dc1d8844772f57fd96f0f,MG,13
7400f4c6ed754d3c865159c2767074f4,Rod,6
7406583bed508cdca08cbd7fdcc1acb6,Rod,11
7445caf3948835c105bc993127e4777a,MG,13
74a0fb8262d175837e6690fa3c14da7d,Rod,0
74df7b092abde4441d7cecbc1c4c61d8,MG,13
74fcd78616b7895f75452614b39855d0,Cone,11
7520b35a934bb2adaa1bb3e862c0dab9,,6
75514f6a52920d85f6f46ff704791b50,Micro,21
7572f6b51fe4e1607b78cc2be2d6a57c,Rod,0
75805c03e74e5ccb2315ec4b89ce5dd2,Rod,6
758ba9e829639d5cacfbaa8c3b246f69,,16
7595c8f9fa81ff8671b266037bedd6a7,Rod,0
75cbbd62d44f116256a15867abf0d231,Rod,0
75ec953e9a81da0f9c3f7d5faf19db99,Rod,6
763bec07f1b6588d7fdbddaea2e2a4ec,Rod,6
763dd96274d0b5665294cdf14c2a90cb,,4
764546ed2595acc4ba22fcf642ffeb18,MG,13
76543e7c26f3ce5fcecc158c5a6b8f18,BC,15
7657b51a58f3ecac2ea5d220e3202033,BC,15
7665f83a6a9c1e2d9b6a39c86e9b5558,Cone,10
7678c5d425c92a8e5f532705903e48a5,Rod,6
76879ffbda3d90e121a4d88a7a8df4d7,BC,15
769d330d73ed690401b789598d25f5c2,,14
76a1457ba346857221d03301054c4151,Rod,6
76e5c4b07373fc603d320877a9e768d3,Rod,6
76fc63a041192e56e5b372873945a8b8,Rod,6
772ed63a244298037becfd09821f3207,,6
774834be48df85337c1d10656cf37ee7,BC,8
7774842111db1a09b4c8617cb428bee9,,14
7791e1d46715b5afc5b1a68b53f36854,Micro,21
77b7ced17f43942290d7d8be794377ce,Rod,4
77e6a65519a2170fdcc094b2cb1cf2f1,Rod,4
781e4d278f3547a6c390f253b7cfc96f,Rod,5
7822eef0cc7473f1ee44c7416f3d97f9,Rod,6
782b95aa93e4fd38718b2b798b291b04,Rod,6
782f875a02fd70d75efb9e13342f3eef,Rod,0
783c7274b84bb8805123999b17fc60aa,Rod,8
7841c932501e8b0a662e327bb999286f,Rod,6
784fff4bf61303156a1b7eb01768c895,,14
78700908e81148d073affa252753cdd8,,4
7870618d55bbfb5ca46ffa9887d46843,Rod,6
78893c44b3ee9ae432f24dfc8421e0fa,BC,18
78991661592056a654a717959eb052c9,Rod,6
789c8ffa96093ac3190ddaffd73921bf,Rod,0
78a8b968b309fc06419573700fd387e9,Rod,6
78ad4cff0237f59399cd33ee82fcd4a8,BC,15
78affcf6c90d4e74a262dbe76317ca92,Rod,0
78c42fb882a91b8e706f1c3ffc1ddf9d,Rod,3
78e1edc294728a6639ea6d9d6bb015ab,,6
78ef5c1666994b128a813de413af146e,,6
790c0b28e09b06fda2695d42b5fd8a18,Rod,6
794c266bb95c9cd956302d7df92aec20,,6
7988e93c03b08aa22096c4e438682d44,Rod,3
79d952dbc9d380a0d23f64a63ec6842f,Rod,4
7a160817b448a28dc285efeef1584e7f,Rod,6
7a2099c0a6dbe97424bc4e607103e929,,0
7a2637a31b2aa9625eef57f85147b525,,4
7a275e9e5f28c588f8870def79511275,BC,8
7a3c0bb0c4a5d2d03734fd677fe3658c,Rod,6
7a4bffbea7537ed72bd8fc1fc4fb2da8,Rod,6
7a4d5c84664ed7822f2d98f6816ac99a,,6
7a52cb01cffba08e63a1260054d72d34,Rod,4
7a6209b1dc24bb52cc980f8c2c516b85,Cone,10
7a98c1aa5e4d0b8178bdb848bf19578c,,14
7a9c04113ab670cddd5b6fc9e8d253ed,MG,13
7aa5fc09f638e94f2f62e7e2d91f038d,AC,16
7abd5941d968a2c8df9418b1ced48eee,Rod,4
7b055cabcf0019e78e78c23f72c5c4f6,BC,18
7b2e284e74b0482789831782c2f12355,BC,15
7b705a087d2c2a0f0ed925340664cca6,Rod,0
7b90c93563cb3eb69227ca080309737b,Rod,4
7b96c82ccfa513502da3b9de1ba36001,Rod,4
7b9bc6642091bbeae9cb5a897abacefe,Rod,6
7bbd39d614a4c70f7e31ffd551491053,Rod,4
7bfd91f3df8d93d156a50091f9062438,Rod,4
7c00cab073a502b05ed79b44214e8731,Rod,3
7c09900175c406b96be13cf358889d51,Rod,4
7c400f1eeec90d836272a073c7af0642,Rod,6
7c45f3257764e47e0b15f13e0b3025cc,Cone,10
7c55f328d5ea0295dc107fbf585a8e7f,Rod,0
7c7064e562ec9a3e01d129e70089e36b,Rod,6
7c8e7363a5eab82b4520839f33d255b1,,10
7c94a4918230140f53694d6addedda2b,BC,15
7ca3e50e29178729c1b474a31aedabb5,Rod,6
7cbcdad2021f6409b5e339d8021af16b,AC,16
7cd3779508d0e77b203a30a185f2fd6d,Rod,6
7ce2b77b89979c673928befddd955dc1,Rod,6
7cfc61f7eee8b2b4a8083681ac5b8ab8,Rod,4
7d067da089c0638f592f81a3fd0b1636,BC,8
7d2219e347df0610d031ad9fa5507b8d,Rod,6
7d473b252ef56a4d11b1001ed57c3bc5,Rod,4
7d5c7b6b67cdf0449f4f49a0a59e2ed0,Rod,4
7d7aefdd0dfe5d38c38f4dcecfbe8c6c,MG,2
7dca0631f281f94f4685b3c764c7dec4,Rod,6
7de01a08902cb336aef73db14d7c621a,Rod,3
7df73e05e20be613d461e3efdfc74577,,6
7e132345c713efe83068c91961dd52a8,AC,16
7e2f8bb373e15724b8297d5f1f6bd7e6,,14
7e3e74a0c5ea7b37e588025d42b7c374,Cone,10
7e429c1c8e2a3978f272ca9901acdb1d,Rod,6
7e761d79be7f5fc7fb04b270d7cff275,Rod,6
7e92097e6868ba55e4349a57496ce04b,Rod,6
7eac87319ec475b6121b926e205d45d9,Rod,3
7eb9f49a5a8d41dd2a57fae203169fd8,Rod,6
7ef65bed788e7388079b09e0a4d7e969,,3
7efaf6cd2527b64c9106562a5e0e28c2,Rod,3
7f18cf06b485f2959a4dade850917c9a,MG,13
7f96e3ba4440b28480292f0e39e032c5,Cone,10
7f980463a82fd583260f0ccb21120476,Rod,0
7fab540a3fa3eb18ef968182a636380f,Rod,4
7fc15fce07693aa12d4c6087f7ebb49b,,6
7fcf48cf72ad05244a9910d4bcce57a2,Rod,0
7fdbdff1d6d7fdd0cb6fd829115ed607,Rod,6
7fe6202bef9753048d1b83af094786ed,Rod,6
800800344e7cd5cce160c85cf4156be5,Rod,4
804c9f69091513416b0ffd7fb6eebb1a,Rod,0
80c3161c419f498aa10f2f6ec6a3ec32,BC,8
811603ee7542a73b49d63fea39baa7f6,,2
8120e4b1fc3fca65c20e5c7c0c178281,,1
8135e971eb8c7cf649c50d76b205e070,Rod,4
813aa4231d4050d4d09293104cc70a7a,,1
8140bee6e8aae021ec83197b1d91594c,Rod,11
8162192638134a47f7f4084bed0d0820,Rod,6
817e0fd4683b9abbb31bb66bf23850d7,,6
819ed5cbd2f0d355b60a6628b15d46f5,BC,15
819fc25031679c58a922e127e84e8f8e,,14
81a2860efb1f2e8892e22c250e1db65e,Rod,4
81daff4e9603983a8ef2128a4a8ba0d0,Rod,4
82202bd411b9aa0bbec655bf007c36cb,Rod,4
823cee1f3fa6471101f98ec8d58b0c91,,6
823f3490817eca1f54bd62dd894f68ed,,1
824a3be64fdcdbfbba60f46aa9b14493,Rod,6
825978675f48a0b137a24a1af1c1f551,Micro,21
827c6010c184a09524353065102e0ea5,Rod,6
828c959ae8077768df5c3fee0ee361bf,,6
829eb2976c6add1b06a762da46988f5a,Rod,6
82cc86f7ef2425fa5537b30ac0cf4054,Rod,6
8302e75391ac36fb0bef074c16eba92d,Rod,0
834fa26c5923cdae192d6f9fdc07969e,Rod,6
83511910370cfeea3d8866623e971253,Rod,6
8371fcd50a9799ec3993ee7ec60e6677,,10
83973450532e92fa2b424372862be547,,6
83b2e11679db3173b810271abe9bec7d,Rod,11
83c0fd50ea03f854aeb47a62de8257c2,Rod,0
83c52404a725115fa5cce4967410cb0f,Rod,6
83c6265b0d40e533260dec59a5a349e6,Rod,3
83c8cb925b7f9b956e9ce37803b652cb,Rod,4
83d9c217a24d7c6b0007735af6cabead,Rod,6
83e053fb0a39ec4b9013c3cc6314e645,Cone,19
83e11bc66d9519fa635be44c698d1da7,Rod,0
841e09c27e2f3ca3b725efca0fe2862c,,2
8434bddf3ebcb989c09ef89238bddb5d,Rod,0
844a9fc9c56486414e6eae95e457410f,Rod,4
8451804bd1baf0611603b4c0410bd114,Rod,3
845e6bca1304870112f4b7f56e597b04,,10
84968055bac5ed757c7a3605213034c1,Rod,6
8499f876551ae3abfaf5efb30119eb82,Rod,3
84b62b965fd86663b3f725f6c5d0b4f2,,4
84e689a63255abc2f86f12fbfce3c6e8,Rod,0
84ef523e0a6fe329f6fd93df607085da,Rod,6
84fdcdfc628f2b8541ec6dd281e05b9e,BC,15
8553907180c47ae26fd17a2b8d98c1e5,Rod,4
856f32e55a39708cf1e96b76071a6f73,,6
8582fe397938e4cf3a1e3cb12a843b85,Rod,4
858b2e96def72a5f46c94ce53fd6b1de,,6
859ee2a121e29c02a543000e8507c2cf,Rod,0
85a22b5cdf06248c1e6101a567bbef77,,20
85cc8484f69f8333d0ac53de898cb86d,Rod,6
85edce5ba4af5d5197fb4e1d5a3ff9c5,Cone,10
85fc7e61a3a6474b637bd1545667e672,Rod,3
860b71e67b935dde96cc70310742c891,Rod,3
860c8b70e8785d4a6d9e6ea0d67d3b3a,BC,15
8647f6420681856b4d1a8bcb8ef3acec,Rod,3
8657ef5f07b042458ddce20cd72fae1f,,4
8659d35504711a3e5ebe14f6b2098896,Rod,6
866196513ee3d2add00e5fabc07f53d2,Rod,6
867e58892d7df936909d11bd03315d52,Rod,6
868cfda2a3112ff69e72efb2c8784bc3,Rod,3
86964dd97e5e192e725edddd2132223b,,20
86a50749871aefc91519c500e2da7d81,Rod,4
86a5666858885f5104aa7d345e6d27bb,Rod,0
86db24d8ede0985c8bd51c20643851ec,Rod,6
86f9521ccfde66b32eb312403d06efe2,Rod,0
87002c4933e0bca1583a5ca3a1712b3d,Rod,0
8737a73dfa4167fc9022abd57d9bfbfc,Rod,0
8754d6ca737ac4001a8be5c06680700a,BC,8
8758efb4241f195a03630e1c88048bbf,BC,8
87b8fc0b231396c68bb88e3e84671a32,Rod,6
87e3330ea7edae355366a36907f50d92,MG,13
87eba12ab43dec8ab61a913d38f7c270,MG,13
88197807c04bfbf9dd350b43898a3a51,,4
882cf6bba7dc3fc7c1395023528cc8b4,,1
8874c7a8cecc183f6e00061aaf9c5973,,14
8879c3b077f9e83686ebb3de158fc265,Rod,3
8887b671b9392d7b234ea5250e083779,,4
8897b1dad67fa322349d7d14848c8ed7,Rod,3
88df4347aeba9ecc369342c1d92c24b8,Rod,0
88e7080dd007658c4408f6a3363fd875,Rod,0
88f20f3ec7d37f49e582286c137d726c,BC,8
88f5b0b310f3ea21073b7343da8e88f4,Rod,4
8922aa43ef38def915a6c3c4848bc42d,Rod,4
8936137a57a798f6d2b722d205498f68,Rod,0
899a151f7090f69085043615e4460323,Rod,6
899db69931857449e6554c8f5358b167,Rod,11
89a186c28cc78bf2ae40a61adf408fd5,,3
89c91fc02c1e1d4a29955715748e5704,Cone,6
89d5b2be9dca4ac2b1c69df807e59e25,Rod,6
89fc05c29d2c150dbe1a4415e07a8fbd,,15
8a0bffcf01dc2918e903ffbb139e7d9a,Rod,6
8a107d7c5e7a3fc1fd4a783c80f56787,Rod,0
8a5033cee537f12cd25e8797c0f60536,Rod,0
8a5e45d714ef382d17e3d8c9ad504da3,BC,8
8a5febf1aa46a242a4d09757813a3db7,Rod,6
8a6723c9432742f216974011b6f5155a,Rod,0
8a77bec18a69afedd7602b4c79f7f443,Rod,4
8a7e1f561a3d167db0fb0f55668eef4a,Rod,4
8a9fcb00670dfdf5db92b5561fa19fe1,Rod,6
8aa2ea9759b948d3c5461e4ab40af4c6,,2
8ac50cf1e66956f585bfd58e5a195e60,Rod,3
8afd79e4e292b1957bb9c14fa10e64e5,Rod,4
8b1bb2d21f122b268f61add5ca0d4f85,Rod,0
8b21cdfa440e49bed9539fa96ef41da7,Rod,6
8b290e48ea50faadfa887714981b312d,Rod,0
8b46219000ced2e3c9a75571b7537c37,,6
8b7292f6710f77e2c17c16de0cd7645e,Rod,0
8b76293e434f4252148f227fadca8467,Rod,0
8b89aed32a58f158772813b64bd014cc,Rod,3
8b8b4d8835bc2313b5d7791a003d7a01,Rod,0
8b999fd02404e4428c7f5a1a63c4203a,,2
8baf11a98ffb0a51a1f2036873f52c2f,,0
8bc3a87b13a0d8d037643746d98e58ca,BC,8
8becd4bc70beeee200eed2c81ff8e600,BC,15
8bfccda44a0887342f84770244fbf742,Rod,0
8c2ad8d9524db9dcd96075a5ad0a59b0,Rod,6
8c3208a94402b89aa2acdce4435c77a3,BC,9
8c3386fbf6fe0f3c8169028e4e8874ca,,6
8c4e6d0f630af5f723139dbca75fbb57,Rod,6
8c93da5ed8bcc66cb1613f98585b120e,Rod,0
8ccb51fcd8d0acd68a5767e8e0c39543,Rod,4
8ccdd3fda3dc06ac7dfc97337e5884d7,BC,9
8cd0d6eb355fbd456173175556d3b993,Rod,4
8cd600718edba2cb6a31e7f8b43d1941,Rod,4
8cefc5f0efca49f8360724fd2b19f49e,Rod,4
8d6aa06a747af3a75a592601d5bd3795,Rod,0
8d7213710cf47bd77963b4e54cb7deb0,,7
8d7c52ee06ad632cd4813f8141bcab8b,Rod,3
8d89ec9065b17a4cde4069fb4210c6cb,Rod,6
8db76ed79e8c87fa81ce11f7be1de425,Rod,0
8de45e3cdc06a3ca74a82a8ebad58f55,Cone,10
8de86b4da2b311350a6f6e8af94293c6,Rod,6
8df967ac873e089ca8ca817d24098140,Rod,6
8e12d55577f575b8f72b5ae7c5bf2606,BC,14
8e308e0e762a214220bd27f073cf548c,Cone,10
8e4f7e23f4402b3a0576cf6b4e5141df,Rod,6
8e607e0dbeead098bbe1d5268c95874f,,6
8e8086a5b0a26cbabba653dc5a0c600f,Rod,6
8e899ccf4930a1ff0e4b3c595399ab96,Rod,0
8eb05dd24874bce03620422e9fb11c3b,Rod,4
8eb6b8d4504de638aaebb534dc16b30a,Rod,3
8edac1b27b0355d88b572193a684755f,Rod,4
8edc7d45c24955d997b116047874a729,Rod,3
8ee460cb9a33f3922022e4779b4a074a,BC,15
8ef3ef9caaa81f30bd9cd6f0f6b54c72,Rod,6
8f2afcf92f673732ba3e8f678678ee72,BC,15
8f321707e5343447ec263fd96871f0e1,Rod,0
8f5503e1238d298a89eaa044dbce0e08,MG,13
8f5e2a4c95c214cda8d2aedf86bfc4e6,,1
8f6ad5158bc5847ddacd3b65133044e7,MG,1
8f72ff8a53c5f71089740daf83d3cc8c,Rod,4
8f856aad541df18edfa9b898359e39b2,Rod,6
8fa9611b69059e08893e99f872b9aca6,Rod,0
8fe4e50a331231765b1c5d91b5b0e862,Rod,0
8ffed0fd0d255d192f4b39e3bf0cdf08,Rod,0
9001a4d2dd491e89b95d76571af97ffb,Rod,0
9019da74ecae29d5ea6a8bfb7a998c6f,Rod,0
901e10a5288ffdf37398ea054c8f9606,Rod,6
90380494a775e60fa13ded1d8deeaad9,Rod,3
90585ab7d0c5e22734144318b1de1661,Rod,4
9059c09bd805e3d33cbee5b60222961f,,3
908caa3f855b1cd0c9f8afa51ae38983,Rod,6
90adefe28130ea999cad6f5800b95bc9,Rod,6
90cc88d476ba2b41864f972b09c7d2e5,Rod,6
90dfab8d10ae7d7c77c4e19dafcb0fe9,Rod,0
90f0e288ab93aec9cbc926c82545bdcb,Cone,10
90f1e4c8d73af7537821b6a96a2b1db0,Rod,0
90f2906071e79a7fb76058ffac13e758,,14
90fa4a926a4f204935c427d4cb8862c8,Rod,4
9114ada1b324adf407603051df992326,Rod,11
911b2ca904f1c9e9fa2fcfafa738db3e,Rod,0
911dccc0e2be5ceefbef78040a2bf210,,3
911f04967146719873acdbd4ae9af96f,Rod,4
9120e914aa4460bc2c571c5e913201cc,Cone,6
915e992f0baa598690a7ad45d6a186d8,BC,8
916b349621928c9ad6ddaecb996040d9,Micro,21
917e20e5d5f8814c8c2def70beb5f5a7,Rod,3
917e96d61857d2c2a218b9f695f35bb0,BC,15
91ab42e195545138770b607e19f48d09,BC,8
91d6bc4a8b7904d2b270057ae3793ef8,Rod,4
91e16fd66c418a7a548f52941f2c0ff9,Rod,0
91f702a06660f198aa64c222830b1051,Rod,0
921857f71c73ad8335ddd5652baef515,Rod,11
9223e03c8d57bd34395b2132140edf9e,Rod,4
924b195f9221d883d8d6279544be3d25,,6
9285bad8210ebfe93cc19fe7531539de,Rod,6
929be9b58bbb399ea6e9f396969250e8,Rod,0
92c69de9f452f7134ade68648801810c,,2
92d11fa1df16b5e97b42b8809faf5b8f,Cone,10
92e6f21d8f56ed16838c5f13413715b6,Rod,3
92f7c0611f0f694f538d70bbaa1bfbe6,MG,13
9323dfde16cec6599913d98161cdcb22,,1
932ef8f673a7a204313aff8a2dda7452,Rod,0
93516ae5a9006a8bb9f18adc74064b88,,4
938bfb7607b1277c01172726f11a1bf0,Rod,19
9393383cc80cd22733501932e59a4d9e,,14
93d377926d6d5f3bef59c6779860c65f,Rod,3
93d9c0aa1781cd81cd495573c8d0b594,Rod,0
93dbd8b9716d1648769aea4bb1692b55,BC,8
93dfa6af556b10cf230889a435bf5ea8,,16
93f1ead22ae7d3c5d5f4722f086dda0d,Rod,3
942348489d72ba6e5530246843e2c219,Rod,4
94281867841c2d9e7a37ddcd216d6094,Cone,5
943c15a998073936bdc626df52961c5d,Rod,0
943db70b1cd21d682a4a3f66ac65b59d,BC,8
944a15fae4886bbf7ee0c4a396c83c58,Rod,6
947a354367139fe85c25a756265382db,Rod,4
9498a885019efc92f164c3a479630006,BC,15
949b5e816fdbdbddcde1cdc7b6880036,Rod,6
94a6a7cbc98fb7d8bbeac7d6a876f570,Rod,0
94cd47640bdccd743d1c4e40d5cb4cfa,BC,8
94d66a46746b3c6cae326d5a9e1c30da,Rod,0
94ee3ca33bd0ca568ff044cd58a0720e,Rod,0
9501a73d7728ddfee6dd6bfa3906d57e,Rod,6
95049a557a706faf8ae161734ac14ab1,Rod,6
953742c8ce57259ee8a9956fe25d2836,Cone,10
9552ccc7989b7cbe9a40a83bae37e837,BC,15
957a85c471d12db4fc4270f7fd981d71,Rod,6
95a77fc19a523f65ff4be83bd7f908e2,Rod,6
95c1719932aff371fb1569da1bfdc197,BC,9
95dc747fcab8566156250920faa1246d,Rod,4
95f964a3249a9b2c77aef8d3a7091873,Rod,6
9631449f69d2e8557ea6de41d18f47ca,,10
9664be3aada27598c00cade20708814d,,1
9680af7d448451f858cc0b66ba96d063,Rod,11
96896033e5c6d4794220e6e50c8160ea,,4
9691a2874853bf87e6e037d7ef6f9cf7,Rod,6
969357fdeff1dd13b3c8f3869992baca,AC,16
96ad086e66958eb234ea9c83ae5fa882,Micro,21
96cb979e1fb753880a3c4c7e1da24da7,,6
96f02b1d9289b0f9c7345a6eee3dc3e3,Rod,3
96fc7debaa6d8313d69111fbb37b8ecf,,1
9723f22fec594212883e42ab937ce83d,Rod,0
972d0d001568a722d807529edea91e69,Rod,6
972e863f74539410a37c2c4696874067,Rod,0
9741b4ca587244bd5225769fce6e53d4,Rod,19
97448df36b8276f96588154dfc2de5a3,,1
9771be8fc5d7da8d2f12df3146347f30,BC,18
9782560d4bc8533e3f1c514486cf8a3d,Rod,0
97bd3797a5cbd3725756139db7b85bf5,AC,16
97c9bac7b7555c040020b641c7832a5d,Rod,6
97cb4a0888cacdfa3020de8bea02a0c2,Rod,4
97e64e2398113bbb93c6750db79d042f,Micro,21
9832d0612e75e6f34667b55239d8ac17,Rod,3
98af21a9c237e5b4968e736a5956d892,Rod,6
98c037cec72754727b326687aa94cb60,Rod,4
98da47939dd39e1f21551ac12d342df0,BC,15
99193d605b2b2bfad3e24f7fd7be3763,MG,2
9938dd4af503cf3584b3d68aa20fa98f,AC,16
994f7c0bd98d816b247fa09546933d33,BC,15
99512a12fd0956675b9bcd16fdfa8fb6,,4
9960db7f749e1ecde562b7a365cb0cb1,Rod,4
99623a7b1711ec9797119402f49d908e,Rod,6
9963c24582a428f2a09f0bf9a4ef620f,Rod,4
99709617757b261fe799fff8deb52bdf,,14
9973c60e8853776b14d3390ce08724c6,Rod,3
99ae1462e7c38d5666ff9b8bf47ed35a,Rod,0
99c2922ca487d138ec016afee362803e,Rod,4
99ec7a5a6704ea99ae4b0417b41ace0a,Rod,4
99efccccc9d2cb8abb08de52e09a1870,Rod,6
99fc3f0d73251b49843509b59a8b92e9,,2
9a01d5ab97376c4229dcc4d9cb091120,Rod,0
9aa44f8fa97b30a15b9e8acf22b5a1e4,BC,9
9ac1627ae23253800e26cc0dab0a31b5,Rod,4
9ada18f15d051d1bf264be0a20b15eb4,Rod,11
9afc31082241b47397be551676550c1b,Rod,0
9b131ae667b7ef6debe48bf214c2231b,Rod,3
9b3e57976f5fa96d845713dd52c5746b,BC,15
9b60ea5679fe4b04e050299127636e40,Rod,6
9bc780eaf5e8b77bce94cd3aacc59d32,Rod,3
9bdc33ad265ff5f8967a45fa3f3cacc2,Rod,6
9bde0eb6df7b33b88c6b4e8837c5366b,Rod,0
9bef7526de02a39c3f635becd492cf47,BC,8
9bf0d38c7ecbbd8e0125fd52d562af72,,8
9c00f85af8552c103cb0281143bd865f,AC,16
9c2b6872a8b86892b3fb83f4468effa6,BC,8
9c753966b60e41d93f3d3f18b0407178,Rod,0
9c93db8c8bf85acc96cf8e34232979d4,,4
9caacba2c77497c78c5020bc99f246b1,AC,16
9cdf9c0611e8006b3d5128a88a6dc40d,Rod,6
9d23784bc411fbcab7f9ecc77ea1eb02,Rod,4
9d5a7ae1915c1cc378235a6093ad7274,Rod,0
9d6467abd195154630d5703f3b348e15,Rod,3
9d6a12ac86532f80492a4522b8fa4439,Rod,6
9d8e7fd32eaf0b5a30756fca0076549b,Rod,6
9d955fb239cc61417c6dc0832e2b7259,Rod,6
9dcaa63555d77ffd06c5eab2bbb76118,Cone,4
9dcd54c66ad1d4b461fca0bf55467a74,AC,16
9dd9b2295caa6394518c5ce27dc508ac,,6
9dec0766022c5139b16133c8708d8f78,BC,9
9df976d9d3e2bb2b12f167b5ecbdb524,Rod,6
9e0cb000c8f1b15923c505213fb7925e,Rod,4
9e11abf23becded09238f1971d9fe27f,,15
9e20876814840008917fff1a21250548,,10
9e317115d4b73cc4b18a4f3e7bb4e9b9,Rod,6
9e433deb642ea4d3f7ac161f448ff94c,BC,15
9e7a82b36eea32e7d6af829ab9403930,Rod,3
9e7e05077f1e1e64a5479fe5119281c2,Rod,11
9e98e1e851c9a66777c393c2d2310015,Micro,21
9e9de6404fb5f63126f3d52c2124b002,Rod,4
9ebb22a7c05406158a59c86d94abde26,BC,18
9ec90bab499901e3145b594e0a211f15,,4
9edc5b7a2ab0cbb6742a0fd50d02d6a3,,0
9ee4fbb2107172a08ab6d8970646b176,Cone,10
9f236d345e240d88ff090d664292332e,Rod,4
9f3ac0f9a0bb79cb835436fe53807aac,MG,13
9f3f1e04c680bb2b059f9f18fec96704,BC,8
9f5fa4e83b024127b1e6e6beec37e495,Rod,0
9f624dafad2102a3074fa7c79d197a49,Rod,0
9f6aa78071919ebe871d7cd929eed84d,,3
9fa1a98daaf1faa6e09974f3c77dca71,Rod,6
9fde9e11dc68444eac83166160e5871b,Rod,4
9fe2ff8ef00fe5c7757d989eb65e1722,Rod,6
a00f71d4bf02546031d440f920a25657,Rod,3
a026b17d321b8d5f6ff74a25d3ceba52,Rod,3
a027bdc534fb8dd52734a0f43125834f,Rod,0
a03380bb1ec3432e82205c2d4ded21c7,,14
a06491b16f6a63124f6e762c557114a7,Rod,3
a07d880d655771476940c7307576c422,,1
a07d95d3308549473cefb327ed7b9769,Rod,0
a0825a1327abcefb6a3a10c357fd476c,Rod,6
a08c506a6096d181c21ccefd96b7c43a,Rod,4
a0ce6c7c8bf6b779929639f10743093c,BC,15
a0df684d5d087cfcaef446e86a877528,BC,15
a0f039833553bfb52f6c542340586903,Rod,0
a0f5bcc5377cc4e3a3fa4ea133e03bab,BC,18
a0fd5a1428230a5728a4970597db9188,Rod,11
a111737ab617efd40d9783597561c153,Rod,6
a12d39dfa7b7308cfa7bcefbccfc342d,BC,18
a13e5387147cf22b158466cd4cde48ae,Cone,10
a15a4ca4411f7e8b7c620231b27f4fdb,Rod,0
a172b1b388f0ccf9fbeeaa1410b6895e,Rod,6
a188b539ccb0fdf12acda98e0ca6ed07,Rod,6
a1910ae17f021e42f0ae9c76d4c0566b,,7
a1b32ee260538cd0a0b3e6a3a89c5ac5,Rod,3
a1c38ea3168d6046cf7649013b8264ea,Rod,0
a1deef8c8df2ce749819100eb39c7bfb,Rod,0
a20320e20d487097f363c2f1f0e2924f,Rod,4
a22fd122ad1701dd457072fe005b5bb0,,4
a277f812a8ac357ed175150f65073eb3,MG,13
a2b828a05be65253d7ccdaa71f4e6382,Rod,6
a2bab4720dc325758ccf16330bf140e1,Rod,6
a2be0da06abe9b43036fded0371583ef,Rod,6
a2ee29aa169448112d4235a06c954d19,,15
a32673d1c42b0abdc0bde379556d9c61,Rod,0
a332170d50b80b513c24c1c740cfc777,Rod,3
a34d6b4859a7ca7c67dcaf810fbdbf68,Rod,4
a356a8518517ac2e56ae76dbc6b463de,,10
a39893b48dda309e992801833e1c66ee,Rod,6
a399b00eef9a3c81565c57845faf21f5,Rod,3
a3a386750cd15c4371f2f8a34e1995b8,Rod,6
a3c19569d7d269d077e6c0834d31c968,Rod,4
a3c2e1d80aa72c21752998b7180f8db2,,6
a3f8d6921af322e66700d3c68130a86d,Rod,4
a407e83af42e514e57506a77bb022048,Rod,11
a41201030a9bb681a65cb55e97bc48e1,Rod,6
a436708badd8abcefbf44818e0e753c1,,4
a46196a2def26eeecc4bc6f6b57ae621,Rod,0
a46de99d20aa83d06b2a4dc57f6a8d75,,6
a4946295c5f94cae44e806b951edac07,Rod,11
a4a2b43a83540e310b5ec1f0e66e3b58,Rod,6
a4aa42bbd2c38c0b622ec6c1c96c68a4,Cone,10
a4b2c06cc3ecfa969f37362b96c285bd,,16
a4b942b9b102d1e1a1098f2fbcd42dfc,Rod,0
a4dc0ad8b65a34ca728fb867b811f429,Rod,6
a4ecb71dadeaa5d163cc78b10b95a187,Rod,4
a4fb631e849f73af2e8b20f83398e797,Rod,6
a502808cc67675dcd115981fe7e678eb,Micro,21
a506cd5eddf493483ef13d9d4d2b0d16,Rod,4
a50cbb9d220d6aa3a6ca2d0c2b097d3b,BC,8
a52a4fdbe3d75f623ea37bb9a6e97190,,10
a5427d3e0224b37486bdc56682977b27,Rod,11
a54c86e1b821ed15bab991d2ef90dc9c,Rod,3
a5610e7046390750cfcef63f3f2fddd6,,0
a56d844273cbce162bef58aabf64003f,Rod,0
a5a7be49c3ff55e2e0e6bde05669b40f,,4
a5dc0f704de3dff460c238fea12ef711,BC,9
a5e8ba5849711e895a2caf445743a96a,,20
a5ed352493a36ad92b581d70024ddcaf,Rod,0
a5fe1dc55294fc16506e3c10e43c08d8,Rod,3
a6274a5ee31d81d206e5a0ca0a651612,,16
a62df526032a016a7a02cdb1c16ace98,,6
a65b664eeae5300df314edbdcffb3552,Rod,3
a67ba8fa5e71d4104dfef18449c5cf99,Rod,4
a6cae09e59d9facad902c8e98ebf7ba8,,6
a6dabc19c16f71eae53d7cd821a9429e,Rod,6
a6e392506909146760daeb83ccf6f36e,Rod,11
a74fe862c585f077077735ba9a7197c9,Rod,4
a75c61d7a18bd5ad3ec80a8e92078712,Rod,4
a75f919319907798349daa3966a2da37,MG,13
a76c94c5fc8d6f047baf0dc069fce7da,Rod,6
a789e0b49c8f9a794e5ea717b4c08fe1,MG,13
a7bbbbaace467ba0bea876a83cfba353,,3
a7cbf780027a079bceada57776e009c1,Rod,6
a7dfdd2496a98a09004e911dd0206cc1,Cone,10
a81baa2e3172460305a3b17db3d98bf0,Rod,6
a853c7f9d6c25b68f560dbf651f9d8fe,Rod,6
a86a5889a362b624db79a991db4676fa,Rod,6
a87c2db1625c6bcce18c6b6eb0f4d24f,Rod,0
a8a6d9c40c5bc3b838d10030ff275858,Rod,6
a8aed41b7f46da2bdee329b72dc667ec,Rod,3
a8d7190ad19752e2efc16882c7997a08,Rod,4
a8f08058c6a241674357e9f711add3ec,Rod,11
a922326566ddf718a731efd9e019527a,Rod,0
a96a7e206ae70ba7cbba93e6c5329e10,MG,13
a9904b8f252b3c668ffd40a9b32f3f35,,16
a9c060a6b5c0d013c5d71681134a9cc8,Rod,4
a9d38f5aaf504c4c4f5705d3241859c9,Rod,11
a9dbb620fb4f67864078bc1d8d3b5f9b,Rod,0
a9f6e38ca9879dae80492604bac0945f,Rod,0
a9f7de27637ff6ac579c6d89ef28d580,Cone,10
a9fbc3a4c49019ebfdfdccedb69399a8,,14
aa0f0e6d500c481d476011c446e3bbb6,Rod,4
aa239e4b2f1c62b4d6fb24c462f2d1f4,Rod,4
aa3f5816742fddca242dc9f18d7c6ebf,,1
aa60a71f049cb0735606038da8c90a0e,Rod,6
aa66aff2bead86e954741140f413c52b,Rod,6
aa75c5f0c402a327aec5846495013dfc,BC,18
aa77a75aa35ea3f1ece8053d16448319,BC,15
aa800112ded0be752b48f7f19ff19faa,Rod,4
aaafac073b378613569f85cbbb3c298c,MG,13
aacab8adc2cecafda09ff8d2c2337790,Rod,6
ab529a717137039f84907051bf9125c8,,4
ab804a3a937be686460f5207ee1a5041,Rod,3
ab8689eeb2af8e53faf98da394d1dd43,,0
ab951ff348cea34f72e6bb11732ae223,Rod,4
ab9660386a8a4fe22f809e95c1d5d62d,Rod,6
ab97a4faab02fe51809319cbbc3cfec2,,7
abc3939bbd4bb6fe3f64ceb1de3db456,,15
abcda3b2db93e2611d875877f5ce4614,Rod,3
abdf72c93d5c6f4ffcf36585b3ef7284,Rod,0
abe4b351e076867db38e029d1e5cd4ad,,10
abf7c1f2730bd68404dd2db26d93dd3f,BC,9
ac72fe0865064114e023814e394258c2,Rod,6
ac86a2d032d68496027ed43111bf7165,,1
aca8da52272af591e09afbb0e382ea5c,Rod,0
acc420139fc2ad98133f1e7950c8244f,,3
acc5d602e611f05ff26dc2f40d0f4b3f,Rod,6
acc60498ed79eb5a23ce847ed274155d,Rod,4
aceac545b4fc33bc58af360cdfc4572b,Rod,6
ad0cf1e86bc4451ac667ab0b80b26b5e,Rod,6
ad350922416b3504ad36e1144ea6a3c3,AC,16
ad523bdb9a50b5a2172e3f07379e419f,BC,8
ad5374cff1a2f9f1275d04424a6490fd,,6
ad7f2a768caf531e0591841b04e13fd8,Rod,6
ad9188208dd424824f6b558bdb7278a6,Rod,3
ad9806670ed3b683639cbe31853933e3,BC,8
addb76e90af458508e05b66711b383be,Rod,0
adf675a981a575f2c7e72775e6fcb77c,Rod,6
adfb91bbbad900385cefca7ac8786c4e,Rod,6
ae04b977cd01c7142f428e09879d18f6,Rod,6
ae6ed294241db309d242626c6be972ac,BC,9
ae74c1222f469eb538650a6cf1cda8aa,Rod,3
aea933ee77fdd3d95f9470df5a8a5112,Rod,4
aecf1f019440ea9d53428c72a1f60822,Rod,0
aefd702b2084d38a6090751b85ac41da,Rod,6
af0e38779c1510471aa57d1f5a4a3a62,Rod,6
af11c94d1fc33e5575ba803e75c84100,Rod,6
af132db843da28005444d069f032e374,Rod,0
af2cfff59eebd466b756f45f921f2e1f,Rod,0
af336f1353aec34033a604f1f557313e,Rod,6
af4dcf7bbaeb310abefa9b79feb0f588,,1
af5bab2b1290fd69062ec6e083f8748e,Rod,0
af89ba349e376991891daddccdef99c4,Rod,11
af931ced50a25c4c6f4860d3b6c1adfb,Rod,6
afa2fefd47abf43b4186ace28c9405f8,Rod,0
afb392228cb54b03d5dc282f3d9e7e1b,Rod,0
afcb7a39270f8def1ccbf88cddd88d2a,Rod,6
afd9ee8d7edc9641b4a6ee462248a486,Rod,3
afddb193c818d559dde9175ef3fef67e,Cone,10
afe73e72e6f66e9aa13b17271d719911,BC,8
b002ee37e261d66f6d57cbaf75fa771c,Rod,6
b00b10a99d062a07b33efec0c70d9f52,Rod,6
b00cb4b15a3fdb0cb03524ffd55f686d,AC,16
b034e72cb28d62dbe0d830b72071b6d1,BC,8
b0470ac8c9a4c0971c2eec748ef47cdb,Rod,0
b05a6d9215c506f03b1eda7dee655b78,,6
b0cc2fb2981ed22937d0dd5b71e3e670,,4
b0d55ba0179848bf5fe172f0591d2d10,Rod,6
b0db44cc88241fa7cbf741d75ce7e7b6,,2
b0ebf8a8832fd3957736ce9f350a596b,,2
b16553e3968f3c826f70738d819e1f4f,Cone,5
b1885b805375977128ea0dae8b75427c,Rod,3
b195947052e8d2cc095b258616e7ad4f,,2
b1ae35c45907a82e2310702716420853,Rod,4
b1eabfdff6b781760019405b3e3907aa,Rod,3
b1fc59aa54fe20b6dd0dbd1f5e2cdef1,,1
b21bd3d9c32e35d06b3bda02a502bf4b,,6
b2345ad11e1ba0a80cbfe7e07cf219e6,BC,9
b23805186798ad083cff8904329142d9,,2
b27107d38665b12762785e17f2c5879b,Rod,6
b27197cd0f2c5dee2c71d05fadac7f1a,Rod,0
b28763d93130097c3ddbef580eb09d6d,Rod,6
b29e4aec0766af7357ba248b59a0d416,,14
b2a842db16116df7a6d8eb87e44b2ba7,Rod,6
b2ceced639be2ce44a1810208597c6fb,BC,9
b2f548391e29ade013ad44994b69838c,Rod,6
b2f73d69be46523dfad06eca993b9fb5,Rod,6
b3243b4fd4e841136b48f9c80ebccd90,Rod,10
b348ea4ae8b50266420158ee13dcd58a,Rod,3
b3575f288b34bc1e3ad59bdbb8ce6bfc,Rod,6
b35ee3167d15782c256353f13fe60ff2,,6
b37e38b16ea55ed8aac35a3d36e66eb4,,9
b380e8d1a77780eeb5efa4f2ae77a505,MG,13
b38a3090cd3e800eeca190c08b8715af,Micro,21
b399b70535fead5d63eee81901fe734e,Rod,0
b3a4bd52f02ac7c8ccd4a700db247609,BC,15
b3c7735a3b1372b688518c5109ba54d2,MG,13
b3d5a9a1abe0590c2f8578ce8a6b9ced,Rod,0
b3e02b4982c6d00c8d70cb4c44b22e9b,Rod,4
b3e27bf86ea67ad403d96695871569f0,,14
b3ea6992af77365e322dd8138fb2080e,BC,18
b420c81b5fdf67418fc84be1957cce90,,17
b4507c28ed71899ad387bfabd9c37b51,BC,18
b479599821b142b879909694e8a853c7,Rod,0
b47b9fd552dabda9c8ea7b28128b5b91,,6
b48a1039bba6f9c293c0b77a14c8aca1,Rod,3
b4cad46ec9e36772bff27d9402888c9c,,6
b4d8a6024908724d9f1b2b42f2df40eb,Rod,0
b50156c84e9842763c6174b012963c4b,Rod,4
b515f8d946ccc61a4744832df0751094,,1
b51a45e7584fbfa31836fa532929b9a1,Rod,11
b5568c8da7ca6ceb15f3bb6590921402,Micro,3
b55826460173ce1c46185564e7f7fb84,Rod,11
b56bf98ea3b8cb9dafbc4a2d6e7f2b1c,Rod,3
b570b7426454cf8637fd381547709d65,BC,15
b5a55daf2605579cfa4e9b9ab7ac8c19,Micro,21
b5a813dac213c748095c92ec176730fd,Rod,0
b5aa7435b399fe606c6ff27f763cacc7,Rod,0
b5bee319cf7a70b27ed5b8eae5f47d03,Rod,0
b5c526ca127940363febaaed9a96a53b,Rod,14
b5cb555bc722570c94b33c4109fcebf5,Rod,4
b5ccc56e54a4da9adb3d6bc16662cccd,Cone,10
b5dd8fc157025ed698fc091a799b8b39,BC,8
b5efe621f67570436354654390e2a5b8,Rod,11
b603435187441e626106cb4e5ce20112,,4
b60e12627767d1876b393e395794cdf0,Rod,6
b61371ecf14af6467db07cf5a5e3a2d5,Rod,6
b6150343edeab29c23d696d5b79bdefd,Rod,4
b616acff5b4b255fdbe86d1b4e52a6ea,MG,13
b672f83948545e5ac11352e0c9f2c23f,Rod,4
b68c985a5944194028a4c8655d0725f1,,10
b68f36d50feae9c778c49de09071d1c9,BC,15
b6cb5a98f7c1c42c3c7b2bb9f38fdce7,Rod,4
b710ec9538747495d832a2aee098b057,,4
b712e1b04b1c5c17a9342e062b09cf3f,,4
b72fcdedaadb5dcd054d0b0a6bb5d908,Rod,15
b74a330ec777e8a69a9f536048c23440,Rod,6
b787cebb051ffa5318d2f07265d4aed8,BC,8
b7ffe31203571a10714f70a4c2bbfc21,,14
b8072d8200faa13229c22e5e847717f5,Rod,3
b84ceccd55c75b0a67564d44af59130c,Rod,3
b8515f1c82a909de622f639a0f76e96b,Rod,6
b8597a19505b1df9303c7f045d484e05,,2
b879e4b78e9493874203a73f8b28c14d,MG,13
b9075302c0462dc9032c3d5f15ab8471,Rod,0
b96e8db3a322a2588b55966225b181e8,,4
b970d420ea8f80ea0ac41871bb1913ab,,6
b9bf90689a3f2e15ca6319d601844002,BC,18
ba10725f6cdc78a6c008f3492133164f,Rod,3
ba23ade43d454fa1b27f84bb9ae075c8,BC,8
ba34aed61e5ad3cafe7907e0ec1e9719,,6
ba57385b83bd66f89fce8321faf5da8e,Rod,6
ba593bdad1ff5123d62f03a9366051fa,,10
ba705f453b5e35abbe69549798b89968,BC,8
ba8f9c60343ed2361e906f7cb6341b70,Rod,0
ba964096750f961be8955123cff11356,Rod,4
ba97997d05b26dd63ab83464ff35d59e,,2
bad93a8cee67f4a0530423c1df24b022,Rod,6
bafef196bc816d2583ebffe63567b2b9,,1
bb5fce632f9a56f9e1575ff662c553f3,,16
bb6bbe1518d40ce1cd938a0bd0d76da6,Rod,0
bb7c472a8d6f560e0dd1749e3a387682,Rod,0
bb7cd4c7fd906c2bc4f396f84b0dd30e,BC,15
bb9af0f9879ca66fc92643507a4f55ff,Rod,0
bbb8217c9cb104978073f1e3c11bd9e2,Rod,4
bbb8ebeebb77ff0fe6eb19b667c795e8,Cone,10
bbd326245659a7afb7ce99ea6dc02a80,Rod,6
bbd6965699092d909785973fea48582d,Rod,4
bbd8053b86b0a7c114162be810f58a60,BC,8
bbdde1993165654b3a5b7683073bf171,Rod,0
bbe637107f4e5e3962b3e27f31f566a8,Rod,4
bbe77cba419e9cb63b47e58cc4bd4882,Cone,10
bbf20b4cb60eb85f95bb12f95da4d72f,Rod,11
bbf93ad82cd5291b1464370420ef4c27,Cone,10
bc0eb13b5bbb2107c5e82df9224727b1,Rod,4
bc58c57e73a1d1ce6db74de215c5d95f,Cone,19
bc7fec441fe434507434578002357fe4,Rod,4
bcb4db4438c769542c3b60b01436db4f,Rod,4
bcc408bfb4835b61897807a4202e90ae,Rod,3
bcd1017545d93632e5e2af4ac473cbb9,Rod,4
bcdb4d1ecfb894de8374597bafdd640c,BC,18
bcff3c6a5f75b740c9d628bd2f8dd391,Rod,0
bcffc72c35436fe9743b27cd9b5313ed,Rod,6
bd151c51e54cb1e1de1524e852fb11bc,Rod,6
bd4cbbaafa851bf105848aaecd1a2526,Rod,6
bd85e29b929cdcef47e8f2143b5361d5,,1
bd99eb5751824f7ac0abbdfc956045f8,Rod,0
bda4af3f153d5c1c2fe869b725691df3,Rod,6
bdda356a23148584a442b57dc6131114,Rod,0
bde2d037884cda2dfb818d6b2cf7aa62,Rod,4
be24038a8964f964acb7e7c43a645be7,Rod,2
be2f47df811d7b37da601f95f59fafef,Rod,6
be2f4b64b92969d412e5e20613f6e2b3,,1
be9548c16cf5da152fc3ca13d7835745,Rod,4
be96fc856bcd766cdb3ef867a0049058,Rod,3
bea91d833782c7378920a83e2eecfa44,Rod,3
bec74e7cfea47c4b022b274882feab77,Rod,6
bee9aafd8e377dca1fd812e643074627,Rod,0
bf00af43ba9f63eb24b0b995a43fbdbc,RGC,20
bf15a215db028226703304729988b873,BC,8
bf4b81916762ad6afea1d42c82f805fd,,4
bf5204fc46f6d8ca1851f64f3cc1dd7f,,2
bf7c60b6abaedb997d6f157a0da108ad,,6
bf8b9a55f83d81da1fafbbfd4481d5db,,10
bf8eacf3b650d47604eb25760b4229f7,Rod,6
bf9c1ef52ec0ad9bf7d9a2dd7f5b9b4f,BC,9
bfaabe3f51d3c8db40682a7690569e9e,Rod,6
bfab3ff1a3083ac304172c576295de69,Rod,0
bfea51d88d39241c3d2f0ecfeef76df4,Rod,6
c05c80037010429bb6d4d4197a877214,Rod,0
c0bb581618daf86910640b7edec35472,Rod,0
c0c99d20650e0d8a9f46c970e9e05eb3,Rod,0
c0d80b10db9d984b0f4ad7bf20adea37,,14
c0da5821fe2569a40e30368328996c62,Rod,0
c0f4a416a923352c91fd67d305838ab4,,6
c1015b33b210783918c2d99488cecc0f,Rod,6
c13f5620e6be075f205726dba1b0e3f5,Rod,6
c18bf1634b58fe0f4f27e0d5771c728a,BC,15
c18c01fcca2138ca436596085575c983,,7
c18ddc2ba0cccecefc33ea5fd8066d3a,Rod,4
c1e6be89c6bf019d966048052debcad4,,6
c1eaa2eb2219eaa17b7bb97bd9af5e19,Rod,4
c20b9b33ced0a67618cd4bbb3e22a9c8,Rod,6
c23bd44267dd8f5720345bd936dd07ba,,0
c2665639f42c5efb159a2ee920bd433f,Rod,6
c27d040e5e35ebac6b83e37c8c052d55,BC,8
c27e3bcac5a8cf379efffef0fe2d8065,BC,8
c2aae3ebeaba1724881b4ec6b24579a8,,1
c2b7a0719a5bb0c526416b673383da57,,21
c2bdf6647c5b7545bd0bf0b11fd6b2bc,,14
c2cc3f84cc267d8a4530c4ce773f25b8,Rod,0
c2cd2983950fdcc6db1626103b6983b5,,6
c311e6da8e1a84145da813bfa1a682ae,,14
c34764b2944563394ef91a45e46ed296,Rod,3
c36522284bc60cab6fa97c85e88ac762,Cone,10
c36cdd6bcdbfac1cacb746e16e3854f9,Rod,6
c36f2bc7b004b4b7a86b1b2eceb1c814,,6
c3a81b44f4381a53e12bc737b5de3179,BC,8
c3e00cf267a073ca8f1cd05fe1b05b10,Rod,6
c40b96eba538ad64e500a7bf399a4637,Rod,11
c45a84bb544132d6e6e12080a18b8334,Rod,6
c46728b5046119320b2251345caffda5,Rod,3
c483807f3be76b77c934b4916be4a177,Rod,4
c48743342f40b7fc6eb05e1c5891acdb,BC,18
c4a87d5e869ac3c2e927b874a1cd0d27,Rod,4
c4b3af58b8f24e924af8a3c86257e78a,Rod,6
c4e22c044aa7f822290f98c53c15d2ec,Rod,4
c4f137aac3c2229cb529c953ec2b160c,Rod,6
c4f46fbe0bc573cb6b49487d8682a405,,6
c4fbc4f317058131c34ee625ef9dc456,Rod,4
c5381c1447543f5dda8e8011d0baec4a,BC,9
c53f0d3391b52837a515f37e1c982b87,Rod,0
c59e43f00df3963230d82200882521b4,Rod,4
c5b7b0c53599074a436624b62ebb696f,Rod,6
c5d4445ba55be9a58c8d2025ec62cbb1,Rod,3
c5d4a8b4947c345800efa8bfeff8513a,MG,13
c60bb35c3060bfbdf496c31e1d05a943,Rod,6
c61b778c7ff12e0c74f9d38cbf34af33,Rod,6
c61ea3c0fb968e07d7bb985d3fab073d,,4
c635dcf960f61e37fb987290687a2450,Rod,0
c64576f660b5bc7c36d1b5e3c315255e,Rod,6
c64e3c8074ac9701050d0ee3f5aad8d4,Rod,0
c66ce65efe392f4368fb4658f8063111,MG,13
c69527387e6d401106e0b9710083ff46,Rod,6
c69c07463b8d4352b9cf951a4b9a5971,,14
c6c35ff533d1f235731367f91c8b8cfd,Rod,4
c6ca484fcddc049cb5db9e9040e67b82,Rod,4
c6cce944191aa30a6f472a3b05205b7e,Rod,6
c70591000e2b18c31bcdacb94b4bdd6b,Rod,6
c70a18a80d81066cf656ae658ac46d7b,BC,8
c7136a9e7c5ade9572bb259cd6589739,Rod,6
c7217acdfbe095724f00efcfdc176a91,Rod,4
c72adf5657122e166245a0d8ae95f8b9,,1
c734a4bb3960bd84ede19a4ae506576f,Rod,4
c7408ed8ef526d1721a50d8aa26775f7,,16
c7674ce84c1703d4f3a1a02e37bd6d1a,Rod,0
c792a4c7cb40aee808ff2106333c3719,Rod,3
c7a6d5f2fbb0f4932e80f9db0f33ac05,Rod,6
c7aa36e45d99f0275986613e40152e61,Rod,0
c7c69919aa9f0a6674c1e72c6744eada,Rod,6
c7cd5c0915913ecde73b0a84a2c8d4f4,Rod,4
c7e7eeb203b6e63ecdabdaa03460605a,Rod,0
c8094832a19baa34ee94937a81d4bbaa,Rod,6
c80c10c21ea8b99453b5d0b6cac3dbf2,Rod,4
c8148d05ef7f0b19ce80e7b064440e14,,14
c821f624be0b255f8c5c8bcc1a28c1f7,Rod,4
c8313f7d2a55b1f4c823ec2434a2bd3d,Rod,4
c83da968fa38098d72d5e2eb1d306b09,AC,16
c8430410023acd2b90137d98389710bf,Rod,0
c8752bb61a874f597aef3374728f6e09,Rod,8
c889dc6ae96fb9678a9144dac945f1af,,3
c88a342489f088d607275325ab40beba,BC,9
c88c33ba5ac5c70c2a175f0e743c2b81,BC,15
c895e36065a0ee63961d396eb76d1c75,BC,9
c89a8f5a403f949315a9d19cfe207849,Rod,6
c8c49521d972a4ed7fa079b09f91bf54,Rod,4
c8e81d2a3f7ab6c1e848bdf630164ca3,Rod,4
c8ec095a6cd911bd1ef5630cfe74ac6f,Rod,4
c903f033dcb7bbba7cd29e903d0db559,Rod,6
c90684932e92b71d8f0f277262fd36c9,Rod,4
c92966ff97e3579cacf93a93bc76a7cc,BC,15
c947463a77924060ef406ef644bbd078,Rod,6
c982cbc336e0a9b5176f42636f05d251,Rod,11
c9ce153822cb7999356d1bcf13cb0a9f,BC,15
c9ebfde1cc2c16aa634394488b3cc569,Rod,4
c9f056d4167987ffc74f4cc43090489e,Rod,3
c9fbd31d9e8beca7caf21887bc87a2a5,Rod,6
ca21f6af728a2cc3ab219c16bc13b1fd,,2
ca41150fb8853158d16c1a88f46f3dec,Rod,6
ca5a6d20e002d9d5df6e4d6a716ad0d8,Rod,0
ca8ad5d20400cc29bf52573c0647339d,Rod,4
cab7cdebfaab0aed044412470c808e51,Rod,6
cac8f046a1f9d7299650813f618631d2,AC,16
cad56ac14562fc621af813637f559b0c,Rod,6
cb07ec990ee086262fe46c6dc17dbecd,Rod,0
cb493f3c1df6509a31b34b911dbda49c,Rod,4
cb58dea0c2709431d345cf7e5c3fb37b,,4
cbbb1362e7d80178872d7f1bae591046,BC,18
cbbf0236671b43e6bcf92befb633819c,Rod,0
cbc99957278591cb247d1a7f05fc7ec4,Rod,6
cbeae25df26bcd975f7c750a93c13787,BC,8
cc08b65831774efa6784f820dfc9a1f2,BC,15
cc0cf25a533aa6e01d2563a71493e86a,Rod,3
cc132b130096db1e9742f2e134d527c3,Rod,6
cc35bbeb803b9da7307b37bd3420372d,,14
cc59879fd593d58a8194077a2c6f10e6,Rod,6
cc66012a281731d03af58331ac52d0b2,,4
cc7a27c51a8ba39d495568396a71daf7,Rod,0
cc7de73e469eb02dc85efd19de16a6a0,Rod,4
cc8eb4dbb2553e3d9a84f941aa92d7fc,Rod,11
cccb0d4e392b90285ee169878b961705,,6
ccec6fd0feb49764051d576349c94172,Rod,6
cd39da0a04fa2161b9f595e3ec4faf9c,BC,9
cd3e63d8e1bf0783bd9aa86014a40666,,6
cd4d8b4578bfc4aa863713fa8d9ecad2,BC,15
cd4fbc18205a6fd6e0942fcce88932ee,Rod,0
cd70b9647283fa4715943f5e755501e4,Rod,4
cd74d5e9b2ea33125f0665f1507a22d4,Rod,4
cdb867b0a7b58d6e26e863c34422456e,Cone,10
cdfb4c17c902ff11365f8471e5020933,Rod,3
ce079b4fd8221265ae75d191df09acdf,BC,9
ce146ce43d080d765ef87484d8f12e28,,20
ce1cb243a1d554924933d06bb3035a2f,Rod,0
ce349015b09074e18520aef493ca44fc,Rod,4
ce37bcaab2ff8fe30ba28b725145aa9b,,3
ce54980c301c71e798f1e648752edb6c,,3
ce5e8ee502739a7866f373fa2267a609,Rod,4
ce62be898c4266a174ae595c26ddabee,,16
ce7208cd880535506025bd73ab96305e,Rod,4
ce90c4511c9afecbba9392148f25c408,Rod,4
ce97c2f460af55ee969b7f66562fb0d4,Cone,10
ce9dfbea7a5c74145272e90827d3b565,Rod,4
cea00668953494b0654fbf2fc9236a21,BC,15
cea50ffc14a2d3fbd269561d5db50d24,Rod,6
cea8c5d7a7c27e2e7d119d2a896bd807,Rod,4
cf13d7ac6b92b746a6f0c96307777fe8,Rod,6
cf214f46eba1295ca12369a19e74d6a3,Rod,0
cf2988e70bf805127862f3468299c153,BC,8
cf5acf995c1be4bff5603178d33323ae,Rod,6
cf5d9005597eea8fa551d82bbe9bcfc2,Rod,6
cf827387407bd08cae813fd269690e5f,Rod,11
cf8e48501bc0d892d4090551a0e72fee,,1
cfb542ae2452b16de416b55b03993d9e,Rod,4
cfccb82fcc643a399b25c54daeaabcb7,,6
cff44629193248e664be7b6331215bd2,Rod,6
d046b131fea910f0a397ad48af73df1c,,6
d054effc39fe70bdd32017c7ef29d271,BC,15
d06634a2aa81f7c87a0d8ec2d42bc6ba,Rod,6
d080d3d5e49877b48e08d1ce67115625,BC,15
d08a0cadcbbe58ad3a1b48cb8267183d,Rod,6
d09aa012c1dda776e601122dd23748fa,Rod,0
d0a1981954d476e2bd04ce5c358f29c2,Rod,0
d0b5622541de9719c03618ef38ce3f50,Rod,0
d0b7e73af861c61a83421b25c33fd8e1,BC,8
d0d292744a649d852deaea71b1c70f04,Rod,4
d100c8708662577163c2e684ac858ad8,,6
d149028bb1856bbb36f9a9595caf5360,,4
d14d22c42ab01939aba9a71a2a08ff0a,Cone,10
d1ab8920abdecafa5a404e03f9d8f4ec,Rod,0
d1dc309a22e05d421aba7c50591176a5,Rod,6
d1de8ce6e2204574fc4c0a8c2e93e2a2,,9
d1e56725ee19b4487b517fae60db1303,Rod,4
d20d38e4980d5585498f27a696607715,Rod,6
d23db9fe7e3feff83d67a3bbba16640f,Rod,6
d25148daf825bc13cc15e19dbe718ac2,,3
d253978d2bd0b308ed0c9a9b0fba285c,BC,18
d261f727ba152462d1c0acdb54c8a88a,,6
d28ab840d964fc9df86141d44e94c711,BC,8
d28d2ceb717c292ac1ab7209b9bd2a53,Rod,6
d2d509df970f5c220d7f46d1bc20ead8,MG,13
d30362863624463a56994509473f20b8,Rod,11
d31bca098317aca83fdb794dfa906eff,Rod,6
d335fbc72d285b920fcf664efeedfd61,Rod,6
d336c7e3ae3e4793ea7ed74842db6ecd,Rod,0
d3395f693246726af6b2879cd2a0be60,MG,14
d37ebc2030657745a5ff0fd490a439e0,Rod,3
d39961bd27678d6810b6bcefb88cdc24,BC,15
d3997195e97970229a92ef19cc3e7159,MG,13
d3bc6029b467c6def9db886ff1aa2adb,Rod,4
d3e2748f0d20f50510d0f2a50717e840,Rod,4
d3e68cea85ef644834ca2ec60f585110,Rod,6
d4012bb2612cb38110ec17dfc82059f1,Rod,6
d401e95ab13cd8c1783c60f8b663f22b,Rod,6
d44112c838b5ba9ec598c8741f282a0a,MG,13
d4a78297f712abd7c983043e63ea2697,,4
d4c9e98c89713de132c164418b0d85d7,Rod,6
d4e3b4c7b5f4f1ff7b48c0dee0a291e6,BC,15
d4ef6d8ef26557de7b65c91d8b7f15ee,Rod,4
d51bbcd0fae20841840f4ba0ba0a2a02,,2
d5336a187c04c48b1078330051bc2feb,,14
d53a05e961ccfdf6dff340e0679344a1,Rod,0
d540d5ae5ed1226e6bfe797dc526b077,Rod,6
d54bf34754b004d3a0455a4deb5a2d42,Rod,6
d560be6a2a5902d37eaa88b2e1cbf33f,BC,8
d56e5645f71c0e17652ebaf84851f9b4,,2
d58699dc49150e26fe0c99af66f85409,Rod,6
d5944031f85389ac6ffae33831800b3d,Rod,6
d5948ed1e88de54dd17d9c2a899522fc,Rod,6
d5a25b5cd37932fb0a86f920ecb3aef6,Rod,3
d5a2ee88d705017c5ef5b3d5effa1fd3,,6
d5a6500ac85ce5895408ac2d197dbb59,MG,13
d5acd3316856dd122803dd5ab5f206f5,Rod,6
d604396c5a43cfe9efa11072244101bf,Rod,0
d625148de262981a2dc20cd4aecc35d1,BC,9
d651afc66d96f9453624ddc481eaacef,Rod,6
d661c116679148464e815ad7845b5f41,,11
d66e7a51a46eabea83c698b7951448f8,Cone,10
d6789eb33d72cad5ddf4059b9e8e3454,Rod,0
d67c6defabaf73b82742e15443e7b517,Rod,0
d68996e664e13dd042dfe930185dadcf,Rod,4
d6ba509aff30860fb4b0af3bb8f0bf32,,0
d6c60ae3e5b3e2728a8dc5c49de0fd26,Rod,0
d7371d8196ed2a3c7897e768642a866f,,10
d74518536f8d8868b56cccf9c0243495,Rod,3
d74a067f879f36db058bf4d1502a317c,BC,8
d763d8735d364e471a066cdd7699bd4e,MG,13
d769cfdef50846f2f218b26aea941202,Rod,6
d78e90ec057d116d862b01aaafe8048a,,1
d7d915decce2671ac12a0b0b1ee2a9b6,BC,9
d7e8de3cd2960f33b9701d744d50de4c,Rod,4
d802da9cf3b5915dc40c66f08eb6fe34,,6
d816ccb9498823b6972f7e13dead30d1,AC,16
d85a453899bcd632b320541e80c6ca26,Rod,0
d8b4aca5457f1d61db08395c58a09978,Rod,6
d8b6867e9ac336a72cea7ca80d106949,Rod,4
d8cdba347e62d56e975ed28bbb628360,Rod,6
d8ef7b03152b491f4acff66960299f55,Rod,11
d926f14252a6f38bf2dc87113512cd10,BC,15
d92fcab131d1f411497f51df5a3bcf77,BC,8
d93a85cc6cd9c949b2134e043ecec4bd,Rod,6
d9441deb6754fdbe35a92960b89340e7,Rod,6
d971367dc22563d63698022e3ca5d58d,Rod,0
d9b854fbce32eecbf402ba0f04f166b7,,7
d9cd2c670865f3b09220b9ef0db45727,Rod,6
da04465762bc75622998d92301b31f3d,Rod,6
da157a7c80ff2e9a459ea5d7cf5c66d6,Rod,6
da209d19ddb702c04b2cccd66f62ccf2,Rod,4
da430594cecc7f831dde08e80c047e4e,Rod,0
da5c9ebfb6669f0800d5aea9a79d6ea3,Rod,4
daa37f0eee401aa5225e136ce6578c1f,Rod,6
dab0b8438a0ca3f706255641422d5142,Rod,4
dabe1fac6348cd5ca9158c3f95ae5a54,,1
daddd63730fa69e307d724a7e1be95bc,Rod,0
db0779a3c920b9e99228d9ed47c80e0c,Rod,4
db22ee426edad7cbaaa57416a15449e5,Rod,3
db2b0586d8ce40753438bf7738cd1688,Rod,6
db2ce0f48f424831e22e86d4a8ea0c83,,6
db3af107e6def31b1781a9760f7697ac,,1
db3cff0a292e6a655b2663e25150f4d5,,1
db5f417a42b43a32d34ede4e8d75ba4d,BC,8
db6c0d3bec880568de71cf1e3469b69f,,6
db70d2d211e387363f1e36b2c2056748,,14
dba65c96ac906e4573a166e22c2c87ae,BC,8
dbbc3e77e587265caa27cc58b4f3e49f,BC,15
dbc0b63b4a870c5a406ea616dd652ac2,Rod,6
dbe0371555347994eeb0be5f1de49ab9,,2
dbf77b6b69e555203d0da796a47bb02d,Rod,4
dbfc5f6d1554bf811c3481b2e1044a4e,Rod,6
dc4362895e7aeb2b40ccd9c4c00c56b9,Rod,4
dc4d66c1bea12fa79885aa11b753e40c,Rod,6
dc4f7b25878cd96ab464b6a870f764cb,MG,13
dc8e32e883bddd7da9cdcbc2c87519fe,,4
dc90c67c7f0bb4e158c1714c5d327354,Rod,6
dca8761b4a414050bb7103f2cdba0522,,10
dcb0ab914cf0e5d096d38ff52e74f456,Rod,6
dcb88abbedca664399298a2b4d5465b3,BC,8
dcd70acd16f9f7254ca61a50fac50a52,BC,8
dcd7d3bf8cf21c9aca2c08fc3b4d30ca,Rod,0
dcf45302a1d0b722875a7f50b9da4278,,16
dd0507bd63c5aa74ab9ffa3728017022,,19
dd13b890abf1a19aaf4b660f87b63d09,,14
dd39fd6f39b66069772239e93bb94a4a,Rod,6
dd4ec8d0d69c895ea90327c3c61c9cd8,BC,15
dd65dc12f7d3fa090d098b7299fda4e1,,1
dd91c2b703b072500c2f1b5427b5849b,Rod,3
ddac2e3d1d72f73677f84ba74db32ad2,Rod,3
dded144dce7d398853339ede41cea903,Rod,0
ddf84c84c981bb319f73a5f18eafc490,,2
de42f2ce8e11c638dacdd671f1281ad4,BC,9
de4f8f5aa1e1a2c264ed586035867e27,Rod,6
de5d89912f7a2f4a26e2388bcb30437c,Rod,6
de78cb54e4ebdf3991ba41be96e30665,,14
de8de56c07c933135e32d6991996c29f,Rod,4
de8fd3996a8c4d8cfe124b662479a8f1,Rod,6
de91ee40eb880891e41795ee0eb7fb42,,1
de949403ea443e1d8ec093fa0b28b8cf,,6
de9b4e301165e6b3da648b9b29a755a4,,1
decbb0cfd0568a988a7a9560c5bbe7fd,,6
df04189cf13c35172db7eec316985f6f,Rod,6
df09a85a2de8cd4cdeb577829e3828bd,Rod,4
df188daf2ff4ba5499cce2002fc36c8d,Rod,6
df2a2794a62845e128d1cd64b90fc6b8,Rod,11
df57a52ba40709db98bc22c09faf43fd,Rod,0
df71744901747c9333214871c13ab85f,,10
df8ba8591fb63622bec2e2736347a049,Rod,11
dfa5e596be3f7bba8786c70bb73ab495,Rod,6
dfb1557ac0080dc86c9165c2216ae79c,Rod,6
dfb76c8e2e7ab090415c3d7e10c701a0,RGC,17
dfdbca7f0f07021211c3216878b8c810,Rod,6
dfed86f077448180e299d3385d395045,Rod,4
e012bf7ff60dc12e4000899435ea08fd,Rod,3
e016031db9cf4d8e205e73a6021d38b0,Rod,3
e0681c732c37f3f3ec91bbf21c5b5e2f,,6
e06d03d59a62ad48b0a07651a673743e,Rod,6
e087f872c2a4ec6e826e1c25e891aa39,Rod,4
e0c5a0e5ce7feade3341f2d996ad2fec,BC,15
e186f8e2f23239ecf8feff10e2c66dae,,6
e18adaf0a40755d9571062a6a5eeadb7,Rod,0
e1b03a7a49e61cd145a7769decf5259c,BC,8
e1d25f9ec18eab4953c3e8bb0bb7b208,Rod,6
e1e0e9594b445b8a3d2cac2e40742270,,1
e1e4e73aa045f47c50facab57824c6ac,,1
e206ba9d68b55d6587ec621614a63bd9,Rod,11
e230b91608073d16fa6136ce28f19051,,1
e25bbd929385657a3baee872e35c0d15,Rod,4
e2a85fd5877f2d4cf63571a03a7ed22f,,14
e2bcb971185422008db19b9e740898e0,Rod,3
e2c03c4c08ec90448457fe3c3548ab1f,,1
e2c6362987a755c19889eb57ed907db2,Rod,6
e30c5279c48f5e9e38c2e40935b9b57d,Rod,6
e30d213df8d58f2ace16ae203357e439,,4
e349d5f14c78a5ea4a4453c7969877ec,Rod,6
e34b44e8852f911e5d75fdbb1a5eb5bd,AC,16
e3a185e8ba2feceb229389366cdd22a4,Rod,4
e3a87ab8708813eaee2203d8ad783934,,3
e3b445179dda833591bd79c151392699,,6
e3c69ae2c816d98891351b95c8425329,Rod,6
e3db419fab88b55f317ca685530422e1,Rod,6
e3ff387020834bf81c4d087a76668dc8,Rod,6
e437d5b9a04faa6a0496576bc02668af,Rod,11
e4b49166e7879e05af7ffbff40e3ffba,BC,8
e50b1b605a70ddb5e2307f3e80d8bd38,Rod,6
e58535e4caa501c2eb561196ce05cfe0,MG,13
e58f4a83f7b43afb2c1099858a86527e,Rod,6
e596f5af70131e9f3e9df8c2d0391e80,Rod,6
e5c2caeb505c64fa905a045d734d8fb0,Rod,6
e5e68ea8de6862b7616469671778e899,Rod,0
e5fe0ff8aa32fec17054d30b8b3eebdb,,14
e61910ebe64e00983c7b5d03e7a38ab7,Rod,3
e6330fd6a81464e4e07f3fd2dc77cfc2,Rod,6
e63462311738ee8026e791de348f90a5,Rod,4
e63cffce8e4abb9176ceb82db03d44da,MG,13
e6434a755ca57f06dfe267ce46995a1a,,16
e6442e64091b24dba9b1ebdc5646782c,,6
e65fda236cbb8fbdc76b28d61e7889df,Rod,0
e662b3f8f93cc1088b12c890a8cc7171,Rod,0
e66714481a7deb32bce6647312119b20,Rod,4
e6b42d7da0ce66d66e2be0ed75f2b180,,6
e6e1f23cd4c2c0ef89ef9b03677b7e87,Rod,6
e71bd16799406a9aedff622fe50c772e,Rod,6
e7271b5d839e65423947b77f02fd8265,Rod,0
e7277d099e3b7563c798d33ebd45d276,Rod,0
e738fdf6a34edc5b09eae1ea8a60292d,Rod,11
e73d63bd7e13d8231acd275669073448,BC,15
e741b43fe8837fd0dfa92ed6631b197e,Rod,0
e758627ee65aeb210682d3953882a39b,BC,9
e7a25a629f9fce54ae8b379dc0745600,BC,15
e7a869d7844fba2fd359d5d4281a9271,,4
e7aa4a9fd451600cad2a7065a750a5be,,10
e8032a43bf48b122dda9aacfc618f3fc,Rod,6
e81866f63e5480872e9d2d1d28ec3e6d,BC,18
e81b1dc9e3b5b684415d68d4a59a0852,,1
e8299dcee32fb607607aeac461046603,,6
e836e23fa686cf001c657d810d0d7b98,Rod,0
e83a6224f1c5ec92b83a9ed7215ead43,Rod,11
e8512e4e25e182adb0e7d56820665755,,3
e858248dc69d895d8993c857feedb873,BC,18
e87ef4d234c2afa7a94f618a3adcb7a3,Rod,6
e8c95707f0ff96c59150e861bf96c22c,Rod,6
e9665358a11a418af06b4f17a5c95b99,Rod,4
e9685f2dcbb270bdbcd61b45d015cf41,,4
e97f7fae5c59e15a9ba1c245290724f3,Rod,3
e984b45dca8493914fe1f5033097bbb6,Rod,0
e99a9b4e5cd0f50667be4e4da7efcc79,Rod,4
e99c5c9c39b06584d4768267bd0d30e3,,3
e9bab8dceff9dd8dc8dddba87edf5256,Rod,3
e9c75a31f958de43c4ca2cad2f6f2af7,Rod,0
e9c965f2d9b42297ed1c0e50d7ed32bb,Rod,0
ea01274099e45919d3529f585da08334,Rod,3
ea018d797a7a1c212d1238b1db235ce7,Rod,6
ea10e85e50a92292c73a0a0fac7d7886,,14
ea1274c9bf2488b3c597d3f8393d0c3d,Rod,4
ea3addd9e018e4a8aecdae76954050cd,Rod,0
ea4f8b3b18727a097aead115a98dd0ff,Rod,6
ea63fecd041f2001be1857419281fcfc,,5
ea76b64c1109c20172c14a6b2339422f,Rod,3
ea7d5cdb7221fbe6ddfb1f35674d5048,,6
ea8ae69e6a8abab68906df3fa4ccc8f1,Rod,4
ea9520a675b1482b762968a004f89aae,Rod,11
eaa5ec270d228a9033f1208b12327655,BC,9
eab40a744fd7d62bc9b372f30960cc3e,Cone,11
eb08648f843758027fae0b9991b5b596,,6
eb11ee7b406744af323e7f41e0c658d4,Rod,6
eb123398282929b09a126f73f865bd99,Rod,6
eb208af6c181618f849c2ea779aa580a,AC,16
eb22b0a670a1c41e2a7cf95d7dd9be66,Rod,2
eb2fdaa1927794fa31425347b116fe28,Rod,6
eb2ffa4d425e76ce1a75240d0f285e60,BC,15
eb3c0240081d41903e1e5ff21d643c6b,BC,15
eb4e5d78bc786c09a4147673a8d65b3c,Rod,6
eb578127bc5d247c8f899749311bc46e,Rod,6
eb5fac6fd14eb86578235169d5dfcdee,Rod,6
eb8ed4f412b00416239a7c9a977d31e2,Rod,0
ebb2c852eca583261b90d172618ed10c,Rod,4
ebe4dda1bf8451ae4acc8d744591fb2f,Rod,6
ebf0d71c1f7749dde9ece61a5d21845b,Rod,0
ec157dcbf13ddb7bd819550fe52e5fd1,Rod,3
ec3df34d5f70e33f385df69597bef649,Rod,6
ec83c5d5f9ced771795c536702681dc8,Rod,6
ec91651a7d25338455769139e6b5a5ec,Rod,4
ecaedd231f041de5488a5345677b57f9,,16
ecb54fa26401495cb553d845f82262f1,,4
ecef69edf685ee959b155fb868533f49,,1
ed29af76cd7edb453e084712c6e48bcd,BC,15
ed4837d38da8d92ab7436d7b8cbe5ae3,Rod,6
ed5d3ab1b24bc80baa1cc433459f9665,Rod,6
ed69106ffc10688ea8c1f3b455a44dfb,Rod,4
ed77ef29249539320f65517a528fd9ec,Rod,6
ed972e81d553304f89ba44bd23a8d64f,Rod,0
edbb36f45794b174c71bb0178caec3f0,,10
edc06b437148961631437b027b2dee4f,Rod,6
ede2cdbbdcdb7c0eb0537f91d11a06ed,Rod,6
ee055373638b5f61625d0c6f324552d5,Cone,10
ee20c56c89550a598562d4853de55765,Rod,0
ee282b6ef1fb77cb417a098cff44269f,Rod,3
ee2b6c369cb1db944d1c9defbf9d8f2f,Rod,0
ee3babbdce6cc6222d492b07c04919da,Rod,4
ee9bd1d60c68032af687eabdfc02bcc9,Rod,4
eeb43f107d6d097eb9c02de0b928bdf4,Rod,4
eecb18c4ad5f8863c534bb21200cb52c,BC,8
eedc82cd08d3a934415ee0dc08a73c79,,6
ef036eeb3f71498fe41d6369bad4be01,Rod,4
ef503dd512bf72f0c3b627afab577b8f,BC,18
ef691f52c821ed9cff39e2eeba4732ca,,1
ef80649a23065b540c0947678309b4cf,Rod,3
ef8d097c95c0fd492dd5b0ffa8f8d52c,Rod,4
efce74e4f64d9d7cafff75bebcabe6cc,RGC,4
efe123ac7755371470fdb479c5cf8b4e,BC,8
efe82b08bc46f96181fd7181f85d3fc6,Rod,6
f0035daf27bfc227b131256c9cee970a,Rod,3
f008caf3edd686880ea6bccf72a0e34b,Rod,0
f0233da1532852ffd5020a91d2309abd,Rod,3
f037b96012e3d9fdddfd04c5ac52bb66,Cone,10
f03aa3710ab283aecc235f9ee17c8254,,6
f0734a3791bf1dc4af40187c5a2e2ef2,Rod,4
f09d55033c5a570e98de4c98bb98a0e3,Rod,6
f0bd9fb24cb17aa6e7e234f27bc1cc51,Rod,4
f0c7786f6976d12404e0ea319d2185d6,BC,8
f0daad7022adb34981cd567690c27452,Rod,4
f10680b0a256f10f7c1531d284b447d0,,14
f11cb18607ba47908655f68029b793b9,Rod,14
f11db22aeacef64f8222b50f771a679b,Rod,6
f13f9843646d5e29a8e74bbefb497cca,Rod,0
f14e6e0ec77039f13d8b24421ad15ef2,Rod,6
f154546be597640240d523c95a896321,,2
f173ad270ccf5df9d32d3b6ebb0e33c3,Rod,6
f195b1397c44c97257aa6e82717b056c,Rod,6
f1a08667de11443233ac0f4dcc23b79b,Rod,0
f1d1e806cca55032763963b951f792bb,,1
f1e7ea5a9bf1891d67375519bd04b6b0,Rod,0
f1ebf0a53bbd61eb1f36a7a3d8801885,Rod,4
f1f2eef46bbccaeb2ae3e4949a725991,Rod,6
f226b16514388c26a632d2adfe055639,BC,9
f2272b0b0592d984ea8764c3abc05a74,Rod,6
f22e6202f8487ba66518c06f026800d3,Rod,6
f2362f331f64bd431c0b02fc65b2db00,Rod,6
f29bbb073c4dd6f78e7cb00201295b8c,Rod,0
f2a681fbf652229a8714e40307392aab,,10
f2b83ec6754e01cbbc4dbe49fabd98b2,,14
f2c4f281b6bc35d58f6ded0f9948f108,Rod,6
f2cbe01c821b64e6ccbdba8418e83a76,,20
f2e2946e09f7c4441892a588ef5a109b,,2
f2f39a099eb30b456beb67337a5bafc4,MG,11
f2f68bf1e75cca22e614f39a72a215ed,,4
f3158996bfb6340dddad0a08a44383af,Rod,4
f33d9684488fd43e70b15e548e3aca47,Micro,21
f34d7592ec7550528310a0c1f43ffa84,,4
f36fb9a78c04ef9f643f1385ecb6f8ba,Rod,6
f373a577551f41b274da7d4bf9d74d18,Rod,6
f37da069c10de6e8651f8683061bb537,Cone,10
f3ba2bc14e8950d80507d50b048eb0ad,Rod,4
f3c22ec165f0b8d2fb2f3d5371cd5f10,Rod,0
f3d409ee72375cac0647c844c9437c42,BC,9
f3f344ce4c8e3eaed70743fd271d4237,Rod,0
f3f4e6ebf6fa5a6f5ba400fb5a6be789,Rod,6
f4135df6bb8bd333fd625d3a19b8ca31,Rod,0
f4197d06ba8b2d2daf8dffaead172f49,,4
f439ec04ed4076bb0824469490e3f2dd,,6
f43c03f42b8a24b81793190ab796f553,Rod,14
f443b6726fc6fe675d3f7fcc7d3ca109,MG,13
f4677c00b3a86f52d2abacc308c66947,Rod,6
f4abdaa46c26e68cce8a2db143286181,Rod,4
f4f589c83d21d9097010528ec4ef6504,Rod,6
f4fa2d7688730663e53c735572db9800,,5
f5092458a7ebd1f1371df871d10892a7,MG,13
f51bfc46db4c959be2cb3772f1db6aba,Rod,0
f52f5c3bb1ac4978c736041684d52c19,Rod,4
f5788672578510f96c090140db211a5f,,15
f5819ae750e169b52ccfde7f06880692,Rod,6
f59004902119977c7308abda3aa82c81,,4
f5f67ead560669acc2be3515ac0dd99b,Rod,4
f5fe5e928d190edf5e6aaead3f93e065,Rod,6
f62e3795bcb28f94e4bacd937a1ba7f0,Rod,0
f65b3411cd617178cf42401eb4205bb1,Rod,6
f6682e497eb609eeca363a6d4bfeb136,Rod,4
f688a2adb50af21ea47dc6d86c3d7e4f,Rod,4
f68d4636d6f388ac255951b62224e578,Rod,0
f691dc41d346746b9b00fefebd6596ff,Rod,0
f6ac2d32a55022e95843cd54b73b5ae0,Rod,6
f6b053eeb3ee045d4da428cc90453d74,Rod,6
f6dc97dcf98c983177617c74b552abea,Rod,6
f6e8e17480384727282fbd4a5710555c,MG,13
f6eff69dfa30e8a04e6a84dc9b463457,Rod,6
f70e3f6341ac27b9a7fe16d3abc63768,Rod,6
f715f900c30ad70a3e478672c0c6c721,Rod,0
f724ecc500b947977f52a8ecd94061af,AC,16
f72f78f16c340286283fd147858d8c91,Rod,0
f748deea04f7bcc889661893f435c158,Rod,6
f756074f130a000c470bdf22e9799749,Rod,4
f766dcd9ae9d6d47bb3c621a9a58a092,Rod,0
f7676a8b0030664f8bd01caf40248cb8,Rod,11
f773f7307c7d4fd2f7f046e26717018e,Rod,4
f7878116586cf4b19e639a8cb23e7bb3,Cone,10
f78c924e02cca87e083745f98dc85c45,MG,13
f78fa5d38b451dad1a60e4b843021ef8,Rod,10
f7bd81b9a30f766ce9d1a7eaa2b501b0,,16
f7bd875c38d0bfb8803d0b0c0dce0067,,4
f7ee5abfa1012376934db89e290ed83b,BC,15
f7f80a8e3bfcb20bd02d53f7ff1ce5e7,Micro,21
f81520c80830c1cb71e3c2bc2af4ddd0,Rod,0
f816f95a688ab48e7694268b5aaa8360,Rod,0
f83c9565e6552bc15ab48355296700c2,Rod,6
f87958e544f3ba06c3bdb330ce90820f,BC,8
f87a7058c61e13741ae15320e79b2f85,BC,18
f8b47359840bf62637ff421b833977e4,Rod,6
f8cf7810d69c6febede6e27ee3553aa2,Rod,6
f8dc0af2148cb7c16fe3072e7fe359af,BC,8
f8e6f3fb4b247e5e5067fc4e4e0b8ad1,Rod,3
f8e7789a1915b3808e79479d80b303f3,,1
f8f6b708a26bcd9fb99686104de1ec74,Rod,6
f912c59e4ae0516d58fdfc9380d12d4a,BC,18
f91e2dd8d33a6616468fa2931088a867,Rod,6
f945087ed81606c1e522a7892c938755,Rod,0
f95bfa2b9ebccae3aae885ed0fc12486,,6
f95f5bb6f313ef3a2f3b6268cc56bd73,Rod,11
f991a26eb07d1e76142143d75790b9f5,,6
f9c6b8bb37e9530a8f60012a8e40bc85,RGC,4
f9de4e984df36f9f7d4a6600e7a3d194,,6
f9e3367aee64dea945778ff05704c004,Rod,0
f9f181b57eee0456e2a495f214e2fde0,MG,2
f9fdcbbcc7b4e518dde6aea226c5b0af,AC,16
fa02bec3c955c6e18cdc69784c09413b,Rod,0
fa14bd34bd075fd2bfd9c4a66f6438d6,Rod,6
fa2550dc38d8bcc0fb6447f428daca9e,,6
fa2f1d763d26fffe99763e9dc83ecaae,,12
fa41ad67b4b1e8a966d84542c1bcab16,Cone,4
fa42dbb85a7c2d137d6bd441ca4359b5,Rod,0
fa50d6cc544680f583aa2667649e9f68,Rod,6
fa64f9de5b1d93d94168dec3501cbb59,Rod,0
fa6b8654f390570a673c0cdfece98c46,MG,13
fa7d54a13e518896ebfdbc9d9f739314,,14
fa92e7195ca62a7c9451c54c6aeae478,Cone,10
fa981a310ef4fb4cbabed0c5d9574565,MG,13
faa2e68ead397bff6ac996ada6516c08,Rod,10
faad134160bc4986cc7b8f52d7028d2d,,6
fab62e7c971363bfbf7b23e91c63b0a9,BC,9
fac2b42c15204ce236a7f25309225a79,BC,9
facab252596779d8fb5c4b0089d83e52,Rod,6
fad13e0e6068e21258e46b1a6099126f,Rod,6
fad17f66aa5b23285812068f4d4f33d6,Rod,3
fae8476bf3575288343063dc17582ab5,Rod,19
fb180f561c29ac07180d9886e9b8ee79,Rod,3
fb2714ed15b6c443fae69959eeef3a6e,Rod,3
fb346a322f73dd7c7897d550c5c13316,,2
fb3476029a5306cbe012ec863b64885a,Rod,4
fb800d9d4507bf807205dd8da020dacf,Micro,21
fba0956bc3df4f0d8f62f5b826d599be,MG,13
fbcf0984c8d235becd0a4f5f024ed8b0,AC,16
fc1a5a491cb6124d9a03cebeb47d6326,Rod,0
fc1d52526f27c729b031d771cbc0adf5,Rod,4
fc22828230a217e1693498da081384b7,Rod,0
fc26b1ed8cf596e0ee3bb7f932c0052e,Rod,6
fc38d119644bb285b9fa02e1cfda8430,,2
fc46d4cd8f243fbb5692dfffb97b84d2,Rod,0
fc6af646469b88d265a00b1adbd31f47,Rod,3
fc7ddf0e1e850d1c26a098ca77933992,BC,15
fc832a652fe49befd1789b8eb0d16302,Rod,0
fc8905ff72baa2e302c29789f39300e8,Rod,4
fca1aea599da6de4470aafebd87c5dfe,BC,18
fcbae0b7a9b2d99d98c66f3e8b84396a,Rod,4
fcc66034adfef81923c1daf0fcb1a972,Rod,6
fcdad8dd3242fe96ee4c2afbeb82fd7f,,6
fd022dd200c2345101e3582d1de2f020,Rod,0
fd08bee92d007a6418563f4da4e7b6ab,Rod,6
fd0dff375d376465cd7ea9b54024446b,Rod,0
fd12aebfb8c7b245b542076c0f784bbc,Rod,6
fd29e6d1a76d72a7d0d53ce57bc6c9a6,,15
fd37196ae37106a998ab4856fde728bc,Rod,6
fdca59ce9b80131375eba566dac47118,BC,15
fe00e622ea09ffc2d6a15bc6fe89f680,Rod,6
fe187a54de4a1aa54a708a84ca755fc1,,6
fe235d64ef540ed4908765e7682397a9,Rod,4
fe3fd45418c29584b8c645ecfac92fa4,BC,15
fe4aadefc6789a56ee22a86da5ea6450,Cone,10
fe83ec611a0eb061355fdbd639e16ee9,Rod,4
feab957c7d37a740b8beada2d4912736,Cone,10
fec4096d9b122cd2937313369e7a6fb4,Rod,6
fecfffd4c495c5b5d4d21de794d51def,AC,16
feea2b778a4374505357ef84def48bc5,Rod,0
ff089c90e61cf64b90908bf0345ec3b0,Rod,4
ff0c32202ce0f84031582ef41fd8f224,Rod,4
ff5a24446f8f233d347e4e762d96cabd,Rod,0
ff72d7b848ec40efbe6b9b40268ac86e,Rod,6
ff786ec92215e1a9480dced1e86e1b5f,,14
ff9a7af7a75c95448301e02a43cea8e0,Rod,3
ffccb4c8135889f2300e0c042856c45b,Rod,6
ffe3502c0102d15977179e0efd256ea1,Rod,6
00246c7d2b366f3ad638a9c6e7ce9fa4,Rod,6
003a51ab8bf72856a7c8f09961f45b84,Cone,10
00586b737e5993b8760e7d92a692c4ca,Rod,0
008c93530f0cacafcd0d6b778419673c,Rod,6
0098f7d89a988a8f88edbcc3f23f9501,MG,13
00abb769011b6d7f40d5377dfe3bdc4e,Rod,0
00c32ebbd781d8a0f2409bb751e65283,Rod,0
0112919d261d7f882cbda41a056d8482,Rod,6
0132d94cfb096be6d2bcaa0f140f3c81,Rod,4
015272b6d919583fcc1ed2da3e5f8c86,,1
0158a9115c3f30753078dc7aa6257219,Rod,3
0161d3bef37188ce166b7bb9035e66ff,Rod,6
0174bb0f4ce213e065b610a2fbbb1bb0,Rod,3
01891497b10b0ae18ac11755ab8fca88,Rod,6
018cac884099c21f65aa96924f003aec,,6
019bd54b4ccdd5892b034b423b7d6936,,6
01abb3158ca954a785067791d7b94b43,BC,15
01b076ac94b2e2b78fc4bd3f99c5005d,Rod,0
01b21df256520acb9e0133a7a0472ece,Rod,0
01caa825613cf2fb23ade532eb13563e,,3
01d65b1f9e0a72eb81e294fb05cb9ce6,Rod,6
020fb258a13f5290541d53f8df300dcd,,11
021bdef17978513fdb6721589229ccad,Rod,0
0220ddc016c127ecf476aced09184c2b,,6
0230dc8eb50140183f4026debe48d7d2,Rod,6
0247ed9085892c342b748a5e8f970540,Rod,4
025c2423ff479a247b88dfa0ac059f27,Rod,6
0296a3e20e81aba8420f0f90257964a5,Rod,4
02abf15a41e8517f5c473059b5e3ff58,Rod,4
02df3e001fad46278371a1620f09bfaf,,6
02fd26bb24c15a2bcd592cb221f0052f,Rod,6
0307c8d0bba64eb00ba36bd30652aa7e,Rod,4
0318c586d304fe1d08791d74433ce875,Rod,6
034ebf76e3ddd0521069ea3196ec626a,Rod,4
03bbc0055b69d32344ef7e8a611b0f44,Rod,0
03bccfd1b5df5c327dfe36ec10942dd6,Rod,11
03c0a0eb043c1f207c82c65cab311e43,MG,13
03ea94ec97f234898502c489808821ec,Rod,6
040bbb10b5ef9f4c5680f0d04cd0518f,BC,9
042f5ed72ab7b986f2c1d2866a1384cb,Rod,4
0445f1fd304f4e3b0f29a0397b5d46ed,Rod,6
0449409691964ff4757e134a44446361,Rod,6
0459e75584fc98ef09e0c60f3e59a62b,BC,9
04670aec18da76f0ad998524955e9df3,,9
047872bf4f364221082fa660c43f1564,Rod,6
049104534760f405b4df6624fa0926cc,,4
04b35e006f0a12c392a21cece9ed81c5,,14
04c1466b5b2e343e6efebae34a1c2904,Rod,0
050a9592ef690aab944c4056f240dd6f,,3
050d942f389973dc081b2c54f5d9b7a2,Rod,0
052d406f4ae50ec66ed767fc21d69b5d,Rod,0
052d4248dd282e2afc000866e3e70353,Rod,3
056f439050da853e2f3065460ade854f,Rod,6
057e9ca1cea9871b3f7942539e370c22,Rod,4
0582c3214d016d4b0031b618b84d8c86,AC,16
05b0d6d04540bc08864b76cb872b9dd9,Rod,6
05b611f4a15af52129bbda23e732eeac,,1
05b8334f22b6267e59896d72df9cb37f,Rod,6
05e6fadac84d25dd5e06908a93684712,Rod,6
0617d3889ad96228c614d41936c2ee15,,1
061ca28c18bb4a70a7fc0612c213b13a,Cone,10
063283facad4dee1951e9697be4b40cd,Rod,0
0692139baeb0cafe6cfd4665c9d9fcfa,Rod,4
069c1aa26c0845f85087541f1096676d,,6
06dd7d7739002b7476ef795ae3902324,Rod,6
070d9f34a4490ccc14ba3c3e28dd1f9d,Rod,6
070f2d1d9e28fea9e8092e05d4513970,,6
07115b507d749d8ec09f752f0702487a,Rod,6
0760cd44c8f417f1b8cc2afee1739223,Rod,4
079ad03fedc29d3f9c21b89166a11098,Rod,6
07ae265ecbdccd8136eee2ea7c91209f,BC,15
07b04afcc231c4b6aa0a1875ffb20e53,Rod,0
07c741171d0cc593e7b7f6758b29001d,Rod,11
07db5527e5dcbe6016a3060c0bdd6b92,,3
07eeeecbb4d3da0d55740c11a7985286,Rod,3
07f09a52dd8aaa59e451219c8ef9e36a,,14
080418772a3d0913232a106cb672d941,Rod,6
081aba8fe033359605b162509a40666b,Rod,4
08211f82ed96b712c0e5b7f13bac0df1,,10
0826edabab049804f1b092c0949bcba8,,0
083730eac4493409a6aa5863d1d8439a,Rod,4
084cfab0c8620d160d02e61812988384,Cone,10
0857be3db8c0c45ee742da451d26e1ca,Rod,14
0860354973e5027c0e84d380755bc916,Rod,4
086a441c40232ad23bf5eaa14f9c78e0,Rod,4
08d204e07fbcb7ecb0c6327e199f720d,Rod,4
08d7280739d569c2863f7cd80de9a53f,Rod,6
08e058f99feacd70a6b5971402bdbdf0,,1
08f64f2a5bdb037345fd095e3b8c8da1,Rod,0
09023739543194806dc66ffcb68074a1,Rod,4
0937e952724b0afc853b5be8c18ed549,BC,15
09765b9f02971dc1eed7389e7c716e8f,Rod,11
09a791f16f186cb4524873dfa102da1d,Rod,6
09a8ebae777a772ae6e9dcd1e0aedf19,Rod,0
09b2886a48b3e24533a262276f9e556b,BC,9
09b8b53972d87891d50a11ec39b32155,Rod,11
0a15d2bd5524391fad273219d0f52399,,20
0a50b106ee2f8027e2e7303d260792e0,Rod,0
0a6e882cfaf09d7f39236ea152b4ec87,Rod,0
0a6e998fbad4ff0f5fc16af89a158f63,Rod,4
0a7f3f4849c0c43c7eebfd3b1c531a8f,Rod,11
0a89fa84ae970e4481894528ba6c04a5,Rod,0
0a9c091d34d37e8622bb26c39204421a,Rod,6
0aa2cd4b6b11155796a61bfbfe59c569,,3
0ab0d6c2dc143166d90d3812accd20a3,Rod,0
0ab717f09ba0550e6850ed472b411307,Rod,6
0ade77208688b0df9102010e34c390a5,Rod,3
0aff654070bc85536b6375ecadbca4dd,Rod,6
0b05731b5d1c901648c5a41a80a2db25,Rod,4
0b07d7d771213013d0a67bed4c4ea724,Rod,6
0b1ac74a93025f7c3788b5681303185a,Cone,10
0b2001ce44d08badd744748dc05815d1,BC,15
0b2db854c58ede27fb768958d3f87f66,Rod,0
0b484bf00d8b6ae494d3347dc1ab1dcc,Cone,10
0b569f3935f6d10094ce9d06625192ed,Rod,11
0b8a4526bd9dc04f5b0fa8243e9c07ad,Rod,6
0bb7d0c7b1dbd42951d7b14e9cd2aef8,Cone,10
0bf2a0778a1276d2d2901bbf7a6a8d1d,Rod,6
0c065f9610722a86ccc3f9faee33e676,Rod,3
0c174966677220a499aa4b42f456968f,Rod,4
0c211553cbf6da66a0180da3d05df79d,,0
0c8417b67a46235fe747905275ee8fd4,Rod,6
0c859a4ca468585e12308d337bd62e8c,Rod,0
0c899b70c0628b64a990dd726830d279,Rod,3
0ca6440de406a8a8548fec66d37de468,Rod,6
0cb6ecb4b528d494b1db56a4f49a290b,,14
0cc711acff858439a3f8917886528a41,Rod,4
0d1b20d5f018ab54fc15bb8bf4efe81c,MG,1
0d209380b7bc74686ba90c721f803252,Rod,11
0d2bc872ddab2e636953098906c82e1d,,4
0d6610e1f20828cf5dffa9be67898082,,4
0d71a781bb4b42c053606f7c719ee0dc,Rod,6
0d8708e567bae51e5099c7d622e9c3de,Rod,4
0ddb662f2baec51fd777d2e2a9afc31b,Rod,0
0de85c69fca73d1489b8eb71e9124184,Rod,0
0e00aadbe939de9846c7b098f31b6e39,Rod,11
0e14db7b54d4aa37e6eea6c2333dee0d,Rod,0
0e183c6461574df8734702fbe7ea93cd,Rod,6
0e2b5ba9f4da9006b57a61db653f3281,,6
0e2e4055a3a8dac3397ab5efa9ae0d72,,16
0e37a38294ad0682e5bfb625b6fbf41e,,6
0e5ad89b2e4eeae42c53788dbcb674c2,,0
0e69564c12409c9dca883f4cb2fa645c,BC,15
0e6a433fc406cc63b1aecfa4d18ffc16,Rod,4
0e9343bc14b773ee317630ce35805a56,Cone,10
0ea47a86c0d581de58cebd115e13fe84,Rod,6
0ebc0c543ad125bb335824d814f2a1b0,Rod,11
0ec1257fcce523cc1d895e3127889217,,6
0efaa7081fce61b5400931b59f1dea51,,6
0f1535cf08a6fba9d884bd9df4686534,Rod,6
0f26d752d9c8ac41698b165fa5860279,BC,9
0f2c2e29416a1d077163a1ae20a57a8c,Rod,4
0f2cd17fa13241fc9111f84f9b5d4b13,MG,1
0f39b583b3d13ee1bb3538916caad769,Rod,6
0f3bb568ef6efca0c10fd565b64c52fb,Rod,0
0f68b59938deb6d706c279ff21d8154c,BC,15
0fa3699502fedcaf52051d265cfceb54,Rod,6
0fb41b45562f0fb19b412d475399670e,Rod,6
0fc1106a41a361d6fb1837f619f7f2e8,MG,13
0fd6aaf2816466cd119560005fbd08af,Rod,0
0feae5a010d40910b58ed586f3d46b44,Rod,6
10092de4b5fb12937b0dd142a82b3f8d,,4
101ae620b8571154c918a94ae9da1f9b,Rod,0
1025cb4ccd89360013ececf662637100,Rod,6
1033b8312cb29b7188a7fa36f790d7f4,,4
10763027ee17bf30ba4dc8bd4a3277cf,Rod,0
10802cf2959548750f39be53a6f0318f,Rod,3
10a5c36c6026a0f2d79d77b5993bd586,Rod,4
10b3ca9f3c20e4c0c4a9602c894e4723,Rod,6
10d2ede08cb62e06061e1273dd9ebdbf,,10
10d50f2f6c00b093cab8d4694601c32d,,14
10de850b4f89ee46dd2bcc0e203a3c76,,2
11072e35e656a4fbfac83160afddce91,,14
11273c2b208cf6edceaa279743777b62,Rod,6
114c9895c4031b1ed0bfc9a48dd1a977,Rod,6
1180f7ff6ed0d2a2556097dd82d82a89,BC,15
118281fd0398bff00c6c83b0c4e49b6c,AC,16
11a63f82e75d4ab065c75d7198543aa8,,6
11b3c17ae8fa8e7b7866850874db0a8c,,1
11cfabc9e814fb2d1025cd7cdac021e6,Rod,4
11d4f3442fcee1a25a19df40cd1b15bc,Rod,6
11dc069e7d375138cb47e6da695fc714,BC,8
11f092a444318c2e62549e4e48f7482f,Rod,0
11fbbfe6391f6688b2822651e6973c27,MG,13
1229955bdf2ff39c7acf77de41783b08,,6
1263bcca950f77cae518b73f3a34099f,,15
126e6f7b239a944aea5b7ff7599ea45e,,4
12acc8e35bf0da0ed3d37b38e53dd726,,6
12af52df9e397465cf54ea81639a7b0c,Rod,4
12c742dfb20ec1a480a9b7827539161f,Rod,0
12f9ec6fb266c06eef00afc89a29ec6d,Rod,0
1304728aa19cb982cc5cb3d3eb8e501b,Rod,6
1339b02064fcf7281b503a91b0a2fa18,,14
135c8bf28e3f3dda82a40384c1be0216,Rod,3
136e94e634da3c13b5bdde076916d489,Rod,4
138f9f34283623393d82a6cda9b8f1db,,6
13d2e0e9976c4809f8bb7b5c31e1fa18,Rod,3
13ea6ffd02449e50a17fcb271d918d44,,6
13f58ac42f10c4d665b36320fda6610e,Rod,6
1416d56ecfdf17d08a1d1cf920136866,Rod,6
142415631468104dc8c33b4cbe6c3ac9,Rod,4
14aae62f4b1f0576e5b7d551e96b5b97,,3
14d95e50900a2d5979db1263e669c3e5,Rod,4
14e9aef48266194b861d1027d4cc8645,Rod,6
152af8c9dbefb0591d4b526b4187c674,Rod,6
15790748dff30096d71e08f75e558edc,Rod,6
158125df166779ea6e12057bd1cc3d30,,8
158ea0db77f6c4843223ca581d45a648,AC,16
1594d3de56c4f9fa9f94da53a4898dc7,Rod,6
15980eb508946f47aff7fc361e6ff138,BC,15
15a11669a43911dbfed8dbe86f2f62a4,Cone,10
15d47089a7d57e6260c99802f2b06307,Rod,0
161bc3b852713e734fe114075d594781,,0
162c19490ec4f8ee3f109946d1430bb1,BC,8
1660c4c38b6fedfbcaac8b7bcea14cca,Rod,4
167478fa0e40c76826dddcdae27affec,Rod,6
16817401a98adac37e2365d61fb69c74,Rod,11
169f75e679f7feca6623735ef57e73eb,Rod,6
16c1b43b05ac973e09671b5dfa6f569f,Rod,6
16c6e9d1006f28391522b91e8e8ebfb4,Rod,4
16d2f1ea1e69edaae940b2671ec75c77,Rod,6
16f8152308cfaf2d55ec1515fe59bbdc,Rod,6
171de9f2a22cdc98b1010c2ac200c0dd,Rod,0
1724d82770a08c45be7709d411ba9d73,MG,13
172b74bc11c91699495d9076cb2635b0,MG,13
1738324bfe9098b74eeb504ba3d59290,BC,9
174d8c03cdb16255ece9b107bcea66e6,Cone,10
17559342ea477b44c07419d45d3ae95f,Rod,14
176065851be567faf967e311548a084a,Rod,6
17f0ab39a68122bd5a1c6b080ad67105,Rod,3
17fbaaa11d233bc35a9649db22fd387b,Rod,4
17ff56ae5e587c5eaffcfe6d7e69682b,Rod,0
180f9d2e714fdc8e654c7da96b08250d,BC,15
1835b0919d1235771d49a944358d09bb,Micro,21
18678059d8e58ca219bb947547cf8ca9,Rod,6
1873d09e4138f0460f2ebd530e17d110,,6
187a555949f99745fc604305edb70163,,14
188f11af9371ce5693ff73957b22f5db,Rod,11
189a21e1414941897c972c9c052fc27e,Rod,0
18b5192d6340eb0ffbc8e7fb86143da8,,6
18b58df8194c7ea9e31b871f0d31dccd,Rod,6
18cd831e5a64479085138d04b3b574a5,Rod,3
18f61e67be7200a6c93de298c51a3690,Rod,4
194c6c3ca4dd9a81643f588fdc684e82,Rod,6
195fe0b9b15338470697b9aaba0d1b37,Rod,6
197ed6790023b3cc1767515c0255bef6,Rod,0
198a25b0d2efdcd8f1821d2deecb9202,,9
1996390851d787da564fb748b4da199b,Rod,3
19a099b2875f1c74289e33b85840df9b,Rod,0
19a2ce881945752ec872323e30787097,Rod,6
19d0fbd4dd1ff5435882ce7667de12e5,BC,8
19e360f0756b18370eae449c83fd1fea,Rod,3
19f64419ac7184afaf0b9c0b48f4ef7f,Rod,11
1a2929398d01ea7a572cd9fbe723e218,Cone,5
1a84b9220a807aef56131928d4d7b227,,7
1abaa6a74b0a0d800d86a21e1339cc36,Rod,3
1acb0aa7c1635623510e8de311d3d905,,1
1af0666e22d8f28b48ac5c0cd4735d69,BC,15
1af670d2afcffc2c1d2c5dc1e76030c2,Rod,6
1afe42ff0a9a46e86acdbdcfef6574e1,BC,9
1b0120cd86ed008e24c541bd4825d2f6,Rod,6
1b07839f0aabeeb8f870a25bd72671b8,Rod,11
1b10fb171b3c263795a74d6e715be556,Cone,10
1b1fb55d08d62ab196199c32fa4a474c,Rod,4
1b2c9423b08e0eb9c3709754e52043ef,Rod,4
1b4663602a8fdc7a358d59d95575c9f8,Rod,0
1b5c222fbe4c3165d8ef15afaed85680,Cone,19
1b5d72a44e0e28a91033070eed90326a,Rod,4
1b6a289bfb9a746707f2370d59baa4ba,Cone,10
1b83b2b256f804a0960a39c1d1b9db4e,Rod,0
1bbafbfe852902465461d94d1680d4e0,Rod,6
1be6ce8a0cc7cdfc2ec3cabb0721dc6a,BC,9
1bed7b272eff3f92bfdc521f3a4483be,Rod,6
1bf01b5435ed8e020c8af1143b90d7f7,Rod,0
1c035755aaa1b9316318d81c61b0b4f8,Rod,0
1c11a1cdc49790ca0705b7338151f17c,Rod,3
1c2d38a1da43e1c8874be562e61534f7,Rod,3
1c4947a96f158386fcfb6ef5ceba023d,Rod,4
1c4c8a8c72365b9e3675cf17f9199177,BC,15
1c6b75faff4862234f6b14b1984c642a,Rod,4
1cc1495f7e9ee8158f2f013bceca0b46,BC,9
1cd74afc1aaa71366dbeacd3cb9a1ca7,,2
1cdbb89bf0ba679cf66258be590ba855,Rod,0
1ce0885ba8afdc6e3a926e1ae937530b,BC,8
1d0890a0c490da5937d862a0d7b3e9c2,,10
1d2d94a80443354e6e0a02031c85f9f2,Cone,10
1d8035ac421727363f37be48e02931a1,AC,16
1d90005ec19b9d4b30e537763878240e,Rod,6
1d99ddecb347cf9068384e7f260aafd0,Rod,3
1e03723d2e7034f8011f1e9c99c6e7e1,Rod,4
1e354ef40938c387fb7eba424fad9a49,Rod,6
1e638bcc92b1e8f27ce6271cbfa3ca68,Rod,4
1e65e719bc237bed462146ace9a30e4f,Rod,4
1e786708c32fd9b32a078b9fbc6d68d4,Rod,4
1e8ddfcaf237d4803865c0dc56d1e6e7,Rod,11
1e9524b11bddd40097ecdfb09d19182f,,1
1f0283014d0452328179980013763778,Rod,4
1f0a7a4b63eafb5c6ada87dfd1e65db9,Rod,6
1f4430065c6255424359855459e6bf8b,Rod,6
1f8a5bff672ff127e588ab7e55a53fd2,Rod,0
1fa5d95edd6083283b9ef5f005e9b207,Rod,3
1ffa08d2de67e7bd062efd35889d6fa5,Rod,4
20339c2c57ef5bd81044e1780a6a8cf9,BC,15
207244c1b9007a02c40f3d825ebac8cd,Rod,4
208b7e47ae97c5dd63f1947c288dceff,,4
20ab01d80e6154537d9ae60b799adea1,,6
20bba93256a7d61566cac47c319296c1,Rod,6
20d2637b9226f6d3786e10a2a110c175,,14
20e56d118b046466f6a2b82dde2ca49c,Rod,6
210dfca37fe558a965b26d012a50b1d4,,0
213d152db962d5099fae803fee05f6a8,Cone,10
217aca9ce5e53789a0c38efbe5de5cbb,Rod,3
2190e3f35e9dbcd401e39a7b59150063,,2
21bd2d572ed2df57af50f2eb143f8e69,Rod,6
21eab139173e793004ca206921c59812,Rod,6
21f17fbe36c55bf485d2aef1533aa325,Rod,0
220fba4a44d20c175098d547954b0c61,Rod,0
2216f25ab7da7a5e4e028027ffe4f0d9,Rod,6
2236d4eee3b13c54e5a268a6514faf02,,4
226cc29724c731348bf38470c6384a48,Rod,3
229fb81d5eae1219bd34af7ac59ca457,Rod,0
22af5a68e43478f68f210096e611cc78,BC,15
22bdebad2bef89ad922d097a4184960f,Rod,6
22c75c7f25cdb0e8e88d9c223ff5e4dd,BC,15
22da0baff7ce5d3787f780c0473f5fb9,,4
230371c4c580a0f595d8919c24cb2596,,16
23066174b3067c04ec9475d58a871c15,Rod,11
2340dedaa027ce489a3582b35d761132,BC,18
2355dfe9978e5f5f1b7d5ff3d367fdd5,BC,8
23b1c72e2ed87e3cfd1f1bd7f9ba7524,Rod,6
23b285e05f972f6bb2d4fb7aac546175,Rod,3
23bbeeb6327228e281a7602bcbfecc9d,Rod,0
23d2d5d8f464ae3673b85e1c6a7c34f5,Rod,19
23d3f8349daf2181b18aa469960cdbb1,Rod,6
23e9e1b89543fb213ecb7650524aead0,Rod,6
24396671a1bd18e6a7266b819cff8990,,1
2468056a13bf70284bedaa919f29aa6b,Rod,3
248e3339f88fe70cf53ccfee5d3b651b,Rod,6
24912e8b98e30f8d6d98c08cc4276f2b,Rod,3
24b08be814a906591dbc133bdc7a4aa2,Rod,6
24c03741259e588967e9be8ef41fb51e,MG,1
24d253bd708075bfca88d4386b989964,Rod,4
24e4021aa67658f038ce60150620f891,,14
24e7bc2c96a458ba827065030ddf4cb7,Rod,4
251ff4aca00dd310b7bb5c0b2c6d7982,Rod,11
254a8775ae46871f5c7399308448884b,Rod,11
258613ad0108e44356f6c15792af7f78,Rod,6
25c210fd40b8082e3cbe0a5165a8342a,Rod,6
25cad6a0f098d3d05abaae293e4f3cfb,Rod,0
25f73549731ddbbe3aaff15d0bb71474,Rod,3
25fbc459b0030c94fbc1d8afd1fd1773,,13
261c21fb3b29c3c20738188be704aa18,Rod,11
264cbe506b6bae31a05e34e9b4dd7a1b,Rod,6
2655cc7f8aa44a75b2ea2aa0405fd9f2,,4
265cbcf403431cecf5260dba075c5d1c,Rod,0
26618731d8ef0b05efd68584c0fda7e4,Rod,0
266e79fe8b0591a7be27c1a939ced46e,Rod,6
2675617e2f8e030c02d2cdd8ddfca622,Cone,10
2691089cfc268a7b29b34d31c6fcc78d,Rod,4
2694bb9d600ea1c1125a8af726c3065c,Rod,0
26b2dd8617d1be53377b0cadb5726c55,Rod,3
26c55b30dbb1617657a2af9f2e5d7b0e,,6
26cc40745efcb362272964cc5e7dde21,Rod,4
2717fd21020a4f3dd6be87c9581e0a9e,Rod,0
271cba5ee245408277e0dc9e2bf6224d,Rod,0
271d20072c873e4b258dfedb9bbbc538,Rod,6
2720f26ede7e7936faff8d827648bf37,BC,18
273d17faf14cfbdff022dd4d2986adc5,Rod,4
27617f3c18790904a7d6e0286299052d,Rod,0
27646bb655bbf4a9c27f7f2249ae75a3,Rod,4
27843c797813edb312835f4358234628,MG,13
278a9152714f538713b1af213f91876c,Rod,4
27bc00cb668eb9d93ba775be364daa56,Rod,6
27c4c7d2cdc2d110fe247a9bc2ccbe03,,6
27de83c1f9f41cf2d60835b88ad46e08,Rod,4
27fceda68f71acd89a6d139604bc4c3c,Rod,0
27fcf6197d62d21b1df73293649acd6f,Rod,4
280c7263df9c6473e5c31892ff12d7d6,,1
28294c2b89810f96ed87e4d407d2e6c7,Rod,0
28535666d9b411a8ce846190b34517b1,MG,1
2862d114d3d1e99a81af86bf11ae5bc5,,1
287036bc54c5422e469e8f84badfd034,Rod,6
28bd558181e6f6a8b0c81b8417b1b0f6,Rod,6
28ccf6775b523be0e25b3b3bd7442389,Rod,4
28d9d044fd220d3642e9aebce1f884b4,,14
28df6cd4d108821f2926b30e48b45587,Rod,6
28ec2bbae8617c0a8152d7e54c1c8270,AC,16
28fffa55813e042e56292c90f6661a36,,4
291131132b13886118ef145fd198b316,MG,13
2912d4fc1d3f17dc5a03b176cf8aa614,Rod,6
291f9c0a70d0367d5c25b3978989fc35,,7
292eb5f88c686a548821a95ecf086ce4,Rod,3
2931f2b03deba588473d90a58b346ea4,Rod,6
2946ca35f1ab9147a0d49c9be63680c8,Rod,0
2958ee1677a8357c06b2e624f709d037,BC,15
296d7ac33921bb457c86aae75d17a953,,6
2977ab12afb261446422287f669cfbb4,Rod,4
297cf46db414c54827dc110d77b7eb61,BC,8
299225141cfc1da3bd00c9797d1dd79e,Rod,4
299ab41e699bb20a64bec34188167e23,,4
2a11348a3ca41ba5fbae3ea20a6c17b8,BC,15
2a58dcf63da8fb161d0b1ca24a1b5634,,4
2a860afefc7cf2bfea633b3e356865bd,Rod,4
2aa23a9e2d02e7ad744594e9c6cde465,Rod,11
2aa78e03589dd03c8dcecd0a01e648c3,Cone,19
2ab3b4cb34179fec4e43e1a48deadb00,Rod,4
2ac64b94c21f7f959360491a09e76e9d,Rod,3
2affaca2caabd23b7fcf6a3e5b51b1a6,BC,15
2b28ec7450f93ea37f2d2b82d7f3c2a1,Rod,14
2b3d797af83fe66e207740b13dcb4aff,MG,13
2b47c4f985edd64e8cb9835f3ee09ca0,Rod,4
2b6570c688eade69ded9604822233b10,,0
2b79a5ab7af4b0270e7fc001d73b788f,Rod,0
2b7ac192f466fb9c59e47d952c7a8288,Rod,0
2b8af13a67a95eb876d2770269151805,Rod,6
2bc5df3130956005cb01c9b6fcc8a585,BC,9
2bc87da01574cefff7978fc019b6c235,Rod,4
2c0ae6fc5a2cf3950b850de116d9dea9,Rod,3
2c2c5dc7c4b4acbbb6f3b82c712767b3,Cone,10
2c2ec41d049baad1260a6e38cf49f3cd,Rod,6
2c4fef058ae891f392907ab2dfc7a415,,8
2c5cbb90f148e86c1a262848ff7b4673,Rod,6
2c7bdf359db2c5c7095bab3e5f201d7f,,1
2c7ff93c3569dfb1217b0a4b62af3f86,Rod,3
2c91749083cb02db700e5b683b3d6abc,Rod,6
2ca639e5359d895d9c0696a50044b812,Rod,6
2cdba3e1929b18971d85d0c71305674a,,3
2d1cf22a79980e229bf20d5508de97e3,BC,18
2d26e03bf11ac54c69308a963a681bda,,4
2d38149a2f16d3c3343d3ab41af9bd9a,,10
2d6657fccaaf3e6cf804508a7dd58834,,1
2d87fc4e576affeaf86353f15b70e94c,Rod,4
2d8e1c922a8f983573c56643790df3d6,BC,8
2dae684e2dd86e57588fcba9063fd6cd,BC,18
2dc3ed0ebebb1edb96b9c7f42bab12f3,Rod,0
2dd6edd2680ab5d7dbb24de203ec2737,,6
2dfac2667a451e6ae16cce8e3b032e8a,Rod,6
2e03c11f579d8044e2a1d691ab569064,Rod,6
2e5a2b7aa84b7833fb09b1068818e452,Rod,4
2e7fb3df4178cbf4253d1d6c02756e38,BC,9
2e840ad1318160ecda91923bed57ff74,,1
2ecedbbfcbf016ea730cc3fb710025f2,,1
2ed238c9d15fa9181ebfec32df987328,,15
2eeae7304081c56f229866c5051cfeac,BC,8
2f0249a523a0dac50bfaf6539c3c1289,Rod,6
2f09d2450f64cfdeb9cb05b0ada88498,,6
2f54f38c211604441eb3220863343450,Rod,0
2fa998918b41dad91db91e7a807f78fb,Rod,6
2fdc70dd9895fbac5f7e7e7339a3a0de,Rod,0
3021ec2507717de4ffa3988c50b56dab,Rod,6
3050cf8a388c2d7c02e8f5254fffaee2,,4
3083cf92a08b0a35632d401e149fd50b,Rod,11
30a53aa2cbccf31ba1597f0be9139878,Rod,11
30aa8ac36d03adfa2b8f2638b6361921,,6
30de9f413ac8ef9d17134041fbdda5f6,Rod,4
30f4852818bcd82c1731a536fadff549,BC,15
311345596fedaf57093dd5ede6cb6de7,Rod,4
314a73d751517bc9a4814608e1c64bb0,,16
314f0a3c34725505c027708a30ad82ba,Rod,0
31865fc6daa969259a86f307e964d968,Rod,3
319c7331fde41046d95782a45cae3787,,14
32070a05da8995fec83a3c8ec927aaaf,Rod,0
320a5b3e2c1cd005b0b956f120712c60,Rod,4
32302124df7110f3393d3c804036433c,Rod,4
327229521d927a5cd7871e76d482b9db,,6
3273ac936264cffa323cf10d88b075f1,AC,16
329e0bd900b35800ffc24b1860702022,Rod,0
32dd1d21acf20e62faa5455bb5f72657,BC,18
32e95ef8ac029bc63ef02679e78c2640,,15
32edfe9f1f3bf47e9a7ba74a70a19bb0,Rod,0
3363f7e9fc0df8fe029c86a7504a5e6c,Rod,4
33745066c25c80b725df4f23e0135d3c,Rod,4
337c055fb5e34540fc2e0f59f6ac2f24,Rod,4
33865d9209a88cd41194a17a10051e3e,Rod,0
339ddaed8ddeb9568ff0fd9af4fef9eb,BC,8
33af6a164574d09a576a911ca56e85db,Rod,11
33b0ef7acbaa032bf663cf44b02c1a4a,Cone,5
33c1308f963733187961cc8abc5247bf,BC,8
33e7cc493c020fc74b9ed58e58c0d46b,Rod,0
33fd21306a2f1c644fc4b4d7ffe7993f,,3
33ffdb7b76f4a51f8cf572331b4cc60e,Rod,4
34091a18671b9d66a0fa6a40d9c98b2a,Rod,11
342eaa0bc5816feaf305d52b23e86440,Rod,0
3435e7fe7dc3b1823f16f3834874a7a0,,1
3438b0eaae4a575e2bee969626a6231d,Rod,5
34650bd045e1ae542141e76d7e290eae,,14
34758dbbf3276b2471ed328142fc87fe,Cone,11
347906baf6e1bd421adb476964b63bb3,Rod,6
34c2fc41c7c34794c179994caa7a8460,,21
34d75241cee963434d4ed8478a472d45,,3
34eae06d2ac26e5a6f93ac40c24ce59c,BC,9
34f897b2a635763eb7a08c496bb48831,BC,9
35341960bf555c83588b0c1b44d49a2e,Rod,0
353f8abb7655b540e28ba11ba894c8d5,,6
3584a1d2a8f67b68c6e5fc7cd1452959,Rod,6
3598b50c7dfc85dedd636abdce297acf,Rod,1
359a47c1b5fce98ccbb1ee27d2fec98a,BC,9
359c956094f31649e5db4af31c7fb7bf,Rod,3
35a1baf76857b4d349c206fb6cc5bcad,,6
35ba829b094b0fb9896683310276d673,Rod,3
35d5c165f4e4578ceeb8ec4a149de5b2,,6
35d6e7af961150011ab49ec542bcb788,Rod,3
35fae9552455e31d14b4ea6954e6f9ba,Rod,6
360d4d5bf294674c8e245eb9e45f8298,Rod,0
361c64a0712bb9aa9c4756596856d4ae,,1
363b68781dbbf2c42fa2a4854dcac5fa,Rod,4
365fb31247a29dd181d4d5ebbca8af91,,0
36af8b3b637ee77815a84cc95a48e6ea,,6
36b20d1b9b9e69ab70140a44acc66e14,,3
36bd3d8ced0dc7f63074674b1185fae8,Rod,4
36bdb21062767251daf0d3e6e9932861,Rod,6
36bddafab6d653def1975e674b216a2b,,4
36f322f53df30bfebcd2af1a9a717c15,,16
36f71751ff8eb37cf4ecb5fc1ef34371,,11
374c8ee8839800386a492cff3297a043,Rod,6
3761bcbc2ec4c41143bd177dbaacf1eb,Rod,6
377d65e6a8608b7ef6988e1e3707a1d8,Rod,6
3786ec0e7b2a3c1520f4b6958f40a598,Rod,4
37ae8b8b0e66c8daa1d49a51d8432ca0,Rod,3
37c08137d1216b5beff8abbfdb229d08,,6
37d967beaf4a61ac4b139ec52c28ebfc,,14
37e0287a99a2c281302b5260c3c8b0a7,BC,8
37e25b0f5626bf285bc146005a47b6ec,Rod,14
38067ea231243862b61f4910cc37fecd,Rod,4
381caeef52ad2792ed149fb3709320d7,BC,15
385cb29b4a947700cbbfbefb3edc44b5,Rod,0
38864e5f30172ba4824d3104c212d8ee,Rod,0
38a8ff064812c55932f24ed2254b5ff3,Rod,6
38af0558ca749ad04e457d0ad8a5ed23,Rod,11
38cb3c9d2b5cfd648b960438572988eb,Rod,3
38e0d8610884ae39950139f182fd94a9,Rod,6
38fdd09a8d8939a72f29d9122859c373,BC,8
3902dac600065092aac17abf7de71294,Rod,0
390d6c1b329ff75eaee6c1ee5b245da9,Rod,6
39432928a68938a0c669f547b9527233,Rod,4
39456224b6e9fff34a256356920cb2d4,,10
39a2412cad4a4df9b2cad213cb5d0342,Rod,6
39b0badc1023e74c5c92c30f75b903d5,Rod,4
39ba2366e0623dcc8fcbba1fe44ba374,Rod,0
39c25619c46b62987d9cec429ebc6538,,10
39c6db80978f4646ec5e932a93391851,BC,9
39e55ace26f98a0569af4b109e01255f,Rod,6
39fe104d7282253c5c525b2850467185,Rod,6
3a136be330514d5c417d0257cba7a74f,Rod,6
3a23e119c61964154b9679e8d92fac35,,6
3a600e07e4cd1ac894600ee6e33c5b0b,Rod,4
3a6a3f304b6e63763a4eaa9f92a93b0d,Rod,0
3aa890e14a7ab94da9b7180d8ddd1cff,Rod,11
3abc442ffc5290eaa4a1613056a80343,Rod,4
3ac27a8c2165be24ad9300fe80e5fc78,Micro,21
3ad3b317a8ff35acd83fee4714997bf2,Rod,0
3adc6c5650a854d99f36c795492a7daa,,4
3b014387af0f28d72a8c434d947d5545,Rod,6
3b0cce6f58d81ee70c62fd197ca8b563,Rod,6
3b109824fe0ab4f95439ebe43fded5ea,BC,18
3b30776ee6b458b8696496f23d5ede02,Rod,6
3b5cdcd6f3a8a8610061eb9996558dcb,,14
3b6121e68d56e57bfd4bb4e231e9e804,Rod,0
3b6aada21e111b394712de07def17a87,BC,9
3b718252e6ed9b714ed36f4696f04583,,3
3b93680a7730cd47b0f5261a498dfb62,,6
3bab4f7bd3358977e728606f8b670977,,6
3bceab850222abc2d70f6bc197d4479c,BC,15
3bd01c9d1677067479f94717f5a76407,Rod,3
3bd0e7da50cb27f7b569858e7d405ac0,Rod,3
3be88d86e8ef54dbab151d2bf7399fe1,Rod,6
3bee1c451ec7370d3d0d08324440ddb7,,6
3bf4f9350726db25810a9c887c50244e,Rod,0
3c1496b376b6eb61c855f4e4553b77dc,,6
3c2a4a4a609d166d5907e4ceb67fa2d4,,6
3c5c7cdaef6ec4d237046e96d3eec80d,BC,9
3c5e5a947dea9a8bc5cabdcd02b1cb3e,,12
3c635a7327cab7e6ace02e935813c64c,Cone,10
3c7403daa7d529a71044e5dde7038d7f,,1
3c81cfc9895aa7b88070c1be889091f8,Rod,0
3c85dbb4a6c26babf319297a9fb92a14,BC,15
3c9924c1c6689ab05cfd0b5a9b5cd128,Rod,3
3ca8e7ac3f3745a486d66f574f970248,Rod,4
3cad3c35bf58f0e11be1e77ac13d702c,Rod,6
3cc2b6db7f3b5e0a935662a7d287b667,Rod,0
3cc8facc25c8cced872a3f6c3da6a9fb,Rod,0
3d14a07c9cb823d37321784354958ec0,Rod,6
3d39d8bdb0a25c81936511f406e5fa51,Rod,4
3d4ddeedbabc72c6314d39fe4b2f8f69,Rod,0
3d853197afbc800b6ed350195703096a,Rod,3
3dbc442dbd1ab7aa9c41c5384adec6f2,Rod,4
3dce5966d2f0a0df56dd2dad88a5bf2c,BC,9
3e1aed5b13181f1a75f28c9eba320b74,Rod,0
3e1c731858d0127ed8c986f100603da3,Rod,6
3e1d4bf56fe122750ab8d84ed9ffe4f2,,6
3e24ce05e9f80fb346a71fd51a733149,Rod,6
3e2a6344918ff53434ab838b19b6d595,AC,16
3e3b2a5479dd2b018e9a3526deb0e106,,6
3e555e0098679a20ab5279003772f88f,Rod,3
3e7f2252f899089c8ad3307df7266bd8,BC,9
3eeeb31126c5ede7e3f946351472f570,,6
3ef5fd53cd1fe7d56794cda0979d257d,Rod,4
3efa507078b13552f21b7dfff5fdbffd,Rod,6
3f08ad0bf796557dd95ba411230ff1c9,Rod,4
3f2f4e0da3bfe96d146a000c4fa756f4,Rod,0
3f4af8eff52df16435af8eb679d9f17e,Rod,0
3f7168cea98d46f82c4a7cf2d6607bca,BC,8
3fd003616dc6c5843a97a223f96e254c,Rod,6
3fdfd738f9f35076e70443a060e0ee26,Rod,4
3fe32d9124a739d1e537bce8c90eaa02,Rod,4
3fe7881976d84a12bf582f83d19813d3,Rod,6
4000abef36a414d6425b7736d70deb2b,Rod,6
4049030007307bc73c103352007102c3,,15
405306ee786b45877266d0869299bcdc,BC,8
40a0b7a95e517060d9c7fafd04d8ad35,Rod,11
40ade4f94d3dd8bbed5fba9d610bb100,Rod,6
40c52f68ff0c0edc2ccaf21615561c1a,MG,13
40c884d3164b07346872111310eb0198,RGC,20
40d1758d724c33e45d60f1ec52871b7f,,19
40e904242968932c6733d6fd57b41fff,Rod,0
40ede73df12e48375a932138e9e13f58,Rod,3
41028b9c9b6fa8de41677829c4b8860f,Rod,6
4119b41aedcbac488bd4a96a4170514d,Rod,6
411c97c811b6437db448fdfe22b66e1c,MG,13
41478037e3b793612d8b76c741c65a0a,MG,13
414ee8cc3dc7192de385c45c64e497d5,Rod,11
415d8a254ea080d45f548f3632ed2a54,MG,0
41787bd424a3439586be5789e5025fe4,Cone,10
419166d3fada735f14f8e93e18f8ded3,,14
419b81731ecba38644b2eb6aa4e192e1,Rod,4
41a7edab2ee3a01038783f20379a0a7c,BC,15
41b067404ef642c7a33b33a62106769a,,6
41d602857c0361a7da9912be99e18779,Rod,0
41d9803f59c17adf8e428f1bea68f229,Rod,11
42050361dbcc57f79598432cbe5be345,Rod,6
42063da7da46a8dc0b7baf6ef45da8b0,Rod,14
42135089c8eee4be52edd8f284647b32,BC,15
421cbc03f3c508f769373a7fc3b4bd73,Rod,0
422bb761a61c4318dd6b5866df9fce28,Rod,6
425d53532f0daa67f39d2b41caf29e74,Rod,6
4270521ff826966703e5072de8e0b866,Rod,4
4281df92c61f45d6fcc8d73c48beb19a,Rod,3
42b2ae49cf2c2ca2f29759a49f4d8a74,Rod,4
42d886901d9a92d4659e30e00259298d,Rod,6
43405e25a8dffcfa267f6ed1e09da9c6,,15
435a29a7633504bc4811118d180afbb2,Rod,0
4382188872f8055e91117a25be26fdfd,Rod,6
4388d154bb597f234a1746b4d1e85b46,BC,8
438ddb1b05b263cefa0824852dfd6a05,AC,16
43addf27ae72c6f2448f6020a7d5d34e,Rod,4
43e8121e3e3d4ecb8b5331c6acd1d0c8,,4
43f02bfed10807d6d21f2d751a6126b8,Rod,0
43f3598593959f34de2fb85601257a1f,Rod,6
43fac1a28f49af6d455cac74379c2474,Rod,6
4402c9ff0986e27314b24ed62daa5546,,14
441cbf39764634b2e00b5d868a444e21,Rod,4
441d98a8608fb303aec3bac6c779f1da,Rod,6
4445b4306cad3523b1f9d36f9e9e5ceb,MG,1
4471d8d2ae86667fd5aceab666c5ed35,Rod,6
44b8f426dc560d3bcdf5edca3fbdccd1,,1
44ba0bae26cf6ceb2a821e6e7d751efe,,4
44c5ac94c4cba826c4b1ef84f0b16cb2,Rod,6
44c9e8c4a49bbc15f7183e94b9b88dc5,Rod,4
44ca60cc3a59e35601d27b7c56d016cb,Rod,0
44e14ced8ea9bd93216eb635b153aad3,Rod,3
44f0487b7a151832f8f20ef25dc4be18,,6
451b603df90df227a64a904a30137ba5,Rod,4
451b808ecd3c89d6e329bf0b49a64165,Rod,0
453a8470ae7e2491c5e9dd37b66b01a0,Rod,0
4552220783c7f2041e17b1e303fd46c0,Rod,4
4556932a319b0b8ccdcde79881bb6de3,AC,16
4556c81ccbcae6508ea9a46546abd3e4,Rod,6
456654f084fd593f4ab441653635c68b,Rod,4
458fb598abc1db5e16e0d9aeade5e780,Rod,6
458ff2f85ee0ece1c938a39d0d713c96,Rod,3
45a209c30f5e35a3384a32782ad84c1a,Rod,0
45b1dce2fe80746e020ee0b3831c3b2c,MG,13
45ef1853122a3584f20e6f0e33e02010,Rod,4
4604e1385376e10391eab8d75f8b7706,BC,9
46075320bc748b9a3b93c0788025b30f,BC,15
46161b527dbc76edd636ceb2de70228e,Rod,6
4626d2fe1b659b26c75c49eb39b59794,,16
46415e9ee9a8fd88bde24dde938c8fd6,Rod,6
464ed5e50a7d5f583dfe736c7dc09dbb,Rod,0
465f0453c93171f414520aad60de17a6,Cone,10
465f64dde60f126d28dfcc1ba277fdb1,,3
4665e75d4d7aa53e6f0f0f24f6711d12,Rod,11
467eb5a2a76552569644e2a3efa216d3,Rod,0
468c88a5c83860bc1972e7d7f1bbd4dd,Rod,6
468d5339271f02ad41ed6d942978bf1c,,6
46ae2a105a9291dcafd835356e366ec5,Cone,10
46cbcfc5056c51de963e3bdd535b7bb6,Rod,4
46f3ab99661b7a4a4732b845ef78dddd,Rod,4
472048a514e4aa92d598ce0fced29c83,Rod,3
473aed4d7cdd4afb0a202b5ac809a9d5,Rod,0
473ee16ab468380c0fdb43df7cca734c,Rod,6
474049fdc550e8d84a3f7c0c661553b3,Rod,0
4746cc0942571d75f72633d97997525b,Rod,6
474cc3fc8ed1077efdb8da3f476bc682,Rod,6
4776b75c137d9511c7fae606c84d620d,Rod,0
477ad2b774b0cc382e110bdf5d2335a7,BC,8
4784f09a158238f6ce5baa74038b78ac,Rod,0
479aef929398519e4ac4293b4622ca14,,3
47b47cc6f32a6c2fcff8cebaebf8f27f,Rod,6
47b90abe752a4843e1b7c02e04f43ec1,Rod,6
47c1db54c4bfd4d303815ffa084d042d,Rod,0
48234da7818a6c490d34bd1c8054b6b1,Rod,6
483490e26ce02ad87a042d4fa5d91548,BC,8
4849051c6bf191124cfd2b67ce852449,Rod,4
485dc4edf4347ce49323416226199e81,BC,18
4862712e8dd057751a0265c797bd3f50,Rod,6
488600afc7eb97e349ac4dfe4965f81c,Micro,4
4886040417a9109ccb65177d5c7f2ce7,Rod,6
48a59bed3c67623bfb115cfe7c0eaea3,MG,1
48ac3535ff34fb9034048ad1bd9b9421,,10
48d4312b9d7f2dea21ece6bf7bac646e,AC,16
4916d7b5fdea45f966241b09d246864c,Rod,6
4928c7bf4b613e427f288844fb9dfef8,Rod,0
4938a5aa2139f9fc767abb090153734d,Rod,6
49395045bb35c6e8268a6c1c22be7694,BC,8
493ade955ad33e3d0fa93744eabebb2d,Rod,6
493c0663a8f247a51fce55ac6a7c769f,Rod,6
49411594df3d6ce62740a120da8c9b7c,,5
49507ff169de485d87c71cefa9a652df,Cone,7
49565657de8829051f25578a4c1eefa8,Rod,0
498d754f6d4b6207691c7e886c54b389,Rod,4
49909cfbb231bae353a56b2680244082,Rod,4
4999927cffc284fcb0ba7318f48386d2,Rod,6
49b5118a599f7989fd2639ef8f92bdcc,BC,15
49bc5c28e1d6fa7d4f3cac2b23980c65,Rod,0
49bd6cfe47d29f4376a9cdbe87fe36b9,,3
49bf8e4d5aac20138ee29ef0307a42e5,Rod,11
49cf104d87ae08f1aa4ae3ac8f2e7bc1,,1
4a29dfed57659933cf25a8eb6eda8007,Rod,0
4a3aea461570f743de9b3cfd9a2d7316,Rod,0
4a3e5177eb92662e98d97a28f405450d,,2
4a775f708e8ab6c65f65f72612366620,,3
4a99cbecd06a356cd8fcfa270e4059de,,15
4ac1fe545915d1563fedfc44767a17b2,Rod,3
4acb39da858b0b0281fa4f3b98c31a69,,6
4ad9077d65ae0e262eb02feac3912a03,,4
4ae0d1884d95aa0c0e3fda10140beb70,MG,13
4af86f7e324289af091d475ca99478da,Rod,6
4b11cf23241d74088d0a298ddf6f0699,,16
4b1d80a61750bc5a2dc0b7d373e0462b,,6
4b4ea36bf0590c570e0f0543fbcefc8e,Rod,0
4b6db353fc9012b898ccdd4854727767,Rod,6
4b7379d2d8e0ebc76d877fe782ff387f,Rod,3
4b832ac5d6ed76f72b11577837c40a0c,,4
4bcfe86711ff09c5c568041d06f7432b,Rod,6
4bd5ce3f66091e87d24bad2ef1c16e85,Rod,6
4be7253125324a1a0fa3e9143e9ae697,Micro,21
4c08d6d851496e968a0161f02382a192,Rod,0
4c1c860ac48c02dbd4b89670c713a306,,13
4c4a70f0298af7c6faef6d017ade0c6e,,16
4c5c39dbd1a577736f3aaab051c43e8a,Rod,11
4c633bed9af13536739375a2d97ce631,Rod,0
4c63505cb5f310ef3c41de613f073fb6,Cone,10
4c951296d0858af15368b823176b9b06,MG,13
4ca1bf082634b2df8e0e3a1f33a8805f,,6
4cbd641c51bce87c45299e6b3b4ccf1a,,6
4d4d8a6bc32fc2225b7f3949314a2dd9,BC,8
4d5559396c0478af5b22efb107fd67ec,Micro,21
4d690e612451cb207aa5a34b54742feb,Rod,3
4d750c84a3c26c16d257744e8fa25103,Rod,3
4d7a945ef31f0011e07a83b71344fdcf,BC,15
4d815de004ecc37e5e6feb55573da42c,Rod,3
4d9d77177f83349560545c06d2fb1fd7,Rod,0
4dbc0c075d7feae5cbaa00351825c22b,BC,15
4e296b13b9fa30ce0bfedfb268256956,Rod,3
4e2c314030b07194e999e41e9bcadcc1,,4
4e88a18673d68674216aba38a17ffaf6,Rod,11
4e95b6f7e4afc67230e7c3c94f657fee,Rod,6
4ea44eb99c0a590496e151e8166b4a4a,Rod,4
4edc34687f9e48ba97c5bf809815fb2b,Rod,0
4eec2c39eaeb54e105b036e419bbdcaf,Rod,6
4eff1b30dec28f555a52e17c5eec2f2b,,4
4f0fe460bea264b4b3797377bc009609,Rod,6
4f3540e43d967b123c5188c24209ca82,,1
4f5ed90052d3534160663f4514679a36,Rod,6
4f99ad7cc25d4cb427207d2313ba76ef,BC,9
4fa357d8bbcefab32caeadf3769b8bcb,,14
4fccc9cc2ac68f408641ac2013751251,BC,15
4fedb5b6ce8131e3b8fdaa766c8ef1f6,Rod,6
4ffe8b1b1f143cb51da77030d708eacc,Rod,0
500761faa773af7626f5ec21ee58d8f0,BC,8
501d869a67e08019611585ea3364ccb0,Rod,4
5021c11d49c5a3b15234f5950bb529ac,,14
50278c9f89b2df94c5a177fc4c08f0b9,Rod,11
506c00d8d06a8238be596fb409f59199,,6
50d21c462a1bf51b1bdd9478cc0480d7,Rod,0
50dadc7ce7b6ad4ad1acd99af9c4ad88,Rod,1
50ed31554d989e8c6282e20c34e6bb2c,Rod,6
5100371c51dbc12dc6ef38a677b5972b,BC,15
51164b2429d2449e42c7cbd9abb5f7a1,Rod,6
511cccd9b9c1c613fabec5f3547ef9e1,Rod,4
51234e9738eb9ae8a0efe9fbe9c6e973,Rod,4
5129f7d1601610a6d0cf647d4d524f7e,Rod,0
514316090b90734742d1e8238f25b580,Rod,6
5186940e360e4ba56678c81c637cfe5e,Rod,3
5193933ebe7bb2c5d9d57390b77857f8,Rod,6
519ab69448bc090d04d3ed960bdd7027,Rod,3
520e5a98c0ed78e7d86576e8ce44e0c1,Rod,6
523f69e86eaf5ea84c349c80e926cfab,Rod,3
5265ae8a759376b16df1a293950624ae,BC,8
5282ba7a6a8180813455b5f6b43e03d1,Rod,4
528ead8d9e975bb5a3c6e5e75cadca6a,,1
5292f385b499c74da2485e33988aede1,Rod,11
529a43aa4343a7605ee3be712718f409,Cone,10
52e257339af640d5c2fca76cb76cacf6,BC,8
53106f00babe13cdf0ccb865be7f44b2,Rod,4
532d75c4efeec794779b0ce016f2e79c,,1
5352682b5e19dec94156e77e907bce6e,MG,13
535d8ba935f81717c287e11c08675323,,0
537527aa1f7947236c35957d49634b39,Rod,6
538ada332b0de5122d85f20932298cf4,Rod,0
539c3997a08edd0086f0c12dea0b89e6,Rod,4
53b81b3f7b5478db5e1a9e061efd42ec,Rod,4
53d8cede5e424248eb5db69c637df0a2,Rod,4
53e7b9a706c0fb2ffbaa3381e194743b,Rod,11
53fa6b02ba5139eaccff7ddbb1740e95,Rod,3
53feb780a175c14c4a17fb3c71d7b631,,4
5400dc1615408998d647c1cb6a8f594b,Rod,4
540d65fb4c43c120a9edbe1484b78129,Rod,6
540f005ea53c2202f2240fbd93f744aa,Cone,10
543533e09e4527f2604a165d5f924ed0,,2
546b389afbefd277242b5d0303e96da9,Rod,6
548ab545a187089b685f0e25c8328d9f,Rod,0
5499fcbef696136af49acf939e2c1e40,,1
549e1100d8bd367dca913b91a11b1c92,Cone,10
54e343c7f0281fb9ae66ddcab7ff8e74,Rod,6
54e70c6d511296d6e78be38a3fabc3bb,Rod,4
54f16f1bec5d10d7e4812324677ef103,Rod,4
5518a572017dabe01076c75a88d554c0,MG,1
554229fc2e1c67b32d7b256f3d00f532,Rod,4
556f72b6bee9824320fe5642606e3c0c,,6
5581f4aa0463c494af7993b0dd4373e6,Rod,0
558601a0354aef5b1cd756493ab1fa21,BC,9
55b4593b97ae73b54735d29625961b57,BC,15
55b4edd3dbbe843a5c86ce776d059b49,Rod,0
55ce31f740fade1b3129f1e849cabc91,Rod,4
55da781920b1b4a92de57ceee64bb8aa,Rod,0
56462ad3754ac2dc3307259fbed8731e,Rod,4
5653162ea5cb2248bb926961efc44ba3,,1
567b5069dc634d5e1543fa7928e501a4,AC,16
567d1702760ada9f36fa951aa82e798a,,4
56d238c7a4bf65a635670c525bd6afa9,Rod,0
56f0a83125b87dedf2c4aa8aebe760be,Rod,6
56f8c82bb742ebed19ab02d7a452a66b,Rod,6
56fe6ea164f181c05bcdabfc39144c79,,6
5722aa418583f601ea81a6fa623b9645,Rod,4
5722cbfee559c4ec17fa30e446cf1722,Rod,6
57533aade33eef193b9e77b7a26bd953,Rod,6
577373f7cad2a191807e1224d3b5bf1a,Rod,11
577ab81790eb15ac794bbf9689238095,BC,18
577e2931b935305b222e8bc0f7da7244,Rod,0
579619ea633e1887ced782e2b465418d,Rod,6
579e9c5abb3cd6459142affe8faf8d52,Rod,6
57c3aa4aaadf7a4ee9d3ae013ab78e0f,Rod,0
57d7196b733911e7a936607f47ddddc6,Rod,6
57e84ee54ea3ef1771319106d5098b80,,6
57fee3d2d152bfd6ea787e71fbe30cd3,Rod,6
5807ae281f9475d82254e671b759e3aa,Rod,0
5825edee46e088e7dc2af5ea610dfe8b,Rod,6
582ca11030f1f7165ace08a7064a401f,Rod,6
5846e52ddd6dc91e1c81e47bfa88833d,Rod,0
584a6a951a283c92c7e974a8f871490a,BC,15
584e4dbe9b55f0ecab82705606c78345,,4
58a7abd60cf5863db6d5f9dc86a28fbe,,14
58b027361d5d3dcd4a0fba3713301ca2,Cone,10
58dce1e040539a3e797e781931ba0974,Rod,4
58fad27d8bdd6bd9d6b0eebb27adbad5,Rod,4
590b82fb4f001fcf2dd1eaa2163ef179,Cone,10
596821d2ca3c3fcfb9ecb87dcd5d59e4,Rod,6
596d8858a7423eaf4ef36ddc3f66f9ac,BC,15
59a2723dcd8877b6e418a574635b1628,Rod,6
59b0fb2a71bbcd9b115f321b48c25afb,Rod,6
59bd99568502b1518eb7f27a1c9ae418,Rod,6
59bdbfd284a74b7e1b71f7169ff2fff5,Rod,6
59d85a103526a555b86ad275034c1d09,BC,15
59efa5dad461d5b81e62d2ef427bdcb1,,6
59fbe9c0aea7cc73c4b0c35ee39232e0,Rod,3
5a04c7de74ca6f177e33c96fdeb1ab69,,6
5a17fb56da3f84f756302399a620cad5,Rod,6
5a24113b33a8f230f0b99496c5b56c62,Rod,4
5a43742a56e4c826895ba3d81ef6382e,Rod,3
5a621772613abdf8432d2e589a716446,,10
5a62a802ec161e8d8a454ca47ff1b49a,Rod,3
5a707f99e3436d7e4d44cfb0203166e1,Rod,6
5a941245ea896e3f1b9e95e9058d0c9f,Rod,3
5a944df2134cc271acd451642cf5747e,Rod,6
5a955e2e7fed28e74a4510046c3f6bad,Rod,4
5a97ff7149d6e2941bc6efef24270103,,14
5a983359966acf8eb780c341489e6b58,Cone,5
5aad8ce9fa84b1a7438cbef3e15e7f58,Rod,0
5aba30b9f9560dc2c60f00048a105b79,Rod,4
5ac2f22321483d3d54d93c08cc611c2e,,3
5b32a4790c4fd736461fc63c15f02e5a,Rod,0
5b38110e4c01b4eafbeb6471f9db481d,Rod,1
5b3cd4dd7305455d94e8eb3453c5d087,Rod,6
5b5faf6248803846d32f12ec5e7a398b,Rod,0
5b77f8854e70e79acf585c2c87062dce,BC,9
5b9bba2a8536cbed1af304d0c6bb2f1d,BC,9
5ba2f6133842bba5a69a8bb4c875fa7d,Rod,0
5bb878731b30e794981707770ba35bbd,RGC,20
5bbdc8d9efe70c374bdb04bb0762002d,Rod,6
5bcc9ee57b96ed37f02b52b7a93bcc32,Rod,0
5bd57c10afa74725a98c157bbd0b72d0,Rod,0
5bf0e274d4f1c5bd4182599330f68b76,Rod,4
5c0d79c984c26904bb8c7515e47efcff,,3
5c3161a122347c86f8e79d9df1fea5de,Rod,3
5c46f0c3e9fa9c9b90e24e1dba9d26ba,Rod,6
5c524890499cfb7af791a5e955283a88,Rod,6
5c52b3c8e7f6285e5ef329c28b8a8d7a,,4
5c7948d414997c483e51200203596280,Rod,11
5cce79de28beea0700541c3caadb04f1,Rod,6
5d04103bb75f5284a335f09633bd1594,Rod,0
5d1507ac656877f3968f1d4bea0ad1a4,Rod,6
5d182c31b8e2fdf6388b08a7ee4ab27c,BC,18
5d32953a57566d3c419128031e5870d2,,6
5d396d5079715caeb0cb8bb39b930a16,Rod,4
5d650d8c2b3bd37685e91f3e572836b3,,3
5dc168ceccad74899fe30b4ff40b8f12,Rod,3
5dc170a341d92a877a65933c47e78472,,1
5dc77b7063d5dbb636e1b371254e8638,,6
5de385196afb0011b907d8e10a73b1d6,Rod,0
5de8399050e5f9761847342afdb9b048,Rod,0
5e2541afc8a1a5da560e21ff45ccfe7b,Rod,4
5e28e5fedd978d97606555a3b0cc0657,Rod,11
5e2f3ccb359ae3f127265bd64f4b7f57,BC,18
5e336b4f50eac2f1fe3b9dbd03369eb8,,4
5e399fac3580dca0e52794c0937fa553,,3
5e62cb07781ea83da5ff81b7f583d110,Rod,6
5e9d3e2327b57af0bb7a1b8d67e8aa6f,Rod,0
5ea07ac8b89c274ff434ddb71c057742,,6
5ec0e792e25341ca338a07f2a2536e2d,Rod,4
5ec694ec490f8aa6bb8670946d6654f5,Rod,6
5ecca6ff76c262c5bee0aaa35e8a3718,Rod,6
5ecf4c807d7f3591a73ea69370c4e11b,AC,16
5ed612a2e777290a3df6dcd430366764,Rod,3
5f1092aaf9aaef09d5a0caded81b6bab,BC,18
5f199df23a1bc080c4a85585c3623c62,Rod,4
5f372d26f576129bc58d1402e6f1bdb7,Rod,11
5f60d8012bd0198feaa1d90a23ddafc9,Rod,4
5f6318e570bf355e3e7b0d4b318ea0ab,Rod,4
5f634d4fc6bf52b1b4204cc6374ace97,,20
5f969368b5f544341994a9cd390d324e,Rod,4
5fc82b99a67b56f1013777fe26ad8057,,20
6013675b7d42ebab615621904ba8a657,Rod,4
601745232bb500eef38036d15000ed61,Rod,6
601e754264d45f350efe885a58121891,,6
606ba141880d6035fabeb08400cffacd,BC,15
60892c6d0c062e6aea662eaa8432be3c,Rod,0
6089f69dd0daa129c7a87ca9b6948c02,Rod,0
60a2e9288b8952e121385db76f82471d,Rod,0
60c84e4dfeea41123eb14dd564218233,Rod,0
60d66647ce9f67b2cad4b1a0fc1f2bd2,Rod,4
60e346dbff3feee14dfadd04dec5093a,,2
60f4085052ebb0e7ccbbc95fe27d3927,Rod,0
60f822bc8a8cfd7203771b9145560377,,13
60ff78ccf5688a811723258762e851f9,Rod,6
61132774615b84f0d430598121db0352,BC,9
61194efa6a08efa78cb6081e45065e97,Rod,6
611dc5a56dada2fb25d328f1a5ac91b9,,6
611e34ea0217e0267aa9cb5395a0b65e,Rod,0
611f9edfbac112a644d7ae514c2a4f73,Rod,6
613b12efc99019e244665350baa479e9,,0
6175fe04dcf870fb8964844b7fa5a703,MG,13
617dfd559182c63491800dc54b5024af,,4
61874e002923fcd721ca1b6ce7241a77,Rod,0
618c4d15a346993736693a1098e4b038,Rod,4
61ba0227f24845a34561ebf0eec480de,,1
61bde69fb09ff80b5dc7c2df0fa974cb,,0
61e654d80124907280353e90f1825e53,Cone,10
61fd67763626b7d1784b61d53e8ca183,Rod,3
621125ed5a6d5680b3548451a6508da4,,6
621bf9c51112e187c0aa0f55e94890c5,Rod,6
624a1b3f82feab83568a4088f90c180c,Rod,6
625be94c777bef0cd518b8a262a0b0bb,Cone,10
6280b6a4f0d7590c49ba473472a5c422,Rod,3
62b3bbdf6133a4c604d25a921b5c8b2a,Cone,10
62bcce85ced30883d548f24a7b195bea,Rod,11
62ef1879c0f62316dbc78d43cf80bd6b,Rod,6
6365b47c4ac38a249fcf0f57b5689979,,3
63688149b800cc2f50636ece857e3d18,Rod,6
638ae8d009a46b92fa70bb5ad84371b3,Rod,6
63a6a248f9972b3827bc98b27b52d024,AC,16
63b46c90a1ab7036ccc269a09ae0e4d9,,4
63bf9d5ca1e081a556abf73457bfbb9b,MG,13
63f0aaab3f4aed11b4c0b51ee81be5e8,Rod,0
63fe3000dff03d25d7f903dbb06d7c9d,,2
640efe33f2a67c29078b4ea30f193b9e,Rod,6
6421eb716a93a6d372af55d6e9328fea,Rod,3
64584e2243f222d9d8c2df641d54d768,Rod,0
647dc708f2b4754383f4a3fb9f0c5003,Rod,6
647ffd4c006634ae8fbfdf23296c03ca,Rod,3
6485c4bbda8f59ac94620947c99e62bc,Rod,6
6498cdc4077da0d861bb29bddeedadad,Rod,6
64a2103e1a0b18c59c3264fec1194508,,2
64db66654b7df079e0d803f3847dde49,Rod,4
64e7f09aaeee17435b413da686bffae7,Rod,0
64ef7356f865926c1fff11bac4ff0d08,BC,15
64ff03e4ed2aa9fd37b043a4a0169208,BC,15
650c2bbad90eef2b4f01a485ed0bbbf0,,3
6515df948e0d023139eb58bfc7b58c77,Rod,0
651af805a3874868f2b5cc33c17309ae,Rod,4
6529bc303df60740798c5edc2207eada,Rod,6
652bbe1b5f9f7292b76959f8b424d8a7,Rod,6
65341d8dfe8d0001b0f5ffe9cd4a41df,Rod,6
654468f3145f7866d181211570e5dbf6,Rod,4
654a427a15618c22ecc86fa032b87ee7,Rod,0
658affd6f98f17ed1a3abee211b6e0dd,Rod,6
659bc4327064a80731d57a0de9ac08af,Rod,6
65c58cfd5ad6908c7c86d16b26a9fe87,,6
65c8dd68b59e36651eb73c7acc81fb00,BC,8
65d8c2ce84aea56e9a420f329de89c5e,,1
65e60ebfdcb829906a30fdaaafb256fc,Micro,21
65e7c9d24041066fd0ac6722d77ce839,MG,13
66117568ba7795dbc8c265bcc78b10a5,Rod,0
661198cd7ed68c634666b199bb7e49ce,BC,15
662beab0e189099b1314a8512e0be8df,Rod,0
664af57c4402359abb73f14a3959c10d,,4
664ce30f60ec85eaf1cc83218e6e5e98,BC,8
6666cc65d671b9fd49817142d4dde83b,Rod,4
66760b89cc80ea428bbaa337ab783e54,BC,9
668e078a5517c69a0c04c3db63178c72,Rod,6
66b119f256be96490e68d113653fe86e,,6
66bf4fd4c6aabb2ab7f1b478520beb34,,16
66da9304178b406839bfdb4095b53b6f,Rod,6
66ff215a121dd380e36ff0cf454e82e1,Rod,4
66ff632260c24ff7265268fdde0c6913,Rod,6
67095a94f27e68826d72d2e9ba3dbb42,Rod,6
6719af034c7c613ad5fc03c0dd7103a3,Rod,4
671c7a01f1bf0d0ae449b5fb3a768fbb,Rod,11
671d073a42fc2202cb18f59ac0a75393,Rod,6
671f35bf300e44ef106ca30708731f72,Rod,0
672bf3918f1d1183705581c6b598a075,Rod,0
674c71d9bf9b0aac39f4e293871ef270,Rod,6
675c0409ada1a7d6a9f87f79fad51f6f,Rod,11
6763abe11ac8cc68e27cd9b418399e78,Rod,4
6763ad619bcde594a95c87a57f305e77,Rod,4
67c807e82e63176e629f142a8ec8097c,Rod,6
67e563c4325461c99ff9e26c1aa0aee0,Rod,6
67e851705f5f21d2c10fe9a25471fb2d,Rod,11
680a9dfd244a2c320b81dde95d377d66,BC,9
680fce2569dbcd85b5614bf0e1229cb4,Rod,0
6843ee76c25cda8647070c3b6aea24f5,BC,9
686f03062ded8ce972a71510759fa455,Cone,5
687e6679693e09313ddab3fa3a2d8820,,6
6880a5e8f154b4adab73f9be2e9c3820,,7
68c6b13ea0df17321271afd43bc8dfc9,Rod,11
68d01e126c96a61cfb5b1c56b8b51b94,,3
68d30d15f8efc5673417a3f57f87a93b,Rod,3
68f9d7eea9995ba0d73233b4710573c2,,6
68fb988752732f699ed203f340af7d5c,,6
695be078c48c49388db5e72b4c032a28,Rod,3
696e64968baf1fac1527fb5f32d5afb0,Rod,4
6970b2ba4593e7a56e65c9e549a3e21e,Rod,11
698ef34747a7c85b99233e6476044c84,,3
699563b8ed7a0ff92d69471e6d488dfa,MG,13
6999864fb25c07d92fa9f89429d6a17d,Rod,6
69a7f91b145861200059212a91967b0d,Rod,3
69e2ab8c18548d0d179e41935d913185,Rod,6
69ffd792018bb6bd452a28aec9a077ee,Rod,6
6a169394774a16084c6180dabae12c1e,Rod,0
6a1e8a1853095c5dc3b5da2d27cf2d0f,BC,8
6a2399dee1b4497b3c767328ccc5b35b,,10
6a279e11193727f691aa006cee547aef,,14
6a2fc16a04b1d0410b526d2fb8f69010,Rod,4
6a30d328f95f6a2d3b602dd4cdd42985,,1
6a3817fdd85d729ce1451aad04933b67,Rod,0
6a3aa337c23ae1690640edf0f0b1be8a,Rod,6
6a4c738b292fc3aad0c8b55402d629f8,Rod,4
6a503c1ff5a4056dfaeccb9a0d3c3580,Rod,0
6a5528e9a5c5b74ad5d0c11c4babdf89,,20
6a5be035b6791b2b15c1b43da63f90cc,Rod,0
6a62252ff934fac6ca069c71da5a847b,Rod,4
6a68c62a1baaef0ce6bdf4c233f44a6b,,11
6aae86a69f5387a9d34ab1c7cfefceee,Rod,0
6aaf2f7e4e0897b967b9146d7add4324,Rod,4
6b30caa7cb5450de55c44c194f450026,BC,15
6b568dec89e3b640c10a7ea01c5886dd,Rod,3
6b58ffa48f9c77992094fc70bfbb09ec,Rod,4
6b62c6aebb01b8da70a67f813bf866b2,Rod,0
6b7b0a1088da589b65b21823a1e5d05e,Rod,6
6b843cf174a90e7395ef13c2e2ffdf9b,Cone,10
6b8df134fbceeac2ff00fcd0d6e71664,,6
6b9564ddacb7cc43e631284d9dea5b96,Rod,6
6bc99f2f8b9e2b143f8f44eb511e0345,,6
6bf2cbc2949f84a7e784ba02251d9103,Rod,0
6bf3f17737ffa459c88dded7662f1bc3,Cone,10
6bf60fc34d2f147432eef383736a2066,Rod,3
6c18104366fa4ee0442fe3266b78d200,,6
6c39259eaa5843a7cdc3ffb548688d91,Micro,21
6c398242b2774b5a3da85420e29a4e81,,15
6c494a38d9679d151065cf65a4a59e56,Rod,11
6c5226495309f44ba2cd63f541ad5871,BC,15
6c64e65524bdd9ffd2247e11d2083a4b,Rod,3
6c67c23ddc137eb7fd35aaa1888abf27,,4
6cb3c9202c033ae554eadcf16f803920,,6
6cd564c8680dc8ed6bd7d16d5e232afe,BC,8
6d042948bf7c0ff557949b4c2d3f4970,Rod,0
6d04c513d59ae4c9fccb94ec8f871548,,12
6d831445dad849d85d7bc4305b07b2b5,,16
6de711bf000ea238c55506c5b2e785fe,Rod,11
6dfbcb62e7a4d8ed09be385bef0b8309,Rod,3
6e017be4acaa49470157f90288aed7f4,,6
6e0262e56848163d96817175383fc7e7,Rod,6
6e1a08e56aac334ddfb97f63a51fe95d,Rod,0
6e2dac6a903f5a6ae52fe020b551329c,Rod,4
6e3b42153aedf03fb2664f6086857253,,16
6e43f7efadb666fbee09b2b0ee2a3a6e,Rod,11
6e6000890ed4692a1dd88fe7460b4d3b,Rod,6
6e66dfae7fd4489fb07871e2217f4080,BC,15
6ea75178c87b349cec051b6afef73f06,Rod,6
6ed07e33db1a47870154c88315811184,Rod,0
6ed66e762e21a351e12f2f0ff7632998,Rod,0
6ee3b1943d340626a50d54ca505910fd,Rod,0
6ef1295c6878d2bb556c1ae65833668c,Cone,5
6ef8dac1616be3d65d1987015c04b481,Rod,14
6f0c37658366b30b530561313bda120c,,4
6f1fc38e303dbce3cb7819dc6754f87b,Rod,0
6f43dc02b2c7eed201b75e4769a610a9,Rod,6
6f4759e94452a9fb22ac45b0fffe6d7d,,16
6f607537b8c0a2e00f836b0206db4c4c,Cone,5
6fce12e4911839308ea4f7ce9f6bada7,Rod,6
6fe8ed0f2fdcf180641916c408226515,Rod,3
7031ce31b230c425ee2fc083435ac062,Cone,10
7062a1e67bc8f2576cc36f7b4361c7a4,,4
706b5f2f48fde4597c0f4543bde3861b,Rod,4
709c89efb1af9efb428995826850e58e,,1
70b276dd4d33d52283402962830c4b7c,BC,15
70b9a16b0f2ea33d97ceb4a2c53861af,Rod,0
70e674db224f520a8085d7e8cab4ca97,BC,8
7100b222a98e1dd20f20fd8cb5832aa1,,4
7119189f3b4df3de200838cae597eb1d,Rod,0
713d78fcf2271bbdb9875ce97c698a0d,Rod,6
7146ab977ca89ee4b3204a6acc3da101,BC,9
715de9a34479c0f2568aab8c86cd9921,BC,18
71806bb559bccb27b7efef0e65402fd3,Rod,11
7199bc098f12cd1c3e2cec5e26b36c1d,Micro,21
71b53759a3f0232e16d4f5cc0bf9b089,Rod,6
71b554b022702a90785585a8721b4715,Rod,0
720f1135a520acccf8e99aa574a45c71,,6
72199185b585a8c34fe2df4fc52becdb,,4
721d38e3d7d4622f3d61cdfcbaddf269,Rod,3
7220a9adb3f138d03aff2691ed4badb3,Rod,11
723ac77dd2fb23d0a56bec5f972108a4,Rod,6
724b3cf98ef19c1dbd77bf91e1f0c662,MG,13
72528704f12826b65bf51a17a2c6a3b8,MG,13
725a29fb1aa7c146bd5efd5762656dca,,19
726883e1d7dc108a5a4e4bbe739eef5b,,0
7270176ddd8638df86851e9cb61289a1,Rod,6
727b8a189a4d964bac730bb06abca4fa,Rod,4
7280d331c4befaffa421c18479e2fc40,Rod,3
728b1d2cec1cb33c72c32ce3f9adb6ce,Rod,4
7309de84856ed1efb5e8657371a52156,Rod,6
73133c2f492f902b689e46a91919bd6f,AC,16
736e10991cc161582075f335b41de2f9,Rod,11
7398a70bee1c79f812c3ac480420f265,,6
73a1f8a300c9660afc98caa1d190ae08,,2
73ef5ec76e9316d630585a405fe08839,MG,13
73efdd7978a09f257c16f06077d779b5,Rod,6
742e65f3725df2f8504c6bfcdb44b0a1,BC,8
743a5a86e952a74dd75c8218ba6aff0c,Rod,0
743faf0d0de70cb37232d80acc1df5d6,Rod,6
7462b35cfb0f071b2c20022065127fa3,Rod,4
74751d44e578d23291cda54c638a1fb8,Rod,11
74970d9521112453ee8b4be072fed9ec,Cone,10
74e9a9b9dc275d77ffa06767a5fdf14c,,6
74ee71bd79a20c340ea9c4793eabbf9c,Rod,6
750fe96204ffe2da152140c4a2e6f09c,Rod,0
75229f99c6f45ef0ffab9e126aad64ae,Rod,6
75256ae971ab287e5fb1f21611a8f83f,Rod,6
7599246801816800e53ce81ece9d84db,,1
759cc2d4ba93bd8b3e4ec6c57c576b17,Rod,6
75a2340e81d0b8cdd85f2b298022c41c,Rod,3
75ae5c5765fae0095172979e79265e43,Rod,3
75c764344b53685c58e4782816e40629,BC,9
75ee033a7386c3d5061e323b8e3522b5,,14
761a16607f070f1a4cf4a0bb24974f4d,Rod,4
7644c3e3ae767e5b6bdad73efa0301ae,,14
7651a9b061ed91a53a6ae4aa3a4b89a9,,16
765952bd914f3dc6371f5c4abe8d4eae,Rod,4
767808416c48005cae1f6ba917f8689f,Rod,5
76846bb73b03536d6861409e6d5815fc,Rod,0
76a29b09f633500d08995a858917b535,Rod,0
76b2171fa920b64d2998d8f907040a53,,6
76e18369e8163be473f076dd51314b42,Rod,11
76faa6055ad33fc70e5749051527132d,Rod,4
77149cb62ed2709a5f1343cbe7b3da35,Rod,6
7762f727be81c0a65bc42ea8e99ff82e,Rod,0
77714f2322c8c1102ee379d05f43f9cc,Rod,6
777819d066dfecbde649e4f6b9913b41,Rod,0
77874ad31266ed7b6f7a39ec8f774053,,3
77a00e2b1a618f0b4bdc5b1137bf10b2,Rod,11
77cd70f5221618d552def9d0925daf6d,Rod,0
77edea579341bc1052148030a906bd48,Cone,5
77ef824b55838789ae69dbdb39df18ed,,14
77f328ef9a71c8a771430ce06a8754ca,Rod,6
780d137fa56ff29ab7a506f4592613e0,Rod,6
786db61924957a53dde17ae0ba66a5dd,Rod,6
7893bf35fba8f48101fb8b4f22f9b971,BC,8
78a0b72a6d58c403059c8208a62947bb,Rod,6
78ad7509e2f5daf8ff96820532f259cf,Rod,6
78b2ae5e3989377bca102f7e1fac133e,MG,13
78e3b6d49b260768aa5fbf7d5f820a8c,BC,9
790e38e9ead4180de4462110b9b6ee13,Rod,0
7913e4a40d1b0d16992bf8cde6ee5c2b,Rod,6
7920c6d774b82b791402f709fcb1c937,BC,8
792e4abd54fd0c8fa2981be8b6941096,,2
792fe786ffeeb3247c977a41c80d863d,Rod,0
79342a795f1ae6da62cc1608a7de083e,Rod,3
7964a6db0dfbda69824f29e86d182407,BC,15
79922b241d98c2cfaed9da384c877d39,Rod,6
79ba1000ca3bf7d7bd9dc49e2479407e,Rod,0
79ca471a2fc3dd5356de06beac6ebe36,Cone,11
79cbdb8496b3700a914a981d8266836c,,3
79d5a517b8a085e860d9e0903bdae92a,Rod,0
7a3ae5d84e15706ba672e4a8fe2d8575,Rod,4
7a4a3d7a1c51e2b82803e140149311d2,BC,15
7a4ec28ad8b4ed963dc3b33165e92769,,6
7a5f37443d21e9384f127c4b9f1b8629,,1
7a69e6554589b68f4b5ad9d85cc31ae5,,14
7a7ba5904ed8be020a0bf8ed0a755635,AC,16
7a9a5a6e38bec9829ba093f80f1275c1,Rod,6
7b0a49421d5ec06317fee98fc517529b,BC,18
7b0d76857e75aa416faa9393eaac2cfc,MG,13
7b1bac5b447e47a30374593468076e2c,Rod,6
7b38b5dd7e079134d70bcb6eb866c474,BC,15
7b477af63b7c97cdfad347d0c9ea684d,Rod,6
7b62bc934434efdf56cb38012d3057fa,Rod,0
7b7a19131122f4fb067c426280e36a95,Rod,6
7b8da166b752db0abc22aced6238adbf,Rod,3
7b9e0596112bec16b309bf4330e4b557,Cone,10
7baaf02d8f979f48d9f022062fc27d84,,16
7bb2ba9966d1de5b59e07c9ea9367fba,Rod,6
7be7fb5f8bc415e838ae9c011b97be7a,Rod,6
7be8bb5b81faeb1f0ff79b9f164068a4,Rod,6
7bf904a404c715d01e40da2288b2394b,Rod,6
7c15ed72df8d81f7d094dbfc74939726,Rod,4
7c32da596e22cd5550c953675e33ba10,BC,15
7ca55f3f18df9b4db2dede728cb633ae,Rod,3
7cad91e34841d2349b1ac4edc613143c,Rod,0
7cc85efa386f37095ffe0ab3b8d05a78,Cone,10
7cd70b960256d52508774adbbd829202,Rod,6
7cd8e0a825edac84abef3e7548fa580b,Rod,3
7cdb65d2444ad2a9faddac12766a5893,BC,9
7cdbc43a71f54eb5e307f785d72835e4,Rod,3
7cdef285aea63e2e3024b64013ac1d83,Rod,0
7ce6f463dbaab1aabe93f9d39e7f31df,Rod,4
7cf0acf13a886cf70e5d7baa3eddd452,BC,8
7cf48e82316168d55a52b80b74e1df2b,Rod,4
7d22d1ddb9bec5b8a287d1e38f97c173,MG,13
7d310ef2d97c56dd559d56660c971734,Rod,3
7d66495fdff12a61bbc7427c9500c324,,11
7d6fb660d94f6b00e777b7f96f29fecf,Rod,3
7d7ab1cb991239b1c824c2597e253912,,4
7d87e108a2c719cb83225da08000724b,Rod,0
7d89b2361c9b516c7310103b2b027628,Rod,3
7d8b53599cb676f96e56df32d5238a51,Rod,6
7d9f7d4252038db41340c7a1ed324eea,Rod,6
7daed339fc719c430aa54ea2566c7b6a,Rod,6
7dd08d5b7fc83a58594ccc19ec5a92fe,,1
7dd652bddb2bdc7463d0d1085026db3a,Rod,4
7e1e378146d2aa81e8d7fefe785c4f29,Rod,3
7e253ce85c4ea8b49a9148436a19c495,Rod,6
7e2bdb068ff82e2dda160dd2404ab069,AC,16
7e2d4744e8debbe4cfeb3736623dcbc9,Cone,10
7e3bdd241e412cdfdbf778653117c2a4,Rod,6
7e41f3cf677c1b79675cb27eb9ccc0b7,Rod,4
7ee1deef167302843a821ec150cf1f35,Rod,0
7f19c6e8a89eeb4c00e900f17d17ab93,Rod,6
7f2eac41441c077f5f2d07a94b19c39a,Rod,4
7f37336abca2f308c7f2eaff1ed8e4c0,Rod,11
7f4e4eb1863120e810b50263ba34f97c,,14
7f55e23f572a277fa296616883356441,Rod,3
7f61b9189de29716ca1e69fdd2d0dd7c,Cone,10
7f850465dcc1ada9e93e04887543d128,Rod,0
7fdcad53dbc712c35e489c744fe659be,Rod,6
8003153c08b778264ac75129bdf1ff63,Rod,4
801fb5a42507cf341fbe713d6c2cffae,Rod,6
8027eec4fe0e1e1a186465cf0787910f,BC,15
803c4adfa0feb1aa498ed4ea192e889c,BC,15
804194ef2b2623682d9ba327de846d52,Rod,6
804e3d57f686bd1f607c06c297aa3d0a,Rod,4
8065de94a4d373dd4805847d9532e021,Rod,4
8073ef6b3130e8dc95bf522b0f51212a,BC,9
8083187d24ecaf23a8bad2dd2dde8dcf,BC,15
809fa12d8d97fa5dbc0bb133fdef2787,,10
80a044370bf4b34ca9091c1011949e58,,2
80a0b6d0564191a12b03c441f8fd4289,,3
80d13e29631904e426c96805eda81bd1,Rod,5
81541f79c97fc20ba822b00d8ef337ae,Rod,6
81a1acdfb84c9631241e02f2b05649e7,Rod,4
81e384dbdaa410ec76759683e7d552b5,MG,13
823b30f1d1f742ce7aacb7714aefa764,,6
823e8b9a932dada1e66d0467ab84b4f3,Rod,6
825c7a627ae0b6bc1875bbc01991f97d,Rod,4
826164ec6c45a00d322843297eebf269,Cone,10
8283109f477505016ad71a147473d5df,BC,18
82cb4be1b4f0b2169ded985ab6cc3407,BC,9
831f14b22566445bc926ea8ee4f1d5f5,Rod,14
835237692479de1d68309a8bd2b7d2ff,Rod,4
8360651d66e07e2bd882327ab133be19,,6
8388cfacb0f134ee2b0a27e648448344,Rod,6
8390d37b800ed56dcc0359523b720022,Rod,4
83a2d3b16363017ea5c084bf43a7e2a9,Rod,5
83ab2473fab0315b6066eb0260a25e74,Rod,0
83b0a0d00acef354f4fab8c12125e15c,Rod,3
83bcccce330e3d4d4325f2f1852365d8,Rod,4
83f68df690b31582be7bd7632aff9429,Rod,6
8406e2bdaf7e2e5ad66bf81c553fd4e0,BC,8
84166c66e3e9a702e0f558263dd32631,Rod,6
84204d344a2e0e736526d933e89f043c,Rod,0
8442c5f36550c5a13000b4355a73b769,Rod,0
848b2710ef21ff49aa090dcf67a12ef9,Rod,0
849d84f93368f05afeef0add12f003ab,BC,8
84bd7270b7d7c7a0139307de7bdc6b17,RGC,17
8503599974888cdeac92e37d77c6d156,Rod,3
850c9d86546409d8b5a421f9a0e591e1,Rod,4
85280c12f64b667864e89b2064ec489d,BC,15
852b0a048ceb73c712ea622560d181be,Rod,0
8546b2b034d55f26d3418cef84dd04a8,MG,2
854be0f81b33179b581b313a52a3419c,Rod,6
854f9c7eaf189447abf442f5d8905610,Rod,0
859d8c0838a07cff4d6264d75f7a3f7a,BC,8
85a78af8224fed1082d24b34dbd19140,Rod,4
85c57788db0397e0d4ee37957cd0eb7a,Rod,0
85e674e4c17d7a48749bf44f6ef32c16,Rod,0
85f37e4dba740ca83a6aec88345c1ef5,Rod,0
86040a07253003df83bf52e6706496cf,Rod,6
8638cb66c30e06b56560601b65e32498,BC,15
863ab1ab95e5a901aea807a1daf91754,Rod,0
8685a681c26111b0722a805ed8aa2563,,20
86985c109bfa3d7a6c05dae932582c88,Rod,6
86a41f8fbd338ca40ae4f0ff241ad576,Rod,6
86a5619dd7c729fd22d380d65e9adb06,Rod,6
86a75de285fe9108ba73aba67de2ad10,Rod,0
86d46c16059909c98bdb8fc596df716a,AC,16
86dd64377114d55c64d366f281ed8973,Rod,6
86e816406eff19336c6f9fe066453108,,0
86fef72b3c19daefd8d51892682b40e6,,6
8706c9be37b40b3a9b30ef117fcacc3b,Rod,0
87097bca6b281606b8bf8eed9707f7cc,Rod,3
871c18994bd22f3b0f30a57c9ffb5f9f,Rod,3
871ed7c77f19f8c46ee320869a32d305,BC,15
87215977324a4bc16ff2776711f6c5d9,Rod,4
87394a3088d3ff0fad237c36003aae49,,3
8750cde37e54453124c916c81fe2874d,Rod,3
8760c028f76fda33dc97507d756c1f53,Rod,4
87de46086272659f998c8ea974c65d37,AC,16
881687e4320a89a208bb46aa4bdc0941,Rod,6
8820f282ca27e4a569927611d9056f3a,Rod,0
88359ccc08d2c70c20dbc4e629048780,Rod,4
884d867bd419e7eb348fdab3fca39e0c,AC,16
884ed6b8eb989d70fa8cce653189acc0,,1
88889c3aa97dcce7f6d79fad5cf39efb,MG,13
889d513e8874801ac5f7a730d35b70fc,Rod,0
88a8dd93a92caba5c9fea50bf50cd593,MG,13
88c52d3093e796a09a717330c5374a46,Rod,6
88ddbbf8f0d65cc209d5a39550f40b32,Cone,10
88fa8165359d324a18e6eb69ed5b2b3c,AC,15
89020616ede4d762fc1532a249a525be,,4
8911950c6c94197041b25ca1e469d03e,MG,13
8912e7a3fb5200501e595ba800bd33cc,Cone,10
8916460854f59452b8427e87c07bc5a3,MG,13
891e92d2265ba982f3a02221224b4819,Rod,6
8933d9372dad4db4d51d5ba84a2e9fba,Rod,11
895971e90a4c2f9e1b8d162f1e0c2d46,Rod,0
895c935505cc884fc49039be1880eaae,Rod,11
897e208005d36ac96c9c23195953bae3,Rod,4
899dd479a877ab6be7e50267810a2bfe,Rod,6
89a0d4d790daba970c21c3631360e3ff,Rod,0
89b8e249e7298784b20066a783fb070e,Rod,3
89bd949209cf1d9257c79692206b5a2b,Rod,6
89c04f24afabde1121ed555eece52332,Rod,6
89c64ec5e772bc3f106c5b514a5eb815,Rod,0
89d10d28409135829cb9057912d3156d,Rod,0
89e99996e6d964c490818b613210858b,Rod,11
89f3704f1f1bfb1440fcf32320d0425c,Rod,0
89fb8dbdd9546844312a533b80d37e8b,Rod,4
8a06168107eec606e3bcac1ef6947a62,,6
8a0ba1588e673fbf18374b73d914db60,Rod,0
8a136e3c6c856531ded9806cc4c4c857,,20
8a3cc92a4bcf7a5bd412824e866dfdf9,Rod,0
8a76e2ba9cd752014b4fc8e3fd57bc37,Rod,6
8ace2f717021dc3b68d8c702fa4132a8,Cone,10
8adab6dc2d32f7bf6189a9e24c6339d8,,14
8b299e5660bedd7bb12948d3cd9fd4da,Rod,4
8b381dd837875338ef0a7f443910815a,Rod,3
8b674951f004f1d8f6f20792b8b82b56,Rod,6
8b79c9b9dde25dd6709bbc2b057d2a75,,6
8b8b31000db3490ed87212adb0719b9f,Rod,6
8b8d38868d39bb63e33f32fc84064f50,BC,15
8ba68482a7efd54d1541bd324a554c61,BC,9
8bca851fcf30ab46396e284d3cd0d182,,1
8bdc831b331e4077b7e305382a0abfb3,,6
8bf8f5ea8f17e115acb801e9f8b655a0,BC,15
8bfe58b7c3a76d4347a18350eedc8ae9,Rod,0
8c02f3931f7d941dd783fcf9ce3d3923,BC,15
8c0c01ec6acaabba3c37680e5547b90a,Rod,6
8c7c6abd75258b6576eb4cd1209bccfa,Rod,6
8cae782f261acb991d77e2d1a4beb6a6,,14
8d0688c114adeeb73ab1a9ea37ff5a6f,BC,15
8d317fa32ffb86bce80a884f2c344003,Rod,0
8daa960622a74b81d9e1ec0fc43a799a,BC,18
8df7e28cba50bd8b3207149427dec7bf,BC,8
8dfffc8f10c70e3c0d6469af9a7a65cd,Cone,5
8e00c3c67265e315680a62afe0765059,,4
8e0f206d00dd8d52b400335d17fa21f5,,6
8e0f8d8c6ef912052b9fc69d942954e3,Rod,0
8e1547b93c639d651fd938c9b1a4d58e,Rod,6
8e42ec09436589e2db9955fef62e49f2,Rod,6
8f2a77e7ae4577213a19dccff728f4c7,Rod,6
8f5887e292975864e89aa38e8575ff95,,14
8f7256ea85ebf6d0d0008fd85f0ec840,Rod,6
8f737245904dbfe0d6b4c389caac3d5d,BC,15
8f90e631697b9ee3921184f1bee597a3,Rod,4
8faee1dd038966c0d36809db2ea056c3,Rod,6
8fb793ff284fb52003b0f65b79e8043d,Rod,6
8fd9db5c0dede2c4a74eeabd9836c6ae,,20
8feb4bd39cbae56076d54d74df2e439c,Rod,6
8fec857fc617f498eb366f71384eea19,Rod,6
9009d0947e29012f8d36f2c65e64f627,,6
903358fd21e9c8fb5dc685bf1d4db5e7,Rod,6
90525b8f218d5238fc1cd66ae5bf71e3,Rod,0
90718edd8e8916b91295fa55f173b0e4,,2
908288007278e4ae3d1173bf120fe58b,AC,16
90b2e0ef31fa8928b7332d3aa2f2bb79,,1
90d09f7c7f19091dde38bf8f4dfd2b81,AC,8
90e7cada9d23fe2d6b1ec5b9d8bee91e,Rod,11
91689639bc8e960f138d6f6e2183e8b7,Rod,6
917acf7bc8b95ae736629b31a630db48,,6
91923eb87c2291be290d87a348a0382b,,4
9198a677ddf18a8dd6209db3c1dfaade,Rod,6
91d40d525eadbe67f9940f92c1fb2ee7,Rod,0
91edbd86c753f0748854a8de59b1d9cd,Rod,6
920e5c6b795035aaabf5506e010a1e03,,14
9231eeee78779c29b28eecc9afac8e5f,,3
923b3ec7065ed427bee24d43dbd923fb,,16
924c4591f7ccd7a31986ae381e7e1cd5,,3
9266274ca70ba9bf3be7bf4031625322,Cone,19
926c5eb8e67e207a385554331674289a,Rod,0
9283be2de83f8d6fafd36847cd6fe02f,BC,15
92b2a41458909b84de7aae121eb04513,,9
92bc6fbb03a778919051caeec3ee1c95,Cone,10
92ccadc565eb63f9ec82fb123a6ccc8d,BC,15
92cd6ac5a5c71bf64dc04758976317c1,,10
933ba435e878932e77ba32b7c4936623,,0
93455a71bfdf08db98b0c803c1171d9d,Rod,4
9373e2db66d57ca2d8a863ceb0cad95b,Rod,6
938667acc785309c19bf9a9ffeb4f415,Rod,4
93aa68f857c98bd7952aee9ccce7ff98,MG,13
93cab19311a055d25194ba9cdef29654,Rod,0
93f805e9446bd38de3f0915c6d13ac41,Rod,4
93f8baa5a1d6e50790730b3a49536ced,,6
9409b5255ef2c86362cf3533aa1235a0,BC,2
940aae3c335c1845ee0a1587588afaad,Rod,6
9417de37c33cf85282ef16d686750138,Rod,6
942a86937884e7a2356441ce8b884d56,Rod,6
942ac6fd77a01e9f413ed8467a9bf136,BC,8
942f87172f28ec40aefb502754c3634a,BC,9
9439d4fa8dc2d7e97a51fea73c8d7451,Rod,6
9447921d4ec2d44167d31abad3f2af45,MG,13
94541b46aa28357cbbb1f1fa9d422c0d,Rod,4
94646b639f471ce52513d8da41c02916,BC,9
946a4f4c31d4815541aea0330d13d5c0,MG,13
948bb1e662bc0c37db5e0b5a7cdd601b,Rod,11
948cd5e5dbfd0190ace262fb0a8a059e,,6
94c0f87ac76b8b968361d36b5c351350,MG,13
94d29c9b1fce407d358787e66626be19,Rod,3
95004763b79889509098ec1998f2c65e,Rod,3
9511e690a408cf561f6f287ed974e7f5,Rod,4
9547f5aba6b24a05270f3eb42039dbcb,,1
954f69c090227fd9fe83a3c7197366e7,Rod,6
95574fa48b5fb95e012efd90d650f0ac,Rod,3
9567ed62ce8bb2bb2a383ff2be79f1da,Rod,6
956cedc06a00c5278c56c6372b216988,Rod,6
95749cf89410fd04bff31c481368b09f,,6
95b842705470ca742fff4b89c624b9a7,BC,9
95b8b2a9d065f220ef9eca3c15c51231,Rod,4
95c794ee379526e79a139b8f35e2460b,Rod,0
95ec4e1eef731361ea6df821f1e62aff,BC,9
96302f4c32e2a32652d10612d22ca7a0,Rod,11
9632e8d39a267faee8cc910af2bcf05f,Rod,11
9635d91f80489201b969b7d4f71363db,Rod,0
9654c58956dbc9b3d0ef7fb67f97d45b,Rod,6
9657c5167591614450bf44efbd46cb57,,4
9678ac90b1c8617787858300193fc54a,,1
9678d41c6b37c4750883984bc5b65207,Rod,0
969ce1aaf315d3f8c23db44c492fcf7a,Rod,11
96b4987904798a46671a3d9c19b4a211,Rod,0
96f15bc2b977cb258044c959cefd9a84,,0
96fa39e85d0933cb6386d5f2fa421b13,Cone,10
972997a8d49549e6d898591d4a64a9cc,,4
9739549c6b4b673abf58e94bcd2e1698,Rod,0
974b1d21a80bce048c7a5240836875dc,Rod,4
976c9aab309ce90c17b9f7162ecb026d,BC,0
97727318b40c2ae2ce856d3a5262191f,Rod,6
97a53b4eae4b8eb3c02eccebbdfa8f8c,Rod,4
97c902d5cc2315bf05890d0443c6d99e,BC,8
97db5a7a08905a2064aa501671fe2498,Rod,0
97e5a291587922cc710ac14e8930ce2e,Rod,4
9809b45a21eecda3d707498198baf123,Rod,6
980c83eecf9240485369c2fdd53da85b,Rod,3
98125790a02bb6c78d78d1d788a51c78,Rod,0
984c9e2c971d5ddcfc049340f8d15291,Rod,3
984f606ee47483e268e2b9d8d0756607,Rod,6
984fec11d7c72f0e872ea0e149fea80c,Rod,3
9868c495bb6de338f835569177c5583b,,20
986b9cfef4e47f0a4621dc1b1ddd28b4,Rod,4
98a26ae4e09edd7f55b8f13b2cbf34f8,MG,13
98aa8c0496bdb7b2c8636bfad76a7580,,14
98d1c7b3577f524b8c944307879fbcf1,Rod,6
98e8b53500330d979fdd486c18a69030,,6
98e96d739b2c915f1decde2ce8222154,,1
99cc3e9f27e2cb4735987a5902bd82e8,Rod,6
99d123ca3e39022b6c8721f7490dc61c,BC,18
99ff916d0ca1ce1361f8705e6f216478,Rod,0
9a12c99742ac121194c37314e43c610a,Rod,4
9a2930eeb4158c36410f248f11547b98,Rod,0
9a3be1df4b28f271909008ab69acb99b,Rod,4
9a49962e11cc8a99d76fc7cc9b4db488,Rod,6
9a656a135c93b41037da0faa0ab39871,Rod,6
9a69b7ad59a49e6c2f300b60babe3780,Rod,4
9a6b699436d0ef7dc9121eba6f69779a,Rod,4
9a706fe838c3f0b31cae29dd483a2634,Rod,6
9a77d5ce4e8cb06b3b04471d72003092,MG,13
9a975449f8e8aa6cd5b5082838ef1f4b,BC,9
9ab4090403e585fee6c1b7392789189a,Rod,4
9ac042da1d4ecd4613f2b3874f68b82e,Rod,6
9ad8fc82dbd31827c3c0f0afc3fea137,Rod,0
9af370c31068018d27a3647c72f4c993,,14
9af3c3b7ddf892e31d0f87f9f0105772,Rod,6
9b1960665c427e23330dee607b5685c7,,11
9b1a2467428b4812b922e23949d7c165,,6
9b1ec35759e62e34261b01c23fa032b2,MG,13
9b37e6f96e85651a9b1a13a06ac47a6c,Rod,0
9b66131f5813bae2d6ee1856466efb89,BC,8
9b91b54a0df9aef0a58408c63a2583fa,MG,13
9b98f342a87fa74d2a0ec5adcf333e56,Rod,4
9b991746c4fea47d8bf1df765034b756,BC,15
9bda8ac9fa2a48a4611cb2a0135b8c1b,Rod,0
9be7ffda0c3c33d3ccb3f5fe22f2aa15,Rod,6
9c23277e75be7548c3fa9fb765dd12bd,,4
9c44ab8e14dc52ddb72b2e6619da93d6,,6
9c6452d8cd008f1477c3794423bbc6f6,,14
9c87e93b6bb3e383d9a493a14ee1b0f8,Rod,0
9c8b97ee162386436c2f48b55de05886,Rod,3
9c9b9756de8c7cdc8060003960757eeb,Rod,6
9ca2c510e22d13cb657fe8101888437c,Rod,0
9cb56c19a4e53bd7beeabaafa244521b,Rod,6
9cbbf8a320c185e047780c40c9b22b81,Rod,6
9cbe0dad64e84e4994bfc9af97f3e534,BC,8
9cc00338186dbbe8d106655eedad9aef,,1
9cca8322d12b2e02d924f27bd68f3fed,Rod,0
9ccfddb8aea372ce679a292a59566041,MG,13
9ce4621e6e629fb308eaaff88c002879,MG,13
9d233e7ad265cafd72e4e71e64716b72,Rod,4
9d24ec9ac86d1f53dadcee422d712a26,,6
9d290868dbc408e5b569faf57c3e8cd2,,1
9d2928186c07e4c4b3c1ed7c90ab667d,Rod,3
9daeee3dd7825b4946e3d405338a1e20,,6
9df72630e209ba881ff536ef65da9892,Rod,0
9e1e6ee3db9b6f15d67f44d56ec3069d,,14
9e368c417de697dfcbb0ecb4d1670a6e,Rod,6
9e657475f814eb11fe1a7ca281df50a8,Rod,6
9e83fabb1883747af438a6bba6b0eab7,AC,16
9e9d041b012461cd6e4b79ad03d7fc1c,Rod,6
9eb19bad3855ecd94986fc97ff4c9fbf,Rod,6
9ec6b472b2f0c8d4d69a0dd9f284606c,Rod,4
9ed2375eef79634cde99e8364e44e571,Rod,6
9ed3d257fc5632cfb78cc76fbfa31415,BC,15
9ee0d6c289ab752e357ec9727bd7c4f8,Rod,6
9eeca45f694897fa40aa4a1a0d4b4d59,Rod,0
9f11cfcb52457e4f950824009ca4a0a0,,1
9f1301afa422163d9a7fedb1896c8b8b,,6
9f1c4281d15b2710c2bea7f2c875ff75,BC,8
9f41650d4374879d27c70c97097f1801,Rod,4
9f5728fbdf613b9fe3801afd93699ed2,Rod,4
9f5fb5792e4471ac5830bd75666467fa,Rod,4
9f8b84752e42e41abcb27392953df27f,Rod,6
9f8f5954447a5dc9e43478bf744ba13f,,11
9fc0a3d063e72f68e31e85e2b91f1e10,Rod,6
a022a30aefff53117668046076857b45,,11
a058e97979d1c714b84bf427da691ae8,Rod,4
a0705f91ebcecb7e2ade118eab68af2a,Rod,11
a0c47f1f739d45f9238b006a2e469233,Rod,6
a0ea9b3f1badeb4814657c8cdfd8ea16,Rod,0
a0ecb57107d10eee73b5fc69013714e1,Rod,0
a13fbfde7536112cd367cd2669d3ca98,BC,15
a140dc619d8866f9cbdf5d3cc43b3c1a,Rod,4
a144742e1d70b99c7ac9c5fe1b179235,BC,18
a1542037a8c2b85c5a7677f779da0ed2,Rod,3
a1557b01b6e596304d33c9917a286c40,Rod,0
a156cfac651d53c853dd5d2009e6ef33,Cone,10
a16851594707fcad0d1bcdf75087c3a0,BC,15
a1cb03313e5e11bde24ebb1feb5db729,Rod,6
a1cddb26f2edb8e8d6384b7cb7226699,MG,13
a248894709f3f328c86c3de4d69ed3fc,Rod,6
a2ad9c051baba205e6e16fd4eb245fc9,,1
a30b7c0b0ba6fa78ef9b3851a07ec7ff,Rod,6
a322e2a68cde77666f986af127034927,,1
a32f8a01ed70f70a06be07ceb14b000b,Rod,6
a3413edecff3df16376abd62614158cb,BC,15
a346c1a3749ddb8f293b8f6f5550bf3f,BC,18
a355db606ebc2f2d5a69e6f53f50ec49,,4
a3617ea32fc9b3a9c35342d5be2db825,,11
a36238b47278ce26dbe4f5de338ad25c,AC,16
a37dbf07202b693ff6556dc9094335a8,BC,18
a38ec6bd27fdd4e6d1c3240c96238553,Rod,3
a3c80e3d78b0b6eac8d84a4b94d78f85,Rod,0
a3e75b8e50102ba99875ad3925fc5f0e,Rod,6
a44173109f8771e2266cc59348dad07c,Rod,6
a44188dcac7588ca3882e89e61ae2949,Rod,4
a4496b0957e56db8ff1136af2af645ca,,6
a449d2920efa985cb28935241eb27c2c,Rod,3
a45673c720e7cbf7b8abd98d2c5d0c45,Rod,0
a465ff10bbb6536be5b1b058994ec7a5,Rod,3
a487f4c9bc1885af9a469f3a5666d937,Cone,10
a4fd5547a457dd5c002dae5506fa3dfa,Rod,6
a50c1c0ea859d10cae635bbd86781546,,6
a50f507379a44dc1cdc853381288cf2a,Rod,0
a52fe450cdc29177cd3a60722dd914e7,Rod,6
a5471520cbea7007c5aa6aec64701ac1,Rod,3
a56421b48548afa857718e46454960f4,Rod,3
a5b823483ab07395feb55778e7f0a0e5,MG,13
a5e84c5acfa9875ea8b645f6649524aa,,1
a62762ad7725c7c3330a25db0d57883d,AC,16
a6436ccedd06090995da34a43a210a8d,Rod,6
a65f9759d08b5f0aefcce7932c914726,MG,13
a66c2ea3329611761d11555e42536459,Rod,0
a670fe4b7b4ea30dfd74aa93996185d2,,14
a67e533ec48f30366c0653c49c74bbb4,Rod,6
a69a5244da6b985817b1dcc2224a3565,Rod,4
a6afc090f58cf774a4b3b797d71a3c84,Rod,4
a6d59657b3dca3a8b5db0628a6e639ec,Rod,4
a6e0a34eb3ca01ff28cf6d19f5229cf8,,10
a712a303b5f4bbd4979060787eab1068,Rod,0
a714fde4d8933dda7202a1115fc1b35e,Rod,0
a7190bf221c5f98e72c16a60f3de892b,Rod,6
a78f75c1f372b5a77054800d15dfb044,Rod,4
a7bbabf94988523668798073b7f58c26,Rod,6
a7c906874c4f03cdaf5a49b9f6f1900b,,2
a7e8609cafa906457a76028ef4f60ca2,Rod,0
a806d43134e2b92edad3be71fb4e0e61,Rod,3
a8100757c8078fe80aec55a74f475128,Rod,0
a839bfaf3ce91b2aba31b79fd1a41447,Rod,0
a85121d013db7b8df826e303afe508ab,Rod,0
a85d23baa6b3dab6b9262f856507e2e8,Rod,6
a867f7f047c1792739ed40b4d8097d9d,BC,18
a8687c7e129b906d3b89546553133354,Rod,6
a8996b2f37523495eb09f7f3171c1bbd,BC,15
a90a02a24299b7353446ea5b1dc837ed,Rod,3
a9819a96a620b9789ea62dcb5f007505,,14
a98851c289b019669c34cd2746f76317,Rod,4
a9991c5908e0a2557e277521b0f30285,Rod,6
a99ea55c207b3c8b7994294e0a6a691c,Rod,3
a9d50cc75d7491998f89657a4ad1dd8c,Rod,6
a9e64b2d164b109d8b1c26f2be1fafeb,,3
aa61507a11ad8dab13f592198c71f3d7,BC,9
aa6d4f834ea384ddd358ff371625b910,Rod,4
aa9a716c0b5786bf7c26183d0eb35879,Rod,0
aabf5ee2428cc35ad0b5cfa812e929f1,Rod,3
aac35ef52a0c3be5a1ede76ae80bab63,Rod,6
aac98b288020aeceb9cfeef9b05d9767,Rod,0
aada158723d0fb48e67e3d04bb140754,BC,18
aaf32c9d2d40243face8c8e8f9a15bc5,Rod,6
ab4554645308a1f1f66ca2353c3f46eb,Rod,3
ab5ca3e8e49f33c9daa25223ee43101f,,1
ab6a7c025d4b4ff16f236ccfc7713e14,,6
abc1202d2527647387629d97dc3f5f63,Rod,6
abc3ae6bb87cead506eecaa180d12bc5,Cone,6
abd7942100f7a670dc492ec7a30f9751,,6
ac32b1de305826df27490fe5393b5712,Rod,3
ac49bd78501ade64f296538ef8cf4dc1,Rod,3
ac5bcad8a11bfdc73e7c5f16dd5d5156,Rod,6
ac69971ba3311e96aee592c0f6a75e25,BC,8
ac6e4c502a0f929c8554ba6f97699e1d,Rod,4
acc0654276acad1789e7db331968967f,MG,1
accf7432e92603c26913c74c7bffee6a,,14
ace875af24f17bf40d8d22237b77b24c,MG,13
acfa6d4a25190fc0d1d6809843a9c270,Rod,3
ad0d28abdd0d1bbb84512ea16fd0f972,BC,9
ad1717861f636e4189e225628f995c9b,Rod,3
ad25983e5d435c7b9fda9e36c71fe3ef,Rod,6
ad3d1409a77e1224ec1282f68853bf32,Rod,3
ad4e59d21264d1135304a06785bfe71a,Rod,4
ad634d5ef73ed6ea441ab7d1cbe7645d,Rod,0
ad673062c4dbdcdfedf7572acbae3fff,MG,13
adfa6061b682a61886db82b2d2439d3c,Rod,0
adfaf3bcd1dde41d5a053152efda5c50,Rod,0
ae25f301f99a69b60f5d4bcb3ad4a82d,,3
ae3bb86c9ac70f6ebbd161c44c63f9d5,Rod,0
ae593a135b7b3a4047e3ceb8411947f3,Rod,0
ae66b880de5bca6b48f3b74a4b113002,,6
ae9c749664c212a347d97f63cfca6ca5,Cone,10
aebdcc403f5880f9adf321b27ec214fa,Rod,6
aed6a7bb569665f624f04bf163220546,Rod,6
aef73c64756ac2aecf78ae9f5c9e6ad5,Rod,6
af2a29038ff94b9e177a38cf0cd9e77b,Micro,21
af2af9ab675bb4ea2e0fef819764844c,Rod,6
af5ce695ec5c6395ef1a28493998eca1,,6
af9857e2becf1cc311d0e92e95b6723c,Rod,6
afab2132f72b1ebb866397897e13fda5,Rod,6
b04ac26f7bebca85e227de002cb52305,BC,15
b05612ecefde2fa6b758951cb10a5204,BC,15
b084d93d8b962194b6ee1fe762e24729,,6
b09f7e2d371623b0797e707adfb6a4a6,Rod,6
b0a8738be50f08dea424cbf3400123f7,MG,13
b0b02d6d7a9bd05f4e71630787945d61,Rod,6
b0b1cd4a8894471d9b1bcdf6dd9151e4,Rod,0
b0de82498d87867ea2cca9a917a460fc,Rod,4
b0ec9472ad8bfd01973601894f89d0ab,BC,8
b0fa4f76b129cb80a4d7f5ae95b77356,Rod,4
b106ea2e188d5830c6db1058a309e47d,Rod,4
b12d846b6d7e82f783226a686f08261d,,14
b13868cba177e10e8d849a0026de100e,Rod,3
b13c07ac4708e1512291abbf5844007a,BC,9
b1746b008ce61e72159268fbec79ade5,Rod,6
b17486ace1841bcaea473bd511a53179,Rod,11
b1a2d001d9e6701416ad370aafc762c8,Rod,4
b1aa2a3719927f697500ff12bad9f857,Rod,0
b1d6a25fd6cf46d2781a9acf735e43df,Rod,0
b206ead96a57a83af5676e8870019797,Rod,0
b20fa88da819e6013f5a9939ab1eebc3,BC,8
b21d2e6d61e062bfa4fecdd5453eb66f,Rod,6
b22ba7d1f259d82fe7628c89d4135716,,1
b24c1400e611c3bbec72a6802d64ff0d,,1
b256212a1cb5b682cbd12d6adb4c09cd,,13
b2671994d2197af14468a8796f1cf9b4,Rod,4
b26e647de4a1c04ae533306d4d3a6a2a,Rod,4
b275e4ef4ba1b8959f5f0bf51d545bf1,BC,15
b29d213db83a0c9d62cde1c41a24559e,,14
b2aea8972a714db3d8a95dcf10bfa550,Rod,0
b2d3e6aaf8a06fb07f0e12c17319e1c4,,3
b2ea4cf88d23d3b9c87f645eef8cb14d,BC,8
b2f6150bf824f407fe9e7175609ab4cc,Rod,4
b3163e7967188fb264ff360b9fec7a91,BC,9
b3172f133d0237a41fed59fe354149b5,Rod,0
b34fc6c772f6b37901405f8a95886798,MG,13
b36148c8305450909ac809204942234c,Cone,19
b36f110346ceacf286ea03eac05684f0,Rod,11
b389a19f88b627b4a7f4074a57328c6f,Rod,4
b38c614f70e0e1f6d83d588065acae5c,Rod,4
b38fdfeeec1af2a813f4a0b11b38dcda,Rod,0
b3a1dd2b0c22dc6054722175d7d1b189,BC,8
b3ae7de9bb7b03a32ae9f7df1db32ce4,Rod,3
b3ba65918f9a11dd3f6da69ef15a5268,Rod,0
b3eceac2891e6d32b7d8fdfd3f6d22c7,Rod,0
b3f47d7e342d133a97344b36ac74a616,Rod,6
b45b667012fb29ca041d7e42f3f3020a,Rod,0
b46939b352de71d3034373c14450957a,Rod,6
b46a4104b7d0ecd5bde3459fa1eaf840,,4
b49996497210ccc47d0f65398221dda5,Rod,6
b4c2a2444d6e2da53e6ffce220f159da,Rod,11
b4dbe059aa6ab951b134a8067b6e1dfc,Rod,4
b51be076823e467e7ae718763070f6af,MG,2
b51e9990a0a1b9cfd16ac0d2c33b289e,Rod,6
b5415645aba4979e7e801255c34129e5,Rod,6
b56753ec875c6ec15dbd2b91479bfe71,Rod,6
b5727ab8855da35974abe3aeee454ea1,Rod,3
b59c35ba6bc0cea483482b503048c5c0,BC,8
b59fb083c7e61673d6556a76aff45a0a,BC,18
b5bc5bdef7e065595a47ece84bbcf9da,Rod,0
b607fcee979473125545b25487c1ae93,MG,1
b62a8d94684e127c8ca0c3443e26f675,MG,1
b642008bee3f58c26edad9b51afd8fdd,Rod,6
b653d2552ae47a187768eff9c45b4989,Rod,5
b66281edaa0345cace1902ed6c760205,Rod,6
b68274a0e46f888927470bee14a48073,Rod,0
b6844636adc50e9f97632e6cf542d69e,Rod,0
b6a8f664dfdcd844da454acfc778b42f,Rod,3
b6aeffbedacfa0daaed706cad8b77156,Rod,0
b7443d8f1fe8497439568fca28ace5a1,,3
b747fe3b5b9af77a3acf5526ba049b40,BC,9
b7616277c50817e5ae0586c1443af91b,,1
b789510696446188fc4960b2d2697db0,Rod,0
b78e1012e75a86f11b55e6e71db35d3f,Rod,6
b78f5ddc7f9d983f633e3f8a204b630e,Rod,3
b7f69c17ab24961f6e4165d745e04945,Rod,4
b81d7079e491f76dadc5fdca2de7f171,Micro,21
b84d724402b9b98fff61cd64c12128a0,,6
b87002440e2537e767ac039b34a0ec36,Rod,6
b8a8d90ab18cad7eeeda7283d4cf7019,BC,15
b8b089977ed09dcb389815d70056fb2f,,6
b8b22b7a33dd6a1d523774e9bf03275d,,4
b8b45d58c1ca1168d31f19c8540b0154,Rod,6
b8d5dae3dd7124b5b55e5cfb1c1c514e,Rod,0
b8f22621f9c36d678e7c2879d332d8a3,Rod,6
b90ebc6242d5a28c3fa7c8a17bc94118,Rod,6
b9368c2b794eaac6cc6f579857085717,Rod,0
b943c20b9d4416953aac628682fdbb4c,Rod,4
b9666dacc273edd4c1d454ce0472a247,Rod,6
b970590401ef06a2a6f222f1ebdc9bf6,,14
b98007331205a07546cc165996c131f6,Rod,4
b98356fa9c6d5bb2c4299f42cda84052,Rod,0
b9ae3fc0a8841dacd230b751d8b322a3,Rod,4
b9c96671f87a1caceeebde0b0bc4888e,,4
b9eeca6a033e95e7d6947fad89484cec,Rod,6
ba07991d2140bf0a415eac25b3f360f7,Rod,0
ba2b1aed97eea7f0554c2bc02e6cbd8e,Rod,6
ba2c08ab5ebbaf506582c0f2d0466ad8,,4
ba3b0122da2e98367f9b052d240dbabe,,2
ba402a59dd85e6c10079ab30e0002d8c,Rod,6
ba44c94035df4e51aec128369932bd15,BC,15
ba4f837c208443fc03a313803ae7e4a2,BC,8
ba5cb9ab3b72bc167b2927f9b312e3df,,1
ba706558948947a35965967cf95cb82f,BC,15
ba7924069418c066737c7b3199eb6c40,,6
ba8251f9a68f17e64ceb2824be370dee,Rod,6
ba9c7839b47406c9415d90c5c885375e,Rod,3
baa4c966a19726e583c8ab575f7a61e3,Rod,6
bb13d73709d1af7ae97ac08ad30fcc45,Rod,6
bb152de20f41fed2e45f1eeb09fbf9b3,Rod,4
bb499a47cecd309dff04cdae316c4608,BC,8
bb5026d625728c1777a7988663123350,Rod,6
bb588ff52346caf71023a608e53851fb,Rod,0
bb628aa01d99da5f24d97613d63b85e8,Rod,3
bb67e1e7951f7a7fc7b90829ced5fc68,Rod,0
bb99eb73a02b79024f643bd77761dc37,Rod,11
bbce6856b41e0fd03a08dc4c57b88772,,7
bbdddda04ad0a3a128d71f236c872d4a,BC,8
bc123955aa280217632221474720c9fc,Rod,6
bc16d0dc948d0fa4d756de40e979aab9,Rod,0
bc28ac9dc9bc331d5d608d7bbd8cd804,Rod,0
bc2c499addfa2583a2d2d86f1f19aa75,Rod,3
bc3a7900b9360a95b6dd5d46c48086bf,Rod,4
bc68c474393d87af1aca9c7b19bf7586,Rod,0
bc68c50f076bd9782bd2ca0866954230,Rod,11
bc70d04ec030561b2f7db7664a1eafec,,14
bc8695a894d697baba4b719788446d1f,Rod,4
bc8947c0fd07d0515669d46280b15992,,6
bc904c5f3d31694d4e38b1552716d7e6,Rod,3
bca30d9178e16a9d8428b4945a4d1b52,BC,18
bcc014b0a680d6b371f2ded8e0eb65d5,,2
bcd0ff1a7adf80181dc1a20d54ae57bb,,13
bcef271120576b26a74dcf290a8447b7,BC,18
bcef9dc1eca118a46745d152a2bbea5a,Rod,0
bd0c2690fe4555c6e224e97980d1a4ca,BC,9
bd1398251bcfe02a92474ad3bd5735a9,Rod,3
bd27304fae1182656e50eee33277b7de,Rod,6
bd52de9084a55c2179498dd0bc0fa9ab,Rod,4
bd55219e0fe70e0670c1ca9d7035ff16,Rod,0
bd5cd965a5c322f6bd18a8806beab972,Micro,21
bd5f6ff76382c23949cb8d5bf8a4ab78,Rod,6
bd7b3826dcb004a41789ef161c0a3f5b,,4
bdc10cdc121805068076b7a8c0cf47a9,MG,1
bde68dcb453125a703c116ba55774028,Rod,6
bde7f7df617939c4b49a70ffdc942c7a,Rod,6
bdf018e14dfa09a5aacf6242b9af8cfa,BC,9
bdf03a2b072ab01e7d004b56172f7794,Rod,0
be1fa91bfc087c2c317f79b532e1a1c3,Rod,6
be27365d63015acac356caf30574491f,AC,16
be2c62a70b538a739f426e9884d7ef9c,Rod,3
be4ed44db6ba121f962a8fa2703fe114,Rod,3
be5ab13adf001ad40af6e1be4d268104,Rod,6
be81c73584b007dc3f43cd5f86a198ba,Rod,4
bea3bd7498b51a0dafe240639ac3f9ab,Cone,10
beae5375a72d4c763c58e341414c24e5,Rod,3
bf9a3089fbf5fc1ca89d8a23a8f3577a,Rod,6
bfb65aa1331b825130552449cc0c20a0,Rod,0
bfc93c069b28763418330e4fb0703740,Rod,4
bfd454d36a07fca6480d7b211ec73990,Rod,11
bff1ae81876e3b896a06af237f1f036e,Rod,6
c04fe1a5ccb3ca27fff5ee38c470a1dd,Rod,11
c06725e62a9ec978fbbaffdb48ac91dc,,16
c08de3ce784fa0bc9a408826cf9d5699,Rod,0
c0907f6959a87afecb756d797b0f8b05,,16
c096d98b7211767d763d8d78286126e8,Rod,6
c09bcc2e74afd665d33c8473a7145676,Rod,3
c0b579f4655b46ed83510d8c40441f90,Rod,6
c0f0da356b1916efd85ef73f2cdf3834,BC,9
c0f9ed34724c55ccf9a51ec3e810de4b,Rod,1
c13ee3163be646ab2f7755bd2507d263,,6
c167e885da1c17ae2bf96dc9b9512c6e,Rod,3
c19d679c45613c9694becac233b1d9ec,Rod,4
c1cd4dbb366befe974f71d350b51fbc5,Rod,0
c216f0551c3381b52b846774c7000872,BC,18
c21ea2f25dc2615b0729a3e119a5a23d,Rod,0
c23563d4416e6e2ebce32da9558e9c67,Rod,6
c247f20977fcb7f6414f093155a09d37,Rod,4
c2643d53342c9d3f43a74e402584e9c2,Rod,6
c26630afc27f754b7b18ea2880f3ba14,,6
c2747f98d22509af0681fab7e7342876,Rod,6
c2972e687e0814576ddd8eb9365c9036,Rod,3
c2aa7af3792a582cb3a6c7f121b1ffe1,BC,9
c2c878589e4f9065f3de8a1bc74e74d5,Rod,4
c2cb0fed3b1f870354bf4c5010006a5b,,7
c2dacca0b720643d19e2428a84e70bb4,Rod,6
c2f6faeba9f05a0d22949463d31c8aaf,Rod,0
c30ef508fff42f8390a6b7d7cc98d7cd,Rod,6
c31cd9f023a2a089d59ba25d5b35801a,Rod,6
c322889155c58ce0ecbcfeaf99006f83,Cone,11
c33c50bdb263b38b7f145f789a458895,Rod,6
c343f5aed4fa04903e4083ca255a8c4b,Rod,4
c35f06f503301b9a6c8cf9188fff74be,,10
c3607593cab46fc2aaaf8f75ff6d4ef6,Rod,0
c363adcd952d194fc6e5f9492424364f,Rod,6
c36b6811475190b2c49056bcf6a3420c,,20
c39cc2e4b3b0fa9319a7b202e69570d6,Rod,6
c3a268740e4e4dc17586db1f987e9380,,5
c3e6522a94b56415b8139b5004c92a59,Rod,0
c3e6c5b37231381f3c8d8e8f4f53f87b,Rod,6
c3f9fa66aa454362af2b1ceb4eeee2a1,Rod,6
c425fc3620446bed9da268d85e144dc4,Cone,10
c44f94ae5f803b431348b121ae4e40a6,,8
c4645a3479e3821a35c95118ba1fe854,Rod,6
c47d2156b6e6e06c2bbece27ebdae2de,AC,16
c48138ece2792bb3590f5a4336a0de83,BC,15
c4cfbdac65b82668ae329833cc291e65,Rod,6
c4d52915c0411f07e823a90d44b6c9ff,Rod,3
c4edd24c13fbfd2fa540f663df2e1d47,Rod,6
c4efbdddc238af10e5b2ff26817e2706,Rod,6
c4f9b5b9921bb75ed3665eeff8730694,BC,18
c51d3bb9e906b9f59b7d3f0ba17cb19f,Rod,0
c53c88649cb7be8ea3e04329a7477913,Rod,6
c545fccc88d6ba2328deb20d359cb778,MG,1
c551f177e8c23ecd99935d42e1e46771,Rod,6
c55a5881412ba80182c39973053374cd,,1
c5f9c711aff5c1b7410faa4047202fa3,AC,16
c62d3d77d0a25ddaccd28f50f11f6940,BC,15
c64a020655e6cfd1de9d3bc3e2f93a57,Rod,6
c64e33e19f5f24e4872396cf7db492e8,Rod,6
c67791a6bfa109950a1dce42c4dbae5b,Rod,0
c68055817092aa8cbd5feb43daa68f9a,Rod,11
c6c8be6154ab68a359f86e167d44ca8a,,2
c725368647d2ed0dd750fcbad2097aa9,Rod,4
c742fe11d1bbac17cf9ef4c619dd28a3,Rod,6
c7476b168e3eaaa48f326ca23b27ee10,Rod,4
c769cf539b743e3b20023c5ef969d940,,6
c785d211e8c50f6a2fbeaba679a89433,BC,8
c79f47718b458ab43cee58e59ccd17d5,Rod,6
c7bd11c3ea03ef057db218ae2fbdb41a,Rod,6
c7e82a001ccd8e9ff93b79214a90e6e8,,1
c8068c42aa54cfa0d440314cb86f26a6,Rod,0
c854c4aeac44cd1f3dad452aabafb01f,,13
c858d0379521f1e1687566db5cebb1a7,Rod,4
c86caecab72e7adc0a7730ef1798d0dd,,6
c8733d0e017379a617d8c4339372a1ca,Rod,0
c8c9f43bac5edfd5bb41c207bc389bdc,Rod,0
c8d2af34b24591035c15347de725ff37,BC,15
c8d4154e6e847589e8b0ce966b7be2d9,Rod,0
c8ee13218beaac037b3903dcd1eb9f85,Rod,4
c8f53d437e689c07265a8aaa237051fc,Rod,4
c9066315028f02822a4e49812b4c7c4b,,6
c912b47f0ad1b16126964aa3055b0699,AC,8
c9240cf7c8ed863b6f66d1cd69fcf0c7,,2
c931d5e516df4d008bb79dc0b136f8ba,,1
c932627598d5a5f9a0a0363cb11c43b4,BC,8
c93b63ff45c5e4dc3adea215f5cc33da,Rod,6
c94485b60a5cd7c56170e823f6c3ee12,Rod,6
c978c16d0917ebfeaf567bda93e5ee78,Rod,0
c99aafd93959045c23c71a791eb74ce5,Rod,4
c9b61d095de908b0bd1f76cf2c8ec268,,2
c9b71cf8084a0bef3aeef84f2267f36d,Rod,6
c9c41e60a7290f88b78d2f56a6dd26cb,,6
ca05ec68b0e12482fbb6f629b4ac8f59,AC,16
ca257ebd22dafda3ee7627f5456afbd2,Rod,6
ca451739abacf4a65e600fe5a177b219,Rod,6
ca4e63de0c47738c5138bf7a4947042f,Rod,0
ca8b0900b5cd4b502926cb9e20d48a0f,Rod,0
ca9298a0a09050ddc07a51d53395bbcf,Rod,6
caa390c7ae2bcf23d5d1e570014901c3,Rod,6
caa715ea2e15184d79f09b53bc7e0a6a,Rod,0
caf992117c75beb90714d54592c14e73,,6
cafc63002c7d56dc76bb676db8de08e1,,19
cb0445fc0576c7af5c1bb50930425ab4,Rod,6
cb0e48b1f5b3437aa976010cf9f9e999,,1
cb21caa55d023212281a2a808aaf0465,Rod,11
cb2e7a7724c7334e3e6691108612d12c,Rod,6
cb2f7fee3262de895a8a56586e2f0922,Rod,3
cb3198631aae4abe1758766af9d8c98a,,1
cb337027f352e5bd336a89c42b83b59e,,4
cb3bdbe6477dd1569ee146c4d23717a8,Rod,4
cb7bf1da2609005846b011467843301d,MG,13
cb81900c5bdf0e93d2d25e646a08939c,Rod,0
cb8820b4c7ff64d15cb121226e56d2bb,BC,18
cb8e8c2e9f8d5ac09e3daea9b90a899d,Rod,0
cb946534aa64af3a478fee0e73ddb2f1,Rod,6
cba14788150a883e93324ef11dfdb70c,BC,9
cba373ab3e2f82493c026d2db9db3eb8,Rod,6
cbac1f4b54762051eb765f22ef79aa82,,10
cbb8aa8a25fa120063490c292f895f1a,Rod,4
cbca0b50d308e4760f4cc3b91adf1036,Rod,6
cbe8f8d38beee6be135c571c3196a4cc,MG,13
cc28a48b129adc2e2bb0894ae299dfe0,Rod,0
cc2f0994f6b090d290256a110508ee48,BC,18
cc4b8feffff70bc71c88abf8571aa82b,Rod,6
cc4d18595afec577f4b9eb1fefce1301,BC,15
cc6d8dbd1e0462a52d7195ebce74fdb6,Rod,3
cca91aa1338bf0428820ce5dd7a4b1b0,Rod,11
ccb215e787da33dee4595f4be3734ad7,Rod,6
cce25845effdd7bedd9d8e19182afd91,Rod,4
cce59b8771daee2715f5cb1887908bef,,6
cd21c8f29420595924b852a9eb1609bd,Rod,4
cd6c41c9a469fc6bbb038202b4d4c6f0,,3
cd7d18b38271065aff4890fdaddf734d,BC,8
cd7edf991f0df279ea81a07dd8563abb,Rod,6
cd88f7addf7a6d783fc2beda90b25bc7,Rod,6
cd8e537e2350038cec5cef85d023a41f,Rod,6
cd9c5018b5464058c68c3cf433352427,Rod,4
cd9fa334d8dbac7fae657a8a82394411,Rod,11
cdbe34430bd2c433a1aab965421db8f2,Rod,6
cddc3ebbeea57994d24860d252ba12eb,Micro,21
cdf94e950b3bf682f92c090abf315031,Rod,6
ce19897d599ebb04f5d5b1cdd7329a09,Rod,6
ce3841e58d9a1b0e8af314c2fd7c5588,Rod,4
ce50a1dc17c107c07e01ad2c175e2025,Rod,6
cecefa0d815c4363d0cee3b579617181,BC,8
ceec593f7ffebcf2f94d038b85d746f1,Rod,4
cf0bb903b3cd0dfd33ca2d49a207a99f,Rod,6
cf82850fa943dde89b2c47a18e5686b9,Rod,6
cfa37fa286612a67f5a58d9f754443fd,BC,8
cfa9e895c299888e9454fc29156dbd55,Rod,3
cfc4e00d0cd149a4ae44df60237c286b,Rod,0
cfc4fa06cde7c93efb406bbdb4ce1328,BC,9
cff6b57cd6d19c4778197a5cd5e1ba8d,MG,2
d01af37e3c5e7ffa6ffdacf5297208bd,,6
d02c6721cede2ab779a613ca804a0b0c,BC,8
d03e84bdc571dc1253876e750674ad7b,MG,2
d066490b868ad1089f2e08ec87c98e9e,BC,8
d06c9b220436a8c707cd9e058475d68e,Rod,3
d0795514773c5bf1945f1d2f375c76f7,Rod,0
d07ede4e8633623e020a66c905c55968,Rod,0
d08ed03337bb5e6bd0dcedf339ee19e3,Rod,4
d0b2bdea8533cfb43a83c154742c70e7,Cone,10
d0d3ec88a96e035fa6df2080832e6ffd,,6
d0dc83c6c6ece500d5da580c92f0fa2b,Rod,4
d0f16b4179b20571204fcd1de3ea35dd,Rod,3
d13ae281c3dedf949998f35fd39d5c9c,BC,8
d15c95ec89f5ada4f7ec7dbf672c4b97,Rod,0
d16cc980915b76828ac1ed76f27bfa8f,RGC,17
d189a7b2dc22b00445dcabf68f39061e,AC,16
d1a79b438920100bb36e5f0c6f2d28fb,Rod,3
d1c757684738cb1c42752eb4eb057acf,Cone,10
d1e25f12b861bb4e6c880556cdfb4731,Rod,0
d22aa1232e515246a7155aaf13bcb078,BC,15
d23eda20cabe2133ca117172b6d54832,Rod,6
d2735461d076f08a0334274cc25b0003,BC,8
d2820aaa936e860eb38de56075d3cce1,Rod,11
d29f73a71d28ba93d05ad010e9b80fb1,Rod,0
d2b1979a87cd416f9760357fa1e5c5bd,Rod,3
d2bc36c7f3fd24b95303a8a31cf56213,BC,8
d2c3d4bc4abde2a1bd6ca412f892e332,,6
d2e4c42587411175dd3a63cf3e112d48,Rod,0
d2e532fb815c2a8e2086c520a0b7dd03,Rod,0
d30c40557b77546fefc0efbf1c0a7b04,Rod,6
d31529b833e7827942c9c2979f50bacc,Rod,6
d33769c542483a43e4faa5280262c15a,Rod,0
d3438b03623a14188a83049cc7f37fd9,Rod,4
d3676a203663ab4afb189ccfe57c27bd,Rod,0
d37bc818272f593040aae49c2ef77256,Rod,6
d39262a2e78b5f8c372e21d17f1fa978,Rod,3
d39eda8a7ad8f03381609e46b9ed5ed8,Rod,3
d3aa76b3cd9fa454966e80da032ca2de,Rod,6
d3e74624ca0418e98b5ac9049f4757fd,Rod,4
d3fb76c207932ffebc90a59533d77327,Rod,0
d42fc74a6c11fe30a8974c597cd654db,,3
d431d79d739bb072671dc8b0b2bad60d,Rod,4
d43d1f3686ed9ad7e6b93454f2b8d54c,,6
d44c3af63ae2944d66430951e22d9514,MG,1
d4549109ed5d756d96b64b6283f3a6b1,,4
d4590923139499e6819faf3ebb8b9d77,Rod,6
d4618bad8bfdc484c80e6528a0b301da,Rod,3
d466fdf441aee4e503b1259cf490e246,Rod,6
d47073ad1fd1fc8c5877811e9f43e6e8,Rod,4
d4af316cbb63336b5e06535a6d177903,Rod,4
d4d8b61779a48a5abf0061684b4ab999,Rod,3
d4ec4943c3457af1b31c7272bc444758,,1
d5170b96a5850d602967f58a7ded86e8,Rod,10
d523e94fb6172b8f3ee122ff5ea79f33,Rod,0
d544a6dd8e9a5856723f115d182216a0,Rod,6
d553ca6752852ce79b8b7468155871b3,Rod,6
d56a64a0d377997ae7f918b7ee885a39,Rod,6
d594c0330a1039f2446c3ceefdf210fb,Cone,10
d5a167056d28f26cce39917a0df78b3d,RGC,14
d5bf8963699d3ee4959f2b547c26a9a5,,6
d5e0ed34a9c190dc20403b4bc6f06843,Rod,6
d648f1987fa4dea54302d35b91939f8d,Rod,0
d65cfec22d04198104c9a551f637c049,Rod,6
d665655f18c4fe25ae1ad08885782fbe,,6
d66f13a6b2b8ef3f39ebe5242fb9fdb5,,4
d671ec00055e7a42179bd024770d52bf,Rod,0
d679ac828955e7234ada6285d6928220,Rod,0
d68e3db4979d58fbe4cdf37320172dbb,Rod,6
d73f646eed57e11efeb7370b69144fe5,Rod,3
d743b645d5ab015ea0275fd2bfe92ad4,Cone,10
d75d4728b3a19b9c48d9c6e86ad4389e,Rod,3
d7864c7c43917c16caa7b8b49a8c082f,Rod,3
d7b3fb2fd5386c998e1ddff0e793cffc,BC,18
d7b7e5a21519a75c69c967d464fe8a89,,1
d7d03ac58a44a41727d4032ab3a96284,,6
d7e11adec13816cdb88903cd2ade3509,,3
d8051f9aa5680b5e1405d29b7985bb95,Rod,6
d811f0792520465fe6f91535b9a5b39e,Rod,6
d81e57d37fbc8e643877d9af2cdd455c,Rod,4
d837800e2bd8c8208e0737152517083d,Rod,0
d843f00a0e9a7d88380e6b996d483742,Rod,3
d86ceb50e081da223ea9868b2d8e1fea,Rod,6
d8a401539a8e924f0efaa155134c8a3d,Rod,0
d8bb224b3de6ea69e8364157d96108ff,Rod,6
d8d95534f532d79cc044d18d4a46d7e5,Rod,3
d8e52784296eeb98862cf11fb998a739,Rod,6
d8f261d76f52ddae25109dff8de20c30,BC,15
d8fd2d89da8f25583e7313bd999e264e,Rod,3
d8fe325172595b1f9bd04d52901a3406,Rod,4
d90460beb312c7df8dd3cb79fc05305b,Rod,6
d96db36e78861b503e25c529ba98c7c2,Rod,6
d9b46564120ee4c08277079f5107bda7,Rod,3
d9bea166f716a08bc52a9db5677733f4,Rod,11
da002d8fa4fe54f6867709bf59a24d38,Rod,0
da18f492a575ca71b1a3044981824d00,Rod,0
da356298aafb521f7ea6dd6e7fb6ab7b,Rod,1
da472c6fdcec0587b9afb9ad6b59d590,Rod,0
da7300826b73a7d2072d49028d0fe118,,6
da795c4ab769d3c53e5aed6c3114e9b5,,16
da85f98adbdfcc71ba6cd5a35117f5ec,BC,8
da8cc6cfa7e690ddf8f8638fa411ca47,,6
daa0260396961a47e3baa46b61b907ca,Rod,0
daafd4bcbacf9904ca6371f15c746b50,Rod,0
dae08f96569d3f6337582cf4efc25ed5,Rod,6
daf947bed8accfb5038cb705b2dfdc1e,Cone,10
dafeba88447df367fdaf782c5bcd99ca,Rod,3
db0f10d3fca7572eafe5687424962a26,,10
db1f8dc2b5882b77dbb6a5a501d01a74,,2
db225963bbd07a5f3b779ec8f9dbabf1,Rod,0
db246b1149b7c08145c543ab21ed3177,Rod,0
db35e8c02b4961f4d6774356b4e79dd2,,14
db3a21edc9ca283f87434fc8c94595e5,Rod,6
db5ff24833af3253fd25c631476635ae,Cone,10
db95349145a5786b15dcfe331d029794,,14
db9da9d4f2b08c51090db3701b68f0a6,BC,9
dba13ab92926ad824ef51b2c15e9fa98,Rod,4
dba7537694e5e0b77e62c68601c28a9c,AC,16
dbc2436a532291eeb6115c9e6cc93b52,BC,15
dbcc62f051144384548e7ad701aaabc5,Rod,4
dc3a3d154e0487f3c8a09495f280c290,Rod,3
dc746f866183c5ec7bb1dd751e9b1668,Rod,6
dc7922d8d0094ccc8704fae1aa46cfdc,Rod,11
dc8aaa93d33bfbd48028b8a5c54584b9,Rod,0
dcbe4be39592eee4198565da3ec8a56a,Rod,6
dcc5d94664d589534c4fd11f1554949d,BC,15
dcd5437a48681f2bac8b95ec89b89618,BC,8
dce3043f3347002e0e95971369367af1,,15
dd113d15c49092c68420fc9b9aa4636e,Rod,5
dd17de19b6337e44a3649bed63711cde,Rod,0
dd48d8076c0a91a67293762c9a52e795,BC,8
dd51d470ff313cb0356781514faa07b0,,1
dd56dde6706172b18780a3853804b587,,6
dd862d02cd383425d549a019bf02e08a,,6
dd9bb2e8a4abbe1cf38875d78f50a0fa,Rod,4
ddfbe77c4ea16c2ea4f8ebb475fff447,,4
de19b80ceef2b7b8d08b3d99366e79ef,MG,2
de3122496a468655990082f2d7a55199,Rod,3
de5a059fbecf0377b372d3b1a43aeff1,Rod,3
de7cbb1821ad12eb53bf65e3599cc3af,Rod,0
de83d11032f52827146ce7a152309786,,6
de8d24ee906e631130d6f86bb12242ab,Rod,4
dea5a7957d89dacb61ffb681091bcf2e,Rod,6
ded22cecd3afe53301e55f88fb9ef338,,6
df15d0dc36aa0678ef0d0d2e97dbc38d,,6
df1da55eb8fa44fc8d1dede38ea65a35,Rod,6
df2e6429c786f8fd69297320ec07f5a4,Rod,6
df59bc3f69d99a7aaf69dea25b3e4cb3,Cone,10
df728a5f87584ae4c44ab8cd3abcad6f,BC,18
dfa114c7dd1510166eef05df097f0cf7,BC,8
dfac081c01abc8b2f0d3039276495443,Rod,6
dfc583e0a9a6d68f3f5d802b289c3772,Rod,11
dfcba128881d3e6c52e24aa26c3abc8a,Rod,6
e007c54491a5a90595d16a81d30d89c8,Rod,6
e02782da0b746e18faf6eb1c9fc98d48,Rod,6
e02806dd1338415d5c1dfe2f8ed09d79,Rod,0
e037c2f5f20e1db83037b88a897218d2,Rod,0
e03d70e12edea688256cfba8748717e2,Rod,4
e07378c952ca2c2cd3f41382bfe4bbb0,BC,8
e09add859b3ce638a87fb8b0df0a2a1c,,20
e0b5a5a711d8647565855e287c56d44a,AC,16
e0f214e23f7c78687eb75c658388e298,Rod,6
e10d43d899395ed00a8afc3f7daf2f44,,1
e11afcaaf79041d6d5bf4bafbd869cc3,Cone,10
e11fa6f2769ec3e2a7862b162d6cf36e,BC,18
e13eada2b88a6e8ff441549716916dda,BC,15
e157d19263bfdfb55b15f6daa7c3dcb8,,2
e158fd6588f85f24c614d5e8352d532f,,5
e159fb0e088e637a917016b4f90d5c30,Rod,4
e1708c3d2a75dd47822b21e2a63dd7ce,Micro,21
e1992007827808d9d70bb3478213b454,BC,8
e1be033cc522ebae52934676e2d840b4,Cone,10
e1cde7e25893dc116bae0531232dac2f,Rod,11
e1e31dad3e4467b33711d273b554b7f8,,4
e1f123a4b22d79e5b051c960dd2a9fa1,Rod,0
e1f986b8542eb2acc7f627984129dfcb,MG,13
e258bc9883509be28015986cecc9d7aa,Rod,3
e25dd22399f4839edd2c775f591a509b,Rod,4
e288860a5fc53a0cad08faf8850420f1,Rod,6
e29c2248ddb4fffc22fbd6b593051a41,Rod,6
e2d8c6bda86f298b0608877f3f0ea571,,6
e2dc5b63b970856c6131e0b2e495ff8f,Rod,0
e2f1bfb8a711297c57e67fad32180376,BC,18
e2f1cbcf5145593f6ea2594ee9c8ac56,Rod,6
e3034be2f433a9c9645622a5805d3e72,Rod,4
e327b1d62af5de4970f7005398fa2a90,,6
e34191035fd34be61942e5e3fc3b2666,Rod,6
e342069e1a59d1ebfa5d3783e7435a7a,Rod,0
e345f3c958139e6eb7a98f1fec409086,,2
e34c3742ed42917640f5db948e8a140f,BC,15
e3545b6c3e7fcf3a331e61bcff07fe23,,0
e365dad3bc6305bf09f2b5e0b06199ad,,6
e36a5e4ef8f84a9f36f9b33291c41df0,Rod,6
e38919380bc99a1b4347b7983213313c,Rod,3
e38c97289782238b587b5ee7af4505c4,Rod,6
e3aa705af455616aa7559aa33817ceef,Rod,11
e3aefd3135167d4427519a4407826641,,4
e3ea9bf5a622a3718cde991892ea48e7,BC,15
e40abcc104049e7344662ab10da420f7,Rod,0
e412ce6ead84811b382604d876df1c43,Rod,0
e46fb0a9605b7c08e3a8e1a91b434f83,Rod,0
e4a8e16cf44b85dd431f0ecbbbe42acd,Rod,3
e4c2f82b915c86b0e7d534bfd295ba98,AC,16
e4c30744c1391ca75a378b7b263ea63f,,6
e4cd4b7f7d2191cc6a911a90fcfc1ada,Rod,0
e4d2b629c58f9f1143827053bffd1584,Rod,6
e53e7223b0e0b716dbe0e7b411432fd7,Rod,0
e5552d7e7cfc872244e4eb714cf93116,Rod,3
e556a1dbd377f2d719b936a9738a5cb2,Rod,4
e5a6f4126fbc72f74f5b06d0118cb2f2,Rod,4
e5be668c13e46da3463a30ed3857c542,,4
e5cc3ac866059fd24b0c373b349fa8a5,Rod,3
e60277d6f003bd4571e1c1b9c2d32982,Rod,3
e617f555b2761d0ee180296b8af6a623,BC,15
e61c5fc8805fc4246988c4591e15e6e8,,6
e662068df0e4b35b548432b991c3a6c5,,1
e69c5d7fa4060cd57f43c7f73fe1c124,Rod,6
e6b03b86bf9531df5e38e8517af07234,Rod,4
e6b0d8e4bb90b2d5c8932212560efff0,Rod,6
e6bcce71960142ef8a9feda9f50377d5,Cone,19
e6f55b2cf323b080af8785b3a4e83ba2,Rod,3
e736842a8ec55cfccd135171fbbde699,Rod,0
e7644ecb684ed993b15ab21b06a46d30,Rod,6
e77849de3a7b0edcdd52e41b39e0b3fe,MG,13
e7cd89452002d8cba3e9f8a6c3064e5b,BC,8
e7cf5c958cce7da664ad818711a964f6,Rod,6
e7d9c9d6cc871320119c9358649063a3,Rod,3
e81cb65ed6c6c073513566af36461a96,Rod,6
e83a58503185f98fe82676e7b693c7f2,Rod,6
e84bffd3511cc935d88e9ee36866ce40,Rod,0
e85327535aedd50732ed2382a8a2a696,Rod,0
e86902fe5940e82be40fac2b5fc2b10c,MG,1
e86ef7b83d9eef59d8988079fed9df14,BC,8
e8795542e293d0eeac9ad1bdf618d582,Rod,3
e8af6bbed00ab0fcc7f93c0f79c5da16,,4
e8b22223c30f266ced0087b9c76d383f,Rod,0
e8de6d365c4c74ed5fcb876cdc0a6c1e,Cone,10
e91891813d8d75a036475a98babaa940,Rod,4
e9236d7dcd8fb96c02b7f26a7a064eda,,6
e93254f7f4273dcd3cbd9062422aa061,,6
e984726aced066f389ec8ebe9eb88a13,Rod,0
e9ac321a52cd54f408d4b4aacdd13201,Rod,4
e9ad2bc31065915460ec6f3d990b8ec5,Rod,0
e9b64d03843e960dd8d617ce99bad058,Rod,4
e9c1b1815e917e0e539b6ed53d3be65b,BC,18
ea7387de2dc8e5ca76f047a4322174a1,Rod,4
ea793ce1f75936df74eb58ab7302b0e9,Rod,4
ea898a1e5beea50c17572b38b8225347,Rod,3
ea98c6b0f5e04a3c94c89c644bb87b31,Rod,0
ea99b4e283cc57514a24d1546e161c02,,6
ea9cc2da23878d4707834666cc02e71a,,6
eb05893726b62150ecc01377d2cfea4d,Rod,6
eb06f5ab5bdc511cd8635c517c6a43c1,BC,15
eb2630aeaa4b46a8a2c61589da6f3fc5,,6
eb67ec368c19a7832a03cf3a934436ca,Rod,6
eb803cc10dd7fff870f8968af445ebf3,Rod,0
eb8cd73e93713594e54498e1db7deb2f,,13
ebc862df50a99e0f80abf978c7449a8a,Rod,3
ebde6a96bda5b2e394dfd59e3f1da6a5,,14
ebe4dae6562c312f0fdfb6bf1aa7f248,Rod,3
ebe79bbc9db571412bfd40b02c745a8f,BC,15
ec57913c61e4921212a74a1f7a93e6e9,Rod,6
ec57fd9b0b9aa0a6213d194e1ef34a08,Rod,6
ec68a8c178298e6eb3489a71088f3f27,Rod,4
eca1e55706064d2c88075338f8c3b577,,6
ecaa84910b46585ba5bc9af868711123,BC,9
ecb830edb336092a79153ef42a33ad9f,Rod,0
ecd760e7149b364e9a89a6a4ed1548a3,Rod,0
ecde5fa24fa066efc67c885efa8fd52b,Rod,6
ece7b6bda7b5b165432e952f0cede86b,Rod,6
eceaea517af7a6ab1ac7c7bf8809e074,Rod,6
ecf273d2d628ba19136884410a9dca0b,MG,13
ed06833764236d8fbab8f843763f6b78,,7
ed12853440da27adc974cfd05708e804,Rod,6
ed2140fd20b123b72c3e3f8324ea0181,Rod,6
ed2b6f264eae8f85500ad215df2112a5,Rod,0
ed9271f553a14588bbab4a5327a50477,Rod,6
ed9bee83a140ed7162410517c8956808,Rod,11
edc77691e8b4238e8b214058a177d02f,,4
eddc3510de88ef9307e7e3763a927ac7,,7
ee459b37a3efaf10f2cf3e3daf63662f,Cone,10
ee4a35054c1a5249d807f253c7057c77,Rod,0
ee5d5bd2f8a8575918ed8980e0d1be25,Rod,6
ee6b40379b216d9c38a05fa580eb4ebe,Rod,6
ee7e3196fbc775529c93593539bb2962,Rod,6
ee85f257a30d9fb7ae1682f9c49f3bde,MG,13
ee8a12bd8bb38dc49814c3f11303e570,Rod,0
ee9724bf176d080250115e979a4161fc,,15
ee9b26f0f07c68eb95f9c85b9e323350,Rod,6
eeadbf986941793d64a1f5a23a33620c,BC,9
eeb754f706647ca645ff909ddeb63ffa,Rod,6
eec6c8c2bef76b3cec68f8dd9e2cd120,,6
eed1964ac424dae38420d28fe41a538b,BC,8
eed7c21875d03c11df5eda0fc7bee058,Rod,4
eed80d220f5248cc5d76b690679b7108,Rod,4
eeff4e3ba2b3612b28db3ec229475e50,BC,8
ef047bb79c9c1f6e7b104b6ac4b4cf43,,16
ef4d84d14295ae64a3adc53645027e2e,Rod,6
ef5384f776aa6f51448da42545073d85,,4
ef7686390947f83376bd6e2024ed53d3,Rod,6
ef7bab49f51f53426d1a3456bed5cf78,Rod,0
ef8164024d2cf13bc9b6d3c02a9f9b32,BC,18
ef81fc5fb669c83edb26065a3b1b94cc,Rod,0
ef91457a8e5041781e1bd4b1e327db35,BC,15
ef9d710f946d267c6170dda9ac236517,Rod,0
efa920f5d7e77c6af1c138260e5aff42,Cone,10
efc93d589f19ae61ae614583e211a663,Rod,4
efd686e5f4e8a78d79573fead99d4176,,4
eff6c5c8dbf85356c195b71b5054e0ed,,16
effca8cce64b318a9bd43b9303f093a9,Rod,6
f00f3bb946efd0a4d12386012d6289aa,Cone,6
f03e104d56331171b58ca499c09d0bff,Rod,3
f05aa7868925cc0d8acf5f42ace6e98b,Rod,0
f07ddd6c8e85b43ce915e767dc266c5c,Rod,6
f087234b2b6ed64e773b2c0fb42e4d24,Rod,4
f09e94d010f2b11d9b1deddc67965276,Rod,6
f0ce10f87f11c27b871ea7544079a384,Rod,6
f0d0e8b8f829a1fc99a0b12f2e8a49a3,Rod,4
f0d43ba053c2087afdca882181f414e3,Rod,6
f0dc9dd8f83366da61c062095a11205c,AC,16
f13f484d0d9696f626d194bb9bb9bd1f,Rod,0
f1ba3589c0809fc83a62f02f9dbb6f8b,BC,8
f1c0f5f48e0c76bccd39dec36da4d9ce,Rod,6
f1cf3723cdc0c76f192d52fd58bf1362,Rod,6
f1d95755ba67cd7208abba0dd63922a3,Rod,6
f1e4613e46cda6f926b48787fec08e0f,Rod,0
f248ee92572df0be669a9c92e0bc3e68,Rod,4
f24e640496bd23d4ff19f5d384e7f77d,Rod,4
f2523d8b1ee7375ea77490b9014a8e41,,14
f25e6b946f352afdf10d25f4e658dbc3,Rod,6
f276e467961ace6436ef3d9f99e1ed37,Rod,0
f28be2d94e07071e07d5ed63d74e3bae,BC,18
f2e5f85d5a4cebb9426cf3036916cf6d,AC,16
f2eae6ce15f6b4ea9d569564b46cc998,BC,15
f2f0f80a64709a0e007ac42b88fdcc41,Rod,0
f2ff9dc1da0469e1c2f65e88614a0e84,BC,18
f319388867203376007eefe6de38db50,Rod,4
f31adaf670676215283d593f9a524b1a,,0
f34cc9d377caa1aecfcbc6d30bcc6cc5,Rod,6
f39bef960f5a742399724914dd90175f,Rod,4
f439da1bf4991b609e79936fad14f363,Rod,6
f47bf86746f3f1bae597c67ae9dbfdbf,Rod,0
f49664cd241d0f63249d97ad2c4be96c,Rod,4
f4d0b27d0e45f370f9df7269895674d2,,4
f4d61f312e9985bb365e84bf4d511937,Rod,3
f4da133ed5b0f42242c3f45bfb76119c,BC,15
f4ee10c458a0850d19a4701b908d5f24,,3
f56e2ca8c0df4891ff0309f4d9cda821,BC,15
f577669eab670f0aaaddb179e54c1cfe,Cone,10
f5e4dd8c6cb8cde71571cadc47fccff4,,14
f5f08b701b8d9271c1d500e76807a0d8,,6
f5f25babf4dab83bf15a8e5224618b79,Rod,6
f6186ee185cf8cbd68dac49f78a929c3,Rod,0
f65648e16f73579c5633258af4583744,Rod,0
f69ecbc7cea96b8d30ca407708b3ef34,Rod,6
f6a402e651082e553782afc9793e3aa4,Rod,0
f6b626a121fc8ff6fb662d1b83cf7d8f,Rod,6
f6cf7a76653fd7ff889fb8d6dd44a1a1,Rod,0
f7132f1616c5a42ec02678608eeb2c0b,Rod,0
f71db2e2b66c637e1fdf639dd089357d,Rod,0
f743d602626080bed78660bc1ea3a080,Rod,6
f76b5fdcf6cb6169c80680a4d08d5f5d,Rod,0
f7d242626537ae22afdb9594b648d03a,Rod,6
f81e35be69d1e612e24bb7ae726e0664,,0
f828cfd9373c1071bb175ebe4115176b,BC,15
f83cdf000584eb9bf6b57fdc1ff88cdf,Rod,3
f83f70dbcab3d984d5ea46b80e47c7a3,Rod,6
f858b267346e440fddbd4d2b468da6e4,Rod,6
f86af9269636da475b7b8c2bf244199a,Rod,4
f8a71622714c18cb8b7497eda95d8e88,Rod,6
f8d06d7b5bcc1fdcd4c7a7c20127af16,BC,15
f8e55775dca618792fa9c07c9874df01,Rod,3
f8e98220d373c6ee39fd0d01ac329472,,6
f904d3ccc963720feda4aaa1113b3321,Rod,0
f905f475ce8449a69199e8c0c73b531d,Rod,0
f912b3d464695eec8a0d0b695c09aeab,Rod,3
f91f7371bf53b7aa4655e0ac336b7b99,BC,8
f940a96184f62332964934ee740432e8,Rod,4
f9429f231162a1212bae0a627943097b,Rod,4
f9678abe1d67b0dafb06265966ee0c47,BC,8
f9b1a335a2626b20e41b9f1f3ce39792,Rod,6
f9cfb780c3bef3f5581403ca07cb1b0f,Rod,6
f9cff88258af2e9e6a63b7f19cfc959e,Rod,11
fa180ea71655a77feef39ee75deec397,Rod,0
fa1ad1cf5e74d61ea8c7284480d7ff49,Rod,3
fa24996fc43f0d00efc5f15409d36c4e,Rod,4
fa347db6cc664f981e5963efeec5176d,Rod,6
fa6a61ae98c1a0944bfdbb74becc2e44,Rod,3
fa8b1b6ec3b8e219f87720c6f5110d5f,Rod,6
fa9939a97b37b5f840a1c1b24aa7712c,,4
fab505979ee7882757aebaf03dbb3339,Rod,4
fab830aa4b6a055d8a17e245d7085a43,Rod,0
fad2706e039821f84fed984e6a2b2895,Rod,4
fad924be6702d8faeefae10f7164c174,RGC,20
fb09e2318a6b8bcb7ed5904cc7f36d6e,AC,16
fb0ac713d0fbd651db8e2c7ef665ad59,Rod,6
fb18fe9ad1afbc6d84cf481d3f6f61c5,Rod,0
fb1bec8cfc9f13edbb51ac9ae7610685,,7
fb8166acbecc8d02fe41ac23ad9b9fa2,Rod,4
fb818e28911fb49acb140f3bda0ca60c,Rod,6
fb8434e4e1742b2ff97e80a6698c8369,Rod,6
fb8bc97c72d9a321a304fdf846ce9983,Rod,6
fbd9d9b7b3430e15c8c4c8a05857ccf4,BC,9
fbeca9ed0a59b211aafac10598b6edf9,,10
fbf4e79f01695d6b908ee125179ce715,,4
fbffbbf11484f1c6b7e380ff43898195,Rod,0
fc0e227d644476253f8e8b3c1074857e,Rod,4
fc148fdb0d127b4e96296044cdb5cde3,Rod,11
fc4e3acfa5a2a3b2039665a8ca144277,RGC,20
fc4edb0c403eebbfcb7c9883a3c7a7f7,BC,9
fca0df5c652bc16dfade3f5876dc9a54,Rod,6
fcbb2825de80208a48cf8d85a93c8ec0,BC,18
fcbeecfeccd2615a559ca47322a895a9,Rod,0
fcc42d67eb33a4adf6d3f2168a77f317,,5
fccb1c6caa2b5af86b3fc4d27d591835,AC,16
fcd404da4f971b2c8ce72235acc682f6,Rod,3
fcfa36342df36d521260ad58e35d3240,Rod,6
fcfc3a5b15842de33e01166a52f19ec9,Rod,6
fd06f92e9f32d90072813020068f694f,Rod,0
fd1fc966bb058eed0f962bf2ba80fb1b,,6
fd210facccc52ebad74e72005c40dc7c,Rod,4
fd584cd0bd8cf130095b908089f7faa2,Rod,3
fd5fdcd53b69a53f70537167749b733f,Cone,10
fd60e13aa6bff7effe591c87974f76f1,Rod,4
fd771fd5299624656ac265f6b95e4ffb,Rod,4
fdccfad0526640be5b6606c7700eed97,,3
fde6f5f76864f311a17e969b21839bce,Rod,11
fe3131bc664d9f53a9c3d8783452abde,BC,15
fe6dd1d7419ba03d04f675629483e981,Rod,6
febcfef36db1164cbfdbdb9f9ff00a2c,Rod,6
fec241ea61c98e968f8359e2508915ef,Rod,0
fed386d7d978acaf25cff9491b13e55a,Rod,6
fef848cca9c18557412ea3273d31dd50,BC,8
ff2d4b9e9cc051153d4a6523d8dfac6b,,6
ff37dd52839a0ec6650702b6d3b296e3,Rod,4
ff4947c687b7a67020e6ff75ab4f9ad9,Cone,10
ff4c07373f397e6e787627dda3c1df6e,Rod,3
ff7b63938e4ee1000ecb6eb814f36266,Rod,4
ff8381da822a97866a36e47fb753e1df,,4
ff9bd82b828cacc567cff6ec1515dfb0,,6
ffdf86e7079eb782fb9f5adb201e63d4,Rod,0
ffe318b9ae02c6318192087628cb725a,Rod,6
ffefa1e4d98240e1feee2ae13651448c,,6
000965ac9bd67e65cbd184b7d45a0cdb,Rod,6
0058313dbfd2d70fdf72bbd6ef409544,BC,8
005c533be02c0f26876985fd43ccb500,BC,15
00836ad66fac8f794aaa8ef9205bbb66,,6
00868822d4f561a83aa41d30d041e80f,Rod,4
00a015270ecc67644bae227f78bdd097,Rod,0
00a9a8188db1193f2af020162735601e,Rod,4
00b2047d01ecbeb886da75a02fd82cbe,,1
00bf1a9eb5ac22d1180aa8f1ca433c1f,Cone,10
00df5abddfddf8ba1f40d46f4b320a39,,1
014264049f930c6c09e58e37812cc0e4,BC,15
014fdd116cabec1bd85ca03521a59996,Rod,3
015e0ff4a430433b7e987bbc147ee288,Rod,4
0166a1cdbd24f11da6e5a09f2127d04a,BC,9
018a8089b699d4b7ae558242305ee70a,BC,8
01a7687a6d59eba38a3b4a43cc403224,Rod,0
01daaeb53057ad15dad5c81ff10215cb,BC,15
01e1d31a6a9d3139eb74e0bf92ee5c95,Cone,19
022cc050a939ece1aac1e8f0bdf4f926,,6
02b54e4482dff2b500460af080b8eb89,BC,15
0302162447ba7795893d80a47a0b05b1,Rod,3
0307bcbc77ab4060b13b754373653a6d,Rod,0
031b212312fdb3a4446eb7ebfa7889d7,Rod,11
03258ab5a43a2deb8496acff8c17411c,,6
034a81b55570df2d9acea26b0a8fac4c,Rod,3
0358aab39b59896723b1b7eb8518249d,Rod,4
036c2844623cced9d0605fc03b8a1787,,0
038899562aaf4b97222648f858d5e222,,6
0391d577631c773de026e089f2fe0ab2,,10
03aeb964e3a94a5d3dcb658c912b6b7d,Rod,6
03d80d36c7eca21f219526710f617556,Rod,6
03f80de85e724f0b994a6d599823cbc0,Rod,6
0416332664cde3f737c7f8e61c29e5bd,Rod,6
041af69c1a6448320993e7d66ac0ae1b,Rod,0
04503431341e00f8b537aa9da11b9f44,Cone,10
045c519deb3e76be7be45277bf5a88a8,Rod,3
046fefd131aa7647edb7f18b8d56dc3e,Rod,6
04c89b11429c0074c5f9b86064878147,Rod,6
04d5bea265324111d72b4cfda2212392,Rod,3
05482dceb9eb5397cd3f5cfe91bfbd7e,Rod,3
055dba1ba088c04f88c9e5a18d799108,Rod,6
058ee9dfcd23f9f2d15faeec08b074b4,Rod,4
0596da2c4c2329db111f37ae73e0867d,Rod,6
05c106e11f90f56ef2e6fc1974d16ac3,,2
05c93083e6cd6596e8c2531891605129,Rod,11
05d2aa58a67d6178237f0aa367b3c102,Rod,4
060082e96f86c9bb995c41586c57d0bb,Rod,3
0668c910fc795a815f0ed39a482f5177,Rod,4
067b13b54a8e247289b6d149eda8e905,Rod,6
0682ce97bf7c33a596d4227a0a7affa4,Rod,0
068f98d13ec73c6919560cee0a62d709,Rod,6
069955cd1fb759d1919bfcad003ec10a,Rod,0
069c764cb39ded5ad97654f17beea84c,Rod,6
06b2c440593675d81802351a9a56ba91,Rod,0
06bb615122eb9c964e5a3168bf949c75,Rod,0
06d688c8b339409f69b66de3fb8ac76d,Rod,6
06f8e5297d58413516b4d492e454afcd,,0
0700bae5548322efeaee67642981fd2b,Rod,6
0701490e7a802637862ae5ecb3d24616,Rod,11
0707fb99df8ef44eb955346c7df3ee66,Rod,4
071d7d3b0ef8b6956ea7c2ed9e1a92fe,Rod,3
0727a422680426d618a895ace66f569d,Rod,0
078360de17656a693ddac783cac504fc,Rod,4
07b134013a63db355aeb39cda6c8d3fb,,4
07b55bb4608f78cb22d4f5aa93ea41e9,,6
07b96fe0aac9d7406e16830c7e8d7965,Rod,6
07bece40dbd99e78ef1ae29ca2487d8f,Rod,6
07c695bba112b1aebe63b3b61e2d59aa,Rod,0
07c7339d87acf39dd4293b5898f00dfa,BC,15
07d84d57f26bc4c6d51b510f98458af0,Rod,6
0825361e2df786bb1606e1ba7aa05869,Rod,6
082624f970a5f1cfd3e4100042cd58a5,Rod,3
0826ff3ecf2b4ef36581dd7315cd8fd3,Cone,10
0865ff2c57466888049ed48251783551,Rod,0
087d0b01bd54e2be1979d962dfa80f1b,Rod,3
089134bf5171803c51a838ff55dcad60,Rod,6
089bd5a8c7f5dd30cd56c673f84ab40a,Rod,6
089dd7fb5e5533fa39b70a099cec17b1,Rod,6
08af838889debed6dacf8fb00a088d80,Rod,4
08c04f438ef1325141e437ba4badd651,Rod,0
08c960d134ad8c053acedf7e943ad827,Rod,6
08f22df7178da2f1f32ea51a3bfae55c,Rod,6
08f4adce21778ef5228b718e251fe406,Rod,6
08f5360dde3d0add927ee353f1cae514,Rod,6
08ffd2494462286bc6d69405d227a521,BC,18
09133b1e785dcc47d9df70c142270bc6,BC,8
0934e0547fe09a74a3a6ef477b00fddf,Rod,6
096cbefcc710b09b6f0b7bf11444690d,BC,9
09a46dac67e3965dc0600f08fbafd340,Rod,0
09bf4f69419a48b84e01da6dcacf0dae,,4
09d8442d6d763d370552927ba038c3ab,Rod,3
0a6bede099c5a3d7713aea7ec7210355,Rod,0
0a6dc7040b84d5414dc1dcab0d571877,Rod,0
0a8979931084bf879797c3be30b6a744,,1
0a98214c159acfddf48832eabba57d45,Rod,3
0ae2629d306e5fc18c9f0685ebbd2fca,Rod,0
0b08af2c6506fcdc0b91aec5f5f43053,BC,9
0b149e004e76534564a1d53bffb4b681,Rod,3
0b1f1d79645dbac618f95a439af51eb5,Rod,11
0b274567de0eb47a879c9ff19bccd366,AC,8
0b5f2e4807d587deb491c02f68aa1151,Rod,0
0bb0e6fc0c27aca16a634066fa1522b8,BC,15
0bc595a3613ac0fa56fb77e445a76c07,,4
0c22e273bcaa00f2f80cfba494c0fd00,Rod,6
0c36266d85944b93974d24aff3a4d953,Rod,4
0c413c6d05d3347270ab361c5f44e89d,,13
0c52bda2b545ee87adf22ce9b0239e9b,Rod,6
0c702ad2303a41cd39b5a7ea39d7eb6e,Rod,6
0c7a88f2c936472136f073bbce5c6dbb,Rod,6
0cb9bb8530c8975c66de3d1125a0d36f,Rod,6
0cc15fae12b329147122f1eaabfd1243,Rod,3
0cc42143fb6bf20263b0b94ac157dbda,BC,15
0cd70fe843489b0c9f51a002a69ada03,,14
0cdaa3a0da30136ce2f52f45bbfbc5e9,Rod,6
0ce34d15b1d8b5f57dbf9942302601a5,Rod,0
0cfa80d7c3125c5d8256d4ee097a291a,Rod,11
0d129466182c6993b051529c177136fd,Rod,6
0d344eaea2436f4b82940fd4198d4986,Rod,0
0d494d703333392745fdc899f307fa49,Cone,10
0d5a16b69f99594f4dde9526281f0061,MG,13
0d6503d8e8b2d3e63854188c47d75adf,RGC,20
0d79ff83fac66165552c8f3fba179ad2,,9
0d883ee61d05bc7f056da1f196068296,Rod,0
0d8f8e1a133ebdde1b463cbd57134b5f,MG,13
0dc829c8686cf45bbb97da9e2d7ebcb1,Rod,6
0dd88869c1793c2ef456f65a7541c93b,,6
0e0110e13b84159e65e30c74b3f73bc7,Rod,6
0e144d203e299302db4226a726414656,Rod,0
0e25bbabca44aab369cf05ad74ff94f8,Rod,6
0e30dbbed9c6b776fa5c3d16fcddfa51,Rod,6
0e7203d4ce4df40b890809558132b32f,Rod,4
0e9239bc35dd0c73d83b425d9a0fdf4b,Rod,11
0e98b276ddeefafbecb3c9d5e9736a85,Rod,6
0ebe0b48274361844e17a697798f3c76,Rod,0
0ec70b652960e22bc3784e8421558202,Rod,4
0ed1b8229209aa32fb9907adc6367a53,Rod,0
0ed7c50a66ac7779b6a46a07ea3b6198,,1
0ed7fe725a95aa81d102ffb6d296730f,,6
0eea3bc98089a63b0fcd2ad218b5ecd4,Rod,4
0f2dfdf851dfe96fb3d303d790fcf48f,Rod,0
0f2f668576a8627475b4d49d85b64f29,BC,15
0f6781422ea2039a1df6556178efa882,MG,13
0f7c91501ad55bca51d0b639a6ce408c,,4
0f8537187ef5936bbdbcacbaa00f121d,,6
0f860041c21cbb671909796d30954173,,1
0f92ece57e9f1408d594046836543e79,Rod,6
0fbceccf3119cc16daa92450e7a77681,Cone,10
0fc166530f37d1eacab6f4a4d86ab281,Rod,3
0fc5da9a19656fa502ee407d3df19638,BC,18
0fcacc70cc4eed4d6c42bb798f02bcee,,6
0fe047b305ddeb2eef5a0104bdc3ab8c,BC,15
0fea2d4f181ab8a8f48855b2cf20b149,Rod,6
0ff386cb6d016af913e84788a43a6c81,,6
0ffe42c1c4df189dc46bd863c43be464,,3
1005902026e9b0e67567c7b767eb69a7,Rod,4
103077b2f497139774b2f2460bd0677a,,1
104185c5ef4a2b035898d68c1141d8ae,BC,8
105d6a69dfd0616a107bf944ba0fcf05,Rod,0
108cd248e1da54635ed600bb378aebe2,,10
1098e75502198c5ce8c1677cc5aeab9d,Cone,10
10b3a60f638f04cadadb45546e7f213e,,1
10b7201b8f8ce2e22ec8879266414ae9,Rod,6
10c47bbf79aa421b235f7751d3c0f4da,Rod,6
10f6c9a09b534d4dbb341770cd1b7230,Rod,6
10fbcf218e77490804ffcb9770edd994,Rod,10
1143b81c3ec3424fe2bc192cc9829b01,Rod,6
11542639bd29ada4ef991d5a08358d44,Rod,0
1161fa42ece73349a01237031d5415b7,BC,9
1179dc110d6593cfb56261720564a45b,,4
11c634c7a5e1a306601a19a2503f28b3,Rod,11
11c692ccaf93f8b08f66a258a03c169d,Rod,4
11cd7cd0e6cdca80d090d4c0d0f5f9e7,Rod,3
11d17195fcf13a709b8ad6705d295319,Cone,10
1203a0220bd057de489e1b40688a7fa2,BC,9
120d0099f94f2677655737c27f3059c2,Rod,6
122d53286079a232775fd7b48100674a,Cone,10
1239b1a0e9390b7123bb30f955fe1b4c,Rod,4
128e963cbb42c6f18ae1d1cdd4ac390e,BC,15
12b2e8ddd947da6c2cd824cdd4b826d6,Rod,6
12e93e3a0cb5675a7020ebb018731e32,Rod,14
1307b38cfefd73633fd4ce65695cbeea,BC,18
132241aeeb4ce48403d30e96657c1350,Cone,4
1326cad29d8f77320d850383f341d778,Rod,6
1337d804cca34e4d9229383a63b09190,Rod,3
136b9fbd43e98779b99addc4c4d94753,Rod,6
1376648e6357e94007373a2f219dea73,,3
1398e606dd3782438ced6c44c0393e1d,Cone,10
13cbfa40245554ea4aca179a31b3f7e2,,6
13d40bdeea93ebcfc71974eb572fd210,,6
13f70a94219af40a563789b3638220c1,,2
141cd5f88e71dfdc1419d0116774c5e5,Rod,3
142b5bd6fef9b353ed83feff4a011eca,Rod,0
143435a34a7881ace97109464d358aba,Rod,6
146eb796ebf64e7f229534376cd8d6fd,Rod,6
1483f57f92067cd9cf417c9a0b29b3da,Rod,0
149f516feb0e704c60c80ee72b43683c,BC,9
14b02084d85ee8e8a255c885aa8066e3,Rod,6
14b619a4db50eaa5dfab26d80ebb775e,Rod,6
14db164d77a18991ca888be05db94268,Micro,21
14e4ecd065c065aea7a527a1781a0366,Rod,6
14eb051203a8e03dfc630dd29e2422bd,Rod,4
14f3a6a092fca66be4cc849ed91862f3,,13
14f3d9ce0900f3ec44abe9fe5072c478,Rod,0
1533deab2027d38f912eac27b520ff8b,Rod,0
157be5cf51d09a8cc9711250cba903aa,BC,18
158702b865eb00f6069fc27deaf76fa7,Rod,4
1589e17b188fc40def1132703b966d59,Rod,3
15988071ad6bac98794fee4bc9381211,,6
159fe0d7c9ac69e87d342a4a0aed8c2e,,2
15a3a9cecc7e256d2ef938320860ea3e,Rod,6
15cde9e6c3d31c913fb9805b9f6153f1,Rod,6
15d7c34fad7c082ab0b64f939f148f95,Rod,4
16479c2fcffb3df75bcef47673170094,Rod,6
1648c96830c37ba79e6d782564fe7d83,Cone,10
16548541a8421e3a40f9bc528ecffe64,Rod,6
16f3f92bf9b83f54bed39b560c352631,Rod,6
16ff613e94a1c1c42d900857bc4a5fb9,Rod,4
1717e5f1cf0942dfbf9792049c18cc37,Rod,3
171963dc1122a93808f0d8beec5acec7,Rod,6
171f9711f8ef58349a82ad6a54f3a14f,AC,16
175aa4e2bdf7de8fd90ce27c621b3c3c,Rod,11
176fe83400373ca1dd5c8b4bc8f5c2a1,Rod,4
1771556d78ccb36e99f06dfd4049cd9d,BC,8
177fe6296a7d823454bb79141621ca43,BC,18
17900190810159b32cbb4277881565cc,Micro,21
182f7dbdd3aaf35b3a240e99dbbbe842,Rod,0
183d50b13ac1bbaea8b2f3614c6a37c3,,4
185fe74947c4f67af15084920775060e,Rod,0
1867b188fe878aa7de69f6cd05344b18,BC,18
1879a31f585602f0b1fb0c532072cb4e,MG,12
187d24ef31767fc984b2af2f8be01a41,MG,14
188096fa62c753ed0fc469f3c6307c5e,Rod,0
1897e2730a4aa4c87fa8cccbffd9a4b7,,6
189f8fce475dc97bdd0d81aa533d714c,,6
18d46abdcffbe60764cae96592c84bd6,BC,15
18d7e7a3582b9d87031389e6eba8fa6d,Rod,3
18e7829ba2728d610549bee66dc11302,Rod,4
18f8cf4c17323860bd6cbd30503901bf,Rod,4
19028822dace3220124cb1936df03adc,,6
198acdb86016a10d680fa93bb992017a,Rod,4
1991f51e00caeef4a542b8fc63e754f5,BC,8
19ca276b4e9431e474c26d3b8de7a544,,4
19d78b4c20229b7a05f26f1fd246d28c,BC,15
19dc481705156df64af182066b3ec3f0,,16
1a0336a1cfa70ab9aa6faa85d7fbd8b7,Rod,0
1a0ecd631d899070763cb78fdea5c521,MG,13
1a0faec1bda3a1e8470cc1efe488ab22,BC,8
1a15ffb1f31fd41c25f862cda1eda330,Rod,6
1a419341bbcc21f7058c5a9bc1378e24,,6
1a9498aac52a192cc081a327a3274332,Rod,6
1a9733d1ab9c330a891644c93d5c418d,,1
1ac4ee3ec3d4ef73694331a7ed3dc2b1,AC,16
1b1413e7b9340e32ffb56299cf725644,Micro,21
1b3b366c45bb1e1c30060d7fa60aa99e,,4
1b5190e14a0af046e3a78bc4437bb5aa,Rod,6
1b6cccf8690a4b243cf54bc2755e1fdf,,15
1b81682516bd1ad402d9b403077a36fd,BC,18
1b8a1c67479a20a975894c9182df33ed,Rod,3
1b8ddec8590bffd519d220d038d59458,Rod,3
1b966a4adcf76ad75ebf7732494ee674,Rod,4
1ba5506dd52958522a6b874e52952011,Rod,0
1bbfe3b53864600e488f4f9a444412c8,Rod,4
1bd635c866da689772ca169451446bef,BC,15
1be3390583b0706e64527fc82cb5002d,,6
1c09d11da86e23eff8a5735bbbdc1c8e,Rod,18
1c3da2f7adf98c4091e6bbb5f7fca220,BC,15
1c5c40f0948db4f56f38ef5c9eee1461,,6
1c641bd5e32cfe3c7593675e1c220f02,Rod,0
1c8c97b6afb4a89ea87336963bab00c1,Cone,7
1cab9c4811c4d45de3d582bbc9777372,Rod,6
1cecadc0f11054e630cf3c82ffd513b2,Rod,4
1cf26c45c05e519e0674557d2949686d,Rod,6
1d02222419d98ecbc97b6d123531516c,RGC,20
1d13f5f4d45edd8522a604822b21d8e7,BC,8
1d1d7c5cb5e67e0113538ce295e3d5fa,BC,15
1d53757cef47a90299a6660021cbd808,,6
1d6cd3d644e2453e0a97379abeb3eb4a,MG,13
1d89fa3352cfb7c491719a162bff3c72,Cone,19
1d8c7b1eaa0fda38728bce9d2db102c2,Rod,6
1d94423a993e769b4f4270437859f628,Rod,6
1dad44cb4a3fb4da5ead4b424950e768,Rod,6
1db386295a7f7f89e54f38b386de721e,Rod,6
1de283996647322729f1d63c316a03fa,BC,8
1e216564229498c8d713c21ba6efd549,,6
1e4a21e8afd3f94ae7269c8b6e2f8326,AC,16
1e635ffd4f78786f1f776f1f2d5c064b,Rod,4
1e7164eb3b7730f84c9a4bcedc331e9d,Rod,1
1e82b7e27563aa1e5594ba075be50a85,,1
1e92dcafe471c12e25d128e902c7e713,AC,16
1eabafed85322739acb208990f7ae441,BC,15
1ec39bcc973b3b9d2e0c40d9b168a149,AC,16
1eceb13e8a3407b762e6add9c09d17a5,,16
1ecfad7213cc7900636fe793d6d960ee,Rod,6
1ee738fc8e53631f6dcb7b18f0e1e205,Rod,6
1f18825600c26500c3a36867d2c7ac06,Rod,6
1f51a41836fb2e062be8cd92e11ddd09,Rod,0
1f5415b0cfb02441c669d22d11e653b7,Rod,6
1f7395740e2a5d7abaa7536ab7bb8c3e,Rod,6
1f92ae5836b9e29a902e512fffa889ba,Rod,4
1fa8a3a85a0cf63e1bf8a7f86371ff72,Cone,10
1fef062614387a3af75664df710e9ff3,Rod,0
20085ab98992b6225fb25729d4b19805,Rod,0
203e6aeb2e99a7074529b05dd69c8b5f,Rod,4
206da8362aeee6c948fa5eb3e18fea1b,Rod,4
20d4d7bc13629c82d744277f5b5fc9a0,Rod,4
20f23203c43986207a2147ae94b8d543,,1
20f724a87e946f0d1683e0772fcf1e5d,AC,16
2102907c4e78053cd3168420f8f7a6f8,Rod,0
2112eb5fa8231708c5e298ba0454f8e1,Rod,6
2146c406c52ef533dc75f8224451a1f4,Rod,6
2153ff082404ef4af4c8a8f678701b96,Rod,4
2163e88c46fc30d0781ee792c188ab90,,1
2166d87f768867e6a69a3320c65d1912,,1
2175cfe11aa2250883c1cf79bc022109,Rod,11
2188efbdd5d488679d18bff1ee26fdfd,Rod,11
21a5c7388d19e871e6067a1fafbdf8fd,Rod,3
21bfa5773ebc28cc5cf8d17944002234,MG,13
21c34d558cb817424e291b471a4a9f53,,4
21d305ec0b3dc40d0027d649a7f0b434,,14
220ec05667fc1a30f388a8f632cfe863,,6
2223a5bccc27e9bad1b38023e68829e8,Cone,6
228fe20724a8612ab8c6eeea7fab0aa1,Rod,4
22b3fb33c726e410f8022a345ced16d1,Rod,3
22d15e317552055b21e5b2b6c415c9f6,,2
22e47875168d09a0b799a050c9efad6a,AC,16
22f951c71f79a0ec1625859d3c194846,Cone,5
22fdccbfe9426643fb86c4b20148d860,,3
231607d3a78b77667cbcc406e30d5caa,Rod,0
23262502100145979defb55e9c45f7a4,,4
2329b1c3ca7ca6ac734fe3b60d79f45e,Rod,0
2339c335bdfbf07178088e57e3724462,Rod,4
235563ee156a82b806c9cfda17655ab4,Cone,8
236478b1bd69cdbb86134dceb85e9da1,Rod,3
236feab3f5551d2317de2d401aae08fe,MG,13
237f787493b87bc950a9f4140ee74ef3,,6
23804d547259594c1ed0bec7ba89d2f1,Rod,6
239dff8e3ab4c555b76256dc8ef9967b,,10
23a07c986e1c737eff85232f4eb88884,Rod,3
23c753ec39651d0dc39738cca7cf800e,MG,13
23f8746d3fb80dbd645f34cb6daf2b01,,6
240de3f600d354ec6d061745418b7749,BC,9
2433a6a36d6322d0347bd3cba6a753ab,Rod,4
243777e4b19fcd6cc4903a7fea1552a6,,20
249b6f990d2a99306d5e002dab32d665,Rod,4
249c3be447e6efa4cc91358f414bf12f,Rod,0
24a35d0041c1e8b20a26813333e358b8,Rod,6
24bb81513dde5875900be0cc055c34ba,Rod,6
24e1ef42a2cd1a6a844723a327b97b47,,14
2508d0d2a058d727243bb180e042c826,Rod,0
2510839f4c79b969744d6c7e9c69c1a5,Rod,6
2548e8b57c584da016a736b43ef8c145,Rod,6
255a156596d66cb07967f2db96b47598,Rod,6
256980cb7260ce207639768299072955,Cone,10
25886f1cbe298c8fb59b53c37f07e3dd,,3
25986d9e11da883d2ad81ab9e6fe2c9d,Rod,6
25acd9160a6e6ab7efea7c891c88e9db,Rod,11
25b65ac01a55b2aa427cf4c79ef58a37,Rod,11
25dbab9ebc848f8541d8400b1f8859f3,Rod,6
25f278f5fc2a747ff8ece2e8a1ac7688,Rod,0
2640018f191ed48e1c25a6693188ec20,RGC,4
268b0ce61d7a088eaae4e82494c7ca37,Rod,6
26bd7782ce0df775fccfb706559edd0f,Rod,11
26cd06fed59a01744b545ff15a60afb2,Rod,3
270deeb0493df48b298cd1d5c39501e4,Rod,0
2715a1fe391fd3f0b87aeec1cfaa732f,Rod,6
273775b9c9141bcfc8ac9c495fc0a6b1,,14
2754ea9ab2ba013beb1dd9c9dfc8116a,,7
27607f9ed8884850930858f83642fb3e,Rod,11
276b0258433f681024850b4111f961e1,,14
277047a36cfcfe8727112be5999ecbdb,AC,16
2777a9986d7f59b7a8fbf2374cd350c9,,16
279caa74f55b4e608a4d79489c74574d,,3
27b10baec67b13ff0802c5d937e7c65d,Rod,0
27bdbe5b7c1acab02f55b27e18b91598,,19
27f902818f53af29af67cfe8935fd547,Rod,11
27f91db7b68b40284dbf1e3a2d5d8523,BC,8
280ff346ed9dacb15b30b3338a948c84,Rod,6
283429886393b07630622f08f8aef1eb,Rod,6
2840ac7588cb638f7d70c30776858252,Rod,0
284c391d914fb8dafae448ddb80ce792,Rod,6
285bd18f22dd6db4a00fe721889f3566,,15
286e745ff150ddf60b9b56acc0d4e297,,0
2888c3d5dbb74ea707e46d9855268cfc,Rod,4
28aa10305ae26e98654b3c56d5fc9914,,6
28bc6ea51a5038002bf1cdfa994fbc6c,,1
28e010e729a77e9ea5db17b558ce3666,Rod,6
28fe6c0d4e438176f6846554f4ab0973,Rod,6
296f5a7930daef40264ff60b54a99301,Cone,10
298fd53bd59f2dea1f2abc2f296367e3,Rod,0
2997d8dd0117f875c568ff7ab0075dd1,Rod,6
299d64a84d4530945a5b56a3f4b06941,Rod,0
29ad1c1d1fb541e5eb5777eaf88487ab,Cone,10
29bc37d3d6e068aaedef86e793152785,Rod,4
29c5b124eedcf43ef7d5901e448a3cf7,,2
29d359297a5dad727c06a5a9509c3b02,Rod,0
29e9f7aecdd1366a9eb59bbfbe9fb3b9,Rod,4
2a1b19c63a4273bbd87dfdbfe3aee4b5,Rod,4
2a1ffaf03c6d0d3a8422be8bdcb78d0c,Rod,0
2a81e32c8b19dca1f409573f2011bbf6,,6
2ae7f9a68146edec2c7b21bdb9ed945b,BC,9
2af57b172f475463212f94e1d1645233,Rod,6
2b1f3a8c1dfb8a83453718947a80a92d,AC,16
2b3811d5ab763930d299101e672e228d,Rod,0
2b7e19744c02c7d6b675bdc8f458c346,BC,15
2b8d49dcf8743f07491001e422bfb1b3,BC,18
2baa19d9c8237bb1554739e28d35cf05,Rod,4
2bc1d49a44e92be20ef6efe4ab3a22e7,BC,15
2be0c1608cb53cde82036de94dc5cffe,,4
2c15f009e846de05493b74db4a5f2ac9,Rod,6
2c344678a709acb85598aa74d0396743,Rod,4
2c5cb7f836871bda45cd9fec617a1ad0,,3
2c9df800d7925ec935757ebb331839b7,Rod,4
2cc67f4cdfaa302c70ffe1e56cdfedb6,Rod,6
2cd6ea5dc8e1791074f1e3d0e782e620,Rod,6
2d0f132993aa264ee5e98d176fd772b2,Rod,6
2d1b55c1159badf42266a18f36de7f9d,,6
2d1c9653dd9c7f3fb219c625ecd7d3ef,Rod,0
2d35190dc34d11ca15dc8a982c0f8c94,Rod,6
2d36720d561803816ad1b198f1e0d6a2,,6
2d4e73d610044d43399fabc30a424f21,Rod,6
2d6ad96b205a001b96f04c51843cee6a,Rod,3
2d831954408847b5f333ec536ed39538,Rod,0
2db3a13942a8014b3a398d9684f80cef,BC,18
2df9d10dd06dfd8f6a98d4337694aa97,Rod,4
2e084b56b8c3f6f3ab1dd1425870df74,MG,13
2e1587cc5f8207a41be79bb7b03fd509,Rod,6
2e43de4e3b66d1a4b720bf36197d811a,,14
2e54d3cd7834d53a45f6fd4d6e0217a5,Rod,3
2e9acf9b3c1237a64af02e7f40f304a4,,1
2ec1626fcd014c380ca6899a9d98360e,Rod,0
2f3d62c6502d3a68022f5fc0d1f062ba,Rod,0
2fa453482585c82641281988d48d59ca,Rod,6
2fa60d6a05dd141f7502591dba55646f,Rod,4
2fd66a8e015f01870e227c5561e666ee,Rod,4
2fe3d24b63907c9e7d065849f78fe600,Rod,4
2fe4044223a1ccc040412c62e377b60b,,14
2ff7386c119b1ba1c3a1bb32920e63cd,,7
30217a1c9d2f02a28d782681c019bf70,Rod,6
302586c848d4d2ce9d869fc5b69cec5b,Rod,0
303c825b36390c68016277c1fae0af4f,,1
304270d96408340d215cb4cf908b764b,Rod,6
3059ecadd44cc212a634a95ed786ebae,Rod,4
306e71a3e91fc6fe5f594c8f35e7fd22,Rod,0
307494aa8ba481017fea2e59e085dca2,Rod,4
307f5d7ed4b89ce529e312267bfb2525,BC,15
30ae2191d98eabc7bbb63596d0a8c474,Rod,0
30bbeb20842053676684c1a399a774ac,,6
30c46a839b9422f43ddf03fc61c3f13e,Rod,4
30e2ef3e150743f2b6d98ef1f5c29b04,BC,9
30e59290afa5b382b16724dab3e127fe,Rod,0
30fc8b5f4083d52470d44c6e3025a3f0,Rod,0
3132f4a1f673ac297780b749f2fbbfb4,Rod,6
3142153dc5f564e32a9d8302241c063a,Cone,19
3159e9a8f183aa3432672e3ab52c61ab,Rod,6
317516bf5c15e15a96c12b5a9b077667,Rod,4
317a219419dc9491571d8466d5c61d56,,4
317a3605ee639b3d68a9b3e1ba3fa3d9,Rod,6
31d0e6c971a7b5c71a094d26ac480f4c,Rod,0
31e3b0a85922a479ea2676f18d413dd3,Rod,3
3216b17786dc3b864f9221068479d5e6,Rod,0
322a1dbe661bca5eb0d1dcd19dbe08a1,,6
3294476e3b12379b6d6757947c17674e,Rod,0
32a5352dac84f7b72f5be4b4236e5685,Rod,0
32a584cf2d64bbe1c519683a75b310e2,Rod,6
32ad206250e3d6f482540b7278e79a7b,MG,13
32bb89c6f16ebacc4f85fb1ace591a4d,Rod,3
32d3517b95166e7d89ca31d7c5fd09d8,Rod,0
32e4ed8f7ed77c8b0d06df68132d585a,BC,18
32ed53ab91c409ded8103e14e760e451,,14
32f5eef31409224a29ab9776d71f03ba,Rod,11
3322357789bac96a0834846d812830b1,BC,18
33330a701731300dc7e8397588875b6c,,6
33736f8530b6df100e6de777e3a6713c,Rod,4
33c90905f9f2cad92d12dca71b9f53b9,BC,9
34022d505898938fdacaf136550d2d25,Rod,0
34121ba2c6e28d80f85d020030e4529c,Rod,3
3415ea45bcf0c34d7f4d6891126fc805,RGC,14
343ad6719c7f7b8a1c3065d47768daff,Rod,3
34469b508bce93a7fd3b72a14853e847,,1
345d8b8643fd088db6452a32c7069aef,Rod,4
348187982f8ba72375f38e84e0731b15,Rod,3
348861c7a65d17f4ca61ff62b6103a17,BC,18
348dd6020843d1c7eba464d688a8281b,,6
349ada257d703f8fd43722f253581679,MG,13
34db67fc90a5a757d0897fc4fe7bfad0,Rod,0
351196867800fbf686fd52f8efb9f5b9,Rod,4
3518cec906a184c9bb1e1de0489b5c1b,Rod,0
353c0b60652068156ca8010b8f4ccfd3,Rod,6
3541cec2fcb1bb8e4b70f454e8f4c4cc,,4
354e14b55782dde3298e544dbed95079,Rod,4
3554e81551173bbf6768da35097eb2b1,Rod,4
355d4f06ddd7b191be292f8aaebaf054,Rod,6
35783974a050fd30161b22fb53a3fa93,Rod,0
359cb56fef01febf48aae9e862c0a75c,Rod,6
35bc3bb2f2fc4a14d47e7c1fc5870b0f,,1
35ce925d50b854f8bd8b1a22631a7c4b,Rod,4
35e19939a79a8b5eb1e07bc3a6af4285,Rod,6
36375e9d248447f23511b8a85ac51791,Rod,0
363cbe9642c9a5571d963bd4f3595000,,3
364421f6681674f9a073d7c8f03654cc,Rod,0
3644c1894ded4e51094cab05dd532b0b,BC,15
364d33666990020dcaef4b10216d0573,,15
369bc58d9da134ab5608f572246da1bd,Rod,3
36f151c5d11e179bd887948bbebfea3a,,1
36f6b3f1a7561f3cba8b66153a43f5f5,,12
36fd36e2445513bca8eaff55f712310a,BC,18
372d9496890395786a31962c3192cf11,MG,13
3730433f70f1c202579d5ba36ae0d814,Rod,3
3736e124160557b5ac0a8f8d6d513071,BC,15
377955cb157fb0663b9ac47fc7dac5da,Rod,0
377b8e51ec5cda247ee1291a2da1d79c,,6
37b9892117de7b3bf637e95587ce8629,BC,15
37e3d9177883da4fe5c519e58b88682b,Rod,0
383c30e510c13e6399def9ddb2630b2b,Rod,6
384d030e57b5c0164150dacabc2b1999,BC,18
3850be4ebb099921301bc53b7e692f30,Rod,0
3870ed942240d68bb4695a781803080e,,2
388cb2dc7a3fa39c32759dfe756076b0,BC,18
3892fb0a200d245cdaf6c0dc2fecfd8f,Rod,0
391146f074523c98c23160cbcce1e9ed,Rod,0
39500429cde346569a8b261b215ef880,Rod,6
396ff24c7fb0db247a1befa1f2f73453,MG,1
399f93d584a68f9abf4d8ea2bc17647c,Rod,6
39afe978e6f25d5c1ca4c7efc4b3922b,MG,1
39b58cc30b01ce8ef5bd9c8449fb714f,Cone,2
39b9b239d058c354d3a1562c6ef344e9,Rod,4
39cfc3795975b9c7796a2c35e1f2a376,Rod,6
39f3847f15e2e19eec61f5466e3d23b2,Rod,6
39fdda07f6ecbe92ef7eb099cf1c7cf2,Rod,0
39ff8180b13b7f979f3b0309cca3d696,,7
3a04a3794f6c36e1abd68f71556ae36a,Rod,0
3a178493f47286d18c134f1b35500a7b,Rod,6
3a2528bd8dcb6614b695b6f96c7bcb06,RGC,17
3a27a04316e3eb62c630cc4aee9deb8a,Rod,4
3a51b4a79b86687c0b85b4a8b9b5e878,Rod,0
3a79680b22de810dc1884bd83e1d81a5,Rod,6
3a9aad23db2a67ad14bed0e16124a53c,,6
3aba3affd8dc8a39cb9ed5f180e59182,Rod,0
3ac42df27a9c86d553d75a3e1c598cd1,Rod,11
3ac8f105ec09b98f876c4994acc04b47,Rod,0
3acc7af0345bff3ee5c6fe9e7a6f0868,Rod,6
3ad9ac5353c60d66a733969693927175,Rod,6
3aefe6cef33a89e158bd5d2a781e2d91,,6
3b07cc2cdd0a5d8fe5dc7efbd888e330,Micro,21
3b08f4066cd53fae54b95c13645ff486,Rod,4
3b1762b80185bc977da1c050a0667ab9,MG,2
3b2e1407408920a8a0db6a1c2eff05b1,Cone,10
3b41ac8b8cb55be717863f152b9eeb73,,10
3b562f315e3db7d52ef523f00b907c9b,MG,13
3b7f0d33a2abd2920c9b8f3f636895dc,Rod,0
3b85857fe990d32fd05ef6032d3910fc,Rod,0
3bdf00b12e9b901ba05cfcc8d798c0a9,Rod,4
3bf475f6f89fcdb329aa8f14d92460e4,,20
3c469ba07239a1c9d60accdb4cf5c56c,Rod,3
3c496c566817f9404f167a656e3814fe,Rod,4
3c64c493c0cb517adcdbe6718d568331,Rod,11
3ca3ca18de229a3ae2f2fa92fecf3e19,Rod,4
3cea37c100a86d64efb25e034d7a5778,RGC,17
3cf2c6420983c5146913767dfe932fc9,BC,15
3d000ffc78d61c55494a561424c9466b,,6
3d3b255db52925784124818a1d87f4a6,Rod,0
3d488a0e8932b7f7f4badbe71dc19a69,Rod,11
3d5dfc75ec84a6fc7b96e8dbb0a43383,,6
3d5f555916b953a5067d9d8e27ce364b,Rod,6
3d8792cc0d7cca0b761a9c6309b6cb45,Rod,4
3df56c8ca8ba90b602059e58b1fa8cb5,Rod,6
3e06a6290f2490f95b4394dc40b6f326,Rod,6
3e158097e5103ee34efd412cefd9e0bd,,6
3e1c970f1aeb3233c6a49afe9eb2f004,Cone,5
3e1ee0603e0e28355a5418357079d994,,1
3e45ec044ea307e9793ffbd2bdbc0617,Rod,4
3e69c933dde42a490c1981f07d9f64d1,Rod,0
3e9511219f8bbcd54c62061352483688,Rod,3
3eb96d4be05b2e0d507dcf2023b64af5,,1
3ed5048fd5a138f3462c0bfecd1b152a,Rod,6
3ef0374a3f3862c810ed577a243b4aa7,,2
3f0a27489e7ef7962cc251607e410193,Rod,4
3f0c1d0d6f49dbe82fa90fa8f2d3becc,Rod,0
3f15c889fabdb050867614ad6164c224,,10
3f532d8ff89f6b555996d9602aa9c411,Rod,6
3f64b989ea83c66f5f3eaf43e8f16074,Rod,6
3f73a5d20507abeebdbb8cffd06248d2,,6
3f87ca0237df7e690d7cbf6ef27bc196,Rod,0
3f92b766fac93d75276579647fb34aa8,Rod,0
3fb5c194d4f31531edb4ffd3cf6d1299,BC,8
3fe466816cd003806fe3080bd2082071,,6
3fedf320584023611db4f9b4b0de8757,BC,15
3ff85d3b648c43cbac0daa6332187f78,Rod,4
40024fd1888ca79099347239aa2bc2be,Rod,4
40477b000deecca61d39c3da925b35b7,Rod,5
405cdc07b5447ce66f0f2ecf2af602f2,,16
40ab962fcb2f37ae051ed0335cfd21ce,,6
40c5c58218e4f4e7ab865d59b7ec8a03,Rod,6
40cd4d8f1c597093d25cefacc2f77ff0,Rod,6
40d27bd614fab4a42c285adcd201a1ff,BC,15
40de399f1fe1b40b1ce1f2b9fbec718a,Rod,0
41024b06ef6b701eb905519737b0bf00,Rod,0
4116025922f197c105905d699996ceed,Rod,0
414edcecd2f11a69936884cc79facf25,MG,13
415b04bc036e8c7f21b17e8938cf058a,BC,15
417b1d03716382c0e124669ef779c86d,,2
419211730c017307168b542b1205a132,,6
41b0efa6b094e156676e204ba82d602d,Rod,11
41cdd82c6f915af98e675a4d4d21e896,Rod,0
41d1ea638f53c7217b38623819c2ca9e,Rod,11
41d4f861cad0e1f1de323ead25c5b04b,Rod,3
42060c164e0ba7135957f0e6377ecac4,Rod,6
4278fb84ea4c9316faaab413cdac56ec,Cone,10
429546ec8642a8e2e89498d18fc9e7a3,MG,1
42b6de7cdb337d1e45aa585df1c1d934,Rod,6
432bb619a943cdd1a0f8eb4d9062c2a9,Rod,3
432ceaec5fb9ef710fb4e86aa0b9e8f0,,2
43323e14d04f425b933ed9b78ca68c21,Rod,0
4339cadcea0e72ede31cf00379c48b86,Rod,0
435c453268c3565fd4965a4a9d1144c8,Rod,6
439814ad73c9acdaf4de2ed5f56bdc08,AC,16
43b0ff81af70c69e51050c1318829f85,BC,9
43ba37194405ed3a5b0c65997e0ce93a,Rod,6
43badc70b88291d65756443528593ab5,BC,15
43ca2f227250c836c55c42a4709c5794,Rod,4
43ca518d45bb54dc48bdb7f1220b27d6,Rod,3
43d869ecbaaddda5ce28d40fd9e22c07,Rod,0
43e429bc769c5b7883143ca3c7f5adbd,,1
43fff54e77e4909c5a81cff2d18e7087,Rod,6
440b1fa3d90193af167127efc1a7c0e8,,14
442023e16f88b6b4d6e291892efef53d,Rod,6
443199b4dbcf8af8f86379efc40fe0d6,Rod,6
443c34f1e13538c3e1049847a34dcef2,Rod,4
4455e0eff9e08460987631aad8550a63,Rod,6
446b1ed75be188617a525e682e53f848,Rod,0
44a6683bce74a7b88e7669b0184b8076,Rod,4
44b72c07288df1e2a6d6ac069f669a16,,6
44e60706ff2ab99eb43351f06b0c98e0,Cone,10
44fda8e50445048f5e384b93691a9a72,Rod,0
4531c962373539763224a68dfe51121c,Rod,0
4569646bc9c4c784b9dbb14b22708766,Rod,4
457ca6d81858a64263297675fe91fd9e,Rod,6
45954a81476ef50e4f8f89ef69307d7e,,6
45a332f19344de233fcb0227a920e928,Rod,6
45bc2a17412e004ae3c0c0ed1f150804,Rod,6
45bebfce1a54e5930a943a1bfd709f43,,3
45e411aafde78f3448d7d9fa0448112a,Rod,4
45e556b847fe4b17ee4a67fd8d38cdd7,Rod,0
46071fd1c2669e62ed6091fb0ca6b92b,Rod,11
460a8a79e09d31b34a427d792b75b03f,Rod,4
46126a5421215629f026a02b493be543,BC,15
46263773a78bcc575a97b315a3d33d44,,3
4662c72f7667ad08bafc788450f5d241,Rod,0
466473ee6e03595fb019446b451f2b13,Rod,4
466bcae732904cf3a98f30cf6e4c426f,Rod,4
467ebe4f133516321b63c9616fc725a8,,6
4683115fb6fbf66fbce9218bd60594c0,Rod,11
46acfc6e010cca270dceced46d1153ca,Rod,6
46bfcd8871db553cfe5366adc6442a18,Rod,4
46cbd6ed4ad321b7252155cc0250b513,Rod,0
46e484a11862be78aa1249843fb606ab,Rod,6
47010a352d49784d421cce02bbedc7a8,Rod,3
4711a1cddf1fe6c43b2341195978a195,Rod,3
47263253b996942faa6385c17cfa7467,,10
47280fc1f4c0d9c669359a22b0d65c1a,MG,13
47689bd01af3c03a34276df10acf71dd,Rod,6
478de5144c3c439b3384e72eb683325d,Rod,3
479aeb8a44fc6b82f88bc7132897d978,Rod,0
47b7b8ced7e78c9e507678f804ddb93f,Rod,11
47db1b4d47489751eccb81c7f9a17e6c,Rod,3
47f9c1a0b243049623b16d60f93b31b3,Rod,6
4817d629c7f1d8fd39a03f55380b65e8,Rod,11
48616e567bdc895aa0df2cbcffe2707d,,3
4874625d35f9851ee5f30199b8b0df67,Rod,3
48fe754931dce39c5b453f873aec6961,Rod,0
490225d4c377ed8e1d3256fa04475d25,BC,9
490d020bf867b451ff31bf34c3672614,,4
491154ab4db3aa45ce3bd1b90d432436,,6
4916278267ca745baa2c13bd414af2e2,Rod,0
491dbc0574a6524425fedbbaf3a5d088,Rod,6
49831ecf66250bba10fe5d9887bbd00a,Rod,6
4986f632d173a4877932cf95e7d12f4d,Rod,6
4998f1f2ab076853f3aefa061b80ec64,Rod,6
499ca742c63205f4e95831401daa0dcc,Rod,4
499e28de41c054f57e471b202ea54f0d,Rod,6
49a737df12c8dfb9f5a431bc87ebc287,Rod,4
49ab3945549bfbe8f8b74ca0175e1b6e,Rod,0
49d29eaee575d9b7c2f83bd377694204,Rod,3
49d882c4cbfbda818fc534db6902f3c2,Rod,6
4a1fc747bfab44ad2ae5d2c1b29aeb1e,BC,15
4a245b093b11ae07b95cfbe5f1d73d71,Rod,0
4a313ae7112592e736909d5fd2d00046,MG,13
4a56c1d9f6966042dbeb3a6c37f1db16,BC,15
4a58bbabaaffadc025e296ab8e976f28,Rod,11
4a749a108aa1851ea2f0c2c43fa38c40,BC,8
4a8f97c0f4e7bc6911283d9af8af69f6,BC,8
4ab0af2d943a70879f9b415ee96ba176,BC,18
4abded38aaa7a9b804d5d445570c8c52,,7
4ae2c7dd7ab5087d6555b5621273cb8d,Rod,6
4aeccd78e8b17115e5546825ede2f0c5,Rod,0
4af7d10d058d2c444b9709469c9f60f0,Rod,6
4b0fa39b1871ca8f774f5acc2ad72e7a,Rod,0
4b0fc4c168e2fdd9490f0c48b5c779f7,Rod,3
4b271ebf95f179e2f1eb5c6a279acedf,,2
4b286028b7484a1ca2f55d276feffc3b,BC,15
4b609734d69b548e5a40d0b107189632,Rod,4
4ba1927c3cd4aa99d22f4fd5f42b195f,BC,15
4ba7cb364925779aa3ebda5ceb1d4cf6,Rod,11
4c210ea16e2cce576600ba600fb13914,Rod,4
4c2158fbf5e4311fcc9b2d79a564b71b,BC,9
4c35074348da51d376878a893eb0ec4b,Rod,3
4c41a283cc35f423ccd5a801897d2298,Rod,6
4cc6712524af5f61709f5f3630da414a,Rod,6
4ccf47c3bed75be8aadd6b54abc57fee,MG,13
4ce4451d3eff60ed11a0e83463eced8a,,1
4cec4b66314ad3dd126d557ea96cbf02,Rod,0
4cfaf43a450ca11edf3708d34afec9d9,Rod,6
4d1b728612c0344eabe4f853a2a356dd,Rod,0
4d4036ee4e5c764e707f3813df54ab12,,14
4d46e413baca21dd839095ba58e382d5,Rod,3
4d80f8a6c14361217d7d7e420e67044f,BC,8
4daf375b1acd92287361ce0b807831ef,Rod,4
4dd88e051fc8b5a7b0e406480ded6c13,Rod,0
4ded49ab639e27f05e67a8705a2aad10,Rod,11
4df6438c08181276e777de68d42f1f60,Cone,19
4e39db9ac5986fa95ac4f90462963d15,,4
4e3f9196fc1fd22a111788b60481e423,Rod,4
4e4a9a30b0d4cb90e77dc66c368dcfc2,BC,8
4e572395f2685fa384e05df1f65efea0,Rod,6
4ecbf791d949770d22eac190e79ab34d,Rod,6
4f125a4c6689b65421a4b203d618102a,Rod,0
4f22e00604f225798b34a6a6c80c3511,Rod,6
4f23ab6580b50e1eb1e10a59f87627f9,Rod,4
4f6abfdd3320ea29ef12e1534ffc3fba,Cone,5
4f761a4ddb98de0c5017c3394ccd8b83,AC,16
4f8094db82e903ba1c7c1ab341998944,Rod,6
4f84e369666b3cfe8d93ac9eddebf0be,Rod,4
4f8ad77294abeec822885e18782bce4b,BC,8
4f8bc3b19c3cb1a9b9c9bc76b3c8fa4a,BC,9
4fa9fd118f51e255a7e1d889c1f64cd3,Rod,5
4fe7d60e6cd76b68696d338fb715b0b7,,3
4ff531e4c269cb779be666a68a6e710d,BC,9
500ab841b18c5bd105a6aa0c3b8f1a89,,16
506fb684afc645e9239499fd7e2997c5,,19
509fb183e4362ee4c572b6d65daf092f,,6
50ca83e40432f9a667cf1142db47b3e3,Rod,4
50edde1a9de2fc9b6f6ee8824b5df613,BC,9
50f30014652271569831d1e107771600,Rod,6
510e6a31f45c324bffbcbd9469b6da9b,,6
51223957d83210611cdca15a31703d60,Rod,0
5122c29ca58b3df076eeadb2079c583c,BC,6
5135e36b328287471b93b6ef5f6f0aea,,2
513e63982009bebff43b751038b8bce9,Rod,6
515cd45463369dd0ddce04f0ec5c038b,Rod,6
5169f1955cc8059ba3ab268e84182b64,Rod,0
51ac1bde6a9956cd9e1974d29ff62619,BC,15
51cff3f192dbda0565c5702ecd2eb21d,,10
51e7897431d7639fb1209de32916c77d,Rod,4
520fb69974f1fdb202be1dc3da82caed,Rod,3
524b50c87c85822b6b81dec6976499d9,,19
527568fdee39a096716102780c129fea,Rod,0
529be250e64f5808c7681b8dec0d4830,,4
529ce82cb16a6f74fb6645ef1e1d675d,,11
52be8592ec140fee4df79ee6d1d2420b,,6
52de45bd15147ef207e54c302c40293c,,6
53090e290fd326db2f4acce041d16990,Rod,11
5318f41ec0178bd8202706488c3c0feb,,4
531cf519a6a8eff8e282088994e25bf2,Rod,4
531fa55b5cf44560a61ae02f925621cb,Rod,6
531fb5c2ecc0235aa4c4236036271989,Rod,6
536713e38c83cb293a4b82eee44f53f1,Rod,11
53727d973abfba2d95d0ce7df3318208,Rod,6
53b4d57f4526174bfa4e0f11d9b0a857,Rod,0
53cc1dabac71c8d9b74573a12207c63a,Rod,6
53d1d7b424f48477223b32f47e007311,,4
53dc564c2ff7112891a83f87475ae8d6,Cone,19
5418c95aea2984fda62c887a467d61ec,,6
5428b9e5f3f5a4145aeb93f80dd4e432,Rod,6
544ab7eb2a4cff59a15227f8434997b4,Rod,0
54660ad43eed7f8e70848d09d46dd357,Rod,3
54684dfd22485ae1109a070968839a61,Rod,6
546ecc164b6397747bdd0dd81af21829,,6
546fdebf997bcb6c47b07c21d44a5cb8,,6
5481b94c8e58a8c94877a07b63181efb,Rod,4
54d06ed037ca0e704ee665409c0d4452,Rod,6
54d6720dfdd9d441d477ef8ba9c7a787,Rod,0
54ee50cd182293e1a0e13d5c1f8a748f,Rod,0
552998fe0cb7b7922e8f81b20cdd2a52,Rod,6
55456af4078580264b8b39ff708acc1e,,6
554d18b7f190df594e6d9e8b83a31532,Rod,6
557485a5e5a265b321ab0b91a224dda6,AC,16
55c10a80cf0e13224fb391c76ecd12b6,Cone,10
55de4e1b0a7327bcaabcf1e8d286da3f,Rod,0
55eb943f0ed5d17eb24abf4b84901801,Rod,0
560c7a1c40b1a5dcb3787edfeee2db0e,,13
566244646f5c10bcd8ff20452f032009,,2
5678d570d31c24dc4e08b1b210d275cb,Cone,10
5696f9396608faac365cdd77d101883d,Rod,3
56bd17474ccf79b8435e121775821fca,BC,8
56eb9ec55ab4d3336d153a8fcdd3bf41,Rod,6
571e8c907c664ab9b84e7527c89a72cd,,14
573d19c23e267055f8e1aafacf9b4144,,6
57535409a993671d2dae5205a19cab34,Rod,6
575ab2d0235867b155c421663435451b,Rod,4
575d874da23f5e6fb2ad685649f04a8d,BC,8
57b81345241bf60bf536205f3176e4c5,BC,8
57bfa98cb3c969467db9f0806f33b7af,Rod,4
57ca6290c7592107db532718c7c02bc6,Cone,10
57d3bccb19df7acc68916084f71c53ed,BC,8
57eafe9629ff3dca32e4db68c1503c85,Cone,10
58089054be6cff93728737b850ad995f,BC,8
58364bbe47b6bc40110e4c9e0bdf789f,,20
583fc15f3f202db52de61aba2d464662,Rod,4
585e71000955311c56d141a956b0358f,Rod,3
58650f36427e4f9df669ff3e21830347,Rod,0
58cc54a5382c41f872cbc60df2a66670,Rod,3
58d34d4a1e571f31b475581ec2f118ca,Rod,6
59076df20153d2e77b5b79938fa2677e,Rod,6
5921897af1b1f5366ef0cd10eba7f48a,Rod,0
5953b3feb6835a03b597656ef06379fb,Rod,3
598a13c6b36fa1d03683db3b74656129,Rod,6
5994cb7a725021331f180601102e2779,Rod,0
59b8f4a7a70a1d8e9fdebd8b53abf9bc,Rod,6
59d8bfd0aa729469e0b4ad0ae4babead,Rod,6
5aa3c84ca678732ecf88b4d133fbaec6,Rod,4
5ab0c97dccb70d954e18be929f4ecccc,BC,9
5abdef5b679d3338c54592e8181e1e3e,Rod,0
5abe729d516fcf7e87940a1913108bc7,Rod,4
5ac53a405681fda720f365928550f365,Cone,10
5ae895e0fcf86448ca6afd0701e97c3f,,6
5b03c16c2e7d73e3e5ae361542f3d131,,13
5b282a409b67b0ec7535b96179735e64,Rod,0
5b33e1d00ec42e3c79659abc1bc957c0,Rod,4
5b5e20877db92feca28b756a090bfc3d,Rod,6
5b6d1d922aa69fc6a2cfd744a3a89491,Rod,4
5b6e2303bf23596dd218663d4d59cd21,Rod,6
5b6fe88f750cd63fba5bf7e5cb0cb4eb,,1
5b7c6f266682fb3ca28e6d39e9dd7972,Rod,6
5b9996847c2a28418cd63f4ce3a8d401,Rod,6
5ba630a6780ca5f6eebf7c6e33d2b898,Rod,6
5bb06db80cb361e1bc071197a4de2d8b,Rod,6
5be7b39ec30344c6764f063cda749618,,6
5be89f93a57b49b30d21eabfe50db9de,Rod,3
5bf1ca32c10f0a286fefca01e8188961,Micro,21
5bfc2e6da39e5efb6623a9c399af326f,Rod,4
5c033748d5aed9fc87b4160a9d35235d,Rod,6
5c217f19eb2d73352292f98481179260,Rod,4
5c3177df4eb2166b5c787e7fd1f881fb,Rod,0
5c57665247716eeee5045f876ae5893f,BC,8
5c8dcca5f9d1acdb74ac3e27251829a6,Rod,11
5c9858cdfb1c6aa70f006613fa8564c9,Rod,6
5c9dc15ec8973d5d1ddeaf43115b5591,Rod,3
5cb58082981c9d781022848e7acc1cf7,,1
5cc41584b38d1c1927ee64e0e9752d58,Rod,6
5cc58075ea33839c56bcc05f55c8858e,Rod,6
5cf6591cc6ed4c8dcb17ab9867f8f1e0,Rod,6
5d05574035a439f4674069fc1a14497e,,6
5d0e5cac9d6c19684a47f0f61615e3ba,BC,8
5d1b3322dc9095f959f72e8cf5acc0f5,Rod,0
5d2da63d2782516aac7305bc4912517e,Rod,3
5d3c97a601eea3ae20fecdbf508dd9c7,Rod,4
5d4939eec55a42f3159075bc0e21e783,,6
5d4ed6fc7af2add0b516a1c969a9e0b1,Rod,6
5d7f3742eb59c9cf814ef7b046eb58b1,BC,9
5dae67f2c0642069ae5cb48fa85b79fa,Rod,3
5db3d12fdbe3f634b9c787c264b66ca1,Rod,4
5dccb4a26b7ac813ea205f235d3641e4,Rod,6
5de24c4a45750092efc2c139868cb2a9,,20
5de376358590d5f6166c81587a3ee83e,Rod,1
5de8e379c50e77c7ca29c37c5f6d318c,Rod,3
5df7650d06e7b9a0dc9c12c5beaa5d8f,Rod,4
5e0a10c54e61d45e2173659f8580ee00,Rod,0
5e3955d6336741a40f8376ec30de68e0,BC,8
5e44a72c3c34a1535425c5e8b16c79f8,BC,9
5e7fff22d68655c954db60e8f3f6d1ef,,5
5e81c9575c5b46589e83475f4e03f81a,Rod,6
5eb74f5014926856aa92d0237a240646,Rod,4
5ebade220f2d2a6984ba6d44a2d880d2,MG,13
5ec431d5135dbff083e560151e9591a4,Rod,6
5ee8ac8c4120c327a8be177101cfea7c,Rod,6
5ef05ed2b291be7ed7b13d9b53bd0539,Rod,6
5f1af7dc937be754f3038f62850bb802,MG,13
5f1f8fe70cf09fd73d3f6fb68ee7dfc4,Rod,6
5f41f42eeb7f227c17bb8dff05d1879e,BC,15
5f4f1687cc63d4512c576b8cb9c3616c,Rod,6
5f5f0231a0510e3b0bb541d7fb208147,Rod,6
5f72de6ce5c22908476929e31aa2bbd8,Rod,6
5f8f6ec4768bfb4ba1d385810885cc02,Rod,6
5f92debb4dfbbbcc435b8f9de5225070,Rod,0
5faab18bc840b72f7ae75b243e8a5ee7,Rod,0
5fb92a031a7b0fd7ce6d706b5dfd811f,Rod,0
5fbeec8e21963860d53b5e5012e2dc1e,AC,16
5fef26808cd01fdb72ada3055f03ae62,Rod,4
6045af47b7ad057ad4d32dd6c91d30c4,Rod,4
60487aa37c5495a7c9a0c20d674d0468,Rod,11
6076862da0e991f0d3ec14adb6e7bf83,Rod,6
60a588f4ace7d06fc294cfcb35b2f851,Rod,6
60b8b5200bfbd36bde4f2c62cb7fe303,,6
60c55e8357a933123a55a5738ef9f86e,Rod,3
60ec0b0eec181f3e57addb3a72a72645,Rod,6
60f34a5c0c22f9c58b9f10457a1a4aad,,6
60fe9f7ee919add17fbdd6a5a027fa1f,Rod,6
612d9c0f35162bf9b7a2795a465fb942,Rod,0
613429f83882b2098dde6dcd827bb573,Rod,4
6159c379a8e3865775998582c881f3bd,Rod,6
61623e255eaa0311083417bd908cabf0,Rod,6
61718e721a16568a2ba1675301a249c1,,1
618ac6e43baaae9ece3b521bc671efa6,Cone,10
6197630ec5d84e7fcfcbeafa9ef5a62d,Rod,3
6199a2a57f462d86caa9810eace6fe61,Rod,6
61ce578e02a8225908d03cffafe78a0c,Rod,0
61e16ef4cbc1bd4027f3e3ddddf9fdae,BC,8
621ad75b5a947eab486d79ea8265e94e,,4
623fc3602f6359a663b1a8441a0c6925,BC,8
6290a6cf2a8d81ba6dba08f3ccd4cc5e,Rod,6
62af6781a2686a03ac16d62ce49a503f,Rod,6
62feb3fc23157073f6ffb4d4a6be0bc4,Rod,3
63086ea7a7e457eb3de05b985a5d560a,Rod,4
63228a7623011d841edecc5c49b5a22a,Rod,0
6337135f854d23cb187e30eafcf61e20,,6
634a520c7aad00ec1ea2349b4396a9ed,AC,16
634bf6a1c5322d8457bbfa62f766c07f,,6
634de3a97a5aac868bbcdd3e7fcf30f7,,6
6384dde99d843f0d64976674797d02c0,Rod,19
639d3b36a7f36388c9e6f54997cec521,,2
639f5665193a39d02b67820edde2fb1c,,3
63a395b9369b17692911c9af89d32fe1,Rod,4
63dadb3cf0feede61623e5fdca0238af,Rod,3
63ee830f345d9ee7d658a6df695e7b3c,Rod,11
642bd02b9fb606ffde42d73fa1235b04,,16
64308b6550ed7b7c326feec1f736571d,,1
6441c4172a27f013cffeb5a0607475cd,Rod,4
64726883bff346ae23849d5df2845762,Rod,3
648ad263162dbe8274e71d02dd0eac8d,Rod,3
648d829a336b63feefb50c6b1133192c,Rod,6
649a7529bf4a4bedf3ef68ddc4da9c89,Rod,0
64b10446a48932a47b0e09b28bf94462,Rod,6
64e362374215414af78df9ccc9c365d8,,15
64f306abc1f9a02c36a3ed0c0a3949f0,Rod,3
64ffde70f0e6958be8ee6ab3a441ce34,Rod,3
650260a1716630eb03ee35dd4538a738,Rod,3
6506a172977f41a6ae6cfb85a76fc516,Rod,4
6525581fb32c9a8c9860f7e6899eedbe,Rod,3
6544e9e82e64d6d61aa3556fd4385312,Rod,0
6556881d9790be4f52bf24d42071381c,Rod,0
65601aefc509e0d1aa9cf3ca616850bb,Rod,6
65665b596be54014ec9d1a8fbbdd6647,Cone,10
65914f48e3c54c5e78c264cd8cad3e4b,Rod,4
659a43c9bb863ba40814d1921491b2b7,Rod,3
65c27cfb9c7f7fcd9d4024e95741319e,,4
65cfc671dc14afc10fa5de4b395ea345,BC,15
65ecb3ff90d7fc91b00b87d24c4bbec7,Rod,6
6602eef06464560b3f48efa1f2d0a85b,Rod,0
661f35425d5d5b86612fad537e64a56e,Rod,0
6638d9340efa62bf3d860b3af84b41e6,Rod,0
66421d0555115b58b438483615e84ae0,Rod,4
6644ded49a85a38f440d539ab2a66a74,Rod,0
66508e12e6aa786abf63aff13e61f202,Rod,0
66576487efeb727e0a2145dab231d28d,,4
66ad18b77f4f4990e51421da5674d2e6,Rod,3
671db1c27e5b7bc4f0e6e1dcab2faca8,Rod,4
679bcf41df4659fec7223791316e89ee,,4
67c5bc321036ff8f8056dd7e849ee5cc,Rod,6
67dd8168e2d51101d80fc356f322a0e7,Rod,0
67e7512f9070bcba3e73e0cb99eac78b,Rod,5
67faf17aff501d77175dc4656b84b624,Rod,0
67fe127243ce791fede4b1784d356984,,16
681b9a3a20f66fed95b48075f1c36606,Rod,6
682068139f1a4803d1bc4670024d7b69,Rod,3
683cf9ef6218b2e6e9634532fe49bc13,MG,13
68481cf1e11dd7dfb6946ea47da7c499,Rod,11
6856b3239aed57b2533b128d63b44722,Rod,0
6871ca66998e526fdb8e983b62089d14,Rod,11
688f1fbac2e0a8f3a163070b0d170519,BC,8
689ed675c1c2e3252c1c1346d9bc68e4,,10
68c4ee5322db01c58fc60e223be529b6,,18
68ebd642ca4561ac4a4ce050cf79f46f,Rod,6
69035dcafe06505b843cbad7b7d322e5,BC,18
691807fc06176eb92c34f6536f695760,,3
691df42c249152dfdd2e4d2f82e19e1d,MG,13
696bd5698e374412df33c0ff55995728,Rod,6
69b70e6263fb33eeadafa456ef048672,,4
69cd63be9b83f959ed097cf749c0ad9d,Rod,3
69e8a1dab14b98fa2b09c438a614b216,MG,13
69f4374c21b7d8f0f7d5fcf58c594d06,Rod,6
6a1efd3815f5f142eefc69ec0f2743ce,,6
6a242a43d2e238d7bad698467bee255c,Rod,0
6a6b18157141443a05912b529ddfe115,Rod,4
6a818649da875d8dafbaeb3a2c215748,,10
6aa1eccf265f58a94c3dad177f895e39,Rod,6
6ab68f15c046066e329c2cc5df634927,,14
6ad90f73da209b3c329702e01a661ecd,BC,18
6af0d778a608e478c6e8c6037a7df5a9,,15
6af919a76fe0bb39e9046b906fc00813,,1
6b11b12b127ca75c1926bca81bd9fcd1,Rod,0
6b252b52fe11d6ffd959d05dd84f53d5,BC,8
6b2f5d8ba011edb36d3296ccaa5bc0ee,Rod,0
6b4ab00a7bb9315c2a76cab6556ac676,,7
6b4de56830d092cc02f319b22ed94bd6,,0
6b559a056ed3ae75f4e46159c22d555f,Rod,6
6b55b5644ef623a0248e84c15f7ed576,Rod,6
6b78b472b7e66b90be35a5e379a15a23,,6
6bac27b33179a41d73c304d98f6c1e01,Rod,6
6bae0ce49a8ae4ef2e24638450237a6f,,6
6bc9f822570fd3f1b42c6eed77521295,Rod,1
6c0e6db7558d20cac43c345934cb7ba8,MG,13
6c481caea2df8b039b3cd03307066da8,MG,13
6c5faea37a7f32ad24552ed2488393a3,BC,9
6c73cf51ecceff0ffe0a1d6e948a7b60,BC,8
6c94c0e5d866657bb680f18b534b2c59,BC,15
6cb8443689c0d841ce3e0a1f598b63f5,Rod,6
6cc6d6e279f657e5d3c7303499c8d395,,2
6ccd7ca0818190c13ba544f12251a5d2,Rod,0
6cda92cacb83b984f9781933d197be27,BC,15
6d09c62f81e6b6ded083ae4da67b1235,,1
6d11a9c5ee74a94a72412add2b3828f1,Rod,6
6d3c8db4ff6fa4b661583cd7abfae958,Rod,4
6d4519f82c515d893371b7ae059b431f,,15
6de51579ad6d4e8ea5bf08173fd2eddb,,6
6de68f37334a5a340e5b9f1198012034,Rod,6
6de7c4b2f29973edb5858b342c3c9a43,Rod,6
6df3263de4e610a7f94c1f9432290ed7,,10
6e1105655475e972a8f693c2bb2ad2a9,Rod,3
6e16e6db120a000982fb77afb0e041d4,,4
6e1f3175a8272ba68b85a57c92ad5265,BC,8
6e24f350afadb6cba8af7084c6ef5351,Rod,0
6e26efd06f997950de89c24e76e2769d,BC,9
6e4cdc145a3aaac7efb811dcd7d24abb,Rod,6
6e5e4f65a2f7e59fd658212c46ed1806,Cone,10
6e6c0f3a523309833be71bb5df889e21,,5
6e6fa70c757f17dee7dfe37b537113df,Rod,6
6e819891462c95936bbeb8abbdf5daa2,Rod,4
6e9326d10a32fcc7bf50d516d3afc918,Rod,3
6ea2924eabfc6faf8fcb2070596eb603,BC,18
6ed0dfc9a0d0c30dbbce073e90bdbf03,BC,15
6eecd2a1e583fac3a5a1a908c747e343,Rod,0
6f05081e56178e3b9a7de91637be92a0,Rod,6
6f08cb9f721a9af56f2324cfbad77c29,,6
6f20e5518b5b961f566861614e6c7dd1,BC,9
6f2863cdd489098bd1b5f2f90697cd6d,Cone,10
6f3724bd3bb5a6a272cb73733c35f4a3,Rod,3
6f877e7087db51e87241b452462ab325,Rod,6
6f9062de81bbb6121ea24f476976a44c,,1
6f92ea703b343ef4a4feeac533e9a65a,Rod,6
6fada8f67b9c06735da0cf9fef2a2196,Rod,6
6fc514d65bb33021bc309e9151c78c1d,Rod,4
6ff1956d8c96f15a032d85af64ab9dc3,,7
703efbacfff1881cbbb366386e49a40f,Rod,6
704755d9fff6a50e08708ea3c906988a,Rod,4
709bbcf39465ad6e058733ed1a29054d,Rod,6
70bad1bad823d1566f5aa10d2a6db120,Rod,6
7120be5347312ac1adf8f5253a603e5d,Rod,4
71243f4e34f29850db37845abcb6413c,,1
71289675203412621eae459118ea63f2,,6
7142b735444eb27e053bfce1d83b5cd6,Rod,0
714753b9be0644d967bc69dfbfd41de5,Rod,6
71504b771923ad64b47a81ce7c790cf0,BC,15
718ca03239ab53b9c827d3f3621b6f88,Rod,6
71963d879c3ac161d858798213815e40,Rod,11
719cefba5511dc2bb0a23667a9ceff65,,1
71cb7169284d612568f3bf21bc3c5945,,14
71da5cae168baa002338bcbe24630b44,BC,18
720167bbd08c889eeb52c41bd2f07128,Rod,4
7216ad261b95ecbacb77b8834fbcbd4c,Rod,11
72190b07f97d76c35de73e1b2cd26832,Rod,4
726c6243eed6025fb6b2179841c4ffd9,Rod,0
7272580982c9d12ff574fed697a0d457,Rod,3
7278fb2d4cb535efb00a5a433a9f339b,Rod,6
727dc78a30e31dffb993e06a1e63c961,Rod,3
72810bcb58593cf7887ff709d973aee2,Rod,6
72858af4328aacdfdf85512ba12400b8,Rod,6
72a26bb89bc61dd2974c3e8feac77338,Rod,0
72b469b1800306fc47cff415322765e0,Rod,6
72b90d3a5d96164cbc5153f19b956960,,3
72bac60a3abbf169d3f6d922cc742658,Rod,6
72bb6e0f634a57fe3e930df352e13d94,Rod,6
72ded9e5d39579bf79e740cb4d0f9770,Rod,0
72e555e31ae2ea89f72d9dce858d5eb6,,10
72f55c1e0693426058f61a48a0d4e9d6,,10
731760ccab9be3daba72032dfbb2df5b,,0
73465b9515577e6b44ccd1c190abd43d,Rod,6
734a822fdd9eb27ffdb8a33c972ab874,MG,2
735f81c2edec00f3ff9166b0aea1f4b2,Cone,5
736b6785bd161da3dbb6d0cb8f080516,Rod,4
738b2457892af712109eb545ebcc3307,Rod,3
73a479752946ddb052fc0e9a1876ae92,Rod,6
73b0888e60da0dbefaa67d5cb84a6ff2,Rod,6
73deb1c33ce868c2b252f2a746b83618,Rod,6
73e17c3d2320020a45fd3695bd309acf,MG,13
73faea0e766a74f498f4f0f0dc73d081,Rod,0
7427c62b3659ec07e2a0c00babc01f48,,20
7448b3d93078192832120a2f34141118,Rod,6
7451358f645d97cd91cc870a61c78a78,Rod,0
745daa70797daa12d7fb22f85a8da490,Rod,4
7462d644f4a034851ed52fa999b6670d,Rod,0
7464bb16df6c02832327a395ca019ac0,BC,15
7486805c32be8dcce6247ab6bf6e4a94,Rod,0
748d57d8a008582e580bc29984b30b6c,,6
748d5bbac01005b71f1244312d4d9548,Rod,0
74de4cd5c0a357bb7ef0646d2668d967,Rod,0
74ecde8744322415fd3a2b90ba878054,BC,18
74f5e3cd0ac453dec7bf07f97c5cd445,Rod,6
753b5c76a8469e83591caea4840f25c2,BC,18
7543067f4f3a361161935c61aeb4846a,Rod,6
754a2a9041b773c9a9087ff30ace9df7,Cone,10
75598f2628937890e047d5894a5573af,Rod,6
7591baae632babb3b91bfe2fc36fc2ba,BC,15
75b976f4434012a44c33b7182f1b71ea,,4
75bf43fb8c55e55699faa5e94a37d10b,BC,9
75c104f31210ac7eb70272a948ffb813,Rod,0
75c4efdcddf4f7c3c671ef1fbd96a922,Rod,4
75c7c1c4a2d9dec963dde4e0651565a2,Rod,4
7626b4abbba62e24abadf99dd87be8b1,Rod,3
762e1714dcf9c577ad4bb58b5401441e,Rod,0
767a91cead31c129652b8d5563eed782,Micro,21
76bade3a5e6c3d9393b57a9c930e39e0,Rod,6
76c28960cfaa47fb743ce839b5e79776,Rod,3
76f857459e0baa223ea5df8d0d0489f3,,1
76fb1387c1a36290ea4c6ddd17d0d465,Rod,6
76fcaf43cc44ac963a3c359826509bd4,Rod,6
7700c818cab991a57e151b7dc0ab72c4,Rod,0
770daa27545c504c6b3ced02c50c2c65,Rod,6
772c95707d087a4148bcb300db6aceff,,6
7732ce31b8bc2121410bbcd42cb7ec55,Rod,6
7771bf171a905b35a51dbfa4fe662853,Rod,0
77720972dd806c0a68b90df4b7428566,Rod,6
77e35e127bfd4fa3ea0b0b6a9ca102ca,Rod,6
77e4f091f40e891262b712dade57ba74,RGC,20
7806c7f10aca6d7fcf7af3c34bae293e,Rod,6
78182db80a405b8a8d6760ce663feac1,Rod,4
784bcfb57401cedbd072e2f86e27a09c,Rod,6
786fc0367766828c12ba505343605017,Rod,6
787a8631f41ab1e5d51c0c94d16c2f5e,Rod,0
78a9ecd0ef6a433cd200842522117a5e,BC,8
7908e1ad1960720d9faa69d210e2fd86,,6
79375d070af6e4b0cccf21c07561613a,BC,9
793889f7bebf93a2e94ff8960bc69d14,Rod,4
793d6ceb4b57534ed19dc8df442b3785,Rod,6
794cefe768954b60769ed143bf3532e4,Rod,0
7951ef6c75db7d9b0c0e97732a05ef6c,Rod,6
7958d676d9d3b502c5d88eb638ebaa7f,Rod,6
7961f5cb971b3f537e94ce199b51005c,Rod,0
7978d846d9023975e67afb72702fc880,Rod,6
79ab0dbdeafe1c96d36457e960cca3b3,Rod,6
7a153053c8a223db482a9780e52e8cc8,Micro,21
7a44c88db413958f9664e503604c678c,,2
7a46515c908ca9494d495dfc8777c2ea,Rod,4
7a47b86fc241d3738c0648b9635e804e,Rod,11
7a656b271041647f222dc02ec810dd68,Rod,0
7a73b20316357fe137f9cef783f49451,,4
7ac5bad0c5507707e7448e607886bb67,Rod,4
7aef836748432788e7d5c67ce3261334,Rod,6
7b0ce883433161d57c2b91461fd02160,Rod,6
7b253523f121056426df9864cb72147f,Rod,6
7b308f9400f026d2bd18ab82b24309fb,Cone,10
7b4f4500e91fb6c2d18fda98c82a6766,BC,15
7b50cd99e5e2f1e40bf39a74ce5d1b6c,,6
7b683c3f735d1afbec18bf54719a7ed7,Rod,3
7b8397157f33fd6016f29cfe30d5f309,Rod,6
7b83fb44c3e787ce910b81e0909c81ef,Rod,0
7b8a31b4ec67263ab28b4a9e00da3fe2,,0
7b96437bd7f8192763bd1b0a30d48ad8,Rod,6
7baefbaa4982dfcef09026f33946b405,BC,15
7bb3e607a56d685e52373c64950980ba,Rod,4
7bc1f9dadc895c695e89f7f7996e2aa1,,20
7bd2abdbda768c1a532c95468f943034,Rod,3
7bd621da9acec58267edf126ab637fb4,Rod,0
7bdfda174e02ee23a73f60ed861ce5c2,Rod,14
7bf5d07badcf42bb0b9d63b703beb968,Rod,0
7bf806bc0e7d01d81bd5226386389c62,Rod,4
7c0ec71133127e56fa0688a6f33255bf,Rod,3
7c2c2c4f551bf06ca2d0071f5c6a345e,Rod,6
7c2e3ac5addd1e0b48d272ff3dbf6beb,,6
7c315f41f1e091497c9dd59a92d84d92,Rod,6
7c38eb84a6e8e670f7254bf6a8e9b090,Rod,4
7c4d25d2deb5190c5f1338395de47e9d,Rod,3
7c7a3dfee2dd2a91826ad6c2f2a08564,,14
7cae48928f8d9349aa45f6c62fba3300,Rod,6
7cb9e805b124369e07ce4d4d8252656d,Rod,4
7cf14353877286580c934ab2b2966ce3,,4
7cf46f4c9d97850e78eb277114a1377d,BC,18
7cf4864fe8081be870f61ab7eaf70839,Rod,4
7d157a0a018cf2f0dcea4c43f325921a,Rod,6
7d4144d2a6ae8c3fe72aa59b19ec3e8c,Rod,3
7d4ea679bd32225ee5fdde3a18236a9e,AC,16
7d6cb231e4f1cbf30a2a3e607fd24364,BC,18
7d6ece8c35afe4e4e42516f5bc819452,,6
7e16c5053b66c2c324945d5834ad8314,Rod,0
7e28b04eba4d27cf13848670f39221ec,,2
7e45834ea295ff2730a5dd6b4c8036c2,Rod,4
7e46f75104e7c09f3cd093923948dd18,Rod,3
7e4e898bb7cf19fdb943c2d7cd5d8fd4,Rod,6
7e551c742411367aad2b40d36fd88782,Rod,0
7e5b26b894fc392938a8e8f2d371003b,,2
7e6e9fbd34369470bb354963231bd99f,Rod,6
7e74fbeabb1d0378fe7b35f71a12a50f,Rod,6
7e7ff05445f8337b158b1bc682b60280,Rod,3
7ebca414b899ce98f7d16788a26c95d5,,7
7ee36b7ca6a9bf58824573ef5396f317,,6
7ef2687549c03669b6d06f1b999c0100,Rod,4
7f485da1df097f741883c41d7e456ecf,Rod,4
7f4e2b858a9dfcfc3862f3f7979827b7,Rod,6
7f5dd409fbeee12f84f42c5f34a4e1c2,,4
7f8246740cd9435b3589657989b688c1,MG,12
7f8fb3772ce4004349cfe1b71c29af1a,,3
7fe837cedcad5286fc637c040e9b2f49,Rod,0
800898c76768f6dfef3ba85ff78230eb,Cone,10
8022f00c4262b813bbaabc7eb469c18a,Rod,6
802324f1854860b6749ef362b5804773,Cone,10
806fe2f8a348f8625aa7be51903844ea,Rod,0
807e9881abba18c786ce554ffb0bbd9b,,1
80c69b0e83565aa0c89abce5150881dd,Rod,0
8105ae79cfe4af2e4e3f42182053c373,Rod,6
810756360d8f90fcb50c63a3c24b19b8,Rod,6
810dde61312615a580e42bac58cc68be,Rod,6
81336eb1c6ca5277c256956715d2f83d,Rod,6
81495c2925b42672385ee69328ffe6b0,Rod,6
814d057a4fba8d07785639049b4ab46c,,20
8151f23a11e7363004b9311ebed23b29,,1
815e25ed7fee45c8dbc9ea3a13075531,BC,8
815f56af40b9f5929af86a81cad1161f,Rod,6
8171445601df805d8844a01128a0c174,Rod,11
81ebafd56da0496ee6135b694340bf76,Rod,11
81ff920c390a1ce2ee14f6b71b51c7b1,Rod,0
81ffd561735584b1ddba7624b3acc038,Rod,6
822351624f3d42806d65a64359539c86,BC,15
8226ff743b47fb2e6d0d8bc235015474,,4
824798e48ff75f1e4d52a73b427d72c3,Rod,6
825516b271f3c3606db788eb747a74d3,Rod,0
828ac04e10afb2587a4d5315ccfdcb1c,Rod,3
82a09dc0bc7845029d515d997cba1940,Rod,4
82a8f2e60ec38d2ab370496136e1dce0,Rod,6
82ba9c4e467c4caec36c96124baac24e,,14
82fadfbe80dc3153f8bf19d549b117ac,Rod,0
82fd07f64958ec6f9597722bbaabf235,Rod,6
830b3605bce0c6a5164071a66ff9a1c4,Rod,0
8358eee8a99826e035582898160fe594,Rod,0
835f155d63ae77e60977429cd95b9fe3,Rod,3
835fffde1201caed92782428393ad455,,1
837a9d7fd3236b1985d961c9aadc4e79,Rod,4
837b4668192fe54b6debefedb61312e8,BC,18
83a1aba515ad2603805a3b5210bffd43,MG,2
83d829d41e839877e8cfb579a4a347b3,BC,15
83f38724f6f9e6ffbe0ccb47ddef16ea,Rod,6
842429c367e5b77466f8663110d62380,Rod,4
84244f5478db8f423560d32b4cfe0ab7,Rod,6
842deaeee8bc19e8231171956e2bc08c,Rod,6
84435e523f9d2a02283326e838be7c41,Rod,4
844a89e7d0dd80387e5f62afd3b06bf0,,20
846617d8beed56c515ab5835b8108a1e,BC,9
8488a90af733e34095d6dcc262d59606,Rod,4
84b1e52938f9b3eab23507009380cd57,BC,18
84b6c70524a4a487417dde4247b845e0,MG,13
84c10a0e5015d90405e0965cba1e7285,,15
84c6f6124954db8ac24ef8b1a28bb62c,Rod,6
84f6df571ca5de8b17893763f271e097,Rod,11
850420790f8f8fd65ceb35d1fd061d96,BC,15
85114f596ee836d3754369a9a4388477,Rod,11
85117ff35a4850c94d46303b0e59a9de,MG,1
85252a736d2cc63fb92db97fbe36a365,Rod,6
8529c6a7691a673894788c2587fb49e5,Rod,0
853a445e6ddc9ac822d4a2a03375ad34,Rod,6
853cbd88c37197c1f8a981c9c70a2f42,,2
854ec78bdcf552b99c1a0ad0182882d8,,5
8570451e26c8fc4e8ce61672a0b7955b,Rod,0
85756a7e38be4b79a2f290f89b1df1b2,Rod,6
858cf4b6c7ca2adf0f380745218c7ef9,Rod,6
85aa76bee7c93fa3d0e72a9e5a0c084b,Rod,6
861af060b3dc2588b5c671df5be0adfb,Cone,10
861c66a6eeadccb872f86bb21c1bf2b0,AC,16
8624a5bf32b205cf07e40461ac7789f0,Rod,6
862c01fd8bb7f266a4d2f4e0fbd15b82,Rod,6
8630c2d3c8445bf11268c2a770184266,Rod,6
863ed444fa308bf389edf9be17577fd9,Rod,4
863fb00ef55a84d7054373daf4937922,Rod,6
8667da9d9ec2984e943732235978c1ae,Rod,11
868e11d22b660efc4c2a3dbf85aa95c1,MG,13
86c94d27fc775ca5dec00d1c193d9d33,Rod,4
86cb128d4f53921abe00123327f63032,,3
86cf28e53ad6c0d771c299e43f350127,Cone,10
86db965a92dd233a7a9d7b6ef12118d5,Rod,0
86ea9933018df315416e3ce20289a049,Rod,6
86f30809599a3056599cda9ab5142916,Rod,6
86fcf6b698399d26fc542397edcf79f8,,6
871a0f9be6e5118cd89a3d960691ea46,Rod,4
87653106d9879110b82f778536b2375c,Rod,0
877ece5a3ef0974f432b177a675764bb,MG,12
87951a605a1736b3131d3dd157ce61aa,,6
87d5834c844cbab706ae54cd31eccc76,,6
87e4ea3d3fec040e8825ebaf2223424d,Rod,0
87e7a90d66e8dd9e3ea1b81cc94acbce,Rod,3
88457d6b5ce8ad8ba7cce6ac1474ce33,BC,15
884e450a71bab40bf849c695ee0042cc,Rod,3
885fc297fb41694e25922f29f8b947b7,Rod,3
88763e94f6c3d10d5352b28a5f79ab20,Rod,4
88939e7766d8501888d34394f7b2081d,Rod,0
889f2fa5a6e08f711a89fce0403c1b25,Rod,4
890319cd1694e4dec64b022fc40efa9a,Rod,4
890774e0276b5a33b445dbca0fda4fca,BC,15
890ffa775a965d0af6f11e084fa33faf,Rod,11
89105bdf020e9357683ceed355e59cef,,6
89510fac8ace03de1e84641453766c8e,Rod,4
895b6b6a1ac25d6863d5364d9b0a31c8,Rod,3
896eb14572d6f78fb9f877e7cdca25be,Rod,4
89725534b934859bb75e33bdd09cf768,Rod,0
89925523564ef60651b82cf80e63b962,Rod,6
89971402cbe83e1a84863534028ae328,BC,15
89a8ad5f083b35a6106da49308a6c3c2,Rod,0
89b9c97a10e7631c8af5c4ecc1b7bb94,Rod,6
89df04b6a50b8790b297b5abd501a023,Rod,4
89e11aae3a4e393c86831eecddf3d8b3,BC,15
89e45521749f682680713cd818a5ac2f,Rod,3
89e4634d8d9959d654dbf6e2495957d2,Rod,6
89f94679278320d23128a02b73ec2bf0,Rod,0
8a005dc21adf41edcc9184bde5d90624,,1
8a0340e0b686045a37893aae30e159a9,,14
8a2f91847ca3a24c3e9051e8cbb1c54f,Rod,4
8a3957371eca1f6d77c7040cb418b7cd,Rod,6
8a4a278302d27fc7495f783f72bd01b6,Rod,3
8a629c5729bde2143df20b9d81ac138f,Rod,6
8a649d8e4720086952768efdf28acba5,Rod,0
8ab869b79cc6fb1c50a7179f74f82a27,,1
8b15e7e29083ff4cc9f3c3bf84d12131,,1
8b2acf432bef5c9a71ab309524c9c6e3,BC,8
8b574a32ed3b7dc68af7acb41b557fe8,Cone,10
8b639e6d1af963a3b010a396aa192001,,6
8b63d154378610706043a63326830328,Rod,4
8b7038ab6ad9b90c6e10df5e116656a8,Rod,4
8b8ce7c1ef576c716a3f0c10654d4fac,Rod,11
8b972139c9c50886109ac07b1848acff,Rod,6
8baf8923a8e8896983728bd6e4d28bbe,BC,8
8bb5590580ba8fa4894484269df5842e,Rod,0
8bd200c69385dd2c84658c88b66d5119,Rod,0
8be14670e166f00b4382c8833b22653b,,16
8bedd2518c76de3c8648004e504a3cc4,BC,15
8c1b8ffe3d04fa43949a28ab822b42b9,Rod,0
8c2fcc322c9983c19dd14ac69218a148,,4
8c3b5ccd124cd35aa1e4bb9ca32514b3,RGC,17
8c5f9c463de7a83e6f105d67902053bc,BC,9
8c5fb98e52795cc21c4ae60fda12fcdd,Rod,11
8c6dd1a177cc60a822097d97f9eebecf,,14
8c6fb1fcf8716addebf3374b692940ea,Rod,6
8c854d6622b6fe049e4f17841b52f147,Rod,6
8cbdcba5888019619523ea979a810988,,4
8cd45ec4d99cecfc88715a392e2515af,Rod,0
8cdbf7a399b14d9651b9acda1ca54640,Rod,11
8d0082a94b14bca1749b16192be454d3,Rod,6
8d21249f3e1d38ca5683042bf9dd77de,Rod,0
8d3b07af4ca3dbd8f23eba5883d1826b,,6
8d6ca2f3fc41c6fd47b52babf1b4b7d9,Rod,3
8d77d2472b577920fdbca5919fd3729a,,4
8da3dcaac2db6aa9dba701ea3e547027,Rod,0
8dcdc7911d821043c1897db31b752130,Rod,6
8dd2f10e8d23f8c24712fb6b14ac1003,Rod,6
8e2651acb2175a88f15ad0b9892befda,,20
8e731a5ec9797c94f650ad5a5ac64988,Rod,6
8e738752e7f3c7940b53831c93f125e8,Rod,0
8e97f7610cc9aed8651fc04f77789c7c,Rod,6
8ea44372140b1730913dbbc79c12f0d4,Rod,4
8eed57ea4b43d799e9aa2d0bcb6a01f7,BC,18
8f1bc1986973c9f954b32c452ed9e12d,BC,9
8f2584c35ff0ad215d26c9aab6887850,BC,15
8f35141ac8b38822968a48ff0a59391f,BC,18
8f48a5a52b3b9fe2ee362425bd1bd9f9,Rod,6
8f4b579de56e2fbeb9e75cd5f4356ae9,,4
8f57f11068f0f34d66e5ca8113ed681c,Rod,0
8f6d11c806bdbf2696dd3cf1f68f94b2,Rod,4
8f7f17c4d47cb33e67f3dcf722796e8f,,0
8f80ed483faa72c419db22cf1f98d183,Rod,6
8f9003561fb37f911bf5d635cc6b047f,Rod,6
8fb6d489e93dda0284e42df4ac0a84ff,BC,9
8fcbfd7e43bc2b0166b577cb8bd85c8d,Micro,21
8fe9449af4b9304acba73ad41fc66274,,14
901753346e60f652402d48535d767dde,,1
901b483ca1e02873fee883410e3ce068,Rod,11
9070d10e687dd40bae2ac2410884ec97,Rod,0
90a413faf7746a6ceb67c8285b04ba7b,Rod,0
90a57819aa00f1ad2b0d056c08974331,Rod,4
90a91c4e3b44bfff0167e26d12dddbd7,Rod,6
90e4027663a6afe548c3165d1f258c5e,,14
9115396ba1ccd1362fdff73114f6e3bf,,6
911896af11233db7111422191709d1f0,Rod,6
9138fadc39e834f13e0d5a184cc3d35d,Rod,6
914406cfad29f473b90c6c60b3138eeb,Rod,4
9144201ca57bb734c678c3218988da53,,4
91446ba8efea4f5b5a1774bea9bcdeaa,,6
91754224defe63cac27a38eaaef10e18,Rod,4
917c7213aba425ef43b06eb5dd8c7fee,Rod,1
91969fc42639afafee98f76502b8a39b,,1
919e96cd810fa0fb70821f5e0624b578,MG,13
9200e00d1e130246ba951763111bed58,Rod,0
925da56200c1554865efd5346d35a3db,,14
92add843cb3fb6c412f63a63a5426093,Rod,3
932bbeefb3d2a7fc94f156f7b8e19860,Rod,3
935a9e96ffe28ed873f49f2215191907,BC,8
935ced15c4d8e00166061649553069f0,Rod,0
937959087c33fea9eb1d8cbc7bfbb28b,Rod,0
937eb884e41f3258749459a65c7b143a,BC,15
93c5144e115e8f41ccb001dec32cf189,Rod,4
93d8f2a35cd56d7f5b93392500d08074,Rod,4
93ee96cf9d6b423a852a0903ce8983d4,Rod,0
940cfe807febe283ddcb75ce23b1c72d,Rod,6
9417fcafdf581a5ded4a339941e28417,Rod,4
942a4a26b3761257cf922df7ebca1178,Rod,6
943040de560958093cf4a30408073e01,BC,9
94317919b0c20a6f879ea39cc367e756,Rod,6
94423fb6091a4c1fcdd6c2f88a5efaa0,Rod,3
945244ecd1a9d19612919dc4cd05daa2,,6
94607271c329ba60d5a20aa812816a66,Rod,3
9470112041086f31556fd82702fe1d96,,6
94790b3c7e0bfc62a536a9c0bf87f979,BC,18
9492a9bf353f8305d6a3ea4d02615c3c,,6
94b856e413d2dcd501595617faac8336,,6
94ba7f1ab7d9e8b2e333f7659c7e8d60,Rod,6
94c7fb551994a6eaa0999595d263e1b9,Rod,4
94d43a8408820ac504581c8ba2e54ed4,Rod,0
94dc424d0fdf065b9ae1ec092f215511,Rod,6
94e1ef3e70a0a86237351401f3a8ffd6,Rod,6
950c8f40ad2e6773bc066204c020c55a,Micro,21
950d96f5361aa9afcab0353962153d6e,Rod,4
955384d424a74ac56096db5941043cba,Rod,3
955d882c5e9dca422fe4339086eb7a9a,Rod,6
955f68377d15c7de5ed419d8aa32faca,Rod,4
9564a041a0be9520e9cae886360ab7ce,Rod,6
958281b21ac2687c57416397dcf4f39e,,16
959f1d315bf49e1b36bed493810e8b66,BC,15
95bc561f3cf10d16a79b70c8f6357a79,Rod,6
95bcbd4623d3fde84bf78e999b9c6edf,Rod,6
95c8759e9b39a0797ce809ea0d7323d4,Rod,4
95d69f67526f2ca70b31f93dd4aa27ab,Rod,4
95dc17316638f7a9b8eb8fdf54df6681,,4
95e5bdb5c5b151f187f5b7379b1311a0,Rod,0
95efd6837b306ef87368c714acbee555,MG,1
95f8b0e7f1d50cb2504a4d6c23d455bb,Rod,0
9602174fbe8177a0bdeeebb1eb947f75,Rod,0
962687192c774a99057c3bc2dbb981ad,Rod,6
963e1fb93122ac7893bc9bac8fa402f3,Rod,11
966377cd559e1a0bce76f2527c326f54,Rod,6
96947a9c8e6aa27f1527cd7cb2045cbe,MG,12
96bf431ed6706abe4a5ae40a0b0956bf,Rod,0
96c4c67f4cb85c98e6d501082e9962c5,Rod,6
96d75aaede88a9d9928e01ba2d057059,,2
96f0dde4f549fb5095c3a37ac2c6003b,Cone,10
9706dde2178be0affa42538aed45bb18,Rod,0
9716a3ef3f64041e76954ea8177b3572,Rod,11
973d506899ca1e9e2e9d54042f4eef16,Rod,1
97457563ccf604df677b59cc0900132f,Rod,4
97a8176a192333cb8054032cc018da2f,Rod,4
97e4d35fa55905392fdc34c995b2303e,,4
97f9fae5ac4d8811102444024050422e,Rod,6
98208273b83c966a5795cf6476305470,Rod,0
9832432677b8744d967a7ae551f2b7a1,Rod,4
983899d333bf66ab60c62443a6689fc4,Rod,4
98554182ec4a2c3dfd122c2e097790b7,Rod,6
985587adcdaf4e209e909420fde3995c,,7
98811e8accd12bbfe526c809bffdc6f1,Rod,0
988150a9bea9e595c008f48ea6eaacc6,BC,15
9881dfef9399689a7aa155c9b51cec0c,Rod,0
98b63e79a057c93515b29dd77abfbf26,Rod,4
98ddb54bffccb6ad61319b41dbcb5ef1,Rod,6
98f1f528dba5352240bf716cf15533da,MG,13
990594c256e00d3fd4ef9d9b872d6158,,2
99353b452e7c973c047392e01a458977,,10
99463502fd7260d76c25e6aebd278b21,Rod,4
997a87f65662680ec669e16b500eeac7,BC,15
9989c9ee97a5ecd023d3d8f9ce5c7e83,Rod,6
998dfeb3ff18fbfca1e49b3fcaad102a,BC,18
99b76b9ff47a0720afa2d509c50c2ac5,Rod,0
99bc81f9fc96c3977064ec18e4a48b22,,6
99becc205565738311a8324c10f056d5,,6
99f0b90816ab387ffdb3498773a09306,Rod,0
99fc12724b5997c860362d2f98d168ac,Cone,8
9a1b70ffa312a1a818e984f3b3e113f4,Rod,0
9a1bc22c26c8e1c1cea9f27d521c6a58,Rod,6
9a3bf49df4a8f7424cebd90640f6708e,MG,13
9a544aa68d701e8917ed680672ddfa85,Rod,0
9a7879aab4ff1af7858a1e0b39911b8a,Rod,6
9a827503cc03fc1841441e6b2723c674,Rod,0
9a90af90142d79277999fde51556e819,Rod,4
9a9dda65004b2c14bdc546119a368590,BC,15
9aba1eb10fc063eec4a3fd7ba46d20bf,BC,15
9abcb626a3bba1f42a66c6be01938bef,,12
9ac9f5e21de900915c74b028a47a513a,MG,13
9b1b50178b1b7138c09b134a3568e017,,16
9b2a1d08606d2c615104c08be73fcd93,Rod,4
9b33588adeb6e9ca6bc9c9171271c89e,Rod,0
9b4301a43033632bdc88277d26c7a677,BC,18
9b4770c14b4577d5604a67637f06b038,Rod,6
9b5948e536a6b6b341ffa51b9251888e,Rod,4
9b6851b28db761ecf06a29cc22593b07,BC,9
9b8d63dadab3f6d27d3a31f9a8cdeeeb,Rod,11
9b97855ad6c612c7f2cf15a35a79fdb4,Rod,6
9bacdd15862695c12b15cf3769e5b299,,10
9bd9931156dab81b421deec175d37f4e,,4
9bf8b710b8938ffb4445f3b1f4f478e9,BC,9
9c11288ceee8dc2e27bf0e1c2f6ce239,Rod,6
9c8f4092a5f6684497283922b70aede8,BC,18
9c957a6418a3b0ccc76edc9300102df2,Rod,6
9c97ea3c11ee230a3df7bac9e616a27a,Rod,11
9c98bd0a30d8a5122830e3e52931987a,Rod,3
9ca091a50c9ae7fb328fb1f1c7686281,Rod,4
9ce25339d45f63a299f53a4c778a8996,Rod,4
9d2de85687b869226a43234b3004bcb9,Rod,4
9d39102a7aa33bb49624328d8c6b39bc,AC,16
9d39d96ef473b5539fdd0f25c8a144a5,BC,15
9d4f8954552d9faaa51995f4d55b81ed,Rod,6
9d5edb2fb30fdaa8236c991908100959,Cone,10
9d69a89a8d75cb8b5436d53febbd3d66,Rod,6
9d77c29e8504862a818c03ff8e7fc440,Rod,0
9db99e493e1339353c7333a5bcf3758d,,6
9deef3530f5ba5f459681bc30737b5e0,BC,15
9e21759e88dd5a8915e1ec9769af9fd1,Rod,6
9e26d4dfd7625b0a63cea794d2fab465,Rod,6
9e7741ded9f8587ef6528532a4b934ad,BC,15
9e8ef19020490c63b4c39e19498ea13f,,6
9ec0612933e5265644fbaf4bcceb4334,Rod,11
9ed8ac78fe3b6cde30355e3cfd64825a,,2
9ef85f46de529820da526c7f7097e303,,4
9f0e5164bf23c31af0b861c7efa58262,,4
9f1fb1401af5de180e2eb4b089bb559a,BC,18
9f38738dceaef88974ecadc2b7c627a5,,1
9f3f66ae22b7eb3d31f2554e311b0669,BC,18
9f485a6ed726796fca341a96fd53e381,Rod,3
9f82644aec32004e99480c5b3b273c69,Rod,0
9f8637edf694425c0a8de6128bd995fc,Rod,13
9f8cae4c759e763eb2527efbde726c61,Rod,4
9f91701abd9e1aa5ad25c4daf2ab92d9,Rod,3
9fcc8ff99796abae8a46244774f8e4b2,,2
a01f60bff27c14b2bb54cc06fb1379b1,Rod,0
a03d96d828e038f9c68c83433e78f987,Rod,3
a068257eb5fb7cbb737799d725c84eca,BC,15
a07cbd5fd993af2208eacd1d9962c846,Rod,6
a08283f511025527af6f5a6dc3ca6baf,Micro,21
a084fb93deeedcfee82c78f7690c800f,,3
a099eed7cac546535f0560bbcef47562,Rod,6
a0af495083c1b21a78b062cbb005ca9b,BC,9
a0cbdacd8c8de30480e1678ce70ba46a,Rod,6
a0d5a605c322376073d1e7db756d3ef8,Rod,0
a0ed25d079bb84bc822e0f34affe0627,Rod,0
a0f090e076e859cf5ba39f7409e93480,Rod,6
a13c795883a116c820c8e3c2d827dd54,,6
a15fbe93708c6c93ee011324dc16bd7d,MG,2
a171599750fd43788619218419d2ccc8,Rod,0
a18cd767445a4d91a50373cc5fd75307,BC,15
a1af6f8d6ebd2329fc690d1a0a12ae43,,2
a1d1cb6370ac039ce1dd6e2980c96d76,Rod,14
a1d75cba0ea7477c65d239ce783a1eea,Rod,6
a1e421af4f595c7894964659736832c3,Rod,3
a202d11c7a49b459cfa72def3f062d41,Rod,6
a211ff1f9ca17e574e5c35a01fc920a0,,14
a21bab838fb52298276653faab552aab,Rod,6
a22708f787e503dd9b29c00ac3e94cac,,0
a24b30ffb1478092d0e80aa6bbdf479b,Rod,11
a2b122b38b2c222eaab112329a963cc7,Rod,6
a2bf35dec48af4b20481e839e974eee0,Rod,0
a2c89630e45f45ba6cce7e1a2cd1c8a4,Rod,0
a2dcd3a440a91dd98622eb783da23283,Rod,4
a31042b1f97f772b004485496953c0de,Cone,5
a31cb4c5b396082b91591aa50753e8bc,Rod,3
a34be7ff777b0869cd89cc4d59e85b09,Rod,6
a363b1d36fcbd77dcf5c5d6c276acc31,,16
a3775c2a076881e4bb3b681dc6d54e10,Rod,0
a3790bac9d2355a42705a90c386f3790,Rod,4
a383ae0b52e9e0e946fb68c1e52b6281,Rod,3
a394b6cda7a500e3c8c060e5279567d7,Rod,6
a3d53241857a11d5f733cba46a78c156,BC,18
a3ea4334c0f4fd1eb0b91ea632ec6f04,Rod,6
a3f843de69037ba813b9ff1b19fa21d9,Rod,0
a4262c6d6751d8b582a8b9d5d06d8f85,Rod,3
a435416a1d1d55c104db3d0492e39212,BC,9
a4408893e32b5422ac9ae04d6965917d,Rod,6
a44a706fe2dedf5f6089f2c1418706a7,,1
a4524ffc538cc03ef5fcd1e996858c64,Rod,14
a460fd53b96108ccad86e28b60e4f2ec,,2
a4696f94dec9319e40b88157c481e8ac,Rod,11
a48e43a0d403a1c858b17e6ca1cc34b5,Rod,4
a4a900b96bbcc40dc5ec6cdebf941b77,Rod,4
a4ce26a9dddc95c55ef142cdf210bff6,Rod,4
a4e494ab019500f1265ab0a8b46d9900,Rod,6
a5121c45d32e8ffcf20152a70c3c8ae1,Rod,0
a51ff0515b6befbe6348fe85eca3dcd1,Rod,6
a52dd2d8fd6e5c1a08d1222566d10927,,14
a536d86d87436b527825520ce3e92603,,6
a5563b060273812588e649293458559e,Rod,6
a566002cc03b853c114dbb2a93898c0b,MG,13
a567143eb373ce5ef6338184f57f2aef,Rod,3
a56eca8204699890aa4a41b267715d37,Rod,0
a57948db6d63b24489e4885aed4f0558,,6
a5988aed1fef2e5ded3c9e72335b58df,Rod,0
a5c3b8653b44f6c77f0deefd63caebf9,Rod,11
a5c67f9b4fea4486460199143bf448da,Rod,0
a611602b26b8bb3e4c2222eab285942c,BC,9
a624e0926ccf5c1f09ea332292bc143b,Rod,4
a63281320234ada838be6a838f6feaae,Cone,10
a654829be49050a68039934c0cd7c8d7,Rod,0
a655979b48bd8c3ad0a79baa913c3df4,Rod,6
a661dcdbf7c1d700c0be9693d137826d,,1
a662cfd5cdfb96e21a6013c59fd8ae90,Rod,0
a662d3f80e27f4e56507719182f67f2b,BC,9
a67a12967161defd8fcfa4349cfcca73,Rod,6
a687064c48b8647f67df91b13d09e4a0,Rod,6
a68cdadce8805904c35f149c07203b76,,14
a68f9b9769e4907d6b12e7b1ec686f1b,MG,2
a69440e82ad005ecaa5c31ddf388212a,BC,15
a6df123687923a568ed6d8c3fd783f46,,7
a6faeee688471743b465c5a1cccf7449,Rod,3
a709a872039006bc2332ba6ca898d529,Rod,0
a71f803ac7332dc774a77ed716f7551a,Rod,0
a729f42bba94c1ed9db2cf529bf0af85,MG,13
a72c871ca3ffaeb9b4717f4d6221ab68,,6
a746bcb6ff73f0e18ab208d0227e8aad,Rod,3
a75aece45455371837a41b89d4436d40,,4
a7b46fad30442c2499bfd4b218d369f3,BC,8
a7c0b0a3d8c2b5c7a02a8583510ca640,Rod,4
a7c306f423c9950177484a1fedd5db15,,6
a7ce9d5fd93743eb35444bd97250200c,Rod,3
a7ff27fb8c9e84fcadf30d2bdd5de4eb,Rod,4
a869d88824a450d3d1c6de125080d6bd,Rod,11
a88624e89d6fd33e19729e14d7cce2c5,BC,15
a8adacf715c468e8683bf6941ed6ffb5,Rod,3
a921e8e36e56fe36691a9fd1a24d346b,Micro,21
a948ebee41b952e9c85f006288541724,,2
a96bade16683ba3bc27fdc7fb1d93984,,10
a975e6638f9f6ab148979322f66a0993,MG,13
a98cc70c6417222f651c46829525e481,,3
a98cdf60e1535c2e292f9522283f6074,Rod,4
a9fb5cfb04c4f7595e83dda20e013116,MG,13
aa04da9a217cc39a3b5a97d17c28212c,Rod,3
aa247de20c6ccdc8baf3b198956a2384,Rod,4
aa3728a76bad0be908a378a948995096,Rod,0
aa93db6779c7261721ff28ecd849ead2,,14
aaa475c1c88d23423dcc5bf88c786512,AC,16
aade23d7c318f8b6c6d78a5954caa18b,,3
aae07b523c83b91bac9a5e8cce2e2fa4,Rod,3
aaeba6d8ce8fa248b3c6f1d428bbe501,Rod,0
ab35e6a03056a0fb4757a39177c3fa27,BC,15
ab46ebfba26e13ca38e0c88a62e8c0d9,Rod,0
ab55d513fef7fab2f931d8e7495e1dd4,Rod,0
ab8d1fee9fd9f847c76bf931a70e68a7,Rod,6
abae770c0335681a645a6f06386f3299,Rod,6
abc25914145cd7797f0650ba21ac990d,Rod,11
abc684cca703e9a65f29ada4eb5ba455,Rod,4
abdad24ff5b6fe5ae8027d9702e675b5,Rod,4
abe4cb0fb3521e318ab15c6a059eb4b1,Rod,0
ac1fc16828b8091b6c8d7d92c3e378ba,Rod,6
ac3ecb614ca519fe9185e54d305fb341,Rod,0
ac4320de1396190bd78264a7d486cd2f,BC,8
ac497a7487a373cb5b97f2f7eefd2dcc,,2
ac58b004a8fd06633af16987c9137661,,14
ac7b4e1064c4551fdd0a7aaaedb6c867,Rod,6
ac895a285d08c3cc0b9bfa17b1accd2c,BC,8
aca234c32ebfce5460ba9e802621e3c3,BC,15
acb99399c05a7432b2a96f09a7fd8f62,Rod,0
acbea8baa2dd1ae7d5962a33e0686e0f,MG,1
acc542e84ab90e1a9b3747ce299ab504,Rod,4
ad1975afff0b1f2a4a8a8b3bbb2f4171,Rod,0
ad1eb23ffe0e9cebf4e748d2b10327e3,BC,18
ad3d2b3b8d28a6f66fc6d7b4994afc05,,20
ad563fa912f8860d0ec2f585293f2b8c,MG,13
ad6196752a8014e6659802e9b22851fe,Rod,4
ad6888c7aa0e093ff99bc389e825cd4c,,6
ad698a8cc6ce5aafa36e782eef48cb5f,Rod,6
ada1134049ad2fd6261ab241d361f333,Rod,0
addb217c1ace5bf7b0cf8c5078014a2e,Rod,0
ade8fb20b4f9e182c798d220ac9c42b4,Rod,4
ae41dd9b54a2c4336380a30b9a117f82,Rod,6
ae495dd43586602e19517a65b78a18e9,BC,15
aec583550597ea68205cc9ce66fd4ce9,Rod,6
aec5e691e8fdbc6928eb7141436eacd7,,4
aed8078e154bb1752657466b99bedf30,Rod,0
af033b1f1f05ead56b66dae01869af1c,Rod,4
af13f2774f67dba1865885eeca3694c7,Rod,3
af403061539bcaac40ae9b0a7bad5988,Rod,4
af418f6369962760151567d9b0db0e31,Rod,6
af69d4c1a3e9db3b94def24804024868,Rod,6
af9c88104d5240876c0aaa39e2eed0e8,Rod,6
afa71a9ec8750ee4ce1a041db9d87bc7,Rod,3
afb13537ae868896a5ce12986e4bbaa0,,6
afff5500c9ad9b09ebeb107fc18dded5,Rod,4
b007455bd30f51f7cd80cfaa853907c0,BC,18
b01eca338db9ae53ec2b792adaf41f2c,Rod,4
b0292efe0255f84d9e6258127c9cfdd2,,8
b03028f394562686ebb4fc49303d5bf8,,1
b054c4c4509932493b8d318d3185fb9d,Rod,6
b05ed48a9f92a673f3a479cebe305e69,Rod,3
b06c17699598c80e830fffa7e0d5a2bb,Rod,6
b06c70273af05402b0b31d272d959ef8,,16
b084a780484fe2ead6deb23c713a1ba0,Cone,10
b094d6bff05667679839d33a6ed4d0f1,Rod,4
b0999595fa32e44ec79e51f77c4829dd,AC,16
b0b0dd3c70a20ff82f5be3b3b271c14f,,6
b0dc0af92b5450f646c05f26fccebcaa,MG,13
b0e62e5fc98b5bd569a83b45801046d5,BC,8
b0fdb4bbf8e1c21e55f2ad3b9c2849bb,BC,8
b121ef3db40486f1aadb03f9373384bb,Rod,6
b14c1c755ad197fcee72781f5f4ba20f,Rod,4
b1811a8041c87ba811f8868d4b83be84,Rod,0
b1a294f3f5341c1e3139a10103d7a726,Rod,3
b212253e75264e5dd3b89770e444e7ff,MG,13
b24cf963eebd4f147e953298a14d64e0,Rod,11
b2514e8b45b1a79be6a834f771c8bd6d,BC,15
b25767c29d40c2c45d15b29da74a3252,Rod,3
b2594c24c1e16aabbfc841fc660f0a59,Rod,0
b25dd15efb60752682a84d4618b9030e,BC,15
b2802813545f63d8279346f0a5a22441,BC,15
b2831d72400e9c04d11a9c32fee614a2,Rod,6
b299603941724a9ffcc636f62e4fcfd9,Rod,0
b29aada50914fb88aa64b8678ea8aa44,MG,13
b29e98842d9843d2d8bb1446e15bbb15,AC,16
b2c162ba3e1f04220b5f84a028603661,BC,9
b2c4846f91de545f1c029390dedd32a8,Rod,4
b2cb13c6ce511b8bb54fef427e186aad,,6
b2d29296c9ae6c454629b4894b9911cf,MG,2
b2d3a1f8a4a37373f4a3be63537da843,,4
b2e40dde9ba4ff53a865f11d623ecac6,,1
b2eccc9e8ca25bd8d6ea0982315d3433,BC,15
b2fcf5690606f4a5bda45187c516ece2,MG,13
b301265f7242bac82732d21d7d8e2cf2,Rod,6
b35b2b05f6153d190c47777e328def18,Rod,4
b36d4217194f63bab07b8838adb4d00d,Cone,19
b3c3a2aa78bb553752f228ee40156138,,4
b3e0f2a8a5b12a6c6b5c3fcb0ba87a13,BC,18
b3e357546638f05596cbb7a954b1dcd2,,2
b3f563529f02ad58df8345008f74eedf,Rod,0
b401f4bc889f23a154986602ba40782d,,19
b40df70880525934502f8c8321056cfc,Rod,0
b416d13a8395aa0a03ab6ba11e3b20c3,Rod,6
b44a68af02ea5bdce69d1124bb35dd94,Rod,10
b47f8d047f7eef556ea3c9052772c5c1,Rod,0
b4987e1bac8789ec4a4fe1673e7e8280,Rod,3
b4a11513c76e5da60aac3a512416dd96,Rod,4
b4ab9f49521baa9ec81890fdd4ea99e7,,1
b4ae0140fde76bdfef06e49b64aa9fad,Rod,6
b4ae3bd66bf79355a993f86fd5086ddd,Rod,0
b4b90b32d15668d4d93537f2622e5311,Rod,0
b4e2776850408a2ce5ab06501f25d43a,Rod,6
b51cbcd00e182e2dd93853c73d9dbba8,,20
b52286606d34185516956a1c79d55752,Rod,0
b5306cb8ad5665501986bdc82c61ffd4,Micro,21
b53dd0ff5a1128eb5ee2be0a95fb83e7,MG,1
b54ccf1e142273b38d7be9bbd6290f26,,20
b58c865e951d140afc19d18b95d49f7d,Rod,0
b599a5b0cc9f5ac8e1ca0ab8b3fa1f58,Rod,4
b5bf4f904259f0debaf55bdea221fa73,Rod,3
b65707125a32d0d199a98ec50e79ed40,,5
b670cecc4da666defc82ab4c580fa5f2,,4
b6726a87f4b57528767d0645a62580a5,Rod,4
b67f25059d4fcf5b14b3f0c1ad01322d,Rod,6
b6fe7fdeb1c5a08d78248c0661d03357,Rod,6
b765fe7afa3519368f33c192f6b54e7b,Rod,6
b7a89601427ae6a58fd58d53e5a53849,Rod,3
b7b0dc255763415b82e54505976e866e,,6
b7b78f70bf8dd7a9fcf76b4517af1051,,6
b7bbbce04e7bd9a99ff0f68340d24b0b,Cone,10
b7c9a351f2d1898ea532f52fa46e70dc,Rod,0
b808444109c6c7ce9029d953e5358c5d,Rod,0
b814ddbab56911774560a71e40d52d40,Rod,0
b820277d52300f4d877dbc7f887ed705,Rod,3
b8242b1b5231153770bdd7eb0c7da777,Rod,0
b82f7025430e34bf705f6587bb98be2a,Rod,11
b839c4e95618914e24953c2c3b624394,,6
b8454106581b940615eace83b873a018,Rod,4
b84e93aba19d1ae74f6049bc4ec1591c,Rod,0
b87dec1662adbd372d5aeded76cadb6e,BC,15
b8b74430e06622b8a46c5c150781124a,Cone,10
b8cdfec54687853cd36d71ba06c64cd9,Rod,0
b8ed722b700f128daf89d0198182d4c1,Rod,4
b8fc6cbb23ca2d02c229d9059a3a86af,Rod,3
b909f529fde1be8c49887d550bda72db,Rod,4
b90ad31774daa0efd197b26c87b3a6db,Rod,0
b91863d2607ac28cc79a7ca859761ce7,Rod,3
b92131ad3da11a99df4689410df89f3f,Cone,10
b93062bce446cfcf5a0fb90e98284d81,,3
b9375462fb9c7ce088562bc9d4cc3200,Rod,6
b94055261a928fbbda403f77423920e9,BC,15
b9506ae1a01473cccdfb2e7e4656f1e3,Rod,11
b965266de64c6fa368ff33037ef632c0,Rod,0
b96a129ad998a8b40219e687e751c8ca,,6
b993b545d4e4398d543e8f81940e60eb,Rod,3
b9a81bb96b9d38677528483b4f878528,Rod,6
b9ad4689e9f58a37f9e188767732266c,Rod,6
b9fb72a8b3f32c5136a59a695a1f569d,Rod,4
ba1de3576508acdb6c3916a87a5aeca8,Rod,6
ba45a6c87aa2046e2f3ef0dea285bf29,BC,15
ba4f47e97d00e0130ae7abfd9de9673b,,6
ba52fc27c64ee5420fb6b53a6b5ea354,Rod,4
ba5e8067099a125406bbe81534c7cedd,Rod,3
bab748226eac299ee6c95196bb2c7644,Rod,4
bab8da3ea782c399b0b3a589eda51d14,BC,8
baf35576d69da0db6b9ea8f110982a06,,4
bb20d23cda7a599ddfd658918414d088,Rod,4
bb459022938e344da5345526c53211ca,Rod,0
bb7635891102c88032ff211080fcc54d,Rod,6
bb8d8159e90595b153f2b292ba4df5ef,Rod,4
bbaad6ad3f9542136e2ce6a6f55025e0,,4
bbd615769891e499a56d9cf890b65f46,BC,15
bc1634e408e10868beee1bf7c15d224e,Rod,0
bc3a36772df0081124ac82e4b49a1979,Rod,0
bc44a9299007b75fe8ef5a17b83e4eff,Rod,6
bc4b1c29845e47d4387897806800e33c,AC,16
bc6ecb27cc9d3e3bcf9b617408e4e8f0,,6
bc7adfe7dc8fcc062b86b7778a4c2bc1,Cone,10
bc803f96b30112a8bfbc75d7cbffd4de,Rod,6
bc9ecaf9458a2402f8c5e5d54a638cfb,Rod,11
bca00a8a96e8359b10fffc36bfa07723,Rod,4
bca9fd8e6093db4636cfe2c822cf6b64,BC,8
bcbcb37967220bf50b3b07b159fad74e,Rod,4
bcc5ffdc2b8b776cbec7994d8dff896c,Rod,3
bcd80c6598615d116e2255355196a09e,BC,9
bcff459e01fe0a34c3e3111491dec339,,7
bd2fd3ec3c612206473ac63fb7ed63e4,Rod,6
bd73ba0d3bbca8ec47e396964ca278eb,Rod,0
bd746fee51e52002aed94a058504505d,Rod,5
bd795c6d5ede3ab6e9d86e91fef3c491,BC,15
bd8f348d64b80c83667cd45b8cb09203,Rod,6
bd91e186835969446cd5b202a8216168,Cone,10
bd9df1df34a4b0e067ff8b1ddf9779f7,Rod,0
bda5a77ce965b92992f77e5eaf077805,,2
bdcee55f563471b84b4d0c4babba1cce,Rod,6
bdd5ab10abad941453a3224930500022,Rod,0
be0029689d48edcd6099dcd9f6ad664b,,1
be55f56c0d7abc77d1c9e636ee8105cd,Rod,11
be7cc743aa0aa022eea5dcb429f44207,Rod,5
be7ec7ced10458d9b5047b47f3cce275,BC,8
beb4509f69b271fbb76095f4976108ea,BC,8
bf0e2c232767aeed3c3623ff7fa9b311,Rod,11
bf0f7c406556de24e3298d152f8fea1d,Rod,11
bf1d9c2adda084d10568c4465266e13f,Rod,6
bf3970522eaa4396126816262a535735,Rod,5
bf42b010e860f4a1e5a7fb0e4c6e8d61,MG,12
bf95df764a1adcd68a2fd6fe845452df,Rod,6
bfa527bd5186ff712da7a4aff7d6d303,Rod,4
bfb31986afadf2854563de2e0d2994b4,Rod,0
bfc792343c4ac702489afd4210aeb9e9,Rod,6
bfe956bdc87b5ec226eb33fecea8357f,Rod,6
bffa514bc73692a65ab7cd5109d04534,Rod,6
bffe146ac82d77c03ddf7e80f31863aa,,6
c029f30c459ff6cc726e37a60d4dd9b9,,11
c02c965f2edffdc58b2c65abe0273443,MG,13
c02eca8fd1b723ab7526e410e40e0627,Rod,6
c0303390d4527610779bfa2217f7a14b,Rod,11
c05eef162fa724b94c8315b48bf73774,Rod,6
c073d08a1f7a0d42c67b6cf72146ec00,BC,15
c07a69fe43023f9ff741df4118e6a18c,Rod,6
c07aa8f3e0ad279385f690cde89442f2,Rod,6
c08aba3843b6c824c4783836f906fc98,Rod,4
c093c5331fefba8b7276165130217be6,Rod,3
c09f8461ae39bad323cf4629d64d43bb,Cone,10
c0d7ef6ae659024a38a63e135b418be9,RGC,20
c0e08cf427224639f48abf50adc33854,,1
c0ee3e1e781aa076f8cd900eba5e6cf6,Rod,4
c1069792b82144f74c5271fa2321230b,BC,18
c14399bd336c72901bb3b73df7072acd,,1
c16fb0ffa7fdd37b992102914ecaa5ea,Rod,0
c17985351c08b211b8f06c8efe7ebe44,,1
c18481f2928760bfec618680a9ad2210,Rod,4
c1887109487cc3ecd5b47c41e40832cc,,1
c1b952f0ce3dba526361f1a7f52c724d,Rod,4
c1d03b7749f5f9152879cc006ad576dc,Rod,11
c1e74dfb4fb353c6285873c7693a0a72,,1
c203acc88159f82673c6152080a88b3a,Rod,0
c21142680e6812be79e068a79abb0a1b,MG,13
c230ade80d64cfed7af2e8a11ffb8b17,Rod,6
c23f9b4dd0aa09ee80205cf8e422a27c,,6
c24f7fff65dbe1e1a015c6d0b85af382,Rod,0
c250f6bdba42f3f583a5a8afa4ae5198,Rod,6
c2931129abe315d3a013155866bb5cbc,,6
c29e5aa4b3e9b02eeec5e44bcdd259cc,Rod,6
c2d361538c6408bbabc5389a053ae153,,8
c2d3bb3df10ab8c3074ff7ae201b3fef,,2
c2d8da3c781f99c0e8746c5df9e73885,Rod,6
c2da2b5197d7fc1c9bfece3fd02332e5,,1
c2e6deb3ce3cdfc63a5d1a1a26fdae9e,Rod,0
c2f7b93be29bffcb91d5a2f639b885ed,,6
c30823baf86fd90b330cdb435d32ef22,BC,15
c30f7613a4419de2e948cf3596145ade,Rod,6
c347223ed4198fe8995f3f5042ad0e32,Rod,6
c3616632e4457e5a138900df10269d97,,6
c3631978fa168de587bcb1389840d278,BC,18
c37c924e682aae777d9f25be21dc8a19,BC,15
c38cea7ee6e75c735713e1b871766471,BC,15
c3abb4b5919349d6c9310763db262bc9,BC,15
c3b0104f6519853546c358618b42e096,Rod,11
c3dd21d8c59770d715e1246b116841dc,Micro,4
c413958d633a35a835648c95bc07edba,Rod,0
c4285fc7da885e6d2a1e96946ecc883a,Rod,6
c43b6b8742ce10ff110085e846916cb3,Rod,11
c479691e7d22d954cfa7c371667e4d1c,Rod,11
c4b4f477fcf9b5727f482bb4f4531e58,,6
c4ba1febfdc368454c4194a8a62ee98b,Rod,0
c4c4640c8e53f4a368feabc3e307dc62,BC,15
c4eb58d6671cf02304665a2c45d907c0,Rod,4
c4f20eb2d08bad82abe243d9a637b287,BC,15
c50f588a94fdfe0d5043282f4585b767,Rod,4
c5182a182d724852bb6001351a1839a0,,0
c56c495bbb33a0723c7c1f6094460a6d,Rod,4
c59ce04d2ebec30f4555179d0820d05a,MG,13
c5ad25df1d6f549eb2045b47ce369e9c,Rod,0
c5b362936aed8d6b31265a25beef274b,Rod,6
c5b4613c7adb145e7c28e99ba0a1972f,Rod,9
c5e841f236eadc06cf7bf576ccc9ae83,,0
c60d465ef79364cba921a03097c6baba,Rod,6
c60eb2871769a48368e4b94752aa39b3,Rod,6
c61614010822252ff85d81678183aa4b,Rod,3
c633c7e8484b0738a2b3aecdf1359a05,BC,9
c6498b827ffc9364a0518e5772ecfd93,Rod,3
c649a86237e2c8b79c50a643ef92e5e6,Rod,4
c64cd2f84e60f9be829276e47f445d5b,BC,18
c65814fb9318a16e97e80bc9ae696e19,,14
c66f3b0877c239e6d84dba202c9e1567,Rod,6
c686c7419e1aff8ef906452c8532e796,Rod,4
c6946e1ef4851e77ae13497aa01c06b1,Rod,0
c6b23f8604634b69bec8e647ff8a0ac4,Rod,0
c70196bcd811fdd0dd51228799aaf8a1,Rod,4
c70b316fdb859e5d46f95bea8b2d0040,Rod,6
c71f1f9e03c45323023d54adf72c3498,BC,8
c7650dd7c6d25a75e0666711cb8fc423,Rod,4
c77131c67308ea2bf567af6e91320f69,,6
c77d85b27afaadb3de7dc0c3c7eaac5a,Rod,4
c7911bf0cd805bbecc484d1aaa8c96fd,Rod,6
c7a6874f69a46265d06cc996be09b57c,Rod,0
c7ac38cabb84e142399383945c6443dd,BC,15
c7f81aacc25420d264d76c5d9e5fd3c1,Rod,6
c8173459252d7a154b3d6fa15a415e76,,1
c8295b0512902c058b739bb6b7c1df2b,Rod,6
c83989ff20d299f15f99d9866d4e8311,Rod,4
c84051cac8f0627db22a508d3992ee37,BC,8
c84c735eb973ad3729548352b1fbbea9,AC,16
c84cfe6443365156b2062a8220a1d8cb,Rod,11
c883473a00f6945e8b24c7f339df3184,,2
c8b371e8aa048e8ed16c09931e646f02,Rod,6
c8bc9ff90bf35be71e14d7c23f559f0d,Rod,11
c8f0608c7ee31baa76f84fb3340a15d1,,2
c8f09b99935068efdf0a853b0b6cbdd0,Rod,0
c92542d596ee5fe12d2d3361a8ef57c0,Rod,4
c93bc95053417d5051913a9ed5ba1715,Rod,0
c95ec635e482b7535aa65b9575b51719,Rod,4
c96a45da2e3829673c35956a933df44d,MG,13
c96f8be174a39526a959197a9ead8b25,Rod,3
c9764a7311095d8bf217e8cc3807cc48,Rod,4
c9866233e8dda2e2a81a73cf39100412,Rod,6
c9efdf8ac76445017f58c38b131115d8,Rod,6
c9f7bcbb29daaedd9ff29bf00476df1e,Rod,6
ca047bd9da1fc38396db2aee49bb3337,Rod,6
ca07f56d7d3a2a0b621688bf5cfbb060,BC,9
ca2da766af3996a589318e4e2d3e65b8,,4
ca922ad0abf078aa9efb9fabf974d630,Rod,6
cad7a148a6474f023fb515e4b1a73c2b,Rod,14
cada35d4bb99a9bbcd67f64b11648e41,,4
caeb5875d175daf6457461128c5ad334,Rod,0
caf2d46c2cb37307c20b6eb3caf18f22,MG,12
caf60b4f41a67e2d8edfd0e2a72f9364,BC,18
cb0ac612b5aa96c3bd8f9fed74eec345,Rod,3
cb0f457603738562ebb62aa134550bac,,6
cb425764c1f86b93af5d711d67f1bce4,Rod,0
cb447a05f0b73d981b3a21f540da0d16,Rod,5
cb5ee02f86fdf69393dfa072fdcdd9d4,Rod,3
cb662a3b159e79240aba7d48c6fb8ffb,Rod,6
cb692a6830a99fa0c12716255c41f177,,2
cb7ae17704e5a883c6875b589a33aa7e,,6
cb84a2c724a21d34fb42416defa3d761,BC,9
cb9d04ab439c0bf6c454a82dfad00a16,Rod,4
cbad64c78bafd53a9ecc7a11157f9736,,2
cbddf861678708fe6a876cfcb679605e,Rod,11
cbe7152d9cba575708a6047720139ae0,Rod,6
cc0d72d497f9daffae55861f586eaf08,Rod,3
cc133c50d81475a41fa2f837a6984937,Rod,0
cc133e0b15b58b746dc14e1c1f9caa52,Rod,0
cc36a138ec6a46121e1d1555dbd7e08d,Rod,4
cc490dae5fbc64aad64014deeec2f213,Rod,6
cc4d539befc5a2fcf82107cfd1bd6724,Rod,6
cc4f45fdef9a0983399f9fcebe540ce8,Rod,6
cc62dc2c8e7f710ea6b6b8e062fca71c,Rod,0
cc74e9423a0ded4693e7e46d0e986255,AC,16
cc9c8ba17204dec38d490cdc207aaa38,Rod,4
cd26361c0a8dabbbb6ad8939ec852bfe,,7
cd509e3239f2aaa07bb19c7f0c01fd36,Rod,6
cd77517fd2d31fdc10d4a055048444a2,Rod,3
cd81284aaac4837cddf06c92d0441f08,Rod,3
cd89e71b24f7c5e97e57377b81506782,,16
cd904aae0d2139719c5094e3dd9f4886,Rod,0
cdb2af63044807b694f879b36a1c734d,Rod,3
cdc4fcd5add2df174920af8f797d409c,,4
cdd8da3a7bed4eeb4305fc1add707196,BC,8
cde9ee32744159b2e2fa178c917949c5,Rod,0
cdec1e7a7eeb43c36b6bb4424f11794a,Rod,0
cdf0d6d25eb6e74c3915440d60d0fbbb,Rod,6
cdf92c7f9d50554a63e6425e0b63e7c3,Rod,6
ce5d05f04ff5e6488d0c9a5d8e1dc1d8,Rod,3
ce809ea6fec5011a233020a5a966cb27,BC,15
cebfcd88f305cad4241199a523397fe4,AC,16
ced88cb350e1b5f90a945d5a5b038ddf,Rod,4
cef23b623053e14dda94c7f7cdb621be,Rod,4
cef4114b6a19e7c4f7aa9da834451bb4,AC,16
cef779f3f4c19404741aa81daf401b3f,Rod,4
cf3cc478e14ddd3e660e60142326d768,,16
cf4916aed70ccfcb16b58a4116159b52,Rod,0
cfd8243bfbb3b08697f68522253d55f1,MG,13
cfe1c42f8883367ebe892a16ab523a57,Rod,6
cfe887515e073e57cb00655661fd09a9,,14
cffa61b69a6e6bfeb3feabab8dcc89f1,Rod,4
d00a2dcc9fe17a96119fa91b19c8dca3,,1
d09659a6673ae14743fda6fa7ab08c2a,Rod,3
d0a5f1a840eeeca30f46a14bdb9c17c2,Rod,6
d0b73cc32240f869e8b1d2e2b65c3b90,BC,8
d0cdc5f2cad84cdb31fdf6771f6e44dc,BC,8
d0dd6908dbcf013c077d36634c63ff1a,Rod,6
d0ea6a1f9df6b80a0dc8edc0da70bc21,BC,8
d0feffd8eab028e7ffa6a0d153498835,Rod,6
d132a93ec453aa1d6e01ba519957d7ea,Rod,3
d139b2ef35ce9755c4b6dc2c5cfa0968,Rod,11
d1524cec3a29269b2491da728be8ef1a,Rod,4
d160787238bcede6e0928640a1b70e2c,,7
d17d0a9af0f5c3489574b302359eae3e,MG,13
d184fe2cbd32a413dbdd03166976f31d,MG,13
d1b2fc55bdaed5d766ff54599ac7e42e,Rod,6
d1e5fc80817dc49c1ea66b720b3b343f,Rod,0
d22af475ea5371af49d94e7b10a2ec9e,,14
d24ab52f0a0a20c6f90937c2c986053d,MG,13
d24e237402659a9d902f3d266334c4a9,Rod,4
d26a5d86b10034c9a0a3c051c8a417b7,BC,8
d27cd47925ccf74a713fb0843ce498ce,Micro,21
d2c5ed9b5e07f8f16ece0ce3a7af2e19,BC,18
d303cc3c2802e121f0c84dab8c6588cf,Cone,10
d32deb56c0a3e2337a517f1e138232e3,BC,8
d34803d39cff261c36e7b4d3f59b62b3,BC,15
d356a1c26b72e6bc504d3693db6ad0ea,Rod,0
d363bcd210e7ca0290203de40ed60139,Rod,6
d36e4557bd96a9ea7d4e0e461449ba41,AC,16
d3802a495ec3ce4614ff54416952636d,Rod,6
d38f75970107a5e098489eb631727ab8,Rod,4
d3a20de458127bf76891ce4a9a99ec9e,Rod,6
d3b2357b5ba6e9cf59c32b2eb0302bf0,Rod,0
d3b7c237de8a92ad40d534fc75be0a01,Rod,0
d3d611817761ca339219c3c57db645f0,,14
d3fb45476edb2e7a75b6a5e091c51d70,Rod,0
d416070d3f105105f9bfa00101703e27,Rod,4
d42ed4612af8c3747a31c570e8c3a4df,,6
d451382bf1739e9ae440bceb1f0f10bc,Rod,6
d451f86cac80afbf079f59bf54dbda93,Rod,6
d4521d06e59520dc9fc2fb835825fdf6,,17
d46ed602693cd0832fc8d8767ee633d3,Rod,6
d47eed24236c341c20440a8c404fc388,,1
d4887d1deeb4603b33ef91c83cd90a02,Rod,4
d4959d132a3a65d123fcfc040340fc46,BC,15
d4ca2f47a09df6adad0f1d8488302283,BC,8
d4cf65f0f4fa235b0b0fef70d6c362b0,Rod,0
d4f23df0b9c6cf6c130912fbfd30a3fc,Rod,6
d4fbab4bc12a0aedb00348cbfa4dea65,Rod,4
d5b33fcd80343229146f2c90501a3ebe,Rod,4
d5b39c1fe9e2c8b00061d93ca511ec06,Rod,0
d5ba2b72ad17eba98b2ea9f87b46ab65,Rod,0
d5ca9981826152daf91139b404006150,BC,15
d5cd2950aa9511bad34f7c95d3732b96,Rod,0
d5dbbb93c14191ac87b5f19b0c35ccbf,Rod,0
d5f82ce59891439af01b5b4acb9bbfcf,,6
d6093fbfda3ad6aeb5473e654aae5f35,Rod,4
d6127aa5f04fe2b93357a9ebcdcd936e,,6
d62cb7411e0293ff32c50e6b242a410d,,14
d67d5330d4bcc20471bcd26974710283,BC,18
d68669940cabd754c9efc778eb17f7aa,Rod,0
d6d1adfcdbe487fe69d7aba1e43cbbd2,,2
d781bc4829c9a3478598cf0a8372ac34,Rod,0
d78670ca40e057bbcf786cd1ea651ca9,Rod,4
d7906a6ec10b5370f63640d984706afe,Rod,0
d79a415a7485b91b6208a1cca5289f00,Rod,0
d7b553cb6d1fb1956401bdadffb8b052,,20
d7d7bf0547c4c0cfcd054f0ca092a17a,,3
d7eb79ec917de6dd0d9d8aa2ce14eafd,Cone,10
d82824e5d324fd22e2d217cf4922e29c,Rod,3
d860a2a34b5daf98e5efea3f6e9da5f7,Rod,0
d87d78948e868df5f4b80b309c7599f8,Rod,3
d880840af3bb31fab2b89bbe52c8c897,Rod,6
d89233559308948c840f87e89dc4ad86,Rod,3
d8ddf838bd23cf155e73479e74602a00,Rod,3
d8fff2bac78dbd884812ff4038842ff9,Rod,3
d92c59aa5c294077a2fe78e57cb57aa3,BC,8
d953bedcb8ff2cb076c4ecc9c1297dbf,Rod,0
d9631f8f81581f4ad632d1f3865950f1,,0
d97f1104df625ccd41fccf6bf29572ec,Rod,3
d985c0876503db0ce4f2767af20e58ed,BC,15
d992e91bcfb92fd8314afedd8efcb51a,,10
d9cae34f17aeed5e6dba46b75261ce9d,Rod,4
d9fd3eb16b084e92bb4cf30de27f51fe,AC,16
da20176df233770127c16a0a51ff4fb4,,1
da26c408a91ea6cc4f7b4a926ffd1751,Rod,6
da2fb13822199529cc49c39f89cc812d,Rod,6
da36e4a9ab3c9c7af004ffa58674bbe2,Rod,0
da8331de03713ed0a0d75f1e3463b289,Rod,0
dab3d2806add528e0a97f68025d3f3ae,Rod,11
dab530ea7289d995c2d1463857921f1a,Rod,6
dabf1d9f4bfb4d15dbd642cb575c87ac,Rod,0
dac5f8bb0141741c9cd19a93e2bb7eec,Rod,0
dac939268dce0fa59239d1af22a46f61,Rod,6
dad108611335bc217d24eb2cce2e0070,Rod,3
db1e0ddbcc172fd9c611d2a714bd09e3,,3
db5882d181e2c0845f58c7d683c1b214,Micro,21
db7f4f688b9f6267ed5611cfb11acab0,Rod,0
db8cd8cde4da55a375d9fb8dc1bfe373,,6
dbac614e15d46458f10f2478871afb16,Rod,4
dbb89d0ab25ca0e9e6cddd7bb7c799d6,,2
dbbd1b079b1527720071d4e197bcd9bc,BC,15
dbbf89b186e0763ca2ba0194bcb2672b,BC,8
dbf345074e762ecb665d3dbfa09a1d18,Cone,10
dc08e11cffdb7d80125f7ca686fb6e20,Rod,0
dc47129b76c73b4abe40a396bf79301a,Cone,10
dc717a639e16f776011c389bb051c1ac,,9
dc8cf1bdb0c856b323464d982de6871a,,14
dc937b17243a128840b0377a659bbfaa,Rod,6
dcf909a7f477609fe7079718d6d2d133,Rod,3
dd07cfa6441c54cc7948b1bb0fb9d73e,BC,15
dd11c4f2c5a6b626d01f6980dfa88639,Rod,6
dd15cfe6e722c45d9d054cc4fb3a4292,Rod,6
dd3867a59062704a7f2ea383e037f29b,Rod,4
dd38b7250dcdcf52f32f0635a4357da1,Rod,3
dd5692fb8c50342d6606fa9c1df35ece,,15
dd6e91086b85180d5b74a365ed4091a8,Rod,3
dd79179e918a0acb472f2ebbd7ed818f,Rod,4
dd8a662d24c9ac44e817343c75365ac8,Rod,0
dd8c797d85b45869d877c275f6b83a7d,AC,16
ddaa905903702cb3ab3e28c38ef54385,Rod,6
ddace5b5ac9676f45d293ec9625b0827,,6
ddb4de61e96ce7452fb7cfa2a22dfede,BC,15
de050f1709c6b9eda3b3021ee1fed189,Rod,6
de2267bccb6060394dd5db393956170e,Rod,6
de2489bdcd5e1ce9e3bed3067813397a,Rod,3
de45a105538dec5f37baedce040c3d2e,Rod,4
de59ccc7ee987cbc10ea608cf2b0791d,BC,8
de66bad03c7235e1b32a687cbf6c3967,,4
de7b86cfa9d5d1995a529a79a1599595,Rod,6
deab9cd31ebfe2b1f5683d3cea8e99af,,6
dedc77982311e801b24db0ad8e2625a7,Rod,4
deeabed4afa2c5b651435f5ea5203ef9,Rod,4
df2e236635b2a2b8ec5cf99c9cee9252,,16
df57c98e61bcb2aff8d181e219078686,MG,13
df6dc398ec10727e33a4f45b5967fff5,,7
df83943a2ef1c7d4455dc141f25f9682,Rod,11
df9962abe1f5d7d24749bb2833baf855,Rod,0
df9b8d177bcadfef22d8ccf7dfbe4d75,Rod,4
dfa2e42da739ba3d24c4763364cf35d4,AC,16
dfb5386c8b83c8a9d9ce7e16a71c5b3a,,6
dfe49ceb61466fa9a8ac7a22cccbab07,Rod,0
e015e141419e9ade23f747d2fac7f9f5,MG,2
e0a2afae9049766fecb37bee3757a6cd,,8
e0f6ebf82aab44623be217960c9dd130,,14
e0f7641b8e87e174036fe5e33d75a254,Rod,3
e1032ba75d5a78db99f0841d6f70e0c8,BC,15
e10ad542ff63ae08db75d5f6b1846e68,Rod,11
e119f11a0376524cc63fc07e2cccd586,Rod,6
e122261b5380c3197361324e3ef12a2e,Rod,0
e1231769aa037c99cc0e0b8ff2b93dc4,Rod,6
e12584550e4191b278a7a5d20dcf6d55,MG,13
e1394d8fe8c1fb7266290a75d10bbb16,Rod,6
e194df5f5943978b50a0685eae1b84af,BC,15
e1b03865f17fa3adc608f55b679106c0,,4
e20b422f92b19cc1936e3514cf74656b,Rod,0
e2285cb2006c9121d047fa14737c321c,Rod,0
e243cc446208e9a78cd4b4bb463f21c0,Rod,4
e2480beb865fad1e405d46e371b01915,,4
e26f1af638b038c95e7223d7321c1d3e,Rod,6
e2780e9b4205cfc1eb09f1fa247ad471,Rod,3
e27b932c68a5c268eb39ef6e7be6c9b2,Rod,0
e2841150cad5e26811d45622f450d5f1,,4
e29cbf792481399a4b8f7b4e05e82cd3,Rod,4
e2a6b719ae9f89557df317ed0c1b4a63,RGC,17
e2b2b671c57f40cab5239ebff0d5d9fc,,6
e2cd34b85b5d0e8c30f6f51d412cf5c7,Rod,0
e2da5bf4535b8fb4bbf735073e66d09e,Cone,10
e2eb771f17e3e925e5caf0ca095785ec,Rod,6
e31d7a9412daf1db36246dd2fe4d941e,,3
e31e284b36110c84d59cd628d396a785,,14
e34369fdabc459d249efa40d455b2b29,Rod,6
e36e6277b2d8918c750edfa70afa7ef9,AC,16
e3736fa5c854d5e1ae70b6b1f1ff3763,AC,16
e3822b4b89d6afd24c006640d779c756,,4
e38e1d8b3a0118c034a5a1d5b8c1548a,Rod,6
e391e1bdc3918993fe858d7b5aaddc2d,BC,8
e39b38a97e98230863109913659bdf13,BC,15
e3ca7e02db1eb1489b8a1c589b595fa2,BC,15
e3e7df2f23847ac97c5ed1b98642d5fc,AC,16
e3eab95f9eef35120f181f63858f2a18,,4
e4053194b314f9cf0d305b3295dc3a79,Rod,3
e4169f8253c8f1f812fb647fbd50b3ef,,6
e4188ce7cc6cb7011082c7291e892987,BC,15
e43069d9330aa6aff6cacad00b838f63,Rod,6
e435adf4d0e7f5885e2c439bfda9c9b2,BC,8
e445ed0bfee70eea2e7fd4e184077dad,BC,6
e447c9beaf4e650ee63bbeb4d616583c,MG,13
e454c6c68e042a0f48417fdfc041d99c,,3
e495347a19e78a082c6d58476ed1411d,Rod,6
e4a79112898b37125e9e41a9203356ac,Rod,6
e4b0e525b68c648490d8684d4bf7e5b9,Rod,11
e4b293e607f08ea84a57ce3c11483249,Rod,3
e4bbe21abcd85b0af60c9e74b831bb3f,Rod,4
e4dedef58055fd4bcb95c422371d53c9,Rod,0
e4ea3c0ecfe9602420fd31970b30b67e,Rod,0
e52723198f7b418be2c5aa61d03045ea,Rod,0
e52980653e061baecb81cae6c1ddb8d0,,6
e56000c3c4d173a084d006bb7388350c,Rod,0
e56db6c0764931470b01604552f8aa78,BC,8
e5857bdf5ad5a314872c06623bdfa8f0,,14
e60308aa61aee945adac8a9138177254,Rod,3
e6117a127ebce33b616ea22f9b6bfc6d,Rod,6
e6335cfceb2522b1cb447ecf756bf472,BC,8
e680aa53b3495aed5792c3da7a69147f,Rod,4
e6c416e06c353716e6131c0ee69769ca,Rod,0
e6d009fe0b59a1eb8c6d796357e6406b,Rod,6
e7321aa34724f24cd97b129dbfda5a09,Rod,6
e75279f5e3c6969995e51681af7f9a28,Rod,6
e75574fc0f286fa2639ace4935123ca7,Rod,0
e78a3342298b24c625c991cac392a827,Rod,0
e7d4060df9cb1ea22207fa7e87dbebd6,Rod,6
e7ed0340b3935ec2a3c361499a8ae58c,Rod,4
e81b359f2554f4d74c6db3cbfa070fc5,Rod,11
e8249afcaaaebe9c72e5279c83ff7ec7,Rod,3
e83d73b960d001dea7def95d30154a31,Rod,0
e86c8c2750b6f8abd45583b913d46a70,Rod,6
e86e2e224a82566cbc31e0bc3c763b24,Rod,6
e8a63adbb186a493dc3613e9ea249049,Rod,6
e8adcd743d43cf3139e5746eb7792249,Rod,4
e8bd89fbfc8f5dcb185ca1b399b90e26,Rod,4
e8e004be6979565dabc87ed8775f3d08,,4
e8ef1f723ccd06f9c9492132cb579c76,,2
e919796a62b59d4bb1c84342782cbee3,,4
e9264be9b495eededaac2654f17fe552,Cone,10
e9395c9dbadb015c9a9427e037d4810a,Rod,3
e94434220b1f58f1e422537fdb67b4ca,Cone,10
e99312a5735ae4ceab7e49d3612f8feb,Rod,11
e9a2e26aebba696cb45b24d5880fa822,Rod,6
e9d1d8503dae8ac4e16aca29294e8ed7,Rod,6
e9d34f5b436b535d17310d4fdf720477,Rod,6
e9e5f3b8d1591fb428b7523a01f5b19a,,6
ea044582afd2b7db22ddb5632dfc21bc,Rod,0
ea19c46636ff6b92f9ac6ee9fa2e56c3,,6
ea1c8a4465df6b2be36baafec4f2a9c2,,6
ea40624883fb2e12bf0d34d37aa06776,Rod,0
ea4940fbd04ee0e02161d6a2e2bb6ea9,,3
ea609b3227040e1ade2ee72c72145c88,Rod,6
ea777b1842de2c0e05d7c6e7b7d359f5,Rod,4
ea81643a00e929201f22bbb55efaea26,Rod,11
ea94a2d7a1293e7456f686912aa624c0,Rod,3
eaa01a9c49959f17b2035acb66ca3506,Rod,6
eaa160454f2fc9ffb7f0243faebda306,,6
eaa6200f4d03447b862448f68ccd9026,Rod,4
eadd84bba676170fc6545bcdc323100a,Rod,6
eae8ce473e657afdaa4fc2e162f23a26,Rod,3
eb1095c264b6f7f62203958c19120adf,Rod,4
eb170f5ec83f60599e8f760627ded820,Rod,6
eb24f4edf463186782eb696031fd1a4a,,2
eb409eb18d130be5cc364cf37ffc2747,Rod,6
eb62bf00b43bb9fda22bbd5789e4e386,Rod,4
eb893834f2ab6a72291aa39adb68cbbd,BC,18
eba49fb65880095cef0c7d8cbd9d5ca4,MG,1
ebb7695a6b82dff4ac2373b46f4eccd1,BC,15
ebd241c77c9b202ba3f4829af8050052,Rod,6
ec0c08c87674381578aa011cc1713f9f,Rod,4
ec0e162e461343d1e314aa75dc4fcdb8,Rod,4
ec0f564aa21540264310ff544320b611,Rod,6
ec4d636b3f8f0e04b9543d1408dad811,,15
ec5bbf60be4a0b92d7f6123569e0c6f4,Rod,11
ec907675b38ba7a8ad7459552db22a96,,1
ec9408ace8258687444f1620e302ea63,Rod,6
ecab0411f04feeef34a59cd4dc7ecde4,Rod,11
ecb7f7681999619d8b0bac6537d92ab9,AC,16
eccba6cd472f80d45fd03ca434bfcd1c,Rod,6
eccfe484aba2d39a0a183f903b898369,Rod,3
ed064dcde2bb9ec1d9d88b49d3355f9d,Rod,3
ed1911cb2d72f05813975c0af163f628,Rod,6
ed1ad7a06157b5d9cecb65b1158a982c,Rod,0
ed290604f5515fd9c92c5712fb7ca79f,Rod,0
ed2dce5e488bd1882988aa0707f29ecd,Rod,6
ed310a35e4beab251994f4e2e55fb692,Rod,3
ed339b172f24c07278d1bba94d5e1aa0,Rod,3
ed3e7e6359739828b10e89888791b49f,Rod,6
ed5cdab57f1fbdbcb3d44a7d96c585ba,Rod,0
ed64fba284ecc39e8ad7041f3291d99a,Rod,6
ed6fe359ec83613a95fd07108dcb55bd,BC,15
ed93e9439ef0fac5f4cff0ca9a8b3f7f,MG,13
ed96f594261504e2ef20ce7bd9167500,,4
edc66732cbbc309528650aa423ce0a92,Rod,3
edebb68fe954b94d550466b8186128b3,Cone,13
ee0da6af1dc2c50afb8e5daf4d8cba01,Rod,4
ee16b7973a5bdbbc77d1a5d4a1dfe7d3,Rod,4
ee22775f487c1ca56f2b4e9c7ed33603,,10
ee2e1e196b100b50e3a1d10fdef5cf84,Rod,4
ee362c65b5f9674ddcf45946cf0f2b79,Rod,3
ee48663135126048deff44bfaf735336,Rod,15
ee524b4128574abdd7951f281cd4b43d,BC,8
ee97336f33a1be69bcf8b6a371dd5e66,Rod,4
ee98730e43cd78751fcdd2c5569df040,,18
ee9c5061e9b6b8399690be37cf689c95,BC,15
eed46deb00fbb578384e36540616d820,,6
eed9d14c6868da9084c54e1a9d7d454b,,14
ef3ae519fb2b2b8054a135634f50351b,Cone,10
ef5fdc0523ac2be57f34cbb63ff91075,MG,13
ef910366451c593ce00e28b360b3319e,Rod,6
efbecdb68905ac2972549e603c43d789,Rod,6
efc68eaf2f83cfb1e99dec97ecd2abbf,,2
efed128b535acdc5ed9dc9e2e6ff466a,Rod,0
effa33163eedb66996037f4452cb97c2,Rod,6
f011ffc65a360111cc5be869eabb40f6,BC,9
f03f1ad62a2a21dd4f260a8e2e9a595f,,10
f057f337bfb337f88d8c1b22a3dd3cfe,BC,9
f07a3c00cfc4ecdacb9bdda150187bd0,Rod,0
f0c4fc5781d7be2dfcf0dfe3c944750f,AC,16
f0d3b4f63e7a1454cdaceb3666184bfe,Cone,10
f10831f8539e3ef3571132fd55c5f1e1,,2
f14d858eebbcf05b04788440f0c324d3,BC,14
f150ec55a6df4dccc2bc82574aa2f5ec,,6
f1661294b0c07b83b61164bb902cb14b,Rod,6
f16c335314636f3d7793548056eab772,Rod,6
f170f5127284ce71b77d51b306a882eb,BC,15
f174a3c12a350d9fe9a58186c042ea72,Cone,10
f17e283f0a0b679b15dc5769923157b3,Rod,0
f188cb33d39adedefe13b01e7089bbc1,Rod,0
f1a08a0902b0288d70ae8fa413de33ff,Rod,11
f1e7190355bcdafd365ccefeae7cd56e,Rod,4
f219cb7c10cbbf403afb434d7e4d4e70,Rod,11
f23dc5379d923b117f11a1c65c47205e,Rod,3
f23dcdde135ed1e0ee3f927cf0922a4d,Rod,3
f256d2a4f675b7262c6b9be2a4c39747,Rod,0
f26d19d8817ca3cb88155ec6d2aabb05,Cone,10
f272bad47f03081b574a22efe8d2e2ce,BC,15
f28623e2587a19992c7c78f71b117663,Rod,11
f28c11aa71ced326ab49af1ffc6636d6,Rod,4
f2941bef0f10d9464029335a2505e3f5,Rod,6
f2bd92d0dad5f37f376de483fb6a9707,Rod,4
f2e7dbfb76f8fdcc20250b2653ebe514,Rod,5
f32175e15bfa1b483f24c00e6ef0b9e8,Rod,4
f3288de3f5c7268ee892cb8d1d639b12,Rod,0
f328f1171fb853922d7cfe76c31a821a,Rod,0
f32bd9fe695741469d4cb12267219a2c,Cone,10
f36f207a6f0778d483c1faeda19b924e,,2
f377265919934438fcebe8ed89e2cff5,,20
f3810d029841e3a020e39aea904db7a1,Rod,0
f38fe168f45b63007f1ad22e743be3d0,Rod,0
f397f73d9e510f41b468bd1839946f0c,Rod,4
f3a3c11d46bcd30bcc41d56aa922b278,Rod,6
f3bdc622b95ed0427397f64335bc2586,Rod,4
f3ecb46070bd620949fc4fc475f8f6ba,,6
f4018775b09b7411b7a225c2005daee1,Cone,6
f401b58c73d4ae3da8bc24ed10bd7ec5,Rod,4
f409306c013fbed383f9a8d418be5ffa,Rod,11
f425da0a1c1a4d3d5dd8a9424e18b0e8,Rod,4
f4675618add7f9e3371bbe00e58bd6c3,Rod,4
f475aa62c3045eec5de022b3f7347761,Rod,6
f50a2cd49a0253395ae8a5be50b52f5e,Rod,6
f5469e4f0c5d9c929bd7a012e9b08f76,,6
f58595adcd12af17dff1e717ab50cc70,Rod,4
f5ae1711a8e910412d9484228ebb29f9,Rod,6
f5c59272b1bbc512d846d7bb8b2e7d25,Rod,0
f5cfae342d4d724b7f0bc846e19fd7d8,Rod,0
f5d1b673018d7a6e7caf2fb3d1d64075,Rod,6
f5ea97a3c8aaa50d9cd9271a63d5f301,Rod,6
f5f5c97dc04a7697de95b5dbce718c70,Rod,6
f602bdd5e074b813c04255a49923d8da,,9
f6226dc52b55d6def7331c99c6ca1e5f,Rod,0
f62db60f89949b5888ea79528be26fda,Rod,6
f63900e5317d717321c5fae7fb1b68f0,Rod,0
f63b8bba61851fffbee7e954fe910ef9,Rod,3
f6a2e832a8447340f4861af53e3f9bce,Rod,6
f6a7221e3b5422d6e304ffb1716c0102,Rod,6
f6ab8f3f85422f0d2375ce21451f71ac,Rod,6
f6bccf2b2eb9d6e05e1bfed1d67cb22e,Rod,6
f6c4a5f674539fc450705193d53a8175,BC,8
f6f936c43bbc68c4662b52405e104d3d,Rod,6
f6fc36c35ed2c5ed5decf706d156d943,Rod,6
f707cbbfd7bbc0dbea345daa5eb1168c,,1
f7085e869a3a7f88ad688ee837b3cf75,,14
f716a0bf2174f1516495637d48f24ff3,,20
f780c6e8290cbcf7683c864eed30e2b0,,7
f786c02121880e7d3f9a5ce3435919b8,,6
f80b438852915677a3b758cacbcbc25a,Rod,0
f81645e85bd3f103ff569abd6eb4d0ca,Rod,3
f82e4aeb83bb1a8775cd5147669b0f5e,Rod,6
f836b950b4eb52bb0be71b133ecc3968,Rod,14
f85118c25f2f0af42cd6727736c35eeb,Rod,6
f898ceba9946e241f4d66c28d6f75f88,Rod,4
f8a00f8beb95b4b8bff859c3ce7441c0,Rod,11
f8a98b8797dfb94859aba658473ddf60,Rod,6
f8caf206db3888be2c3313d3b86345dd,Rod,4
f8d0d3cd990574a1bf96f2350b9ef2fa,BC,8
f8d1085d781e9a7aab1421586eeb612b,Rod,11
f8d30d68027b4d0ba5b44a9ac9b24155,Rod,4
f8d77d0f6b6c96b722f529d0ce1bc07c,,4
f8f1d3a0c516a3abb5cdc416b3730c08,,4
f91ab675c460aead56724b8670e88aeb,Rod,6
f92020c60186e013c32accc59a6e5259,,1
f9462da9c8967c85948ed7a69cb0f787,Rod,4
f94de1d3b3a2f3f990bf4adcfdf5dc8c,Rod,4
f9703c99e8bfb4039bc118a00694c806,Rod,6
f9815413a6c1e9c9a9b6a0ba541375fc,Rod,0
f9f5d16a4eb2bd1ea3ab967405b1cf8c,Rod,4
fa02aa26223d3ca1ad71f7f034c9f6b7,Rod,0
fa04244929c873c88d3ce1070064b54b,Rod,6
fa0db78a971c4184f9d8e172cf4eba83,Rod,4
fa1991176b739a926894f027de095c7a,Rod,6
fa37f772fc95d01d39e433b4961a7903,Rod,6
fa491e378f9b2221365c2fbb46f93de5,,20
fa5bf32b5d839ccaeb452314cb5066c3,Rod,6
fa7d92dec6e1e8c3c282c6b9b6b47608,Cone,10
fa927f86abdec8d43cf24c26266a3ed9,Rod,6
fa96e2b9c36e3df3f01537b314c9c97e,Rod,0
faa1f8ce0a745aaf9cd1916ee17e51fb,Rod,0
faffcb06000d81217c2188bf1e40c8f2,Rod,0
fb04bc8c22d28865aadf624cf3f17ab8,,6
fb228c242cbcb4db707333340260583f,Rod,5
fb28cda4f47b24c0d1dc738733c29450,Rod,0
fb3799e4e7d6a8a5302f86ed9e2c5dd3,BC,8
fb4241d37d553e09575d4d39eb7b7ad4,Rod,0
fb62847fcb69a13ebd5ee311bba46fd6,Rod,0
fb67f610105dfc62ae67b29d04d916ff,,9
fbb3f0de84fda3bfccafffcc6791bdc1,Rod,0
fbea36da707b38f7805d5c9b51c518d8,Rod,4
fc21f56717dfed8562c1c830751f42a9,BC,9
fc26608137343fbe554fd191ccc952a0,,6
fc339dda9e3ddc630ca101c2d77afe63,AC,17
fc48d1bfa7dda2e6ffe6d518aef8042c,Rod,0
fc4919ec21a750ab1f9495306b7d0573,Rod,4
fc6cc50d71e56bda4fceef755dba55c5,,0
fc8161617166a3d7a15714f20b9724e4,Rod,0
fcc3e4a42e26ce5e5a1a2a5fd4db7352,Rod,5
fcd6c60c4b4a7c59b849cf17500fea39,Rod,5
fcdf04b28d5e3be3a94e815ba170c24e,BC,15
fced28355b06bf47d226c24c7aa1e458,Rod,6
fcffde732cd11c2ce3e5e4619986f6d3,Rod,6
fd5a3ac7473d7d7911ac198ffba84bc8,MG,13
fd61cf081d0687125cc0b84b1e1c2d22,Rod,0
fd82f26eafacfac8648c6aa80d78e2bf,Rod,6
fd85ccfc46e51342e53664253623fdd1,AC,16
fd8f1c68c609c25aea1feaf6852766a5,MG,13
fdb5c9f8fea0a607ba94454a1c341e6b,MG,13
fe04e8ab5a0a078713efe2c5a30360c3,Rod,6
fe1744f0a45e9134ff0cde70a1ec806d,,3
fe1c519fb15cdb90761aea60011c1e10,Rod,4
fe498e3a805b4477e0f6ef478e03df9a,Rod,6
fe7321b33c510ec1cdca17afdc84dfde,Rod,0
fe805d97d1463caf2175629a3c9e0f7a,BC,8
fe8b11401911902d524f9aeb273fe5f0,Rod,6
fea6f4620a7e30588e54ea40bc1d2c80,Rod,6
feb4bb61017889489b0778f32b1fe5da,Rod,3
feb9ada6f987f985707ce5ddd1b84007,Rod,6
fecfc8c92e571d4681ae621a34937393,,6
fed8f4d1c5c51100fbe9737e7ede7ad7,,14
fed981b1cf731f771ff369302931dbeb,Rod,1
feea6afaade6d29a4f292d62a212f687,Rod,6
ff000b2e69396cd78fde8eba76804abd,Rod,6
ff0b8cda70a0c15ab597e2a82b80cb5a,Rod,6
ff3a7c591a72fd600a6a1ca3ed87dfd1,Rod,11
ff61c645928477a270c55503ea69b7b7,Rod,4
ff7225f2b41d42544aadb1b4ad63949c,,2
ff864c71b02e0c024216d0409bc7acc0,Rod,3
ffb6400304cf700c0fac91eb9ff9c3d0,Rod,6
ffc092a0c14df70aacdb85a82fd34cde,,2
ffc471eece1a8ddfebe6f10abf9749b8,BC,15
ffc83e38ce6f9b8bead0c25a5b95a6c8,Rod,0
fff21700db67a446be95a8dd7b9f64f5,Cone,10
fff67d11f4a747bb35c112064f354980,Cone,6
000d8d4e5f979f58da6e77c5572db286,Rod,0
0023865326452e0c1cf05e68be29bca5,Rod,0
00278004a907b84c0c971a0ecc225f10,Rod,4
0042a6c1db732901e8b8b331771de07d,Rod,6
004821008b30592cac90a8ac1f46a56d,Rod,6
0049d6562f0e869824758ef49af4b1aa,,1
005d5865baee234aa61f23413e986ad8,Rod,4
008ef79b178137294ba85cb79ef6710f,,4
00a18f35d9780443d86dd35915cf56de,Rod,6
00dc3b0b89ddd88139d2199c3b6d9d50,,1
00de1d2c7923070c3ffdf93bb066da9a,Rod,11
00f01529f53cc257e66a87de354fdc75,Rod,6
00fcdae7a2ae0bd94f0be5b72376b9d3,Rod,6
0115dcc6f5a978f5c6ed39a6233fc8c0,BC,18
0134f4077c3aed007e6a854c901d5916,,7
0139f90d1bec87cd95730829bce4e8b5,Rod,0
014c3a5545840d562b664f4e8856e780,BC,8
0182bd4798378f7f9191e27438e6a03b,Rod,6
01980af2d8a26a83730bef4251acdfcd,Cone,10
01f1d7d15e2b2ad3dc89f472649069bc,Rod,6
01f8ff695597741deb7347351e5cdd19,Rod,6
02241786c233d222246fe7b48316e93f,Rod,0
024c724f7a01b58f68f69a974cb41990,Cone,10
0251ed7f23945cf910040586fe6bfefe,,14
02a03ffef3f0154dbfefea48ae214517,Rod,6
02cb29de8edf77087f22345b7fa8e0e5,Rod,6
02d58fac4daf2e7d35abf04d3943f653,Rod,6
02d5b37c5f958113b4eb7c011c70665f,Cone,10
0333a42bfae50b821934fe0b49140a1a,MG,13
033833acebee2d1e252e1d1247fc9d2a,,4
036bbe606ccf2807fdc3eb11c0480f28,Rod,4
036d52829efdca9f27a87cbe0466d6b0,Rod,6
0386fd9c7f92d670bb203737b16ac448,Rod,6
03882bda7d31563e1dffde0679a71ed1,Rod,3
03a8e4350aeb42ae5443a2787a1ddbf7,Rod,19
03d36d470ecc1298e84c83c2ff8a9e68,AC,16
03dcad2369000c323a169801f0b8d000,Rod,6
03e685b179ca0c92f5cca5a1676fce43,Rod,0
04075150296703b66a7e6189ec79fbaf,Rod,4
040eb64aefb0d726c03c05f8d8f6f9e6,Cone,10
041ad619c01a5bf059d638a7b61cdb9c,Rod,6
0433f2f1ab52458a514ed9138d047446,Rod,6
0434c6efd6a2f5353067d4d2e5df4a6f,BC,18
043f1405239aa44035382d68c48d0f70,Rod,4
045ae8bd8eac731cdfd5ca178a38e703,,1
04679f32943bec556ead2e8802ce1c05,BC,9
047d969fe616e0a82aee2758b5968cf6,Rod,4
04e588f0a07fde917d4b15ea2af68d34,MG,13
05143131102141de2e6482a48c9cb109,Rod,3
0515c6eb49fda028d111ac749a811542,Rod,4
053ba58242c63b3664efc67c58e75474,Rod,14
0578ef3bfd80dd7b9ec1a33c9ef9638d,,6
058f163948a2668f5f1b5ee24bbf79a7,Rod,6
05f8268375fc9bbdf82a1f45af30e04c,BC,9
06478adb5aa3019b51b1ddd7689eb801,,4
067e212034b6671406d412b1f0992e6c,Rod,0
06939052d48bad71187ffb78d4281a0b,,6
06985fbe94f686dc056906fd2ba56137,Rod,6
06a19fbcb2fccf129480edc242c65475,Rod,6
06c89d6674fcfafe22383f5dd594fb3e,Rod,6
06efb81f47f96da936cbab516d4360e6,,6
0702f0144ee87c6f8eaa6955109cdb32,Rod,11
07044e58a10f90a4b30fbcd324f1abe8,,6
0744472cc50907aa6c481fb9b4390925,Rod,3
0744bad6e8e0badabb3d2ab6f3d5365d,,6
07796f2e4c30c6efe69bd73411bd8226,,0
0793922347e3ee76625d57c37cdbb24d,Rod,4
079b762183b96dddbad28db7a0869af3,Cone,10
07ade00f82771879af12456a7d67a2da,,20
07d5fff0af2920fd22f01d0adeb80d63,,0
07e107cfa13414fd2fe584626efaaad2,Rod,4
08149cd55a30bd343437e9dfe6a433ab,BC,8
081cea119409e8c35f57837061b83298,BC,18
086f21c366505336fe5daf3e44095a3d,Rod,0
087c393fe347d542296494b45e5dfcfd,Rod,6
08f27733eaf2bcf0f9548c8990b7a9cd,Cone,10
08fbeccca11bb30de5e3d0808b6d4657,Rod,6
091e4ad4d701b7ef408b5d25db41163e,Rod,6
0920b7224d39a4684f633c2395c694bb,Rod,0
092f36ef689d7ba65f6574092852073f,BC,15
093191981896ba45f3c9ff2beb08bb2d,Rod,11
0969a84589ecad55ef9813cdcbdcc6f7,Rod,3
0981f21e2ff3b7a604ff52a48231aac2,Rod,0
09b71414843d581387c76b16ed031bbc,Rod,6
09c1536179f54104ff8911de506984b1,Rod,6
09d74fdb0f9352593cecb7f5e4028d5f,Rod,3
0a0e4bc661da76807f5f9df435e4c72a,MG,2
0a35f6f4c7206f1e99beb054bcdd742c,Rod,6
0a4e149953cb50d072e1cd35b7f1026f,Rod,6
0a8de23a55a93fefae635abfaa0a3dd3,Rod,6
0aa500198cd928382b9b2a40712bb6b5,Rod,6
0aa516e18865fa9efd8b579942234301,BC,9
0b0fd74abe23b3fb7b62dd8768e97499,Rod,11
0b2f16285338c13bce3db5839de53928,Rod,6
0b743306f0e529417977c75173454c16,Rod,6
0b7be22b720522e4919a033a2e156586,Rod,3
0b9376637bc4ed1c9da4f84b2e377e45,Rod,3
0b998bae5aac16daba1d04d2b4365780,Rod,6
0ba07adad650c80b95bb28e3b233a320,AC,16
0baa7c2de8805336fe4cce8a5b1ee0b4,Rod,4
0babf29d099e3ddd805867bc9298ad45,Cone,10
0bc01d31e30f1a1547940ea136251af9,MG,13
0bc5ee426a390865b2e6415fe332f084,Rod,0
0bf9fdbaa5967f96855335c4040969be,,6
0c083a5c0c39ebd858f67c7c778fa45e,Rod,0
0c52715c5cf009c08b751b91758604f2,,3
0c57c59539438712c56c93d834ff6929,Rod,6
0c6460657c4ae83e8afeda99be0d8f24,,6
0c6f11375414c75b63da99ededb6a511,,0
0c812d429ce8f353a6ce3af910e8bd82,Rod,4
0c8829750c767ba4ac5e77eb7f24506d,Rod,6
0ca5b5567f8da05922338a53c1516d68,Rod,6
0cc0ccfb8f90429514afa015de5c6105,,6
0ceaf69ab80bf5267179048e4699df8f,Rod,4
0cf99f5c0b94fc4d80f8201f1d30ec6a,Rod,0
0d105dd6219b28cc43b436743642043e,BC,4
0d1525e867a66ac3beab464664636ffb,Rod,4
0d1edc4c5729519f17700cf7cde2f595,Rod,0
0d39cd8dc2671455802e73b06dac4baf,Rod,4
0d417abf041bcfcecfe04c28d5260afc,MG,13
0d5dc1894fb30fc267d6c1d01643c93b,Rod,0
0d70fd0cb3a3b405b21641e997675e93,Rod,0
0db602e41d5a62ac378b6a3a70b2b224,Rod,0
0df28c7ea28546c5dca7ee410f324af4,Rod,3
0e03fed83d33a735c69884d1158d2fee,Rod,3
0e111ff30702b80e6f3b120dddffdb29,Rod,3
0e23d070c9b98a2cc8aa08e19274b48d,Rod,3
0e41479f7503767b57dbe912c28eb465,Rod,3
0e570b64dc1b5ac65dbf3e93b261aa55,MG,13
0e7e43915ca009d62a5d1a99f2d44aef,Rod,0
0ea31db544f4c843835d7a3c8f0bd595,Rod,6
0eb42770a3f92b295dba6a6535d0cdea,Rod,6
0ed6f41ac09f5c59eb8d01c0dcd72b2c,Rod,11
0edf557c257136f5a7f6aa285dffcfa3,Rod,0
0f685aa39e1a8c6226cc6633c5abd046,Rod,6
0f747c345a6c16de0e549a349e27506b,Rod,0
0fb477b8ad16d65e233e8d5b7c0b1315,,6
0fba651217014e576edf4a228f08b895,AC,16
0fc57e1d39a153049662b65295ac6fa9,MG,13
0fc63115fc0f84aa60ed28b866d3e167,Cone,10
0fc6defe4c98e78d7a630485e3b15d4b,MG,13
0fd4e4a10be6659ebad3df1b20cbec28,Rod,6
0fe7ded354987a0b8ddf7267c4419f95,BC,18
1029fd027e3415730ed1904fae86e935,Rod,6
10376d85125aa24ee9efb83a87ee419b,Rod,0
107f37b70e3e5eeec720be9004c9497e,Rod,4
108265edfef18c25718f7027ad969ce6,Rod,6
1095cdb631b93659b2d3a87c18a3f28d,BC,18
10ad5191533ff974b3b2bb39766c1bb0,Rod,4
10c0db83a32d0e506fd846a0ee99578a,,1
10fa20e8ae6477ece2d358e126a6a730,MG,13
11390321b85b3f20136a859e6c0515ef,Rod,6
115414ac186c7d22b083cf247d89f96e,MG,13
1161b9beb1f2ac0cd2392941781a42f2,Rod,6
1171889f1ffb76950aa1783506db7f35,MG,13
117826bc6acf347c8e07af218ef1ac9c,Rod,3
11825e8c14711b8d7f9132415904bb80,BC,8
1192bbc498eb43723ee8f94bb5a7bc9f,Rod,3
1220ead653a345890b7a1124e20dfe0f,Rod,5
1248ba34dadc5296f1eb8c05d116ea6f,Rod,6
125f9855694d7a56da95f1742e9eea78,Rod,0
128ba95447bf048eff1ccc04671d4c73,,6
128dda0d3be741998d42438c77b82f1b,Rod,6
12e8297d349a463c8721072ab263a8bc,Rod,6
12fbbc4d63094934a03b1f46edaba0ed,Rod,0
137b07d08a444fc12485b4c7bf4f8764,Rod,0
13830ee76533f5f63ea1e7a80082944e,Rod,0
13be1a96191bb097b8dcaa9e48c73296,Rod,4
13d970ddfde094368f2c3ff13989ac60,BC,8
14001b4aed21aaeecc116d5ed942c2a3,Rod,6
140dffeac3f409a6127b9bbb517b8a2b,,6
14245424b5c6443e85c6b60788e0e66f,Rod,0
1449500e554bb5eb10986c4af4ff79a6,Rod,11
14631d995545eb27b09c8b636f7f4df4,Rod,4
1497e37ad01d499c7241518bb2508533,Rod,6
14bfc1f9c3c3a1342add5440d573af81,,6
14d666571ca15735db60f143e4772875,MG,13
14e1a64ebc00d3698e91e2fe4bbadb2c,,10
14f53640349381dd5e0335a0bfdda42e,Rod,0
14f82ff957367b2a6ae3b210ad740a12,Rod,6
159e0d699278e2ae09093baf39aac7b7,Rod,4
15a14cbb3948c82422b9abb8c865832a,Rod,11
15cc7120796d030b0e2f4969b7b5c0b6,Rod,11
1605eca22454c2aa0b6d282c98347626,Rod,6
16202fb6eadd7fd9cbd439cbc1e7ab8f,Rod,6
1637a049f08f8fbf2bee9fa0e001ea71,BC,18
1691e6ba7e10734cfad0d72ff2ee45f4,BC,8
16968096f6e5990f5abb32b895e1b79e,Rod,0
16a5735eedea54f2b88e5caad99fb231,Rod,6
16ba64eeecbd484123fa91c81a52c212,Rod,3
16c999c2704303824c78e61f01c134ed,,14
16cec7d3e405551b63778452007551e0,Rod,6
16ec913f6626a6bcade7e2646dcc4d66,MG,13
1702f3ef69b8836aaf577f94b2b080f0,Rod,3
173bd86d7339647a69fa611184272e0e,MG,13
1760ac3f71c2e5c112cc82ddbaf92501,,8
17d33f6420fd7fa20ee2b9ba503fe14a,Rod,4
17d7eca1ad8f82122281358d2bee7372,Rod,6
17dd746fe55acea0b1fc6708ffa0d47e,Rod,6
17f0ec8a0644daeeb63cfbdda6f7938b,Rod,3
181ca41350f8e3782ddfa5517032a27c,Rod,6
187ef034f182f04f7359175ac501390e,,6
1884dc500d111d19ecf5371194fdc1dc,,16
18a4ee95e5ce03cef49662dcb2c92daf,,1
18c6fcb7759190ffb2f1b561b10cf0b4,Rod,0
18c9f2057289fb00d27c6eefe66fec84,Rod,4
18ec09b121e7074100e7f35d35c4b467,Rod,0
18f9fafd2b29cd8f1f022fe740993baa,Rod,4
19196a7fc32000f1f15140645c848ca8,Rod,0
1921d81e55b4e5df39a0f7e06e882ab3,BC,18
19547e9adb936bfb0905d3a0ec7d6986,Rod,0
195a400ed514cefba6e0729cea020934,Rod,0
1971fa49fe648a46baa1e700391fa08c,Rod,0
19903cb4d120c78d4d8c15d53246a166,,6
19aa17251edf11535549ac158f6c753e,Rod,0
19ab30f0ca84eaf4098c961ed12e56f2,Rod,0
19abc082fb2d6615965d6dd4dc687b4f,AC,16
19ac08ebb4a7a756ddd0505d1f10e478,Rod,0
19dfa1f66ff2968f15de89487b26c6ca,,6
1a4b66f2696384eb0cc6f6d6decbd873,Rod,6
1a70380530b36993eb9a7c1e08a91fa5,Rod,6
1a9777546b24bc2a69302c16a478aa87,BC,9
1abb38a909f502887ba9e02cac72b6b7,,0
1ae47d7dc92edd0a08446f403fa79ed2,Rod,11
1af8a61096334c671c40bd30a56b44a4,Rod,6
1af8eec849c8e7e131aaf63eb93d1225,Rod,6
1afbebbc9a003492493137a8b02765f1,Rod,0
1b16c9ddb4726db63d852ddf14fe3256,Rod,4
1b45c72aff6e4eff876b7970b5fa5cd3,,6
1b64c005effcb595095a71a1e86ea976,Rod,4
1b675382417cb35500b0eee151b3092f,Rod,4
1b6c1bece954450029f16a820881d1e5,,14
1b701a4bd3d498e34a80d0414267e2f5,Rod,4
1b7a5dad084a470c64b75588f4fc2268,Rod,4
1b9f947cb5b34fc0dc3f13f1603b4084,MG,13
1bc91be73cf3c37a624ef972787be776,Rod,4
1bdbecb894ccb7fe1c24b780aa97ef3d,Rod,0
1be5d0bc0edb96894bc95fa2f0fa2ec7,Rod,11
1be6024eecbda2dd7d72149813a6b06d,BC,8
1bee6c442af5c60b0d3ebcd0764e6a8e,Rod,0
1bf083e44cdaa9b29f068ddd11a580df,Cone,10
1c0a6da47fad2a9f1e08c42db105f1ff,Rod,6
1c2b1203888c040df7acecacb3b96d16,Rod,4
1c33ab8f936234805ad6b21902394eb6,BC,15
1c665cf135b461446da7fa6a71be668d,Rod,0
1c72edbbd5a16fcfab63980a4badb6d8,Rod,4
1c746c3a6403b794ebd1e21f81345e9d,Rod,6
1cbcc62b4b290b76b6b029b202b56835,,11
1d4145153678f7f692953e0be5a9f30e,Rod,4
1d6ab44ad6d3e433f8f15a8a09c52641,Rod,6
1d78231b1c2fcc0f5d7fd18c9929c597,Rod,3
1d784f36d8b8010770f1d1ecfbb14bac,Rod,4
1d98f1f1a2039af3a8e97a0be023457a,Rod,4
1da58fa8f9d6c1070de87c36c9706449,Rod,6
1db900e10750be4380f6617df0594850,BC,15
1e1ad1e8826be44d32545ae6cefd802d,AC,16
1e1dabbbb0dd17205cae641e8c5cb422,Rod,6
1e33c1bc2a90f482819f2a2af4ba4f5f,,6
1e420731128c499e4c6393bd28d33c6f,Rod,4
1e54ec9fc5f33b71159a8de3bfe51ea7,Rod,6
1eadddc02a9295211228fc327b28fd9c,BC,8
1ef5692bf6883856d69a9377e90b6cac,Rod,4
1f0df18d764ffe160c3b663aa8fa5a60,BC,18
1f23dbad01e7475d8ef42a0445b91964,Rod,14
1f32a83a87b2255da9805aa8cc244e6d,Rod,6
1f4ab42147e33f75798a56be6171d57c,BC,18
1f5921d97bba6229c37002f9ec32ed58,,14
1f8a0962d1f6d6012c526506935bca4f,Rod,0
1f9a6c6bebc421c6e065e25842789dda,Rod,0
1fab09384851d2d380878c4fe11c2f1d,BC,15
1fcfda5faa40e76b38bc6e63cd85be7c,Rod,4
203a8c6a853f5ad207691cf2354f1547,,4
204bd880e13e5d6245e699451d49da82,BC,15
206f991096112eb3ecff8ff32ca707ca,BC,8
2075b6bec22948f8ec7f7d171f7c4ff4,Rod,6
209f7ec01675c81015e6a980d9115543,,0
20e4eefb5e1b648f085ba5fef6620ed7,MG,13
20ec75c4297a4dc5d80541af7ca56a1e,,6
210e7a4cd98ced2c535489ff68f3a17c,Rod,4
212a5f2ce745f9df2fdd16eceeaa8ccc,Rod,0
2130abd494b0ad88464da055f348d814,BC,9
2138a5f7a91ff7700a02f5919a2f14a2,Rod,6
214541c0452dc4e655fe524ceccaef02,Rod,6
215fc54ff5a1dc77cef82f930f3188f8,Rod,0
21c1e1fc82e30a1b296d427cd677b16a,Rod,6
21cb11cf11d31c044541f39a24064f5c,Rod,6
22067fac6c1c04fd86d81cbd77bb0b42,MG,13
22370cd24b5412ea659b02bd4bf1052f,,3
225ac6e5a95c64a1140e317655e4810a,Rod,0
2263076f85b9d68ad52bc171fb3344bd,,4
2287f6b59b64132d56813c7ebae6c52b,Rod,6
228e45874eb92885a8e7983fe6c11f7e,BC,8
2295def1e5ca8fe738ec9e9ff36e0aa6,Rod,4
229b26a7a01a934b5a5b20da4c36231d,Rod,6
22b291f7c6d4ffe4ac0d147acfe4dfed,Rod,6
22b2ee2f368860fdcdb4e38ae3ffb546,BC,9
2308bfe8511f82b2616c0f4370c782e1,,3
2339f775df324286fe96968139e8bab6,Rod,5
23acbe99285d1f1060fb69b20dac00d2,Rod,0
23cc007daeec327c366d36b940457707,,4
23e38a210e17f3e0bfa369054ca7df8a,Rod,4
23fade4800c64538f9ee767a5061c904,,7
241f2e2bf9c075d14808116b374f9bcb,Rod,6
247c0373302572f4fc2512e66ac022dc,Rod,0
2495ce9e5cdf13189df6f505dbe550dd,,15
2525292bca5195a8df5a20bc0eae799c,Rod,0
252ce58ac785f398d075cfa991990270,Rod,6
25369ee9cb0b345107ed9721d9de3ed2,,1
254aa2df0fe6274bb63260428793e03a,Cone,10
25550b48c7d73887e812b4d0f81d160d,Rod,6
2555acc854bb487a6151ce6c0a51fd6f,Rod,6
2572a7037aebb677416cd7465c92f7a2,Rod,4
25ad0a1f447a475e78f7639c92949b36,Rod,3
25c3c09faa677ef743d42ae40f793dd1,Rod,0
25cc30ecf4964136f7e6bd09f32403d8,Rod,4
25cf682a9fd5eee20313341720cac857,Rod,3
25d5ad2749ce813d9771c8ef5b4a09bd,Rod,6
25d5cf86de8a696c5d6d9c031d36eb40,Rod,6
25dd9fc93e3aa9bc3df690b63de44abd,Rod,3
25fae0d1f5c4644d7363b50d0f1cb0e1,Rod,6
26053384dd0fc6eb992bb8a418f05b6f,Rod,6
2649f2f21aac8e813b5a78d58c469b37,Rod,6
2659ddc3c2e9f2f467508cb486c73d0f,,10
26704815961397255ef7e468557f5a07,Rod,6
2670ef15568ceb5f16bcd28dac320bf2,BC,8
26890b53b69fbb51a86ec30b81427915,Rod,10
269041a905842ab7d5631f20c161059c,Rod,6
26b9f718e392addec649407b55477dd9,,4
26ba23ebcfa859729787527f51a63bb8,Rod,6
26cef470cb68c11feb0f52369275a4af,Rod,6
26d1b4c7c3407807198c41ea02fa513e,Rod,0
27118ba084daefa98eb9f0d0dd011bd3,,7
27121dc118912d315ae8d5ffb6ab079a,BC,15
272c02669bcaa4cb57689543b150d0ea,Rod,6
27362736440d5ccc68020b9c7d5a9683,,1
2737f5feed7449a9e2bab44e5a6db2b5,Rod,0
274aa7eb3923a0d92bcee1fab2fc8658,Rod,0
2757b8b110d751459d560a29f57cf79a,Rod,6
277cc35a2c5f84d2b7493c2cba2d8fe2,Cone,10
27bb1e003082f2eac4894f4cbbddd5c2,,6
27e1cb06bebe67c498db0f18e15b8e31,BC,18
27f4344edb0fe9beb4663ef526c4b4e4,BC,8
280131c9ff3af1317662470845317d75,Rod,6
2863595852a8cdf35e2d06d83ec62799,Rod,4
28e400c4c7fbe15ec4fcb8f704d83da6,,16
28edc24d8bf0b6979b0d4496147c94e3,Rod,6
294eeabe6a90e5f80c5700e362e637af,,7
295a36a1b3c8754cd8a3f1efedde7c3a,,19
29987b13c65bdde828632df97b01281a,Rod,3
29d9662cb485027d8150a3d73a836a0a,Rod,4
2a0a0a85c99c8544ffc17e0d512686b2,Rod,4
2a2d118ad309726e9e1f1b2c0b0cd982,Rod,3
2a2f0e7b76cb317319cf83e732434bbf,MG,14
2a4c4acba037e45e3a969f814c0689ad,,1
2a8cc1abc3bc52a8cdd6fd31d5a2b690,Rod,0
2af76c45db593a19e0ce2cbe37b795a0,Rod,6
2b22102158fca5e881d9abf2089218c9,MG,13
2b25c2a3871947c660a5288896cf19cb,BC,15
2b39f6889db43f72a7565de27f292cbf,Rod,6
2b789ec168498e1ea4a86f85a31ecd35,Rod,6
2b8c686e2c3f3f861179265faa51ede4,Rod,0
2b8d1adf0a70daec1b4ee80ae2748899,Rod,6
2b8dceb5469cea5231b5c325ad92400d,Rod,6
2bab0cb7805d92a67dfff7c526acdef4,,10
2c4ca21c880f74393fedf69e75e8fa27,BC,8
2c5d965e16109247f7e0ff93749d9b2e,Rod,6
2c79ba88b21ea197455183731506fd41,BC,15
2c7d0488587a3bc85e7c57f2f124ca99,Rod,0
2ca14f3b79c788fbee9f2b2c54cf8042,Rod,6
2cb264aaec3d9632bb8a061eeeff78d8,Rod,0
2cf065b600fbf0fffedb61812b173b4f,BC,15
2d03200411f31fa3c7d16ead33158979,,10
2d04a82c8950f3938a83fede31ddf1de,Rod,0
2d30e444565f9be65270ef6534f1acd4,Rod,4
2d3bc10ceb77e21046cd9d84e4823f11,Rod,6
2d4ac0fb8916be94166c0851167d6ba8,AC,16
2d8ec5041f4e8118ea8a3b885c301b25,,1
2d92129de8d655dab920ac97dd78020f,Rod,6
2db33bc3d48f0717354c7c66af312253,Rod,3
2dd02feaa0569a33616caa88c9199d08,Rod,6
2dd21460ff6ad64d516a2f080440e4b1,Rod,6
2de9d50224b916af23a95738c60a39b1,Rod,4
2dea6c8fe6d8bbfbeaa5f9d447a0b493,AC,16
2dec41d690570e3b69413023f5ccbc44,Rod,6
2df7f153a194ac27d7aad981878d8031,Rod,6
2e07fb3313c692b273891b24150d9d70,Cone,5
2e315a1eda1a69922ad947ceebc9cc2a,Rod,0
2e3c91f308d1be606fb33831635c852c,Rod,4
2e408c05c9dfccc653f28fcb7a454dbd,Rod,6
2e4b04b739f6a0f014f1d2790056f12c,BC,15
2ea5589e266a02332bc9cfc066b044b1,,6
2ea7c26904b8f1893b429582a8c1aeb5,Rod,1
2ebe0e19cbdc6d088fc2ac501a4440ad,Rod,4
2ec0c25c155fd00bcf0b7effd70c2ca9,Rod,0
2ecc109230dc03703af1a4aa05c7c1ae,Rod,3
2eec8555facb53c9f42ccd8be033bee6,BC,15
2ef603a438930a00f3fbe1da21f9d6c0,,3
2f236cd1f8111cdd39e0dbc5a8c7e177,Cone,10
2f40da76be85d8341f38a378815fbfe6,,17
2f63607bc67d82d87459780c1b4a5dc3,Rod,6
2f817c4390b89180e94d6994562da8a0,Rod,0
2f910aae79570cb13a30aa240fad1d67,,6
2f9305fd2782f3e319719c9c272e9bb2,BC,15
2f96b4432b0998f68b0a87da1fcaa25f,Rod,6
2fa41a9431302d36b05dc6373c1faaae,Rod,3
2fb8c69f7314900d38ec02b36bc496ee,BC,8
2fc9f5e8579b90a48d115137380321b9,Rod,6
2fe2c7e6f776aa0bc3943f271718901d,Rod,4
2ff0a144cbb32815c4f41ca613ee1e91,,1
2ff59bc434e0f9025b87e4a345df068e,Rod,3
2ff5d73f2e9b4d3208c250c6c68ca186,Cone,10
2ff878a10ca44c180f8c4e5a00645e4a,Rod,0
3000515064e2be41b65d790f373f1098,Rod,6
305c601101175940339ffd1570218632,Rod,6
3079f714b3f3627f52e35fd704aa7bd4,Cone,10
30c9a2dba1ad336705a263a37fc6ae68,Rod,4
30ca1f8c14f9a48d4aa6689a85ec284a,Rod,4
30e7e054712f6ebcd393326bc7c6c6f1,Rod,0
30f3aecb1c3915e01d9c461c4ab1339f,Rod,0
30fadb005edb5472b77ebbd120ad2eb7,RGC,17
311eed12c3128bfbf4b8a888d7339461,Rod,6
31377b39b5834f83219b991685cff300,BC,18
31554186869ebe2dab82df378ebdf353,Rod,6
315660da215fa464af05b49b4527159d,,0
3166fb8d574fb78200d745c9ec421028,Rod,4
3195c2c851bc02568e50898149140697,Rod,6
31c206b7f9d3b3f5fcb2181e6178db8d,Rod,0
31cab314f0235c8442ac6faf0e6ed4d6,,15
31e89e57334374074385840e626e10a1,AC,16
31f932b09d44653424f15850123ee303,,6
31fc1d72817ccf9fe845074a1c6d6e56,Cone,10
320397a450c23567c1cb0fc8a7aa8417,,4
3236212a18e34d449cc12dc61ff61806,Rod,4
326d896aa233f430e18729089695eb92,,1
327356b29f90e25e6121ea0f2cd53acd,,14
32752158b07747e3eef7c540eea50fbd,Rod,4
328678dcfdb1e4ffca714a1ea0d3989c,MG,13
3288de5bb7d89541ae2c33340db73539,MG,13
32948d6605314ffdf319ca7a9916b90f,Rod,0
32c30484a298e77e60efb200b9350cf6,Rod,11
32c34264e4a44b64a3dfee8d095c27e2,BC,18
32eae0038ff54a92e60e263634acae8d,Rod,11
331dbbfbb52a0b9a9b8f7fba78396ea6,Rod,0
333057a1dd5d712c2de8267715bcfc9a,Rod,6
333719e2c71f57da1fc1c67a1681a69e,Rod,6
333c43a3f7b4a07c6042cbdabb9c4091,Rod,3
3345cbd7d9cba2797342ffdb9ba95f2e,Rod,6
33899ea1215fd1bd203bb55c97771075,Rod,3
3390968229df2dc1179c1b334e87c6fa,Rod,0
3397b38c5efda7bdfbf0b6875bd64762,,6
3398d7b6f913c06c47164ac5ae64705a,Rod,6
33ab767ae4f718b5946ee6d774a7747b,Rod,4
33c99caff6174cf067c28133aa151fbf,Rod,6
33d4762633a90fd90338216ecab350f3,Rod,0
33eab110a6e8a91c4069ea438b3184a6,BC,18
33eb16d8225fa586985068293f7e0eb9,BC,8
341abb681bf0c029dbf3b650226d496c,Rod,0
3461263c072d3d480945098be5b8bd75,Rod,0
3477c581b9f2bb6b47b43960eedf983c,Rod,6
3478fb1c61dd2714c93b268e3ee3a44f,Rod,3
347d3b97a60b1152ebac601d718c915b,,0
34a232119801c29a8c531f3a9e586635,Rod,6
34a8c3f3af5dc26af78a4cf75054a9ae,Rod,6
34a947d9f3daaec80fcd61088ea63cc4,BC,18
34ebae6431c0aaacfba3ad594178a485,BC,8
3514b8e0062479d946ae70aecf3b9578,Rod,0
351657f84d0f2b2bf0db42fb1423e93c,Rod,6
352cfac5f6e9bbe96e28ee9b9a436c1c,,7
354b0d88cd65b6f12295210823183f0f,,4
355edda4b976e161973bdcc7ded57654,Rod,6
35662ea6ad960fa3843dd339894dcb68,,6
356833be538103dfc9f8bb1791ab19a5,Rod,0
3592a1d7f4d350e1e0626e535d957576,Rod,0
35a2fac821675429f9dbf11010f51828,Rod,11
35aba6468e7077e5aa4791788b4ce70d,Rod,4
35b07b3624e911bfb16db8cd04c91bb6,Rod,6
35be700447b869cb367da5a6e2bb9206,Rod,11
35c270d0e782826b9882f77839cc29f3,,4
35c9fbb7d0287544bea9f2ee7c077877,,1
35dd62c33186b204c820f6ce61b8191b,,0
35e37637fbf4fc1d92ac7e47d1b187bc,Micro,21
35ef7f2991fd6452f27f230bb99a6c1c,,1
36114f63e5cbd169843b102b44c80fe7,BC,15
361fa64e1da3a71035a500219ba5621a,Rod,6
3642f74d76c870f4df33fff8f2a5c69b,,3
3669b5808aa2ad1987476f6dfda2ce48,Rod,4
369f7ae6392fbb4a72abaec393e38b1a,BC,9
36a4edb65e0d693798ac2743ed721436,Rod,6
36ca3e1b7a2effd0eff703a314ac726c,Rod,6
36ffd1831355a67341d20fb303ba4de3,Rod,3
373fcea65f3babfdc31bf7747110af61,Rod,3
3774551e1aeed9448c657742b901aff2,Rod,0
378bb5e72e4ebcabfa5f3c4507d32d59,Rod,4
37b348b080c6d1be25ccfb46e23329fd,,10
37c7808c862c356dd376314a7d6efd6c,Rod,0
37e0d4a659f140bd2672d7fd34f301e8,,2
37f184c95414f4ce91253ca54e8c4701,Rod,6
37f3a0ac7297d0cd41f083a562b1dd69,Rod,6
380e33a9dd4cf8eb379ce828dfd80b48,Rod,0
382f78a639674b17b866936aedfced30,BC,15
3862d2610ed3904e5e6d846be5340efe,Rod,0
38651ce45b1b7b114a413dbfd7c6b878,Rod,0
386ce4f5685af9c06311693fca0dfecf,Rod,3
3870e4de80526bbde6d30952a579a5df,Rod,4
38a1be443de7cfcf4a88f8ab545c3458,,1
38a3366d36b09fe2a8c9608671c0d81a,,1
38a4c941064bf34a8fc1e0e408254d7d,Rod,6
38a7279055c0ecb658e7d360fe16b2a9,BC,15
38ba8f92e9072c7c21bd672548d7e219,,16
38c67b2605fa7e6d6fab4a177e56dd0f,,6
38ca146c792810f39eca3ff3eb2f965f,Rod,0
39405347b5b517e5841cc5571533a693,Rod,6
39409a917d87ba172a07ff1868a2a6ff,Rod,3
3963107324a2f1453a42e66362479778,Rod,6
396dc0c038cdb8c4c1ccf69bd5557d92,Rod,4
3981c6a8402d83cdc7d75f3e098ee04e,AC,16
39b55a48d01dbf54eb2fa815f5d08725,Rod,4
39ba9dac0bcf3db25a46d80171ce126d,Rod,11
39bc3e86d83f9fe7e2e2b733618e573e,Rod,0
39daddd9ff976741703a8f8271b45c0a,,6
39df235c50667da145d220ffc2c096cb,,1
39e3de4bc5134730781e1b0ad1e8d2a3,Rod,4
39eeec0b63315aedb2f7551d6d851197,BC,15
39fb55c082580bd72ba1503e8c9096cd,Rod,0
3a060f01d666db9f147246c3290a435d,Rod,6
3a21adba330b345a5df8da178c7f1bd3,Rod,6
3a3d04fec13a0e43d2ce66d31584e460,BC,8
3a74fdd548a956b48481ee2da850a9d5,Rod,6
3a7bafe0ae55f669bc1f7290a8e7b921,Rod,6
3a7bf1e9b8f6a8644cd7d35a98e702ce,Rod,6
3af05553d779cd50298a18889f67ba23,Rod,6
3aff4844e9466b3dfeb532334f18bc06,,2
3b222e3668ba2ec7ec5bc5e22b857e91,Rod,6
3b54363af1a50038defd2300a3857c69,Rod,6
3b5d67bd107d9e2f464f98bd218c4c20,,2
3b5f9ec2eb8f423466b78b045fc715c8,Rod,6
3b9e9904984a2844c4b58b8f1f9db09d,Rod,0
3bf4c9224705d4a87966b0656f53f5df,AC,16
3bf5dd7d1b33496b9bf731f2a290fca0,Rod,6
3c1d62f0544fbfbe5db2be4107caeff1,,6
3c1f31009ab08331f5d8136f17da60b8,,2
3c3ae0f3a0b095d06444d089f3242a84,Rod,0
3c4daa4420ecccf542455077eb59fd52,Rod,6
3c7492545c74a4565c392b84523f999e,BC,9
3c7ab7484c4f529fa206ae6c1fb06727,,4
3c7dafdab1e9eed34083ef102e76a7f5,Rod,4
3c8b3b9df0192c5f55004b0d5af058ee,Rod,4
3c8feef359d6994f7be4eab8b749f030,Rod,6
3c91ae70977bd708add47b492f60a00a,Rod,3
3c9ee9565f18488dc8f56746cbc3aba8,Rod,6
3cd0778dac2d53c5999279b79f2589ba,BC,15
3cd913763e490847a1f9ba6922ce9218,BC,9
3cdc914452cebf7aa4927591394abe31,Rod,3
3ce49176b2ae4fd2cdddcdcdca5a4adf,,6
3ceacc0972e1b4f34a9cb56b3d94b4a2,Rod,19
3cebc264c7a8d455f7aeff961f68466e,Rod,0
3cf3ccfb88eadd4e482cc5d83c7521c3,Rod,0
3d34d8b57ad7f35e936ab999b12d1849,Rod,6
3d86e801cf6b3d8a0e6f56d60b84e21f,Rod,0
3dc6bdefa40551eef08a23f141799c38,Rod,4
3df2d61623b1c6834eeffe48bd19e3b5,,2
3e410e8b4870a665c9212bf8dc1ff951,Rod,3
3e5d02ff1edc914256dadcc22af3cd5c,Rod,6
3e6137e43379437a048ed889c0be9180,Cone,10
3e89ba1e23ad657e1a33dc51447074f5,AC,16
3e9e82f0e1541eb915f7f185fa79266b,Rod,0
3ecbfff031b6fb99cf24d841ecf9479c,Rod,0
3ed4011d09a6f91dabad9ffe17821980,Rod,6
3ee477120c049ad32aef20c74f13767c,,6
3ee47939cbba0db88e28fa0d05021796,Rod,6
3ef5df1e55d0177c24382f62a2736bd1,Rod,0
3f096edf5dadda39c66eddf030e19423,Rod,6
3f1084aae195848618d4310897f43b39,Rod,6
3f12b15cd65961762244cf35204e9681,,6
3f355475988fc8cd24450919a6981391,Rod,0
3f39fb27a8dafcec62564079e0848cd4,,10
3f5548876375b789011330cba1c4eac8,Rod,3
3fd0d55a1114c66b3d0b7f0c003097dd,Rod,0
3ff691cbb05b9ff53a6b1c62789d884f,Cone,8
4029426b6ea6e80d3eb571d513c7bb02,BC,8
4066dccb0062f3452c160927f3fc101e,BC,15
4083a5b6cfbe082ba8e609e651724a58,Rod,6
408b4270dfca3fcefe6ddb333657fe33,Rod,3
4094cc3dd4824dd9aef506126e0348df,Cone,10
40b709606e31a44c3a63fa3d4d267c49,Rod,0
40e612fd4787b60d72b0335076e3ccfd,Rod,4
4103fbaf7d5c5fed2a4c5d8eb3ddb022,Rod,6
41043db47cb61ab0b61f700d02e920cc,BC,18
41099fe56ebedd2f28374cede971cc3d,BC,15
416e800b19c83594dade1ff5b689dbc7,Rod,0
418657b3f51c5cc2bdb8f3ddeaba24fc,Rod,0
41943af04d5e3948a6f52833252f2a5f,Rod,4
41987aaeecf991f1236884bd6fb5ad98,Micro,21
41a9d812f954e5789e2f130f1d5de2ea,Rod,0
41ab678e2374bc8af748bfab16dedfb3,Rod,4
41afa17d16e450361d5c19c598e8c4d1,BC,8
41b0664d1469e4e875c3e245249f9adc,Cone,10
41c361f9590e4eb36085e2ea139315a5,Rod,6
42361d014245d5acf7f0793b6b55b7bb,,1
42453441f8b92e1497b5b74de4dc656d,Cone,10
424915c711a82244d9dd409e14c49295,Rod,11
424d95701dcd4aa7f3b57192657dbc20,Rod,6
426e0fe2ac4112aa2f53231b52d010c3,BC,18
429a66034091629670ca94078324f3da,,16
42c061b63f023e07a353d7a5379c112c,MG,15
42cd53517cb1783581a5ec2ed6488b71,Rod,0
431e89b2da15762e02abef9b6e310489,Rod,6
434a40894a23da0caab255380e30f68e,Rod,4
436829426192641f9f6ba37dbcea5e59,Rod,3
43b0b4019496e80d2be1f548fe9e3f41,Rod,6
43c067b01d4fe16ea3aea94e4b4e213f,Rod,0
43e3612ba497df7afd9970aa50dbc6d1,Rod,0
43e8146ef1fafe6413971f8c799ab884,Rod,0
441c5dfef811346a50bb3dd1d83b840f,,6
4425dea84ed25df918c2ca52fb77e252,Rod,6
4426bce756697ef4842e2fd35d2c652f,MG,14
44340c28154210689b650fc55d39f4d0,,6
445226b8a1c69b127c8ac6920aa46ef6,Rod,6
446a03a5e8686df71315c15c4ab8ace7,Rod,0
447f4e645dd57d53a25acc78088dbdb2,,4
4493f42787161ee9a059f1cbc5498854,Rod,4
44d092b764b2788163dfe29e15a1425f,BC,9
44d1ca7e3e0b557a620bf6a6a7b15638,Rod,0
44df62b76d45f177121714fea49ccffc,,1
44e36f4db7b13d49090e82866220ebf5,,6
44e984045863f115f8f50c7f8408a522,,6
44ef6be00938e433f2c3b310cbb4974f,Rod,4
4500ccf0f533c1a53107c0f5806a1521,,1
4501498e12bb27edfcfbb46eb6d55b13,Rod,0
450f7ae40ca05f2824d894c891ecf67d,Rod,6
4566168144d0e9860cf5745e0577ead0,Rod,4
45714df3a0abd8cec5b81b262f9d608a,BC,8
4573d25faf2091bd7d86985a4cfd1b1d,Rod,6
45789ebea5e8d5e13490a1ce2e019a4a,Rod,6
458ece5ff85fc2e2a9b5548245c9cb42,Rod,6
459afbc4ddbedd18b636adfaf20dcd24,,2
45a3ccef9185e5a22ca7a05ad25b02a2,BC,8
45ac72ccecad2390ed29fa45a8871350,Rod,3
45b3d0336f2da7ea810661b0826cf896,Rod,0
45d830691c15195102938cb4f2ddda86,Rod,0
45e1bf973ba855892f44bbc46359c178,Rod,6
45ede29e1989af2ca858f05328f69c1f,Rod,11
45ee267c5bad6590ec437bf4a665bbf5,Rod,0
460ed282bfabd81f88775ca20a43f467,BC,8
462977e3c8e809a6b460664665cd16ee,,0
462cd6d4db522ae0947a2f8beddd38eb,Cone,19
465fe261fcea9f53aa5264e34a4c271a,Rod,6
46d6f2b4044ecedfb8fa151d6e672c73,Rod,4
46f0f55a68039f81f2c035577defd62e,,6
46f248dc9b8ceea0ac8ddb502a62a78c,Rod,6
471bab4f15f79d475289c4663e16a793,Rod,6
4721c8e9869a96fdc4e9482dd53828d8,,6
474347b1a337dda014dfa33c317e8b8a,Rod,2
4751514ebd32bcdf7f36bac520bf08d1,Rod,0
4761f1e6405bc115c3826bd6692a86b7,,3
4773a59d62d91540204e582bfa86fe1d,BC,15
479adac070a74d9aafb8d06a7e1ac903,Rod,4
47ce23052947dddbcf22bfd817b65878,Rod,6
482d07191366202f3dfdef7289c9fca4,Cone,10
482dbd25d13d8b426dfa4c3212f3a83c,Cone,10
48353f269b40d686f2ed1442dd671c55,Rod,6
4841143eabfd33e8fe952d9746e5529e,Rod,18
486a98cca9350d149125eb85913f09b5,,4
48c6e03f8ce4f036434b5c7a1809cfe6,Rod,6
48c8dcff61a6093a78b70fea4671ef44,Rod,6
48da82a5bc2f6e326c0916333dc77ad4,Rod,6
48f21d1edb1c00b86439e9d54e0c4b60,Rod,0
48ff9080eb9f933477a440e18fd09950,,4
490bd05fe463f0e14c744e6690c86e5c,Rod,0
4918063f3f505ef0cf04fb3d691ba959,BC,9
49263899361baedbf753e4156c014828,,10
492919d315cd8002915fef97c700d711,BC,8
49301252db79d2767c3174a1795388ec,Rod,6
49427a5f50998d19ad31e28b8692766d,,6
494a9ea3c71e9a11f80c41de2372e5fd,Rod,3
4969333c1465b2fcf7fa68dd030923df,,6
498484dca651cfa3499ba479283e12e2,Rod,6
49b0007749953e770d25e5f03af04488,Rod,6
49d9c013ffd7abbac77b71695ae9bffb,Rod,0
49e023398838a2aa26241f5f840361ee,,10
49eeb8d73360def50f654f18e595d3a8,Rod,6
4a40f1e15ae0a3e03e7731c309caa7c6,Rod,6
4a4136d4981e4a56fca24c7bc1b39274,Rod,0
4a5080f899b3cf99e4545b01c1cdaea0,AC,16
4a91f6ed154f097eb5bd6e5e1852fdf6,Rod,6
4ad01f2211b8bd45161c6c5cfcd64861,Rod,4
4af2273a226686a5029e6b86a493b8b5,Rod,6
4af704604816c80b2ee26d4a63d0828f,Rod,6
4b14affc1e554e18543d6a7f48a0f654,,10
4b162620e62f8c02561959e0f8f92c9c,Rod,6
4b62f739241baf83aff0421aaece5d6c,Rod,6
4b793b54844b2a591cfe81936568eccd,Rod,0
4b7d9f7066008fad3138593d3e6b9b52,Rod,6
4bafb7911e391346a79320eb4797fad6,Rod,6
4be2415a4dbc9fd509d381a46ef45f0e,,2
4bec12ed3f607095a7ef722e7a91e065,Rod,0
4c20ce5bf20610c7c54f8b7f25bc3c56,Rod,6
4c447a64feccb5b5861ec039e1a88bd7,AC,4
4cc97bd92dfaebc0074f0c53575d7f3d,Rod,4
4d2571651f73c99cf32830d48ec28f98,,6
4d374fa3776b2a961b4afccaa804b180,Rod,0
4db3760b8a5e677b8a5e16ad19adac84,Rod,3
4dcba618edcea0fb42248c58d2f1c3c6,Rod,4
4dce4a995df00d924dbf0fd5662b4080,Rod,0
4dd75c0374a7e037cea6230bbcb13a1d,Rod,6
4dda037a253e4403e09bfd74c2090429,Rod,6
4de8c28fd3ec757203bc02038c090f63,Rod,6
4e075f527617eec19a4802e6d94b2012,,13
4e0d818303a56a94785666d965542719,Rod,19
4e0e9331615faeeba33c41641604515b,Rod,6
4e1e8e119a0c19de206679177ec1d098,Rod,4
4e47d177803b033bd74619629e2c201d,Rod,6
4e673b46a5f396aea3ac4b28d1e7b0af,Rod,3
4e689688d8b970c14e76a3cba751bf64,Rod,6
4e7e6202e32bcc56e90dfc968a168b1e,Cone,10
4e9bd13b05e7280ed973f4036c1205ad,BC,8
4e9e3be31429dd531b5000d75941f922,Rod,3
4eb176148d9612b8a89c8ef331ec3a04,Cone,10
4ec118554a749502892424d29717d6c3,MG,13
4ec22ecb1c7e45f79c0264b01fcc019e,Rod,0
4ec78f8b8e362d42918ca980efc9edbc,BC,15
4edf5a2bd8a5108745d2a0b313886268,Rod,0
4f0cd79a431e99b23fa9b50a89a528e8,Rod,0
4f0d282276e807ed1abddffdd508c4d3,Rod,6
4f0e499a3ba135e0ef2ff5ebb77eeea3,Rod,11
4f70e86da53d9dbffa23b81aae7c6e9d,BC,14
4f81b79ea834a8f66247d5ae94951810,,14
4fa1cdb52c3e21841a1d54ac957cb244,Rod,3
4fabafb56c893b67eff97481484dd801,Rod,11
4fb4d6fe68daf7f46900ec6a1bad9076,Rod,4
4fd968f36b1d90d98adece5c3c53dca8,Rod,4
50084775d3fe760523d56c7617502865,Rod,6
501c909e14a7398aaa91513a912174f8,,6
50341958e88d6b89ca7a311a67ffba5c,,14
503975bb2f46e423c090c29412ee103f,Rod,6
50508e041477fa16cf1325206f18ef41,Rod,11
5082b86a90e3a325bacbc6abc0bc3dd7,Rod,0
5092c935e75e4190adbe12119f76189c,,6
509ac849cc1d317438cf4355cd2ad6bf,,1
50c2db8611d774f5d8568767f18517bc,Rod,0
50c56fbd0933d6ca78dd9ae37c384967,MG,1
50c6b6ffc9324a1ef63a94de032d4928,Rod,0
50de09e1b215aa90c28b95927c0e4728,Rod,6
50ec3f5720b6a23e0e1783fb40b32a0e,Rod,6
50fd0855a1f7a60ba9a4ea36361e1cb2,,14
5133fb1b374b72eff7babe185e62e20a,Rod,6
5139dabfccca19ca0c970125fa6ff226,Rod,6
51484f17be641ac3b93deaecac55672b,,1
515c0da4f9bd679b8c57fb3e421d1c53,Rod,4
51836f32d9aa7df2c480f1019b6d9bf7,Rod,0
5198d465504879602eb012abebbf27c2,Rod,3
51acf8454d9d62eb31c2a6fc16500c16,Rod,6
51b2cff8d77e3f7ae0754f3b3aa4d8aa,,4
51c19cfb65b5786ecd511a9a8a084e2b,,6
51cb1f74f14b33693d01b2ec34df05a9,Rod,3
51dcd3f80352d49bf851f594dd99c3b6,Rod,0
52146d0880e26e617b7403c9cc09e175,BC,9
5219bf9bfb73174c8f34188b39f0d11f,BC,15
524fd4f6167cd34c1c71e54621341796,BC,15
525ac33da69a4e8a3b5e1a5f579173cf,Rod,4
527e6602311819e377fc0402a93f04e7,Rod,0
5291e716c597024ffeee95fb0b38b045,,6
529cf9bfa81a002fb2e7eee61cf1e6a4,Rod,11
52a9f030166cc1031e01984d1097461f,,1
52e8429086094ed8efced16bcd1a5e68,BC,15
52ebeaa31ab54a57920628d49947b94f,Rod,0
52f47801f867f01e29a5b906c44cfbe9,BC,15
52fbdbd294354245bfebfe07959f0086,BC,15
531b2b2994f8d9e76d2d7ff9a4d8a7f5,,4
5334890fa54bd107d4268541bf5bf4f8,Rod,4
5341a1aaf8a1bd8a2892550e41e494a5,BC,18
534b4ae5009cfcd18ec213d5ce1634ee,Rod,4
5356fe1f74a0521e2ff202a0e2a99754,Rod,3
535ac1b1f4416bef052f4de621a324c6,Rod,3
53652af9ba2b107a8d27ce3f756c0718,,1
53725ab3ef4a9a20f51a317e1b40d4a3,Rod,4
5381af19a7acdc2b8725d26677078928,,6
53c1c129179ca13afab821b2f37bce33,,2
53ee25c0bce1cf108c4199501e23e956,Rod,4
54166a21745e0e0d1af3214ece54c8e0,,6
541d238ee1db4e33ccb517e9de61ebb5,Rod,4
54285b0614c7f1cc32296558b9f7eeb6,Micro,21
5469977a027086286efc1974542020e8,Rod,6
546aaff96f8cca14c00e9cdf829cb596,Rod,0
547d5c4773f9da75849f30463aaec37b,Rod,3
547e9b3a1015fbf4ccfaca7a62e0a936,Rod,4
54b585570d6e4afe7a2e1ace64fbfb52,Rod,6
54b6587a012d7765c8818842e5a8707d,Rod,6
54c1dfb6e4e469e83277c9219973bab8,,6
54d9a08d058bd09606eec85ee4a099d1,Rod,4
54e205171096540127cdd2c4a929cb50,Rod,11
54e6bd2d42fd55c9a46143215b2acfb3,BC,15
54ec169578f927f99b4f7fb42307fa40,BC,15
54f6a88fb2492d6a01e5b35b416ac1ef,Rod,4
54f83b84a6f3462b67cc0774e1bfe8ad,BC,9
551ccb49e7d0633d791ee6052a2c94e7,Rod,3
55200b3293b4f9ddf5261a64e86bf027,Rod,0
552745ea3c38db9140a17de4eed3a0a9,Rod,3
55517cb1bf7e927c2291d7951e48b993,Rod,4
556034bf55c3f6af41353ecd934908d2,Rod,6
556688d0ce2a84a17624dd3f98de3ee1,Rod,0
558229c376bd875b4c9d571e678bce9d,Rod,6
55a6b62654b592b2912e7417a10fb54a,Rod,4
55b670ba5ca08561b5a058e8611f730f,Rod,6
55b7f81489a4065a66654e52f4f6cc83,,16
55cff7f37045501827f0cec554a2a4eb,Rod,0
55d51206b9a616ccafb11383fcc79080,BC,8
55d883ee2b1f70498639a84540be340e,Rod,4
562b8275c8f2a1f17b739ca35099921e,,0
569ac8c24462038029ddc5e16b47cbc9,,6
56bd266bd6b5650c86de90c1f03f0ded,Rod,11
56f1ae22935dda1c43943fa69baad352,Rod,6
5737fa087bac68030d9f99d9b7668376,Rod,6
576971258f460b3b15a5f15d9d32b2b4,Rod,6
5786a3bf6ac65feb9ab91126da319629,Rod,4
57d564c44eb99e18638263ffe843f749,BC,15
58358130473fe3a8bca8002d3dc19c9d,BC,15
58374696fd09772b8c157e8fcb13eeec,Rod,6
58444b6d3cf70ff45bb6a3b6f09aff09,Rod,6
5883fa340f713524609d355867404acb,BC,8
58b600fb52d34146e62e34685cef10bb,Rod,6
58bc0e7a6de72e6bcfb523a0b2c0d597,,6
58d590dd7a4645c5ff84efab23fd7bde,Rod,0
5942d2573b39b3370b5d703708838b25,BC,15
5987faeecf3ce54fdff0ac980ae59751,Rod,3
5994881c41009f55ecf4300501052c3b,AC,16
59a51e9297db7ddedddfc8c16126969a,Rod,6
59b874036019a698e9351cee9d058622,Rod,11
59eab9fff00f69eb0654e00c436a61d8,,1
5a0b9d67f4f2835825bb08842ab87bac,Rod,3
5a40ea1180b6e38e12cc09592d79ab81,Rod,3
5a524151101f690fcabf9577b3f8cbc2,Rod,0
5a7a67da9077526490dae65967bef863,Rod,6
5a7fa3807940f79aded34c6f7ea20330,Rod,4
5a97b770d44eb100df74b3ac3e33d483,Rod,6
5ab05e1838b9fe35a75eb3a349920e55,BC,15
5ac9a0f3b2ff6d2eaecb5ad36f4c8d6e,Rod,11
5ad5cdfd7af0d4dcb4951750210ad0c1,Rod,6
5ad63f467adf291e7cadcee0d950d325,,14
5aea5a392ffb874aff66b43b2331f02b,,4
5af682a73ec9d95f9e9f2368a740c5e2,Rod,0
5b1e35fc468d3a8a1e092a1a04239bb9,BC,18
5b221c6bb90d01591d169445ebeebc09,Rod,6
5b4986745b6c069d45be1f85c7d7461d,Micro,21
5b6e61e59f3325e434a801ed997dfd3e,,15
5b927fa4d95a543d12b72f58e79aae05,Rod,11
5bb3dcd07c61e204a3578960907e6209,Rod,6
5bbe3ddb5dccfae7994a7cc311cbde84,Rod,6
5bcc734970853e43ba86bda861237934,BC,15
5bd366c822fc8db3c505765a01b388e2,Cone,10
5be34d8eb6957cac770530915f672397,Cone,10
5be7a87de6c5520e3c7540c695c54647,MG,13
5c14e6b47d32607813a0b1c165085fa9,,6
5c224fc9f2c8867e0532051703e4cfd9,Rod,0
5c29d36b9f6d67e69a8f223e54447a4f,,6
5c3151c6b92c00ad9ce05217d36934b9,Rod,0
5c4bda7fca80f4d316207fca8dce752a,Rod,0
5c54c910b3192fcb2b97aa42b985e893,Rod,6
5c5593531a34fc853ed8712f083dd922,Rod,4
5d27ee110715edaaacda4dc5d6708e5d,BC,18
5d42f5480e59637e22c390f564785649,BC,8
5d568aac474c5e1a04e22d5e5f9cf9b5,Rod,6
5d69c40412b19f41190575e7225bfe2e,Rod,6
5d7887a1ca4de4ce9d4cfce9f2ca2290,Rod,3
5d953121522d840df7a45baa9f016686,Rod,0
5dbac3c4950fe7489ac7acfdb5f9ae4d,BC,9
5ddbfe284bb0f562352f6acb0d17e593,Rod,0
5de3dcca3a5faa78ece7fd01a2642701,Rod,0
5df2b1c5ec52969b60bc9adba89d1211,Rod,4
5e0d79b878d3b5a69d1e30c15ffbf3e6,BC,15
5e283c52f8a5531915ec7464218d8267,Rod,4
5e3e67347612ff6efe4201670648c410,Rod,3
5ebdb42ea220b3a70266e99a23551442,AC,16
5ec674d1d221cb2f27f936ba310e7f6f,Rod,6
5ed8012fd33132297f2cabd24a724cc5,Rod,0
5ee04c2eda82dfa512acfccc7f614889,Rod,6
5f2ad5fba3775590663b3b0c00cb2301,Rod,6
5f2da866d6fb4cb8d259a225d2793210,BC,9
5f89e18cc37bc5407b2814bf537d9746,Rod,0
5f9b77b277a6621049f17e1fe90c519e,,6
5fa3f26e3cfa80a391375715fc7a1d81,Rod,0
5fa77996d13cd0f345f8424a7e301597,Rod,3
5fbcfe1ca1a34fde6fabcd3d406e3c77,Rod,6
5fd3805dc66b8e92782d8c91ed70fdd9,Rod,3
604dcbeb53b32b9daca68f4d9b4ac856,Rod,6
605f2e8bd2bd3ef0805508826a5c6873,,2
60f3dd2ae94c746e287ba83a526df3cc,Rod,6
610b72f060168880453b4fcf4314783d,,4
614735c969682e507e59705ea6547844,Rod,11
6177fd4ed175b33823bcd52fdb153a75,Rod,3
618eb16e9ba8b0037cbbcc5629475d20,,4
61cca7c9958697f9b36c047c60ad301d,Rod,0
61dfe9cc605ad137cd74b59f837317d2,,6
61fb1c4735bef6e02b3c69559f4e41da,Rod,6
621cb06ae295ab5d9be2bb5a15c6b0d5,,6
623adb33e2f5e418088df594b2916f36,,1
6247cebc2ee4f9cb0d7742cee26bf486,Rod,4
625285383828c43efd5f190f6dfdcc38,Rod,6
62686dc8f61a4ebb43057322d48a4f5c,Rod,0
62726caf0822fd75c3914022040abce9,Cone,10
628b04b9a2d27f8e634dfa4b34c9e6be,,6
628f1f7fe877a083930a39035d63119a,AC,16
62d05739e08614ae47260a41fd61ef8c,BC,15
62f41a470c117dfb5a223146d510faa3,Rod,4
63255972c569f4fbaf9e10444e22401a,BC,15
632e8d95fd5d650cca00d726c74c6a08,BC,15
63410b8a2ad09b1016b5cbb45addc410,Rod,6
6346d22b1ea01fc7ddb30be2c196150c,,4
6354c5332ec9264f68edcd7cd0d39f42,,14
6358ef9ff787c79ecda982fa5186dbca,MG,13
63609b76f72859bc2b681fbe74dabc25,,4
636b38a72c537f51d6d6f45154d8d6db,Cone,10
639e55c9d86bd8f5e353db1f8cae2a52,,1
63a14420cdd7ab485c2dab666b884a16,BC,9
63a1c02ee75557a794a6ad75d95714b6,BC,9
63adbe58a2532c78a853f9a91bf9d381,Rod,6
63c27722c4babdaa511a7c1390a62e69,,10
63cacccce0bc7b3ba74ecb2000f40715,Rod,6
63f67c31f7b99be410ec0225520ed9a1,Rod,6
644a5e17650c28225d451acb313e3e8b,,20
644a7a6b19681e70a2f6dd5b68587c16,Rod,6
647a8e211b45ad9868be500c24c77ec1,Rod,4
64807da371382a9c53f2e26f3114773e,Rod,6
649d35ed8fbfe8f2e0f4c0975550ea79,Rod,3
64e498b4996a12762ed2ae31c2f39a20,,20
64e7d88409ea3dd707a6c0e3a9cb825a,BC,8
64f5fbd4ec841c53033d0ed2919e2595,,3
64f613f15d4d3b869f529b0f600351ee,,3
65253d6808f5920043c55c1e8531802f,,1
65381624ae21ed72ccf1de15a49a7687,Rod,4
654703d56ab9086a3fab128fc94b2a88,Rod,3
6547053307650b3aab2406addf4c1fbe,Rod,6
6578740e0d219dd37680e17125712177,MG,13
658bcaaf780c52cad72873d9e62d7cc0,Rod,6
6596e488e646f70cdeb011d543e9a304,Rod,3
65ad32a3fb0c4c8a571c0ccb29c76545,Rod,0
65b5f05d2eee4976fbe58c184fab4d0c,Rod,6
65c9a538bacbc097611a59918e1a54c9,,6
65eb2615319d34710f388fbeebc1332b,,6
660370bd1ac80840b8af3df06cce6f72,Rod,3
66149ef6f6a5e4b197dce9006ea72cb6,Rod,4
6621e8fa9ec3975472badc7d9b2d51c4,Rod,0
6637dcc880b0ac193d0cb98c3ce63ff4,BC,15
66465bf8d88ead8601d8fb07cd6ebea5,Rod,3
66911c8fd72d5ee04cb26af9a7fb8aff,Rod,0
66a4ea744eb58567824352ac14b71e9c,Rod,0
66b3e7bfa959b08a287b22bb360b82ab,BC,8
66b883634fe6d7d8d82fadac95312b55,BC,8
66badcf56c955626dfa1d51d1b378c2d,BC,8
66bbae7745c554a3a4c7a92713421c5b,Rod,4
66c102e6aabf302c62d382ff73786fb5,Rod,0
66c3a4e0f6c965b9bc51c537ff6fbab7,AC,16
66cecd5752a4241f1248b45c558b1a27,Rod,6
66e302f7953d1dfa90bccc0614c8eb25,Rod,0
66f081417d2aa310f96a4b2fcd5e7834,Rod,4
6705ff571f56dd966a51c34bd8929dd7,Rod,4
672a85c478ebdcdfbfd734bd38d1da8f,Rod,0
67463bf1db3ea17b20676e8d50804079,,0
675fdd737d606d71123a41a74a1e851f,BC,8
6761135f37eb223dcbc7c891ea20c1ff,Rod,6
6764a70d6375f1f4b80ab9c709b892f6,Rod,6
676d5c04116e6c3456676f2ee53a3bb8,Cone,10
6776de6138fbb57dcff8a9923d6b747a,,14
677ae70d6fb9c16a6f3ce854b301163c,Rod,6
68217494a1fc451db4c5f4b2bcfbae63,Rod,6
68253333fd0792234663123ffa0be9c3,Rod,4
68485605e9970e9e1e412972a51b9058,Rod,4
6852b9a47d451a77f2cebc411989b6ee,Rod,6
6856ab10a6a77c26c11587a534bfb20d,,2
685d17e817588931df8c0e3f5adf52e4,BC,8
688aa986fb9da83464b2f9ab780684eb,Rod,3
688d564e644ceffbebfd201a8e64e9b4,Rod,6
69000bad6a61d313dea668693f37eadf,Rod,0
690875cce58b0e36ca99047e09a881a2,Rod,0
690b589c8936e89c1256befe3e260d34,,3
694706fab56607cea6b67576b13c8697,Rod,4
694db3772ee03be9884b43e9ef73019c,Rod,4
695258f58207047a34f0cd06867bbdb5,Rod,6
696589116c7f2d028a2719edb1e71dc1,Rod,6
6979ac950e5a0bbce32ccbc7446fc2a4,BC,15
69d149834715d545ff29e959788dbef2,Rod,6
69d62cdf4924d331e42d8d244947ef51,,19
69d9384dc681a6a7585acc471935f9bb,Rod,4
69f73490bbd98933a595f9ebbfb4a2e2,,4
6a09c90ffefe9476cfe70357ce5c9b1b,Rod,11
6a3483cd7275157cfd40da7b0ec3ec7a,,6
6a38eab12a54307adebb0bdb6d359558,,6
6a4638199f4f11d6e77f84b9466eee5b,Rod,6
6a498e581f2e8ddda47dc6691771cd97,Rod,3
6a690ec4f884d605c626b3a35938ed51,BC,15
6a6b78741f9f500f9ab986d195bf0140,Rod,11
6a6ed2595cd392e6feea42583cdb30c5,Rod,0
6a7cef145d343117912c58e878ae17b2,Rod,6
6ab4ecb7fd26479aeebedd0869699954,Rod,4
6b00dfd5eacb1a07712359c72456f90b,Rod,4
6b0a8baa7367dd396ce9a0497f23b923,Rod,0
6b0b322df74dc0a404173d0e1d827c83,Rod,15
6b0eb6a317a076a556a668f175b56fff,Rod,6
6b1eb22617527d6ac9584e2c387a4f79,Rod,0
6b26b3bf61575053c43350aa8b8fbc0e,Rod,0
6b2c0e46ca779d047465c359a5fc7815,,6
6b341ababd69bae9d2a12e71480bd86b,Rod,0
6b404cff710737f38dbc08ca308d5f43,Rod,11
6bc3d28b555795e9cacb028bc02ad340,Rod,3
6bc4d5573f1408ea4adcd4b67d884852,Cone,4
6bffaec1c85507ac884b7885bdd25060,Rod,0
6c1f065915cca174746630f0325f1c60,Rod,6
6c355345fea0d6cd8897dc6147185f3e,Rod,4
6c9084bb9a849172351d510d58cf567a,AC,16
6c97f86b8739a4d32979543c94ea70f5,Rod,6
6ca03c2353859492000732b7485720a4,Rod,4
6cc5912d3deccd55d50b4bead754a6fe,Rod,0
6cd19d4ab594dfafa89af580a1128d9b,,16
6d23063911f246a5d8cf35e5deee8f4b,Rod,6
6d251d114ea35b778b7b46ab78b5b415,Rod,4
6d298da8ef6ae38e00c87bebddbb63f9,Rod,6
6d4f00cc553e8f92071d25a8561cfd04,,4
6d6306b7cb80275e79cdf3caf6c8b973,Rod,11
6d80a237e4981aa55490de06a1366945,BC,9
6da22798fd874e1baf8e7e24fb113807,Rod,4
6da7570774900e6993f8f8953e8edf97,Rod,0
6db0e10f5478d0dddacedfee1ad53548,Rod,2
6db9f35d0ad8205772dca43bc60f4750,,14
6e047c9017cd6bac3bfe17bc258c97dc,Rod,4
6e089bfa93b32f67e24f19a228db5608,MG,13
6e094d5f2313fe37fecafe8f735e31b6,Rod,6
6e263701f9827d638ff448e3e8c65a9c,Rod,6
6e5aeef9bc4b5cf8f26d38c6cd2b200d,Rod,4
6e5ba1db1563d12b5b3d0af14327d4fb,,2
6e79af75936043064a38ec2a94e9d2f2,Rod,6
6e8d062ad21c7bdba07cb88bda7c22d9,Rod,6
6ea4c101016fbe654e265ea30e05c230,Rod,0
6ec9d8c76a0937b55b7df33894a63498,Rod,3
6f0380b2259dda5f45770b5130d0dadc,,14
6f20134382259a300c90a4c3a7f7535c,Rod,5
6f3533b035f783a2b26827f8492edc06,Rod,11
6f9587d78ec072e78bfe905327d22b96,Rod,0
6fd8b1bb860050aa608d4b0e8eed4d59,BC,15
703674b9c655f89ab848c44977f743eb,BC,18
708c16481601c787c20450103602d7aa,Rod,4
709955e3f5c9c9e549e1cb5d0047686f,Rod,6
70d8c298925f625484005203c21ae015,MG,13
70efb40d955b6d8dea3bb5bc0a528428,Rod,11
712ec3191cd15d9a379d1d70701f1a0f,RGC,17
716619ae9065e48e38da3fee6c8db43d,MG,2
72021baa5865e2438e1ec0910f70f96e,Rod,0
7203121e7fc67aed57554ec89ef22177,Rod,6
723c5f24553ecd0c2ec820596912c7e2,Rod,14
724f46e9bc22bd68d020936acc1f082f,AC,16
7271140dd127b5bb639983b7e0b85c60,Rod,6
7299fd8e1c0ce9be714503445aa0b83b,BC,9
72c1915bfdd15f709eb6c1e52ef187b1,Rod,0
72c1fcf29ca5a66d3f515c01046ef5a5,Rod,4
72c30ad44ca523c32f9aea77f5703528,BC,18
72d726f74c894a98ccbceb20dd2b97b4,Rod,3
731988e4d225dd8322a395cf522c7acb,Rod,0
731f82249844df7db6d92a9f1076a442,BC,9
7367e025a0dc412bf446c17f62c64bf5,Cone,10
73837e485d4750a2e925a77414fcd574,Rod,6
73b6884ed9fce0397142e15f6aadde6e,Rod,3
73c00866844180eec479329ec9d92cab,,16
73e09737a0d2ea84aedb16bda0c7f74b,Rod,4
7408c9b3ad76da55da460cb4c7ac7c97,BC,8
742ba4087b5f476ebad42c1add02639f,,14
743225b608d075c4593af03144ff6b85,,14
744b75a9002211d5103919f1292b89dd,,1
7461dc23307af100aaeb36f67831d9fc,Rod,11
747bd6f814a27c31c004c97def18d71b,BC,8
74f1a10419a2a961a0ce4f389aaada6e,Rod,0
74ffb33f96a90bdecf0f938a37187e77,BC,15
751774f356fe0aa1355ed33014c9e6b9,Rod,0
752ed3364582074ea9f61a0952fe0455,Rod,0
752fecf38798fe4106dd4a2835ddd446,BC,9
75ba17483cc13c68b017f7b6749f93de,Rod,4
75e540becd3d8d2da7c124b2a0113efe,AC,16
75fa7f4d5fedb40c69b1bca81bd6d352,Rod,6
760fd4541da924ed03a92a70f6729238,RGC,17
762130c692c931060f03ed2874221b6a,Rod,0
7643cb86c2ce09a1659eb3987534e4b0,BC,8
76a02beb0040aa0cf6a1863c4dc5a2fd,Rod,0
76a52fa7fe4fdfc3cb110270ae778716,BC,15
76b32dc0fa435e985fcf2f779dde935a,Rod,3
76b53bf7eca832da8d35137831173660,,14
76cc9903af2e9896b3049c7765f9929f,Rod,3
76f47daf2a94cf3c1fbe70764a4fc65c,,20
7709832f1b65e13a06eb3494d7c3d559,AC,16
771f80ce675a31524e6050e7990eb170,Rod,0
773642641f49fa72897c0e8cba40bbef,Rod,6
7779564b5930ae1bde450191c5ef5952,Rod,3
77a0c12f42d97900bd3a407c14260afd,Rod,4
77a0d13a7280c21e855763d2e9aa04cb,,15
77ad58312f6e5b2b6b862516e43eae94,Rod,1
77bb239bf5efe99ec7ecb81881e3ec6b,,6
77ef176193d563ce738717e1635756cc,Rod,6
781128f57a3f31437fcc83884f267523,,2
7821fa1ea9f77d4e4a0246e6ee83558a,Rod,11
7888fe15ffef5b35b396869425417a9e,,4
788ed51e5ee334ea2d94b6d40bee2131,BC,8
78a5e48dc586e9e2be977ad13e0fec93,Rod,6
78cd59f5e77dcdd0237a1ba3e8989ded,Rod,6
78d0656c206e12d786e94155f66cdc0d,Micro,21
78dc277264d89fc673fed3a0263a209d,Rod,11
78eb44138da9eef6ef2f93a5fa86aaa8,Rod,4
794a10416917cc33f623dd12df484d8a,Rod,6
795cc495b379c3a41f83ca78ac7cf204,Rod,4
796df5ce058b002426db2adc0adfb049,,6
799a230bb1a20e0339828bcfac44da2e,Rod,3
79bd73bf61af3cc41dc576ce18c17f29,Rod,4
79f9f5b1642f98ff4a1e5f9dc7f00611,Rod,6
7a312253bb3d6db8a46286fc4b83a1e2,Rod,4
7a8483a0b5883a3487059d5de9ac6722,,14
7a8c3df1e3a630a0251a2da078450cf2,Rod,0
7a98349242ad8319c9b666c377723f4f,Rod,6
7ac47e5b6d987fb52631d1dd6bd3cd55,Rod,6
7ae9eb60d4f1ae3e006d3b0404f0558a,Rod,6
7af0f1b50df63586b643ee7f135e5863,Rod,4
7b24324ee9776ab205e791bb4f53dce6,BC,8
7b810915ba4cd6b5f2d5f3510f0bf5b6,Rod,6
7b869e874c0a9edd4d1a2ddd9c8b8215,Rod,0
7ba5438ed193408e5513dcef3f2f47ef,Rod,6
7bde89de1666557b1e1c72681911f8a5,Rod,6
7bf18e6bd5fdf2fd88b55cb6f022c7a0,Rod,6
7c026317d68b4cbcf9e9dcd4bbe5878c,,4
7c60980dd55d06c2cef67d3b08901b7f,BC,15
7c6c7fa56d8277fa3050d1db26415aeb,Rod,6
7c7937b2434076067ec04786e47a8eda,Rod,4
7c7f9601e6a7219daf90a51aec994c48,BC,8
7c855e17393ad076e0cbe097aa8e443f,Rod,6
7c8b5f2b3a4a4c0e5fe9a21759e3f2fa,BC,8
7c92c1316b80f6fb17f22d4c0c87ac9e,,6
7ca420bd3c64d627bafc8f1cb87b2523,Rod,4
7cfad7ef8ab73eb6334fcc3331738854,Rod,6
7cff2d268ee1b15cd93067e44832187b,Rod,6
7d19781fd3018ec4ea5cd30bf7512b06,Rod,6
7d48d9a7e92ac5c6059afa5a26a8ea41,,0
7d7181fd8cb58b90a516869a1bb602dc,Rod,4
7dbbee17bcb2543a352df02dd51d0e1f,Rod,3
7dd1579364e7a17a6d3053e0092504d9,,20
7e06e6b8f41b6077dfb39261e9d3bba1,Rod,4
7e6a7de03887d6959c33faa53b60873b,Rod,6
7e97a471ba25e28334326797d77eee32,Rod,0
7eba4d96af51b62be05ec606ff73e81f,MG,13
7ec4854ae3c6514cb4f2a58cc1e1717d,BC,15
7f30302bc273d74c33bcbbe0d1b4415f,,10
7f43c298ed4f29f4ee78bb7ed303df41,Rod,4
7f755bf9c6f8d456d52c0886abdada07,Rod,0
7f82d807184c09e9b8aedada8c6a3fee,Rod,6
7f912c05b78c6a2d48c0066fef30e749,Rod,6
7fdaf6d1fed7aa8caa4ada545f4576ce,Rod,0
7fe4cd6b81c116c08cd54cc047ca8467,,4
7ff0bf3ea58c5cfea697e053497f10c0,Rod,0
8003b383f88a42799f5100fa5981b159,Rod,6
8024e4ef180e54137f54a4902a578f82,Rod,3
8054240eb3303d575d0d8a3fcbb98248,Rod,0
80a962617e76e9575fbaf950601b1466,Rod,4
80d50a330bcc85da0e6494fb3bf85c32,Rod,0
80d7c2eac7d4d327144a26a246efdf6e,Rod,6
80db29466b2fa924fb3149e53acc2481,Rod,11
8109795120f43ef8d5328466be7c824a,Rod,4
810a7b71409c01df18018ba351f1db64,MG,13
8117905020527b523b41fa13bc47c406,,0
8126aef1b118190bdd3b0c6a1df31fa1,Rod,6
812fc47f4245927c1f8a9d81a5ce4acf,Rod,4
814cae900fe2b107f2f068abe9234a68,Rod,0
81647d79fb798e1234228f11a1eba045,Rod,3
8170d32024f1566f6872848b3d8a1b7a,Rod,3
817abe5853125b5e10c92fc428260cc1,BC,8
8197acb63bafd509ae063de313f8e02d,Rod,6
81b90969dd2cd3d0ba61d77644e400e3,Rod,0
81c23372598fc6b8048c9fba6e3157a3,,6
81c53d23d77cff80ed73612ccc3bc674,Rod,0
81cd5c48da641ca121e139732ada43d1,,1
81ef524ca142f91a278ab9ac4eea9c4b,Rod,8
81f376adfe0abc49e0f43efbe6c8e833,Rod,6
8201c0a476ef303444c7eac07a94c762,Rod,4
820c1652cf5cbcb95cabd322a84d3130,Rod,6
822f96a7e3a359bdca82558e7422969c,Cone,10
823cb9d16263d9eb83ea40bb253e9b7e,Rod,0
8253282702d519f6da00f753517e4def,,14
8283da036480bc84c9d2f5b93c77a89b,Rod,6
828c07b3334b7f9556dd092a018dc060,BC,15
82996b08cb32cf911ff0ef8ed372341f,Rod,0
82a62843ec587b9a58f44969f167aa24,Rod,0
82c0f2ad0660c35b2caa286eee4c925a,Rod,6
83010b253bbb390f1dba3fc0c523eb31,BC,8
830a2b7e418553cd249ba57d546b2a8b,,19
83197471c568fbe849ea798f5eca4c81,,6
831fbb4ca8b859d1f756104d843395df,Rod,6
832234d8a3902e5749d2a03017c59707,Rod,3
83286139679f65e43a306bedc4f035dd,,2
837801104be89515aebf789a4c15cbf6,Rod,6
838181b6b1bd9b2f4257222a9dc89d98,BC,8
839c8520e605a470cf4fff8020a9779e,Rod,6
83c650ae68ffa6a9ad4ed80556db31c1,Rod,6
83e251ed8c61f78cc967bfdb1bf5edef,Rod,6
83ef1af83c4f3bed11f547f9d9416e8c,Rod,0
83f8624ddd2c204837eb7d253fbc05d5,BC,18
841e3560ed0813e3e17fb70886f8a7bf,,6
8423a4284f0eca182d8b35112593b37e,Rod,4
8471d0d76499af764eadb17ecb9728a8,,6
8474946166b8022d47a221d0e3d9994e,,10
849974322d18b9d08ae034a03be28100,,13
84b6bf760a0e8f838821d210b1d16160,Rod,4
84f980b87474df58fb0dddd5aeb80cd5,,0
84fb6e3592fea6ca716c59f0dcb12675,Rod,19
8512a77540536a8873e42fa9580f3533,BC,8
857383d00024a5e00c1c71f709442d1e,Rod,6
85772ea08c62c73d16edf16339a880d6,,6
85775ea8c8b40cbbc57d28bd3afb1062,Rod,6
858ba081b4e795faafa60038e9690dc1,,6
8593c7b30e0fa65d47e8f160c0008ba9,Rod,3
85ac389228aec2f06b536ff77aad4923,,6
85b57b39fa9432e9eee83117dd0abc93,Rod,6
85db12e6ef07aecd8c578b38167a73f9,BC,15
861f47344a56e32c352b0f39751b9e67,,14
863d766545255aa742a5fde107b73503,Rod,3
864d83344fda13ac5ee1f8996ed312af,Rod,6
865ddea36bf08467c96ef9a3dc07624c,,2
866ecbe66d807b4340a55dd500d14501,Rod,6
8673d148e5b8d99ad9a323fdf1c66398,Rod,0
867460db733ab3b7d49d48f2574ef7fd,,16
86828804724d37b24bf42a72ac9ae9f0,Rod,0
86995cbde23660e24147c458fb9ff973,Rod,6
86b8a06580f3217f44a5f3620e6db591,BC,8
86cd4dccc52a53e51b9338325fba82e4,Rod,0
86e7ea7f90b54782fe1c028c11ceb223,Rod,4
874770b1a803c78fda9dfa46bed186bf,Rod,0
874d5dd0cbdc8fc64e5c0592a9368bf6,Rod,0
87704b72c5c43282ad41c111e96a5eaa,Rod,0
87bdf348f7008d3200fc78face4073a9,Rod,4
87e06d39caa2f83b7aecd48678b5f4b3,Rod,6
880dc62161d97383ef2e3dcf5cdac7ff,AC,16
88147415a8ba68f41c98e73e2603bb5f,Rod,0
881c33c762fbdf1d271c1364d2d5a9b8,Rod,3
882039bdd99a4de5d06a94c4a85d59af,Rod,4
88291f85d507f1a63dd6058cdb0ed18d,,0
883038017faa196e191b76e44a87e78e,Rod,4
883d5c678d912be6adb08ad9840c8da4,Rod,6
8856a66074489ba265200eeb49200626,MG,13
885c6b6e24959cc8c7169080a429cb87,Rod,4
8860fdf8ae5ced6229d37fd5ced9b22b,Rod,6
88615c8aad2ab87010e32e44009c1a8a,BC,8
887717c27f432452a53d1a72e774e79d,Rod,6
88834da0c6fe99bd9099de02f1c4d888,Rod,0
888d0bcc9926f9ae8988232af2916d32,Cone,10
88b30aacf2489c2f52fc9700d5b77cf7,Rod,11
88d00fbc8c647e672bf173aba629650a,,19
88d39bd950c3f0931114f00c70d71e4b,Rod,6
88f8dcd8b32ceb9cf7cd1b7b7dbf23b3,,1
8901e2a233a2c22706390b3767a48565,Rod,3
890f6cf1b2c4eeab5b297c9f29ea29cc,Rod,6
89106133a5a95181fc984d98f18a4350,Rod,0
892d4e199d7aa395cd115df75d87728e,,1
893af52541b3c49bcafa081d0b493ca7,RGC,17
8950ff6ee718285b9c5f81bc47e23344,BC,18
895de3afa332487c18ac96373c3994ae,Rod,0
89773d42e757f511bc51b30b224a8186,Rod,0
89942bcf36ce8b32221e1aed4db9aea5,,1
89953545a654aba42d79066dd8c08be4,Rod,0
89a3920ea0756151d695ce083f0cc322,Rod,3
89ca20768dfc4ea849a05c6ca8dd14be,Rod,6
89e1da4ce8b0b7e6c26dec522642b6bc,BC,8
89ed6b430f8d0430ed6b94c70662532b,Rod,4
8a34d3bcdf35071e492c272efd6cc80d,Rod,6
8a520d80945fe4c2712031a1f767456b,BC,9
8a6b75f8412647de86b961613f88a67b,Rod,0
8a925bb746ffabb9e2064186b19d78d0,Rod,4
8aa7a62171e76f99bc0543b800395eb0,Rod,0
8ab33efd77a15d75fdad1f8ff45c0565,Rod,6
8aca02972d4a8b85df557278e6d97070,Rod,0
8b20752d00fbb1f140725d2ece8d3be6,Rod,6
8b65af020cdaa3e00d388607b0ef5433,Rod,6
8b7133a300c5aee4ef4b953a7b7e625e,Rod,4
8bab3dcfc18a1cd619808c2812b5c7bc,Rod,4
8baeab0236ea8d6bdb704ed3d97dac3d,Rod,6
8bcf25edb3e99b274a03f4aad8e37084,Rod,4
8be9287af691ae14219668c3a8e072ad,Rod,6
8c60dee3e0052a27947424fac8b71309,Rod,4
8c63d0b4db8090dcdd77a6c3c7b5820a,Rod,4
8c6d95038d977b3e18cdc44cb3225043,,6
8c77919ff67c0fba13a52c4d8855bf31,Rod,4
8c9d1510d395161db4b39f1fd5521cdf,,7
8ca4bbc1389fbbd895454e2e5f62116e,MG,2
8cac010d8466da5316cfea03a8c7a709,,3
8cae0df9a1019a3e4657097f8d9044da,Rod,0
8d1d320bdc747bf9e19f9e73fca55573,,0
8d37f99348e9b06911aadfb852aac1a8,,10
8d743404268ceeabbd0e5b17df07dfe6,Rod,6
8d9cd5231969eccda93fa21462fdca57,BC,8
8daa58ff680dd68d615a79fdc810e3fa,Rod,6
8e1a20312cf730349e206912d9d17578,BC,18
8e33e727c215d1a6d7ca94eebf42c84c,Rod,6
8e39b557d210e4248cf9f43326ebe26e,,6
8eb549835f98a84346f606799f6eaaaf,Rod,0
8eb552b036fc6fa0641b406971c35328,Rod,4
8ed3d000d2ebb2f38bc89e5e82104de7,Rod,0
8edb0ffcaf06f0a52e9ce22d17b92fe6,BC,18
8eed1f3326ef6ed10c24b0179aaaf24e,Rod,0
8f5aa643bdb948d8c6c593c0af232e2c,Rod,6
8f6dabac90bf87ba61a8f98c1b9262eb,Rod,6
8f712c9725bacb4f8d1f8a3238b319ce,Rod,0
8fc0e80ead87dd39391d439fda7769e9,Rod,6
8fd8c075d4e937ccfe5cf578a2360e8b,BC,18
8fe5ee1a516b4911be3b87d9cba3ae9d,,6
8fe7adcf44b534392db18e10195bd1aa,Rod,6
8ffadd93888426e9d2ff7bccaa6e2f11,Rod,6
90421b2f63c498d02e763c329983a33f,Rod,6
90441d657897e7f10cc33fd0f8b44046,Rod,11
905715762ebbeed3037fca2e916fb2a3,Rod,4
907ef3b1ccb1a6204befdbdd944c7b83,Rod,4
90a49358967401db6f4100cc496ba592,Rod,4
90ac31935a8b1672f39df4f404afaa92,,6
90e4dfdfc04d787e0fb360289b4d4372,Rod,0
90eb8325c2870f396e5c195b7fb6ffbc,,14
90ec1cb7e1465e53249228375569a50d,Micro,4
91495b80b1463a7b1a1f7c5b9f6acfc8,Rod,4
914b9b2f604d97d25c73bf7a54c56868,BC,18
914f0d72c95e4babfa89035023d4a174,Rod,6
915dd84445163099baca61d841da58b4,MG,2
915fdaf3f175c2d15e43dbdf84d0e920,MG,13
916fd9d0e975be5356bc1af70284dee3,Rod,0
917237cbada0fe93b411ba0966ef5976,Rod,0
9173d2e3811e05348571e1e019d668ec,Rod,0
9181bc4abe52b14d1780ee157eab0a22,Rod,6
919ff29b91d0ea141273daa4bdbfe878,Rod,6
91a94f6fa5029e7094b5e738fd781e4c,Rod,0
91b66e6d9e14224b3ce0b67cb6fecf76,,4
91f5774b0d62815248e2801e102b2693,Rod,0
91fca80b1413e7370f520eb73ace084c,Rod,6
921f32642a729ffbe2742d9c0173acfa,Rod,0
92282ab68d572f20e833da60089becbe,Rod,6
9278bebdd75481ccea8f868d37644eea,,0
9298db01ad86ea479627fe7648af403f,,1
92d3ea793d92b9138921b2d1061fc813,,1
92fae14a6b3b289fa823d511cf9b2990,Rod,4
930edff1d40b617660a4ae1a66635d51,Rod,3
93101c5e24825fd687da2236be7536aa,Rod,0
933e38ab5b309af87cb313c4d0321b36,Rod,0
934fea2cc85f5a06db7ae9ef447ae270,BC,18
935407561f11ca0feefc7467fddd8e5f,Rod,6
936eaaf1859ccb025def1cbe15204252,Rod,6
9372ecc3aa14a081fcd2cc2fbc8a35b4,Rod,6
937b2bf33dc055f1a145bea6ae8fd815,,4
93a7ef276f2783055a469074d2578f28,Rod,4
93f3d819f473a40d26dc3eb7fc556c80,Rod,3
93f4ab1de81e2852aadf554f033ca736,,6
940e3eb4249d1a961759c1aa62859e19,Rod,6
9426a0e7bfdca095c81c74643c337a21,Rod,11
9426d0728530ac4dcc82ee55be9be50e,Rod,4
943179db00cd8a5cad042e44eca8aa41,,6
9438b2a723eb669bedc9f8077f941d49,Rod,6
943ae8fc4ba91689397b259f94750473,,20
9455c7ffa79841cb6b425ec0321470c0,,6
94a4bc4c31088a1985a31d40eceb03a5,,0
94b5e36a6326426b88c9dd7689650000,BC,9
94c77274e631282d3cf40d9cbe6c734b,AC,16
94c9471af081491dbea616846006af46,Rod,6
94d6ed8d05d158036cdd75515aaa1c72,Rod,3
94e7ae9049b41a3f42a474984ac53f76,BC,8
94e8991590e311ea64766d24bb5fd13e,Rod,0
954b43897c26e226c13c14c5c1e3fac4,Rod,4
955edfb1355cd22479c6fbc23a62740b,Rod,11
9576a9b9805a6ab8d32bc5149cb5162c,BC,15
959fdbd7f82ac574647f2a5150a45a91,Rod,0
95ada1432bc2630ae31df97fef317549,,2
95b641d39780d68ad122f91b541750d6,Rod,0
95e3e53369f814e567a8fc0497fb1f12,Rod,6
95ecae821bbd92d437951096a40c7cbc,Cone,10
96086208515eca98398d28dacbb4f771,MG,13
960e9daa4b9d788d52557cccad6b17cb,Rod,6
961e02063ec7ae6b70f3c37d5a08d28d,MG,13
963a1264260632ebe6e77e11346eda0a,,4
963c73a30f12bfde79e3bbd14332bd3f,Rod,6
967bccd4a8bfd481d9001739c1d7a841,Rod,0
9694ecdef4ab2816fceb58d9d11f8fc3,Rod,6
9698ee9f5e87fec8006aa5c369370631,Rod,0
96a500785357ddceb3cdea36cb871bb8,Rod,3
96adec681ffff13c90083c4dcebc10b6,Rod,6
96bc0a553e49a12fa82c5f74967ce730,Rod,6
96d25c626cfddea146f66445877b1de6,BC,8
96f7042949c95c878ea810a0a3c71e03,,4
970b834e0690f119669034c8a90a78e9,Rod,6
973d3ecf584474337b31d44982b7b277,Rod,6
975508696445cc8c68290f71a63a0bfc,,11
977d33aa2def83609ce51d6f6e2e2de2,Rod,3
978bdc697d14e2767e7c82a906298df7,Rod,0
979878d64d57642e2510f1096bd9b668,Rod,6
979938b207d503a2cddaf1e38ef41df0,Rod,0
97b3bb75cbc24c8e544b8f75555beeef,BC,8
982903189f146fd1c3a4e905c8525074,Rod,0
982ee017d410c2eaad8a9d19596f647f,Rod,4
983a8e48771df0c0742ce33e8494879b,Rod,4
98507d82a168148572284cc769130617,Rod,6
9852b6bc54d806b84756907981741a04,Rod,6
985cbb430a17e3a603854a45b2a18d2b,BC,18
985dda88e4c3ee8f653b5c039943e164,Rod,3
988b507ae127ca611ea7282179207c77,Rod,11
98ba655be9ca33b1189a67c40150814c,,6
98c2becb2c0768e5a7c57437dfa7a043,Rod,6
98f10d12b68d655bda5db29b234ba1fd,Rod,4
98ffb9ba022edd8dca578ecc92377859,,6
990d588b737a81218c50eb6397518370,Rod,6
99375abc0ca5863ac219bc7092d77e87,Rod,4
9974d6f326c0147f513f47cc42d73585,Rod,6
99c3da721b7554c91973d5a36fdabc2a,BC,8
99d6b2b5232a839ecb5c09f9a689f1cd,Rod,4
99e3bd374c4bd976421a44df0f2a59bd,BC,8
99eeb2c1ebab90566bf5b043ddc5097b,Rod,6
99f728163fea550fb703cf4df9d17cc9,Rod,4
99ff7c2cb6726746ad1f8490e1a15c97,Rod,0
9a05a9c38f8ed26b64c2f162b85a0263,Rod,4
9a0e363b2c0c656e88dbd25b5e81e3ef,,14
9a114d908e2e6d5ddde7f0cec30447cb,Rod,6
9a30a6dab4cead3ce7989b6a25922bb8,,2
9a69803ed471d79ee97d0eaa12106d05,Rod,0
9a6e59682c9065cf21b44c4965b9dd76,Rod,4
9a91eff00063823faf84c2273c7d2a40,BC,18
9aa549420770b3ef27e95abd656ec62f,,14
9ab5099a2caa154ed8d89f28b45ceb75,Rod,0
9ab5af7b0ade04d4396848d8365fded6,Rod,0
9b1bffd689517011726194c4107348a0,Rod,6
9b3cb0bd39429ab0d84eeb13b40ee80c,Rod,6
9b667ee537ca2bce1075abc2f083fe8a,Rod,0
9b684cd41b22494d372a7a3bf6b7f9e6,,4
9b8297b924ba756cf9d7bc904164a7fe,Rod,6
9bc68b931d7ed1dd213f9ef90c17c330,BC,8
9bd23abe076a6842457bdefcc93a50be,Rod,0
9bdea21e3899959d801b0ead6ac6e33c,,14
9bee0c327540d72618551e2ff46e99f2,Rod,6
9bf394da8b2f5b226a967b43374b4403,Rod,6
9c2e687461741b71916ea063eeed65eb,Rod,3
9c4ddc4dbca9788f9cdc750a16493a9d,Rod,4
9c6b25e8f6511096c491c9f998efd1d5,Rod,0
9c9220854cbaa2fff94fa6a1d7e21b91,Rod,0
9ca5efff82b3ece3fca2824c82796434,Rod,0
9cc33edba1abc7fe2af7526a86446a11,MG,8
9cd46ed6b5573f32368be85f265f8f3c,,6
9cf441c87b439034990475806fcf80e8,,3
9cfef969dc4a69b0a00e60d6c341c1b5,Rod,4
9d41ea66438639671f77d4fb8a21c6af,MG,1
9d45116e8db55dd30e720524327193a3,Rod,6
9d5286b7a50ab044f09d2ca50d20a4d9,BC,15
9d5ae5b588efbcb6f3f1e3569c17102b,Rod,6
9d7314284ea9d2bed808117af998674e,Rod,18
9d80409d5db9f7378bf30d7338461c64,Rod,3
9da89504d77f17eb4bdfde109729c29b,BC,15
9db62136b93d93a746e8a02de7693fa9,Rod,4
9ddb0e2eec93bdc88f899bbc33888a0c,Rod,4
9e261d923cf0dd293c252075f2a8e37c,Rod,6
9e851a1eaf4150af88ee8f7c90d9d733,Rod,0
9e982cb97e925937756365033dd2993c,Rod,4
9eb7f718e38db5bd6b47de4f38149d03,,14
9ed230021d58fb080186a1d7a1f30ff8,,6
9ed29174b30c268b6dddb9f6e5091252,Rod,0
9ee941b596525ab7a009b63e52e1fba5,,4
9f0f3272e440a1d8ac852fefd1bd33dc,BC,8
9f14774bdab2bbeef42c23ddef93ddd2,Rod,6
9f2c76036ef0388ebd140fa3f26af524,,11
9f3299279086c993ca9eb2f0644c831f,,6
9f36a8efdea102c88bd2f82465ff5af6,Rod,6
9f551b20ba7cf7def7847b0167c1a85d,Rod,4
9f77684ab5cd4055248b9e8a662b7568,BC,15
9f9c411e19998a05a06e178648a1e404,BC,18
9f9feec50a90fef9629ff783805aa125,Rod,4
9fb020e1ebc84998945830b824a5efcf,Rod,6
a041c1f97c5e2d03282b988071e84e1b,Rod,6
a0551861aead91bfded0d4cb6acec244,,2
a05a9c649956d4067979112711a59cfc,Rod,3
a06ec99c3229ec46a9e47621a1606093,Rod,6
a09b3e1556729aa1d15405b5ec03439d,AC,16
a0bf570df39422b6c1d685350b69a8b0,,6
a148c6e88bfa29266d296ffa2d1935f8,Rod,6
a16b70e08939bbf88d2893a9a497243d,Rod,6
a175f5d2d43c54b2c545d3358786ff3a,BC,2
a1af9c100515b1d5577f6e2ab193884b,BC,9
a1f8c432c5fbd442d050d9f2a30abb3d,Rod,0
a21be20fa5868410efbb43e9249358c4,BC,18
a26633e8d75d822e03ea5a3e8cde4f96,MG,13
a2752d33fc1e9ce3d1a6eadfde1d38ff,Rod,6
a276fb68e05b7ad56794f35b95956dc2,,6
a2beee327d4c73fcb13d8b2496993b4b,Rod,3
a2f7772d7419b220c6bc3ea92229e568,BC,9
a2f9059ac495e55a15cc72983bed0549,,6
a30d6a922c36bc68a16161fe6cc09057,Rod,6
a32ece77180c28d9f80eb1c8677a82c2,,2
a350b6a8aa6a643975433ac984ace1e3,,12
a35d9b80e1d8d68b535704347950aab3,Rod,6
a36f1c5d110e86862cf292ea1fd2d7f7,Rod,4
a37fa110fcd11de8cada35ee120c7118,Rod,0
a3ec42fa3d0694754c5002ef71e161d1,Rod,6
a3efd62770f0c4ba91be240756425602,Rod,6
a3fd4c31caabd697572452032c135a6f,BC,6
a42c83f3d5b397e63ea6304dcb4a36c2,Rod,4
a44d9658e99a548a18ad2528975110c6,Rod,4
a45406c839a700efc7e571c96b3a08e8,,6
a45c58d22d9a22155df9709c28eba7e3,Rod,6
a470b8e69a98413fa9e39b979c9ae65b,BC,9
a47d48dcc9fb2e03b3f6d7fbdab352c1,,14
a490ff0db91b6ba3af82f2ecca037c93,Rod,4
a492d9b01d2ccb467fbaa06eb0f47a9a,Rod,6
a493324f2831206b66b69f8bfc1c3599,Rod,0
a4942221fa74361ac36ffa93ca679236,Rod,0
a4acca327e6fc2269683ee9c69e87e9e,Rod,0
a4b3db0af2fce34496fe2e76aaf1dc58,Rod,4
a4b4c7998d1ee0ae04ff358de0f772ed,Rod,0
a4d80dc093e5d98d1e69bb317ee2c865,,6
a515390a70ab6227efb17fa7d9fd5eb1,Rod,4
a53ddd8b40bcf5e96a0ed8706391c081,Rod,3
a546dc89d0c50f67aeeb582ea595b899,Rod,4
a560bb7c541fcbbaf188c992d4f99e73,Rod,6
a59450d4af218972a5b9308e82f6b88a,,3
a5cba9fdba7f575e9ca33fbc07b0f6eb,,13
a61716bedffea39a2d050e28d010be4d,Rod,3
a62c8d97bfad199cd53c0ee6f4abd540,BC,9
a6374bef329c5a43208d3744ee50c4ff,BC,15
a65453081a870885bb55f90639c94002,Rod,0
a671a0841f60cfc1ed1a8f8099b2183e,Rod,0
a673062b85a6687250afe98d7375eae6,Rod,0
a6901de6616998b419cacc3692f7fcb3,,10
a690b17caac7c2125f61c8586f6bf7ae,Rod,3
a69178c6a1f84a9eea0c4a771e2f5921,Rod,6
a69eb9ec466df84c6033b82c591847ee,Cone,10
a6d32c2560b10b2f9d17d13cd50fbb38,Rod,6
a6eb591f3982084ea7253b436bf53005,,1
a6ed491fe25727d6b4f9e1b96e3b0045,Rod,3
a70360f4a868c00be2ba6f90b65c9b73,Cone,10
a71fb68eaf4792a39f2328e205cab5c5,Cone,19
a73806b026d09626786fb1991ae6245b,BC,15
a756f274e7697b012fe04e702254d378,,2
a75afbcfd964108d0a925b07d143465d,Rod,6
a77c89163e79922c435a19257df5af90,BC,15
a783a0e68347e67f3bf40dae71920735,,14
a79d41cd4d2e3e424196e2172b8cf534,Rod,6
a7ae5d7fdd32a65436146e3c44c4fe64,Rod,6
a7cf3c46536611f46d94bb9243e695cb,Rod,0
a7d56b2ce6284bf897782ace74a35ada,Rod,6
a7e50f5b27de041766131dd7e5852724,Rod,6
a81e547dee61a24d7c331635e42705dc,Rod,0
a8459097cc870c90f00ddf635f6273d1,,0
a885602f873761ab88096befc3d4d0ca,BC,15
a890f456af3fbe8f71ed1f203a0c4350,,6
a891504b4b899228ac0dc2cae5ec3a6a,Rod,0
a89ff3271d80ffd2982be7fb35f8e3e7,Rod,0
a8c747071b290f400737484c5e86c797,Rod,0
a90ad3da2093f8001b6a3ca84d2c4537,Rod,0
a921366ec5638e9fb29d8611381cfd2d,Cone,10
a9242e886b6fcacdbf6d5da95c60f111,Rod,2
a95463e1af9d48a03537313d2efd2d8d,Rod,4
a97005318a0b8e9cc23104cf7b4e7444,BC,8
a99530bd30e145ee26beb547bad2479c,,6
a9b02dac35eed42d0905f5377263c400,,1
a9b4c4dd28322371745a24b0c8e8636d,Rod,0
a9d144dc3a515e20e2e1ea865cf8fbe4,,14
a9d2e44fa77c7591591d026f75dd3039,Rod,10
a9ec909f99c7a84e99d9baa9cec6ee9c,,20
aa0c3ee20181c357d3fe5e8c6bda5fb7,Rod,6
aa1d3cad7f77511a4275515cc7dc717b,Rod,3
aa2ffcae383f714d68d87b7fb6693bbf,,6
aa4c2e6c9178f65fac53d6bb4da9cdd2,BC,8
aa63cfd3e42676241cbcb39a1066c873,Rod,0
aa8fdefb6060816c5cb13957d4166a6d,Rod,3
aaf0163afc016ab3f0367bdae53b6d36,Rod,6
aaf2c09ffd8d92d4a733e7a3ca814aa1,Rod,4
ab015bc3d5674c1d69c0db0ece7d52b2,Rod,6
ab03d7d5bce2191a661ce3ca490287c4,,1
ab04c45f8d57bf5558987dfaf42467e1,BC,9
ab1a0a39e3c583c8d2e899d622f12617,MG,13
ab2f135f72cba72116e8d4cee58d74cc,Cone,10
ab393425612aaa2aec74900db5407645,BC,15
ab3a0491cc0ea19f9f2cbdac69738faa,BC,8
ab4088aafaba68db4be62b331aecc839,Rod,6
ab64ed1d89becbe8c425b4e26f8ba50c,Rod,6
ab8379869b567a7cc4c56a03711edac4,,6
abb5c63243b927ab13d872812667b551,MG,13
abbda82db2b1161013baa0924af91851,MG,13
abef1f362f63400db26b6132d4d850fc,Rod,4
abf3b2b5ca6847a09af93ca12309e8cb,Rod,6
abff0d7f130b1d006d74ffc0e85d030c,BC,18
ac0ee19bb8595bdbee52440f7807ca36,Rod,0
ac15f34506abd864fdf5f1b7a51b331a,Rod,0
ac1c309379fd4c456c84f6ef13152e34,Rod,6
ac4c8600f9a50802199d058d72708e8a,Rod,6
ac5c07be54f3e996dacf9eb90a6f59b2,Rod,0
ac6286ba1e76fb671cb0c05401cb6d63,Rod,3
aca336c5b4f963bda256444127c95e10,,10
ace012027ed4276ee1e47198502c16fa,Rod,3
ace97e7bfbc04ba0d021ec6ed34a9f9d,,3
ad3bfa5233ea6c87fb86586226131886,Rod,6
ad45b707463560198b984a8577328fae,Rod,0
ad4a3cfaffcb9bd9cd8b0ccdefae16d7,Rod,6
ad595ee5d6968f2fed1338dc070a628b,BC,18
ad6bab374ea7cc96505013b9c8ffb37f,BC,15
ad816383c2b02b6d1f40618104ce1c10,Rod,0
ad8945bd9a2786f558ad64b40f321aa3,Rod,6
ad989270de6c19f4abc02042f609cb74,RGC,17
adbd90ab5c9df8559db8ff753a7c49d4,Rod,6
aded117813bc0aa2645db518995d56ac,MG,13
adf9826864efeea18b81d03da0a0ca33,Rod,6
ae13f387fe1ae26a485aecb2a600f3d2,Rod,4
ae1e73c1475d8cce84bebc3d04020912,BC,9
ae2d6334afc000265231ec7e151e94a9,,1
ae39aae1d1a76231f5eebe54d4778ccb,Rod,0
ae464938a4947fe4a1d9c3b4b47dbe36,BC,6
ae54d713ff3ca05e9f75ebb63f274133,BC,9
ae554c158b73f75b75a5316bde360ad9,Rod,11
ae79cc8c693fa8de1079f877c6794dd5,MG,14
ae806b3ebb96cf33d99c0c4785772011,,2
ae821781f874bdb0be1eedecb2ee2e89,BC,15
aea97146107f917412b90018d348dc9a,Rod,4
aeaddc9b32aa3ea8c896cf0c809a2ec0,Rod,0
aeb446362fca9111d63731df78dc8e71,,6
aecfcc313891cf3fffb77061ff94434a,Rod,6
aee0cc22c46f7b955d610d7985e3435d,BC,8
aef785771becca6a6d92896b7329ef07,BC,9
af04ce65b8796ba54f6db9bedd27593f,Rod,4
af1ab1e0095258cbdd29a002188ac0e2,Rod,3
af4df4432117344ec0fa92ae0de77897,Rod,0
af678637003664842e005c5ff437d6fd,,14
af7ee483a87ca4a3d6e7dd35f2800bfc,,2
af9ec1402cb49470a3c11c07c91a3be1,,1
afab249dd5fcbe836a08f5629a352093,Rod,4
afdebf01ebfec673f1c052caabb2d094,Rod,3
b00e9237276d5a32aa12a72083081b5e,,14
b014181b3367ce679156f47ebcb29e77,,4
b04932a28413fb23d6210bdfc2896d2a,,14
b04c3f568b31f3fbee0d830bec3b1532,BC,15
b05c28f342e72197a33277b3c4ef6100,Rod,11
b06618cbc9da3f0d16e642e965bd807d,BC,15
b06954b860254791fa8f5784fb24e61c,,6
b0729b513b51d1875d3b2177efa54e5a,,4
b07482e893d11913bbd8a429751ccde6,MG,13
b095f678cd310a4501c0e9851da20e82,Rod,4
b0c586ae6ff1c4da7901f7ce91c015ac,Rod,6
b0db1fc5bf068a63f47e1b78e9785f44,Rod,0
b0e68b45c9976b9b335e6854189d9fec,BC,8
b0e91bb2a5b21654df4dbe28690d4984,Rod,0
b13dac2a792bfadf06c867eba1281ef9,Rod,6
b1427d97f2c8c49bea87dc179118250b,Rod,6
b142d2efb255b0e3cca8fb9d15f30f62,BC,18
b1747950bcf2cb8c034de81367c81237,,10
b18ddc87a60ba04b24f78fb0d7b41e79,Rod,0
b199630a9ac5eff2539b72062667099e,Rod,3
b1ac5843a5dd257f55a233f22a2ee1ef,BC,8
b1c4f50f026ea23ced0593baeefec479,,3
b1fcfa51ec90aff54efd6f919acfc33d,,1
b1fd85806998734c95f332c975b3c5e3,Rod,3
b244e46a516f304e1665a8c7f785063c,Rod,4
b24c0a2cf2bbdb19e3364893cda3e101,Rod,6
b2692288ca9282f057d2d097f911fafe,Rod,4
b26b3c7541a86694459c3ad12ccadac0,,6
b27026760c3dc19c2550fabf29e97015,Cone,10
b2939e489c38119ff04f57453adda30e,Rod,6
b2abc917248556a517ef780b4a59b0a7,BC,15
b2ace88f7142493e56c49c7fe0a4f45a,,13
b2af940c51013a73fbf36b0b2faffb26,Rod,6
b2e0ec9240af9ef33c7ad2944e8c0ac7,BC,18
b35d6fcdc1440ff84535ab1a7c47fa45,BC,8
b3ab6fb3675ff6f34899767a064abf18,Rod,6
b3adf4894a29aace717fc5e6abc91370,Cone,10
b3c0978b13ca23a15e699b7e8b0f863b,,6
b3d319cc6e248e3dcfb99a5a7cca7efe,Rod,6
b3e01101595144b04b25644aa17c7fe8,,20
b3e242c8f6739444cd05c756695f066e,Rod,4
b3fa55e532abc976e82279ba90c28c85,Rod,11
b421391ce3bda7c2f39587a3b568a334,,8
b43c9b5dfd8aa79e5562f3ad53ae3907,,6
b455483e75f30f78fc893a8a56269c2d,AC,16
b48b5981a6cb0705201fee813b04f944,,6
b4af1215163838064581a4f4d5e704bc,Rod,0
b4ccd2ced26cd299a06e7d15a5ddcbfd,Rod,4
b4ced3a1c250df2042e88ae2f73ebb64,Rod,3
b4e9880fcbfc0cbbb8d67497e28b23d3,BC,18
b4f3bb48093a0a0c3cc8b33eb03cdba7,Rod,6
b5008ea452eca0237db0752b92d8c946,Rod,4
b515b4158ec0ca27e6ee6fb81cae7cf7,Rod,6
b520b9c75806c5ac86758a31439392b0,BC,15
b5213eb7a2e11f25e8c8471a05ea34e1,Rod,6
b53d57f5d1827d9d8628f012706dca11,Rod,0
b5541e953581c5e2eb98ae5505278639,Rod,0
b5c421cd8b0729166c0d71bf6f725102,Rod,3
b5e31ba8ecb62882e390de179447e558,Rod,6
b5e36dac64ca7affbb334d1aae6b7f0f,Rod,0
b5e61b71358608706fb7f12d2609d8f9,Rod,6
b5f5c2dab1eda4c33df1106ebe739fd6,,6
b60022020594a1f6efbfaffa51a60c09,Micro,21
b6214c69948e8be0039dd250b2184cbe,Rod,6
b623b1b01041d6480e1d27e420afbe5d,Rod,6
b646aa9f1efec70983963464eb36db46,Rod,11
b661ec942bc63196c0228cc45d23b7eb,,4
b6a87784ce21f5efc7d582a49d710dd0,Rod,0
b6a8fc0ecb4e9ccbfe98091c7c42d22a,Rod,6
b6e06689e525f25dfaaebab85edb8e19,Rod,0
b6e313d442fa43e8723ab4d34abfd18e,BC,18
b6f397b8a064091fd59995b85ee7942a,Rod,6
b700145afb9a85839447e2c3c65c05c9,Rod,11
b74a2e2ef362518df48fe2fbafdb3c05,Rod,0
b762057707ed9d42674b1290212fc716,Rod,6
b7ef179b464efacadb80f9fd8a651d06,Rod,11
b8233b002a981df35a8594c6c90281eb,Rod,6
b838d69371c2425b58cd812f3f1b54e2,BC,8
b8673f3ae1a859552e522e8abaa82c6e,Rod,4
b8695eeb90df9c02b75989b3e22d7dff,,0
b879c9b7c115ae69478b5c7421e4648d,Rod,0
b891b6597b0c57efc45e7fd145285e29,Rod,3
b8a635d15164f9c1631b7d94a9be02c4,Rod,3
b8cf199393523e569f6c13cc7a071768,Rod,6
b904a06673be18cf64d5f575beb0a20a,Rod,6
b9347fef208b3794db33038cf6f7b6f1,Rod,6
b93967619daf954f663908a8e73c5c20,,7
b93b8f1c61e39d666688724b6f2e7d30,Rod,6
b9436907178210fcec6060cb036bc8b8,Rod,0
b9b43dd6eac21f770a943de6ab28ed4a,Rod,0
b9d26dcabcb8fb03306c3fc8d3d5a1e7,MG,13
b9d99fd2a58723742cc23127de058be4,Rod,11
b9f3df115ba96012bb509b1ef59b60c2,Rod,0
b9f512197c706eb9eacb376fc7f4ec08,,6
ba171597f67ab405e2e6105e23b60bcf,Rod,6
ba20544819fe5d03c04e1b78f493e475,Rod,4
ba450375bfe805843ec212a014f90b02,Rod,4
ba577aebad5ccc114b6dd5a8f4c0914c,Rod,3
ba6041e9bc2dd5b197f5c66f1704590a,Rod,0
ba97cf74fa7ce5d07c7aec9cfd309bf2,,2
babd01540fe0a113e3cfb4680ff573e8,Rod,4
bac1a549d62556c776fe146094606f8b,MG,13
bad554bd4c700ec24f6db64287f9eafe,MG,13
bb234b89865adacb7ce4a82b99c5b227,,1
bb29e0c55692b0c2e14f747373e5558e,Rod,3
bb43ef15c3d7312debdb393adf27b9d5,MG,2
bb4c25f3414f6d71ce195bbe33bb7bac,Rod,6
bb5112e8ba16452f076740d301562121,Rod,0
bb95eba5a8cdfa9ab4ef8b2ed2fd1998,Rod,0
bb9687fe85519db1228afb5719a80b2f,BC,15
bbaa1142038440556e6d9150d9ad861c,Rod,6
bbb665aaf4cfff7ad02f94d071aa2009,Rod,4
bbb7aff65635dcd403d30858034d640e,BC,8
bbe78351d564b573f1f2f460872c32ef,BC,15
bbf377723ba2cf2ffc9233fe0a9f9be5,Rod,4
bc283b2b5de13cc217e26c92ad3e5229,,8
bc293c58e77f4f73f2c57241579c20a0,Rod,0
bc2e83659f9bc32ddcd4d81db5794930,BC,9
bc5dd56a38bafb4ff33fd99a40ee9202,Rod,4
bc649cedb2db0703ffd660f86712534c,Rod,4
bc80075769d09e3074292e7b46f9ba60,Rod,4
bc8c9ad608a408aa99b468c6e705fcee,Rod,6
bc98b5c428c3b5b3524d38e881c2f62c,Rod,4
bcc8cae613985bff9115760de6ce95ae,Rod,0
bcd156063fe6d8686d2a26e4e2a3ce1c,MG,13
bce8061986f45990abe76646a3acb851,Rod,0
bd03396b943cb5c1a8ad5a54519c92d5,RGC,17
bd6d3c059142ac4a672055cc6ef23b44,Rod,6
bd78ae75457da25a7b0f582c5923a210,Rod,3
bd979b6199a50c9dccc8ebec39d385c6,BC,8
bde007348e22c9cff92e22fdba969c49,Rod,6
bde4fae91f7a3fde5265a27de51d2294,Rod,6
be24575317248d095fe3b06263ae548b,Rod,6
be311090f4b66642b7bab0533eec3daf,Rod,0
be4715d03e91bdf63d15878fa3ab5b97,Rod,6
be9524e54dd5ba2b26f55faf0b119ce8,Rod,4
becab7e038d895cdc202d4c1c7f31f94,MG,13
bed899b450d28d1ab8f9b0a8edf806c5,,4
beeb2b7e90ea1fe131309f70886c9a64,Rod,0
bef18a953c67525ae5043954be7257fb,,2
beff3ba45cf070180aaceb5517c8cf63,Rod,4
bf00a71ff6f442a8f7b0c14148cb58bc,Rod,11
bf16bab23d5ae4b0c2b60806712086a3,Rod,0
bf2cd04dc198de5a196ae899d5fc0ebf,,6
bf47bea176ca30fb407af963bd7a5b93,,3
bf6d3460eb86218083cf2aee3686fa0f,,0
bf7fc9a79cd337a6c0873623d8ce54e2,AC,16
bf91623c90d337fb606e7beec8eb1295,,6
bfbb4f8d310f586ff828845455e8a245,,2
bfea1dca2aceaa499f8ff09123c1a9fb,BC,18
bff3149acc969c369ea80510fbfbbb26,Rod,11
c005a3fdbc4571b84c4186b7e111b161,Rod,4
c017fd8b465d47fcaa46aa8cea26d65a,MG,2
c01a9f85f2939fcbe13cc9400c10945d,Rod,0
c0221a7ef211242da28a44460059d0ba,AC,16
c02514da5ea226c799b336fd14532be5,RGC,17
c049a0913adf2d02aa4d04154c2348b4,Rod,4
c05c6c193b6d4881884a14b03579bd06,Rod,4
c06644011183b7b55e7a91c768f7aa7f,BC,18
c081b98128563dd9a3617f0a41b9ec2e,BC,15
c098b544083fba39f52d3c4b704027dc,,4
c09cb32922883b286e399d24b5bf48f5,BC,8
c0a12ca2b1da8606d279e5c6ffe72209,Rod,4
c0be4f5a2de2eea956114ec2d71c6536,Rod,0
c0c70724dfc8ed8d83a47e33b6aa0718,,6
c0ced4c984bcb0052c12bc7f3f2bd811,,10
c0e275163a9e507799097949eb616d61,Rod,0
c0eddc57bccea758eb246855ea55591c,,6
c0ffba68dc80db8303849ae32052bbe7,Rod,6
c12683f4990192b5d5d7eecfbfed6064,Rod,4
c12ab0f1b103f7e0c24a95a790956bc6,Rod,11
c13bb2615248b7df325206b148b6c15a,,6
c143a78d4318e26150f6e1538b8e30be,Rod,0
c175265ecdf2a72a17cdf0856789c95a,Rod,6
c1885c3464ce26f5080f1752782f3bbc,Rod,3
c19e2d112f121f983d1b52cdd84ea577,BC,15
c1b61914ebf7f02ca8bf15127c2a5b32,Rod,15
c1e3675f28cd74e4364a2ded4753cf20,Rod,0
c1e695ce9e567ba969e76686674dd55c,Micro,21
c20f614bfc467c889d788a539b651db9,Rod,0
c24160c8ea957d60e5b4bed78bfd6c90,BC,18
c26cb7a8ef4a109a9239c9bf5acb23bf,Cone,10
c26f827a8f84ec45ccd378e4b0c6570d,Rod,0
c296e7dd80ff2b21f0a3c7a33d511a1e,Rod,6
c297c38efefa6f64a06a85048b68c36b,,4
c31ee6711af0df8ab5cd0020cd7f54bc,Rod,3
c32aa3d5ecb3774424d0ae892305a07f,Rod,3
c34ccc5fefec356c1f3bb5d382d19ea9,Rod,6
c3c5d10abdff2384671cabe308925724,,6
c3d11dae623d07edb7968bd3dc91c0ed,Rod,6
c3e207f207ad3cb47463cc31cd9177ba,Rod,6
c3ea04876328e716336f53b448634eb5,,4
c404d091ac3eed781222b585c5b8d695,BC,9
c41a3a793e9deb3e0c1d4198573daae1,,6
c442f82b0b6e091d6dcc2e1dd52a7223,Cone,10
c4602df832f7ea077b39dac14c32edce,Rod,4
c465ef2546f7bb718711393d85df411e,Rod,6
c4684e92d8a03e527295f0f22001123b,Rod,0
c49ad30a9728a322fed7ecd048f003e8,BC,11
c4b645316dbd8eddb1a382769ab28ec7,BC,18
c4c8198e3f999dc3f0bf2023a7b22497,,13
c4e80f655fe54e68694d6a82d436d9c2,BC,9
c4ef644a693e359b8986aec629bc5b20,BC,15
c4f1af7e8d4c61595a01ad5e3d7880aa,Rod,3
c532654154ee26f29576f4048ded88d1,Rod,6
c562cf9dcd7f05c0540d05c71433daa5,,6
c592aed2f1fc03e1d3b6faa6e817e074,Rod,4
c5f78a3ae82d47e4af5764e6b0009090,Rod,0
c5fc3e3b32791677d31ec48bfb9fb343,Rod,6
c618b31bb0c6cecbda8d0deb82fa95ab,Rod,6
c62568e899a79b023282ab7f7d3ccb8c,Rod,4
c626b6ab8ad235c84528412fc6fa7215,Rod,6
c648ff2ebb7aafdfa6a0e303f3b00367,Rod,6
c665a85d1ae3d5a7d3aa0e28bdf683c9,Rod,6
c669c75d125dbdb72b5f6f132efc16e8,Rod,6
c6e5be35bcb4d01c28f07d0c9301fd25,Rod,3
c706a03a19daa10c7530c344d1af3a1c,Rod,0
c71923247a044a521540ba985e527460,Rod,4
c76544d7b98070cf8b171a39f2100e0a,,1
c7789121d47210677df634da8b84ed5d,BC,15
c78b9cfca8a55b20366d53ba489bac65,Rod,0
c790ad1c083329c189aa0f6625c90dad,BC,8
c79ebe7e033f2ca62f37568c3b4a9beb,Rod,11
c7c3b9ed3369506b2629d0816458cadb,Rod,6
c7d707097c887935b72f2178a6cbd6e2,Rod,0
c833f242fa5b75f554a8b9071e147a29,Cone,10
c83cbb1a6ca316343a2d99f7eee8cd89,BC,15
c8611143cb194518b97853077b2cc5ae,MG,13
c8653e0e0e5fea851a363ad457f1f3d0,,4
c870aaf6d2abc168cca7efc4bd971964,Rod,0
c896f1165a634da7d7f66de4f2a66072,Rod,4
c8af6022087739b43d53f21febbc8c90,Rod,4
c8c3cec573d3af64dbf78ad86df6ec0a,,2
c8f9c0ae53666bc2f972a3404e223a8c,Rod,0
c92fa84294ce38b4212ce006165e966b,Rod,6
c94d0829aeb43f25f118c1f2bb7fecdf,Rod,6
c97b27445287982da6720570732300f4,,6
c9898ed591de31ad70e964c71e5f01fe,,4
c991bcd68923fd790f69e79f35a5530e,Rod,0
c9b61e894f97154d6f9b2ecc51131989,Rod,0
c9c6e23255ba25e3f60ca6031f7c4172,Rod,4
c9ebab543e9ead9eccc8de6de3bc989b,Rod,4
ca10cbe09768e81f1e3c98b922c1b195,Rod,0
ca28d23318785bb8714e9ecc7de832eb,Rod,4
ca3b9cfc8ac460284b7da001078c8442,Rod,6
ca41796932ca621fe98e074aa9fecfc7,Rod,3
ca545b79bdc488e07668c8f0e32a793f,Rod,0
ca62cff5918d79ab76d684fb8af4422f,Rod,0
ca89d44a5539752e48dc304adc7013a0,RGC,20
caa4ff4be45269f8a1bb4f223184be33,BC,15
caa6f625756054bb262fd9a3ea23f6c0,Rod,4
cae6afaa50c944736a4fd51dd1e93c3f,BC,9
caf1dd1cbc8c777ba06dfce565174828,Rod,4
cb1fc45bad95863ec30469de61018a5c,Rod,4
cb3846f5509a29085de2c05f3a348f5d,,13
cb467055129bf69364a469c6118f373f,,1
cb62e93beeb7a9846ad98f87ccda92a8,AC,16
cb708dc16223e4ac7310551fa6c61b38,,2
cb8003f37bc0bece82daad2247e3c019,Rod,3
cb98239045147bdaf6aa7e58f67c1698,Rod,14
cbd6a3bec7558a49d8410cc29f16b6c8,,1
cc0603a482a3e14f1af624f29b1d2409,Rod,3
cc3e856ab7dec23f363453efd337cab0,Rod,4
cc4b9c5ce89cf82cbc7ebb50ec2cdfcd,Rod,0
cc4fbed195f3f48ef4b7c9aae00d2a96,BC,15
cc7644dd5104de13e11100380ab5458a,,14
cc85cfa6a6e6ab4a22946450e44d8339,Rod,0
cc8b3070b186f4a025537b8d120c7ad6,Rod,6
cca5f2bb45fffc545cdcff98f3520f01,Rod,3
ccc3c100d3c68f453f5e1e47ebd48f76,Rod,3
cce747fe2a10bcedf4136853d8f87c60,,6
ccf033a9d8012d8f3e1fb639e4b579f3,,19
cd250475e7a94e926fba7af09e0444be,Rod,0
cd267049bde3518f755104528228fb09,,1
cd47f964e95607a86ff41ebe3fb52b73,Rod,0
cd4c0a8f1f3fd2a919bf68e5f29da772,Rod,11
cd6f217df2d90e12f4cd628c2e203fa5,Rod,4
cd88a62fdaec3e55105f74de88204c14,AC,16
cd9fc80ef76839eb4a8fca80da10f852,Rod,4
cd9fd69a3e9ab07c6dc9aac689dec357,Rod,0
cda44f7de2577ff12660dff1387c7699,Rod,6
cdb8be341726decea8020b8e2080857b,Rod,6
cdcb8c23b48486986a82f825f8d0affe,Rod,6
cdfd55013ca058b535e1b15d6615c9c6,,20
ce465528a43df100b8b4db850a1ad375,Rod,6
ce67e90e52a21bc535b054778e7a7991,MG,13
ce6f0a536801fe9aa7e6403808ec0646,MG,12
ce79e6fdc9d9214c6b05572cc615e358,Rod,6
ce7d383c7dbc65e289b396a15e55e923,Rod,6
cea4ee8ba36d0d081689bb91a832ccee,,4
ceb57076b7a407be2b57d9f86a8354e3,Rod,6
cf1ba147b8bc809e8a92c79cd0024477,Rod,0
cf3761c6a192f7cedcfceb24ff0724e1,Rod,0
cf3a3a518e81025c01818086cb0018c0,Rod,4
cf3dcd955eaf20a65e1dc7c226a09209,Rod,3
cf41403b51f6907aae740b912383ca78,,6
cf57e67785f30bbc18591a913814c2f7,Rod,4
cf67abe2f96f2993f427636deb9c0368,,6
cf6ff5ab28a6b643fe0076958d9daf47,Rod,6
cf865aa7367dbcd4adea73f203b0d8e4,Rod,6
cf89190aaacc609f1d71e2f78ab6c71c,Rod,6
cfa4343ca3ea0dff94c1ff7712822413,Rod,6
cfc57ad6d077e959c5adf7ef9c4cfbfc,Rod,11
cfcaa92eafe82f8bbac766a08030ab07,,6
d007cdc1fbccf04efe2fbcfdb1b9a920,Rod,4
d072fee2c5af2c0631e7cce3edbec3e5,BC,8
d07635f65be769375f328675c8db565c,Rod,6
d0e7467b3a62c2a2288929f78984adea,Rod,0
d0f519e9b3538e140b3f52f08cce65c1,Rod,4
d0fec066071b4d2cd26f2d24d2fa4b0c,Rod,4
d1091b5e0a90eb386365e9edf5e1e29a,Rod,6
d10c1db35cbd631d8583f4ab35eb0eb2,BC,9
d17cb7ca6a5916bac09a27dd8a7b9b7f,BC,9
d19e16003d82156d79d17ce1aeab2882,Rod,6
d1adf53669838f7d17d08c256542328e,Rod,11
d1f306c1f078ceb4e3f6535688ea8a24,Rod,4
d20543bca3cb4f077ed3d4f2fec7d80a,Rod,3
d2603509658b37950a6586a11a2db6f8,Rod,4
d2874a27d34e0f63ead345ff204853e7,,2
d2995cf80fcd745f1ba3be4dc6411082,Rod,4
d31477ea432c916967df42f18cb3aa25,,6
d326538a14fd2a01691a7e874e7242ab,Rod,4
d327d5efd8a90efae0f413bc14aef32f,Rod,0
d342158281001b8a496f988c5f734dde,,10
d3645359c1e7ce4549615f1c1a7be2df,Rod,3
d369e99b618c60b245d8367b3b3a30c9,Rod,3
d3d5c197d04f80edb442999826ffaf76,Rod,4
d3ffceee79f54a4ac9e538b3eef59623,MG,13
d41585ea8536ad51371c2d869c92fa1e,Micro,21
d43e581abf4b14f118a763cfae99c9e8,Rod,9
d47d06dec854545725f926ae000f29ca,BC,9
d486f18a514762310f700daa61916599,Rod,6
d488ba541788e6b132ce082a2b93d81b,,4
d4a9d53b0172b2ecd465a7a6a13c34b2,Rod,6
d4d643ae88762e8b78c8da149215c900,Rod,6
d4e1945c24253ed61ab5d4a82a02b66e,BC,9
d4f429b21ff55da231819d46e1687db1,BC,15
d52d254b790c41bee2c2841c7041d4d3,Rod,0
d54d16489c35d8e10f04c133a312f81c,,6
d588e0c26b127505f07c8211f9e9eb1b,Rod,0
d59e45964b085830e6b168ae4e49e7c3,Rod,3
d5b8db4168837e334bc4af764d4778fe,Rod,6
d5d78b4aaa5ab34e33794e790d38b5ec,Rod,6
d5e70092a5d18e96fd31b09d4ada4896,Rod,6
d5f2432ae747ad9fa92ae4cfa6c1a255,Rod,3
d622a935ec198da9a5933689dc6760e5,Rod,4
d6253cd6b02df776a792cca5c8c4ca53,Rod,4
d651e544f2f43e6a6de6d11b70f3291b,,1
d65a7c48a9ed3e541486cbeeae407ec2,Rod,11
d67b4b777a23ef5e7b01f6269ebbddec,,3
d6b3ecf69f2a01a0bba9b2ebc7b646e3,Rod,0
d6d7557cea82bff3cedaf6e875a187cb,Rod,4
d6dcd71f72ba17f1eb072fbfb26c1973,BC,15
d6fef8cd1e117f7e675d6d661ad0dd33,Rod,3
d71fe05c772c9bab28a754699ac14730,Rod,4
d72f948038d5ccaa4c55ece5b6820361,Rod,3
d74d0cd2cb702f1c7d843c91a4788d08,Rod,6
d7565d20b8783c207087342aac52de5b,,10
d7566e749f06bf1e6ae57b16525a68b1,Rod,4
d7dce42014f280f7722d4c88b6d0e1af,Rod,4
d8170bff4de83489dd2f6c17171370b2,MG,13
d84697cd0b2d77c47279d2b6114c674f,Rod,0
d84f931f43333aeebe793066578cf3ae,,6
d852edd44c8141dc7d5764c641615994,Micro,21
d87d9f29c4c326de8eda0d1f4cfc449f,,1
d88ee2cde2f2331e5ece2bd77d1ad65f,,1
d8972e91d59ab5a2df24b467ca55f5a9,,6
d8b1976ba5725130b51d4866f323a8de,,6
d8ca5533a58d3056da19ba2b6795f9c1,MG,13
d8d4281196b8acf9101326461b91f115,BC,9
d8d9da108e7b038c8cb1040a4f66a652,MG,13
d8fe555ba3de04ba81adf7f5780c1182,Rod,0
d918b09997606b17cd6832ff20dcc377,Rod,4
d923dd3b42ca0525272517e0f7e4af30,Rod,6
d926343b314a567ae6161651fe193a33,Rod,6
d939af5d4e9043e45b049d57c930debe,Rod,6
d94c3cd9f5b43b6f055233652a265fee,Rod,4
d950e048f45b27c17a6319479b732f6a,Rod,6
d9558fdc001157ef4b4ec4c52850aa03,,4
d9644ca615fc478152a4783430fb9520,,4
d99500626e5ce57d10a55d6955a828af,BC,15
d9b548dbc8232a2af893ae3dd27b725f,AC,3
d9c08f1fad14b5d16450b36b00664125,,15
d9cbfe928eec46ae234a5cc1c458bf24,Rod,6
d9f8404733762f31617cd8410b9b40a3,Rod,0
da0021727be4aad14451d15d7560c52d,Rod,4
da105416335d6e60c55624ef5090c9a4,Rod,0
da319d54b84cd3714217a8da1d874bb1,Rod,3
da348303af37b8e47206e04c27b65486,BC,9
da5b47fb82d35ad68d5ebe15419a142f,,6
da6de5b0fce8435c3f2a547f85bc6242,Rod,6
da874764b52fe828c0291762fabb96bc,Cone,10
da978faec49e456d35ebc27837caa879,Rod,4
dac1d5a4e9ee521ff8b62dccadec4def,Rod,0
dafe613e9251257e2a8b9789f78ee94f,,4
daff39c5375ccfb45a319fbf5bd5264e,,3
db042df132ee037167366dba3f5af9eb,Rod,11
db24e8e7ce96376d11e619d4385d9df8,Rod,4
db3cf1b35830f3473f2de8ef9994ba2d,Rod,6
db67c628130b3b7d473c40443ea048f4,,1
db77870495cbc8ce952a65cfcad221e5,,4
db7c2954ddc5a1ba46b7ff26f03b1784,Rod,6
dbad459ef04598a9d050fc08edb327e7,BC,8
dbe71b8ce7df18fa2a488349ae05ec1f,,1
dbf2da8643a4b8b6681b86aa7df83194,,6
dc074a0ea3f494a1f39894275e508e7f,Rod,6
dc1c470fbaf12d1299267399738d3169,,20
dc1cb697f8b7d6f145ccc67d69aac280,Rod,6
dc2d646c9117e23f5d7ff347aeb8b232,,6
dc68cf9d29fc43b2b1f676ad309b7313,,16
dca4a47193506d70a3902f8c9dae8591,BC,15
dce6139fa3d7be74f278b4f348a82cc1,MG,13
dceca47ae83700e6df00d4028e457b3f,BC,8
dcf3a9638d0d10e81835015350a53f36,Rod,3
dd2d7df94af46cd9a3eeb2254c2ec1af,Rod,0
dd39013b0054402a5c14e299a6615820,Rod,6
dd50012c78de3e6b55b067cf5e5c5044,Rod,6
dd52015ef1ac6936c8390ab6366f4674,Rod,6
dd5ba349edcee7621ce01fe25f4aba88,,14
dda5ba836b7de9f567d60bdcc9800b28,Rod,6
ddee226291eea4a7a4bbf60e5f33f488,Rod,6
ddf378d6b5cbb4363bef37f7048949f9,Rod,4
ddfdf43313a9600da9e4d99cc5a7faf9,MG,13
ddff5b4e5bceab25b04fd454f5f95559,Rod,6
de255e1263181f778313266e3d98f854,Rod,11
de35b43e84b131953efc5990156b50b7,Rod,3
de4a5c30a45b4c8588f6d50a8a366c0d,BC,9
de4bcbf09b2719587b312f021cded078,Rod,3
de4f7fa76134972cd4fb09f29c326900,Rod,6
de6161e5fb54eada591bec0387113d51,Rod,0
de638eb5b42ac1052eb1f700e87740bb,Rod,6
de6a4c6830389f5799b3870c87c13860,Rod,3
de7f4747505d28b06f1ecb06d163cc9f,Rod,4
de8efd80fae580e29024e34295dd287e,BC,15
dec97ec5922a26b7887233e7fa9ee7f9,BC,15
dedaac0c3a665ba3450ac84a67b97b82,MG,13
dee205fb96fbb11d03af596413566728,Rod,0
dee431ef0706c59aea230b9399ef4a28,Rod,4
df3530215d072ed0c662224330c18350,Rod,3
df6305159e6c8ae3be9e2d08c761fccb,Rod,6
df8f98b17e70740d82d911a470e83c31,Cone,10
dfb004095e6a99361bd131b7ffbbb9e0,Rod,0
dfb13908f2ad5f8d0e1ac543d5407512,Rod,11
dfb91566eb788b1f3ba74fb906b8de1d,Rod,0
dfeec6a630ecd604e71aebf5cd6a8360,Rod,0
e03aa52a3085b8712e238f575d9a3261,Rod,6
e0e06eada3819ed946d397137b40d265,Rod,4
e107b830079a284e2045b4f579465c65,Rod,6
e139ce799e0ea542a1483e759a8e9f76,Rod,6
e14399c1068763167a348fb15202f4c4,Rod,6
e187e0e6bfaa39daaf2b8e4a92358a76,Rod,3
e1a97c760031c64981c998fbf440bf76,Cone,19
e1bcab27b7c172d02f8daa54467ac48f,,0
e1f63f4d169996cfb2efbe2b1028d11d,Rod,3
e1f8868900c5f41c32fc7e8b2a8b95b6,Rod,0
e20de31fc0ba7c4039daaf823d65323b,Rod,6
e215914c8229bb76e4258b593dd3a6a2,Rod,0
e24a5962ce5b4e116b69e40ed3e4df54,Rod,0
e24b1bb2e961c47038d41ca79be965ca,Rod,0
e250fb8b7976860963717db926a1e170,Rod,0
e25179d5eb4e3667f8eed91269b59f03,Rod,4
e2760c73d14424075e5bccb3d0b0bbfe,,2
e27a09f0229bbf6ac4790d1714247627,Rod,6
e2a2dd60e7fa1b802321e3787b1bb364,AC,16
e2a784dab0f332ff0563820a2f5c658e,Rod,6
e2c0d5e47b9b5eaf50e5b73178c5e2a0,Rod,6
e2c65ff65b9031e0e069d90de6d5f9ad,,13
e2d7df829bb7183f0080dcd6886c7efe,BC,8
e2df58c2402c8626859acc42621c6173,Rod,4
e2f0d5df870a37d0ed94844941bcd4a7,,6
e31b6035061be5853cc70b9c68c62321,BC,15
e35f54f77ea3915b5765033849270511,AC,16
e37b3fc8b0627caaf06f88cb17a803d1,,6
e3807e0b428431287689673516b759b5,Rod,4
e3827567b8684e9ba1fa316a68c96ae9,,6
e3c94324ac5ac66e15d30541337d7233,Rod,0
e3d004d981f2d2ffe9f200762950aff4,Rod,6
e3d0fcf19656a47259fb14a0fa7175e0,Rod,4
e3fab80115ab736949d68cb95daba8b5,Rod,6
e4193118545e2bb1b302b63c1585a220,,1
e42bd9d275de83bf2b835c730a98fefc,Rod,6
e44d09953cc003cf7d6f615fd57022a7,,6
e4a69ca2861e91187990a78ad79afcaa,Rod,6
e4b74ad10e1230fefdb2a5c092076afe,Rod,4
e4d2cb9a5c7f1dc391c18cf39d39812b,Rod,11
e4fd0d758bc1fbd59610290379f2c359,Rod,4
e51018b4960e9b809268e0a9e55dc7f2,Rod,3
e51562fb2cd5e4a9b317844138520a87,Rod,0
e52000b8615d870c47298a42c47521cb,,1
e53689a57878bfc7e63bf4dfeea5c46f,Rod,6
e541c370346491cf0f2cc06f40f1ba78,BC,9
e55dcfcb6fd65bf0c562e85e3e8ead0d,,7
e56fa46985c64aedd3c16c4782e65931,Rod,4
e5a3389a58e805e6ff8b77922ca9550f,Rod,4
e5a99278882356c73c5721f31995955e,Rod,3
e5d4f14151696fe6dbbd924e71ffbdad,Rod,6
e5dfa1251f17c735f73b122a1f24a2b3,,10
e642d9c5dc813e52f352108edb2cfc55,,4
e6512dcd956c8733631dc3ee772ee22e,Rod,0
e65c8623b859646e260b2bd1c8e15695,Rod,6
e65f4145153d213f3ded63175ee89fd2,Rod,6
e664a7939367540762fcd897b1deda1f,Rod,3
e684f15e2a79322fcfb2502f7e91fe09,Rod,0
e6ac10d057c3b0ccfb8c4ae296d86ac5,Rod,0
e6c188efd609058531654f5391c23ec9,BC,15
e6d23a4007b4af9f267bdac324089efa,Rod,6
e6d97b3f53e42283a305b94a7f4a8f14,,2
e6dc800e6504edf728985c7d3fcfa4e8,BC,9
e6e277c8bf8f3ea301c3416db9724b27,Rod,0
e704a591add21d154c847b1b56a6d1ca,,1
e70525b3a0fd0d7b523401b8938964c8,Rod,6
e72d6126f53614ccd1b5d4c95825c43a,Rod,6
e7771b6a29d49bbafc11b8a970f4ef0b,Rod,6
e7e1608bf7c66842a53a8bf2ca157b03,Rod,4
e7e1f93261d3cc20d2cddf280c44c505,,4
e844a916e4d8f50549c610211956b5de,Rod,0
e84bfa935f6e441a039e904c300d52ef,BC,8
e8590831b751df1c23ff8d060b737db2,,2
e88f23a40ee96efb55db00c3dc66c2e6,Rod,2
e897edd24c292fa9743ad94808477993,Rod,6
e8bd4bd8b6321c5285753b7fb9787926,Rod,0
e924362b56c54063522f8b58472fda48,Rod,6
e937bda814a89a75bba53e4a04b3c8c4,Rod,6
e94f7d950e09e941402350a2ae105bc3,Rod,4
e95acf9f81eb1994c69c93070342f9ff,Rod,0
e98136f891b8a4b603988e2716a258e0,Rod,6
e98b924b7048b1b85fcd37299ca5cd01,Rod,0
e99e56cc3db0ad8cac33d6cd00b97741,Rod,6
e9afb2e7579ea30f4662c7e908b47f09,,4
e9bbc7c05d02848907a8b801675ae86f,Rod,0
e9e51c3fb98569448c4e8813ecd384de,Rod,4
e9e8c6537082ad2281ed23eef2b34c55,,4
ea05a24cbc137239cd77b27d75c806a6,Rod,6
ea395251b854f04e941e41dd0f323d04,Rod,3
ea61580338cf0a81a760360256d5777c,Rod,6
eaaaa2002534198ba37c49d27be99f8d,Rod,4
eab1caef92bac32c091f5b1a4dd93654,Rod,6
eaca9d3308937b1c94740454566115ed,Rod,0
eb43ed1299b3fb351b4c6abf80ce0fa3,Rod,4
eb4b36006df501c9c513154d95db1937,Rod,11
eb5bd1e64d867f2281280def90c64594,,6
eb5eed6c0228e9adb070c3129bc04950,Rod,6
eb63fb4bf29b0457900501330e315492,Cone,10
eb67cb54300df83b260a655a97b33999,Rod,6
eb7aeaa741349c431f9dbcada642e118,Rod,6
eb7b4eb729344d696d18ad6c958b5860,Rod,6
eba2a33ea2e7e71437cdf20cfe01e6fe,Rod,6
ebb913808c66838c5b2550bbfb37429e,Rod,4
ec007670ffb3355e2ac66a068602af18,Rod,4
ec0300078b057a7a832441f0c0c44f68,BC,15
ec2729e73d05183510c4ea0856161273,Rod,0
ec2d027fb0df7201dffa6c80ef24765f,BC,15
ec3737810035b546736175a61cccfa44,Rod,0
ec464886a677aa975b3c4ad88d4a2c55,MG,13
ec6c525ef65211b59b3c4f70eb25a461,,0
ec6f43db3eed8e2535cd50e92c3dd1ab,BC,8
ec71f9ca920425cbb3d7d0538fe6ff3f,Cone,10
ec8ed820af2158c5656e88544adb0894,MG,13
ec9d1646d223c410f7bb41c5f5e13236,,14
ec9e289fe8abd498228c21ae3c76d883,Rod,6
ecc88de9fe384fbdbb5e90cea7b4533f,Rod,6
ecd0f4134c0743a33b315ea974807efd,Rod,6
ed029f5a1b5251ecda543cb37db2f54e,,1
ed39513fb3035f551e41ae7c66564342,,6
ed62ebfddafcbd3ef286602bfa48ca94,,4
ed68420ad82af578a5a2cba12d73574f,Rod,6
ed84695307b19caa49d576ed4fb659ec,Cone,5
ed864f90434ae38a726e3a3a0905954f,,6
ed94c4e54effa0fc333849a175b199a2,Rod,4
ed97a26caf7a96b411fd8ace983b8bfd,,1
edab0cf3b4c3d55ad8f274ffb4e45068,Rod,0
edb020dc7762b3575f7e405150a9ab10,Rod,3
edbdd7af3856ab84f728764a31051220,Rod,4
edc3841c38460a18473cedb17244f06e,,0
ee32c0ac1fb21469c75cd70158fb4e15,Rod,11
ee4ce833d7921461a03eabd111e4f916,BC,9
ee81008973833f3b44b8362f439f31c6,,14
eea6bd9677b0e0f4f57d8edc3f524dbf,Rod,4
eeaf4829175e55d99f824242591e8077,Rod,3
eee1af9ea9a30c7167cb16cae707b682,Rod,0
eeee2f1877dd52f0c92fbcb656d06dbd,Rod,4
ef03432d382aa0a3df6445295ac3c474,MG,13
ef17ec91116d11f6374dff4a089ffa66,Rod,6
ef1df83ad167360f87baa2665c7f719b,Rod,3
ef22fcef7783964f4ecca61754b74633,Rod,6
ef5dab907b96aff3e131adb3d4293b2e,Rod,15
ef71c08cfbb6ccfbd16bd71254d4cd91,Rod,0
ef7ea84f8b22ad8c8810b7d8d6b65d35,Rod,6
ef80383f76f615355d650519d84a156c,Rod,6
ef9103f4e0c8cc47ce2f7487da75c879,Rod,6
efad13a9255d5121ba58c857dc6fc841,,4
effc8cb027defaa9cdd3d2071c3f7310,MG,13
effce03f0a91b3f367e39a7d0ba86977,Rod,3
f01793d710b406153f5da669ac12e508,Rod,0
f01eced98a828da88aacaebe7b2fef3b,Rod,0
f02bc378c57613bebe210ce81ab36aa8,MG,13
f051a21aa50e0456e9f1ae48f1fca40b,Rod,4
f07f0a2fd55158c5ffe93d969ab174bf,Rod,3
f08721c631ccff8dbeb30a52883a8d9d,Rod,4
f0c6599d4b9221daef51a2e66af5776f,Rod,6
f0d7140ef08222f2d396a36b4a6e5117,Rod,6
f0d8231db180473a52caa5c36f1c6225,Rod,4
f0de512c69156702b987f4c682e50696,Rod,11
f0e2d71709f379d03544ec1e36ad17ae,Rod,0
f0e800a4d1657fa7863a8ad8c1106f7a,Rod,6
f0f89886d672e49b95834911b9f9f53a,Rod,6
f0fc45d3cbce694af95676866ef9f7de,Rod,6
f151f716721e5334ce46a00e96652386,Rod,0
f18ca14040869023876f904f27eb0089,,4
f19a6e66621f09bc96e4308e7a0cce90,Rod,6
f1c11b43b701fd7f2012904b6d7cb0e7,Rod,3
f1f4975b6575992332a8fd5f0bb080ed,,1
f1fc236aa30bdf6b5900e189b4ae4fea,AC,16
f22551690ed7d7763eca2f6a87a1c8ed,Rod,0
f26527dd2d959fce6d0007ea01407b8d,Rod,11
f26e464355c540d1729460afc692e40a,Rod,0
f287559e2b55d8d0eb8c94e8e3cba9a7,Rod,6
f289e58b988e958b6c31ca74b98cefec,BC,18
f2a56e482fc2fdaced718a083e7c9aa2,Rod,0
f2e70ea22c1ce42346bbf736985e6df1,BC,8
f2eff1b68cca825170aba7c719696317,AC,16
f300c9ccd8439ab4956090606a2c01cd,Rod,6
f31d354f71824a6f61c6d9b35ab80d47,Rod,6
f32b36f9fabad3dc7eccf9b8c7ba9d32,Rod,6
f32d1ade6c30a52fd3646791b7b89920,Rod,3
f3383cd81ee4b8e722144018092fd0b9,Rod,6
f33dc99d6877c11daf48f3cb1e4705ec,Rod,6
f3406f645993ee063807397508b547fc,Rod,3
f350c4ee10157ac840bb80d92e328891,Rod,4
f36cee65d68d5deff3ac4292a2c0d2df,Rod,0
f3767130132e7f78eb9b6432608060d3,Rod,6
f396a576a75e68326580a1fac74a11cb,Rod,6
f39e1b682a09cb4aa9686bc1b823d689,Rod,4
f3c95caa2f518bd352e9f28dd4072c93,Rod,4
f3f50d0a9e8389869780c89eb427b8d4,Rod,11
f45155299c192b65186ae4a13d9ee817,Cone,10
f4684e1a8ee5781929be3b7276447a2e,MG,13
f47132b5564a8c2c7363c308b052913b,,3
f487aa33714c8a99338806cc9c184c83,Rod,0
f4c3f179ef91b998982927d46adecbe2,,1
f4dbe5f4aa6452c832a397f97299f416,Rod,4
f4efc1cd4c40f6d91d7f30d783fff30c,MG,13
f5157ae22e019d92747065033ed66b22,Rod,0
f59058f73426322c849f6496b591a8a3,Rod,0
f595117290bbaed17d6a68e968df242f,MG,1
f5964432fd6f0ba53134b8d28575dc48,Rod,6
f59ca310e2dce60fd19c4b0221ba2cce,BC,8
f5a90a9ab31de9fe82734dd95ac60a36,,2
f5c48c757fe33540f1f17fa1af89ff85,Rod,6
f5e17e340e4afd4fe0e947a7f8df1a34,BC,9
f615d41df39b7bfc601b09c2404dd000,Rod,11
f6237359af798fc290d87d7d2dee8c5e,Rod,3
f63faeb97dc6e6857e0a7c1591216474,Rod,6
f64433cbef4c03a34255c368ac47b630,Rod,0
f66023ab033ea9dfca6e24850cc3ab68,Rod,6
f6681ecfe13511b3a403650e60e5bbba,Rod,6
f669156e7e8931080dadd9c8d1d70e5b,,14
f67968b26828ee5e3837423a61374285,,2
f67a33aa2d85e381cd83949de910bcc8,Rod,0
f6993f99b76266d56ab3ce0a6a999605,Rod,6
f6b2ab28c692599e42f51dbc0bc3c024,,1
f6ccfbf6d281339c7f33d6fedfb0ca37,,20
f6f220fc91c25f516b1e6ddbd3e4d6a5,Rod,6
f729c9bef922147a897f81cacf71099a,Rod,3
f729f56cf50903f73b07db372f3f08a8,Rod,6
f7415f2df7cc0bf9e2bf8d6aa4345c3a,,16
f756d0cebf3c31784fa380978798c169,Rod,0
f7688ce81f0dd8e380e94a7bb6cef200,Rod,6
f795e594d58494d8649fbfbe36b49667,Rod,3
f7a0bf1d81b3563c79602fdded09c045,Rod,4
f7b44787f442dc83099d5e07689b857b,Rod,6
f7c6d185c0736527397e598c5b923f35,Rod,4
f7ce7e846bb78dc719270a9e84e4022e,,6
f7edd8a423b5bc19915a2a77beed12bd,,1
f81423808a070fc1cc1e7b16de605aef,BC,18
f816aeb5701f8da14ff1de089fbd7612,Rod,3
f84f7c88f8cedbebf3e0a661daecef97,Rod,6
f8573a192077bb2f9c1727989bc43573,Rod,0
f859bbce15d7eea06df66e2e3208d78b,Rod,1
f8855ab4a4a4dcbdf6b4169f2484a816,Rod,0
f897ef8e6482eea19bc464f96c14579f,Rod,3
f8b2b9c34033ec0b233660414799b8da,,10
f8b7ccc256f85e6a92bde8dcf53d718c,Rod,6
f8bef3c96467f4378ed3cb9cb628891a,Rod,6
f8c813cbfc82634ae364f62973e8cd62,BC,15
f8da49e66d9f75662597d54ff0f17b1a,,16
f8e2da536373a7e248e323a940e6e321,Rod,11
f90c4ea2f4a984bb9d179d5d8cf9de42,Rod,0
f91b1f8e19807fc69360c7ef22e4d6e8,Rod,4
f946950c4438def2167a07697906c6b9,Rod,11
f98b18265d98e21d510e07ca0f446ca6,Rod,6
f9ca3737e2dced45d8c6f887dbd14f1a,Rod,4
f9e4239856490bc784f9b966f10b75ae,,1
fa03d8c32f3796db9bc7b9db3e628baf,Rod,6
fa58bb7cbef6367dc57ec7140309d318,BC,8
fa8ba2c5bc1d1c7c28771ef4b2fa36ae,,6
fa9d5363d9dc30c5514c1035786e94cd,Rod,0
fad2a0946c02083c2a1f6b1b104c8c5a,Rod,3
fadeaf1f81dfaad475827bf9875799e6,,3
faef520297d232d764ec099d85e0b2e5,Cone,10
fb0b2e37ebde6da6066a91ec7ec419c7,Rod,0
fb67346e97415cc05c1dbdae5d34405b,Rod,6
fb83c332d1be5273a64792235174ca2a,Rod,0
fba66e628b404a16803ece586121cac1,Rod,0
fbe6cd43bdb995221d0dcd048a42bc34,Rod,6
fc20b5c3a47dd6b2d17ec6eacadd1df7,,1
fc2324d3c867d6f299472e10236d02be,,14
fc4446590d9b772c0a99bc9d369f63ec,Rod,4
fc4f35d64424f1656b89c780f8fe90fe,Rod,4
fc54cc1625e674ce69d1449f05056c0d,Rod,11
fc5dc6f3d9ba49eaf0c7efc8d9d2e645,,20
fc82a6dde2e09ec76cb06cc1e493a7de,Rod,3
fca51f165aee002c3182693ad896da25,BC,15
fce2f5fb9efc9480e729cc477f1c86fa,Rod,6
fce31a27ef84c4d0bd7d517d9f8ad316,Rod,0
fd1326a86c6d753049a2da9372754bee,BC,9
fd1f8bbce42edb12ad2b9da2a6ad99bb,Rod,0
fd21871a794062eb191821fa97971f0b,RGC,20
fd44f985a8d5cf9094911217df844a21,Rod,4
fd48ac8a3af6c0b29a60d1efd36f88cf,Rod,4
fd55078ecef08a78dc5c4083c769edef,BC,8
fd763a4775098c488bfb3e7f0b680943,Micro,21
fda1692c12be3db7f2573da08bc43a70,Rod,3
fdb083190495c683fe6ed9624c95ffb9,Cone,10
fdc3f3715abd11308ac8dfdcbb07e4d0,,15
fdcca485f85fbaf0147de6956f06163b,Rod,0
fdd1d7a63899db41f106e1a6b39ea7f5,Rod,0
fde519ad51a7ed72f532b4e00fdf93f6,Rod,6
fde7f681174cda26c67601e352b9e155,,20
fe1eb6d490617f0399664100f745d68b,Rod,0
fe3c39cb96e1d605113e699fa6ae8e59,Rod,3
fe4d974a54ba3a003c5db4e887511fda,Rod,4
fe5ea2557caa103d69464e758d81a634,BC,8
fe5f201f7e6573e0ea4b5305d9949698,,6
fe6b8ce376de5a97bc03ff6eb007b8d0,,1
fe849ba10fa84919591068185616f4be,MG,13
fe89aaa3fa071cf8c31da54068662a7c,Rod,6
fe9008d6be1e849cda850069524c5180,BC,8
fe9fd2b333fd2e268365318fc51e397c,,20
feaa6281b63fa0436336ba26c6ffcfd8,Rod,6
fec5b873b7369f697edf08903c0bfcb6,BC,15
fef83f6b0c6cac58613e9bbc0a59415c,Rod,6
ff15dade2e83f60d474c9bcecd9605cd,BC,6
ff18e709d37a7f759f38174ab9960ee4,MG,13
ff53554e8720a2302874fcbd21c7b0ed,Rod,0
ff61c0c282f41e4a37885b05342441da,Rod,3
ff686d05b08ace5f171d6a68f2317a83,,10
ff758dccecbdbc1775c903208d9e90fd,,6
ff7ff693256ca29698f8fd8fe5606116,,0
ffa1993eb6098fa1f4c9b8472658cbd9,,7
ffa4633bef82949d2c6ac17b3ddf46e9,Rod,0
ffa5758b0600f47722fdc755444dfe0c,Cone,10
ffd3fd6119de767f3c3b8c47b2c28bf0,Rod,4
ffe21ae45a7fad28db64783d0697fc4f,,4
fffd3d11e75c6c544e6741967b3edb7a,Rod,0
