paper_id	inclusion_reason	confidence	n_matched	species	tissues	year	title
36899910	disease_cell_composition	high		human	RPE,retina	2023	Zinc Supplementation Induced Transcriptional Changes in Primary Human Retinal Pigment Epithelium: A Single-Cell RNA Sequencing Study to Understand Age-Related Macular Degeneration.
36638800	disease_mechanism_background	low		both	retina	2023	Photoreceptor laminin drives differentiation of human pluripotent stem cells to photoreceptor progenitors that partially restore retina function.
36715342	state_signature	low		unknown	retina	2023	Key transcription factors influence the epigenetic landscape to regulate retinal cell differentiation.
36977817	state_signature	med		human	retina	2023	Transcriptomics of CD29 + /CD44 +  cells isolated from hPSC retinal organoids reveals a single cell population with retinal progenitor and Müller glia characteristics
37029422	state_signature	low		mouse	retina	2023	N , N -Dimethyl-3β-hydroxycholenamide attenuates neuronal death and retinal inflammation in retinal ischemia/reperfusion injury by inhibiting Ninjurin 1
37063422	disease_mechanism_background	low		unknown	retina	2023	M1 Microglia-derived Exosomes Promote Activation of Resting Microglia and Amplifies Proangiogenic Effects through Irf1/miR-155-5p/Socs1 Axis in the Retina.
37072692	composition_baseline	med		human	retina	2023	Definition of the transcriptional units of inherited retinal disease genes by meta-analysis of human retinal transcriptome data.
37099020	disease_cell_composition	high		human	retina	2023	Retinal Aging Transcriptome and Cellular Landscape in Association With the Progression of Age-Related Macular Degeneration.
37138703	state_signature	low		other	retina	2023	The regeneration-responsive element  careg  monitors activation of Müller glia after MNU-induced damage of photoreceptors in the zebrafish retina
36645183	disease_cell_composition	high		human	RPE,choroid,retina	2023	Single-cell RNA sequencing reveals transcriptional changes of human choroidal and retinal pigment epithelium cells during fetal development, in healthy adult and intermediate age-related macular degeneration.
37039265	state_signature	low		unknown	retina	2023	Pten inhibition dedifferentiates long-distance axon-regenerating intrinsically photosensitive retinal ganglion cells and upregulates mitochondria-associated Dynlt1a and Lars2.
36912000	disease_mechanism_background	low		both	retina	2023	Therapeutic activation of endothelial sphingosine-1-phosphate receptor 1 by chaperone-bound S1P suppresses proliferative retinal neovascularization.
37180103	disease_mechanism_background	low		mouse	retina	2023	Short exposure to photo-oxidative damage triggers molecular signals indicative of early retinal degeneration.
37126699	disease_mechanism_background	low		human	retina	2023	Stress resilience-enhancing drugs preserve tissue structure and function in degenerating retina via phosphodiesterase inhibition.
37214313	disease_mechanism_background	med		mouse	retina	2023	Expression of NMNAT1 in the photoreceptors is sufficient to prevent  NMNAT1 -associated retinal degeneration
37217935	state_signature	low		mouse	retina	2023	The BET PROTAC inhibitor dBET6 protects against retinal degeneration and inhibits the cGAS-STING in response to light damage.
37084726	state_signature	med		human	retina	2023	AAV-mediated gene augmentation therapy of  CRB1  patient-derived retinal organoids restores the histological and transcriptional retinal phenotype
37163980	composition_baseline	med		both	retina	2023	Single-cell transcriptome analysis of xenotransplanted human retinal organoids defines two migratory cell populations of nonretinal origin.
37226256	state_signature	low		unknown	retina	2023	Immune stimulation recruits a subset of pro-regenerative macrophages to the retina that promotes axonal regrowth of injured neurons.
37017569	state_signature	low		human	retina	2023	Integrative Single-Cell Transcriptomics and Epigenomics Mapping of the Fetal Retina Developmental Dynamics.
37272764	state_signature	low		both	retina	2023	Sortilin Inhibition Protects Neurons From Degeneration in the Diabetic Retina.
37339216	state_signature	med		human	RPE,retina	2023	Single-cell transcriptomics reveals maturation of transplanted stem cell-derived retinal pigment epithelial cells toward native state.
37371607	state_signature	low		human	retina	2023	The Role of Nrf2/sMAF Signalling in Retina Ageing and Retinal Diseases.
37388908	composition_baseline	curated		both	retina	2023	A multi-omics atlas of the human retina at single-cell resolution.
37374046	state_signature	low		human	retina	2023	Impact of Microgravity and Other Spaceflight Factors on Retina of Vertebrates and Humans In Vivo and In Vitro.
37084144	state_signature	low		other	retina	2023	miRNA Profiling of Developing Rat Retina in the First Three Postnatal Weeks.
37441592	state_signature	low		both	retina	2023	Tsp-1 +  microglia attenuate retinal neovascularization by maintaining the expression of Smad3 in endothelial cells through exosomes with decreased miR-27a-5p
37433773	disease_mechanism_background	med		human	retina	2023	Imbalanced unfolded protein response signaling contributes to 1-deoxysphingolipid retinal toxicity.
37443319	state_signature	low		mouse	retina	2023	MAP4Ks inhibition promotes retinal neuron regeneration from Müller glia in adult mice.
37496518	disease_cell_composition	high		unknown	retina	2023	Comparative Analysis of Single-cell and Single-nucleus RNA-sequencing in a Rabbit Model of Retinal Detachment-related Proliferative Vitreoretinopathy.
37519633	state_signature	med		human	retina	2023	Long wavelength-sensing cones of zebrafish retina exhibit multiple layers of transcriptional heterogeneity.
36930538	state_signature	low		mouse	retina	2023	Single-cell profiling reveals Müller glia coordinate retinal intercellular communication during light/dark adaptation via thyroid hormone signaling.
37526616	state_signature	med		mouse	retina	2023	Single Cell RNA Sequencing Analysis of Mouse Retina Identifies a Subpopulation of Muller Glia Involved in Retinal Recovery From Injury in the FCD-LIRD Model.
37545752	state_signature	low		human	retina	2023	Human retinal secretome: A cross-link between mesenchymal and retinal cells.
37550343	disease_mechanism_background	low		human	retina	2023	Downregulation of PIK3IP1 in retinal microglia promotes retinal pathological neovascularization via PI3K-AKT pathway activation.
37559903	state_signature	low		mouse	retina	2023	A Frizzled4-LRP5 agonist promotes blood-retina barrier function by inducing a Norrin-like transcriptional response.
37575968	state_signature	med		human	retina	2023	Heterogeneity in quiescent Müller glia in the uninjured zebrafish retina drive differential responses following photoreceptor ablation.
37566012	state_signature	low		unknown	retina	2023	Cells Special Issue: "The Molecular and Cellular Basis of Retinal Diseases".
37569464	disease_mechanism_background	low		human	retina	2023	Ocular Vascular Diseases: From Retinal Immune Privilege to Inflammation.
37582959	state_signature	low		mouse	retina	2023	Spatial organization of the mouse retina at single cell resolution by MERFISH.
37491367	state_signature	low		both	retina	2023	TARPγ2 Is Required for Normal AMPA Receptor Expression and Function in Direction-Selective Circuits of the Mammalian Retina.
37289546	composition_baseline	med		human	retina	2023	Multimodal single-cell analysis of nonrandom heteroplasmy distribution in human retinal mitochondrial disease.
37084724	state_signature	med		human	retina	2023	Human iPSC-derived neural progenitor cells secreting GDNF provide protection in rodent models of ALS and retinal degeneration.
37621717	state_signature	low		mouse	retina	2023	Retinal astrocyte morphology predicts integration of vascular and neuronal architecture.
37643867	state_signature	low		other	retina	2023	Unique activities of two overlapping  PAX6  retinal enhancers
37660150	disease_mechanism_background	low		human	RPE,retina	2023	TNFα induced by DNA-sensing in macrophage compromises retinal pigment epithelial (RPE) barrier function.
37671011	state_signature	med		human	retina	2023	Single-cell sequencing of individual retinal organoids reveals determinants of cell-fate heterogeneity.
37665325	state_signature	low		human	retina	2023	Self-formation of concentric zones of telencephalic and ocular tissues and directional retinal ganglion cell axons.
37670124	disease_mechanism_background	low		human	retina	2023	Single-cell transcriptomes reveal a molecular link between diabetic kidney and retinal lesions.
37522516	state_signature	low		mouse	retina	2023	SWI/SNF complexes are required for retinal pigmented epithelium differentiation and for the inhibition of cell proliferation and neural differentiation programs.
37691820	state_signature	med		both	retina	2023	Integration of human stem cell-derived  in vitro  systems and mouse preclinical models identifies complex pathophysiologic mechanisms in retinal dystrophy
37686457	state_signature	med		human	retina	2023	Establishing Functional Retina in a Dish: Progress and Promises of Induced Pluripotent Stem Cell-Based Retinal Neuron Differentiation.
37682267	method_reference	low		mouse	retina	2023	Retinal input integration in excitatory and inhibitory neurons in the mouse superior colliculus in vivo.
37728563	state_signature	med		human	RPE,retina	2023	Identifying biomarkers of heterogeneity and transplantation efficacy in retinal pigment epithelial cells.
37746666	disease_cell_composition	high		mouse	retina	2023	Single-cell RNA sequencing of retina revealed novel transcriptional landscape in high myopia and underlying cell-type-specific mechanisms.
37735444	disease_mechanism_background	low		human	optic_nerve,retina	2023	Retinal ganglion cell repopulation for vision restoration in optic neuropathy: a roadmap from the RReSTORe Consortium.
37741839	state_signature	low		unknown	retina	2023	A sign-inverted receptive field of inhibitory interneurons provides a pathway for ON-OFF interactions in the retina.
36223749	state_signature	low		other	retina	2022	Calcium-permeable AMPA receptors on AII amacrine cells mediate sustained signaling in the On-pathway of the primate retina.
37752598	method_reference	low		mouse	retina	2023	BAX activation in mouse retinal ganglion cells occurs in two temporally and mechanistically distinct steps.
37749651	state_signature	low		both	retina	2023	Rapid isolation of intact retinal astrocytes: a novel approach.
37762541	state_signature	low		mouse	retina	2023	A Distinct Microglial Cell Population Expressing Both CD86 and CD206 Constitutes a Dominant Type and Executes Phagocytosis in Two Mouse Models of Retinal Degeneration.
37758715	state_signature	low		other	retina	2023	Retina-derived signals control pace of neurogenesis in visual brain areas but not circuit assembly.
37773257	state_signature	med		human	retina	2023	Human retinal ganglion cell neurons generated by synchronous BMP inhibition and transcription factor mediated reprogramming.
37541258	disease_mechanism_background	low		human	retina	2023	CRB1 is required for recycling by RAB11A+ vesicles in human retinal organoids.
37799826	state_signature	low		mouse	retina	2023	Cell-type expression and activation by light of neuropsins in the developing and mature  Xenopus  retina
37788001	disease_mechanism_background	low		mouse	retina	2023	Diabetes Reshapes the Circadian Transcriptome Profile in Murine Retina.
37809982	state_signature	low		human	retina	2023	Exome sequencing in retinal dystrophy patients reveals a novel candidate gene ER membrane protein complex subunit 3.
37642150	state_signature	low		both	retina	2023	Systemic gene therapy rescues retinal dysfunction and hearing loss in a model of Norrie disease.
37838654	disease_mechanism_background	low		mouse	RPE,retina	2023	Microglia preserve visual function loss in the aging retina by supporting retinal pigment epithelial health.
37846362	state_signature	low		mouse	retina	2023	Genetic and epigenetic regulators of retinal Müller glial cell reprogramming.
37868194	state_signature	med		human	retina	2023	Reliability of human retina organoid generation from hiPSC-derived neuroepithelial cysts.
37864169	disease_mechanism_background	low		mouse	retina	2023	Impairing Gasdermin D-mediated pyroptosis is protective against retinal degeneration.
37624696	disease_mechanism_background	med		human	optic_nerve,retina	2023	Osteopontin drives retinal ganglion cell resiliency in glaucomatous optic neuropathy.
37819938	method_reference	high		mouse	retina	2023	Transcriptomic comparison of two selective retinal cell ablation paradigms in zebrafish reveals shared and cell-specific regenerative responses.
37886604	state_signature	low		both	retina	2023	Characterization and AAV-mediated  CRB  gene augmentation in human-derived  CRB1 KO  and  CRB1 KO CRB2 +/−  retinal organoids
36656098	state_signature	low		human	retina	2023	Loss of the crumbs cell polarity complex disrupts epigenetic transcriptional control and cell cycle progression in the developing retina.
37923392	state_signature	med		mouse	retina	2023	The  Atoh1-Cre  Knock-In Allele Ectopically Labels a Subpopulation of Amacrine Cells and Bipolar Cells in Mouse Retina
37880369	state_signature	low		human	retina	2023	An ON-type direction-selective ganglion cell in primate retina.
37930995	state_signature	low		human	retina	2023	Her6 and Prox1a are novel regulators of photoreceptor regeneration in the zebrafish retina.
37979052	state_signature	low		other	retina	2023	Molecular basis of retinal remodeling in a zebrafish model of retinitis pigmentosa.
37988404	state_signature	low		human	retina	2023	Single-cell RNA sequencing unravels the transcriptional network underlying zebrafish retina regeneration.
37998361	disease_mechanism_background	low		unknown	retina	2023	The Inflammasome-Dependent Dysfunction and Death of Retinal Ganglion Cells after Repetitive Intraocular Pressure Spikes.
38008788	state_signature	low		mouse	retina	2023	Modular interneuron circuits control motion sensitivity in the mouse retina.
37802075	state_signature	low		both	retina	2023	Rare intercellular material transfer as a confound to interpreting inner retinal neuronal transplantation following internal limiting membrane disruption.
38012720	composition_baseline	med		human	retina	2023	Single-cell multiomics of the human retina reveals hierarchical transcription factor collaboration in mediating cell type-specific effects of genetic variants on gene regulation.
38012786	disease_mechanism_background	low		human	retina	2023	Application of patient-derived induced pluripotent stem cells and organoids in inherited retinal diseases.
38044501	method_reference	high		human	retina	2023	Retinogenesis in a Dish: Bibliometric Analysis and Visualization of Retinal Organoids From 2011 to 2022.
38089586	state_signature	low		mouse	retina	2023	Maf1 controls retinal neuron number by both RNA Pol III- and Pol II-dependent mechanisms.
37937828	state_signature	med		mouse	retina	2023	Melanopsin activates divergent phototransduction pathways in intrinsically photosensitive retinal ganglion cell subtypes.
37156914	state_signature	med		human	retina	2023	Multimodal spatiotemporal phenotyping of human retinal organoid development.
38081924	method_reference	low		human	retina	2023	AAV capsid bioengineering in primary human retina models.
38082266	state_signature	low		mouse	retina	2023	Empagliflozin targets Mfn1 and Opa1 to attenuate microglia-mediated neuroinflammation in retinal ischemia and reperfusion injury.
38092908	state_signature	low		both	retina	2023	Evolution of neuronal cell classes and types in the vertebrate retina.
38048369	disease_mechanism_background	low		both	RPE,retina	2023	Deletion of IFT20 exclusively in the RPE ablates primary cilia and leads to retinal degeneration.
38123561	state_signature	low		other	retina	2023	Common and divergent gene regulatory networks control injury-induced and developmental neurogenesis in zebrafish retina.
38153753	disease_mechanism_background	low		human	retina	2023	Transition to Chronic Fibrosis in an Animal Model of Retinal Detachment With Features of Proliferative Vitreoretinopathy.
38190125	state_signature	low		mouse	retina	2024	Oncostatin M Reduces Pathological Neovascularization in the Retina Through Müller Cell Activation.
37935630	state_signature	med		mouse	retina	2024	Sstr2 Defines the Cone Differentiation-Competent Late-Stage Retinal Progenitor Cells in the Developing Mouse Retina.
38048222	state_signature	low		human	retina	2023	Stage-specific dynamic reorganization of genome topology shapes transcriptional neighborhoods in developing human retinal organoids.
38214685	state_signature	low		other	retina	2024	Single-Cell Transcriptomic Sequencing Reveals Tissue Architecture and Deciphers Pathological Reprogramming During Retinal Ischemia in  Macaca fascicularis
38252153	disease_mechanism_background	low		mouse	retina	2024	Combination of blockade of endothelin signalling and compensation of IGF1 expression protects the retina from degeneration.
38174987	state_signature	low		other	retina	2024	Intercellular contact and cargo transfer between Müller glia and to microglia precede apoptotic cell clearance in the developing retina.
38289348	disease_mechanism_background	low		both	retina	2024	Microglia at sites of atrophy restrict the progression of retinal degeneration via galectin-3 and Trem2.
38101398	disease_mechanism_background	low		human	retina	2024	Human retinal organoids with an  OPA1  mutation are defective in retinal ganglion cell differentiation and function
38303059	disease_mechanism_background	low		mouse	retina	2024	T-type voltage-gated channels, Na + /Ca 2+ -exchanger, and calpain-2 promote photoreceptor cell death in inherited retinal degeneration
38321224	disease_mechanism_background	low		both	retina	2024	E3 ubiquitin ligase Herc3 deficiency leads to accumulation of subretinal microglia and retinal neurodegeneration.
37740641	disease_mechanism_background	low		mouse	retina	2024	Rapid and efficient generation of a transplantable population of functional retinal ganglion cells from fibroblasts.
38334673	state_signature	med		human	RPE,retina	2024	Recent Achievements in the Heterogeneity of Mammalian and Human Retinal Pigment Epithelium: In Search of a Stem Cell.
38348116	method_reference	low		unknown	retina	2024	Non-invasive  in vivo  imaging of brain and retinal microglia in neurodegenerative diseases
38278154	state_signature	low		both	retina	2024	The impact of timing and injury mode on induced neurogenesis in the adult mammalian retina.
37975905	state_signature	med		both	retina	2024	Heterogeneity in the progression of retinal pathologies in mice harboring patient mimicking  Impg2  mutations
38378796	state_signature	low		both	retina	2024	Retinal dysfunction in Huntington's disease mouse models concurs with local gliosis and microglia activation.
38383453	state_signature	low		human	retina	2024	Multi-omics analysis in human retina uncovers ultraconserved  cis -regulatory elements at rare eye disease loci
38409074	state_signature	curated		human	retina	2024	Single-cell RNA sequencing reveals roles of unique retinal microglia types in early diabetic retinopathy.
38414848	disease_mechanism_background	med		unknown	retina	2024	Microglia-endothelial cross-talk regulates diabetes-induced retinal vascular dysfunction through remodeling inflammatory microenvironment.
38414051	state_signature	med		mouse	retina	2024	Identifying Hmga2 preserving visual function by promoting a shift of Müller glia cell fate in mice with acute retinal injury.
38439910	state_signature	low		human	retina	2024	Effective AAV-mediated gene replacement therapy in retinal organoids modeling AIPL1-associated LCA4.
38363811	state_signature	med		other	retina	2024	Defining morphologically and genetically distinct GABAergic/cholinergic amacrine cell subtypes in the vertebrate retina.
38476273	disease_mechanism_background	low		both	retina	2024	Chitosan-Rapamycin Carbon Dots Alleviate Glaucomatous Retinal Injury by Inducing Autophagy to Promote M2 Microglial Polarization.
38474133	state_signature	med		human	retina	2024	Retinal Ciliopathies and Potential Gene Therapies: A Focus on Human iPSC-Derived Organoid Models.
38510120	composition_baseline	med		human	retina	2024	Deciphering the spatiotemporal transcriptional and chromatin accessibility of human retinal organoid development at the single-cell level.
38540760	state_signature	low		human	retina	2024	Bottlenecks in the Investigation of Retinal Sterol Homeostasis.
38542059	state_signature	med		unknown	ciliary_body,retina	2024	Platelet-Activating Factor Receptor (PAFR) Regulates Retinal Progenitor/Stem Cells Profile in Ciliary Epithelium Cells.
38552022	disease_mechanism_background	low		both	retina	2024	Light affects the prefrontal cortex via intrinsically photosensitive retinal ganglion cells.
38546584	disease_mechanism_background	low		both	retina	2024	NLRP3 Inflammasome Priming in the Retina of Diabetic Mice Requires REDD1-Dependent Activation of GSK3β.
38585235	disease_mechanism_background	low		mouse	retina	2024	Single‐cell RNA sequencing reveals inflammatory retinal microglia in experimental autoimmune uveitis.
38596358	state_signature	low		mouse	retina	2024	Deciphering perivascular macrophages and microglia in the retinal ganglion cell layers.
38612560	state_signature	low		human	retina	2024	Unveiling Drivers of Retinal Degeneration in RCS Rats: Functional, Morphological, and Molecular Insights.
38165050	disease_cell_composition	high		human	retina	2024	THUMPD2 catalyzes the  N 2 -methylation of U6 snRNA of the spliceosome catalytic center and regulates pre-mRNA splicing and retinal degeneration
38623325	state_signature	low		mouse	retina	2024	Necl-1/CADM3 regulates cone synapse formation in the mouse retina.
38650003	state_signature	low		mouse	retina	2024	Interleukin-4 protects retinal ganglion cells and promotes axon regeneration.
38670973	composition_baseline	med		human	ciliary_body,retina	2024	Single-cell analyses reveal transient retinal progenitor cells in the ciliary margin of developing human retina.
38514178	state_signature	low		mouse	retina	2024	Differential Expression Analysis Identifies Candidate Synaptogenic Molecules for Wiring Direction-Selective Circuits in the Retina.
38698014	disease_mechanism_background	med		both	retina	2024	POU6F2, a risk factor for glaucoma, myopia and dyslexia, labels specific populations of retinal ganglion cells.
38657052	state_signature	low		both	retina	2024	Senolytic and senomorphic agent procyanidin C1 alleviates structural and functional decline in the aged retina.
38504518	state_signature	low		mouse	retina	2024	SOCS3 regulates pathological retinal angiogenesis through modulating SPP1 expression in microglia and macrophages.
38526288	state_signature	low		other	retina	2024	Single-cell RNA sequencing analysis of the retina under acute high intraocular pressure.
38755602	disease_mechanism_background	low		both	retina	2024	Cellular communication network factor 1 promotes retinal leakage in diabetic retinopathy via inducing neutrophil stasis and neutrophil extracellular traps extrusion.
38773545	state_signature	low		both	retina	2024	Intravitreal MPTP drives retinal ganglion cell loss with oral nicotinamide treatment providing robust neuroprotection.
38799448	state_signature	low		mouse	retina	2024	Retinal microglia express more MHC class I and promote greater T-cell-driven inflammation than brain microglia.
38786093	state_signature	low		human	retina	2024	Retinoid Synthesis Regulation by Retinal Cells in Health and Disease.
38812536	composition_baseline	high		mouse	retina	2024	Comprehensive single-cell atlas of the mouse retina.
38705389	state_signature	low		both	RPE,retina	2024	Conditional deletion of miR-204 and miR-211 in murine retinal pigment epithelium results in retinal degeneration.
38816767	state_signature	low		human	retina	2024	Retinal organoids with X-linked retinoschisis  RS1  (E72K) mutation exhibit a photoreceptor developmental delay and are rescued by gene augmentation therapy
38646933	disease_mechanism_background	low		human	retina	2024	Phototoxicity avoidance is a potential therapeutic approach for retinal dystrophy caused by EYS dysfunction.
38652563	state_signature	med		human	retina	2024	NR2E3 loss disrupts photoreceptor cell maturation and fate in human organoid models of retinal development.
38729157	state_signature	low		mouse	retina	2024	Lhx2  promotes axon regeneration of adult retinal ganglion cells and rescues neurodegeneration in mouse models of glaucoma
38560893	state_signature	low		human	retina	2024	Influence of Substrate Stiffness on iPSC-Derived Retinal Pigmented Epithelial Cells.
38858683	disease_mechanism_background	low		mouse	retina	2024	PCYT1A deficiency disturbs fatty acid metabolism and induces ferroptosis in the mouse retina.
38903914	state_signature	low		both	retina	2024	Retinal ganglion cell type-specific expression of synuclein family members revealed by scRNA-sequencing.
38927058	state_signature	low		human	retina	2024	VDAC in Retinal Health and Disease.
38938553	state_signature	low		other	retina	2024	Cytokines IL-1β and IL-10 are required for Müller glia proliferation following light damage in the adult zebrafish retina.
38947520	state_signature	med		both	retina	2024	Gene regulatory roles of growth and differentiation factors in retinal development.
39000471	state_signature	med		human	retina	2024	Thyroid Hormone Signaling in Retinal Development and Function: Implications for Diabetic Retinopathy and Age-Related Macular Degeneration.
38996013	method_reference	low		mouse	retina	2024	Robust reprogramming of glia into neurons by inhibition of Notch signaling and nuclear factor I (NFI) factors in adult mammalian retina.
39045516	disease_mechanism_background	low		mouse	retina	2024	Circular RNA-based therapy provides sustained and robust neuroprotection for retinal ganglion cells.
38994775	state_signature	med		both	retina	2024	Evolutionary conservation of VSX2 super-enhancer modules in retinal development.
39055937	disease_mechanism_background	low		other	retina	2024	Mitochondrial transfer between BMSCs and Müller promotes mitochondrial fusion and suppresses gliosis in degenerative retina.
39056772	disease_mechanism_background	low		human	RPE,retina	2024	Initial Characterization of WDR5B Reveals a Role in the Proliferation of Retinal Pigment Epithelial Cells.
39062961	disease_mechanism_background	low		human	retina	2024	Fatty Acid-Binding Protein 4-Mediated Regulation Is Pivotally Involved in Retinal Pathophysiology: A Review.
39018199	state_signature	low		mouse	RPE,retina	2024	Cone photoreceptor differentiation regulated by thyroid hormone transporter MCT8 in the retinal pigment epithelium.
39080269	disease_mechanism_background	low		both	retina	2024	CRISPR-CasRx-mediated disruption of  Aqp1/Adrb2/Rock1/Rock2  genes reduces intraocular pressure and retinal ganglion cell damage in mice
38483712	disease_mechanism_background	low		both	retina	2024	Photoreceptors inhibit pathological retinal angiogenesis through transcriptional regulation of Adam17 via c-Fos.
38564108	state_signature	low		human	retina	2024	Microglia in retinal angiogenesis and diabetic retinopathy.
39117640	composition_baseline	curated		human	retina	2024	Single cell dual-omic atlas of the human developing retina.
39125582	state_signature	med		human	retina	2024	Development of Non-Invasive miRNA Markers for Assessing the Quality of Human Induced Pluripotent Stem Cell-Derived Retinal Organoids.
39121095	state_signature	low		human	retina	2024	Rapid and efficient generation of mature retinal organoids derived from human pluripotent stem cells via optimized pharmacological modulation of Sonic hedgehog, activin A, and retinoic acid signal transduction.
38742929	state_signature	low		mouse	retina	2024	Age-related dysregulation of the retinal transcriptome in African turquoise killifish.
39012348	state_signature	med		human	retina	2024	PHLDA1-PRDM1 mediates the effect of lentiviral vectors on fate-determination of human retinal progenitor cells.
39169121	method_reference	low		mouse	retina	2024	Acyl-CoA synthetase 6 controls rod photoreceptor function and survival by shaping the phospholipid composition of retinal membranes.
39196935	state_signature	low		both	retina	2024	Top-down modulation of the retinal code via histaminergic neurons of the hypothalamus.
39198470	disease_cell_composition	high		mouse	retina	2024	Single-cell transcriptomic analysis of retinal immune regulation and blood-retinal barrier function during experimental autoimmune uveitis.
39007397	state_signature	low		other	retina	2024	A large-scale CRISPR screen reveals context-specific genetic regulation of retinal ganglion cell regeneration.
38964324	disease_mechanism_background	low		human	retina	2024	Retinal cells derived from patients with DRAM2-dependent CORD21 dystrophy exhibit key lysosomal enzyme deficiency and lysosomal content accumulation.
39271703	composition_baseline	med		human	retina	2024	Simultaneous profiling of RNA isoforms and chromatin accessibility of single cells of human retinal organoids.
39273559	state_signature	med		other	retina	2024	Slc4a7  Regulates Retina Development in Zebrafish
39293864	state_signature	low		both	ciliary_body,retina	2024	Ccrk-Mak/Ick signaling is a ciliary transport regulator essential for retinal photoreceptor survival.
39260891	composition_baseline	med		both	retina	2024	Comprehensive Characterization of a Subfamily of Ca 2+ -Binding Proteins in Mouse and Human Retinal Neurons at Single-Cell Resolution
39318470	state_signature	low		both	retina	2024	Crystallin β-b2 promotes retinal ganglion cell protection in experimental autoimmune uveoretinitis.
39298490	state_signature	med		both	retina	2024	Transcription factor EGR2 alleviates autoimmune uveitis via activation of GDF15 to modulate the retinal microglial phenotype.
39356769	disease_mechanism_background	low		mouse	retina	2024	Neuroinflammation as a cause of differential Müller cell regenerative responses to retinal injury.
39316084	disease_mechanism_background	low		both	retina	2024	Transport of β-amyloid from brain to eye causes retinal degeneration in Alzheimer's disease.
39394614	state_signature	low		mouse	retina	2024	miR-210 is essential to retinal homeostasis in fruit flies and mice.
39207852	state_signature	low		mouse	retina	2024	Retinal perivascular macrophages regulate immune cell infiltration during neuroinflammation in mouse models of ocular disease.
39348530	state_signature	low		both	retina	2024	Modulation of diabetes-related retinal pathophysiology by PTX3.
38639863	disease_mechanism_background	low		mouse	optic_nerve,retina	2024	NFATc4 Knockout Promotes Neuroprotection and Retinal Ganglion Cell Regeneration After Optic Nerve Injury.
39446806	state_signature	med		mouse	retina	2024	Six3 and Six6 jointly control diverse target genes in multiple cell populations over developmental trajectories of mouse embryonic retinal progenitor cells.
39451224	disease_mechanism_background	low		both	retina	2024	A Comparative Analysis of Models for AAV-Mediated Gene Therapy for Inherited Retinal Diseases.
39446354	state_signature	med		human	retina	2024	NMNAT1 Is Essential for Human iPS Cell Differentiation to the Retinal Lineage.
39466230	state_signature	med		both	retina	2024	Tissue-Specific Immune Transcriptional Signatures in the Bordering Tissues of the Mouse Retina and Brain.
38621251	state_signature	low		human	retina	2024	Presynaptic Proteins and Their Roles in Visual Processing by the Retina.
39506758	state_signature	low		both	RPE,retina	2024	m6A-methylase METTL3 promotes retinal angiogenesis through modulation of metabolic reprogramming in RPE cells.
39475642	disease_mechanism_background	low		both	retina	2024	Characterization of RNA editing and gene therapy with a compact CRISPR-Cas13 in the retina.
39534499	state_signature	low		mouse	retina	2024	Comparative single-cell transcriptomic analysis reveals putative differentiation drivers and potential origin of vertebrate retina.
39264859	state_signature	low		human	retina	2024	Antisense Oligonucleotide STK-002 Increases OPA1 in Retina and Improves Mitochondrial Function in Autosomal Dominant Optic Atrophy Cells.
39550471	disease_mechanism_background	low		human	retina	2024	C. elegans  PPEF-type phosphatase (Retinal degeneration C ortholog) functions in diverse classes of cilia to regulate nematode behaviors
39569377	method_reference	low		both	retina	2024	Sample multiplexing for retinal single-cell RNA sequencing.
39565860	state_signature	low		both	retina	2024	Immune responses drive chorioretinitis and retinal pathology after neonatal CMV infection.
39574940	state_signature	low		human	retina	2024	Cellular Characterization and Interspecies Evolution of the Tree Shrew Retina across Postnatal Lifespan.
39572588	state_signature	low		both	retina	2024	GPATCH11  variants cause mis-splicing and early-onset retinal dystrophy with neurological impairment
39514271	state_signature	med		both	retina	2024	Human-induced pluripotent stem cell-derived microglia integrate into mouse retina and recapitulate features of endogenous microglia.
39592612	disease_cell_composition	high		human	retina	2024	Single-Cell Transcriptomic Dataset of RPGR-associated Retinitis Pigmentosa Patient-Derived Retinal Organoids.
39389360	state_signature	low		mouse	retina	2024	Retinal Proteome Profiling of Inherited Retinal Degeneration Across Three Different Mouse Models Suggests Common Drug Targets in Retinitis Pigmentosa.
39616175	composition_baseline	med		both	retina	2024	SenMayo transcriptomic senescence panel highlights glial cells in the ageing mouse and human retina.
39633708	state_signature	low		other	retina	2024	Forced MyD88 signaling in microglia impacts the production and survival of regenerated retinal neurons.
39420512	disease_mechanism_background	low		other	RPE,retina	2024	Quantum Dots-caused Retinal Degeneration in Zebrafish Regulated by Ferroptosis and Mitophagy in Retinal Pigment Epithelial Cells through Inhibiting Spliceosome.
39495936	state_signature	low		mouse	retina	2024	Retinal ganglion cell-derived semaphorin 6A segregates starburst amacrine cell dendritic scaffolds to organize the mouse inner retina.
38467611	composition_baseline	high		mouse	retina	2024	Intercellular communication atlas reveals Oprm1 as a neuroprotective factor for retinal ganglion cells.
39695101	state_signature	low		unknown	optic_nerve,retina	2024	Marcks  overexpression in retinal ganglion cells promotes optic nerve regeneration
39703720	disease_mechanism_background	low		human	retina	2024	Transcorneal electrical stimulation restores DNA methylation changes in retinal degeneration.
39374262	disease_mechanism_background	low		mouse	retina	2025	Chronic hyperglycemia alters retinal astrocyte microstructure and uptake of cholera toxin B in a murine model of diabetes.
39448874	state_signature	med		both	retina	2025	Regulating the formation of Müller glia-derived progenitor cells in the retina.
39693351	state_signature	low		mouse	retina	2024	Interplay between Netrin-1 and Norrin controls arteriovenous zonation of blood-retina barrier integrity.
39734536	disease_mechanism_background	low		unknown	RPE,retina	2024	The retinal pigment epithelium: Functions and roles in ocular diseases.
39765914	state_signature	med		human	retina	2024	Oxidative Stress, Inflammation and Altered Glucose Metabolism Contribute to the Retinal Phenotype in the Choroideremia Zebrafish.
39728690	method_reference	low		human	retina	2024	Functional Roles of Pigment Epithelium-Derived Factor in Retinal Degenerative and Vascular Disorders: A Scoping Review.
39734233	state_signature	low		both	optic_nerve,retina	2024	Tppp3 is a novel molecule for retinal ganglion cell identification and optic nerve regeneration.
39737973	composition_baseline	high		mouse	retina	2024	Molecular characterization of the sea lamprey retina illuminates the evolutionary origin of retinal cell types.
39739933	method_reference	low		human	retina	2024	"Energetics of the outer retina I: Estimates of nutrient exchange and ATP generation".
39759766	state_signature	low		unknown	retina	2024	Retinal glia in myopia: current understanding and future directions.
39503290	state_signature	med		both	retina	2025	Identifying Multiomic Signatures of X-Linked Retinoschisis-Derived Retinal Organoids and Mice Harboring Patient-Specific Mutation Using Spatiotemporal Single-Cell Transcriptomics.
39790557	state_signature	med		mouse	retina	2025	Endothelial activating transcription factor 3 promotes angiogenesis and vascular repair in the mouse retina.
39774627	state_signature	low		both	retina	2025	Idebenone Protects Photoreceptors Impaired by Oxidative Phosphorylation Disorder in Retinal Detachment.
39804630	composition_baseline	med		both	retina	2025	A Comprehensive Analysis of Sex-Biased Gene Expression in the Aging Human Retina Through a Combination of Single-Cell and Bulk RNA Sequencing.
39833899	state_signature	low		both	retina	2025	Genetic context modulates aging and degeneration in the murine retina.
39823300	disease_mechanism_background	low		both	retina	2025	Stimulating the regenerative capacity of the human retina with proneural transcription factors in 3D cultures.
39422807	method_reference	low		human	retina	2025	Retinal Organoids from Induced Pluripotent Stem Cells of Patients with Inherited Retinal Diseases: A Systematic Review.
39869549	disease_mechanism_background	low		human	RPE,retina	2025	"Energetics of the outer retina II: Calculation of a spatio-temporal energy budget in retinal pigment epithelium and photoreceptor cells based on quantification of cellular processes".
39888634	disease_mechanism_background	low		both	retina	2025	Inhibition of Retinal Neovascularization by BEZ235: Targeting the Akt/4EBP1/Cyclin D1 Pathway in Endothelial Cells.
39908128	state_signature	low		mouse	retina	2025	Expression of Osteopontin in M2 and M4 Intrinsically Photosensitive Retinal Ganglion Cells in the Mouse Retina.
39920165	composition_baseline	high		unknown	retina	2025	A single-nucleus RNA sequencing atlas of the postnatal retina of the shark  Scyliorhinus canicula
39930455	state_signature	low		both	retina	2025	Kinetic changes in microglia-related retinal transcripts in experimental autoimmune uveoretinitis (EAU) of B10.RIII mice.
39540305	composition_baseline	high		other	retina	2024	'Iterative Bleaching Extends Multiplexity' facilitates simultaneous identification of all major retinal cell types.
39946136	state_signature	low		both	retina	2025	Targeting Runx1 in Pathological Retinal Angiogenesis: A Potential Therapeutic Approach.
39779923	disease_mechanism_background	low		both	retina	2025	High-efficiency base editing in the retina in primates and human tissues.
39971915	state_signature	med		human	retina	2025	Unravelling genotype-phenotype correlations in Stargardt disease using patient-derived retinal organoids.
39985055	state_signature	low		both	RPE,retina	2025	Gain of 20q11.21 in human pluripotent stem cells enhances differentiation to retinal pigment epithelium.
40016767	state_signature	low		both	retina	2025	Integration and functionality of human iPSC-derived microglia in a chimeric mouse retinal model.
40025497	state_signature	low		both	retina	2025	cGAMP promotes inner blood-retinal barrier breakdown through P2RX7-mediated transportation into microglia.
40055379	composition_baseline	med		human	retina	2025	Spatiotemporally resolved transcriptomics reveals the cellular dynamics of human retinal development.
39863929	disease_mechanism_background	low		both	retina	2025	Pharmacological blocking of microfibrillar-associated protein 4 reduces retinal neoangiogenesis and vascular leakage.
40082403	disease_mechanism_background	low		both	retina	2025	PNPLA6 regulates retinal homeostasis by choline through phospholipid turnover.
39916387	disease_mechanism_background	low		unknown	retina	2025	Ibudilast Protects Retinal Bipolar Cells From Excitotoxic Retinal Damage and Activates the  mTOR  Pathway
40133314	disease_mechanism_background	low		both	retina	2025	Restoration of retinal regenerative potential of Müller glia by disrupting intercellular Prox1 transfer.
40137771	state_signature	med		human	retina	2025	Human Retinal Organoid Model of Ocular Toxoplasmosis.
40140485	state_signature	med		other	retina	2025	tet2 and tet3 regulate cell fate specification and differentiation events during retinal development.
40155048	composition_baseline	med		both	retina	2025	Erratum: “Comprehensive Characterization of a Subfamily of Ca 2+ -Binding Proteins in Mouse and Human Retinal Neurons at Single-Cell Resolution”
40178080	state_signature	low		mouse	retina	2025	Simultaneous cyclin D1 overexpression and p27 kip1  knockdown enable robust Müller glia cell cycle reactivation in uninjured mouse retina
38934409	state_signature	med		other	retina	2025	Single-cell RNA sequencing reveals the heterogeneity and interactions of immune cells and Müller glia during zebrafish retina regeneration.
40206798	state_signature	low		mouse	retina	2025	IFNγ preconditioning improves neuroprotection of MSC-derived vesicles on injured retinal ganglion cells by suppressing microglia activation via miRNA-dependent ribosome activity.
40231248	disease_mechanism_background	low		human	RPE,retina	2025	The RNA content of extracellular vesicles from gene-edited  PRPF31 +/−  hiPSC-RPE show potential as biomarkers of retinal degeneration
40116022	disease_mechanism_background	low		mouse	retina	2025	Single-cell sequencing analysis reveals the essential role of the m 6 A reader YTHDF1 in retinal visual function by regulating TULP1 and DHX38 translation
40247316	disease_mechanism_background	low		mouse	retina	2025	High-fat diet alters retinal lipid composition and gene expression networks in mice.
40227169	disease_mechanism_background	low		human	retina	2025	Instrumenting Carotid Sonography Biomarkers and Polygenic Risk Score As a Novel Screening Approach for Retinal Detachment.
40274966	disease_mechanism_background	low		unknown	retina	2025	Proteomics approach identifies aqueous humor biomarkers in retinal diseases.
40266594	state_signature	low		other	retina	2025	Microglia-Derived IL-6 Promotes Müller Glia Reprogramming and Proliferation in Zebrafish Retina Regeneration.
40331961	state_signature	low		human	RPE,retina	2025	Role of Oxidative Stress and Inflammation in Age Related Macular Degeneration: Insights into the Retinal Pigment Epithelium (RPE).
40303351	state_signature	low		mouse	retina	2025	Serine supplementation suppresses hypoxia-induced pathological retinal angiogenesis.
40308558	state_signature	low		other	retina	2025	Analysis of the senescence secretome during zebrafish retina regeneration.
40301324	state_signature	low		both	retina	2025	Autophagy disruption and mitochondrial stress precede photoreceptor necroptosis in multiple mouse models of inherited retinal disorders.
40050124	method_reference	low		both	retina	2025	Integrating short-read and long-read single-cell RNA sequencing for comprehensive transcriptome profiling in mouse retina.
40233131	state_signature	med		both	RPE,retina	2025	Myelin regulatory factor (MYRF) is a critical early regulator of retinal pigment epithelial development.
40343286	disease_cell_composition	high		both	retina	2025	Single-cell RNA sequencing highlights a significant retinal Müller glial population in dry age-related macular degeneration.
40054472	state_signature	low		human	retina	2025	Robust generation of photoreceptor-dominant retinal organoids from porcine induced pluripotent stem cells.
39954235	state_signature	med		mouse	retina	2025	Transcriptional Heterogeneity and Differential Response of Rod Photoreceptor Pathway Uncovered by Single-Cell RNA Sequencing of the Aging Mouse Retina.
40419664	disease_mechanism_background	low		other	retina	2025	Oral 8-aminoguanine against age-related retinal degeneration.
40425564	disease_mechanism_background	low		both	retina	2025	Longitudinal scRNA-seq of retinal organoids derived from Stargardt disease patient with ABCA4 mutation.
40264285	state_signature	low		mouse	retina	2025	Potassium-Dependent Coupling of Retinal Astrocyte Light Response to Müller Glia.
40434346	disease_mechanism_background	low		both	retina	2025	Clofarabine Enhances the Transduction Efficiency of Recombinant AAV2 in the Retina.
40463588	state_signature	low		mouse	optic_nerve,retina	2025	Differential retinal ganglion cell resilience to optic nerve injury across vertebrate species.
40239758	method_reference	high		human	retina	2025	Animal models for the evaluation of retinal stem cell therapies.
40526494	state_signature	med		mouse	retina	2025	Glycolytic flux controls retinal progenitor cell differentiation via regulating Wnt signaling.
40538981	composition_baseline	med		human	retina	2025	Molecular analysis of RAX2-regulated retinal development using human retinal organoids at a single-cell resolution.
40499265	state_signature	low		human	retina	2025	Divergent redox responses of macular and peripheral Müller Glia: Implications for retinal vulnerability.
40531615	state_signature	med		human	retina	2025	Machine Learning Identifies Key Gene Markers Related to Fetal Retina Development at Single-Cell Transcription Level.
40552921	method_reference	high		human	RPE,retina	2025	Germline Disruption of Retinal Pigment Epithelium‐Expressed Zebrafish  rlbp1b 
 −/−  Results in Selective Dim Light Visual Behavior Deficits and Provides a Screening Platform for Evaluating the Pathogenicity of Human  
 RLBP1 
  Variants
40558514	disease_mechanism_background	low		both	retina	2025	Top2b-Regulated Genes and Pathways Linked to Retinal Homeostasis and Degeneration.
40598610	disease_mechanism_background	low		human	RPE,retina	2025	Low-level red light inhibits human retinal pigment epithelial cell fibrosis via UBE2C in a myopia-simulating hypoxic microenvironment.
40614201	state_signature	low		human	retina	2025	SARS-CoV-2 induces Alzheimer's disease-related amyloid-β pathology in ex vivo human retinal explants and retinal organoids.
40655949	state_signature	low		human	retina	2025	Understanding amblyopia from the perspective of neurovascular units: changes in the retina and brain.
40643481	disease_mechanism_background	low		mouse	retina	2025	Epigenetic Modifiers to Treat Retinal Degenerative Diseases.
40660409	state_signature	low		human	retina	2025	A scRNA-seq reference contrasting living and early post-mortem human retina across diverse donor states.
40668916	state_signature	low		mouse	retina	2025	Heterochronic parabiosis uncovers AdipoR1 as a critical player in retinal rejuvenation.
40504625	state_signature	low		human	retina	2025	Device-free isolation of photoreceptor cells from patient iPSC-derived retinal organoids.
40708039	disease_mechanism_background	low		human	retina	2025	Metabolic stress and early cell death in photoreceptor precursor cells following retinal transplantation.
40722628	state_signature	low		human	RPE,retina	2025	Epigenetic Modifications in the Retinal Pigment Epithelium of the Eye During RPE-Related Regeneration or Retinal Diseases in Vertebrates.
40723297	disease_mechanism_background	low		unknown	retina	2025	Pericytes as Key Players in Retinal Diseases: A Comprehensive Narrative Review.
40715177	state_signature	low		mouse	retina	2025	In vivo efficacy of NRL knockdown with cell-penetrating siRNA in retinal degeneration.
40663603	state_signature	low		mouse	retina	2025	Foxn3 is required to suppress aberrant ciliogenesis in nonphotoreceptor retinal neurons.
40719539	disease_mechanism_background	med		mouse	retina	2025	ENO1 Dysfunction-Mediated Glycolytic Attenuation Exacerbates Oxidative Stress-Induced Retinal Ganglion Cell Death via Altered ATP Synthesis Pathway.
39340587	disease_mechanism_background	med		unknown	retina	2025	Triamcinolone Acetonide Protects Against Light-Induced Retinal Degeneration by Activating Anti-Inflammatory STAT6/Arg1 Signaling in Microglia.
39953740	disease_mechanism_background	low		both	RPE,retina	2025	PD-L1 Promotes Immunological Tolerance and Enhances Visual Protection of hESC-RPE Grafts in Retinal Degeneration.
40374315	disease_mechanism_background	low		mouse	retina	2025	Single‐Cell  RNA ‐Seq Reveals Aging‐Related Impairment of Microglial Efferocytosis Contributing to Apoptotic Cells Accumulation After Retinal Injury
40817252	state_signature	low		mouse	retina	2025	Illuminating photoreceptors: TGFβ signaling modulates the severeness of retinal degeneration.
40843317	state_signature	low		human	retina	2025	Upregulation of SQSTM1 Regulates Ferroptosis and Oxidative Stress in Müller Cells of the Diabetic Neural Retina by Modulating ACSL4.
40448612	state_signature	low		both	retina	2025	SUMOylation is a Translatable Target in Hypoxic MNPs Regulating Retinal Vasculopathy.
40868180	disease_mechanism_background	med		other	retina	2025	AI-Enhanced Fluorescein Angiography Detection of Diabetes-Induced Silent Retinal Capillary Dropout and RNA-Seq Identification of Pre-Symptomatic Biomarkers.
40758714	state_signature	med		mouse	retina	2025	Active DNA demethylation upstream of rod-photoreceptor fate determination is required for retinal development.
39995070	state_signature	low		unknown	retina	2026	Efferocytosis and retinal clean-up: Role of histone deacetylase 3 in ischemic retinopathy.
40918114	disease_mechanism_background	med		mouse	retina	2025	Combination of αCD4 antibody and retinal antigen injection induces long-term disease control in autoimmune uveitis.
40653679	disease_mechanism_background	low		human	RPE,retina	2025	Senescence Alters Antimicrobial Peptide Expression and Induces Amyloid-β Production in Retinal Pigment Epithelial Cells.
40951441	state_signature	low		mouse	retina	2025	High-fat diet-induced dyslipidemia drives retinal ECE-1 and ET-1 upregulation.
40706588	state_signature	low		human	retina	2025	Recreating pathophysiology of CLN2 disease and demonstrating reversion by TPP1 gene therapy in hiPSC-derived retinal organoids and retina-on-chip.
40882639	composition_baseline	med		human	RPE,retina	2025	Single-cell transcriptome and surfaceome profiling of the adult human retinal pigment epithelium.
40965436	disease_mechanism_background	low		both	retina	2025	Sustained Neurotrophic Factor Co-Treatment Enhances Donor and Host Retinal Ganglion Cell Survival in Mice.
40970669	disease_mechanism_background	low		both	RPE,retina	2025	Targeting RPE Senescence Via Suppressing IL-6/IL-6R Signaling for Treating Retinal Degenerative Diseases.
40994539	state_signature	low		human	choroid,retina	2025	The role of microglia and complement C5/C5a in the pathogenesis of rhegmatogenous retinal detachment with choroidal detachment.
40971959	state_signature	low		both	optic_nerve,retina	2025	Zebrafish optic nerve injury results in systemic retinal ganglion cell dedifferentiation.
41007615	state_signature	low		both	retina	2025	Enhanced M2 Polarization of Retinal Microglia in Streptozotocin-Induced Diabetic Mice upon Autoimmune Stimulation  †
41010033	state_signature	low		human	retina	2025	Single-Cell Transcriptomics in Inherited Retinal Dystrophies: Current Findings and Emerging Perspectives.
41011242	state_signature	low		unknown	retina	2025	Advances in Modeling the Inner Blood-Retinal Barrier: From Static Tissue Cell Cultures to Microphysiological Systems.
41028711	state_signature	med		mouse	retina	2025	Genetic tuning of retinal ganglion cell subtype identity to drive visual behavior.
40858363	state_signature	low		human	retina	2025	Molecular and genetic landscapes of retina and brain microglia in neurodegenerative diseases.
40999978	state_signature	low		human	retina	2025	Mechanisms of action of retinal microglia in diabetic retinopathy (Review).
41061181	method_reference	low		human	retina	2025	APOSTEL-R Recommendations for Reporting Retinal Optical Coherence Tomography Studies in Rodents.
41042023	disease_mechanism_background	med		both	retina	2025	The Transcription Factor Islet-1 Regulates Diabetes-Induced Inner Blood-Retinal Barrier Disruption.
40905097	state_signature	med		mouse	retina	2025	Chd4 remodels chromatin to control retinal cell type specification and lineage termination.
41104017	state_signature	low		mouse	retina	2025	Endothelial  Zmiz1  modulates developmental angiogenesis in the retina
41088409	disease_mechanism_background	low		human	retina	2025	Modeling neurodegeneration in the retina and strategies for developing pan-neurodegenerative therapies.
41102382	disease_mechanism_background	low		both	optic_nerve,retina	2025	OPTN protects retinal ganglion cells and ameliorates neuroinflammation in optic neuropathies.
41146204	state_signature	low		both	retina	2025	STING activates ZBP1-mediated PANoptosis to defend against HSV-1 retinal infection.
41152974	composition_baseline	med		human	retina	2025	Dynamic molecular and cellular characteristics of VSX2-positive retinal progenitor cells in human retinal organoids.
41174671	state_signature	low		human	retina	2025	Progress of iPSC-derived retinal organoids in the study of inherited retinal diseases.
41170746	state_signature	low		human	retina	2026	Retinal light perception and biological rhythms: The role of light in sleep and mood from an ophthalmic perspective (Review).
41190718	state_signature	med		mouse	cornea,retina	2025	Sox9  prevents retinal degeneration and is required for limbal stem cell differentiation in the adult mouse eye
41210974	state_signature	med		mouse	retina	2025	The distinct roles of TGF-β signaling in retinal development.
41196411	disease_mechanism_background	low		both	retina	2025	Restoring compromised blood-retina-barrier integrity with Netrin-1 overexpression.
41244583	state_signature	low		mouse	retina	2025	Dicer is essential for proper maturation, composition, and function in the postnatal retina.
41230906	state_signature	curated		both	retina	2025	PRRX1  Orchestrates Pericyte–Myofibroblast Transition in Pathological Retinal Fibrosis
41254671	state_signature	low		both	retina	2025	ELF3-regulated PES1 targets VEGFR2 to mediate angiogenesis and retinal inner barrier injury in diabetic retinopathy.
40884260	state_signature	low		mouse	retina	2025	Single-Cell Transcriptome Analysis Reveals That Hmga2 Regulates Neuroinflammation and Retinal Function by Modulating Müller Cell Autophagy Through PI3K/AKT Signaling Following MCAO-Induced Retinal Ischemia.
41266494	disease_mechanism_background	low		mouse	retina	2025	Afferent input differentially regulates establishment and maintenance of synapses in the mammalian retina.
41301488	disease_mechanism_background	low		human	RPE,retina	2025	Local Insulin for Local Needs? Insights into Retinal Insulin Signaling and RPE Metabolism.
41333718	state_signature	low		mouse	retina	2025	Htr1b  is necessary for normal retinal function in mice
41342897	state_signature	med		mouse	retina	2025	Ptbp1 is not required for retinal neurogenesis and cell fate specification.
41325489	state_signature	low		both	retina	2025	Two genes, one culprit - a functional candidate validation of a  SPATA7  deletion in dogs with day blindness/retinal degeneration
41168502	disease_mechanism_background	low		human	RPE,retina	2025	Defective chaperone-mediated autophagy in the retinal pigment epithelium of age-related macular degeneration patients.
41376775	disease_mechanism_background	low		both	retina	2025	Retinal organoids mirror CRISPR-Cas9 gene editing efficiency observed  in vivo
40961941	composition_baseline	high		human	retina	2025	RetiGene, a comprehensive gene atlas for inherited retinal diseases.
41317324	method_reference	high		both	retina	2025	Protocol for modeling injury-induced regeneration in retinal organoids and isolating hNRSCs for subretinal transplantation in rd10 mice.
41403938	method_reference	low		human	optic_nerve,retina	2025	Unraveling the immune response in optic nerve injury: implications for retinal ganglion cell protection.
41378939	disease_mechanism_background	med		both	retina	2025	Ubap1l  Knockout Mice Model Recapitulates Retinal Degeneration Phenotype Observed in Patients and Exhibits Irregular Photoreceptor Morphology
41407712	disease_mechanism_background	low		both	retina	2025	AAV-delivered engineered suppressor tRNA rescues visual function in mice with an inherited retinal disease.
41427445	state_signature	low		unknown	retina	2025	Microglial mechanisms of viable retinal ganglion cell elimination.
41424614	state_signature	low		both	RPE,retina	2025	Subretinal suspensions of hiPSC-derived retinal pigment epithelium cells form functional monolayers in NOD-SCID mice facilitating treatment of advanced retinal diseases.
41533933	disease_mechanism_background	low		mouse	optic_nerve,retina	2025	HDAC4 Promotes Neuroprotection of Retinal Ganglion Cells After Optic Nerve Injury.
41390488	state_signature	curated		both	retina	2025	Endothelial RAB5IF is required for pathological and developmental retinal angiogenesis.
41467179	state_signature	low		human	retina	2025	Efficient derivation of hiPSC-derived photoreceptor precursor cells and their neuroprotective effects in retinal degeneration.
41270749	method_reference	low		both	retina	2025	Connecting cilium, stress response, and proteostasis abnormalities inform variant and therapy assessment in  RPGRIP1  retinal organoids
41423516	state_signature	low		mouse	retina	2025	FoxO1, together with Notch1, promotes microglial activation to induce pathological changes in the retinal vasculature under hypoxia.
41272236	state_signature	med		human	retina	2025	Loss of retinal stem cell reserve and lipofuscin accumulation accelerates cone-rod degeneration and replicates Stargardt disease in  abca4b  null zebrafish
41477839	disease_mechanism_background	low		human	retina	2026	Genome-wide association study reveals genetic architecture and evolution of human retinal pigmentation.
41102017	state_signature	med		human	retina	2026	DIO3 coordinates photoreceptor development timing and fate stability in human retinal organoids.
41389328	method_reference	high		mouse	retina	2026	Protocol for retinal stress culture and single-cell analysis.
41455767	disease_cell_composition	high		mouse	retina	2025	Single-Cell Transcriptome Analysis of the Retina During the Development of Normal Tension Glaucoma in Mice.
41452983	state_signature	low		mouse	retina	2025	A complete spatial map of mouse retinal ganglion cells reveals density and gene expression specializations.
41339603	state_signature	low		mouse	retina	2025	Nox3 expression and function in retinal ganglion cells and Amacrine cells.
41516321	state_signature	med		human	retina	2025	KCNV2 -Deficient Retinal Organoid Model of Cone Dystrophy—In Vitro Screening for AAV Gene Replacement Therapy
41331083	state_signature	low		mouse	retina	2025	Overexpression of Meis factors in late-stage retinal progenitors yields complex effects on temporal patterning and neurogenesis.
41381741	state_signature	low		human	retina	2025	Decoding cell-class specific roles of non-coding variants in human retina.
41366246	state_signature	low		human	RPE,retina	2025	Chemical reprogramming of fibroblasts into retinal pigment epithelium cells for vision restoration.
41535675	state_signature	low		both	retina	2026	Longitudinal analysis of retinal cell state transitions in  RB1 -deficient retinal organoids reveals the nascent cone precursors are the earliest cell-origin of human retinoblastoma
41533917	state_signature	low		mouse	retina	2026	Inhibition of Retinal AdoRA2a Activity Attenuates Myopia Progression.
41562588	state_signature	low		other	retina	2026	cxcl18b -defined transitional state-specific nitric oxide drives injury-induced Müller glia cell-cycle re-entry in the zebrafish retina
41576160	state_signature	low		other	retina	2026	Lrrn-mediated retinal ganglion cell targeting drives visual circuit assembly for brightness and contrast detection.
41577708	state_signature	low		mouse	optic_nerve,retina	2026	Endothelial stem cells of the retinal vasculature reside in the optic nerve.
41594869	disease_mechanism_background	low		mouse	retina	2026	RNA Sequencing and Targeted Knockdown Reveal miR-142a-5p as a Driver of Retinal Degeneration in rd1 Mice.
41595581	disease_cell_composition	high		human	retina	2025	Single-Cell Transcriptomics on  PRPF31 -Mutated Retinal Organoids Reveal Early Müller Glial Activation and Progressive Photoreceptor Degeneration
41190783	disease_cell_composition	high		mouse	retina	2026	Single-Cell RNA Sequencing of Retina Reveals Nna1 Upregulation in Myopic Diabetic Retinopathy as a Protective Factor Against Diabetic Damage.
41513693	disease_mechanism_background	low		mouse	retina	2026	Soluble guanylate cyclase deficiency drives retinal ganglion cell neurodegeneration with age in female mice through disrupted oxidative metabolism.
41252217	state_signature	low		both	retina	2026	Retinol tracing within murine neural retina reveals cell type-specific retinol transport and distribution.
41535549	state_signature	low		mouse	retina	2026	Microglial CX3CR1 deficiency regulates the selective vulnerability of cone photoreceptors via STAT3/CCL-ACKR1 signaling in the mouse retina.
41657893	state_signature	low		unknown	retina	2026	Microtubule dynamics in adult retinal ganglion cells and dorsal root ganglion neurons.
41649260	state_signature	med		mouse	retina	2026	Heterochronic transcription factor expression drives cone-dominant retina development in 13-lined ground squirrels.
41632798	disease_mechanism_background	low		human	retina	2026	Rare heterozygous missense variants in  VSX2  are associated with retinal detachment
41684508	composition_baseline	high		human	retina	2026	Interpretable Aging Signatures in Human Retinal Cell Types Revealed by Single-Cell RNA Sequencing and Sparse Logistic Regression.
41693810	composition_baseline	med		human	retina	2026	Total RNA and MicroRNA Transcriptomic Responses of Human Retinal Müller Glial Cells to Infection with  Toxoplasma gondii  Tachyzoites
41361249	state_signature	med		human	retina	2025	Human pluripotent stem cell-derived retinal ganglion cells: advances in differentiation and translational applications.
41560519	state_signature	low		mouse	retina	2026	Spatiotemporal dynamics of ecto-5'-nucleotidase (CD73) in mouse retina under physiological conditions.
41717290	composition_baseline	high		both	retina	2026	An atlas of cGAS-STING signaling in pathophysiological angiogenesis and retinal vascular homeostasis across species.
41706861	disease_mechanism_background	low		both	retina	2026	Disrupted energy metabolism is associated with retinal ganglion cell degeneration in autosomal dominant optic atrophy.
41728092	disease_mechanism_background	low		mouse	retina	2026	IL1A enhances TNF-induced retinal ganglion cell death.
41593663	state_signature	low		mouse	retina	2026	Microglial phagocytosis of bipolar cells triggers inner retinal degeneration in  Rs1 -KO mice
41629618	state_signature	med		mouse	retina	2026	Identification and validation of a novel ferroptosis-related gene signature associated with inherited retinal degeneration in Rd10 mice.
41743907	state_signature	med		mouse	retina	2026	Differentiation timing-dependent axon targeting and subtype specification in retinal ganglion cells.
41618348	state_signature	low		both	retina	2026	Systematic discovery of retina-enriched Rik genes identifies 1190005I06Rik as a novel modulator of visual signalling.
41744788	disease_mechanism_background	low		mouse	retina	2026	The Role of Autophagy-Lysosomal Pathways in Photoreceptor Death in the rd10 Mouse Model of Inherited Retinal Degeneration.
41789631	disease_mechanism_background	low		both	retina	2026	Endothelial UNC5B regulates blood‑retinal barrier homeostasis.
41777802	state_signature	med		human	retina	2025	In Vitro  retinal ganglion cell differentiation and enrichment under the scope: do subtypes matter?
41528844	disease_cell_composition	high		human	RPE,choroid,retina	2026	Single-cell multiome and enhancer connectome of human retinal pigment epithelium and choroid nominate causal variants in macular degeneration.
41816091	disease_mechanism_background	low		human	retina	2026	Serial Aqueous Humor Proteomics in Diabetic Macular Edema: Correlation of Novel Targets with Retinal Fluid Volume.
41691075	state_signature	low		other	retina	2026	Müller glial and microglial responses coupled to recovery of cone photoreceptors following limited cone ablation in zebrafish retina.
41849358	state_signature	med		mouse	retina	2026	Plagl1  regulates the retinal progenitor cell to Müller glial cell transition
41909700	state_signature	med		human	retina	2026	Organoid-microglia system for modeling the immune microenvironment of the brain and retina.
41709213	state_signature	low		mouse	retina	2026	St6gal1-mediated sialylation protects retinal ganglion cells by restraining microglial phagocytosis.
41899448	disease_mechanism_background	low		unknown	retina	2026	Role of Growth Hormone (GH) and Other Somatotropic Axis Elements in Retinal Neuroprotection.
41892278	disease_cell_composition	high		human	retina	2026	Astrocyte Heterogeneity and Metabolic Reprogramming: Mechanisms Governing Retinal Ganglion Cell Damage in Glaucoma.
41731009	disease_mechanism_background	med		human	retina	2026	PRPF8-associated retinitis pigmentosa variant induces human neural retina-autonomous photoreceptor defects.
41746734	state_signature	low		both	RPE,retina	2026	Splicing variants in MYRF cause partial loss of function in the retinal pigment epithelium leading to nanophthalmos.
41960189	disease_mechanism_background	low		unknown	RPE,retina	2026	CircAFF3 modulation of p53-ID2 signaling in the retinal pigment epithelium links inflammation with cell death in dry age-related macular degeneration.
41954328	disease_mechanism_background	low		both	retina	2026	Neuritin1  Cis -Regulatory Elements Enable Gene Expression Preferentially in Retinal Ganglion Cells
41791386	composition_baseline	med		human	retina	2026	Genomic characterization of sub-populations in human pluripotent stem cell-derived retinal progenitor cells driving retinal lamination.
41881262	state_signature	low		mouse	RPE,retina	2026	Age-dependent induction of ER stress in retinal pigment epithelium impairs phagocytosis  via  ADAM17-dependent MERTK shedding
41980459	disease_mechanism_background	low		human	retina	2026	Quercetin improves retinal glycolysis to slow myopia progression through orchestrating the AKT/FOXO/HK2 axis.
41922167	state_signature	med		mouse	retina	2026	Inducible CreER T2  Mouse Lines for Characterization of Retinal Bipolar Cell Subtypes
42023031	disease_mechanism_background	low		unknown	retina	2026	Vacuolar ATPase subunit Atp6v0c transgene promotes neuroprotection and long-distance axon regeneration in injured retinal ganglion neurons.
41803887	state_signature	low		mouse	retina	2026	Targeting Apolipoprotein E4 rescues photoreceptor degeneration by inhibiting the disease-associated microglia activation in experimental retinal detachment.
41927968	disease_mechanism_background	low		both	retina	2026	The 5-HT1A receptor antagonist WAY-100635 maleate promotes retinal ganglion cell differentiation and protects the retino-visual circuits.
41866494	disease_mechanism_background	low		human	RPE,retina	2026	Advances in retinal pigment epithelium transplantation for age-related macular degeneration: bridging biology to therapeutic frontiers.
42018650	state_signature	low		both	retina	2026	Spatial proteomic mapping of the human and mouse retina using IBEX.
42088349	state_signature	med		unknown	retina	2026	Extrinsic polarity cues control lamination versus cluster-based organization in vertebrate retinal development.
41851144	state_signature	low		both	retina	2026	Bst2-targeted senotherapy restores visual function by eliminating senescent retinal cells.
42080790	disease_mechanism_background	low		human	retina	2026	Suboptimal Responses to Anti-VEGF in Retinal Neurovascular Diseases: Linking Aging and Alternative Angioinflammatory Pathways.
42136644	state_signature	med		mouse	retina	2026	Single cell transcriptomic analysis reveals pathogenic cell heterogeneity and candidate inflammatory-associated markers in STZ-induced diabetic mouse retina.
41922335	disease_mechanism_background	med		both	retina	2026	Oxidative DNA damage drives apoptotic photoreceptor loss in  NMNAT1 -associated inherited retinal degeneration: a therapeutic opportunity
42096223	state_signature	med		mouse	retina	2026	The Transcription Factor 12 of Basic Helix-Loop-Helix Plays an Essential Role in Retinal Health.
41872221	state_signature	low		both	retina	2026	KIF11 prevents retinal endothelial ferroptosis in familial exudative vitreoretinopathy by inhibiting phosphorylation-driven PRDX1 phase separation.
42139353	state_signature	low		both	retina	2026	Functional targeting of PTTG1 in pericytes restores vascular integrity in diabetic retina.
41996242	disease_mechanism_background	low		human	retina	2026	Blocking apoptosis promotes survival and alters developmental dynamics of human retinal ganglion cells in retinal organoids.
42138518	state_signature	low		mouse	retina	2026	Single-Cell Sequencing Analysis Reveals Dysregulated Energy Metabolism and Altered Synaptic Connectivity in the Mouse Retina Following Dark Rearing.
42149032	state_signature	low		both	retina	2026	Integrin β3 Promotes Retinal Neovascularization via Endoplasmic Reticulum Stress-Mediated Endothelial Cell Senescence.
41957682	disease_mechanism_background	low		other	retina	2026	Integrating single-cell and spatial transcriptomics to reveal the spatiotemporal dynamics of retinal cells during ischemia-reperfusion injury progression in rats.
42212336	state_signature	low		both	retina	2026	Endothelial Klf9 fine-tunes Akt signaling to act as a transcriptional brake restraining retinal angiogenesis.
42200769	disease_mechanism_background	low		mouse	retina	2026	Perivascular Macrophages Are Associated With Permissive Sites of Immune Cell Extravasation in Retinal Venules.
40669155	state_signature	low		human	retina	2025	A neurobiology perspective on the assembly of retinal vasculature from 2D to 3D.
40976555	state_signature	low		mouse	retina	2026	Epac1 deletion attenuates Müller glial pathological activation and mitigates retinal neurodegeneration in ischemia-induced retinopathy.
40355064	state_signature	low		other	retina	2025	Depletion of Polypyrimidine tract binding protein 1 ( ptbp1 ) activates Müller glia-derived proliferation during zebrafish retina regeneration via modulation of the senescence secretome
42069589	disease_mechanism_background	low		mouse	retina	2026	Acarbose modulates microglial Pkm2 acetylation to reshape immunometabolism and preserve retinal neurons after ischemia-reperfusion.
31936811	state_signature	low		both	retina	2020	Neurogenesis and Specification of Retinal Ganglion Cells.
32081919	state_signature	med		both	retina	2020	Investigating cone photoreceptor development using patient-derived NRL null retinal organoids.
32211407	state_signature	low		human	retina	2020	Patient-Specific Retinal Organoids Recapitulate Disease Features of Late-Onset Retinitis Pigmentosa.
32069977	disease_cell_composition	curated		human	retina	2020	Single-Cell RNA Sequencing in Human Retinal Degeneration Reveals Distinct Glial Cell Populations.
32150546	state_signature	med		mouse	retina	2020	Modeling binary and graded cone cell fate patterning in the mouse retina.
32192535	state_signature	med		mouse	retina	2020	Cis-regulatory analysis of Onecut1 expression in fate-restricted retinal progenitor cells.
32111086	state_signature	low		human	retina	2020	Inherited Eye Diseases with Retinal Manifestations through the Eyes of Homeobox Genes.
32231223	state_signature	med		human	RPE,retina	2020	Identification of cell surface markers and establishment of monolayer differentiation to retinal pigment epithelial cells.
32183063	disease_mechanism_background	low		human	retina	2020	From Rust to Quantum Biology: The Role of Iron in Retina Physiopathology.
32313077	disease_mechanism_background	low		both	ciliary_body,retina	2020	Impacts of ciliary neurotrophic factor on the retinal transcriptome in a mouse model of photoreceptor degeneration.
32426353	disease_mechanism_background	low		unknown	retina	2020	Aerobic Glycolysis in the Retina: Functional Roles of Pyruvate Kinase Isoforms.
32347797	state_signature	med		human	retina	2020	OTX2 represses sister cell fate choices in the developing retina to promote photoreceptor specification.
32396062	disease_mechanism_background	low		mouse	retina	2020	Tgfb3 collaborates with PP2A and notch signaling pathways to inhibit retina regeneration.
32523990	state_signature	low		both	retina	2020	Generation of self-organized sensory ganglion organoids and retinal ganglion cells from fibroblasts.
32547367	state_signature	low		mouse	retina	2020	Increased Connexin36 Phosphorylation in AII Amacrine Cell Coupling of the Mouse Myopic Retina.
32555229	composition_baseline	curated		human	retina	2020	Cell Atlas of The Human Fovea and Peripheral Retina.
32655363	disease_mechanism_background	med		mouse	retina	2020	Non-photoreceptor Expression of  Tulp1  May Contribute to Extensive Retinal Degeneration in  Tulp1-/-  Mice
32670023	disease_mechanism_background	low		mouse	retina	2020	Small-Medium Extracellular Vesicles and Their miRNA Cargo in Retinal Health and Degeneration: Mediators of Homeostasis, and Vehicles for Targeted Gene Therapy.
32620864	state_signature	med		both	retina	2020	Comprehensive identification of mRNA isoforms reveals the diversity of neural cell-surface molecules with roles in retinal development and disease.
32678240	state_signature	low		human	retina	2020	Dual SMAD inhibition and Wnt inhibition enable efficient and reproducible differentiations of induced pluripotent stem cells into retinal ganglion cells.
32319201	state_signature	med		human	RPE,retina	2020	Preclinical safety studies of human embryonic stem cell-derived retinal pigment epithelial cells for the treatment of age-related macular degeneration.
32150248	composition_baseline	med		both	retina	2020	Transcriptomic Analysis of the Developmental Similarities and Differences Between the Native Retina and Retinal Organoids.
32191288	state_signature	low		mouse	retina	2020	Expression and Localization of  Kcne2  in the Vertebrate Retina
32922261	disease_mechanism_background	low		human	retina	2020	Research Models and Gene Augmentation Therapy for  CRB1  Retinal Dystrophies
32870927	state_signature	low		human	retina	2020	A mega-analysis of expression quantitative trait loci in retinal tissue.
32699896	state_signature	med		other	retina	2020	Different lineage contexts direct common pro-neural factors to specify distinct retinal cell subtypes.
32946783	composition_baseline	curated		human	retina	2020	Cell Types of the Human Retina and Its Organoids at Single-Cell Resolution.
33043015	state_signature	low		mouse	retina	2020	On the Generation and Regeneration of Retinal Ganglion Cells.
32960171	disease_mechanism_background	low		mouse	retina	2020	Homeostatic plasticity in the retina is associated with maintenance of night vision during retinal degenerative disease.
32986815	state_signature	med		mouse	retina	2020	Jmjd3 Plays Pivotal Roles in the Proper Development of Early-Born Retinal Lineages: Amacrine, Horizontal, and Retinal Ganglion Cells.
33072724	state_signature	med		human	retina	2020	Cell Development Deficiency and Gene Expression Dysregulation of Trisomy 21 Retina Revealed by Single-Nucleus RNA Sequencing.
33117606	disease_mechanism_background	low		mouse	retina	2020	Probing ON and OFF Retinal Pathways in Glaucoma Using Electroretinography.
32557945	disease_cell_composition	high		human	retina	2020	Mapping developmental trajectories and subtype diversity of normal and glaucomatous human retinal ganglion cells by single-cell transcriptome analysis.
33173609	method_reference	low		human	optic_nerve,retina	2020	Laser Capture Microdissection-Based RNA Microsequencing Reveals Optic Nerve Crush-Related Early mRNA Alterations in Retinal Ganglion Cell Layer.
40043699	composition_baseline	high		mouse	retina	2025	Altered proportions of retinal cell types and distinct visual codes in rodents occupying divergent ecological niches.
33194824	state_signature	med		human	retina	2020	Implications of TORCH Diseases in Retinal Development-Special Focus on Congenital Toxoplasmosis.
33096050	disease_mechanism_background	low		both	retina	2020	Quick Commitment and Efficient Reprogramming Route of Direct Induction of Retinal Ganglion Cell-like Neurons.
33022222	disease_mechanism_background	low		human	retina	2020	Structural Variants Create New Topological-Associated Domains and Ectopic Retinal Enhancer-Gene Contact in Dominant Retinitis Pigmentosa.
33141024	disease_mechanism_background	low		other	retina	2020	Asymmetric neurogenic commitment of retinal progenitors involves Notch through the endocytic pathway.
33246504	state_signature	low		mouse	retina	2020	An allosteric interleukin-1 receptor modulator mitigates inflammation and photoreceptor toxicity in a model of retinal degeneration.
33047885	disease_mechanism_background	low		human	RPE,retina	2020	Exosomes mediate an epithelial-mesenchymal transition cascade in retinal pigment epithelial cells: Implications for proliferative vitreoretinopathy.
32394959	composition_baseline	med		human	retina	2020	Using single cell transcriptomics to study the complexity of human retina.
33293601	state_signature	med		human	retina	2020	The potential role of Arhgef33 RhoGEF in foveal development in the zebra finch retina.
33288502	method_reference	low		human	retina	2020	Retinal ganglion cell interactions shape the developing mammalian visual system.
32863184	disease_mechanism_background	low		mouse	retina	2020	Retinal homeostasis and metformin-induced protection are not affected by retina-specific  Pparδ  knockout
33361444	state_signature	med		human	retina	2020	Retinal organoids: a window into human retinal development.
33393903	composition_baseline	high		mouse	retina	2021	A cell atlas of the chick retina based on single-cell transcriptomics.
33500412	state_signature	low		mouse	retina	2021	High-pH reversed-phase fractionated neural retina proteome of normal growing C57BL/6 mouse.
33563331	state_signature	med		unknown	retina	2021	Epigenetic regulation of retinal development.
33585455	disease_mechanism_background	low		both	choroid,retina	2020	Secreted Phosphoprotein 1 Expression in Retinal Mononuclear Phagocytes Links Murine to Human Choroidal Neovascularization.
33513359	state_signature	med		human	retina	2021	Gene Therapy of Dominant  CRX -Leber Congenital Amaurosis using Patient Stem Cell-Derived Retinal Organoids
33598455	state_signature	med		other	retina	2020	The Regenerating Adult Zebrafish Retina Recapitulates Developmental Fate Specification Programs.
33665228	method_reference	high		both	retina	2021	A universal protocol for isolating retinal ON bipolar cells across species via fluorescence-activated cell sorting.
32859800	state_signature	low		other	retina	2021	Inhibition of GABA A -ρ receptors induces retina regeneration in zebrafish
32023475	method_reference	high		human	retina	2020	Single-Cell Transcriptomic Comparison of Human Fetal Retina, hPSC-Derived Retinal Organoids, and Long-Term Retinal Cultures.
33627831	state_signature	low		both	retina	2021	βA1-crystallin regulates glucose metabolism and mitochondrial function in mouse retinal astrocytes by modulating PTP1B activity.
33644046	state_signature	med		human	retina	2021	The Impact of Particulate Matter (PM2.5) on Human Retinal Development in hESC-Derived Retinal Organoids.
32493732	state_signature	low		unknown	retina	2021	Retinoids in the visual cycle: role of the retinal G protein-coupled receptor.
33616620	state_signature	low		mouse	RPE,retina	2021	Morphometric Analysis of Retinal Pigment Epithelial Cells From C57BL/6J Mice During Aging.
33673358	state_signature	low		human	retina	2021	The Alter Retina: Alternative Splicing of Retinal Genes in Health and Disease.
33188005	state_signature	low		mouse	retina	2021	Glycinergic Inhibition Targets Specific Off Cone Bipolar Cells in Primate Retina.
33654266	state_signature	low		human	retina	2021	Identification of genetic factors influencing metabolic dysregulation and retinal support for MacTel, a retinal disorder.
33674582	state_signature	med		mouse	retina	2021	Single cell transcriptomics reveals lineage trajectory of retinal ganglion cells in wild-type and  Atoh7 -null retinas
33712461	state_signature	med		mouse	retina	2021	Atoh7-independent specification of retinal ganglion cell identity.
33816648	state_signature	low		both	retina	2021	Transplantation of miPSC/mESC-derived retinal ganglion cells into healthy and glaucomatous retinas.
33799353	state_signature	low		human	retina	2021	The Impact of Modern Technologies on Molecular Diagnostic Success Rates, with a Focus on Inherited Retinal Dystrophy and Hearing Loss.
33799827	disease_mechanism_background	low		other	optic_nerve,retina	2021	Retinal Genomic Fabric Remodeling after Optic Nerve Injury.
33662384	state_signature	low		unknown	retina	2021	Cholesterol homeostasis in the vertebrate retina: biology and pathobiology.
33981252	disease_mechanism_background	low		other	retina	2021	Microglial Activation Is Associated With Vasoprotection in a Rat Model of Inflammatory Retinal Vasoregression.
34006945	disease_cell_composition	curated		human	retina	2021	In-depth transcriptomic analysis of human retina reveals molecular mechanisms underlying diabetic retinopathy.
34025363	state_signature	med		human	retina	2021	Organoids for the Study of Retinal Development and Developmental Abnormalities.
34040115	state_signature	low		both	retina	2021	A potential role for somatostatin signaling in regulating retinal neurogenesis.
34055784	composition_baseline	med		human	retina	2021	Single Cell Transcriptomic Analyses Reveal the Impact of bHLH Factors on Human Retinal Organoid Development.
33934486	state_signature	low		human	RPE,retina	2021	RNA-seq analysis of ageing human retinal pigment epithelium: Unexpected up-regulation of visual cycle gene transcription.
34199494	disease_mechanism_background	low		human	retina	2021	Multifactorial Pathogenic Processes of Retinal Ganglion Cell Degeneration in Glaucoma towards Multi-Target Strategies for Broader Treatment Effects.
34070383	disease_mechanism_background	low		mouse	RPE,retina	2021	Erythropoietin Gene Therapy Delays Retinal Degeneration Resulting from Oxidative Stress in the Retinal Pigment Epithelium.
34207050	state_signature	med		human	ciliary_body,retina	2021	Retinal Stem Cell 'Retirement Plans': Growth, Regulation and Species Adaptations in the Retinal Ciliary Marginal Zone.
34100385	state_signature	low		both	retina	2021	Distinctive waves of innate immune response in the retina in experimental autoimmune encephalomyelitis.
33784255	disease_mechanism_background	low		mouse	RPE,retina	2021	An inducible Cre mouse for studying roles of the RPE in retinal physiology and disease.
34209272	state_signature	med		human	retina	2021	The Role of Small Molecules and Their Effect on the Molecular Mechanisms of Early Retinal Organoid Development.
33318446	method_reference	high		mouse	retina	2021	A standardized crush tool to produce consistent retinal ganglion cell damage in mice.
34259817	state_signature	low		human	retina	2021	Composition of the Inner Nuclear Layer in Human Retina.
34691611	composition_baseline	curated		human	retina	2021	A single-cell transcriptome atlas of the aging human and macaque retina.
34356611	state_signature	med		human	retina	2021	Stem Cell-Based Regeneration and Restoration for Retinal Ganglion Cell: Recent Advancements and Current Challenges.
33019822	state_signature	low		both	retina	2021	Genetic Rescue of X-Linked Retinoschisis Mouse ( Rs1 −/y ) Retina Induces Quiescence of the Retinal Microglial Inflammatory State Following AAV8- RS1  Gene Transfer and Identifies Gene Networks Underlying Retinal Recovery
34315877	state_signature	med		both	retina	2021	Retinoblastoma from human stem cell-derived retinal organoids.
34321516	disease_mechanism_background	low		mouse	retina	2021	Gene expression profile of the murine ischemic retina and its response to Aflibercept (VEGF-Trap).
34341398	disease_cell_composition	high		human	retina	2021	Implication of specific retinal cell-type involvement and gene expression changes in AMD progression using integrative analysis of single-cell and bulk RNA-seq profiling.
34360929	composition_baseline	high		mouse	retina	2021	Cell Types and Synapses Expressing the SNARE Complex Regulating Proteins Complexin 1 and Complexin 2 in Mammalian Retina.
33516874	disease_mechanism_background	low		both	retina	2021	Mutant three-repeat tau expression initiates retinal ganglion cell death through Caspase-2.
34434927	disease_cell_composition	high		human	retina	2021	Single-Cell Transcriptome Profiling Reveals the Suppressive Role of Retinal Neurons in Microglia Activation Under Diabetes Mellitus.
34485594	state_signature	low		both	retina	2021	Characterizing the cellular immune response to subretinal AAV gene therapy in the murine retina.
34440682	disease_mechanism_background	low		human	retina	2021	Kinins and Their Receptors as Potential Therapeutic Targets in Retinal Pathologies.
34445064	state_signature	med		human	retina	2021	Regulatory Mechanisms of Retinal Photoreceptors Development at Single Cell Resolution.
34465369	disease_mechanism_background	med		both	retina	2021	Functional microRNA targetome undergoes degeneration-induced shift in the retina.
33400844	state_signature	low		both	retina	2021	NRL −/−  gene edited human embryonic stem cells generate rod‐deficient retinal organoids enriched in S‐cone‐like photoreceptors
34544421	state_signature	med		mouse	choroid,retina	2021	The role of interferon regulatory factor 8 for retinal tissue homeostasis and development of choroidal neovascularisation.
34390651	state_signature	low		mouse	retina	2021	Direction selectivity in retinal bipolar cell axon terminals.
34518365	state_signature	low		mouse	retina	2021	Glycogen Synthase Kinase 3 Regulates the Genesis of Displaced Retinal Ganglion Cells3.
34562309	state_signature	low		mouse	retina	2021	Quantitative proteomic analysis after neuroprotective MyD88 inhibition in the retinal degeneration 10 mouse.
34649511	state_signature	low		mouse	retina	2021	Identification of long noncoding RNAs in injury-resilient and injury-susceptible mouse retinal ganglion cells.
34638582	state_signature	med		human	retina	2021	Retinal Organoid Technology: Where Are We Now?
34420069	state_signature	low		human	retina	2021	A look into retinal organoids: methods, analytical techniques, and applications.
33051815	state_signature	low		other	retina	2021	Deciphering primate retinal aging at single-cell resolution.
34677125	disease_mechanism_background	med		mouse	retina	2021	mTORC1-induced retinal progenitor cell overproliferation leads to accelerated mitotic aging and degeneration of descendent Müller glia.
34653402	state_signature	med		human	retina	2021	Allele-specific gene editing to rescue dominant  CRX -associated LCA7 phenotypes in a retinal organoid model
34790663	state_signature	low		other	retina	2021	A Comparative Analysis of Gene and Protein Expression Throughout a Full 28-Day Retinal Regeneration Time-Course in Adult Zebrafish.
33307245	composition_baseline	med		human	RPE,retina	2021	Transcriptomic Profiling of Human Pluripotent Stem Cell-derived Retinal Pigment Epithelium over Time.
34788628	state_signature	med		both	retina	2021	Gene regulatory networks controlling temporal patterning, neurogenesis, and cell-fate specification in mammalian retina.
34782554	state_signature	low		human	retina	2022	Retinal regeneration requires dynamic Notch signaling.
34782571	state_signature	low		unknown	retina	2022	Guardians of the eye: new tales about retinal microglia and other ocular macrophages.
34846518	state_signature	low		mouse	retina	2021	Gap Junctional Coupling Between Retinal Astrocytes Exacerbates Neuronal Damage in Ischemia-Reperfusion Injury.
34872632	state_signature	low		other	retina	2021	Mechanisms underlying microglial colonization of developing neural retina in zebrafish.
34884622	state_signature	low		human	retina	2021	Risk Mitigation of Immunogenicity: A Key to Personalized Retinal Gene Therapy.
34946963	state_signature	med		human	retina	2021	Single Cell Sequencing of Induced Pluripotent Stem Cell Derived Retinal Ganglion Cells (iPSC-RGC) Reveals Distinct Molecular Signatures and RGC Subtypes.
34955757	method_reference	low		human	retina	2021	Retinal Organoids Long-Term Functional Characterization Using Two-Photon Fluorescence Lifetime and Hyperspectral Microscopy.
34948115	state_signature	low		mouse	choroid,retina	2021	Immunosenescence in Choroidal Neovascularization (CNV)-Transcriptional Profiling of Naïve and CNV-Associated Retinal Myeloid Cells during Aging.
34977041	composition_baseline	curated		human	RPE,retina	2021	A Single-Cell Transcriptome Atlas of the Human Retinal Pigment Epithelium.
34971428	state_signature	low		mouse	retina	2021	eNOS controls angiogenic sprouting and retinal neovascularization through the regulation of endothelial cell polarity.
35017532	state_signature	med		mouse	retina	2022	Identification of a modular super-enhancer in murine retinal development.
35095414	state_signature	low		human	retina	2021	Temporal and Isoform-Specific Expression of  CTBP2  Is Evolutionarily Conserved Between the Developing Chick and Human Retina
35030321	state_signature	low		human	RPE,retina	2022	Inducing human retinal pigment epithelium-like cells from somatic tissue.
35045975	method_reference	low		mouse	retina	2022	Mouse Lines with Cre-Mediated Recombination in Retinal Amacrine Cells.
35190581	state_signature	low		mouse	retina	2022	EML1 is essential for retinal photoreceptor migration and survival.
35223853	state_signature	med		mouse	retina	2022	Essential Functions of MLL1 and MLL2 in Retinal Development and Cone Cell Maintenance.
35216333	disease_mechanism_background	low		both	RPE,retina	2022	A Splicing Mutation in  Slc4a5  Results in Retinal Detachment and Retinal Pigment Epithelium Dysfunction
35212809	state_signature	low		both	retina	2022	CD73 controls ocular adenosine levels and protects retina from light-induced phototoxicity.
35264685	disease_mechanism_background	low		mouse	retina	2022	Adiponectin accumulation in the retinal vascular endothelium and its possible role in preventing early diabetic microvascular damage.
35269428	state_signature	med		human	retina	2022	Deciphering the Retinal Epigenome during Development, Disease and Reprogramming: Advancements, Challenges and Perspectives.
35269767	disease_mechanism_background	low		both	retina	2022	Deficiency in Retinal TGFβ Signaling Aggravates Neurodegeneration by Modulating Pro-Apoptotic and MAP Kinase Pathways.
35283756	method_reference	low		unknown	retina	2022	Variability in Retinal Neuron Populations and Associated Variations in Mass Transport Systems of the Retina in Health and Aging.
35245286	disease_mechanism_background	med		other	retina	2022	Rod genesis driven by  mafba  in an  nrl  knockout zebrafish model with altered photoreceptor composition and progressive retinal degeneration
35298655	method_reference	high		human	retina	2022	Human Retinal Organoids Provide a Suitable Tool for Toxicological Investigations: A Comprehensive Validation Using Drugs and Compounds Affecting the Retina.
35309305	state_signature	low		human	optic_nerve,retina	2022	Neuroinflammation, Microglia and Implications for Retinal Ganglion Cell Survival and Axon Regeneration in Traumatic Optic Neuropathy.
35356684	state_signature	low		mouse	retina	2022	VEGFA -targeting miR-agshRNAs combine efficacy with specificity and safety for retinal gene therapy
35315776	disease_mechanism_background	low		both	retina	2022	Retinoic acid signaling mediates peripheral cone photoreceptor survival in a mouse model of retina degeneration.
35314028	state_signature	low		other	retina	2022	Strip1 regulates retinal ganglion cell survival by suppressing Jun-mediated apoptosis to promote retinal neural circuit formation.
35191836	state_signature	low		mouse	retina	2022	Diversification of multipotential postmitotic mouse retinal ganglion cell precursors into discrete types.
35359806	state_signature	low		mouse	retina	2022	MLL5 is involved in retinal photoreceptor maturation through facilitating CRX-mediated photoreceptor gene transactivation.
35371110	state_signature	med		both	retina	2022	In-Depth Molecular Profiling Specifies Human Retinal Microglia Identity.
35365237	state_signature	med		mouse	retina	2022	Chaperone-mediated autophagy plays an important role in regulating retinal progenitor cell homeostasis.
35363247	state_signature	low		unknown	retina	2022	Monocarboxylate Transporter 1 (MCT1) Mediates Succinate Export in the Retina.
35148987	state_signature	low		mouse	retina	2022	Identification of  cis -regulatory modules for adeno-associated virus-based cell-type-specific targeting in the retina and brain
35383196	disease_mechanism_background	low		both	retina	2022	In vivo base editing rescues cone photoreceptors in a mouse model of early-onset inherited retinal degeneration.
35401124	state_signature	low		mouse	retina	2022	Adult Expression of Tbr2 Is Required for the Maintenance but Not Survival of Intrinsically Photosensitive Retinal Ganglion Cells.
35167498	state_signature	low		both	retina	2022	Triglyceride-derived fatty acids reduce autophagy in a model of retinal angiomatous proliferation.
35401507	disease_mechanism_background	low		mouse	retina	2022	Hydroxychloroquine Alleviates EAU by Inhibiting Uveitogenic T Cells and Ameliorating Retinal Vascular Endothelial Cells Dysfunction.
35394492	method_reference	low		mouse	choroid,retina	2022	Identification of CD157-Positive Vascular Endothelial Stem Cells in Mouse Retinal and Choroidal Vessels: Fluorescence-Activated Cell Sorting Analysis.
35406683	method_reference	low		unknown	retina	2022	Brain and Retinal Organoids for Disease Modeling: The Importance of In Vitro Blood-Brain and Retinal Barriers Studies.
35408803	disease_mechanism_background	low		mouse	retina	2022	Transcriptional and Distributional Profiling of Microglia in Retinal Angiomatous Proliferation.
35413909	disease_cell_composition	high		mouse	retina	2022	Single-cell RNA sequencing of the retina in a model of retinitis pigmentosa reveals early responses to degeneration in rods and cones.
35433694	state_signature	low		mouse	retina	2022	Critical Examination of Müller Glia-Derived  in vivo  Neurogenesis in the Mouse Retina
35493094	state_signature	med		human	retina	2022	Patterning and Development of Photoreceptors in the Human Retina.
35325233	state_signature	med		human	retina	2022	pRB-Depleted Pluripotent Stem Cell Retinal Organoids Recapitulate Cell State Transitions of Retinoblastoma Development and Suggest an Important Role for pRB in Retinal Cell Differentiation.
35481838	state_signature	med		human	retina	2022	Retinal Phenotype of Patients with  CLRN1 -Associated Usher 3A Syndrome in French Light4Deaf Cohort
35165951	state_signature	low		human	retina	2022	Retinal organoids derived from rhesus macaque iPSCs undergo accelerated differentiation compared to human stem cells.
35167652	disease_mechanism_background	curated		both	retina	2022	Müller Glial Expression of REDD1 Is Required for Retinal Neurodegeneration and Visual Dysfunction in Diabetic Mice.
35565295	state_signature	low		human	retina	2022	RB1 -Negative Retinal Organoids Display Proliferation of Cone Photoreceptors and Loss of Retinal Differentiation
35615708	composition_baseline	med		human	retina	2022	Quantitative single-cell transcriptome-based ranking of engineered AAVs in human retinal explants.
35452679	state_signature	med		mouse	retina	2022	Lysophosphatidylcholine acyltransferase 1 controls mitochondrial reactive oxygen species generation and survival of retinal photoreceptor cells.
35619143	disease_mechanism_background	med		human	retina	2022	Human-induced pluripotent stem cells-derived retinal pigmented epithelium, a new horizon for cells-based therapies for age-related macular degeneration.
35685368	state_signature	med		both	retina	2022	Genome-wide characterization of RNA editing highlights roles of high editing events of glutamatergic synapse during mouse retinal development.
34908112	state_signature	low		both	optic_nerve,retina	2022	Selective retinal ganglion cell loss and optic neuropathy in a humanized mouse model of familial dysautonomia.
35394873	state_signature	low		mouse	optic_nerve,retina	2022	Monocyte-derived SDF1 supports optic nerve regeneration and alters retinal ganglion cells' response to Pten deletion.
35594404	state_signature	low		human	retina	2022	Electrical responses from human retinal cone pathways associate with a common genetic polymorphism implicated in myopia.
35722432	disease_cell_composition	high		unknown	retina	2022	Single-cell transcriptomic analysis revealing changes in retinal cell subpopulation levels and the pathways involved in diabetic retinopathy.
35675330	state_signature	low		both	retina	2022	Identification of  Arhgef12  and  Prkci  as genetic modifiers of retinal dysplasia in the  Crb1 rd8  mouse model
35523177	method_reference	low		unknown	retina	2022	Differentiation of brain and retinal organoids from confluent cultures of pluripotent stem cells connected by nerve-like axonal projections of optic origin.
35705015	state_signature	med		human	RPE,retina	2022	Molecular profiling of stem cell-derived retinal pigment epithelial cell differentiation established for clinical translation.
35740479	state_signature	med		both	retina	2022	Self-Organization of the Retina during Eye Development, Retinal Regeneration In Vivo, and in Retinal 3D Organoids In Vitro.
35784369	state_signature	low		human	retina	2022	As in Real Estate, Location Matters: Cellular Expression of Complement Varies Between Macular and Peripheral Regions of the Retina and Supporting Tissues.
32937137	state_signature	med		both	retina	2020	LIM-Homeodomain Transcription Factor LHX4 Is Required for the Differentiation of Retinal Rod Bipolar Cells and OFF-Cone Bipolar Subtypes.
35705048	disease_mechanism_background	low		human	retina	2022	Inflammatory adipose activates a nutritional immunity pathway leading to retinal dysfunction.
35789843	state_signature	med		human	retina	2022	A systematic characterization of microglia-like cell occurrence during retinal organoid differentiation.
35633292	state_signature	med		human	retina	2022	Somatostatin signalling promotes the differentiation of rod photoreceptors in human pluripotent stem cell-derived retinal organoid.
35844208	state_signature	low		unknown	retina	2022	Necroptosis and Neuroinflammation in Retinal Degeneration.
35859009	disease_mechanism_background	low		mouse	RPE,retina	2022	Single-cell transcriptome of the mouse retinal pigment epithelium in response to a low-dose of doxorubicin.
35861670	disease_mechanism_background	low		mouse	retina	2022	Deletion of Protein Phosphatase 2A Accelerates Retinal Degeneration in GRK1- and Arr1-Deficient Mice.
35882847	disease_cell_composition	high		human	RPE,retina	2022	Transcriptomic and proteomic retinal pigment epithelium signatures of age-related macular degeneration.
35966201	state_signature	low		unknown	retina	2022	Reduced Expression of TMEM16A Impairs Nitric Oxide-Dependent Cl −  Transport in Retinal Amacrine Cells
35830791	method_reference	low		mouse	retina	2022	Unified classification of mouse retinal ganglion cells using function, morphology, and gene expression.
35948585	state_signature	low		mouse	retina	2022	Drinking hydrogen water improves photoreceptor structure and function in retinal degeneration 6 mice.
35939707	disease_mechanism_background	low		both	RPE,retina	2022	DARPP32, a target of hyperactive mTORC1 in the retinal pigment epithelium.
36035999	state_signature	med		unknown	retina	2022	Subtype-specific survival and regeneration of retinal ganglion cells in response to injury.
36006018	disease_cell_composition	high		human	retina	2022	Retinal Transcriptome and Cellular Landscape in Relation to the Progression of Diabetic Retinopathy.
35831910	disease_mechanism_background	low		both	RPE,retina	2022	Complement activation contributes to subretinal fibrosis through the induction of epithelial-to-mesenchymal transition (EMT) in retinal pigment epithelial cells.
36070393	disease_mechanism_background	low		both	retina	2022	Mutations in  BCOR , a co-repressor of  CRX/OTX2 , are associated with early-onset retinal degeneration
36078045	state_signature	low		unknown	retina	2022	A New Model Organism to Investigate Extraocular Photoreception: Opsin and Retinal Gene Expression in the Sea Urchin  Paracentrotus lividus
36091370	state_signature	low		both	retina	2022	Long term high glucose exposure induces premature senescence in retinal endothelial cells.
36076283	state_signature	med		mouse	retina	2022	Regulating microglial miR-155 transcriptional phenotype alleviates Alzheimer’s-induced retinal vasculopathy by limiting Clec7a/Galectin-3 +  neurodegenerative microglia
36088481	disease_cell_composition	high		both	retina	2022	Single cell RNA sequencing confirms retinal microglia activation associated with early onset retinal degeneration.
35980290	disease_mechanism_background	low		mouse	retina	2022	MiR-375 mitigates retinal angiogenesis by depressing the JAK2/STAT3 pathway.
36110094	disease_mechanism_background	med		unknown	retina	2022	Complement C3a receptor inactivation attenuates retinal degeneration induced by oxidative damage.
35985423	disease_mechanism_background	low		both	retina	2022	Isocitrate dehydrogenase 3b is required for spermiogenesis but dispensable for retinal viability.
36119084	disease_mechanism_background	med		both	retina	2022	Integrated multi-omics reveals the activated retinal microglia with intracellular metabolic reprogramming contributes to inflammation in STZ-induced early diabetic retinopathy.
36114457	state_signature	med		human	retina	2022	Boolean implication analysis of single-cell data predicts retinal cell type markers.
36127701	state_signature	low		mouse	retina	2022	Activation of oxytocin receptors in mouse GABAergic amacrine cells modulates retinal dopaminergic signaling.
36139394	disease_mechanism_background	low		other	retina	2022	Proteomic Analysis of Retinal Mitochondria-Associated ER Membranes Identified Novel Proteins of Retinal Degeneration in Long-Term Diabetes.
36142331	state_signature	med		mouse	RPE,retina	2022	Single-Cell RNA Sequencing Reveals Molecular Features of Heterogeneity in the Murine Retinal Pigment Epithelium.
36135979	disease_mechanism_background	low		mouse	retina	2022	Biological Correlations and Confounders for Quantification of Retinal Ganglion Cells by Optical Coherence Tomography Based on Studies of Outbred Mice.
36200040	state_signature	low		mouse	retina	2022	Ectopic insert-dependent neuronal expression of GFAP promoter-driven AAV constructs in adult mouse retina.
36212698	state_signature	low		both	retina	2022	Intrinsically photosensitive retinal ganglion cells in glaucoma.
36231108	state_signature	low		human	RPE,retina	2022	Global Transcriptional and Epigenetic Reconfiguration during Chemical Reprogramming of Human Retinal Pigment Epithelial Cells into Photoreceptor-like Cells.
36261683	state_signature	low		human	optic_nerve,retina	2022	Elk-1 regulates retinal ganglion cell axon regeneration after injury.
36261438	state_signature	low		human	retina	2022	HBEGF-TNF induce a complex outer retinal pathology with photoreceptor cell extrusion in human organoids.
36277849	composition_baseline	med		human	retina	2022	Single-cell multiome of the human retina and deep learning nominate causal variants in complex eye diseases.
36289494	state_signature	low		mouse	retina	2022	Single-cell RNA sequencing reveals a landscape and targeted treatment of ferroptosis in retinal ischemia/reperfusion injury.
36293024	disease_cell_composition	high		mouse	retina	2022	Single-Cell Transcriptomic Profiling in Inherited Retinal Degeneration Reveals Distinct Metabolic Pathways in Rod and Cone Photoreceptors.
36293245	state_signature	med		unknown	retina	2022	Cell Fate of Retinal Progenitor Cells: In Ovo UbC-StarTrack Analysis.
35705053	state_signature	low		unknown	retina	2022	Genetic loss of function of  Ptbp1  does not induce glia-to-neuron conversion in retina
36320068	disease_mechanism_background	low		unknown	retina	2022	Transgenic animal models to explore and modulate the blood brain and blood retinal barriers of the CNS.
36331259	composition_baseline	med		human	retina	2022	Single-Cell Transcriptomic Profiling of Human Retinal Organoids Revealed a Role of IGF1-PHLDA1 Axis in Photoreceptor Precursor Specification.
36388952	disease_mechanism_background	low		both	retina	2022	Transplanted human induced pluripotent stem cells- derived retinal ganglion cells embed within mouse retinas and are electrophysiologically functional.
36359825	state_signature	med		human	retina	2022	Bioengineering Human Pluripotent Stem Cell-Derived Retinal Organoids and Optic Vesicle-Containing Brain Organoids for Ocular Diseases.
35817658	state_signature	med		human	retina	2022	Cell fate decisions, transcription factors and signaling during early retinal development.
36240775	disease_mechanism_background	low		human	retina	2022	Molecular pathology of Usher 1B patient-derived retinal organoids at single cell resolution.
36408112	state_signature	low		human	RPE,choroid,retina	2022	Intercellular communication analysis of the human retinal pigment epithelial and choroidal cells predicts pathways associated with aging, cellular senescence and age-related macular degeneration.
36408381	disease_mechanism_background	low		human	RPE,retina	2022	Exploring the pathogenesis of age-related macular degeneration: A review of the interplay between retinal pigment epithelium dysfunction and the innate immune system.
36243009	method_reference	low		human	retina	2022	Multi-omics approach dissects  cis -regulatory mechanisms underlying North Carolina macular dystrophy, a retinal enhanceropathy
36417510	disease_mechanism_background	low		mouse	retina	2022	Reprogramming Müller glia to regenerate ganglion-like cells in adult mouse retina with developmental transcription factors.
36454214	disease_mechanism_background	low		both	retina	2022	Amino acid transporter SLC38A5 regulates developmental and pathological retinal angiogenesis.
36459087	state_signature	med		mouse	retina	2022	m 6 A epitranscriptomic modification regulates neural progenitor-to-glial cell transition in the retina
36494376	state_signature	low		human	retina	2022	Bulk RNA sequencing analysis of developing human induced pluripotent cell-derived retinal organoids.
36497013	disease_mechanism_background	low		unknown	retina	2022	Cell Sources for Retinal Regeneration: Implication for Data Translation in Biomedicine of the Eye.
36498991	state_signature	low		both	retina	2022	The Role of Interferon Regulatory Factor 1 in Regulating Microglial Activation and Retinal Inflammation.
36498926	disease_mechanism_background	low		mouse	retina	2022	Inhibition of the MAPK/c-Jun-EGR1 Pathway Decreases Photoreceptor Cell Death in the  rd1  Mouse Model for Inherited Retinal Degeneration
36524119	state_signature	low		unknown	retina	2022	More than meets the eye: The role of microglia in healthy and diseased retina.
36533134	disease_cell_composition	high		other	retina	2022	Single-cell RNA sequencing reveals the Müller subtypes and inner blood-retinal barrier regulatory network in early diabetic retinopathy.
36539414	state_signature	med		both	RPE,retina	2022	IL-4 induces reparative phenotype of RPE cells and protects against retinal neurodegeneration via Nrf2 activation.
36368332	state_signature	low		human	retina	2022	Directly induced human retinal ganglion cells mimic fetal RGCs and are neuroprotective after transplantation  in vivo
36582303	state_signature	low		human	retina	2023	SOX2-positive retinal stem cells are identified in adult human pars plicata by single-cell transcriptomic analyses.
36572749	state_signature	low		unknown	retina	2022	Single-cell transcriptomics of the goldfish retina reveals genetic divergence in the asymmetrically evolved subgenomes after allotetraploidization.
36322391	state_signature	med		mouse	retina	2023	Loss-of-function approach using mouse retinal explants showed pivotal roles of Nmnat2 in early and middle stages of retinal development.
36611897	state_signature	low		human	retina	2022	Essential Role of Multi-Omics Approaches in the Study of Retinal Vascular Diseases.
35943778	disease_mechanism_background	low		mouse	RPE,retina	2023	Complement factor B is critical for sub-RPE deposit accumulation in a model of Doyne honeycomb retinal dystrophy with features of age-related macular degeneration.
35997788	state_signature	low		human	retina	2023	Expression and subcellular localization of  USH1C /harmonin in human retina provides insights into pathomechanisms and therapy
36630901	state_signature	med		human	retina	2023	Comprehensive characterization of fetal and mature retinal cell identity to assess the fidelity of retinal organoids.
36674619	composition_baseline	med		human	retina	2023	Identification of Novel Pathways Regulated by APE1/Ref-1 in Human Retinal Endothelial Cells.
36675807	method_reference	high		mouse	retina	2023	Microglia-Derived Spp1 Promotes Pathological Retinal Neovascularization via Activating Endothelial Kit/Akt/mTOR Signaling.
36681854	disease_mechanism_background	low		human	optic_nerve,retina	2023	NAD salvage pathway machinery expression in normal and glaucomatous retina and optic nerve.
36710928	state_signature	low		human	retina	2022	Gene-agnostic therapeutic approaches for inherited retinal degenerations.
36717618	state_signature	low		mouse	retina	2023	Purified regenerating retinal neurons reveal regulatory role of DNA methylation-mediated Na+/K+-ATPase in murine axon regeneration.
36644817	state_signature	med		human	retina	2023	Incorporating microglia-like cells in human induced pluripotent stem cell-derived retinal organoids.
36756614	state_signature	low		unknown	retina	2023	Microglia: The breakthrough to treat neovascularization and repair blood-retinal barrier in retinopathy.
36778138	state_signature	low		human	retina	2022	Retinal ganglion cell-specific genetic regulation in primary open-angle glaucoma.
36779012	state_signature	med		unknown	retina	2023	Myeloid masquerade: Microglial transcriptional signatures in retinal development and disease.
36766830	state_signature	low		mouse	retina	2023	The Absence of FAIM Leads to a Delay in Dark Adaptation and Hampers Arrestin-1 Translocation upon Light Reception in the Retina.
36769311	state_signature	low		mouse	retina	2023	MicroRNAs in the Mouse Developing Retina.
36765170	method_reference	high		human	retina	2023	Self-organization, quality control, and preclinical studies of human iPSC-derived retinal sheets for tissue-transplantation therapy.
36792584	state_signature	low		mouse	retina	2023	A lncRNA-encoded mitochondrial micropeptide exacerbates microglia-mediated neuroinflammation in retinal ischemia/reperfusion injury.
36823538	state_signature	low		both	choroid,retina	2023	Old age promotes retinal fibrosis in choroidal neovascularization through circulating fibrocytes and profibrotic macrophages.
36846595	disease_mechanism_background	low		other	retina	2023	Clcf1/Crlf1a-mediated signaling is neuroprotective and required for Müller glia proliferation in the light-damaged zebrafish retina.
34273276	state_signature	curated		mouse	retina	2021	Specialized endothelial tip cells guide neuroretina vascularization and blood-retina-barrier formation.
36830851	state_signature	med		human	RPE,retina	2023	Retinal Pigment Epithelium Cell Development: Extrapolating Basic Biology to Stem Cell Research.
36041146	disease_mechanism_background	low		human	retina	2022	The Prospects for Retinal Organoids in Treatment of Retinal Diseases.
36862119	state_signature	low		other	retina	2023	Kif5a Regulates Mitochondrial Transport in Developing Retinal Ganglion Cells In Vitro.
18798982	state_signature	low		method	retina	2008	Model-based analysis of ChIP-Seq (MACS).
22388286	state_signature	low		method	retina	2012	Fast gapped-read alignment with Bowtie 2.
24097267	method_reference	low		method	retina	2013	Transposition of native chromatin for fast and sensitive epigenomic profiling of open chromatin, DNA-binding proteins and nucleosome position.
31571663	state_signature	med		mouse	retina	2020	The Schlager mouse as a model of altered retinal phenotype.
31900165	disease_mechanism_background	med		both	retina	2020	IL-1β induces rod degeneration through the disruption of retinal glutamate homeostasis.
31918438	disease_mechanism_background	low		mouse	retina	2020	Neuronal Epac1 mediates retinal neurodegeneration in mouse models of ocular hypertension.
31929571	disease_mechanism_background	low		human	retina	2020	Fibrin hydrogels are safe, degradable scaffolds for sub-retinal implantation.
31932580	disease_mechanism_background	low		both	RPE,retina	2020	Inhibition of thyroid hormone signaling protects retinal pigment epithelium and photoreceptors from cell death in a mouse model of age-related macular degeneration.
31964819	disease_mechanism_background	low		both	retina	2020	Chronic Dicer1 deficiency promotes atrophic and neovascular outer retinal pathologies in mice.
31964831	state_signature	low		both	retina	2020	Retinal inputs signal astrocytes to recruit interneurons into visual thalamus.
31969887	disease_mechanism_background	med		mouse	retina	2019	CD36 Deficiency Inhibits Retinal Inflammation and Retinal Degeneration in <i>Cx3cr1</i> Knockout Mice.
32001821	disease_mechanism_background	low		human	retina	2020	Use of biomaterials for sustained delivery of anti-VEGF to treat retinal diseases.
32003125	disease_mechanism_background	med		mouse	retina	2020	Bone marrow mesenchymal stem cells enhance autophagy and help protect cells under hypoxic and retinal detachment conditions.
32073398	state_signature	low		mouse	retina	2020	Mouse retinal cell behaviour in space and time using light sheet fluorescence microscopy.
32074940	disease_mechanism_background	low		mouse	retina	2020	Mbd2 Mediates Retinal Cell Apoptosis by Targeting the lncRNA Mbd2-AL1/miR-188-3p/Traf3 Axis in Ischemia/Reperfusion Injury.
32075760	disease_mechanism_background	med		both	retina	2020	Toll-like Receptor 2 Facilitates Oxidative Damage-Induced Retinal Degeneration.
32082175	disease_mechanism_background	low		human	retina	2019	LncRNA TDRG1-Mediated Overexpression of VEGF Aggravated Retinal Microvascular Endothelial Cell Dysfunction in Diabetic Retinopathy.
32116486	state_signature	low		human	retina	2019	A Robust Model System for Retinal Hypoxia: Live Imaging of Calcium Dynamics and Gene Expression Studies in Primary Human Mixed Retinal Culture.
32127528	state_signature	low		mouse	retina	2020	Retinal ganglion cell loss in kinesin-1 cargo Alcadein α deficient mice.
32155200	state_signature	low		human	retina	2020	Absence of peripapillary retinal nerve-fiber-layer thinning in combined antiretroviral therapy-treated, well-sustained aviremic persons living with HIV.
32176263	state_signature	low		mouse	retina	2020	Protection of the Retinal Ganglion Cells: Intravitreal Injection of Resveratrol in Mouse Model of Ocular Hypertension.
32188915	disease_mechanism_background	low		human	retina	2020	Neuroprotection with rasagiline in patients with macula-off retinal detachment: A randomized controlled pilot study.
32198470	disease_mechanism_background	low		mouse	retina	2020	Sfrp1 deficiency makes retinal photoreceptors prone to degeneration.
32218163	disease_mechanism_background	low		human	retina	2020	Neuroprotective Strategies for Retinal Ganglion Cell Degeneration: Current Status and Challenges Ahead.
32235464	disease_mechanism_background	med		mouse	retina	2020	Photobiomodulation Mediates Neuroprotection against Blue Light Induced Retinal Photoreceptor Degeneration.
32254022	state_signature	low		mouse	retina	2020	Post-translational regulation of retinal IMPDH1 in vivo to adjust GTP synthesis to illumination conditions.
32272552	disease_mechanism_background	low		mouse	retina	2020	Lack of Overt Retinal Degeneration in a K42E <i>Dhdds</i> Knock-In Mouse Model of RP59.
32298438	disease_mechanism_background	low		mouse	retina	2020	PPARα-Dependent Effects of Palmitoylethanolamide Against Retinal Neovascularization and Fibrosis.
32317708	method_reference	high		human	retina	2020	Retinal phototoxicity and the evaluation of the blue light hazard of a new solid-state lighting technology.
32318066	disease_mechanism_background	low		human	RPE,retina	2020	Retinal Distribution and Extracellular Activity of Granzyme B: A Serine Protease That Degrades Retinal Pigment Epithelial Tight Junctions and Extracellular Matrix Proteins.
32319662	state_signature	med		mouse	retina	2020	Identification of key miRNAs and genes for mouse retinal development using a linear model.
32349249	method_reference	high		human	retina	2020	Application of CRISPR Tools for Variant Interpretation and Disease Modeling in Inherited Retinal Dystrophies.
32351142	disease_mechanism_background	low		mouse	retina	2020	Localized co-delivery of CNTF and FK506 using a thermosensitive hydrogel for retina ganglion cells protection after traumatic optic nerve injury.
32373289	state_signature	med		both	retina	2020	Exosomes derived from neural progenitor cells preserve photoreceptors during retinal degeneration by inactivating microglia.
32378514	state_signature	low		mouse	retina	2020	LKB1 coordinates neurite remodeling to drive synapse layer emergence in the outer retina.
32422965	disease_mechanism_background	low		human	retina	2020	Role of <i>GUCA1C</i> in Primary Congenital Glaucoma and in the Retina: Functional Evaluation in Zebrafish.
32437405	state_signature	low		human	retina	2020	Altered mucins and aquaporins indicate dry eye outcome in patients undergoing Vitreo-retinal surgery.
32526701	disease_mechanism_background	low		mouse	retina	2020	Retinal Degeneration Caused by Rod-Specific Dhdds Ablation Occurs without Concomitant Inhibition of Protein N-Glycosylation.
32539134	state_signature	low		mouse	retina	2020	Mechanisms of Ion Transport Across the Mouse Retinal Pigment Epithelium Measured In Vitro.
32582664	method_reference	high		mouse	retina	2020	Automated Hypothesis Generation to Identify Signals Relevant in the Development of Mammalian Cell and Tissue Bioprocesses, With Validation in a Retinal Culture System.
32629980	disease_mechanism_background	low		human	retina	2020	Characterization, Stability, and in Vivo Efficacy Studies of Recombinant Human CNTF and Its Permeation into the Neural Retina in ex Vivo Organotypic Retinal Explant Culture Models.
32635502	disease_mechanism_background	med		human	retina	2020	Nanoceria Particles Are an Eligible Candidate to Prevent Age-Related Macular Degeneration by Inhibiting Retinal Pigment Epithelium Cell Death and Autophagy Alterations.
32647335	state_signature	med		human	retina	2020	Her9/Hes4 is required for retinal photoreceptor development, maintenance, and survival.
32664635	state_signature	med		human	retina	2020	Potential Endogenous Cell Sources for Retinal Regeneration in Vertebrates and Humans: Progenitor Traits and Specialization.
32671067	state_signature	low		mouse	retina	2020	MicroRNA-223 Regulates Retinal Function and Inflammation in the Healthy and Degenerating Retina.
32674521	state_signature	low		human	retina	2020	Long-Term Exposure to Urban Particulate Matter on the Ocular Surface and the Incidence of Deleterious Changes in the Cornea, Conjunctiva and Retina in Rats.
32686483	disease_mechanism_background	low		human	retina	2020	High myopia is protective against diabetic retinopathy via thinning retinal vein: A report from Fushun Diabetic Retinopathy Cohort Study (FS-DIRECT).
32714647	composition_baseline	high		human	retina	2020	Generation of a Retina Reporter hiPSC Line to Label Progenitor, Ganglion, and Photoreceptor Cell Types.
32737182	state_signature	low		mouse	retina	2020	OTX2 Non-Cell Autonomous Activity Regulates Inner Retinal Function.
32744596	state_signature	low		mouse	retina	2020	Gradual Increase in Environmental Light Intensity Induces Oxidative Stress and Inflammation and Accelerates Retinal Neurodegeneration.
32748371	state_signature	low		mouse	optic_nerve,retina	2020	Aqp9 Gene Deletion Enhances Retinal Ganglion Cell (RGC) Death and Dysfunction Induced by Optic Nerve Crush: Evidence that Aquaporin 9 Acts as an Astrocyte-to-Neuron Lactate Shuttle in Concert with Monocarboxylate Transporters To Support RGC Function and Survival.
32751103	disease_mechanism_background	low		mouse	retina	2020	Inactivation of Endothelial ADAM17 Reduces Retinal Ischemia-Reperfusion Induced Neuronal and Vascular Damage.
32751632	state_signature	low		human	RPE,retina	2020	Nanoscopic Approach to Study the Early Stages of Epithelial to Mesenchymal Transition (EMT) of Human Retinal Pigment Epithelial (RPE) Cells In Vitro.
32767661	state_signature	med		human	retina	2020	Coculture techniques for modeling retinal development and disease, and enabling regenerative medicine.
32826201	disease_mechanism_background	low		mouse	RPE,retina	2020	Oxidative stress in the retina and retinal pigment epithelium (RPE): Role of aging, and DJ-1.
32845969	state_signature	low		human	retina	2022	How Does Blood-Retinal Barrier Breakdown Relate to Death and Disability in Pediatric Cerebral Malaria?
32855845	disease_mechanism_background	low		human	retina	2020	Leveraging Multimodal Deep Learning Architecture with Retina Lesion Information to Detect Diabetic Retinopathy.
32879765	state_signature	low		human	retina	2020	Hyperspectral Imaging and the Retina: Worth the Wave?
32879766	state_signature	low		human	retina	2020	Effect of Paracentesis on Retinal Function Associated With Changes in Intraocular Pressure Caused by Intravitreal Injections.
32896719	disease_mechanism_background	low		mouse	retina	2020	AIBP protects retinal ganglion cells against neuroinflammation and mitochondrial dysfunction in glaucomatous neurodegeneration.
32910134	state_signature	low		mouse	retina	2020	Intermittent Hypoxia Promotes Functional Neuroprotection from Retinal Ischemia in Untreated First-Generation Offspring: Proteomic Mechanistic Insights.
32911690	disease_mechanism_background	low		human	retina	2020	Vitamin D Protects against Oxidative Stress and Inflammation in Human Retinal Cells.
32934896	method_reference	high		human	RPE,retina	2020	Endogenous or Exogenous Retinal Pigment Epithelial Cells: A Comparison of Two Experimental Animal Models of Proliferative Vitreoretinopathy.
32951332	state_signature	low		human	retina	2020	YAP is essential for TGF-β-induced retinal fibrosis in diabetic rats via promoting the fibrogenic activity of Müller cells.
32963317	disease_mechanism_background	low		human	RPE,retina	2020	Regulation of Ras homolog family member G by microRNA-124 regulates proliferation and migration of human retinal pigment epithelial cells.
32967734	state_signature	low		mouse	retina	2020	Peripheral blood-derived monocytes show neuronal properties and integration in immune-deficient rd1 mouse model upon phenotypic differentiation and induction with retinal growth factors.
32973073	disease_mechanism_background	low		both	retina	2020	Decreased miR-150 in obesity-associated type 2 diabetic mice increases intraocular inflammation and exacerbates retinal dysfunction.
32973430	state_signature	low		human	retina	2020	Novel Therapeutic Approaches for the Treatment of Retinal Degenerative Diseases: Focus on CRISPR/Cas-Based Gene Editing.
32993012	disease_mechanism_background	low		human	retina	2020	In Situ Gel Incorporating Disulfiram Nanoparticles Rescues the Retinal Dysfunction via ATP Collapse in Otsuka Long-Evans Tokushima Fatty Rats.
33027920	state_signature	med		human	RPE,retina	2020	Involvement of the Retinal Pigment Epithelium in the Development of Retinal Lattice Degeneration.
33037565	disease_mechanism_background	low		mouse	retina	2021	Inhibition of microRNA-155 Protects Retinal Function Through Attenuation of Inflammation in Retinal Degeneration.
33064773	disease_mechanism_background	low		human	retina	2020	PE homeostasis rebalanced through mitochondria-ER lipid exchange prevents retinal degeneration in Drosophila.
33082308	disease_mechanism_background	low		mouse	retina	2020	Selective knockdown of hexokinase 2 in rods leads to age-related photoreceptor degeneration and retinal metabolic remodeling.
33104163	disease_mechanism_background	med		mouse	retina	2020	Down Syndrome Critical Region 1 Reduces Oxidative Stress-Induced Retinal Ganglion Cells Apoptosis via CREB-Bcl-2 Pathway.
33119674	disease_mechanism_background	low		human	retina	2020	The distribution of toxic metals in the human retina and optic nerve head: Implications for age-related macular degeneration.
33137194	method_reference	low		mouse	retina	2020	In Situ Morphologic and Spectral Characterization of Retinal Pigment Epithelium Organelles in Mice Using Multicolor Confocal Fluorescence Imaging.
33156340	state_signature	low		human	retina	2020	Activation of Cytosolic Calpain, Not Caspase, Is Underlying Mechanism for Hypoxic RGC Damage in Human Retinal Explants.
33176149	state_signature	low		both	retina	2020	The Deubiquitinating Enzyme Ataxin-3 Regulates Ciliogenesis and Phagocytosis in the Retina.
33291226	state_signature	low		mouse	optic_nerve,retina	2020	Intravitreal Injection of Liposomes Loaded with a Histone Deacetylase Inhibitor Promotes Retinal Ganglion Cell Survival in a Mouse Model of Optic Nerve Crush.
33324144	disease_mechanism_background	low		human	retina	2020	An <i>in vitro</i> Model of Human Retinal Detachment Reveals Successive Death Pathway Activations.
33328889	disease_mechanism_background	low		human	retina	2020	Interphotoreceptor Retinoid-Binding Protein (IRBP) in Retinal Health and Disease.
33334874	disease_mechanism_background	med		both	retina	2021	Interphotoreceptor Retinol-Binding Protein Ameliorates Diabetes-Induced Retinal Dysfunction and Neurodegeneration Through Rhodopsin.
33362196	state_signature	low		mouse	retina	2020	Loss of endocytosis-associated RabGEF1 causes aberrant morphogenesis and altered autophagy in photoreceptors leading to retinal degeneration.
33377455	state_signature	med		human	RPE,retina	2021	Human Stem Cell-Derived Retinal Pigment Epithelial Cells as a Model for Drug Screening and Pre-Clinical Assays Compared to ARPE-19 Cell Line.
33476374	state_signature	med		human	retina	2021	Prpf31 is essential for the survival and differentiation of retinal progenitor cells by modulating alternative splicing.
33536350	disease_mechanism_background	low		human	retina	2021	Coumestrol mitigates retinal cell inflammation, apoptosis, and oxidative stress in a rat model of diabetic retinopathy via activation of SIRT1.
33602234	disease_mechanism_background	low		both	retina	2021	Small-molecule antagonist of VLA-4 (GW559090) attenuated neuro-inflammation by targeting Th17 cell trafficking across the blood-retinal barrier in experimental autoimmune uveitis.
33602265	state_signature	med		both	retina	2021	Deletion of Socs3 in LysM<sup>+</sup> cells and Cx3cr1 resulted in age-dependent development of retinal microgliopathy.
33605987	state_signature	med		mouse	retina	2021	EMC3 Is Essential for Retinal Organization and Neurogenesis During Mouse Retinal Development.
33640465	state_signature	low		human	retina	2021	VEGFR1 signaling in retinal angiogenesis and microinflammation.
33649576	disease_mechanism_background	low		human	retina	2021	Biomechanical properties of retina and choroid: a comprehensive review of techniques and translational relevance.
33664479	state_signature	low		both	RPE,retina	2021	Long noncoding RNA ERLR mediates epithelial-mesenchymal transition of retinal pigment epithelial cells and promotes experimental proliferative vitreoretinopathy.
33665223	disease_mechanism_background	low		mouse	retina	2021	Intracranial delivery of AAV9 gene therapy partially prevents retinal degeneration and visual deficits in CLN6-Batten disease mice.
33687475	state_signature	low		mouse	retina	2021	lncRNA Ttc3-209 Promotes the Apoptosis of Retinal Ganglion Cells in Retinal Ischemia Reperfusion Injury by Targeting the miR-484/Wnt8a Axis.
33739997	disease_mechanism_background	low		human	retina	2021	Quantitative assessment of retinal thickness and vessel density using optical coherence tomography angiography in patients with Alzheimer's disease and glaucoma.
33759344	state_signature	low		human	RPE,retina	2021	METTL3 attenuates proliferative vitreoretinopathy and epithelial-mesenchymal transition of retinal pigment epithelial cells via wnt/β-catenin pathway.
33783486	state_signature	low		human	retina	2021	Macular Microvasculature and Associated Retinal Layer Thickness in Pediatric Amblyopia: Magnification-Corrected Analyses.
33799308	method_reference	low		mouse	retina	2021	Longitudinal normative OCT retinal thickness data for wild-type mice, and characterization of changes in the 3×Tg-AD mice model of Alzheimer's disease.
33803405	disease_mechanism_background	low		mouse	retina	2021	Cytotoxicity of β-Cyclodextrins in Retinal Explants for Intravitreal Drug Formulations.
33805370	state_signature	low		human	retina	2021	Products of Docosahexaenoate Oxidation as Contributors to Photosensitising Properties of Retinal Lipofuscin.
33850097	disease_mechanism_background	med		both	retina	2021	Nucleoside reverse transcriptase inhibitors and Kamuvudines inhibit amyloid-β induced retinal pigmented epithelium degeneration.
33886548	disease_mechanism_background	low		mouse	retina	2021	Minocycline decreases CCR2-positive monocytes in the retina and ameliorates photoreceptor degeneration in a mouse model of retinitis pigmentosa.
33915898	disease_mechanism_background	low		human	retina	2021	MicroRNA-100 Mediates Hydrogen Peroxide-Induced Apoptosis of Human Retinal Pigment Epithelium ARPE-19 Cells.
33918210	state_signature	low		human	RPE,retina	2021	Impaired Mitochondrial Function in iPSC-Retinal Pigment Epithelium with the Complement Factor H Polymorphism for Age-Related Macular Degeneration.
33922669	disease_mechanism_background	med		human	RPE,retina	2021	Anti-Inflammatory and Anti-Oxidative Synergistic Effect of Vitamin D and Nutritional Complex on Retinal Pigment Epithelial and Endothelial Cell Lines against Age-Related Macular Degeneration.
33922686	disease_mechanism_background	med		mouse	retina	2021	Expression of the Endoplasmic Reticulum Stress Marker GRP78 in the Normal Retina and Retinal Degeneration Induced by Blue LED Stimuli in Mice.
33963174	disease_mechanism_background	med		mouse	retina	2021	ADIPOR1 deficiency-induced suppression of retinal ELOVL2 and docosahexaenoic acid levels during photoreceptor degeneration and visual loss.
33967950	disease_mechanism_background	low		human	retina	2021	The Impact of Glycemic Control on Retinal Photoreceptor Layers and Retinal Pigment Epithelium in Patients With Type 2 Diabetes Without Diabetic Retinopathy: A Follow-Up Study.
34001227	state_signature	low		human	retina	2021	Dissecting the role of EYS in retinal degeneration: clinical and molecular aspects and its implications for future therapy.
34061953	state_signature	med		mouse	retina	2021	Elavl2 Regulates Retinal Function Via Modulating the Differentiation of Amacrine Cells Subtype.
34071220	state_signature	low		human	retina	2021	Assessment of a Small Molecule Synthetic Lignan in Enhancing Oxidative Balance and Decreasing Lipid Accumulation in Human Retinal Pigment Epithelia.
34072522	disease_mechanism_background	low		human	retina	2021	Transcriptome Profiling of Embryonic Retinal Pigment Epithelium Reprogramming.
34088267	disease_mechanism_background	low		mouse	retina	2021	A rat model for retinitis pigmentosa with rapid retinal degeneration enables drug evaluation in vivo.
34144598	state_signature	low		mouse	retina	2021	Modeling Cone/Cone-Rod Dystrophy Pathology by AAV-Mediated Overexpression of Mutant CRX Protein in the Mouse Retina.
34184090	disease_mechanism_background	med		human	retina	2021	Nuclear PKR in retinal neurons in the early stage of diabetic retinopathy in streptozotocin‑induced diabetic rats.
34193509	state_signature	low		mouse	retina	2021	NMDA Receptor Expression by Retinal Ganglion Cells Is Not Required for Retinofugal Map Formation nor Eye-Specific Segregation in the Mouse.
34200353	state_signature	low		mouse	retina	2021	GSH-Independent Induction of ER Stress during Hypoglycaemia in the Retinal Cells of Mice.
34200991	state_signature	low		human	retina	2021	Retinal Ganglion Cell Transplantation: Approaches for Overcoming Challenges to Functional Integration.
34204906	disease_mechanism_background	med		mouse	retina	2021	Reduced Levels of Drp1 Protect against Development of Retinal Vascular Lesions in Diabetic Retinopathy.
34204966	disease_mechanism_background	low		human	optic_nerve,retina	2021	Protective Effects of Oroxylin A on Retinal Ganglion Cells in Experimental Model of Anterior Ischemic Optic Neuropathy.
34205384	state_signature	low		mouse	retina	2021	Sigma 1 Receptor Co-Localizes with NRF2 in Retinal Photoreceptor Cells.
34206213	disease_mechanism_background	low		mouse	optic_nerve,retina	2021	miRNA Changes in Retinal Ganglion Cells after Optic Nerve Crush and Glaucomatous Damage.
34207717	state_signature	low		human	retina	2021	MERTK-Mediated LC3-Associated Phagocytosis (LAP) of Apoptotic Substrates in Blood-Separated Tissues: Retina, Testis, Ovarian Follicles.
34214489	state_signature	med		mouse	retina	2021	Synaptic repair and vision restoration in advanced degenerating eyes by transplantation of retinal progenitor cells.
34232261	disease_mechanism_background	low		mouse	optic_nerve,retina	2021	Longitudinal In Vivo Changes in Retinal Ganglion Cell Dendritic Morphology After Acute and Chronic Optic Nerve Injury.
34233716	disease_mechanism_background	low		human	retina	2021	Circ_001209 aggravates diabetic retinal vascular dysfunction through regulating miR-15b-5p/COL12A1.
34319386	state_signature	low		human	retina	2021	Laser-Activated Corneal Adhesive: Retinal Safety in Rabbit Model.
34348137	state_signature	low		mouse	retina	2021	Repeated nuclear translocations underlie photoreceptor positioning and lamination of the outer nuclear layer in the mammalian retina.
34360899	state_signature	low		mouse	retina	2021	The Role of Caspase-12 in Retinal Bystander Cell Death and Innate Immune Responses against MCMV Retinitis.
34373754	disease_mechanism_background	low		mouse	optic_nerve,retina	2021	Astrocytic YAP protects the optic nerve and retina in an experimental autoimmune encephalomyelitis model through TGF-β signaling.
34376700	disease_mechanism_background	low		mouse	retina	2021	In vivo multimodal retinal imaging of disease-related pigmentary changes in retinal pigment epithelium.
34383873	method_reference	high		human	retina	2021	Transitioning into GMP-Compliance: Alternative Methods for Producing Retinal Organoids for Transplantation.
34383984	state_signature	low		mouse	retina	2021	Zfhx3 modulates retinal sensitivity and circadian responses to light.
34433830	state_signature	low		mouse	retina	2021	The retinal ipRGC-preoptic circuit mediates the acute effect of light on sleep.
34440741	state_signature	low		mouse	retina	2021	Differential Response of Müller Cells and Microglia in a Mouse Retinal Detachment Model and Its Implications in Detached and Non-Detached Regions.
34446062	state_signature	low		mouse	retina	2021	Inflammatory resolution and vascular barrier restoration after retinal ischemia reperfusion injury.
34525384	state_signature	med		human	retina	2021	Human stem cell-based retina on chip as new translational model for validation of AAV retinal gene therapy vectors.
34572088	state_signature	low		mouse	retina	2021	Betulinic Acid Protects from Ischemia-Reperfusion Injury in the Mouse Retina.
34572573	disease_mechanism_background	low		human	retina	2021	TGFβ-Neurotrophin Interactions in Heart, Retina, and Brain.
34586848	disease_mechanism_background	low		human	retina	2021	<i>Alu</i> complementary DNA is enriched in atrophic macular degeneration and triggers retinal pigmented epithelium toxicity via cytosolic innate immunity.
34628463	disease_mechanism_background	med		mouse	retina	2021	Myosin 1f-mediated activation of microglia contributes to the photoreceptor degeneration in a mouse model of retinal detachment.
34638907	disease_mechanism_background	low		human	retina	2021	Programmed Non-Apoptotic Cell Death in Hereditary Retinal Degeneration: Crosstalk between cGMP-Dependent Pathways and PARthanatos?
34650985	state_signature	med		human	RPE,retina	2021	Human Amniotic Epithelial Stem Cell-Derived Retinal Pigment Epithelium Cells Repair Retinal Degeneration.
34668483	state_signature	low		human	retina	2021	Disturbed retinoid metabolism upon loss of <i>rlbp1a</i> impairs cone function and leads to subretinal lipid deposits and photoreceptor degeneration in the zebrafish retina.
34674604	state_signature	low		mouse	retina	2022	Monitoring basal autophagy in the retina utilizing CAG-mRFP-EGFP-MAP1LC3B reporter mouse: technical and biological considerations.
34680161	disease_mechanism_background	low		human	retina	2021	Pharmacological Inhibition of the VCP/Proteasome Axis Rescues Photoreceptor Degeneration in RHO<sup>P23H</sup> Rat Retinal Explants.
34681723	state_signature	low		mouse	retina	2021	MicroRNA-124 Alleviates Retinal Vasoregression via Regulating Microglial Polarization.
34683941	disease_mechanism_background	low		both	retina	2021	Magnetically Assisted Drug Delivery of Topical Eye Drops Maintains Retinal Function In Vivo in Mice.
34735454	state_signature	low		mouse	retina	2021	Serotonin transporter-mediated molecular axis regulates regional retinal ganglion cell vulnerability and axon regeneration after nerve injury.
34750957	disease_mechanism_background	low		human	RPE,retina	2021	Extracellular vesicles released by human retinal pigment epithelium mediate increased polarised secretion of drusen proteins in response to AMD stressors.
34764492	state_signature	med		method	retina	2022	Identifying phenotype-associated subpopulations by integrating bulk and single-cell sequencing data.
34805414	state_signature	low		human	retina	2021	An <i>In Vitro</i> Model of Diabetic Retinal Vascular Endothelial Dysfunction and Neuroretinal Degeneration.
34819832	disease_mechanism_background	low		mouse	RPE,retina	2021	Suppressor of Cytokine Signaling 2 Regulates Retinal Pigment Epithelium Metabolism by Enhancing Autophagy.
34827622	disease_mechanism_background	low		human	RPE,retina	2021	Complement Factor H Loss in RPE Cells Causes Retinal Degeneration in a Human RPE-Porcine Retinal Explant Co-Culture Model.
34830437	method_reference	low		human	retina	2021	Detection of Mycoplasma Contamination in Transplanted Retinal Cells by Rapid and Sensitive Polymerase Chain Reaction Test.
34830490	disease_mechanism_background	med		human	retina	2021	RNA-Seq Analysis Reveals an Essential Role of the Tyrosine Metabolic Pathway and Inflammation in Myopia-Induced Retinal Degeneration in Guinea Pigs.
34831487	state_signature	med		human	retina	2021	Differential Responses of Neural Retina Progenitor Populations to Chronic Hyperglycemia.
34867193	state_signature	low		human	retina	2021	Protein Kinase A in Human Retina: Differential Localization of Cβ, Cα, RIIα, and RIIβ in Photoreceptors Highlights Non-redundancy of Protein Kinase A Subunits.
34873237	state_signature	low		mouse	retina	2021	Molecular determinants of response kinetics of mouse M1 intrinsically-photosensitive retinal ganglion cells.
34884197	disease_mechanism_background	low		human	retina	2021	Retinal Diseases Regulated by Hypoxia-Basic and Clinical Perspectives: A Comprehensive Review.
34912217	state_signature	med		human	retina	2021	Human Retinal Progenitor Cells Derived Small Extracellular Vesicles Delay Retinal Degeneration: A Paradigm for Cell-free Therapy.
34930292	state_signature	low		both	optic_nerve,retina	2021	Polydopamine nanoparticles attenuate retina ganglion cell degeneration and restore visual function after optic nerve injury.
34930951	state_signature	low		human	retina	2021	A bioinspired gelatin-hyaluronic acid-based hybrid interpenetrating network for the enhancement of retinal ganglion cells replacement therapy.
34946371	disease_mechanism_background	low		human	retina	2021	Higher Order Aberrations following Scleral Buckling Surgery in Patients with Rhegmatogenous Retinal Detachment.
34953858	state_signature	low		human	retina	2022	Oxidative stress induces Z-DNA-binding protein 1-dependent activation of microglia via mtDNA released from retinal pigment epithelial cells.
35021080	state_signature	med		mouse	retina	2022	The influence of spontaneous and visual activity on the development of direction selectivity maps in mouse retina.
35054919	disease_mechanism_background	low		human	retina	2022	Primary and Secondary Cone Cell Death Mechanisms in Inherited Retinal Diseases and Potential Treatment Options.
35056410	state_signature	med		human	retina	2022	Human Stem Cell Transplantation for Retinal Degenerative Diseases: Where Are We Now?
35056906	state_signature	low		mouse	retina	2021	Pharmacokinetics of Pullulan-Dexamethasone Conjugates in Retinal Drug Delivery.
35060997	state_signature	low		mouse	retina	2022	Exposure to Blue Light Reduces Melanopsin Expression in Intrinsically Photoreceptive Retinal Ganglion Cells and Damages the Inner Retina in Rats.
35103752	state_signature	low		mouse	retina	2022	Sigma 1 Receptor Contributes to Astrocyte-Mediated Retinal Ganglion Cell Protection.
35176707	disease_mechanism_background	med		mouse	RPE,retina	2022	REV-ERBα regulates age-related and oxidative stress-induced degeneration in retinal pigment epithelium via NRF2.
35197297	state_signature	low		both	retina	2022	Compartmentalized citrullination in Muller glial endfeet during retinal degeneration.
35200544	state_signature	low		human	retina	2022	Cytomegalovirus Retinitis and Retinal Detachment following Chimeric Antigen Receptor T Cell Therapy for Relapsed/Refractory Multiple Myeloma.
35205388	state_signature	low		human	retina	2022	Developing Non-Human Primate Models of Inherited Retinal Diseases.
35216328	state_signature	low		human	retina	2022	An Essential Role for Alzheimer's-Linked Amyloid Beta Oligomers in Neurodevelopment: Transient Expression of Multiple Proteoforms during Retina Histogenesis.
35223834	state_signature	low		human	retina	2022	Human Umbilical Cord Blood-Derived CD133<sup>+</sup>CD34<sup>+</sup> Cells Protect Retinal Endothelial Cells and Ganglion Cells in X-Irradiated Rats through Angioprotective and Neurotrophic Factors.
35235351	state_signature	low		both	retina	2022	PAI-1 is a vascular cell-specific HIF-2-dependent angiogenic factor that promotes retinal neovascularization in diabetic patients.
35239671	state_signature	low		mouse	retina	2022	Deficiency in Lyst function leads to accumulation of secreted proteases and reduced retinal adhesion.
35241647	state_signature	low		mouse	retina	2022	Kinase activity profiling identifies putative downstream targets of cGMP/PKG signaling in inherited retinal neurodegeneration.
35254423	disease_mechanism_background	low		human	retina	2022	Evolving Patterns of Hyperfluorescent Fundus Autofluorescence Accompany Retinal Atrophy in the Rat and Mimic Atrophic Age-Related Macular Degeneration.
35271205	method_reference	low		human	retina	2022	Detection and Mosaicing Techniques for Low-Quality Retinal Videos.
35271573	disease_mechanism_background	low		human	RPE,retina	2022	mTOR activity is essential for retinal pigment epithelium regeneration in zebrafish.
35278743	state_signature	low		both	retina	2022	Müller glia fused with adult stem cells undergo neural differentiation in human retinal models.
35284183	state_signature	low		mouse	retina	2022	Pulsatile tissue deformation dynamics of the murine retina and choroid mapped by 4D optical coherence tomography.
35293951	state_signature	low		mouse	retina	2022	Intravitreal Injection of PACAP Attenuates Acute Ocular Hypertension-Induced Retinal Injury Via Anti-Apoptosis and Anti-Inflammation in Mice.
35297555	state_signature	med		human	RPE,retina	2022	Activation of autophagy reverses progressive and deleterious protein aggregation in PRPF31 patient-induced pluripotent stem cell-derived retinal pigment epithelium cells.
35314673	state_signature	low		both	RPE,retina	2022	Deficiency of thyroid hormone receptor protects retinal pigment epithelium and photoreceptors from cell death in a mouse model of age-related macular degeneration.
35327647	disease_mechanism_background	low		mouse	retina	2022	Inherited Retinal Degeneration: PARP-Dependent Activation of Calpain Requires CNG Channel Activity.
35330834	disease_mechanism_background	low		human	retina	2022	Intravitreal Administration of rhNGF Enhances Regenerative Processes in a Zebrafish Model of Retinal Degeneration.
35337126	disease_mechanism_background	low		mouse	retina	2022	Topical Ocular Administration of Progesterone Decreases Photoreceptor Cell Death in Retinal Degeneration Slow (rds) Mice.
35338201	disease_mechanism_background	low		human	retina	2022	Zero retinal vein pulsation amplitude extrapolated model in non-invasive intracranial pressure estimation.
35387355	disease_mechanism_background	med		human	retina	2022	Adenosine A2A Receptor: A New Neuroprotective Target in Light-Induced Retinal Degeneration.
35431772	disease_mechanism_background	low		mouse	retina	2022	SARM1 Promotes Photoreceptor Degeneration in an Oxidative Stress Model of Retinal Degeneration.
35433704	state_signature	low		mouse	retina	2022	Plasmalogens Regulate Retinal Connexin 43 Expression and Müller Glial Cells Gap Junction Intercellular Communication and Migration.
35474956	state_signature	low		mouse	retina	2022	AAV-PHP.eB transduces both the inner and outer retina with high efficacy in mice.
35480428	disease_mechanism_background	low		mouse	retina	2021	An adherent drug depot for retinal ganglion cell protection and regeneration in rat traumatic optic neuropathy models.
35610341	disease_mechanism_background	low		mouse	retina	2022	DNA and RNA oxidative damage in the retina is associated with ganglion cell mitochondria.
35619185	disease_mechanism_background	low		mouse	optic_nerve,retina,trabecular_meshwork	2022	Fibronectin extra domain A (FN-EDA) causes glaucomatous trabecular meshwork, retina, and optic nerve damage in mice.
35626688	state_signature	low		mouse	retina	2022	Concomitant Retinal Alterations in Neuronal Activity and TNFα Pathway Are Detectable during the Pre-Symptomatic Stage in a Mouse Model of Alzheimer's Disease.
35637215	state_signature	low		both	retina	2022	Inhibiting multiple forms of cell death optimizes ganglion cells survival after retinal ischemia reperfusion injury.
35639473	state_signature	med		mouse	retina	2022	Bioactive extracellular vesicles from a subset of endothelial progenitor cells rescue retinal ischemia and neurodegeneration.
35645574	disease_mechanism_background	med		mouse	retina	2022	Astragaloside A Protects Against Photoreceptor Degeneration in Part Through Suppressing Oxidative Stress and DNA Damage-Induced Necroptosis and Inflammation in the Retina.
35715869	disease_mechanism_background	low		human	retina	2022	Modeling of mitochondrial bioenergetics and autophagy impairment in MELAS-mutant iPSC-derived retinal pigment epithelial cells.
35740973	state_signature	low		human	retina	2022	Kir4.2 Potassium Channels in Retinal Pigment Epithelial Cells In Vitro: Contribution to Cell Viability and Proliferation, and Down-Regulation by Vascular Endothelial Growth Factor.
35748245	state_signature	low		human	retina	2022	Harnessing the Neuroprotective Behaviors of Müller Glia for Retinal Repair.
35881407	disease_mechanism_background	low		mouse	retina	2022	High Glucose Aggravates Retinal Endothelial Cell Dysfunction by Activating the RhoA/ROCK1/pMLC/Connexin43 Signaling Pathway.
35883037	state_signature	low		human	RPE,retina	2022	Exploring the lncRNA localization landscape within the retinal pigment epithelium under normal and stress conditions.
35886921	state_signature	low		human	retina	2022	Sigma-1 Receptor in Retina: Neuroprotective Effects and Potential Mechanisms.
35897758	disease_mechanism_background	med		human	retina	2022	Retinal Toxicity Induced by Chemical Agents.
35922863	disease_mechanism_background	med		mouse	retina	2022	Mesenchymal stem cell-derived extracellular vesicles protect retina in a mouse model of retinitis pigmentosa by anti-inflammation through miR-146a-Nr4a3 axis.
35970387	state_signature	low		human	retina	2022	Placental growth factor stabilizes VEGF receptor-2 protein in retinal pigment epithelial cells by downregulating glycogen synthase kinase 3 activity.
35974011	disease_mechanism_background	med		human	RPE,retina	2022	Modeling PRPF31 retinitis pigmentosa using retinal pigment epithelium and organoids combined with gene augmentation rescue.
35986368	state_signature	low		human	optic_nerve,retina	2022	Widespread retina and optic nerve neuroinflammation in enucleated eyes from glaucoma patients.
36033821	disease_mechanism_background	low		human	retina	2022	Outcomes and eye care knowledge in rhegmatogenous retinal detachment patients with a history of laser refractive surgery for myopia.
36039295	state_signature	low		mouse	retina	2022	m<sup>6</sup>A regulation of cortical and retinal neurogenesis is mediated by the redundant m<sup>6</sup>A readers YTHDFs.
36059936	state_signature	low		mouse	retina	2022	Retinal microglia protect against vascular damage in a mouse model of retinopathy of prematurity.
36070380	state_signature	low		mouse	retina	2022	Tandem pore domain acid-sensitive K channel 3 (TASK-3) regulates visual sensitivity in healthy and aging retina.
36077382	state_signature	low		mouse	retina	2022	Transgenic Overexpression of Myocilin Leads to Variable Ocular Anterior Segment and Retinal Alterations Associated with Extracellular Matrix Abnormalities in Adult Zebrafish.
36079165	state_signature	low		human	retina	2022	Retinal and Corneal Changes Associated with Intraocular Silicone Oil Tamponade.
36084639	state_signature	med		human	retina	2022	Investigation of PTC124-mediated translational readthrough in a retinal organoid model of AIPL1-associated Leber congenital amaurosis.
36096985	disease_mechanism_background	low		human	RPE,retina	2022	Direct conversion of human umbilical cord mesenchymal stem cells into retinal pigment epithelial cells for treatment of retinal degeneration.
36098977	disease_mechanism_background	low		mouse	retina	2022	Short-Term Hyperuricemia Leads to Structural Retinal Changes That Can be Reversed by Serum Uric Acid Lowering Agents in Mice.
36106183	state_signature	low		mouse	retina	2022	Axonal architecture of the mouse inner retina revealed by second harmonic generation.
36115971	state_signature	low		both	retina	2022	Genetic targeting or pharmacological inhibition of galectin-3 dampens microglia reactivity and delays retinal degeneration.
36119027	state_signature	low		mouse	retina	2022	Ferulic acid alleviates retinal neovascularization by modulating microglia/macrophage polarization through the ROS/NF-κB axis.
36127426	disease_mechanism_background	low		human	retina	2023	Silicone oil residual after vitrectomy for rhegmatogenous retinal detachment.
36148008	state_signature	med		human	retina	2022	Adamts10 controls transforming growth factor <i>β</i> family signaling that contributes to retinal ganglion cell development.
36171205	disease_mechanism_background	low		mouse	retina	2022	Mdm1 ablation results in retinal degeneration by specific intraflagellar transport defects of photoreceptor cells.
36172053	state_signature	low		human	retina	2022	Progress and Challenges of Anti-VEGF Agents and Their Sustained-Release Strategies for Retinal Angiogenesis.
36185374	disease_mechanism_background	med		human	RPE,retina	2022	Induced retinal pigment epithelial cells with anti-epithelial-to-mesenchymal transition ability delay retinal degeneration.
36194668	state_signature	low		human	retina	2022	miR-181a/b downregulation: a mutation-independent therapeutic approach for inherited retinal diseases.
36198265	state_signature	low		mouse	retina	2022	A non-canonical retina-ipRGCs-SCN-PVT visual pathway for mediating contagious itch behavior.
36220082	state_signature	low		mouse	retina	2022	Competition for endothelial cell polarity drives vascular morphogenesis in the mouse retina.
36232528	state_signature	low		mouse	retina	2022	Nicotinamide Mononucleotide Prevents Retinal Dysfunction in a Mouse Model of Retinal Ischemia/Reperfusion Injury.
36262888	state_signature	low		human	retina	2022	Proteomic analysis of s-acylated proteins in human retinal pigment epithelial cells and the role of palmitoylation of Niemann-Pick type C1 protein in cholesterol transport.
36292771	disease_mechanism_background	low		human	retina	2022	A Novel Transcriptome Approach to the Investigation of the Molecular Pathology of Vitreous and Retinal Detachment.
36324894	disease_mechanism_background	low		human	retina	2022	Advances in biomaterials as a retinal patch for the repair of rhegmatogenous retinal detachment.
36326725	state_signature	low		mouse	retina	2022	Pregabalin Mediates Retinal Ganglion Cell Survival From Retinal Ischemia/Reperfusion Injury Via the Akt/GSK3β/β-Catenin Signaling Pathway.
36357388	disease_mechanism_background	low		mouse	retina	2022	Maprotiline restores ER homeostasis and rescues neurodegeneration via Histamine Receptor H1 inhibition in retinal ganglion cells.
36359858	disease_mechanism_background	low		human	RPE,retina	2022	Membrane Attack Complex Mediates Retinal Pigment Epithelium Cell Death in Stargardt Macular Degeneration.
36396940	disease_mechanism_background	low		human	retina	2022	Tulp1 deficiency causes early-onset retinal degeneration through affecting ciliogenesis and activating ferroptosis in zebrafish.
36424523	state_signature	low		mouse	retina	2022	Retinal Layer Separation (ReLayS) method enables the molecular analysis of photoreceptor segments and cell bodies, as well as the inner retina.
36459481	state_signature	med		mouse	retina	2022	Lhx2 is a progenitor-intrinsic modulator of Sonic Hedgehog signaling during early retinal neurogenesis.
36466614	state_signature	low		mouse	retina	2022	Morphological and biomolecular targets in retina and vitreous from Reelin-deficient mice (Reeler): Potential implications for age-related macular degeneration in Alzheimer's dementia.
36469025	state_signature	low		human	RPE,retina	2022	Prolonged Lifetimes of Histologic Autofluorescence in Ectopic Retinal Pigment Epithelium in Age-Related Macular Degeneration.
36494806	disease_mechanism_background	med		human	retina	2022	TSPAN4-positive migrasome derived from retinal pigmented epithelium cells contributes to the development of proliferative vitreoretinopathy.
36531586	disease_mechanism_background	low		human	retina	2022	Optimizing Retinal Thermofusion in Retinal Detachment Repair: Achieving Instant Adhesion without Air Tamponade.
36544284	state_signature	med		human	RPE,retina	2022	Retinal pigment epithelium extracellular vesicles are potent inducers of age-related macular degeneration disease phenotype in the outer retina.
36547097	state_signature	low		human	retina	2022	The First Homozygote Mutation c.499G>T (Asp167Tyr) in the RPE65 Gene Encoding Retinoid Isomerohydrolase Causing Retinal Dystrophy
36552081	state_signature	med		human	RPE,retina	2022	Hydrogels to Support Transplantation of Human Embryonic Stem Cell-Derived Retinal Pigment Epithelial Cells.
36575190	state_signature	low		human	retina	2022	Pretreatment of human retinal pigment epithelial cells with sterculic acid forestalls fenretinide-induced apoptosis.
36594014	state_signature	low		mouse	retina	2023	Alternative transcribed 3' isoform of long non-coding RNA <i>Malat1</i> inhibits mouse retinal oxidative stress.
36594396	state_signature	med		mouse	retina	2023	Pan-retinal ganglion cell markers in mice, rats, and rhesus macaques.
36613856	disease_mechanism_background	low		mouse	optic_nerve,retina	2022	Protective Effect of Pioglitazone on Retinal Ganglion Cells in an Experimental Mouse Model of Ischemic Optic Neuropathy.
36614953	method_reference	high		human	retina	2022	Application of Deep Learning to Retinal-Image-Based Oculomics for Evaluation of Systemic Health: A Review.
36618828	disease_mechanism_background	low		mouse	retina	2022	Retinal degeneration protein 3 controls membrane guanylate cyclase activities in brain tissue.
36645044	disease_mechanism_background	low		human	retina	2023	HIF2α activation and mitochondrial deficit due to iron chelation cause retinal atrophy.
36649236	state_signature	low		both	retina	2023	The LHX2-OTX2 transcriptional regulatory module controls retinal pigmented epithelium differentiation and underlies genetic risk for age-related macular degeneration.
36653745	state_signature	low		mouse	retina	2023	Long noncoding RNA uc007nnj.1 mediates neuronal death induced by retinal ischemia/reperfusion in mice via the miR-155-5p/Tle4 axis.
36661824	state_signature	med		human	retina	2023	Mechano-Chemical Effect of Gelatin- and HA-Based Hydrogels on Human Retinal Progenitor Cells.
36662852	disease_mechanism_background	med		mouse	RPE,retina	2023	Inflammation of the retinal pigment epithelium drives early-onset photoreceptor degeneration in <i>Mertk</i>-associated retinitis pigmentosa.
36670906	state_signature	low		human	retina	2022	Dimethyl Fumarate Protects Retinal Pigment Epithelium from Blue Light-Induced Oxidative Damage via the Nrf2 Pathway.
36674579	disease_mechanism_background	low		human	retina	2023	Choroidal Neovascular Membranes in Retinal and Choroidal Tumors: Origins, Mechanisms, and Effects.
36675972	state_signature	low		human	retina	2022	RNA Foci Formation in a Retinal Glial Model for Spinocerebellar Ataxia Type 7.
36750914	state_signature	low		human	retina	2023	Retinal determination gene networks: from biological functions to therapeutic strategies.
36782199	disease_mechanism_background	med		both	retina	2023	Simultaneous attenuation of hyperglycemic memory-induced retinal, pulmonary, and glomerular dysfunctions by proinsulin C-peptide in diabetes.
36816119	state_signature	low		mouse	retina	2023	Quantitative trait loci on chromosomes 9 and 19 modulate AII amacrine cell number in the mouse retina.
36821627	state_signature	low		mouse	retina	2023	Rhodopsin-positive cell production by intravitreal injection of small molecule compounds in mouse models of retinal degeneration.
36830838	state_signature	low		human	retina	2023	Biomacromolecular Profile in Human Primary Retinal Pigment Epithelial Cells-A Study of Oxidative Stress and Autophagy by Synchrotron-Based FTIR Microspectroscopy.
36878935	state_signature	low		human	retina	2023	Anatomical and functional outcomes of short-term DensironXTRA heavy silicone oil for rhegmatogenous retinal detachments: a comparative case series.
36901754	state_signature	low		mouse	choroid,retina	2023	Transcriptome Analysis of Retinal and Choroidal Pathologies in Aged BALB/c Mice Following Systemic Neonatal Murine Cytomegalovirus Infection.
36902566	disease_mechanism_background	low		human	retina	2023	Early Impact of Laser Vision Correction (LVC) on the Stability and Quality of the Retinal Image.
36912597	disease_mechanism_background	low		mouse	retina	2023	Ferritin But Not Iron Increases in Retina Upon Systemic Iron Overload in Diabetic and Iron-Dextran Injected Mice.
36924502	state_signature	low		mouse	retina	2023	Jarid2 promotes temporal progression of retinal progenitors via repression of Foxp1.
36936905	disease_mechanism_background	low		human	retina	2023	The extracellular microenvironment in immune dysregulation and inflammation in retinal disorders.
36969592	disease_mechanism_background	low		mouse	retina	2023	Voluntary exercise modulates pathways associated with amelioration of retinal degenerative diseases.
36982157	disease_mechanism_background	low		human	retina	2023	The Role of Citicoline and Coenzyme Q10 in Retinal Pathology.
36982987	state_signature	low		human	retina	2023	Retinal Organoids from an AIPL1 CRISPR/Cas9 Knockout Cell Line Successfully Recapitulate the Molecular Features of LCA4 Disease.
37022761	state_signature	low		human	retina	2023	Homophilic interaction of cell adhesion molecule 3 coordinates retina neuroepithelial cell proliferation.
37048820	state_signature	low		human	RPE,retina	2023	Role of Epithelial-to-Mesenchymal Transition of Retinal Pigment Epithelial Cells in Glaucoma Cupping.
37097227	disease_mechanism_background	low		mouse	retina	2023	Deletion of the Unfolded Protein Response Transducer IRE1α Is Detrimental to Aging Photoreceptors and to ER Stress-Mediated Retinal Degeneration.
37100934	disease_mechanism_background	low		human	retina	2023	Stratifying the risk of re-detachment: variables associated with outcome of vitrectomy for rhegmatogenous retinal detachment in a large UK cohort study.
37103235	disease_mechanism_background	low		human	retina	2023	Retinal Disease Detection Using Deep Learning Techniques: A Comprehensive Review.
37107227	state_signature	low		mouse	retina	2023	Effects of Resveratrol on Vascular Function in Retinal Ischemia-Reperfusion Injury.
37111243	disease_mechanism_background	low		mouse	retina	2023	Azithromycin and Sildenafil May Have Protective Effects on Retinal Ganglion Cells via Different Pathways: Study in a Rodent Microbead Model.
37120931	disease_mechanism_background	low		human	retina	2023	Translocator protein 18 kDa regulates retinal neuron apoptosis and pyroptosis in glaucoma.
37129905	disease_mechanism_background	low		mouse	retina	2023	Kamuvudine-9 Protects Retinal Structure and Function in a Novel Model of Experimental Rhegmatogenous Retinal Detachment.
37133442	state_signature	low		human	retina	2023	Retinal motion statistics during natural locomotion.
37139437	disease_mechanism_background	low		human	RPE,retina	2023	Protective effects of <i>Scoparia dulcis</i> L. extract on high glucose-induced injury in human retinal pigment epithelial cells.
37175646	method_reference	high		human	RPE,retina	2023	Comparison of Fucoidans from <i>Saccharina latissima</i> Regarding Age-Related Macular Degeneration Relevant Pathomechanisms in Retinal Pigment Epithelium.
37185874	disease_mechanism_background	low		mouse	RPE,retina	2023	SIRT6 overexpression in the nucleus protects mouse retinal pigment epithelium from oxidative stress.
37189329	state_signature	med		mouse	retina	2023	Inherited Retinal Degeneration: Towards the Development of a Combination Therapy Targeting Histone Deacetylase, Poly (ADP-Ribose) Polymerase, and Calpain.
37190767	state_signature	low		mouse	RPE,retina	2023	Wnt/β-Catenin Signaling Pathway Is Necessary for the Specification but Not the Maintenance of the Mouse Retinal Pigment Epithelium.
37198396	disease_mechanism_background	low		mouse	retina	2023	Forward genetic screening using fundus spot scale identifies an essential role for Lipe in murine retinal homeostasis.
37202450	state_signature	low		mouse	retina	2023	Nanoparticle-based targeting of microglia improves the neural regeneration enhancing effects of immunosuppression in the zebrafish retina.
37213216	state_signature	low		mouse	retina	2023	Modeling inducible neuropathologies of the retina with differential phenotypes in organoids.
37227126	state_signature	low		both	retina	2023	Mutation of <i>vsx</i> genes in zebrafish highlights the robustness of the retinal specification network.
37231261	method_reference	low		method	retina	2024	Dictionary learning for integrative, multimodal and scalable single-cell analysis.
37282676	method_reference	high		human	retina	2022	21 Denuded descemet's membrane as potential tool to support human embryonic stem cell derived retinal pigment epithelial cells culture.
37289173	disease_mechanism_background	low		human	retina	2023	A Novel Device for Suprachoroidal Drug Delivery to Retina: Evaluation in Nonhuman Primates.
37326907	disease_mechanism_background	low		human	retina	2023	Ginsenoside Re Mitigates Photooxidative Stress-Mediated Photoreceptor Degeneration and Retinal Inflammation.
37371942	disease_mechanism_background	low		human	retina	2023	Mammalian Animal and Human Retinal Organ Culture as Pre-Clinical Model to Evaluate Oxidative Stress and Antioxidant Intraocular Therapeutics.
37459063	disease_mechanism_background	low		human	retina	2023	Phosphorylation of αB-Crystallin Involves Interleukin-1β-Mediated Intracellular Retention in Retinal Müller Cells: A New Mechanism Underlying Fibrovascular Membrane Formation.
37466802	state_signature	low		mouse	retina	2023	Long-term Effects of the pituitary-adenylate cyclase-activating Polypeptide (PACAP38) in the Adult Mouse Retina: Microglial Activation and Induction of Neural Proliferation.
37485345	state_signature	low		human	retina	2023	Light-responsive microRNA molecules in human retinal organoids are differentially regulated by distinct wavelengths of light.
37514920	disease_mechanism_background	low		human	retina	2023	Two-Photon Excited Fluorescence Lifetime Imaging of Tetracycline-Labeled Retinal Calcification.
37527925	state_signature	low		mouse	retina	2023	Sources of Calcium at Connexin 36 Gap Junctions in the Retina.
37528478	state_signature	low		human	RPE,cornea,retina	2023	Ex vivo cultivated retinal pigment epithelial cell transplantation for the treatment of rabbit corneal endothelial dysfunction.
37569444	disease_mechanism_background	low		human	retina	2023	Intravitreal Administration of Retinal Organoids-Derived Exosomes Alleviates Photoreceptor Degeneration in Royal College of Surgeons Rats by Targeting the Mitogen-Activated Protein Kinase Pathway.
37605279	disease_mechanism_background	med		both	RPE,retina	2023	Soluble CX3CL1-expressing retinal pigment epithelium cells protect rod photoreceptors in a mouse model of retinitis pigmentosa.
37637086	disease_mechanism_background	low		human	retina	2024	Advances in the engineering of the outer blood-retina barrier: From in-vitro modelling to cellular therapy.
37656476	disease_mechanism_background	med		mouse	retina	2023	Dysregulated Arginine Metabolism Is Linked to Retinal Degeneration in Cep250 Knockout Mice.
37686284	state_signature	low		human	choroid,retina	2023	Insights into Novel Choroidal and Retinal Clinical Signs in Neurofibromatosis Type 1.
37731202	disease_mechanism_background	low		human	RPE,retina	2023	Hyperbaric oxygen therapy suppresses hypoxia and reoxygenation injury to retinal pigment epithelial cells through activating peroxisome proliferator activator receptor-alpha signalling.
37751417	state_signature	med		mouse	retina	2023	Notch pathway mutants do not equivalently perturb mouse embryonic retinal development.
37768732	state_signature	low		human	retina	2023	TBC1D32 variants disrupt retinal ciliogenesis and cause retinitis pigmentosa.
37814449	state_signature	low		both	retina	2023	Intravitreal injection of a rationally designed AAV capsid library in non-human primate identifies variants with enhanced retinal transduction and neutralizing antibody evasion.
37819813	state_signature	low		human	retina	2023	Targeting circular RNA-Glra2 alleviates retinal neurodegeneration induced by ocular hypertension.
37852780	state_signature	low		mouse	retina	2023	Reanalysis of EphA3 Knock-In Double Maps in Mouse Suggests That Stochasticity in Topographic Map Formation Acts at the Retina Rather than between Competing Mechanisms at the Colliculus.
37867960	state_signature	med		human	retina	2023	The splicing factor DHX38 enables retinal development through safeguarding genome integrity.
37894958	disease_mechanism_background	low		mouse	retina	2023	The PKG Inhibitor CN238 Affords Functional Protection of Photoreceptors and Ganglion Cells against Retinal Degeneration.
37895363	disease_mechanism_background	low		human	retina	2023	Cellular and Molecular Triggers of Retinal Regeneration in Amphibians.
37903056	disease_mechanism_background	low		human	retina	2023	CCR1 mediates Müller cell activation and photoreceptor cell death in macular and retinal degeneration.
37923999	state_signature	low		mouse	retina	2023	Sufficient Cav-1 levels in the endothelium are critical for the maintenance of the neurovascular unit in the retina.
37928068	method_reference	high		human	RPE,retina	2023	A novel quantification method for retinal pigment epithelium phagocytosis using a very-long-chain polyunsaturated fatty acids-based strategy.
37934159	state_signature	low		mouse	retina	2023	Nestin Regulates Müller Glia Proliferation After Retinal Injury.
37947653	disease_mechanism_background	low		mouse	retina	2023	GRF2 Is Crucial for Cone Photoreceptor Viability and Ribbon Synapse Formation in the Mouse Retina.
38042898	state_signature	low		mouse	retina	2023	BH4 supplementation reduces retinal cell death in ischaemic retinopathy.
38095299	state_signature	low		mouse	retina	2024	CXCL12 promotes the crossing of retinal ganglion cell axons at the optic chiasm.
38098048	method_reference	high		human	RPE,retina	2023	Comparison of retinal degeneration treatment with four types of different mesenchymal stem cells, human induced pluripotent stem cells and RPE cells in a rat retinal degeneration model.
38102109	disease_mechanism_background	low		human	retina	2023	Peripheral monocytes and neutrophils promote photoreceptor cell death in an experimental retinal detachment model.
38133508	state_signature	low		mouse	retina	2023	Resveratrol Alleviates Retinal Ischemia-Reperfusion Injury by Inhibiting the NLRP3/Gasdermin D/Caspase-1/Interleukin-1β Pyroptosis Pathway.
38248991	state_signature	low		human	retina	2023	When Sex Matters: Differences in the Central Nervous System as Imaged by OCT through the Retina.
38253888	state_signature	low		both	retina	2024	APOB100 transgenic mice exemplify how the systemic circulation content may affect the retina without altering retinal cholesterol input.
38256177	disease_mechanism_background	low		mouse	retina	2024	The Role of microRNAs Related to Apoptosis for <i>N</i>-Methyl-d-Aspartic Acid-Induced Neuronal Cell Death in the Murine Retina.
38279294	disease_mechanism_background	low		mouse	retina	2024	Benefits and Caveats in the Use of Retinal Pigment Epithelium-Specific Cre Mice.
38288111	disease_mechanism_background	med		mouse	retina	2023	Microglia depletion/repopulation does not affect light-induced retinal degeneration in mice.
38289613	disease_mechanism_background	low		mouse	retina	2024	Glucagon Increases Retinal Rod Bipolar Cell Inhibition Through a D1 Dopamine Receptor-Dependent Pathway That Is Altered After Lens-Defocus Treatment in Mice.
38297331	disease_mechanism_background	low		human	retina	2024	A time window for rescuing dying retinal ganglion cells.
38311721	state_signature	low		both	retina	2024	Fractalkine isoforms differentially regulate microglia-mediated inflammation and enhance visual function in the diabetic retina.
38339191	method_reference	low		mouse	retina	2024	A Novel Cre Recombinase Mouse Strain for Cell-Specific Deletion of Floxed Genes in Ribbon Synapse-Forming Retinal Neurons.
38388518	state_signature	low		both	retina	2024	Gliosis-dependent expression of complement factor H truncated variants attenuates retinal neurodegeneration following ischemic injury.
38394392	disease_mechanism_background	low		human	retina	2024	Recent Progress in Retinal Pigment Epithelium Cell-Based Therapy for Retinal Disease.
38397799	state_signature	low		mouse	retina	2024	Piceid Octanoate Protects Retinal Cells against Oxidative Damage by Regulating the Sirtuin 1/Poly-ADP-Ribose Polymerase 1 Axis In Vitro and in rd10 Mice.
38434257	state_signature	low		human	retina	2024	Light-responsive polymeric nanoparticles for retinal drug delivery: design cues, challenges and future perspectives.
38434304	state_signature	low		mouse	retina	2024	BMX deletion mitigates neuroinflammation induced by retinal ischemia/reperfusion through modulation of the AKT/ERK/STAT3 signaling cascade.
38466299	disease_mechanism_background	low		human	retina	2024	Contamination Profile of Different Formulations of Silicone Oil Tamponade Before and After Intraocular Permanence for Rhegmatogenous Retinal Detachment.
38489304	disease_mechanism_background	low		human	retina	2024	Internal limiting membrane peeling in rhegmatogenous retinal detachment: A meta-analysis.
38528525	state_signature	low		both	RPE,retina	2024	The mouse retinal pigment epithelium mounts an innate immune defense response following retinal detachment.
38536853	disease_mechanism_background	med		mouse	retina	2024	Halofuginone prevents outer retinal degeneration in a mouse model of light-induced retinopathy.
38548335	state_signature	low		mouse	optic_nerve,retina	2024	Ca<sup>2+</sup>/Calmodulin-Dependent Protein Kinase II Enhances Retinal Ganglion Cell Survival But Suppresses Axon Regeneration after Optic Nerve Injury.
38551961	state_signature	low		mouse	retina	2024	Pten regulates endocytic trafficking of cell adhesion and Wnt signaling molecules to pattern the retina.
38571282	state_signature	low		mouse	retina	2024	PGC-1α regulates the interplay between oxidative stress, senescence and autophagy in the ageing retina important in age-related macular degeneration.
38587436	disease_mechanism_background	low		human	retina	2024	Role of Hsa_circ_0000880 in the Regulation of High Glucose-Induced Apoptosis of Retinal Microvascular Endothelial Cells.
38627341	state_signature	low		human	retina	2024	Biomechanical Characterization of Retinal Pigment Epitheliums Derived from hPSCs Using Atomic Force Microscopy.
38659223	state_signature	low		both	retina	2024	Sirt6 protects retinal ganglion cells and optic nerve from degeneration during aging and glaucoma.
38673439	disease_mechanism_background	low		human	retina	2024	Nationwide Screening Practices for Tamoxifen Retinal Toxicity in South Korea: A Population-Based Cohort Study.
38732096	disease_mechanism_background	low		human	retina	2024	The Variety of Mechanosensitive Ion Channels in Retinal Neurons.
38739438	disease_mechanism_background	low		mouse	retina	2024	Retinal metabolism displays evidence for uncoupling of glycolysis and oxidative phosphorylation via Cori-, Cahill-, and mini-Krebs-cycle.
38741132	disease_mechanism_background	low		mouse	retina	2024	Neuroprotective effects of apigenin on retinal ganglion cells in ischemia/reperfusion: modulating mitochondrial dynamics in in vivo and in vitro models.
38744193	state_signature	low		both	retina	2024	Construction of a screening system for lipid-derived radical inhibitors and validation of hit compounds to target retinal and cerebrovascular diseases.
38774075	disease_mechanism_background	low		mouse	retina	2024	Resveratrol protects against diabetic retinal ganglion cell damage by activating the Nrf2 signaling pathway.
38789412	state_signature	med		human	retina	2024	Mutant kri1l causes abnormal retinal development via cell cycle arrest and apoptosis induction.
38823017	state_signature	low		both	retina	2024	A cis-regulatory module underlies retinal ganglion cell genesis and axonogenesis.
38892829	method_reference	high		human	retina	2024	Comparison of The Results of Sponsored Genetic Testing Panels for Inherited Retinal Diseases.
38935030	state_signature	med		mouse	retina	2024	Shootin1 Regulates Retinal Ganglion Cell Neurite Development: Insights From an RGC Direct Somatic Cell Reprogramming Model.
38978074	disease_mechanism_background	low		human	retina	2024	YTHDC1 aggravates high glucose-induced retinal vascular endothelial cell injury via m6A modification of CDK6.
39048552	state_signature	low		human	retina	2024	Adaptative machine vision with microsecond-level accurate perception beyond human retina.
39102262	state_signature	low		mouse	retina	2024	IL-23 Priming Enhances the Neuroprotective Effects of MSC-Derived Exosomes in Treating Retinal Degeneration.
39117618	disease_mechanism_background	low		mouse	retina	2024	Age-related retinal degeneration resulting from the deletion of Shp2 tyrosine phosphatase in photoreceptor neurons.
39125641	disease_mechanism_background	low		human	RPE,retina	2024	The Scavenging Activity of Coenzyme Q<sub>10</sub> Plus a Nutritional Complex on Human Retinal Pigment Epithelial Cells.
39133836	state_signature	low		human	retina	2024	Functionalized Collagen I Membranes as a Bruch's Membrane Mimetic for Outer Retinal &lt;i&gt;In Vitro&lt;/i&gt; Models.
39152126	state_signature	low		mouse	retina	2024	Chrdl1-mediated BMP4 inhibition disrupts the balance between retinal neurons and Müller Glia.
39160068	state_signature	low		mouse	retina	2024	Retinal Input Is Required for the Maintenance of Neuronal Laminae in the Ventrolateral Geniculate Nucleus.
39167399	state_signature	low		mouse	retina	2024	Cholesterol Accumulation Promotes Photoreceptor Senescence and Retinal Degeneration.
39170385	disease_mechanism_background	low		human	retina	2024	MicroRNA-2861 regulates the proliferation and apoptosis of human retinal vascular endothelial cells treated with high glucose by targeting NDUFB7.
39215063	state_signature	low		human	retina	2024	Benefits of dark chocolate intake on retinal vessels functionality: a randomized, blind, crossover clinical trial.
39273264	state_signature	low		human	retina	2024	Gold Nanoparticles for Retinal Molecular Optical Imaging.
39284847	disease_mechanism_background	low		human	retina	2024	Housing RCS rats under specific pathogen-free conditions mildly ameliorates retinal degeneration and alters intestine microbiota.
39297417	disease_mechanism_background	med		mouse	retina	2024	Efficient Rescue of Retinal Degeneration in Pde6a Mice by Engineered Base Editing and Prime Editing.
39325470	state_signature	low		mouse	retina	2024	ER Stress and Mitochondrial Perturbations Regulate Cell Death in Retinal Detachment: Exploring the Role of HIF1α.
39379436	disease_mechanism_background	low		human	retina	2024	Importance of different topographic, biometric, and retinal parameters for calculating IOL power.
39448868	disease_mechanism_background	low		both	retina	2025	RIP1 inhibition protects retinal ganglion cells in glaucoma models of ocular injury.
39451253	method_reference	low		human	retina	2024	Transplacental Transfer of Oxytocin and Its Impact on Neonatal Cord Blood and In Vitro Retinal Cell Activity.
39474128	state_signature	low		human	retina	2024	Revamping anti-cGAS-STING therapy via an injectable thermo-responsive supramolecular hydrogel for pathological retinal angiogenesis.
39479233	disease_mechanism_background	low		human	retina	2024	A distributed integral control mechanism for regulation of cholesterol concentration in the human retina.
39482729	state_signature	low		human	retina	2024	Advances in retinal pigment epithelial cell transplantation for retinal degenerative diseases.
39570639	disease_mechanism_background	low		mouse	retina	2024	Diabetes Renders Photoreceptors Susceptible to Retinal Ischemia-Reperfusion Injury.
39572643	state_signature	low		human	RPE,retina	2024	Circular RNA HIPK3 mediates epithelial-mesenchymal transition of retinal pigment epithelial cells by sponging multiple microRNAs.
39594569	disease_mechanism_background	low		human	retina	2024	(Photo)toxicity of Partially Oxidized Docosahexaenoate and Its Effect on the Formation of Lipofuscin in Cultured Human Retinal Pigment Epithelial Cells.
39616406	state_signature	low		human	retina	2024	Retinal cytoarchitecture is preserved in an organotypic perfused human and porcine eye model.
39659219	state_signature	med		human	retina	2025	Retinal organoid chip: engineering a physiomimetic oxygen gradient for optimizing long term culture of human retinal organoids.
39663766	state_signature	low		human	RPE,retina	2025	Phagocytosis by the retinal pigment epithelium: New insights into polarized cell mechanics.
39665817	disease_mechanism_background	low		human	retina	2026	Innovative gene delivery systems for retinal disease therapy.
39671282	method_reference	high		mouse	retina	2024	Protocol for single-molecule FISH in the developing mouse retinal vasculature.
39685661	disease_mechanism_background	low		human	retina	2024	Retinal Ganglion Cell Replacement in Glaucoma Therapy: A Narrative Review.
39716241	disease_mechanism_background	low		human	retina	2024	Prostanoid signaling in retinal cells elicits inflammatory responses relevant to early-stage diabetic retinopathy.
39745681	disease_mechanism_background	low		mouse	retina	2025	Retinal Müller Cell-Released Exosomal MiR-92a-3p Delivers Interleukin-17A Signal by Targeting Notch-1 to Promote Diabetic Retinopathy.
39758132	state_signature	low		human	retina	2025	Autologous Neurosensory Retinal Flap Transplantation in a Porcine Model of Retinal Hole.
39768751	method_reference	low		human	retina	2024	Nd:Yag Laser Transluminal Embolysis: A Therapeutic Approach in Retinal Artery Occlusion.
39786739	state_signature	low		human	retina	2025	Identifying the Involvement of Gut Microbiota in Retinal Vein Occlusion by Mendelian Randomization and Genetic Correlation Analysis.
39786774	state_signature	low		human	retina	2025	Atrial Fibrillation and Retinal Stroke.
39794828	state_signature	low		both	retina	2025	Co-targeting of glial activation and inflammation by tsRNA-Gln-i-0095 for treating retinal ischemic pathologies.
39813057	state_signature	low		mouse	retina	2025	Age- and Sex-Specific Regulation of Serine Racemase in the Retina of an Alzheimer's Disease Mouse.
39816683	state_signature	low		human	retina	2025	Light-eye-body axis: exploring the network from retinal illumination to systemic regulation.
39836404	state_signature	low		human	retina	2025	The Landscape of Vascular Endothelial Growth Factor Inhibition in Retinal Diseases.
39859210	state_signature	med		human	retina	2025	Sonic Hedgehog Determines Early Retinal Development and Adjusts Eyeball Architecture.
39861733	disease_mechanism_background	med		human	retina	2025	Neuroprotective Effect of Melatonin Loaded in Human Serum Albumin Nanoparticles Applied Subconjunctivally in a Retinal Degeneration Animal Model.
39873651	state_signature	low		mouse	retina	2025	SIRT4 Protects Retina Against Excitotoxic Injury by Promoting OPA1-Mediated Müller Glial Cell Mitochondrial Fusion and GLAST Expression.
39875362	disease_mechanism_background	low		mouse	retina	2025	A Y178C rhodopsin mutation causes aggregation and comparatively severe retinal degeneration.
39967853	state_signature	low		human	retina	2025	MSCs act as biopatches for blood-retinal barrier preservation to enhance functional recovery after retinal I/R.
40001147	state_signature	low		human	retina	2025	Frontier applications of retinal nanomedicine: progress, challenges and perspectives.
40002341	disease_mechanism_background	low		mouse	retina	2025	Resveratrol Protects Photoreceptors in Mouse Models of Retinal Degeneration.
40002367	state_signature	low		human	retina	2025	Evidence for a Functional Link Between the Nrf2 Signalling Pathway and Cytoprotective Effect of S-Petasin in Human Retinal Pigment Epithelium Cells Exposed to Oxidative Stress.
40006077	disease_mechanism_background	low		human	retina	2025	Protective Role and Enhanced Intracellular Uptake of Curcumin in Retinal Cells Using Self-Emulsifying Drug Delivery Systems (SNEDDS).
40019772	state_signature	low		human	retina	2025	Differentiation versus dysfunction: thyroid hormone, deiodinases and retinal photoreceptors.
40047526	state_signature	med		both	retina	2025	Maf-family bZIP transcription factor NRL interacts with RNA-binding proteins and R-loops in retinal photoreceptors.
40048184	disease_mechanism_background	low		human	RPE,retina	2025	Porcine Sub-Retinal Pigment Epithelium Deposits: A Model for Dry Age-Related Macular Degeneration With Comparison to Human Drusen.
40129245	state_signature	low		human	retina	2025	Exploring the potential for gene therapy in Cav1.4-related retinal channelopathies.
40170065	state_signature	low		mouse	retina	2025	PARP inhibition preserves cone photoreceptors in rd2 retina.
40188342	state_signature	low		human	retina	2025	Effect of immunosuppression on hESC-derived retina organoids in vitro and in vivo.
40192637	state_signature	low		mouse	retina	2025	Nicotinamide Riboside Mitigates Retinal Degeneration by Suppressing Damaged DNA-Stimulated Microglial Activation and STING-Mediated Pyroptosis.
40216630	state_signature	low		mouse	retina	2025	Effect of the MIAT/microRNA 130a-3p/Pdgfra axis on retinal microglia activation in mice with chronic retinal hypoperfusion injury.
40217267	state_signature	low		both	retina	2025	Moss-derived human complement factor H modulates retinal immune response and attenuates retinal degeneration.
40226626	state_signature	med		mouse	retina	2025	Roles of MASP-1 and MASP-3 in the development of retinal degeneration in a murine model of dry age-related macular degeneration.
40251274	disease_mechanism_background	med		mouse	retina	2025	Spatial transcriptomics reveals regionally altered gene expression that drives retinal degeneration.
40303324	state_signature	low		both	retina	2025	BARD1-mediated stabilization of METTL14 promotes retinal neovascularization by m6A-modifying MXD1 mRNA on a YTHDF2-dependent manner.
40332496	method_reference	high		human	retina	2025	Long-Read Whole-Genome Sequencing as a Tool for Variant Detection in Inherited Retinal Dystrophies.
40365019	state_signature	med		human	retina	2025	Dominant &lt;i&gt;RDH12&lt;/i&gt;-retinitis pigmentosa impairs photoreceptor development and implicates cone involvement in retinal organoids.
40373038	disease_mechanism_background	low		mouse	retina	2025	Klotho null mutation leads to retinal degeneration characterized by functional impairment, gliosis, and deposition of amyloid-beta and hyperphosphorylated tau proteins.
40406567	state_signature	low		mouse	retina	2025	Neuroplastin 65 deficiency leads to the impairment of visual function through affecting ribbon synapse in retina of mice.
40423624	state_signature	low		mouse	retina	2025	Peptide Lv Deficiency Adversely Impacts the Structural and Functional Integrity of the Neural Retina.
40437791	disease_mechanism_background	low		human	retina	2025	Accommodative behaviour and retinal defocus of children during prolonged viewing of electronic devices while wearing dual-focus myopia control soft contact lenses.
40464692	state_signature	low		mouse	retina	2025	Compromised two-start zigzag chromatin folding in immature mouse retina cells driven by irregularly spaced nucleosomes with short DNA linkers.
40499779	state_signature	low		human	optic_nerve,retina	2025	Nitric Oxide May Adversely Affect the Metabolism and Viability of Retinal Organoids Derived from Patients with Leber Hereditary Optic Neuropathy.
40557874	disease_mechanism_background	low		mouse	optic_nerve,retina	2025	Maraviroc Prevents Optic Nerve Injury-Induced Retinal Ganglion Cell Apoptosis by Modulating the CCL5/CCR5/CTSS Axis.
40610740	state_signature	low		human	retina	2025	Felodipine re-positioned as a neuroprotectant via improved optic nerve head blood circulation in retinal ischemic rabbits and ocular hypertensive rats.
40703032	disease_mechanism_background	med		human	RPE,retina	2025	A PEDF-Derived Short Peptide Prevents Sodium Iodate-Induced Retinal Degeneration in Rats by Activating the SLC7A11/GSH/GPX4 Pathway in the RPE Cells.
40723812	disease_mechanism_background	low		human	retina	2025	Adeno-Associated Virus Vectors in Retinal Gene Therapy: Challenges, Innovations, and Future Directions.
40742403	state_signature	low		mouse	retina	2025	Protocadherin γC4 Promotes Neuronal Survival in the Mouse Retina Through Its Variable Cytoplasmic Domain.
40758602	method_reference	high		both	retina	2025	Novel Optical Imaging Probe for the Targeted Visualization of NLRP3 Inflammasomes in Living Retina.
40766181	state_signature	low		human	retina	2025	β-catenin-α-catenin and actomyosin signaling differentially regulate growth cone contours and axon undulation and branching of retinal ganglion cells &lt;i&gt;in situ&lt;/i&gt;.
40804358	method_reference	low		mouse	retina	2025	Impact of PEGylation and hyaluronan functionalization on lipoplex-mediated mRNA delivery to the canine retina.
40806387	state_signature	low		human	retina	2025	The Rapid Activation of MYDGF Is Critical for Cell Survival in the Acute Phase of Retinal Regeneration in Fish.
40806966	state_signature	low		mouse	retina	2025	Effects of a ROCK Inhibitor on Retinal Ganglion Cells In Vivo and In Vitro.
40820958	disease_mechanism_background	low		human	retina	2025	From Neurotransmission to Retinal Pathophysiology: Unraveling the Role of GABA Receptors in Retinal Disease Progression.
40867796	disease_mechanism_background	low		mouse	retina	2025	High-Fructose High-Fat Diet Renders the Retina More Susceptible to Blue Light Photodamage in Mice.
40956390	disease_mechanism_background	low		human	RPE,retina	2025	Retinitis Pigmentosa-Associated Gene TRIM49 Regulates ULK1-Mediated Autophagy and Photoreceptor Phagocytosis by the Retinal Pigment Epithelium.
40965404	state_signature	low		mouse	cornea,retina	2025	The Role of Connexin 36 Gap Junctions in Retinal Ganglion Cell Death After Corneal Alkali Burns.
41012634	disease_mechanism_background	low		mouse	retina	2025	Depletion of Caspase-12 Alleviates Retinal Degeneration in Aged BALB/c Mice Following Systemic Neonatal Infection by Murine Cytomegalovirus (MCMV).
41017154	disease_mechanism_background	low		both	retina	2026	A novel multiplex RNAi therapy simultaneously targets Hif1a and Hif2a to defy retinal degeneration in two models of AMD.
41019299	disease_mechanism_background	low		human	retina	2025	Establishment of human Leber's hereditary optic neuropathy model using iPSC-derived retinal organoids.
41025873	state_signature	low		mouse	retina	2025	Novel Role of Copper Transporter CTR1 and Therapeutic Potential of Copper Chelators in Retinal Ischemia-Reperfusion Injury.
41030574	state_signature	low		human	retina	2025	Exosomal miR-450b-5p Secreted from Exendin-4-Stimulated Endothelial Cells Protects Retinal Ganglion Cells Against Ischemia Reperfusion Injury.
41071880	state_signature	low		human	retina	2025	Generation of vascularized retinal organoids containing microglia based on a PDMS microwell platform.
41095642	disease_mechanism_background	low		human	retina	2025	The Role of OCTA and Microperimetry in Revealing Retinal and Choroidal Perfusion and Functional Changes Following Silicone Oil Tamponade in Rhegmatogenous Retinal Detachment: A Narrative Review.
41096710	disease_mechanism_background	low		human	RPE,retina	2025	Modulation of mTOR Within Retinal Pigment Epithelium Affects Cell Viability and Mitochondrial Pathology.
41136552	method_reference	high		human	retina	2025	Comparison of production methods for mesenchymal stem cell-derived small extracellular vesicles and evaluation of their effects on retinal pigment epithelium.
41166340	method_reference	high		human	retina	2025	A multicenter, single-arm study using a modified faricimab treat-and-extend regimen in patients with macular edema due to central retinal vein occlusion: RVOSTAR study design protocol.
41182027	disease_mechanism_background	low		human	retina	2025	Dipeptidyl Peptidase 4, a Novel Adipokine, Impairs Retinal Microcirculation in Patients With Type 2 Diabetes Mellitus.
41182029	state_signature	low		human	retina	2025	USH2A-Mutated Human Retinal Organoids Model Rod-Cone Dystrophy.
41206314	state_signature	low		mouse	retina	2026	Piperine alleviates retinal ischemic injury by mediating the APE1 signaling.
41247127	disease_mechanism_background	low		mouse	retina	2025	CXCR3 Deficiency Alleviates Retinal Ganglion Cell Loss by Regulating Neuron-Astrocyte Communication in a Mouse Model of Glaucoma.
41257731	disease_mechanism_background	low		both	retina	2025	The epidermal growth factor receptor regulates YAP signalling and promotes diabetic retinal fibrosis by modulating the degradation of SAV1.
41301509	disease_mechanism_background	low		human	retina	2025	Nanotechnology-Based Delivery Systems and Retinal Pigment Epithelium: Advances, Targeting Approaches, and Translational Challenges.
41301852	state_signature	low		mouse	retina	2025	Expression of Dystroglycanopathy-Related Enzymes, POMGNT2 and POMGNT1, in the Mammalian Retina and 661W Cone-like Cell Line.
41304743	state_signature	low		both	retina	2025	Base and Prime Editing for Inherited Retinal Diseases: Delivery Platforms, Safety, Efficacy, and Translational Perspectives.
41354925	disease_mechanism_background	low		human	retina	2025	Advances in nanomedicine-based retinal drug delivery: mechanisms and translational applications.
41361454	state_signature	low		mouse	retina	2025	Hyperglycemia impairs microglia responding to retinal vasculopathy via enhanced norepinephrine-ADRB2 signaling.
41373691	disease_mechanism_background	low		mouse	RPE,retina	2025	Prominin-1 Regulates Retinal Pigment Epithelium Homeostasis: Transcriptomic Insights into Degenerative Mechanisms.
41394857	disease_mechanism_background	low		human	retina	2025	Breach and restoration of retinal immune privilege: barrier failure, innate dysregulation, and adaptive autoimmunity.
41404501	disease_mechanism_background	low		human	retina	2025	Adenine base editor correction of pathogenic variations associated with inherited retinal dystrophy in patient iPSC and retinal organoids.
41416829	disease_mechanism_background	med		both	retina	2026	Imaging Hypoxia in the Diabetic Retina: A Potential Early-Detection Imaging Biomarker Before Detectable Retinopathy in Diabetes.
41430718	disease_mechanism_background	low		both	RPE,retina	2025	Retinal pigment epithelium-derived extracellular vesicles mediate outer blood retinal barrier disruption in response to AMD-related stress.
41480395	state_signature	med		human	retina	2025	Novel developments in retinal regeneration: Advances and future outlooks in stem cell therapy.
41491635	state_signature	low		human	retina	2026	A 66-year-old man with acute retinal necrosis.
41514281	state_signature	low		human	retina	2026	Safety and neuroprotective efficacy of the VCP inhibitor ML240 in large-animal and human retinal explants: a preclinical ex vivo study.
41545794	disease_mechanism_background	low		mouse	retina	2026	Inhibition of connexin hemichannels protects retinal ganglion cells against ocular nerve injury.
41556589	disease_mechanism_background	low		mouse	retina	2026	Combined Mouse Retinal Optoretinography/Electroretinography System to Study Light-Evoked Responses in Animal Models of Retinal Degeneration.
41564179	disease_mechanism_background	low		both	retina	2026	Healing of ischemic injury in the retina.
41567865	disease_mechanism_background	low		human	retina	2025	Strategies of AAV capsid engineering for targeted delivery to brain, muscle, and retina.
41571675	state_signature	low		both	retina	2026	Identification of Chlamydia pneumoniae and NLRP3 inflammasome activation in Alzheimer's disease retina.
41644615	disease_mechanism_background	low		human	retina	2026	Changes in retinal oxygen saturation before and after femtosecond LASIK in adult myopic individuals with anisometropia.
41655020	state_signature	low		both	retina	2026	AAV NRF2 gene therapy preserves retinal structure and function in rodent models of oxidative damage.
41741437	state_signature	low		mouse	retina	2026	Colony-stimulating factor 1 receptor inhibition is neuroprotective to photoreceptors in retinal detachment.
41746124	method_reference	low		human	retina	2026	Photodisruption of the Inner Limiting Membrane Promotes Retinal Engraftment of Stem-Cell Derived Retinal Ganglion Cells.
41755996	state_signature	low		human	retina	2026	Anti-IgLON5 encephalitis is associated with anti-retinal immunological reactivity without retinal alteration.
41787550	disease_mechanism_background	low		mouse	RPE,retina	2026	Systemic inflammation triggers local complement production in the mouse retina and RPE.
41827851	state_signature	low		human	retina	2026	Claudins in Retinal Disease: Beyond Barrier Integrity to Signaling and Therapy.
41844666	disease_mechanism_background	low		human	retina	2026	Permeable nanoreactor eye drop for enzymatic cascade-mediated treatment for acute retinal injury model mimicking geographic atrophy.
41858616	state_signature	low		mouse	retina	2026	EFA6A regulates retinal function through the control of photoreceptor cell activity and structure.
41910727	state_signature	low		mouse	retina	2026	PRDM16 protects retinal ganglion cells from ischemia-reperfusion Injury by regulating the RPL5/p53 axis.
41916968	disease_mechanism_background	med		both	retina	2026	Store-operated calcium entry drives alcohol-exacerbated neuroinflammation in retinal degeneration.
41957343	disease_mechanism_background	med		both	retina	2026	Glycosylation-driven necroptosis in retinal degeneration: dual rescue by AAV8 gene therapy and RIPK1 inhibition.
41972858	state_signature	low		mouse	optic_nerve,retina	2026	Overexpression or Activation of Potassium Channel TASK-3 Protects Retinal Ganglion Cells and Restores Visual Function in Optic Nerve Crush.
42053222	disease_mechanism_background	low		human	retina	2026	Choriocapillaris Flow Deficits Are Spatially Linked to Retinal Pigment Epithelium and Photoreceptor Integrity in Geographic Atrophy.
42060289	state_signature	med		mouse	retina	2026	Visualizing Extracellular Dopamine Dynamics in the Retina Reveals a Biphasic Reduction During Initial Myopia Development.
42067699	state_signature	low		human	RPE,retina	2026	Insulin production in the retina drives autocrine signalling and metabolism reprogramming of the ARPE-19, a retinal pigment epithelium cellular model.
42100001	disease_mechanism_background	low		human	RPE,retina	2026	Injectable alginate hydrogels improve the effects of subretinal hiPSC-derived RPE cell therapy on retinal degeneration in rats.
42112684	state_signature	low		human	retina	2026	Pigment Epithelium-Derived Factor From Müller Cells Is Involved in Angiopoietin-Mediated Survival Control of Retinal Neurons.
42117501	state_signature	med		mouse	retina	2026	Roles of sonic hedgehog signaling in retinal patterning and neurogenesis during mammalian eye development.
42137367	disease_mechanism_background	low		mouse	retina	2026	Compensatory transporter upregulation facilitates retinal ganglion cell survival in glaucoma after MCT2 elimination.
42193986	state_signature	low		human	RPE,retina	2026	Prominin-1 and Retinal Degenerative Disorders: Expanding the Biology from Photoreceptors to the Retinal Pigment Epithelium.
42300676	disease_mechanism_background	med		mouse	retina	2026	Neuroprotective Agents for Photoreceptor Rescue Following Experimental Retinal Detachment in Rodents: A Systematic Review.
38177186	composition_baseline	high		human	cornea	2024	The single-cell transcriptomic atlas and RORA-mediated 3D epigenomic remodeling in driving corneal epithelial differentiation.
41224754	disease_mechanism_background	low		human	cornea	2025	Regulation of corneal stromal cell behavior by modulating curvature using a hydraulically-controlled organ chip array.
38862465	state_signature	low		human	cornea	2024	Impact of keratocyte differentiation on corneal opacity resolution and visual function recovery in male rats.
42217275	state_signature	med		human	cornea	2026	Iron overload triggers pathological remodeling of corneal stroma through ferroptosis and senescence-associated secretory phenotype in keratoconus.
41931904	state_signature	low		human	cornea	2026	Metabolic and redox adaptations of the corneal endothelium: From metabolic plasticity to therapeutic opportunities.
35690049	state_signature	low		human	cornea	2022	Fullerenol protects cornea from ultraviolet B exposure.
39332053	state_signature	low		human	cornea	2024	TCF4 trinucleotide repeat expansions and UV irradiation increase susceptibility to ferroptosis in Fuchs endothelial corneal dystrophy.
32724480	state_signature	low		human	cornea	2020	Lentivirus-mediated IL-10-expressing Bone Marrow Mesenchymal Stem Cells promote corneal allograft survival <i>via</i> upregulating lncRNA 003946 in a rat model of corneal allograft rejection.
41923125	method_reference	high		human	cornea	2026	Functionalized metal-organic framework-based photosensitive hydrogel eye drops for inhibition of corneal neovascularization and promotion of epithelial repair.
38549081	method_reference	low		human	cornea	2024	Minocycline-loaded nHAP/PLGA microspheres for prevention of injury-related corneal angiogenesis.
40296037	state_signature	med		human	cornea	2025	Self-healing adhesive oxidized guar gum hydrogel loaded with mesenchymal stem cell exosomes for corneal wound healing.
32917640	state_signature	low		human	cornea	2020	LiQD Cornea: Pro-regeneration collagen mimetics as patches and alternatives to corneal transplantation.
37759270	state_signature	med		human	cornea	2023	Long-term PM2.5 exposure disrupts corneal epithelial homeostasis by impairing limbal stem/progenitor cells in humans and rat models.
36899356	disease_mechanism_background	med		human	cornea	2023	ROS generation and p-38 activation contribute to montmorillonite-induced corneal toxicity in vitro and in vivo.
40390022	composition_baseline	med		human	cornea	2025	Spatiotemporal single-cell analysis elucidates the cellular and molecular dynamics of human cornea aging.
41551761	state_signature	low		human	cornea	2026	Bacterial synthesis of personalized biomimetic biological cornea.
42620929	state_signature	low		human	cornea	2027	Synthetic β-amino acid polymer promoting keratocyte adhesion and corneal regeneration.
40083774	state_signature	low		human	cornea	2025	In situ UNIversal Orthogonal Network (UNION) bioink deposition for direct delivery of corneal stromal stem cells to corneal wounds.
39101028	state_signature	low		human	cornea	2024	Oriented cellulose hydrogel: Directed tissue regeneration for reducing corneal leukoplakia and managing fungal corneal ulcers.
36844364	state_signature	low		human	cornea	2023	A "T.E.S.T." hydrogel bioadhesive assisted by corneal cross-linking for in situ sutureless corneal repair.
41930340	state_signature	low		human	cornea	2026	High-Purity Functional Corneal Endothelial Cells From Human Induced Pluripotent Stem Cells via a Novel Wash-Out Method.
37095157	state_signature	low		human	cornea	2023	The biophysical property of the limbal niche maintains stemness through YAP.
37058418	method_reference	high		human	cornea	2023	Comparison of Novel Wide-Field In Vivo Corneal Confocal Microscopy With Skin Biopsy for Assessing Peripheral Neuropathy in Type 2 Diabetes.
41486622	disease_mechanism_background	low		human	cornea,sclera	2026	Bioinspired Tissue Transparency: Achieving Sclera-to-Cornea Transplantation.
39853921	state_signature	low		human	cornea	2025	Artificial Cornea Substitute Based on Hydrogel Skeletons with Natural Stromal Hierarchical Structure and Extracellular Matrix for Sutureless Transplantation.
36253148	disease_mechanism_background	low		human	cornea	2022	Nanoneedles Induce Targeted siRNA Silencing of p16 in the Human Corneal Endothelium.
36073832	state_signature	low		human	cornea	2022	Wireless-Powered Electrical Bandage Contact Lens for Facilitating Corneal Wound Healing.
41629264	state_signature	low		human	cornea	2026	p16-mediated G0/G1 cell cycle arrest leads to SASP and fibrosis in Fuchs endothelial corneal dystrophy.
38513048	state_signature	med		human	cornea	2024	Cornea-Specific Human Adipose Stem Cell-Derived Extracellular Matrix for Corneal Stroma Tissue Engineering.
38698981	state_signature	low		human	cornea	2024	Conditional reprogrammed human limbal epithelial cell model for anti-SARS-CoV-2 drug screening.
38961930	state_signature	low		human	cornea	2024	Brittle cornea syndrome: A novel mutation.
37539164	state_signature	low		human	cornea	2023	A composite hydrogel membrane with shape and water retention for corneal tissue engineering.
38356495	method_reference	high		human	cornea	2024	Contrast-enhanced Micro-CT 3D visualization of cell distribution in hydrated human cornea.
41300537	state_signature	low		human	cornea	2025	Hyperosmolarity-Induced Oxidative Stress Leads to Senescence in Human Corneal Epithelial Cells (HCEPC) via DNA Damage, Metabolic Disturbance and Mitophagy Decline.
37371958	state_signature	low		human	cornea	2023	Role of NADPH Oxidase 4 in Corneal Endothelial Cells Is Mediated by Endoplasmic Reticulum Stress and Autophagy.
37371916	state_signature	low		human	cornea	2023	A p-Tyr42 RhoA Inhibitor Promotes the Regeneration of Human Corneal Endothelial Cells by Ameliorating Cellular Senescence.
38729560	state_signature	med		human	cornea	2025	The hiPSC-derived corneal endothelial progenitor-like cell recovers the rabbit model of corneal endothelial dystrophy.
42380034	state_signature	med		human	cornea	2026	Gellan Gum Fluid Gel System for Controlled-Delivery of Cytokine-Licensed MSC-EVs to Enhance Corneal Repair in Limbal Stem Cell Deficiency.
37449943	state_signature	med		human	cornea	2023	Toward Corneal Limbus In Vitro Model: Regulation of hPSC-LSC Phenotype by Matrix Stiffness and Topography During Cell Differentiation Process.
40734361	state_signature	med		human	cornea	2025	3D Differentiation of Bone-Marrow Derived Mesenchymal Stromal Cells into the Keratocyte Lineage for Corneal Bioprinting.
39838783	disease_mechanism_background	low		human	cornea	2025	A Bioengineered Model of the Human Cornea for Preclinical Assessment of Human Ocular Exposure to Environmental Toxicants.
39930756	state_signature	low		human	cornea	2025	Enhanced Bioprinting of 3D Corneal Stroma Patches with Reliability, Assessing Product Consistency and Quality through Optimized Electron Beam Sterilization.
39198892	state_signature	low		human	cornea	2024	Targeting limbal epithelial stem cells: master conductors of corneal epithelial regeneration from the bench to multilevel theranostics.
38750454	method_reference	low		human	cornea	2024	PAX6/CXCL14 regulatory axis promotes the repair of corneal injury by enhancing corneal epithelial cell proliferation.
37376309	state_signature	low		human	cornea	2023	The Reliability of PCL/Anti-VEGF Electrospun Scaffolds to Support Limbal Stem Cells for Corneal Repair.
39538248	composition_baseline	med		human	cornea	2024	Histological, histochemical, and immunohistochemical characterization of NANOULCOR nanostructured fibrin-agarose human cornea substitutes generated by tissue engineering.
40558721	state_signature	low		human	cornea	2025	Advances in 3D Bioprinting for Corneal Regeneration.
41471055	state_signature	low		human	cornea	2025	Generation of a Bioengineered Substitute of the Human Sclero-Corneal Limbus Using a Novel Decellularization Method.
34684011	state_signature	low		human	cornea	2021	Generation of a Biomimetic Substitute of the Corneal Limbus Using Decellularized Scaffolds.
37376106	state_signature	low		human	cornea	2023	Phosphorylcholine and KR12-Containing Corneal Implants in HSV-1-Infected Rabbit Corneas.
42023163	disease_mechanism_background	low		human	cornea	2026	MMP-9-responsive contact lens facilitating disease-adaptive and safer dexamethasone delivery for corneal neovascularization therapy.
40660345	state_signature	low		human	cornea	2025	TLR3-overexpressing umbilical cord mesenchymal stromal cells suppress immune responses to attenuate high-risk corneal transplantation rejection.
34930437	state_signature	low		human	cornea	2021	Corneal epithelial differentiation of human pluripotent stem cells generates ABCB5<sup>+</sup> and ∆Np63α<sup>+</sup> cells with limbal cell characteristics and high wound healing capacity.
41865000	state_signature	low		human	cornea	2026	HC-HA/PTX3 from amniotic membrane reprograms human corneal fibroblasts to neural crest progenitors by switching from canonical to noncanonical TGFβ signaling.
38093301	method_reference	high		human	cornea	2023	New characterization and safety evaluation of human limbal stem cells used in clinical application: fidelity of mitotic process and mitotic spindle morphologies.
39639354	state_signature	low		human	cornea	2024	Trehalose extricates impaired mitochondrial and autophagy dysregulation in patient iPSC-derived macular corneal dystrophy disease model.
38486306	state_signature	med		human	cornea	2024	Bioprinting of human pluripotent stem cell derived corneal endothelial cells with hydrazone crosslinked hyaluronic acid bioink.
37061739	state_signature	low		human	cornea	2023	Expansion and characterization of human limbus-derived stromal/mesenchymal stem cells in xeno-free medium for therapeutic applications.
35659288	state_signature	low		human	cornea	2022	Long-term observation after transplantation of cultured human corneal endothelial cells for corneal endothelial dysfunction.
33741066	method_reference	high		human	cornea	2021	Process development and safety evaluation of ABCB5<sup>+</sup> limbal stem cells as advanced-therapy medicinal product to treat limbal stem cell deficiency.
34809716	state_signature	low		human	RPE,cornea	2021	Multiocular organoids from human induced pluripotent stem cells displayed retinal, corneal, and retinal pigment epithelium lineages.
37856539	state_signature	med		human	cornea	2023	Identification of the regulatory circuit governing corneal epithelial fate determination and disease.
41326717	state_signature	low		human	cornea	2026	Corneal biomechanical cues mediated by PAI-2: the origin of PM2.5-induced corneal disease.
40838019	composition_baseline	med		human	cornea	2025	Prediction of cell states and key transcription factors of the human cornea through integrated single-cell omics analyses.
36712326	composition_baseline	med		human	cornea	2022	Single cell RNA-seq of human cornea organoids identifies cell fates of a developing immature cornea.
42278597	state_signature	low		human	cornea	2026	DNA Oxidation and Expression of Repair Enzymes in Organ- Cultured Human Limbal Epithelium.
42278250	state_signature	med		human	cornea	2026	Ocular Surface Inflammation as a Driver of Cornea Limbal Stem Cell Deficiency: Mechanisms and Implications.
42653280	state_signature	low		human	cornea	2026	Negative Pressure Promotes G3BP1-Mediated Migration of Corneal Epithelial Cells Through Activation of AKT/ERK/Paxillin Pathway.
42450352	state_signature	low		human	cornea	2026	Integrated Analysis of mRNA and microRNA Expression in Corneal Impression Cytology Samples from Patients with &lt;i&gt;PAX6&lt;/i&gt;-Related Congenital Aniridia.
37628793	state_signature	low		human	cornea	2023	The Role of Sensory Innervation in Homeostatic and Injury-Induced Corneal Epithelial Renewal.
41752009	state_signature	low		human	cornea	2026	FOXC1 Regulates Cytokine Signaling, Inflammatory Pathways, and Retinoid Metabolism to Maintain Limbal Epithelial Cell Homeostasis In Vitro.
41752162	state_signature	low		human	cornea	2026	Matrix Metalloproteinase 14 in Corneal Neovascularization.
36982507	state_signature	med		human	cornea	2023	Corneal Reconstruction with EGFP-Labelled Limbal Mesenchymal Stem Cells in a Rabbit Model of Limbal Stem Cell Deficiency.
36768672	state_signature	med		human	cornea	2023	Derivation of Limbal Stem Cells from Human Adult Mesenchymal Stem Cells for the Treatment of Limbal Stem Cell Deficiency.
41465361	state_signature	low		human	cornea	2025	Effects of Topography and Extracellular Matrix Composition on Focal Adhesion Patterning in Human Corneal Fibroblasts.
35269891	composition_baseline	med		human	cornea	2022	Efficient Isolation and Functional Characterization of Niche Cells from Human Corneal Limbus.
39595954	state_signature	low		human	cornea	2024	Factors Affecting the Density of Corneal Endothelial Cells Cultured from Donor Corneas.
39273330	state_signature	low		human	cornea	2024	Hepatocyte Growth Factor Modulates Corneal Endothelial Wound Healing In Vitro.
38069177	state_signature	med		human	cornea	2023	Influence of Organ Culture on the Characteristics of the Human Limbal Stem Cell Niche.
39859409	state_signature	low		human	cornea	2025	Biomedical Application of MSCs in Corneal Regeneration and Repair.
40806627	state_signature	med		human	cornea	2025	Stem Cell-Derived Corneal Epithelium: Engineering Barrier Function for Ocular Surface Repair.
39684784	disease_mechanism_background	low		human	cornea	2024	Drug-Dependent Inhibitory Effects on Corneal Epithelium Structure, Cell Viability, and Corneal Wound Healing by Local Anesthetics.
39201288	state_signature	low		human	cornea	2024	Focal Adhesion Maturation Responsible for Behavioral Changes in Human Corneal Stromal Fibroblasts on Fibrillar Substrates.
38612568	state_signature	low		human	cornea	2024	Mechanisms of PM<sub>10</sub> Disruption of the Nrf2 Pathway in Cornea.
35409392	state_signature	med		human	cornea	2022	Aldehyde Dehydrogenases Expression in Corneal Epithelial Cells with Limbal Stem Cell Deficiency.
39273646	state_signature	med		human	cornea	2024	Anti-Inflammatory and Anti-(Lymph)angiogenic Properties of an ABCB5+ Limbal Mesenchymal Stem Cell Population.
39940664	state_signature	low		human	cornea	2025	Endoplasmic Reticulum-Mitochondria Crosstalk in Fuchs Endothelial Corneal Dystrophy: Current Status and Future Prospects.
39940950	state_signature	low		human	cornea	2025	Effects of Cell Seeding Density, Extracellular Matrix Composition, and Geometry on Yes-Associated Protein Translocation in Corneal Fibroblasts.
35897793	state_signature	low		human	cornea	2022	Transcriptomic Profiling of Human Limbus-Derived Stromal/Mesenchymal Stem Cells-Novel Mechanistic Insights into the Pathways Involved in Corneal Wound Healing.
34576227	state_signature	med		human	cornea	2021	A Decellularized Human Limbal Scaffold for Limbal Stem Cell Niche Reconstruction.
36614165	state_signature	low		human	cornea	2022	Therapeutic Potency of Induced Pluripotent Stem-Cell-Derived Corneal Endothelial-like Cells for Corneal Endothelial Dysfunction.
37240280	state_signature	med		human	cornea	2023	Early Clinical Outcomes of the First Commercialized Human Autologous Ex Vivo Cultivated Oral Mucosal Epithelial Cell Transplantation for Limbal Stem Cell Deficiency: Two Case Reports and Literature Review.
37108619	state_signature	med		human	cornea	2023	Mesenchymal Stem Cell Exosomes as Immunomodulatory Therapy for Corneal Scarring.
38339047	state_signature	low		human	cornea	2024	Protective Effect of Probiotics against <i>Pseudomonas aeruginosa</i> Infection of Human Corneal Epithelial Cells.
36499014	state_signature	low		human	cornea	2022	Novel ROCK Inhibitors, Sovesudil and PHP-0961, Enhance Proliferation, Adhesion and Migration of Corneal Endothelial Cells.
36982917	state_signature	low		human	cornea	2023	Investigating the Functional Roles of Aldehyde Dehydrogenase 3A1 in Human Corneal Epithelial Cells.
33096935	state_signature	med		human	cornea	2020	<i>rad21</i> Is Involved in Corneal Stroma Development by Regulating Neural Crest Migration.
35628669	state_signature	low		human	cornea	2022	Fluctuations in Corneal Endothelial LAP2 Expression Levels Correlate with Passage Dependent Declines in Their Cell Proliferative Activity.
36293057	composition_baseline	high		human	cornea	2022	Impact of Exosomes Released by Different Corneal Cell Types on the Wound Healing Properties of Human Corneal Epithelial Cells.
35269714	method_reference	low		human	cornea	2022	Quantitative Proteomics Reveals Molecular Network Driving Stromal Cell Differentiation: Implications for Corneal Wound Healing.
39728110	state_signature	med		human	cornea	2024	Development of Novel Squid Gladius Biomaterials for Cornea Tissue Engineering.
37443842	method_reference	low		human	cornea	2023	Single-Cell RNA Sequencing: Opportunities and Challenges for Studies on Corneal Biology in Health and Disease.
37887302	state_signature	low		human	cornea	2023	Limbal Epithelial Stem Cells in the Diabetic Cornea.
36291115	state_signature	med		human	cornea	2022	Therapeutic Strategies for Restoring Perturbed Corneal Epithelial Homeostasis in Limbal Stem Cell Deficiency: Current Trends and Future Directions.
41972705	state_signature	med		human	cornea	2026	Human Corneal Stromal Stem Cell Treatment Reduces Established Opacities in Chronic Corneal Scarring.
41827828	method_reference	low		human	cornea	2026	Patient-Derived Immortalized Limbal Epithelial Cells as In Vitro Models of Congenital Aniridia.
37626899	state_signature	med		human	cornea	2023	Opposing Roles of Blood-Borne Monocytes and Tissue-Resident Macrophages in Limbal Stem Cell Damage after Ocular Injury.
41294843	state_signature	med		human	cornea	2025	Potential Therapeutic Effects of Epithelial and Mesenchymal Stem Cell Secretome in Benzalkonium Chloride-Induced Limbal Stem Cell Dysfunction.
41369340	state_signature	med		human	cornea	2025	Multimodal Imaging of the Corneal Endothelial Transition Zone Reveals Progenitor Cell Population.
40940733	state_signature	low		human	cornea	2025	Mechanisms of Corneal Nerve Regeneration: Examining Molecular Regulators.
39996731	disease_mechanism_background	low		human	cornea	2025	Drug- and Cell-Type-Specific Effects of ROCK Inhibitors as a Potential Cause of Reticular Corneal Epithelial Edema.
35741104	state_signature	med		human	cornea	2022	P-Cadherin Is Expressed by Epithelial Progenitor Cells and Melanocytes in the Human Corneal Limbus.
39682768	state_signature	low		human	cornea	2024	Senescence and Stress Signaling Pathways in Corneal Cells After Nitrogen Mustard Injury.
36899873	state_signature	med		human	cornea	2023	A Novel Technique of Amniotic Membrane Preparation Mimicking Limbal Epithelial Crypts Enhances the Number of Progenitor Cells upon Expansion.
36611829	state_signature	low		human	cornea	2022	MiR-302a Regenerates Human Corneal Endothelial Cells against IFN-γ-Induced Cell Death.
36078126	disease_mechanism_background	low		human	cornea	2022	Influence of the Postmortem/Storage Time of Human Corneas on the Properties of Cultured Limbal Epithelial Cells.
39682760	state_signature	low		human	cornea	2024	Towards Clinical Application: Calcium Waves for In Vitro Qualitative Assessment of Propagated Primary Human Corneal Endothelial Cells.
37296653	state_signature	low		human	cornea	2023	Mustard Gas Exposure Actuates SMAD2/3 Signaling to Promote Myofibroblast Generation in the Cornea.
35053425	state_signature	low		human	cornea	2022	Fibrosis Is a Basement Membrane-Related Disease in the Cornea: Injury and Defective Regeneration of Basement Membranes May Underlie Fibrosis in Other Organs.
36497012	state_signature	med		human	cornea	2022	Transcriptomic Landscape and Functional Characterization of Human Induced Pluripotent Stem Cell-Derived Limbal Epithelial Progenitor Cells.
37371094	state_signature	low		human	cornea	2023	Investigating the Role of TGF-β Signaling Pathways in Human Corneal Endothelial Cell Primary Culture.
34571952	state_signature	low		human	cornea	2021	Corneal Epithelial Stem Cells-Physiology, Pathophysiology and Therapeutic Options.
37081200	state_signature	low		human	cornea	2023	Zeb1 facilitates corneal epithelial wound healing by maintaining corneal epithelial cell viability and mobility.
40149974	state_signature	low		human	cornea	2025	Efficient Fabrication of Human Corneal Stromal Cell Spheroids and Promoting Cell Stemness Based on 3D-Printed Derived PDMS Microwell Platform.
36671472	state_signature	low		human	cornea	2022	The Yin and Yang of Mesenchymal Cells in the Corneal Stromal Fibrosis Response to Injury: The Cornea as a Model of Fibrosis in Other Organs.
33918484	state_signature	low		human	cornea	2021	Human Cadaveric Donor Cornea Derived Extra Cellular Matrix Microparticles for Minimally Invasive Healing/Regeneration of Corneal Wounds.
37238641	state_signature	low		human	cornea	2023	The Cornea: No Difference in the Wound Healing Response to Injury Related to Whether, or Not, There's a Bowman's Layer.
33485387	state_signature	med		human	cornea	2021	Time-course single-cell RNA sequencing reveals transcriptional dynamics and heterogeneity of limbal stem cells derived from human pluripotent stem cells.
40755901	method_reference	low		human	cornea	2025	A bioequivalent cornea cross-linking method using photo-initiators LAP and visible light.
38434572	state_signature	low		human	cornea	2024	Fabrication of bioengineered corneal endothelial grafts using an allogeneic cornea-derived matrix.
40761516	state_signature	low		human	cornea	2025	Construction and characteristics of an adjustable biomechanical in vitro corneal stromal model simulating keratoconus pathological features.
39328788	state_signature	low		human	cornea	2024	Preparation, physico-biochemical characterization, and proteomic analysis of highly transparent corneal extracellular matrices for lamellar keratoplasty and tissue-engineered cornea construction.
39935895	method_reference	low		human	cornea	2025	Photochemical corneal cross-linking: Evaluating the potential of a hand-held biopen.
37139464	method_reference	low		human	cornea	2023	Current microfluidic platforms for reverse engineering of cornea.
38226015	state_signature	med		human	cornea	2024	Novel strategy for multi-material 3D bioprinting of human stem cell based corneal stroma with heterogenous design.
38202631	method_reference	low		human	cornea	2023	Exploring the Role of <i>Lycium barbarum</i> Polysaccharide in Corneal Injury Repair and Investigating the Relevant Mechanisms through In Vivo and In Vitro Experiments.
42495118	method_reference	high		human	cornea	2026	A biomimetic and xeno-free platform for corneal engineering: synergy between PRGF technology and human dental pulp stem cells.
41929428	state_signature	low		human	cornea	2026	Targeted proteomic and bioinformatic investigation of extracellular matrix remodeling in hAEC-EV-mediated corneal repair.
39386038	state_signature	low		human	cornea	2024	The time dependent influence of curvature and topography of biomaterials in the behavior of corneal endothelial cells.
34976970	state_signature	low		human	cornea	2021	A Liquid Hydrogel to Restore Long Term Corneal Integrity After Perforating and Non-Perforating Trauma in Feline Eyes.
41832165	state_signature	low		human	cornea	2026	Seeing through collagen: integrative pro-regenerative corneal implants for clearer future.
39905045	method_reference	low		human	cornea	2025	Bio-orthogonal crosslinking and hyaluronan facilitate transparent healing after treatment of deep corneal injuries with in situ-forming hydrogels.
37895917	disease_mechanism_background	low		human	cornea	2023	Spironolactone Eyedrop Favors Restoration of Corneal Integrity after Wound Healing in the Rat.
40689077	state_signature	med		human	cornea	2025	Development of stromal corneal grafts using a novel decellularization method with sodium cocoyl glutamate on &lt;i&gt;GGTA1&lt;/i&gt;/&lt;i&gt;CMAH&lt;/i&gt;/&lt;i&gt;β4GalNT2&lt;/i&gt; knock-out porcine corneas.
35571395	method_reference	low		human	cornea	2022	Methodological study of directed differentiation of pluripotent stem cells into corneal endothelial cells.
41440637	method_reference	low		human	cornea	2025	Porcine Corneal Models as Translational Platforms for Innovative Therapies: Current Insights and Future Directions.
38961590	state_signature	low		human	cornea	2024	Establishment of human corneal epithelial organoids for ex vivo modelling dry eye disease.
42057097	disease_mechanism_background	med		human	cornea	2026	Corneal backscatter as a biomarker for edema severity in Fuchs endothelial corneal dystrophy: a cross-sectional study.
42614741	state_signature	low		human	cornea	2026	Immune cell dynamics and cytokine regulation in cornea and transplantation.
35280984	composition_baseline	high		human	cornea	2022	Molecular Characteristics and Distribution of Adult Human Corneal Immune Cell Types.
33897716	state_signature	low		human	cornea	2021	Macrophage-Mediated Tissue Vascularization: Similarities and Differences Between Cornea and Skin.
42194275	state_signature	low		human	cornea	2026	Putative Self-Organizing Human Corneal Organoids Recapitulate Human Corneal Architecture and Cellular Diversity.
42351915	state_signature	low		human	cornea	2026	Keratin-Laden Bioink for Corneal Stroma Bioprinting.
42194274	state_signature	low		human	cornea	2026	Cytocompatibility of PMMA and Titanium Boston Keratoprosthesis Backplates with Human Corneal Fibroblasts.
42194302	state_signature	med		human	cornea	2026	Development and Validation of an In Vitro Ocular Irritation Test for Ophthalmic Medical Devices with a Novel Reconstructed Human Corneal Epithelium Model.
41301117	state_signature	low		human	cornea	2025	Bioengineering Strategies for Corneal Endothelial Cell Injection Therapy: Advances, Challenges, and Clinical Translation.
38247931	state_signature	low		human	cornea	2024	Electrospun Nanofiber Membrane for Cultured Corneal Endothelial Cell Transplantation.
36671634	state_signature	low		human	cornea	2023	Cell-Laden Marine Gelatin Methacryloyl Hydrogels Enriched with Ascorbic Acid for Corneal Stroma Regeneration.
37476050	method_reference	low		human	cornea	2023	Decellularized squid mantle scaffolds as tissue-engineered corneal stroma for promoting corneal regeneration.
40315239	disease_mechanism_background	low		human	cornea	2025	Herpes simplex virus type-1 infection and spread in a novel porcine corneal explant model is restricted to the epithelium.
41157773	state_signature	low		human	cornea	2025	Antioxidant-Rich &lt;i&gt;Clitoria ternatea&lt;/i&gt; Flower Extract Promotes Proliferation and Migration of Human Corneal Epithelial Cells.
34172618	state_signature	low		human	cornea	2022	Curative effect and possible mechanism of taurine on early corneal alkali burns.
40230358	state_signature	med		human	cornea	2025	Human corneal organoid has a limbal function that supplies epithelium to the cornea with limbal deficiency.
40979555	state_signature	low		human	cornea	2025	&lt;i&gt;Ex vivo&lt;/i&gt; expansion of corneal endothelial cells enabled by small molecule inhibitors of LATS kinase.
41362835	state_signature	low		human	cornea	2026	Decellularized corneal-based 3D scaffolds: methods decellularization, characterization, mechanical properties, and species source.
41708739	state_signature	med		human	cornea	2026	Exploring the impact of human pluripotent stem cell heterogeneity on corneal limbal stem cell differentiation outcomes.
38514716	state_signature	med		human	cornea	2024	Single nuclei transcriptomics of the in situ human limbal stem cell niche.
37291161	composition_baseline	med		human	cornea	2023	A single-cell RNA-seq analysis unravels the heterogeneity of primary cultured human corneal endothelial cells.
34741068	composition_baseline	med		human	cornea	2021	Single cell transcriptomics reveals the heterogeneity of the human cornea to identify novel markers of the limbus and stroma.
42310124	method_reference	high		human	cornea	2026	Toward clinically relevant automated corneal biomanufacturing with human-derived FBS alternatives.
41422093	state_signature	med		human	cornea	2025	Multimodal objective assessment of a porcine limbal stem cell deficiency model for corneal therapy research.
39994275	disease_mechanism_background	low		human	cornea	2025	Caveolin 1 and 2 enhance the proliferative capacity of BCAM-positive corneal progenitors.
41912634	disease_mechanism_background	low		human	cornea	2026	Gene expression and machine learning techniques uncover corneal biomarkers associated with oxidative stress in the myopia progression.
40481094	state_signature	low		human	cornea	2025	Investigation of postmortem change in the human corneal epithelium via impression cytology.
40221533	state_signature	low		human	cornea	2025	Tissue engineered corneal endothelium transplantation in an ex vivo human cornea organ culture model.
42115358	state_signature	low		human	cornea	2026	Key donor corneal factors governing successful expansion of human corneal endothelial cells.
42069863	disease_mechanism_background	low		human	cornea	2026	Structure-based virtual screening identifies VX-809 as a candidate dual-pathway modulator in fuchs endothelial corneal dystrophy.
40287463	state_signature	low		human	cornea	2025	Comprehensive identification of dysregulated extracellular matrix molecules in the corneal endothelium of patients with Fuchs endothelial corneal dystrophy.
41888247	state_signature	med		human	cornea	2026	Imaging improvements reveal guttae development and posterior fibrillar layer formation in fuchs endothelial corneal dystrophy.
34381080	composition_baseline	med		human	cornea	2021	Molecular characteristics and spatial distribution of adult human corneal cell subtypes.
41580559	method_reference	high		human	cornea	2026	Evaluation of cytotoxicity, wound healing, and anti-inflammatory effects of netarsudil on human corneal epithelial cells.
40753109	method_reference	low		human	cornea	2025	AMF30a promotes survival and function of human corneal endothelial cells by regulating TGF-β/ROCK/HIPPO pathway.
41535560	method_reference	high		human	cornea	2026	Evaluation of dECM hydrogel-NAP on 3D organotypic human corneal epithelium in diabetic keratopathy model.
40617919	state_signature	low		human	cornea	2025	Corneal safety assessment of germicidal far UV-C radiation.
40287480	disease_mechanism_background	low		human	cornea	2025	A feasibility of computational drug screening for Fuchs endothelial corneal dystrophy.
40210649	state_signature	low		human	cornea	2025	Assessment of the toxic effect of benzalkonium chloride on human limbal stem cells.
40437144	state_signature	low		human	cornea	2025	Co-differentiation and enrichment of corneal endothelial cells and keratocytes from human pluripotent stem cells.
39443505	state_signature	low		human	cornea	2024	A unique and biocompatible corneal collagen crosslinking in vivo.
40140459	state_signature	med		human	cornea	2025	Irradiated umbilical cord mesenchymal stem cell-coated high oxygen-permeable hydrogel lenses inhibit corneal inflammation and neovascularization after corneal alkali burns.
41703084	state_signature	med		human	cornea	2026	The effect of macromolecular crowders as a supplement to serum free media on human corneal stromal cells proliferation and marker expression.
40854928	state_signature	low		human	cornea	2025	Investigating the role of molecular coating in human corneal endothelial cell primary culture using artificial intelligence-driven image analysis.
39732756	method_reference	high		human	cornea	2024	Transcriptomic comparison of corneal endothelial cells in young versus old corneas.
36577775	state_signature	low		human	cornea	2022	In situ transduction of cells in human corneal limbus using adeno-associated viruses: an ex vivo study.
39075142	state_signature	low		human	cornea	2024	A novel tissue-engineered corneal epithelium based on ultra-thin amniotic membrane and mesenchymal stem cells.
38704483	state_signature	med		human	cornea	2024	Transcription factor 4 promotes increased corneal endothelial cellular migration by altering microtubules in Fuchs endothelial corneal dystrophy.
33067486	method_reference	high		human	cornea	2020	Isolation and enrichment of melanocytes from human corneal limbus using CD117 (c-Kit) as selection marker.
36922551	state_signature	low		human	cornea	2023	Genetic analysis of allogenic donor cells after successful allo-limbal epithelial transplantation in simple and cultivated limbal epithelial transplantation procedures.
37714879	state_signature	low		human	cornea	2023	Selective effects of estradiol on human corneal endothelial cells.
37735479	state_signature	med		human	cornea	2023	Wnt activation as a potential therapeutic approach to treat partial limbal stem cell deficiency.
38379013	state_signature	low		human	cornea	2024	Modeling dry eye with an air-liquid interface in corneal epithelium-on-a-chip.
32879306	state_signature	low		human	conjunctiva	2020	Ocular conjunctival inoculation of SARS-CoV-2 can cause mild COVID-19 in rhesus macaques.
38862482	disease_cell_composition	high		human	conjunctiva	2024	Single-cell sequencing depicts tumor architecture and empowers clinical decision in metastatic conjunctival melanoma.
32649922	state_signature	low		human	conjunctiva	2020	SARS-CoV-2 infection in conjunctival tissue - Authors' reply.
32386571	state_signature	low		human	conjunctiva	2020	Tropism, replication competence, and innate immune responses of the coronavirus SARS-CoV-2 in human respiratory tract and conjunctiva: an analysis in ex-vivo and in-vitro cultures.
33828201	disease_mechanism_background	low		human	conjunctiva	2021	Fangchinoline suppresses conjunctival melanoma by directly binding FUBP2 and inhibiting the homologous recombination pathway.
41261164	state_signature	low		human	conjunctiva	2025	Conjunctival melanoma genomic analysis reveals intermediate tumor mutation burden and genomic overlap with cutaneous melanoma.
41715185	state_signature	low		human	conjunctiva	2026	Heterogeneous-structural bilamellar bionic scaffold for integrated regeneration of tarso-conjunctival composite tissue.
38842752	disease_mechanism_background	med		human	conjunctiva	2024	Lactate secreted by glycolytic conjunctival melanoma cells attracts and polarizes macrophages to drive angiogenesis in zebrafish xenografts.
35806252	state_signature	low		human	conjunctiva	2022	Detection of Human Papillomavirus in Squamous Lesions of the Conjunctiva Using RNA and DNA In-Situ Hybridization.
41683728	state_signature	low		human	conjunctiva	2026	Cord Blood Serum Attenuates Hyperosmolarity-Induced Inflammation and TRPV1 Upregulation in Conjunctival Epithelial Cells.
39201366	state_signature	low		human	conjunctiva	2024	Granzyme B Expression in Conjunctiva of Patients with Pterygium.
37629169	state_signature	med		human	conjunctiva	2023	ATRX Loss in the Development and Prognosis of Conjunctival Melanoma.
37047561	state_signature	low		human	conjunctiva	2023	Transmembrane Mucin Response in Conjunctival Epithelial Cells Exposed to Wall Shear Stresses.
37569323	state_signature	low		human	conjunctiva	2023	Differential Gene and Protein Expression of Conjunctival Bleb Hyperfibrosis in Early Failure of Glaucoma Surgery.
33266349	state_signature	low		human	conjunctiva	2020	PD-L1 Expression in 65 Conjunctival Melanomas and Its Association with Clinical Outcome.
34071371	disease_mechanism_background	low		human	conjunctiva	2021	Molecular Genetics of Conjunctival Melanoma and Prognostic Value of <i>TERT</i> Promoter Mutation Analysis.
35683016	state_signature	low		human	conjunctiva	2022	Nerve Growth Factor (NGF) as Partaker in the Modulation of UV-Response in Cultured Human Conjunctival Fibroblasts.
34638869	method_reference	low		human	conjunctiva	2021	Characterisation of Gel-Forming Mucins Produced In Vivo and In Ex Vivo Conjunctival Explant Cultures.
40422222	state_signature	low		human	conjunctiva	2025	Nerve Growth Factor Modulates Regulatory Cell Volume Behavior via Stimulating TRPV1, TRPM8 Channels and Inducing Ca&lt;sup&gt;2+&lt;/sup&gt; Signaling in Human Conjunctival Epithelial Cells.
36671500	state_signature	med		human	conjunctiva	2023	Transcriptional Profiling Identifies Prognostic Gene Signatures for Conjunctival Extranodal Marginal Zone Lymphoma.
33138064	state_signature	low		human	conjunctiva	2020	Nanotechnology for the Treatment of Allergic Conjunctival Diseases.
41899543	disease_mechanism_background	low		human	conjunctiva	2026	Conjunctival Squamous Cell Carcinoma: A Clinical Review of Diagnostic Features, Genetics, Current Management and an Update on Targeted and Immunotherapies.
39518125	disease_mechanism_background	low		human	conjunctiva	2024	Epigenetics of Conjunctival Melanoma: Current Knowledge and Future Directions.
39099424	state_signature	low		human	conjunctiva	2024	Purinergic agonists increase [Ca&lt;sup&gt;2+&lt;/sup&gt;]&lt;sub&gt;i&lt;/sub&gt; in rat conjunctival goblet cells through ryanodine receptor type 3.
36204234	disease_mechanism_background	low		human	conjunctiva	2022	AZD6738 Inhibits fibrotic response of conjunctival fibroblasts by regulating checkpoint kinase 1/<i>P53</i> and <i>PI3K</i>/<i>AKT</i> pathways.
36209216	state_signature	low		human	conjunctiva	2022	Differences in vulnerability to desiccating stress between corneal and conjunctival epithelium in rabbit models of short-term ocular surface exposure.
42493528	state_signature	low		human	conjunctiva	2026	A high-throughput 3D conjunctival spheroid model for standardized in vitro testing.
41654583	state_signature	low		human	conjunctiva	2026	Human amnion epithelial cell-derived exosomal miR-25-3p enhances mucin expression in conjunctival goblet cells via downregulating BCL2L11.
37507439	state_signature	low		human	conjunctiva	2023	Full thickness 3D in vitro conjunctiva model enables goblet cell differentiation.
35414674	state_signature	low		human	conjunctiva	2022	Tissue resident memory T cells inhabit the deep human conjunctiva.
36175572	state_signature	low		human	conjunctiva	2022	Sex-based differences in conjunctival goblet cell responses to pro-inflammatory and pro-resolving mediators.
33277602	state_signature	low		human	conjunctiva	2020	MACE RNA sequencing analysis of conjunctival squamous cell carcinoma and papilloma using formalin-fixed paraffin-embedded tumor tissue.
33046735	state_signature	med		human	conjunctiva	2020	Transcriptional characterization of conjunctival melanoma identifies the cellular tumor microenvironment and prognostic gene signatures.
36163231	state_signature	low		human	conjunctiva	2022	FGF-2 enhances fibrogenetic changes in TGF-β2 treated human conjunctival fibroblasts.
42652101	disease_cell_composition	high		human	conjunctiva	2026	Transcriptomic Study of Mechanism Driving Conjunctival Fibrosis Following Glaucoma Filtration Surgery.
39338181	disease_mechanism_background	med		human	conjunctiva	2024	The Dilemma for Early-Stage Conjunctival Mucosa-Associated Lymphoid Tissue Lymphoma: To Treat or Not to Treat?
32502616	method_reference	low		human	conjunctiva	2021	Co-expression of SARS-CoV-2 entry genes in the superficial adult human conjunctival, limbal and corneal epithelium suggests an additional route of entry via the ocular surface.
41651377	method_reference	low		human	conjunctiva	2026	Investigating conjunctival immune pathways in Sjögren and non-Sjögren disease associated dry eye.
32991984	state_signature	low		human	conjunctiva	2021	SARS-CoV-2 receptor ACE2 is expressed in human conjunctival tissue, especially in diseased conjunctival tissue.
34583089	state_signature	low		human	conjunctiva	2022	SARS-CoV-2 and its beta variant of concern infect human conjunctival epithelial cells and induce differential antiviral innate immune response.
32602639	state_signature	low		human	conjunctiva	2020	Conjunctival reconstruction via enrichment of human conjunctival epithelial stem cells by p75 through the NGF-p75-SALL2 signaling axis.
35750043	state_signature	low		human	conjunctiva	2022	Conjunctival epithelial cells resist productive SARS-CoV-2 infection.
37770232	state_signature	med		human	conjunctiva	2023	Gene expression signatures of human senescent corneal and conjunctival epithelial cells.
42100661	state_signature	low		human	conjunctiva	2026	Comparative transcriptomic profiling of human conjunctival epithelial cells and macrophages in response to &lt;i&gt;Chlamydia trachomatis&lt;/i&gt; genovars A and B in early- and mid-infection cycles.
37389178	state_signature	med		human	conjunctiva	2023	Identification of BST2 as a conjunctival epithelial stem/progenitor cell marker.
32578954	state_signature	low		human	conjunctiva	2020	Lymphatic lacunae of the human eye conjunctiva embedded within a stroma containing CD34<sup>+</sup> telocytes.
32944840	state_signature	low		human	conjunctiva	2021	Detection of SARS-CoV-2 in conjunctival secretions from patients without ocular symptoms.
33273978	method_reference	low		human	conjunctiva	2021	Effect of fluoxetine on the MAPK-ERK1/2 signaling pathway and expression of associated factors in human conjunctival epithelial cells in culture.
38383070	disease_cell_composition	high		human	conjunctiva	2024	Genetic landscape and prognosis of conjunctival melanoma in Chinese patients.
36856978	state_signature	med		human	conjunctiva	2023	Conjunctival T Cell Profile in Allogeneic Hematopoietic Stem Cell Transplant Patients after Instilling Topical Cyclosporine-A 0.1% Cationic Emulsion.
35882984	state_signature	low		human	conjunctiva	2023	Conjunctival Lymphoma.
41609175	disease_mechanism_background	low		human	conjunctiva	2026	Downregulation of Cyclin Kinase Inhibitors p16INK4a and p27 in Conjunctival Melanomas.
40736175	disease_mechanism_background	low		human	conjunctiva	2025	Achromobacter in the Conjunctival Sac Microbiota: Potential Association With Acanthamoeba Keratitis Related to Orthokeratology Lenses.
41757826	state_signature	low		human	conjunctiva	2026	Ly93 Inhibits Sphingomyelin Synthesis and Attenuates Inflammation and Injury in Dry Eye Conjunctival Organoids.
38597722	state_signature	med		human	conjunctiva	2024	Histologic and Genomic Analysis of Conjunctival SCC in African and American Cohorts Reveal UV Light and HPV Signatures and High Tumor Mutation Burden.
34779821	disease_mechanism_background	low		human	conjunctiva	2021	Genomic Alterations in Human Papillomavirus-Positive and -Negative Conjunctival Squamous Cell Carcinomas.
41556586	method_reference	low		human	conjunctiva	2026	Effects of a Novel Dexamethasone Hydrogel Drug Delivery System on Cytokine and Mucin Expression in a Three-Dimensional In Vitro Conjunctival Inflammation Model.
40244605	state_signature	low		human	conjunctiva	2025	Quantitative Stain-Free Conjunctival Collagen Imaging in Cicatrizing Conjunctivitis Using Second Harmonic Generation-Two Photon Excitation Technology.
34369985	disease_mechanism_background	med		human	conjunctiva	2021	Conjunctival Expression of Toll-Like Receptor 3 Plays a Pathogenic Role in the Formation of Ultraviolet Light-Induced Pterygium.
34427624	disease_mechanism_background	low		human	conjunctiva	2021	Activation of Conjunctiva-Associated Lymphoid Tissue in Patients With Infectious Keratitis Using In Vivo Confocal Microscopy.
38099736	state_signature	low		human	conjunctiva	2023	Epithelial Immune Cell Response to Initial Soft Contact Lens Wear in the Human Corneal and Conjunctival Epithelium.
33798262	state_signature	low		human	conjunctiva	2021	Targeting the YAP/TAZ Pathway in Uveal and Conjunctival Melanoma With Verteporfin.
32232343	state_signature	low		human	conjunctiva	2020	Mass Spectrometry Reveals α-2-HS-Glycoprotein as a Key Early Extracellular Matrix Protein for Conjunctival Cells.
42123067	disease_mechanism_background	low		human	conjunctiva	2026	Recurrent Conjunctival Melanoma Managed with Long-Term Eye-Preserving Treatment Followed by Delayed Eyelid Metastasis: A Case Report.
34575369	state_signature	low		human	conjunctiva	2021	Post-Mortem RT-PCR Assay for SARS-CoV-2 RNA in COVID-19 Patients' Corneal Epithelium, Conjunctival and Nasopharyngeal Swabs.
40529102	state_signature	low		human	conjunctiva	2025	Next-Generation Sequencing-Based Molecular Profiling of Conjunctival Squamous Cell Carcinoma and Its Potential Application for Therapy.
35251611	state_signature	low		human	conjunctiva	2022	Conjunctival epithelial hyperplasia in a patient with a nodular lesion in the palpebral conjunctiva: A case report.
38359019	state_signature	low		human	conjunctiva	2024	Detection of TTR Amyloid in the Conjunctiva Using a Novel Fluorescent Ocular Tracer.
37889503	state_signature	low		human	conjunctiva	2023	Investigation of Conjunctival Goblet Cell and Tear MUC5AC Protein in Patients With Graves' Ophthalmopathy.
33667466	disease_mechanism_background	low		human	conjunctiva	2021	Co-expression of the SARS-CoV-2 entry receptors ACE2 and TMPRSS2 in healthy human conjunctiva.
34826419	disease_mechanism_background	low		human	conjunctiva	2022	Hydroxychloroquine treatment on SARS-CoV-2 receptor ACE2, TMPRSS2 and NRP1 expression in human primary pterygium and conjunctival cells.
34111255	state_signature	low		human	conjunctiva	2021	Lactobacillus sakei Pro-Bio65 Reduces TNF-α Expression and Upregulates GSH Content and Antioxidant Enzymatic Activities in Human Conjunctival Cells.
32374427	state_signature	low		human	conjunctiva	2020	Expression of the COVID-19 receptor ACE2 in the human conjunctiva.
42589107	state_signature	low		human	conjunctiva	2026	mRNA and microRNA Expression Profile of Corneal and Conjunctival Impression Cytology Samples.
36792067	disease_mechanism_background	low		human	conjunctiva	2023	Impairment of autophagy promotes human conjunctival fibrosis and pterygium occurrence via enhancing the SQSTM1-NF-κB signaling pathway.
36661711	disease_mechanism_background	low		human	conjunctiva	2023	CD5-Negative Primary Mantle Cell Lymphoma Presenting with a Bilateral Conjunctival Mass: A Potential Diagnostic Pitfall.
32995498	method_reference	low		human	conjunctiva	2020	Povidone iodine treatment is deleterious to human ocular surface conjunctival cells in culture.
39819490	disease_mechanism_background	low		human	conjunctiva	2025	Atypical conjunctival sporotrichosis secondary to Mooren's ulcer: a case report.
35358193	state_signature	low		human	conjunctiva	2022	FOXP3 and CXCR4-positive regulatory T cells in the tumor stroma as indicators of tumor immunity in the conjunctival squamous cell carcinoma microenvironment.
33206726	state_signature	low		human	conjunctiva	2020	TGF-β-induced activation of conjunctival fibroblasts is modulated by FGF-2 and substratum stiffness.
32833992	disease_mechanism_background	low		human	conjunctiva	2020	Expression, intracellular localization, and mutation of EGFR in conjunctival squamous cell carcinoma and the association with prognosis and treatment.
32315325	state_signature	low		human	conjunctiva	2020	Aberrant HLA-DR expression in the conjunctival epithelium after autologous serum treatment in patients with graft-versus-host disease or Sjögren's syndrome.
33053795	state_signature	low		mouse	conjunctiva	2020	Disease-Specific Expression of Conjunctiva Associated Lymphoid Tissue (CALT) in Mouse Models of Dry Eye Disease and Ocular Allergy.
35361907	state_signature	low		mouse	conjunctiva	2022	Single-cell transcriptional profiling of murine conjunctival immune cells reveals distinct populations expressing homeostatic and regulatory genes.
39077915	state_signature	med		mouse	conjunctiva	2024	A detailed survey of the murine limbus, its stem cell distribution, and its boundaries with the cornea and conjunctiva.
35372100	state_signature	low		mouse	conjunctiva	2022	Behavioral and Neuropathological Changes After <i>Toxoplasma gondii</i> Ocular Conjunctival Infection in BALB/c Mice.
39514390	method_reference	high		mouse	conjunctiva	2024	A protocol for immunostaining of macrophages in whole-mount mouse cornea, conjunctiva, and lacrimal gland.
38421865	method_reference	high		mouse	conjunctiva	2024	Protocol to examine immune subpopulations in murine conjunctiva and lacrimal gland using flow cytometry.
36877515	state_signature	low		mouse	conjunctiva	2023	T-Cell Repertoire Analysis in the Conjunctiva of Murine Dry Eye Model.
35895055	state_signature	low		mouse	conjunctiva	2022	The Use of Panitumumab-IRDye800CW in a Novel Murine Model for Conjunctival Squamous Cell Carcinoma.
36932081	state_signature	low		both	conjunctiva	2023	The protective role of conjunctival goblet cell mucin sialylation.
35974097	disease_mechanism_background	low		both	conjunctiva	2022	Wnt/β-catenin signaling stimulates the self-renewal of conjunctival stem cells and promotes corneal conjunctivalization.
36213538	disease_mechanism_background	med		both	conjunctiva	2022	Cucurbitacin B-induced G2/M cell cycle arrest of conjunctival melanoma cells mediated by GRP78-FOXM1-KIF20A pathway.
42565253	disease_mechanism_background	med		both	conjunctiva	2026	Conjunctival Sac-Derived Lactobacillus mucosae MM-1 Metabolite Indole-3-Lactic Acid Attenuates Lens-Induced Myopia in Mice via AHR Activation and TGF-β/Smad Inhibition.
41439999	state_signature	med		both	conjunctiva	2025	KRT6A and KRT17 Mark Distinct Stem Cell Populations in the Adult Palpebral Conjunctiva and Meibomian Gland.
39902753	state_signature	med		both	conjunctiva	2025	Development of a conjunctival contact-type drug delivery device for latanoprost using hyaluronic acid.
40778698	state_signature	low		both	conjunctiva	2025	CXCR4-Mediated Chemokine Signaling Orchestrates the Progression of Conjunctival Melanocytic Lesions.
40238113	state_signature	low		both	conjunctiva	2025	Single-Cell RNA Sequencing Revealed Functional Conjunctival Keratinocytes Loss via TGF-β-Wnt/β-Catenin Signaling in Sjögren's Syndrome Related Dry Eye.
34643664	state_signature	low		both	conjunctiva	2021	Local Renin-Angiotensin System Activation and Myofibroblast Formation in Graft Versus Host Disease-Associated Conjunctival Fibrosis.
36350619	state_signature	low		both	conjunctiva	2022	Conjunctiva Resident γδ T Cells Expressed High Level of IL-17A and Promoted the Severity of Dry Eye.
34578864	state_signature	low		other	conjunctiva	2021	The Protective Effect of Oral Application of Corni Fructus on the Disorders of the Cornea, Conjunctiva, Lacrimal Gland and Retina by Topical Particulate Matter 2.5.
37317137	state_signature	low		other	conjunctiva	2023	Metagenomic Analysis of DNA Viruses with Targeted Sequence Capture of Canine Lobular Orbital Adenomas and Normal Conjunctiva.
36914721	state_signature	low		other	conjunctiva	2023	Natural history of nonhuman primates after conjunctival exposure to Ebola virus.
39836405	state_signature	low		other	conjunctiva	2025	Pyrimidinergic P2Y1-Like Nucleotide Receptors Are Functional in Rat Conjunctival Goblet Cells.
35205050	state_signature	low		other	conjunctiva	2022	Conjunctival Swab Real Time-PCR in <i>Leishmania infantum</i> Seropositive Dogs: Diagnostic and Prognostic Values.
36359139	disease_mechanism_background	low		other	conjunctiva	2022	Conjunctival Extramedullary Plasmacytoma in Dogs and a Cat: Clinical Characteristics and Histopathological Findings.
39591283	method_reference	high		other	conjunctiva	2024	Standardization and Evaluation of the LAMP Technique for the Diagnosis of Canine Visceral Leishmaniasis in Conjunctival Swab Samples Using DNA Extracted by a Silica Column and Boiling.
39482793	disease_mechanism_background	low		unknown	conjunctiva	2024	A review of the application of in-vivo confocal microscopy on conjunctival diseases.
36363779	state_signature	low		unknown	conjunctiva	2022	Occurrence of <i>Chlamydia</i> spp. in Conjunctival Samples of Stray Cats in Timișoara Municipality, Western Romania.
39335093	disease_mechanism_background	low		unknown	conjunctiva	2024	Conjunctival Melanoma: A Clinical Review and Update.
36830824	state_signature	low		unknown	conjunctiva	2023	Inhibition of microRNA-328 Increases Ocular Mucin Expression and Conjunctival Goblet Cells.
32545782	disease_mechanism_background	low		unknown	conjunctiva	2020	Image Analysis of 3D Conjunctival Melanoma Cell Cultures Following Electrochemotherapy.
42539746	state_signature	med		unknown	conjunctiva	2026	Progenitor cells from limbal, conjunctival and oral mucosal biopsies cultivated on silicone hydrogel contact lenses share CD90, CK15, nestin, CXCR4 and SDF-1 niche markers but preserve tissue-specific characteristics and differentiation directions.
37664639	disease_mechanism_background	med		unknown	conjunctiva	2023	The effect of GelDex-S58 hydrogel on anti-conjunctival scarring after glaucoma filtration surgery.
34451415	state_signature	low		unknown	conjunctiva	2021	Occurrence of <i>Chlamydiaceae</i> and <i>Chlamydia felis pmp9</i> Typing in Conjunctival and Rectal Samples of Swiss Stray and Pet Cats.
39598180	disease_mechanism_background	low		unknown	conjunctiva	2024	Two Decades of Insights: Comprehensive Histopathological and Epidemiological Analysis of Conjunctival Tumors.
35628981	state_signature	low		unknown	conjunctiva	2022	Sacral Dimple, Conjunctiva, and Nipple as Less Obvious Pemphigus Vulgaris Locations around Natural Body Orifices: A Report of Three Cases.
37570277	state_signature	low		unknown	conjunctiva	2023	Detection of &lt;i&gt;Leishmania&lt;/i&gt; spp. in Cats: Analysis of Nasal, Oral and Conjunctival Swabs by PCR and HRM.
40598551	disease_mechanism_background	low		human	sclera	2025	A Self-Generated Electricity-Driven Sclera reinforcement bionic piezoelectric patch for Management of High Myopia.
39796188	disease_mechanism_background	low		human	sclera	2025	An Evidence-Based Narrative Review of Scleral Hypoxia Theory in Myopia: From Mechanisms to Treatments.
37111351	disease_mechanism_background	low		human	sclera,trabecular_meshwork	2023	Meldonium Inhibits Cell Motility and Wound-Healing in Trabecular Meshwork Cells and Scleral Fibroblasts: Possible Applications in Glaucoma.
41972159	disease_mechanism_background	low		human	sclera	2026	Myo-inflam: a mini review on inflammatory pathways driving scleral remodeling and axial elongation.
40790141	disease_mechanism_background	med		human	sclera	2025	0.01% atropine combined with carteolol hydrochloride can inhibit the scleral remodeling in guinea pigs with form-deprivation myopia.
36349481	disease_mechanism_background	low		human	sclera	2022	CXC- receptor 2 promotes extracellular matrix production and attenuates migration in peripapillary human scleral fibroblasts under mechanical strain.
34698138	state_signature	low		human	sclera	2021	Modulation of the Physical Properties of 3D Spheroids Derived from Human Scleral Stroma Fibroblasts (HSSFs) with Different Axial Lengths Obtained from Surgical Patients.
33707187	disease_mechanism_background	low		human	sclera	2022	Somatic GNAQ R183Q mutation is located within the sclera and episclera in patients with Sturge-Weber syndrome.
34658907	disease_mechanism_background	low		human	sclera	2021	Mechanical Strain Regulates Myofibroblast Differentiation of Human Scleral Fibroblasts by YAP.
39402168	disease_mechanism_background	low		human	sclera	2025	Posterior uveal biopsy and the trans-scleral Essen forceps biopsy technique.
40576432	composition_baseline	high		human	sclera	2025	Single-Cell RNA Sequencing of Rabbit Sclera at Different Developmental Stages: Unveiling Scleral Cells Atlas and the Heterogeneity of Fibroblasts.
40402520	state_signature	low		human	sclera	2025	Distinct Transcriptomic Profiles of Cultured Anterior and Posterior Populations of Human Infant Scleral Fibroblasts: Including Dopamine Receptors.
39585677	disease_mechanism_background	low		human	sclera	2024	Metabolic Characteristics of Sclera in Lens-Induced Myopic Guinea Pigs.
39918477	disease_mechanism_background	low		human	sclera	2025	Extracellular Matrix Stiffness Modulates Myopia Scleral Remodeling Through Integrin/F-Actin/YAP Axis.
40338179	disease_mechanism_background	low		human	sclera	2025	Regulatory Effects of the Wnt7b/β-Catenin/MMP-2 Signaling Pathway on Scleral Stiffness in Guinea Pigs With Form-Deprivation Myopia.
38190128	disease_mechanism_background	low		human	sclera	2024	FOXM1 Participates in Scleral Remodeling in Myopia by Upregulating APOA1 Expression Through METTL3/YTHDF2.
36930145	state_signature	low		human	sclera	2023	Scleral Proteome in Noninfectious Scleritis Unravels Upregulation of Filaggrin-2 and Signs of Neovascularization.
33502460	state_signature	low		human	sclera	2021	Regional Differences and Physiologic Behaviors in Peripapillary Scleral Fibroblasts.
32934895	state_signature	low		human	sclera	2020	Changes in Collagen Structure and Permeability of Rat and Human Sclera After Crosslinking.
40173140	disease_mechanism_background	low		human	sclera	2025	Selective toxicity of ascorbic acid and hydrogen peroxide on human tenon cells without harming scleral cells in vitro: A possible alternative to non-selective mitomycin C?
40375931	disease_mechanism_background	low		human	sclera	2025	Harnessing the potential of recombinant human BMP2: regulating scleral changes in myopic guinea pigs.
41537835	method_reference	high		human	sclera	2026	Orientation-based evaluation of scleral collagen fibers in uveitic secondary glaucoma.
37964186	state_signature	low		human	sclera	2023	Giant anterior scleral staphyloma caused by blunt ocular trauma: a case report.
33066757	disease_mechanism_background	low		human	sclera	2020	Whipple's disease scleral nodules: a novel presentation in 2 consecutive patients.
36123992	disease_mechanism_background	low		human	sclera	2022	Delayed reorganisation of F-actin cytoskeleton and reversible chromatin condensation in scleral fibroblasts under simulated pathological strain.
42378569	disease_mechanism_background	med		human	sclera	2026	Atropine reinstates inflammation-induced dysregulation of dopamine and its receptors in human scleral cells: Implications for myopia therapy.
32999670	disease_mechanism_background	med		human	sclera	2020	Rapid Regression of Scleral Melting Associated with Tumor Necrosis Factor-α in a Case of Surgically Induced Necrotizing Scleritis.
41402314	disease_mechanism_background	med		mouse	sclera	2025	Decreased scleral Wnt5a&lt;sup&gt;hi&lt;/sup&gt; fibroblasts exacerbate myopia progression by disrupting extracellular matrix homeostasis in mice.
36216837	disease_mechanism_background	low		mouse	sclera	2022	Scleral PERK and ATF6 as targets of myopic axial elongation of mouse eyes.
41169617	disease_mechanism_background	low		mouse	sclera	2025	&lt;i&gt;N&lt;/i&gt;-Acetyltransferase 2 Inhibits Myopia by Maintaining Mitochondrial Metabolism in Scleral Fibroblasts.
40183102	state_signature	low		mouse	choroid,sclera	2025	The role of atropine in myopia control: insights into choroidal and scleral mechanisms.
40540259	state_signature	low		mouse	sclera	2025	Circadian Rhythms in Murine Ocular Tissues Including Sclera Are Affected by Neurobasal A Medium Preincubation and Mouse Strain, but Not Sex.
36512347	disease_mechanism_background	low		mouse	sclera	2022	Altered Structure and Function of Murine Sclera in Form-Deprivation Myopia.
38294803	disease_mechanism_background	low		mouse	optic_nerve,sclera	2024	Induced Attenuation of Scleral TGF-β Signaling in Mutant Mice Increases Susceptibility to IOP-Induced Optic Nerve Damage.
37219510	disease_mechanism_background	med		mouse	sclera	2023	Exogenous All-Trans Retinoic Acid Induces Myopia and Alters Scleral Biomechanics in Mice.
33966129	state_signature	low		mouse	sclera	2021	Scleraxis expressing scleral cells respond to inflammatory stimulation.
41947146	disease_mechanism_background	low		both	sclera	2026	Mechanical-biochemical signaling accelerates scleral remodeling in myopia via the LaminA/C-Emerin-MKL1 axis.
40677403	disease_mechanism_background	med		both	sclera	2025	Timp2-modified gelatinhydroxyphenylpropionic acid hydrogels reverse enhanced scleral recovery and suppress myopia development in mice.
41803895	state_signature	low		both	sclera	2026	The m&lt;sup&gt;5&lt;/sup&gt;C demethylase TET1 is identified as a key regulator of scleral remodeling in myopia.
41229523	disease_mechanism_background	med		other	sclera	2025	Fibroblast-loaded carboxymethyl chitosan-aldehyde hyaluronic acid injectable hydrogel for scleral remodelling to prevent development of myopia.
38069354	disease_mechanism_background	low		other	sclera	2023	Collagen Mimetic Peptides Promote Repair of MMP-1-Damaged Collagen in the Rodent Sclera and Optic Nerve Head.
40573271	state_signature	low		other	sclera	2025	Topical Application of a Collagen Mimetic Peptide Restores Peripapillary Scleral Stiffness Reduced by Ocular Stress.
37111313	disease_mechanism_background	low		other	sclera	2023	Angiotensin II-Related Activation of Scleral Fibroblasts and Their Role on Retinal Ganglion Cell Death in Glaucoma.
40385550	method_reference	high		other	sclera	2025	A non-surgical method for subretinal delivery by trans-scleral microneedle injection.
41136496	disease_mechanism_background	low		other	sclera	2025	mTOR/HIF-1α-associated scleral metabolic reprogramming by Mingshi formula in form-deprivation myopia.
40216914	disease_mechanism_background	low		other	sclera	2025	Covariation of scleral remodeling and PI3K/Akt signaling pathway in experimental myopia.
38012225	disease_mechanism_background	low		other	sclera	2023	Scleral remodeling in early adulthood: the role of FGF-2.
36289864	disease_mechanism_background	med		other	sclera	2022	The Effect of Citicoline on the Expression of Matrix Metalloproteinase-2 (MMP-2), Transforming Growth Factor-β1 (TGF-β1), and Ki-67, and on the Thickness of Scleral Tissue of Rat Myopia Model.
33791004	disease_mechanism_background	low		other	sclera	2021	Effects of <i>lumican</i> expression on the apoptosis of scleral fibroblasts: <i>In vivo</i> and <i>in vitro</i> experiments.
32719611	disease_mechanism_background	low		other	sclera	2020	The Dynamic Scleral Extracellular Matrix Alterations in Chronic Ocular Hypertension Model of Rats.
42165645	disease_mechanism_background	low		other	sclera	2026	Impaired P4HA1-Driven Hydroxyproline Formation Mediates Scleral Collagen Disruption in Form-Deprivation Myopia.
41247129	disease_mechanism_background	low		other	sclera	2025	Mfn2 Regulates Scleral Remodeling in Myopia by Maintaining Endoplasmic Reticulum Homeostasis in Scleral Fibroblasts.
39504054	state_signature	low		other	sclera	2024	Quercetin Alleviates Scleral Remodeling Through Inhibiting the PERK-EIF2α Axis in Experiment Myopia.
35594036	disease_mechanism_background	low		other	sclera	2022	Scleral Cross-Linking in Form-Deprivation Myopic Guinea Pig Eyes Leads to Glaucomatous Changes.
32818094	state_signature	low		other	sclera	2020	Tissue Responses and Wound Healing following Laser Scleral Microporation for Presbyopia Therapy.
40534703	disease_mechanism_background	low		other	sclera	2025	The impact of bilberry extract combined with docosahexaenoic acid on the expression of Chrnb4 gene in the sclera of myopic guinea pigs.
36913111	disease_mechanism_background	low		other	sclera	2023	Two different procedures for managing ocular melanosis presenting scleral pigmentation with glaucoma in a Shih-Tzu dog: A case of definitive diagnosis in one eye and a presumed diagnosis in the contralateral eye.
32049162	disease_mechanism_background	low		other	sclera	2020	Dynamic changes of periostin and collagen I in the sclera during progressive myopia in guinea pigs.
39080755	state_signature	low		unknown	sclera	2024	The miR-15b-5p/miR-379-3p-FOXO axis regulates cell cycle and apoptosis in scleral remodeling during experimental myopia.
40520556	disease_mechanism_background	low		unknown	sclera	2025	Quercetin-loaded exosomes delivery system prevents myopia progression by targeting endoplasmic reticulum stress and ferroptosis in scleral fibroblasts.
37388765	method_reference	high		unknown	sclera	2023	Evaluation of new robust silk fibroin hydrogels for posterior scleral reinforcement in rabbits.
38774716	state_signature	med		unknown	sclera	2024	RAD21 deficiency drives corneal to scleral differentiation fate switching via upregulating WNT9B.
40556337	method_reference	low		unknown	sclera	2025	Scleral reactions to different suture materials: A comparative quantitative histological study in a rabbit model.
40433505	disease_mechanism_background	low		unknown	sclera	2025	The Role of Scleral Changes in the Progression of Myopia: A Review and Future Directions.
40584188	state_signature	low		unknown	sclera	2025	Rosai-Dorfman disease presenting as a scleral nodule in a female with multisystem inflammatory syndrome post-COVID-19 infection.
36683725	state_signature	low		unknown	sclera	2023	Two cases of cartilaginous metaplasia in the sclera of Japanese White rabbits.
34140021	state_signature	med		human	trabecular_meshwork	2021	Crosstalk between transforming growth factor β-2 and Autotaxin in trabecular meshwork and different subtypes of glaucoma.
42717497	state_signature	low		human	trabecular_meshwork	2026	CRISPR and Gene Augmentation Rescue Trabecular Meshwork Dysfunction in iPSC Models of Lowe Syndrome.
39416828	state_signature	low		human	trabecular_meshwork	2024	Role for NLRP3 inflammasome-mediated, Caspase1-dependent response in glaucomatous trabecular meshwork cell death and regulation of aqueous humor outflow.
38173510	disease_mechanism_background	low		human	trabecular_meshwork	2024	Knockdown of lncRNA PVT1 protects human trabecular meshwork cells against H<sub>2</sub>O<sub>2</sub>-induced injury <i>via</i> the regulation of the miR-29a-3p/VEGF/MMP-2 axis.
33451157	composition_baseline	med		human	trabecular_meshwork	2021	Characterization of TGF-β by Induced Oxidative Stress in Human Trabecular Meshwork Cells.
40866626	disease_mechanism_background	med		human	trabecular_meshwork	2025	Human ocular fluid outflow on-chip reveals trabecular meshwork-mediated Schlemm's canal endothelial dysfunction in steroid-induced glaucoma.
39985671	disease_mechanism_background	low		human	trabecular_meshwork	2025	Class I PI3Ks activate stretch-induced autophagy in trabecular meshwork cells.
40725185	disease_mechanism_background	low		human	trabecular_meshwork	2025	Pyrroloquinoline Quinone (PQQ) Attenuates Hydrogen Peroxide-Induced Injury Through the Enhancement of Mitochondrial Function in Human Trabecular Meshwork Cells.
37298577	state_signature	low		human	trabecular_meshwork	2023	High VEGF Concentrations Accelerate Human Trabecular Meshwork Fibrosis in a TAZ-Dependent Manner.
34072647	disease_mechanism_background	med		human	trabecular_meshwork	2021	Dexamethasone Downregulates Autophagy through Accelerated Turn-Over of the Ulk-1 Complex in a Trabecular Meshwork Cells Strain: Insights on Steroid-Induced Glaucoma Pathogenesis.
34943956	state_signature	low		human	trabecular_meshwork	2021	Primary Human Trabecular Meshwork Model for Pseudoexfoliation.
34440692	disease_mechanism_background	low		human	trabecular_meshwork	2021	Overexpression and Activation of αvβ3 Integrin Differentially Affects TGFβ2 Signaling in Human Trabecular Meshwork Cells.
36766846	state_signature	low		human	trabecular_meshwork	2023	NFATc1 Regulation of Dexamethasone-Induced <i>TGFB2</i> Expression Is Cell Cycle Dependent in Trabecular Meshwork Cells.
34831087	state_signature	low		human	trabecular_meshwork	2021	Cathepsin K Regulates Intraocular Pressure by Modulating Extracellular Matrix Remodeling and Actin-Bundling in the Trabecular Meshwork Outflow Pathway.
34572584	state_signature	low		human	trabecular_meshwork	2021	Replacement of the Trabecular Meshwork Cells-A Way Ahead in IOP Control?
39952952	state_signature	med		human	trabecular_meshwork	2025	Divergence in cellular markers observed in single-cell transcriptomics datasets between cultured primary trabecular meshwork cells and tissues.
41899822	disease_mechanism_background	low		human	trabecular_meshwork	2026	Bioengineered 3D Human Trabecular Meshwork Models for Outflow Physiology and Glaucoma Research.
41266745	disease_mechanism_background	low		human	trabecular_meshwork	2025	TPM2 regulates contractility and biomechanical properties in trabecular meshwork cells.
41851243	state_signature	low		human	trabecular_meshwork	2026	Isobaric quantitative proteomics reveals altered extracellular matrix, cytoskeletal, and degradation pathways in glaucomatous trabecular meshwork cells.
39934637	disease_mechanism_background	low		human	trabecular_meshwork	2025	A novel lncRNA enhances autophagy to suppress extracellular matrix via modulating TP53INP1 in human trabecular meshwork cells under oxidative stress.
38704467	disease_mechanism_background	low		human	trabecular_meshwork	2024	SDPR expression in human trabecular meshwork and its potential role in racial disparities of glaucoma.
34754027	state_signature	low		human	trabecular_meshwork	2021	The effects of exosomes derived from trabecular meshwork cells on Schlemm's canal endothelial cells.
35732689	state_signature	low		human	trabecular_meshwork	2022	Effect of pigmentation intensity of trabecular meshwork cells on mechanisms of micropulse laser trabeculoplasty.
37316554	disease_mechanism_background	low		human	trabecular_meshwork	2023	A ROCK inhibitor suppresses the transforming growth factor-beta-2-induced endothelial-mesenchymal transition in Schlemm's canal endothelial cells.
34972817	state_signature	med		human	trabecular_meshwork	2021	Reduction in trabecular meshwork stem cell content in donor eyes with primary open angle glaucoma.
33219246	state_signature	low		human	trabecular_meshwork	2020	ROCK inhibitors beneficially alter the spatial configuration of TGFβ2-treated 3D organoids from a human trabecular meshwork (HTM).
34239027	state_signature	low		human	trabecular_meshwork	2021	mTOR inhibitors potentially reduce TGF-β2-induced fibrogenic changes in trabecular meshwork cells.
33795740	state_signature	low		human	trabecular_meshwork	2021	Suppression of TGF-β1 signaling by Matrigel via FAK signaling in cultured human trabecular meshwork cells.
34294770	disease_mechanism_background	low		human	trabecular_meshwork	2021	Role of MCP-1 and IL-8 in viral anterior uveitis, and contractility and fibrogenic activity of trabecular meshwork cells.
34588570	disease_mechanism_background	low		human	trabecular_meshwork	2021	Establishment of appropriate glaucoma models using dexamethasone or TGFβ2 treated three-dimension (3D) cultured human trabecular meshwork (HTM) cells.
32076077	disease_mechanism_background	low		human	trabecular_meshwork	2020	Transplantation of iPSC-TM stimulates division of trabecular meshwork cells in human eyes.
41696446	state_signature	med		human	trabecular_meshwork	2025	A switch from α5β1 to αvβ3 integrin activity contributes to the development of a profibrotic mesenchymal phenotype in trabecular meshwork cells.
35557957	disease_mechanism_background	low		human	trabecular_meshwork	2022	Glucocorticoids Preferentially Influence Expression of Nucleoskeletal Actin Network and Cell Adhesive Proteins in Human Trabecular Meshwork Cells.
35859902	state_signature	low		human	trabecular_meshwork	2022	A Novel Technique Identifies Valve-Like Pathways Entering and Exiting Schlemm's Canal in <i>Macaca nemestrina</i> Primates With Similarities to Human Pathways.
37867950	disease_cell_composition	high		human	trabecular_meshwork	2023	Cell atlas of trabecular meshwork in glaucomatous non-human primates and DEGs related to tissue contract based on single-cell transcriptomics.
41497904	disease_mechanism_background	low		human	trabecular_meshwork	2026	TGF-β2/OPTN/FOXC1/&lt;i&gt;miR-200&lt;/i&gt; axis regulates actin dynamics in human trabecular meshwork cells.
35170203	disease_mechanism_background	med		human	trabecular_meshwork	2022	Role of vasorin, an anti-apoptotic, anti-TGF-β and hypoxia-induced glycoprotein in the trabecular meshwork cells and glaucoma.
32052937	state_signature	low		human	trabecular_meshwork	2020	AQP1 suppression by ATF4 triggers trabecular meshwork tissue remodelling in ET-1-induced POAG.
34469037	disease_mechanism_background	low		human	trabecular_meshwork	2021	Cytokine profile and cytoskeletal changes after herpes simplex virus type 1 infection in human trabecular meshwork cells.
40728983	composition_baseline	med		human	trabecular_meshwork	2025	Transcriptomic Differences Between Human Trabecular Meshwork Stem Cells and Trabecular Meshwork Cells Reveal Specific Biomarker Profiles.
36975524	state_signature	low		human	trabecular_meshwork	2023	A Feedback Loop between TGF-β1 and <i>ATG5</i> Mediated by miR-122-5p Regulates Fibrosis and EMT in Human Trabecular Meshwork Cells.
40859875	state_signature	low		human	trabecular_meshwork	2025	Vasoactive intestinal peptide reduces ocular hypertension by regulating tight junction of trabecular meshwork through Rab13/PKA signalling complex.
40999359	disease_mechanism_background	low		human	trabecular_meshwork	2025	Integrative analysis of mRNA, lncRNA, circRNA, and miRNA to investigate the anti-fibrotic activity of silibinin in TGF-β2-treated human trabecular meshwork cells.
35517867	state_signature	med		human	iris,trabecular_meshwork	2022	Global and Comparative Proteome Signatures in the Lens Capsule, Trabecular Meshwork, and Iris of Patients With Pseudoexfoliation Glaucoma.
34552960	disease_mechanism_background	low		human	trabecular_meshwork	2021	RhoA/ROCK-YAP/TAZ Axis Regulates the Fibrotic Activity in Dexamethasone-Treated Human Trabecular Meshwork Cells.
40423739	state_signature	med		human	trabecular_meshwork	2025	Transcriptome Profiling of Trabecular Meshwork Progenitor Cells.
34504578	disease_mechanism_background	low		human	trabecular_meshwork	2021	Downregulation of secreted protein acidic and rich in cysteine in human trabecular meshwork cells.
41636427	composition_baseline	med		human	trabecular_meshwork	2026	Time-Dependent Glucocorticoid-Induced Transcriptomic Changes in Human Trabecular Meshwork and Schlemm's Canal Cells.
42545070	state_signature	low		human	trabecular_meshwork	2026	Human Trabecular Meshwork and Hepatocyte Growth Factor.
41920145	state_signature	med		human	trabecular_meshwork	2026	Hepatocyte Growth Factor Confers Trabecular Meshwork Stem Cell Resilience and Paracrine Protection of Trabecular Meshwork Cells in Glaucoma.
41615370	state_signature	low		human	trabecular_meshwork	2026	Loss of Cathepsin K Impairs Collagen Biogenesis and Enhances Actin Polymerization in Trabecular Meshwork.
39432401	disease_mechanism_background	low		human	trabecular_meshwork	2024	Trabecular Meshwork Abnormalities in a Model of Congenital Glaucoma Due to LTBP2 Mutation.
41563015	state_signature	low		human	trabecular_meshwork	2026	Digoxin Attenuates Ocular Hypertension and Protects Trabecular Meshwork Cells via Ferroptosis Inhibition.
40126508	state_signature	low		human	trabecular_meshwork	2025	Fibrosis-Related Gene and Protein Expression in Normal and Glaucomatous Trabecular Meshwork Cells.
40067295	state_signature	low		human	trabecular_meshwork	2025	Silicone Oil Affects Fibrosis of Human Trabecular Meshwork Cells by Upregulating Ferroptosis Through a ROS/NOX4/Smad3 Axis.
40488712	disease_mechanism_background	low		human	trabecular_meshwork	2025	Age-Related Dysregulation of α5β1 and αvβ3 Integrin Activity Alters Contractile Properties of Trabecular Meshwork Cells.
39115865	disease_mechanism_background	low		human	trabecular_meshwork	2024	Activation of the ROCK/MYLK Pathway Affects Complex Molecular and Morphological Changes of the Trabecular Meshwork Associated With Ocular Hypertension.
33821883	disease_mechanism_background	low		human	trabecular_meshwork	2021	TGF-β2 Promotes Oxidative Stress in Human Trabecular Meshwork Cells by Selectively Enhancing NADPH Oxidase 4 Expression.
32182331	state_signature	low		human	trabecular_meshwork	2020	TGFβ2-Hepcidin Feed-Forward Loop in the Trabecular Meshwork Implicates Iron in Glaucomatous Pathology.
32539133	state_signature	med		human	trabecular_meshwork	2020	Wnt Activation After Inhibition Restores Trabecular Meshwork Cells Toward a Normal Phenotype.
33170205	state_signature	low		human	trabecular_meshwork	2020	Dexamethasone and Glucocorticoid-Induced Matrix Temporally Modulate Key Integrins, Caveolins, Contractility, and Stiffness in Human Trabecular Meshwork Cells.
33216119	disease_mechanism_background	low		human	trabecular_meshwork	2020	Lysophosphatidic Acid and IL-6 Trans-signaling Interact via YAP/TAZ and STAT3 Signaling Pathways in Human Trabecular Meshwork Cells.
35207274	disease_mechanism_background	med		human	trabecular_meshwork	2022	The Dual Effect of Rho-Kinase Inhibition on Trabecular Meshwork Cells Cytoskeleton and Extracellular Matrix in an In Vitro Model of Glaucoma.
34279462	disease_mechanism_background	low		human	trabecular_meshwork	2021	Expression of Vascular Endothelial Growth Factor-C in the Trabecular Meshwork of Patients with Neovascular Glaucoma and Primary Open-Angle Glaucoma.
32707887	disease_mechanism_background	low		human	trabecular_meshwork	2020	Receptor-Associated Prorenin System in the Trabecular Meshwork of Patients with Primary Open-Angle Glaucoma and Neovascular Glaucoma.
35329980	method_reference	high		human	trabecular_meshwork	2022	Comparison of the Drug-Induced Efficacies between Omidenepag Isopropyl, an EP2 Agonist and PGF2α toward TGF-β2-Modulated Human Trabecular Meshwork (HTM) Cells.
33142742	disease_mechanism_background	low		human	trabecular_meshwork	2020	Effects of Netarsudil on Actin-Driven Cellular Functions in Normal and Glaucomatous Trabecular Meshwork Cells: A Live Imaging Study.
38682030	method_reference	low		human	trabecular_meshwork	2024	Deep Learning-Based Identification of Intraocular Pressure-Associated Genes Influencing Trabecular Meshwork Cell Morphology.
39374003	state_signature	low		human	trabecular_meshwork	2024	Low Intraocular Pressure Induces Fibrotic Changes in the Trabecular Meshwork and Schlemm's Canal of Sprague Dawley Rats.
34015102	disease_mechanism_background	low		human	trabecular_meshwork	2021	Xeno- and Feeder-Free Differentiation of Human iPSCs to Trabecular Meshwork-Like Cells by Recombinant Cytokines.
32832237	state_signature	low		human	trabecular_meshwork	2020	An In Vitro Bovine Cellular Model for Human Schlemm's Canal Endothelial Cells and Their Response to TGFβ Treatment.
38002955	state_signature	med		human	trabecular_meshwork	2023	Small RNA Sequencing Reveals a Distinct MicroRNA Signature between Glucocorticoid Responder and Glucocorticoid Non-Responder Primary Human Trabecular Meshwork Cells after Dexamethasone Treatment.
35627267	composition_baseline	med		human	trabecular_meshwork	2022	A Comparative Genome-Wide Transcriptome Analysis of Glucocorticoid Responder and Non-Responder Primary Human Trabecular Meshwork Cells.
40278947	composition_baseline	med		human	trabecular_meshwork	2025	High Glucose-induced transcriptomic changes in human trabecular meshwork cells.
38394161	state_signature	low		human	trabecular_meshwork	2024	Digital spatial profiling of segmental outflow regions in trabecular meshwork reveals a role for ADAM15.
32579557	disease_mechanism_background	low		human	trabecular_meshwork	2020	Ex-vivo cultured human corneoscleral segment model to study the effects of glaucoma factors on trabecular meshwork.
38212635	disease_mechanism_background	low		mouse	trabecular_meshwork	2024	Serine to proline mutation at position 341 of MYOC impairs trabecular meshwork function by causing autophagy deregulation.
41869290	state_signature	low		mouse	trabecular_meshwork	2026	NRF2 Deficiency Disrupts Mitochondrial Homeostasis via NDUFS7 in Trabecular Meshwork.
41794792	disease_mechanism_background	low		mouse	trabecular_meshwork	2026	Mitochondria transplantation reduces intraocular pressure by improving mitochondrial function and remodeling trabecular meshwork.
41556506	disease_cell_composition	high		mouse	trabecular_meshwork	2026	Single-cell profiling of trabecular meshwork identifies mitochondrial dysfunction in a glaucoma model that is protected by vitamin B3 treatment.
42478926	composition_baseline	high		mouse	trabecular_meshwork	2026	Single-cell characterization of anterior segment development in the mouse reveals the cell types, pathways, and signals driving formation of the trabecular meshwork and Schlemm's canal.
35055036	state_signature	low		mouse	trabecular_meshwork	2022	Relationships between Intraocular Pressure, Effective Filtration Area, and Morphological Changes in the Trabecular Meshwork of Steroid-Induced Ocular Hypertensive Mouse Eyes.
32714192	disease_mechanism_background	med		mouse	trabecular_meshwork	2020	Protective Effects of Rapamycin on Trabecular Meshwork Cells in Glucocorticoid-Induced Glaucoma Mice.
35372369	disease_mechanism_background	low		mouse	trabecular_meshwork	2022	A Role of Caveolae in Trabecular Meshwork Mechanosensing and Contractile Tone.
37414529	disease_mechanism_background	low		mouse	trabecular_meshwork	2023	Differential roles of FOXC2 in the trabecular meshwork and Schlemm's canal in glaucomatous pathology.
42346022	state_signature	low		mouse	trabecular_meshwork	2026	Segmental Outflow and Trabecular Meshwork Stiffness in an Ocular Hypertensive Mouse Model.
36190459	state_signature	low		mouse	trabecular_meshwork	2022	Cooperation of Angiopoietin-2 and Angiopoietin-4 in Schlemm's Canal Maintenance.
34427623	disease_mechanism_background	low		mouse	trabecular_meshwork	2021	iPSC-Derived Trabecular Meshwork Cells Stimulate Endogenous TM Cell Division Through Gap Junction in a Mouse Model of Glaucoma.
34385434	disease_mechanism_background	low		both	trabecular_meshwork	2021	GLIS1 regulates trabecular meshwork function and intraocular pressure and is associated with glaucoma in humans.
35417030	disease_mechanism_background	low		both	trabecular_meshwork	2022	Atorvastatin reduces IOP in ocular hypertension <i>in vivo</i> and suppresses ECM in trabecular meshwork perhaps via FGD4.
39422453	state_signature	med		both	trabecular_meshwork	2024	Transcriptomic profiling of Schlemm's canal cells reveals a lymphatic-biased identity and three major cell states.
36598818	state_signature	low		both	trabecular_meshwork	2023	Metformin protects trabecular meshwork against oxidative injury via activating integrin/ROCK signals.
35216043	disease_mechanism_background	low		both	trabecular_meshwork	2022	A20 Attenuates the Fibrotic Response in the Trabecular Meshwork.
35396348	disease_mechanism_background	low		both	trabecular_meshwork	2022	Suppression of trabecular meshwork phagocytosis by norepinephrine is associated with nocturnal increase in intraocular pressure in mice.
39641270	state_signature	low		both	trabecular_meshwork	2024	Dysregulation of septin cytoskeletal organization in the trabecular meshwork contributes to ocular hypertension.
39688282	disease_mechanism_background	low		both	trabecular_meshwork	2025	Role of PI3K/AKT/MAOA in glucocorticoid-induced oxidative stress and associated premature senescence of the trabecular meshwork.
38356373	state_signature	low		both	trabecular_meshwork	2024	iPSC-derived cells stimulate ABCG2<sup>+</sup>/NES<sup>+</sup> endogenous trabecular meshwork cell proliferation and tissue regeneration.
35432302	state_signature	low		both	trabecular_meshwork	2022	Emergent Temporal Signaling in Human Trabecular Meshwork Cells: Role of TRPV4-TRPM4 Interactions.
39466179	disease_mechanism_background	med		both	trabecular_meshwork	2024	Ion channel Piezo1 induces ferroptosis of trabecular meshwork cells: a novel observation in the pathogenesis in primary open angle glaucoma.
32256367	disease_mechanism_background	low		both	trabecular_meshwork	2020	Rho-Associated Protein Kinase Inhibitor Treatment Promotes Proliferation and Phagocytosis in Trabecular Meshwork Cells.
41286165	disease_mechanism_background	low		both	trabecular_meshwork	2025	The TRPV4-YAP axis mediates cytoskeletal and extracellular matrix remodeling in trabecular meshwork cells as a novel glaucoma mechanism.
39313534	method_reference	high		both	trabecular_meshwork	2024	In vitro comparison of human and murine trabecular meshwork cells: implications for glaucoma research.
35615698	disease_mechanism_background	low		both	trabecular_meshwork	2022	Myocilin Gene Mutation Induced Autophagy Activation Causes Dysfunction of Trabecular Meshwork Cells.
33714955	state_signature	low		both	trabecular_meshwork	2021	Activation of ATF4 triggers trabecular meshwork cell dysfunction and apoptosis in POAG.
42291280	disease_mechanism_background	low		both	trabecular_meshwork	2026	Targeting Rap1-YAP1 mechanosignaling for ameliorating acute IOP elevation-induced trabecular meshwork dysfunction.
40920489	disease_mechanism_background	low		both	trabecular_meshwork	2025	Zika virus impairs autophagic flux in trabecular meshwork, and inhibition of autophagy restricts ocular viral transmission and associated pathology.
35567755	state_signature	low		both	trabecular_meshwork	2022	Novel insight into the role of clusterin on intraocular pressure regulation by modifying actin polymerization and extracellular matrix remodeling in the trabecular meshwork.
37511956	disease_mechanism_background	low		both	trabecular_meshwork	2023	Sigma-1 Receptor Activation Is Protective against TGFβ2-Induced Extracellular Matrix Changes in Human Trabecular Meshwork Cells.
40970665	state_signature	low		both	trabecular_meshwork	2025	Small Extracellular Vesicle Treatment of Trabecular Meshwork Fibrosis: 2D/3D In Vitro and In Vivo Analyses.
39820277	disease_mechanism_background	low		both	trabecular_meshwork	2025	Tubulin Acetylation Enhances Microtubule Stability in Trabecular Meshwork Cells Under Mechanical Stress.
35671048	state_signature	low		both	trabecular_meshwork	2022	Effect of SPARC Suppression in Mice, Perfused Human Anterior Segments, and Trabecular Meshwork Cells.
37265069	state_signature	low		both	trabecular_meshwork	2023	Dexamethasone Induces Senescence-Associated Changes in Trabecular Meshwork Cells by Increasing ROS Levels Via the TGFβ/Smad3-NOX4 Axis.
36999649	disease_mechanism_background	med		both	trabecular_meshwork	2023	Elevated Angiotensin-II Levels Contribute to the Pathogenesis of Open-Angle Glaucoma Via Inducing the Expression of Fibrosis-Related Genes in Trabecular Meshwork Cells Through a ROS/NOX4/SMAD3 Axis.
42065486	state_signature	low		both	trabecular_meshwork	2026	Targeting Circadian Rhythm Disruption in Glaucoma: PTGDS Mediates Trabecular Meshwork Fibrosis and Is Therapeutically Targeted by Aprepitant.
37975842	disease_mechanism_background	low		both	trabecular_meshwork	2023	Inhibition of TGF-β2-Induced Trabecular Meshwork Fibrosis by Pirfenidone.
32509448	disease_mechanism_background	low		both	trabecular_meshwork	2020	Plant-derived angiogenin fusion protein's cytoprotective effect on trabecular meshwork damage induced by Benzalkonium chloride in mice.
36929360	disease_mechanism_background	low		both	trabecular_meshwork	2023	Long non-coding RNA SNHG11 regulates the Wnt/β-catenin signaling pathway through rho/ROCK in trabecular meshwork cells.
32721021	disease_mechanism_background	low		other	trabecular_meshwork	2020	The Effect of Dietary Vitamin K1 Supplementation on Trabecular Meshwork and Retina in a Chronic Ocular Hypertensive Rat Model.
42564195	disease_mechanism_background	low		unknown	trabecular_meshwork	2026	Integrin α4 and α9 in trabecular meshwork and Schlemm's canal function: emerging regulators of intraocular pressure homeostasis.
35573666	disease_mechanism_background	low		unknown	trabecular_meshwork	2022	The Effects of Mechanical Stretch on Integrins and Filopodial-Associated Proteins in Normal and Glaucomatous Trabecular Meshwork Cells.
38871723	state_signature	low		human	iris	2024	Altered chromatin topologies caused by balanced chromosomal translocation lead to central iris hypoplasia.
41751906	disease_mechanism_background	low		human	iris	2026	Early Transcriptomic Response of Human Iris Stromal Cells During Herpes Simplex Virus Entry Reveals Interplay Between Cell Glycocalyx and Viral Exploitation.
33800535	state_signature	low		human	iris	2021	Novel Technique for Retinal Nerve Cell Regeneration with Electrophysiological Functions Using Human Iris-Derived iPS Cells.
38587075	state_signature	low		human	iris	2024	Alkali injury-induced pathological lymphangiogenesis in the iris facilitates the infiltration of T cells and ocular inflammation.
35450284	state_signature	low		human	iris	2022	Induction of Filopodia During Cytomegalovirus Entry Into Human Iris Stromal Cells.
31191548	state_signature	low		human	iris	2019	Severe Progressive Multifocal Leukoencephalopathy (PML) and Spontaneous Immune Reconstitution Inflammatory Syndrome (IRIS) in an Immunocompetent Patient.
35837031	state_signature	low		human	iris	2022	Formation of three-dimensional cell aggregates expressing lens-specific proteins in various cultures of human iris-derived tissue cells and iPS cells.
34819035	disease_mechanism_background	low		human	choroid,iris	2021	No differences in the long-term prognosis of iris and choroidal melanomas when adjusting for tumor thickness and diameter.
35338357	disease_mechanism_background	low		human	iris	2023	Iris melanocytic tumours in New Zealand/Aotearoa: presentation, management and outcome in a high UV exposure environment.
25811482	disease_mechanism_background	low		human	iris	2015	T-helper1/T-helper2 cytokine imbalance in the iris of patients with glaucoma.
41809158	state_signature	low		human	iris	2026	Are iris masses in lung carcinoma always a metastasis: Two case reports.
26957317	disease_mechanism_background	low		human	iris	2016	Iris metastasis of gastric adenocarcinoma.
25564962	state_signature	low		human	iris	2015	Inducible and endothelial nitric synthetase expression and nitrotyrosine accumulation in iris vasculature of patients with primary open-angle glaucoma: a pilot study.
36747371	disease_mechanism_background	low		human	iris	2023	Iris metastasis as resistance mechanism to atezolizumab, carboplatin, and etoposide but responds to additional irinotecan and anlotinib in a small cell lung cancer patient.
28454289	disease_mechanism_background	low		human	iris	2017	Iris metastasis as the first sign of small cell lung cancer: A case report.
33817299	disease_mechanism_background	low		human	iris	2021	Iris metastasis of diffuse large B-cell lymphoma misdiagnosed as primary angle-closure glaucoma: A case report and review of the literature.
38188215	disease_mechanism_background	low		human	iris	2023	Iris metastasis from clear cell renal cell carcinoma: A case report.
38438866	state_signature	low		human	iris	2024	Epstein-Barr virus-positive iris diffuse large B-cell lymphoma detected by metagenomic next-generation sequencing.
34454461	disease_mechanism_background	low		human	iris	2021	Ectopic thyroid tissue in the iris: a case report.
39539829	disease_mechanism_background	low		human	ciliary_body,iris	2025	Isolated Recurrence of Diffuse Large B-Cell Lymphoma Predominantly in the Iris and Ciliary Body.
36200117	state_signature	low		human	iris	2022	Iridocorneal Endothelial Syndrome: Case Report of Essential Progressive Iris Atrophy.
31755466	state_signature	low		human	iris	2019	Intraocular amyloidosis with multifocal iris and anterior chamber translucent spherules.
35371675	disease_mechanism_background	low		human	iris	2022	Successful Use of Intravitreal Bevacizumab and Methotrexate in a Case of Neovascularization of the Iris and Pseudohypopyon Secondary to Recurrent Diffuse Large B-Cell Lymphoma.
31831049	disease_mechanism_background	low		human	iris	2019	Iris metastasis as the initial presentation of upper gastrointestinal tract carcinoma: a case report.
25885645	disease_mechanism_background	low		human	iris	2015	Pathology characteristics of ocular von Hippel-Lindau disease with neovascularization of the iris and cornea: a case report.
33790763	state_signature	low		human	iris	2021	Locally Invasive Diffuse Iris Ring Melanoma Presenting as Unilateral Severe Glaucoma: Case Report and Review of Molecular Genetics.
37680309	disease_mechanism_background	low		human	iris	2023	Unilateral acute iris transillumination syndrome with glaucoma and iris pigment epithelium dispersion simulating iris melanoma.
35813584	state_signature	low		human	iris	2022	Iris pigment epithelial (IPE) cysts secondary to Hodgkin's lymphoma: A case report.
30619969	disease_mechanism_background	low		human	iris	2019	Iris melanoma relapsing sixteen years after proton-beam therapy: The importance of lifelong follow-up.
29468209	disease_mechanism_background	low		human	iris	2018	Juvenile xanthogranuloma involving concurrent iris and skin: Clinical, pathological and molecular pathological evaluations.
29450403	disease_mechanism_background	low		human	iris	2017	Iris juvenile xanthogranuloma in an infant - spontaneous hyphema and secondary glaucoma.
27099533	disease_mechanism_background	low		human	iris	2016	Epstein-Barr virus-associated iris smooth muscle tumor with epithelioid morphology in AIDS patients: a case report.
34087906	disease_mechanism_background	low		human	iris	2021	Iris metastasis as the initial presentation of metastatic esophageal cancer diagnosed by fine needle aspiration biopsy: A case report.
34783308	composition_baseline	high		mouse	iris	2021	A transcriptome atlas of the mouse iris at single-cell resolution defines cell types and the genomic response to pupil dilation.
32882011	state_signature	low		mouse	iris	2020	Elucidation of Cellular Mechanisms That Regulate the Sustained Contraction and Relaxation of the Mammalian Iris.
28658313	state_signature	low		mouse	iris	2017	A novel in vivo model of puncture-induced iris neovascularization.
28250050	state_signature	med		mouse	iris	2017	A novel mouse model of anterior segment dysgenesis (ASD): conditional deletion of <i>Tsc1</i> disrupts ciliary body and iris development.
41309590	composition_baseline	med		both	iris	2025	Neuroectoderm-derived iris muscle characterization at the single-cell resolution in native human iris and a pluripotent stem cell eye model.
32426498	state_signature	low		both	iris	2020	Pathological processes in aqueous humor due to iris atrophy predispose to early corneal graft failure in humans and mice.
40637512	state_signature	low		both	iris	2025	FOXP4 Variants Are Associated With Plateau Iris and Angle Closure Glaucoma.
31391379	state_signature	low		both	iris	2020	A C1976Y missense mutation in the mouse Ip3r1 gene leads to short-term mydriasis and unfolded protein response in the iris constrictor muscles.
30428541	state_signature	low		other	iris	2018	Systemic Hypertension Effects on the Ciliary Body and Iris. An Immunofluorescence Study with Aquaporin 1, Aquaporin 4, and Na⁺, K⁺ ATPase in Hypertensive Rats.
29246287	state_signature	low		other	iris	2017	Long-Term PEDF Release in Rat Iris and Retinal Epithelial Cells after Sleeping Beauty Transposon-Mediated Gene Delivery.
39143195	state_signature	low		unknown	iris	2024	Direct retino-iridal projections and intrinsic iris contraction mediate the pupillary light reflex in early vertebrates.
37252160	disease_mechanism_background	low		unknown	iris	2023	Unusual presentation of a vascularized iris lesion in an infant.
40491523	state_signature	low		unknown	iris	2025	Iris and anterior chamber angle melanoma masquerading as benign melanocytic lesion.
26347837	state_signature	low		unknown	iris	2015	The Diagnostic and Therapeutic Challenges of Posttraumatic Iris Implantation Cysts: Illustrative Case Presentations and a Review of the Literature.
40389989	state_signature	low		human	ciliary_body	2025	Mutations in NEK1 cause ciliary dysfunction as a novel pathogenic mechanism in amyotrophic lateral sclerosis.
42173885	state_signature	low		human	ciliary_body	2026	Light- and chemical-induced ciliary signaling governs dorsal/ventral regionalization of human telencephalic organoids.
35810181	state_signature	low		human	ciliary_body	2022	Ciliary transition zone proteins coordinate ciliary protein composition and ectosome shedding.
38989623	method_reference	high		human	ciliary_body	2024	CilioGenics: an integrated method and database for predicting novel ciliary genes.
36775821	state_signature	low		human	ciliary_body	2023	Human IFT-A complex structures provide molecular insights into ciliary transport.
33318704	state_signature	low		human	ciliary_body	2021	Structure of the radial spoke head and insights into its role in mechanoregulation of ciliary beating.
41316318	state_signature	low		human	ciliary_body	2025	Primary cilium and TULP3-dependent ciliary targeting of ACE2 in SARS-CoV-2 tropism.
42316211	disease_mechanism_background	low		human	ciliary_body	2026	Bardet-Biedl syndrome 1 mutations differentially impact BBSome integrity and ciliary trafficking.
41327293	state_signature	low		human	ciliary_body	2025	Podocalyxin and ciliary neurotrophic factor receptor are novel components of the surfaceome of chondrogenic cells.
39696441	state_signature	low		human	ciliary_body	2024	Distinct roles of centriole distal appendage proteins in ciliary assembly and disassembly.
41056017	state_signature	low		human	ciliary_body	2025	CDKL1 variants affecting ciliary formation predispose to thoracic aortic aneurysm and dissection.
41165761	state_signature	low		human	ciliary_body	2026	Ciliopathy-related B9 protein complex regulates ciliary axonemal microtubule posttranslational modifications and initiation of ciliogenesis.
42284459	state_signature	low		human	ciliary_body	2026	Ancient conservation of androglobin expression reveals its evolutionary link to ciliary processes.
41057298	state_signature	low		human	ciliary_body	2025	The dynamic role of TRIM8, a novel ciliary protein, during various stages of mitosis.
42082754	state_signature	med		human	ciliary_body	2026	ASD mutations in the ciliary gene CEP41 impact development of projection neurons and interneurons in a human cortical organoid model.
40441296	disease_mechanism_background	low		human	ciliary_body	2026	Ciliary IFT88 inhibits intervertebral disc degeneration under excessive mechanical stress by regulating endplate cartilage calcification.
39008680	state_signature	low		human	ciliary_body	2024	KATNAL2 mutations link ciliary dysfunction to hydrocephalus and autism.
36802443	state_signature	low		human	ciliary_body	2023	Deficiency of the minor spliceosome component U4atac snRNA secondarily results in ciliary defects in human and zebrafish.
35584663	state_signature	med		human	ciliary_body	2022	The ciliary gene INPP5E confers dorsal telencephalic identity to human cortical organoids by negatively regulating Sonic hedgehog signaling.
32368833	state_signature	low		human	ciliary_body	2020	Insufficiency of ciliary cholesterol in hereditary Zellweger syndrome.
33370260	state_signature	low		human	ciliary_body	2020	CEP290 is essential for the initiation of ciliary transition zone assembly.
40859055	disease_mechanism_background	med		human	ciliary_body	2025	EMT-ciliary signaling in quasi-mesenchymal-stem-like cells drives therapeutic resistance and is a druggable vulnerability in triple-negative breast cancer.
36163311	composition_baseline	high		human	ciliary_body	2022	A single-cell transcriptomic atlas of the human ciliary body.
42334455	state_signature	low		human	ciliary_body	2026	Intraflagellar transport protein IFT172 contains a C-terminal ubiquitin-binding U-box-like domain involved in ciliary signaling.
39671305	state_signature	low		human	ciliary_body	2024	Ciliary length regulation by intraflagellar transport in zebrafish.
37057896	state_signature	low		human	ciliary_body	2023	Calaxin stabilizes the docking of outer arm dyneins onto ciliary doublet microtubule in vertebrates.
38096226	state_signature	low		human	ciliary_body	2023	Ulk4 promotes Shh signaling by regulating Stk36 ciliary localization and Gli2 phosphorylation.
36063381	state_signature	low		human	ciliary_body	2022	Multiple ciliary localization signals control INPP5E ciliary targeting.
39273233	disease_mechanism_background	low		human	ciliary_body	2024	FABP5 Is a Possible Factor for the Maintenance of Functions of Human Non-Pigmented Ciliary Epithelium Cells.
40806783	method_reference	low		human	ciliary_body	2025	CFAP300 Loss-of-Function Mutations with Primary Ciliary Dyskinesia: Evidence from Ex Vivo and ALI Cultures.
36233334	disease_mechanism_background	low		human	ciliary_body	2022	Interactions between C8orf37 and FAM161A, Two Ciliary Proteins Essential for Photoreceptor Survival.
37240074	state_signature	low		human	ciliary_body	2023	WGS Revealed Novel <i>BBS5</i> Pathogenic Variants, Missed by WES, Causing Ciliary Structure and Function Defects.
35806143	state_signature	low		human	ciliary_body	2022	Ciliary Proteins Repurposed by the Synaptic Ribbon: Trafficking Myristoylated Proteins at Rod Photoreceptor Synapses.
40396915	state_signature	low		human	ciliary_body	2025	A conserved role for centriolar satellites in translation of centrosomal and ciliary proteins.
39936988	disease_cell_composition	high		human	ciliary_body	2025	Single-Cell RNA Sequencing on Formalin-Fixed and Paraffin-Embedded (FFPE) Tissue Identified Multi-Ciliary Cells in Breast Cancer.
39768188	state_signature	low		human	ciliary_body	2024	The Biomechanics of Fibrillin Microfibrils: Lessons from the Ciliary Zonule.
41972697	method_reference	low		human	ciliary_body	2026	Cilia Dynamics in Primary Ciliary Dyskinesia: A Biophysical Characterization of the &lt;i&gt;RSPH4A&lt;/i&gt; Founder Variant.
40862715	method_reference	high		human	ciliary_body	2025	Systematic Comparison of Temperature Effects on Antibody Performance via Automated Image Analysis: A Key for Primary Ciliary Dyskinesia Diagnostic.
31936298	state_signature	low		human	ciliary_body	2020	Expression of Melatonin and Dopamine D<sub>3</sub> Receptor Heteromers in Eye Ciliary Body Epithelial Cells and Negative Correlation with Ocular Hypertension.
37830570	disease_mechanism_background	med		human	ciliary_body	2023	Increasing Ciliary ARL13B Expression Drives Active and Inhibitor-Resistant Smoothened and GLI into Glioma Primary Cilia.
31979260	state_signature	low		human	ciliary_body	2020	Regulation of the Extracellular Matrix by Ciliary Machinery.
33972689	disease_mechanism_background	low		human	ciliary_body	2021	ARP-T1-associated Bazex-Dupré-Christol syndrome is an inherited basal cell cancer with ciliary defects characteristic of ciliopathies.
33193130	method_reference	low		human	ciliary_body	2020	Morpholino-Mediated Knockdown of Ciliary Genes in <i>Euplotes vannus</i>, a Novel Marine Ciliated Model Organism.
39915276	state_signature	low		human	ciliary_body	2025	Ciliary IFT-B Transportation Plays an Important Role in Human Endometrial Receptivity Establishment and is Disrupted in Recurrent Implantation Failure Patients.
39575470	state_signature	low		human	ciliary_body	2025	Ciliary neurotrophic factor activation of astrocytes mediates neuronal damage via the IL‑6/IL‑6R pathway.
34169630	state_signature	low		human	ciliary_body	2021	Aurora Kinase A proximity map reveals centriolar satellites as regulators of its ciliary function.
32690089	disease_mechanism_background	low		human	ciliary_body	2020	Meningioma cells express primary cilia but do not transduce ciliary Hedgehog signals.
36497399	disease_mechanism_background	low		human	ciliary_body	2022	Ciliary Neurotrophic Factor Modulates Multiple Downstream Signaling Pathways in Prostate Cancer Inhibiting Cell Invasiveness.
34979259	disease_mechanism_background	low		human	ciliary_body	2022	Primary cilia and ciliary signaling pathways in aging and age-related brain disorders.
37319416	state_signature	low		human	ciliary_body	2024	Whole-exome sequencing identified novel DNAH5 homozygous variants in two consanguineous families with primary ciliary dyskinesia.
33168876	state_signature	low		human	ciliary_body	2020	Centrosome and ciliary abnormalities in fetal akinesia deformation sequence human fibroblasts.
34040021	state_signature	low		human	ciliary_body	2021	Genetic variant of TTLL11 gene and subsequent ciliary defects are associated with idiopathic scoliosis in a 5-generation UK family.
34997029	state_signature	low		human	ciliary_body	2022	Combinations of deletion and missense variations of the dynein-2 DYNC2LI1 subunit found in skeletal ciliopathies cause ciliary defects.
32375023	state_signature	low		human	ciliary_body	2020	CCDC61/VFL3 Is a Paralog of SAS6 and Promotes Ciliary Functions.
33196317	state_signature	low		human	ciliary_body	2020	Monoallelic Mutations in <i>CC2D1A</i> Suggest a Novel Role in Human Heterotaxy and Ciliary Dysfunction.
40292331	state_signature	low		human	ciliary_body	2025	Differences in neuronal ciliation rate and ciliary content revealed by systematic imaging-based analysis of hiPSC-derived models across protocols.
33298129	state_signature	low		human	ciliary_body	2020	Effect of ciliary neurotrophic factor on neural differentiation of stem cells of human exfoliated deciduous teeth.
37034981	state_signature	low		human	ciliary_body	2023	Neofunctionalization of ciliary BBS proteins to nuclear roles is likely a frequent innovation across eukaryotes.
33234597	state_signature	low		human	ciliary_body	2021	Separable roles for RanGTP in nuclear and ciliary trafficking of a kinesin-2 subunit.
37726137	state_signature	low		human	ciliary_body	2023	MAST4 promotes primary ciliary resorption through phosphorylation of Tctex-1.
36914265	state_signature	low		human	ciliary_body	2023	The ERK activator, BCI, inhibits ciliogenesis and causes defects in motor behavior, ciliary gating, and cytoskeletal rearrangement.
41124206	state_signature	low		human	ciliary_body	2025	C. elegans SAS-1 ensures centriole integrity and ciliary function, and operates with SSNA-1.
33141819	state_signature	low		human	ciliary_body	2020	Mutations in PIH proteins MOT48, TWI1 and PF13 define common and unique steps for preassembly of each, different ciliary dynein.
34405951	state_signature	low		human	ciliary_body	2021	Identification of compound heterozygous DNAH11 variants in a Han-Chinese family with primary ciliary dyskinesia.
36820148	state_signature	low		human	ciliary_body	2023	An Integrated Analysis Reveals Ciliary Abnormalities in Antrochoanal Polyps.
37490178	disease_mechanism_background	low		human	ciliary_body	2024	The implication of ciliary signaling pathways for epithelial-mesenchymal transition.
33355362	disease_mechanism_background	low		human	ciliary_body	2021	RPGR isoform imbalance causes ciliary defects due to exon ORF15 mutations in X-linked retinitis pigmentosa (XLRP).
35741122	state_signature	low		human	ciliary_body	2022	Underlying Ciliary Body Uveal Melanoma in a Patient with Chronic Lymphocytic Leukemia Presenting for Hyphema.
38573618	disease_mechanism_background	low		human	choroid,ciliary_body	2024	The Pediatric and Young Adult Choroidal and Ciliary Body Melanoma Genetic Study, A Survey by the European Ophthalmic Oncology Group.
40552535	state_signature	low		human	ciliary_body	2025	Ciliary biology intersects autism and congenital heart disease.
39565681	state_signature	low		human	ciliary_body	2025	A defined tubby domain β-barrel surface region of TULP3 mediates ciliary trafficking of diverse cargoes.
36074075	state_signature	low		human	ciliary_body	2022	CEP19-RABL2-IFT-B axis controls BBSome-mediated ciliary GPCR export.
35704471	state_signature	low		human	ciliary_body	2022	Molecular basis underlying the ciliary defects caused by &lt;i&gt;IFT52&lt;/i&gt; variations found in skeletal ciliopathies.
32726168	state_signature	low		human	ciliary_body	2020	Formation of the B9-domain protein complex MKS1-B9D2-B9D1 is essential as a diffusion barrier for ciliary membrane proteins.
34613793	state_signature	low		human	ciliary_body	2021	An updated SYSCILIA gold standard (SCGSv2) of known ciliary genes, revealing the vast progress that has been made in the cilia research field.
33175651	state_signature	low		human	ciliary_body	2021	Cooperation of the IFT-A complex with the IFT-B complex is required for ciliary retrograde protein trafficking and GPCR import.
37015875	state_signature	low		human	ciliary_body	2023	The actin-bundling protein Fascin-1 modulates ciliary signalling.
41140281	state_signature	low		human	ciliary_body	2025	Tackling ciliary specialization to understand phenotypic variability in human primary ciliopathies.
41805112	state_signature	low		human	ciliary_body	2026	The EH-binding protein EHBP1 operates in a ciliary functional module affected by INPP5E dysfunction.
38223458	state_signature	low		human	ciliary_body	2024	POMC Neuron BBSome Regulation of Body Weight is Independent of its Ciliary Function.
42510807	state_signature	low		human	ciliary_body	2026	Clinical Utility of NGS-Based Diagnosis in Primary Ciliary Dyskinesia: Experience from a Brazilian Pediatric Cohort at a Reference Center for Rare Diseases.
37239344	state_signature	low		human	ciliary_body	2023	Loss of Primary Cilia Potentiates <i>BRAF/MAPK</i> Pathway Activation in Rhabdoid Colorectal Carcinoma: A Series of 21 Cases Showing Ciliary Rootlet CoiledCoil (<i>CROCC</i>) Alterations.
34854775	state_signature	low		human	ciliary_body	2021	A retrospective review of Achromobacter species and antibiotic treatments in patients with primary ciliary dyskinesia.
35794391	state_signature	med		human	ciliary_body	2022	Modulation of matrix metalloproteases by ciliary neurotrophic factor in human placental development.
37479688	state_signature	low		mouse	ciliary_body	2023	MOF-mediated histone H4 Lysine 16 acetylation governs mitochondrial and ciliary functions by controlling gene promoters.
42342706	state_signature	low		mouse	ciliary_body	2026	RGS22 is a metazoa-specific radial spoke component required for coordinated ciliary beating.
34893605	state_signature	low		mouse	ciliary_body	2021	Ciliary Hedgehog signaling patterns the digestive system to generate mechanical forces driving elongation.
34783461	state_signature	low		mouse	ciliary_body	2022	Ciliary Type III Adenylyl Cyclase in the VMH Is Crucial for High-Fat Diet-Induced Obesity Mediated by Autophagy.
42105234	state_signature	low		mouse	ciliary_body	2026	Proximity labeling proteomics maps radial glial ciliary proteins across the developing telencephalon.
41385589	state_signature	low		mouse	ciliary_body	2025	Activation of the ciliary kinase CDKL5 is mediated by the cyclin-dependent kinase CDK20/LF2 to control flagellar length.
35475783	state_signature	low		mouse	ciliary_body	2022	Mechanical stimulation promotes enthesis injury repair by mobilizing <i>Prrx1</i><sup>+</sup> cells via ciliary TGF-β signaling.
40009443	state_signature	low		mouse	ciliary_body	2025	Control of ciliary transcriptional programs during spermatogenesis by antagonistic transcription factors.
34346313	state_signature	low		mouse	ciliary_body	2021	Ciliary and extraciliary Gpr161 pools repress hedgehog signaling in a tissue-specific manner.
39641991	state_signature	low		mouse	ciliary_body	2024	A cryo-electron tomography study of ciliary rootlet organization.
32840212	state_signature	med		mouse	ciliary_body	2020	A transient role of the ciliary gene <i>Inpp5e</i> in controlling direct versus indirect neurogenesis in cortical development.
34734804	state_signature	low		mouse	ciliary_body	2021	A WDR35-dependent coat protein complex transports ciliary membrane cargo vesicles to cilia.
32916859	state_signature	low		mouse	ciliary_body	2020	Involvement of Netrin/Unc-5 Interaction in Ciliary Beating and in Pattern Formation of the Ciliary Band-Associated Strand (CBAS) in the Sea Urchin, <i>Hemicentrotus pulcherrimus</i>.
33284321	state_signature	low		mouse	ciliary_body	2021	Sterol and oxysterol synthases near the ciliary base activate the Hedgehog pathway.
38334651	state_signature	low		mouse	ciliary_body	2024	Postnatal Dynamic Ciliary ARL13B and ADCY3 Localization in the Mouse Brain.
37071472	state_signature	low		mouse	ciliary_body	2023	Gene augmentation of LCA5-associated Leber congenital amaurosis ameliorates bulge region defects of the photoreceptor ciliary axoneme.
35038201	state_signature	low		mouse	ciliary_body	2022	Ciliary IFT88 Protects Coordinated Adolescent Growth Plate Ossification From Disruptive Physiological Mechanical Forces.
39606241	state_signature	low		mouse	ciliary_body	2024	Indigenous gut microbiota constitutively drive release of ciliary neurotrophic factor from mucosal enteric glia to maintain the homeostasis of enteric neural circuits.
40319064	state_signature	low		mouse	ciliary_body	2025	Restorative potential of ciliary body cells in a retinal ganglion cell degeneration model.
39747370	state_signature	low		mouse	ciliary_body	2025	Temporal ablation of the ciliary protein IFT88 alters normal brainwave patterns.
33927279	state_signature	low		mouse	ciliary_body	2021	Estrogen withdrawal alters cytoskeletal and primary ciliary dynamics resulting in increased Hedgehog and osteoclastogenic paracrine signalling in osteocytes.
42764995	state_signature	low		mouse	ciliary_body	2026	Ciliary neurotrophic factor slows axonal transport of signalling endosomes.
36074756	state_signature	low		mouse	ciliary_body	2022	Deletion of CEP164 in mouse photoreceptors post-ciliogenesis interrupts ciliary intraflagellar transport (IFT).
37144094	state_signature	low		mouse	ciliary_body	2023	Distribution of ciliary adaptor proteins tubby and TULP3 in the organ of Corti.
40623838	state_signature	low		mouse	ciliary_body	2025	Identification of New Ciliary Signaling Pathways in the Brain and Insights into Neurological Disorders.
35253837	state_signature	low		mouse	ciliary_body	2022	PCARE requires coiled coil, RP62 kinase-binding and EVH1 domain-binding motifs for ciliary expansion.
34818063	state_signature	low		mouse	ciliary_body	2022	The ARF GAPs ELMOD1 and ELMOD3 act at the Golgi and cilia to regulate ciliogenesis and ciliary protein traffic.
34705483	state_signature	low		mouse	ciliary_body	2022	Hedgehog-induced ciliary trafficking of kinesin-4 motor KIF7 requires intraflagellar transport but not KIF7's microtubule binding.
34717927	state_signature	low		mouse	ciliary_body	2021	Single-cell RNA-sequencing analysis of the ciliary epithelium and contiguous tissues in the mouse eye.
36849261	state_signature	low		mouse	ciliary_body	2023	Physiological Condition-Dependent Changes in Ciliary GPCR Localization in the Brain.
32452112	state_signature	low		mouse	ciliary_body	2020	An immune response to the avascular lens following wounding of the cornea involves ciliary zonule fibrils.
33936569	state_signature	low		both	ciliary_body	2021	Ciliary extracellular vesicles are distinct from the cytosolic extracellular vesicles.
40188187	state_signature	med		both	ciliary_body	2025	A differential requirement for ciliary transition zone proteins in human and mouse neural progenitor fate specification.
40617876	state_signature	low		both	ciliary_body	2025	The Mn-motif protein MAP6d1 assembles ciliary doublet microtubules.
38664376	state_signature	low		both	ciliary_body	2024	Numb positively regulates Hedgehog signaling at the ciliary pocket.
38773095	disease_mechanism_background	low		both	ciliary_body	2024	Ciliary tip actin dynamics regulate photoreceptor outer segment integrity.
33214552	state_signature	low		both	ciliary_body	2020	PCM1 is necessary for focal ciliary integrity and is a candidate for severe schizophrenia.
36797232	disease_mechanism_background	low		both	ciliary_body	2023	RGS12 represses oral squamous cell carcinoma by driving M1 polarization of tumor-associated macrophages via controlling ciliary MYCBP2/KIF2A signaling.
41814306	state_signature	low		both	ciliary_body	2026	Disruption of primary ciliary prostaglandin E&lt;sub&gt;2&lt;/sub&gt; signaling by transforming growth factor-β1 impairs endometrial receptivity.
41071877	state_signature	low		both	ciliary_body	2025	Loss-of-function variants in ciliary genes confer high risk for tetralogy of Fallot.
34644112	state_signature	med		both	ciliary_body	2021	Ciliary protein Kif7 regulates Gli and Ezh2 for initiating the neuronal differentiation of enteric neural crest cells during development.
38670096	disease_mechanism_background	med		both	ciliary_body	2024	CRISPR-Cas9-mediated deletion of carbonic anhydrase 2 in the ciliary body to treat glaucoma.
41957701	state_signature	low		both	ciliary_body	2026	Hedgehog pathway activity downstream of Smoothened is regulated specifically by basal ciliary PKA.
39137039	state_signature	low		both	ciliary_body	2024	Central regulation of feeding and body weight by ciliary GPR75.
42178579	state_signature	low		both	ciliary_body	2026	FLNB and TTC26 regulate ciliary Hedgehog signaling to maintain intervertebral disc matrix homeostasis in adolescent idiopathic scoliosis.
39122680	method_reference	low		both	ciliary_body	2024	CYLD/HDAC6 signaling regulates the interplay between epithelial-mesenchymal transition and ciliary homeostasis during pulmonary fibrosis.
40737317	state_signature	low		both	ciliary_body	2025	Lysosomal glucocerebrosidase is needed for ciliary Hedgehog signaling: A convergent pathway contributing to Parkinson's disease.
36669111	state_signature	low		both	ciliary_body	2023	TMEM161B regulates cerebral cortical gyration, Sonic Hedgehog signaling, and ciliary structure in the developing central nervous system.
38635628	state_signature	low		both	ciliary_body	2024	Parkinsonism Sac domain mutation in Synaptojanin-1 affects ciliary properties in iPSC-derived dopaminergic neurons.
33846249	state_signature	low		both	ciliary_body	2021	A complex of distal appendage-associated kinases linked to human disease regulates ciliary trafficking and stability.
32312818	state_signature	low		both	ciliary_body	2020	PCARE and WASF3 regulate ciliary F-actin assembly that is required for the initiation of photoreceptor outer segment disk formation.
41746809	state_signature	low		both	ciliary_body	2026	Nonsense-mediated mRNA decay orchestrates neuronal migration and cortical lamination while modulating Reelin and ciliary gene regulatory networks.
40836034	state_signature	med		both	ciliary_body	2025	BBS8-dependent ciliary Hedgehog signaling governs cell fate in the white adipose tissue.
42268917	state_signature	low		both	ciliary_body	2026	Smoothened and ciliary GPCRs regulate ciliary protein kinase A activity involved in Hedgehog signal transduction.
40956303	state_signature	med		both	ciliary_body	2025	The ciliary kinesin KIF7 controls the development of the cerebral cortex by acting differentially on SHH signaling in dorsal and ventral forebrain.
34672258	state_signature	low		both	ciliary_body	2021	Ciliary Hedgehog signaling regulates cell survival to build the facial midline.
36598133	state_signature	low		both	ciliary_body	2023	Disrupting the ciliary gradient of active Arl3 affects rod photoreceptor nuclear migration.
34462398	state_signature	low		both	ciliary_body	2021	Differential Roles of Tubby Family Proteins in Ciliary Formation and Trafficking.
34161574	state_signature	low		both	ciliary_body	2021	E3 ubiquitin ligase Wwp1 regulates ciliary dynamics of the Hedgehog receptor Smoothened.
33856408	state_signature	low		both	ciliary_body	2021	Time-resolved proteomics profiling of the ciliary Hedgehog response.
41372633	state_signature	low		both	ciliary_body	2026	JHY enables the transition from switchable to fixed ciliary waveforms in metazoan evolution.
39587330	state_signature	low		both	ciliary_body	2025	BBSome-deficient cells activate intraciliary CDC42 to trigger actin-dependent ciliary ectocytosis.
32528252	state_signature	low		both	ciliary_body	2020	Ciliary Neurotrophic Factor Acts on Distinctive Hypothalamic Arcuate Neurons and Promotes Leptin Entry Into and Action on the Mouse Hypothalamus.
40858722	disease_mechanism_background	low		both	ciliary_body	2025	Kras and ciliary gene mutations cooperatively lead to pancreatic tumorigenesis only when induced during embryogenesis.
34385262	state_signature	low		both	ciliary_body	2021	Discovery of ciliary G protein-coupled receptors regulating pancreatic islet insulin and glucagon secretion.
36699005	state_signature	low		both	ciliary_body	2022	Ciliary signaling proteins are mislocalized in the brains of Bardet-Biedl syndrome 1-null mice.
39894222	state_signature	med		both	ciliary_body	2025	A splicing variant in EFCAB7 hinders ciliary transport and disrupts cardiac development.
42036045	state_signature	low		both	ciliary_body	2026	Rab8 and TNPO1 function as the ciliary transport adapters for GPCRs.
39824631	state_signature	low		both	ciliary_body	2025	NME7 maintains primary cilium assembly, ciliary microtubule stability, and Hedgehog signaling.
33372037	state_signature	low		both	ciliary_body	2021	HTR6 and SSTR3 ciliary targeting relies on both IC3 loops and C-terminal tails.
33653689	state_signature	low		both	ciliary_body	2021	nNOS regulates ciliated cell polarity, ciliary beat frequency, and directional flow in mouse trachea.
39592934	state_signature	low		both	ciliary_body	2024	Effects of a ciliary neurotrophic factor (CNTF) small-molecule peptide mimetic in an in vitro and in vivo model of CDKL5 deficiency disorder.
41805095	disease_mechanism_background	low		both	ciliary_body	2026	Rod-Cone Dystrophy Related WDR34 Is Essential for Ciliary Integrity and Survival of Mammalian Photoreceptor Cells.
40970667	disease_mechanism_background	low		both	ciliary_body	2025	Exon Skipping Therapy Restores Ciliary Function in USH2A-Related Retinal Degeneration.
33646289	state_signature	low		both	ciliary_body	2021	Nanophthalmos-Associated MYRF Gene Mutation Causes Ciliary Zonule Defects in Mice.
33625872	state_signature	low		both	ciliary_body	2021	Rpgrip1l controls ciliary gating by ensuring the proper amount of Cep290 at the vertebrate transition zone.
33023312	state_signature	low		both	ciliary_body	2020	Transplantation Efficacy of Human Ciliary Epithelium Cells from Fetal Eye and Lin-ve Stem Cells from Umbilical Cord Blood in the Murine Retinal Degeneration Model of Laser Injury.
41370039	state_signature	low		both	ciliary_body	2026	Filippi syndrome-associated CKAP2L modulates microtubule dynamics essential for mitosis and ciliary length regulation.
42011761	disease_mechanism_background	med		both	ciliary_body	2026	Tubulin hyperglutamylation induces retinal degeneration by disrupting ciliary architecture and protein trafficking.
40632733	method_reference	low		both	ciliary_body	2025	Focal adhesion-related non-ciliary functions of CEP290.
34624068	state_signature	low		both	ciliary_body	2021	CCRK/CDK20 regulates ciliary retrograde protein trafficking via interacting with BROMI/TBC1D32.
33720362	state_signature	low		other	ciliary_body	2021	Ciliary Rootlet Coiled-Coil 2 (crocc2) Is Associated with Evolutionary Divergence and Plasticity of Cichlid Jaw Shape.
37844228	state_signature	low		other	ciliary_body	2023	Ciliary localization of a light-activated neuronal GPCR shapes behavior.
33650969	state_signature	low		other	ciliary_body	2021	Ciliary neuropeptidergic signaling dynamically regulates excitatory synapses in postnatal neocortical pyramidal neurons.
36675184	state_signature	low		other	ciliary_body	2023	Mechanical Stretch Activates TRPV4 and Hemichannel Responses in the Nonpigmented Ciliary Epithelium.
33916973	state_signature	low		other	ciliary_body	2021	Semi-Lethal Primary Ciliary Dyskinesia in Rats Lacking the <i>Nme7</i> Gene.
35965828	state_signature	low		other	ciliary_body	2022	The ciliary protein Spef2 stimulates acinar Ampkα/Sirt1 signaling and ameliorates acute pancreatitis and associated lung injury.
32647199	state_signature	low		other	ciliary_body	2020	dnmt1 function is required to maintain retinal stem cells within the ciliary marginal zone of the zebrafish eye.
41609173	state_signature	low		other	ciliary_body	2026	Vitamin E Alleviates Oxidative Damage and Attenuates Ferroptosis Caused by Prolonged Contraction of the Ciliary Muscle by Activating ACOT7.
33749722	state_signature	med		other	ciliary_body	2021	Let-7, Lin28 and Hmga2 Expression in Ciliary Epithelium and Retinal Progenitor Cells.
32820176	state_signature	low		unknown	ciliary_body	2020	Genes with spiralian-specific protein motifs are expressed in spiralian ciliary bands.
34162535	state_signature	low		unknown	ciliary_body	2021	Ciliopathy protein HYLS1 coordinates the biogenesis and signaling of primary cilia by activating the ciliary lipid kinase PIPKIγ.
33637535	state_signature	low		unknown	ciliary_body	2021	A dynein-associated photoreceptor protein prevents ciliary acclimation to blue light.
38109525	state_signature	low		unknown	ciliary_body	2023	Coexistence within one cell of microvillous and ciliary phototransductions across M1- through M6-IpRGCs.
32163404	disease_mechanism_background	low		unknown	ciliary_body	2020	MKS-NPHP module proteins control ciliary shedding at the transition zone.
34533135	state_signature	low		unknown	ciliary_body	2021	Ectocytosis prevents accumulation of ciliary cargo in <i>C. elegans</i> sensory neurons.
33587040	state_signature	low		unknown	ciliary_body	2021	Bardet-Biedl syndrome 3 protein promotes ciliary exit of the signaling protein phospholipase D via the BBSome.
35955469	method_reference	low		unknown	ciliary_body	2022	Ciliary Neurotrophic Factor (CNTF) and Its Receptors Signal Regulate Cementoblasts Apoptosis through a Mechanism of ERK1/2 and Caspases Signaling.
36012576	state_signature	low		unknown	ciliary_body	2022	Ciliary Neurotrophic Factor (CNTF) Inhibits In Vitro Cementoblast Mineralization and Induces Autophagy, in Part by STAT3/ERK Commitment.
34066037	state_signature	med		unknown	ciliary_body	2021	Involvement of Huntingtin in Development and Ciliary Beating Regulation of Larvae of the Sea Urchin, <i>Hemicentrotus pulcherrimus</i>.
33809498	state_signature	low		unknown	ciliary_body	2021	Central Apparatus, the Molecular Kickstarter of Ciliary and Flagellar Nanomachines.
37756660	state_signature	low		unknown	ciliary_body	2023	CEP104/FAP256 and associated cap complex maintain stability of the ciliary tip.
36129685	state_signature	low		unknown	ciliary_body	2022	ARL3 mediates BBSome ciliary turnover by promoting its outward movement across the transition zone.
31740506	state_signature	low		unknown	ciliary_body	2020	Ciliary force-responsive striated fibers promote basal body connections and cortical interactions.
39270640	state_signature	low		unknown	ciliary_body	2024	Protofilament-specific nanopatterns of tubulin post-translational modifications regulate the mechanics of ciliary beating.
34863182	state_signature	low		unknown	ciliary_body	2021	Ciliary photoreceptors in sea urchin larvae indicate pan-deuterostome cell type conservation.
36744302	state_signature	low		unknown	ciliary_body	2023	Ubiquitylation of BBSome is required for ciliary assembly and signaling.
38177908	state_signature	low		unknown	ciliary_body	2024	TTLL12 is required for primary ciliary axoneme formation in polarized epithelial cells.
36155669	state_signature	low		unknown	ciliary_body	2022	Light chain 2 is a Tctex-type related axonemal dynein light chain that regulates directional ciliary motility in Trypanosoma brucei.
36180752	state_signature	low		unknown	ciliary_body	2022	Cilia regeneration requires an RNA splicing factor from the ciliary base.
34083607	state_signature	low		unknown	ciliary_body	2021	Composition and function of the C1b/C1f region in the ciliary central apparatus.
36114230	state_signature	low		unknown	ciliary_body	2022	The interaction between LC8 and LCA5 reveals a novel oligomerization function of LC8 in the ciliary-centrosome system.
32792522	state_signature	low		unknown	ciliary_body	2020	Mycoplasma hyopneumoniae J elicits an antioxidant response and decreases the expression of ciliary genes in infected swine epithelial cells.
42326015	state_signature	low		unknown	ciliary_body	2026	Tubulin monoglutamylation is sufficient to rescue the ciliary motility defects in a &lt;i&gt;Chlamydomonas&lt;/i&gt; polyglutamylation deficient mutant.
36561368	state_signature	med		unknown	ciliary_body	2022	Ciliary control of adipocyte progenitor cell fate regulates energy storage.
41006301	disease_mechanism_background	low		human	lens	2025	Ocular delivery of lipid nanoparticles-formulated mRNA encoding lanosterol synthase ameliorates cataract in rats.
38994020	state_signature	low		human	lens	2024	Lens autophagy protein ATG16L1: a potential target for cataract treatment.
41577330	state_signature	low		human	lens	2026	Aging, oxidative stress, and cataracts: Therapeutic prospects and translational insights into peroxiredoxin 6.
33632302	state_signature	low		human	lens	2021	Biallelic variants in COPB1 cause a novel, severe intellectual disability syndrome with cataracts and variable microcephaly.
38461179	disease_mechanism_background	low		human	lens	2024	Uric acid-driven NLRP3 inflammasome activation triggers lens epithelial cell senescence and cataract formation.
42555200	state_signature	low		human	lens	2026	Deconstruction of Human Age-Related Cataract Capsules Defines Aging.
35013122	disease_mechanism_background	low		human	lens	2022	Autophagy facilitates age-related cell apoptosis-a new insight from senile cataract.
37372033	state_signature	low		human	lens	2023	Glycolysis Aids in Human Lens Epithelial Cells' Adaptation to Hypoxia.
32218152	disease_mechanism_background	med		human	lens	2020	AKR1B1-Induced Epithelial-Mesenchymal Transition Mediated by RAGE-Oxidative Stress in Diabetic Cataract Lens.
34356319	disease_mechanism_background	med		human	lens	2021	3H-1,2-Dithiole-3-Thione Protects Lens Epithelial Cells against Fructose-Induced Epithelial-Mesenchymal Transition via Activation of AMPK to Eliminate AKR1B1-Induced Oxidative Stress in Diabetes Mellitus.
36104669	disease_mechanism_background	low		human	lens	2022	The interaction between autophagy and the epithelial-mesenchymal transition mediated by NICD/ULK1 is involved in the formation of diabetic cataracts.
33276722	disease_mechanism_background	low		human	lens	2020	microRNA-199a-5p regulates epithelial-to-mesenchymal transition in diabetic cataract by targeting SP1 gene.
41723479	state_signature	low		human	lens	2026	Micheliolide suppresses epithelial-mesenchymal transition of lens epithelial cells via downregulating matrix metalloproteinase 8 to ameliorate posterior capsular opacification.
33472493	disease_mechanism_background	low		human	lens	2021	Rapamycin relieves the cataract caused by ablation of Gja8b through stimulating autophagy in zebrafish.
35362222	state_signature	low		human	lens	2022	S1P defects cause a new entity of cataract, alopecia, oral mucosal disorder, and psoriasis-like syndrome.
32500975	state_signature	low		human	lens	2020	Proteasome subunit PSMC3 variants cause neurosensory syndrome combining deafness and cataract due to proteotoxic stress.
35023829	disease_mechanism_background	low		human	lens	2022	Disruption of PIKFYVE causes congenital cataract in human and zebrafish.
40650128	state_signature	low		human	lens	2025	NGF, BDNF, and NO in Myopic Subjects: Relationships Between Aqueous Levels and Lens Epithelial Cells' Activation.
41596224	disease_mechanism_background	low		human	lens	2026	Gigantol Preserves Lens Biophysical Homeostasis by Restoring Cytoskeletal Integrity and Membrane Fluidity in a Diabetic Cataract Model.
39201542	disease_mechanism_background	low		human	lens	2024	Human Primary Lens Epithelial Cultures on Basal Laminas Studied by Synchrotron-Based FTIR Microspectroscopy for Understanding Posterior Capsular Opacification.
39201727	disease_mechanism_background	low		human	lens	2024	The Synergistic Effects of Polyol Pathway-Induced Oxidative and Osmotic Stress in the Aetiology of Diabetic Cataracts.
35406761	disease_mechanism_background	med		human	lens	2022	Oxidative Stress-Induced TRPV2 Expression Increase Is Involved in Diabetic Cataracts and Apoptosis of Lens Epithelial Cells in a High-Glucose Environment.
37443739	disease_mechanism_background	med		human	lens	2023	Role of Chondroitin Sulfate Proteoglycan 5 in Steroid-Induced Cataract.
32568043	disease_mechanism_background	low		human	lens	2020	Approach to Cataract Surgery in an Ebola Virus Disease Survivor with Prior Ocular Viral Persistence.
40234585	state_signature	low		human	lens	2025	Upregulation of ferroptosis in glucocorticoids-induced posterior subcapsular cataracts.
33707565	state_signature	med		human	lens	2021	Development of a potent embryonic chick lens model for studying congenital cataracts in vivo.
37759728	disease_mechanism_background	med		human	lens	2023	Biomarker Signature in Aqueous Humor Mirrors Lens Epithelial Cell Activation: New Biomolecular Aspects from Cataractogenic Myopia.
37238733	disease_mechanism_background	low		human	lens	2023	Insight into Pathogenic Mechanism Underlying the Hereditary Cataract Caused by βB2-G149V Mutation.
40131364	state_signature	low		human	lens	2025	SEC24C deficiency causes trafficking and glycosylation abnormalities in an epileptic encephalopathy with cataracts and dyserythropoeisis.
40507153	disease_mechanism_background	low		human	lens	2025	Nutrient-Driven Antioxidant Interventions for Prevention of Age-Related and Diabetic Cataracts.
40569566	state_signature	low		human	lens	2025	SIRT1 Prevents Lens Epithelial Cell Senescence During Age-Related Cataract via Regulating p66Shc.
41876404	state_signature	low		human	lens	2026	Senescence-Driven IL-17A Inflammatory Circuit Promotes Epithelial-Mesenchymal Transition (EMT) and Progression in Age-Related Posterior Subcapsular Cataracts.
37324433	disease_mechanism_background	low		human	lens	2023	The human lens is capable of trilineage differentiation towards osteo-, chondro-, and adipogenesis-a model for studying cataract pathogenesis.
34599192	disease_mechanism_background	med		human	lens	2021	Modeling congenital cataract in vitro using patient-specific induced pluripotent stem cells.
32355786	disease_mechanism_background	low		human	lens	2020	Association of adjuvant aromatase inhibitor with cataract risk in postmenopausal women with breast cancer.
32985730	disease_mechanism_background	low		human	lens	2020	MiR-22-3p inhibits fibrotic cataract through inactivation of HDAC6 and increase of α-tubulin acetylation.
41320777	disease_mechanism_background	low		human	lens	2025	Impacts of leukocyte telomere length on incidence and severity of age-related cataract: a cross-cohort analysis.
32901881	disease_mechanism_background	low		human	lens	2020	ITCH regulates oxidative stress induced by high glucose through thioredoxin interacting protein in cultured human lens epithelial cells.
32626969	disease_mechanism_background	low		human	lens	2020	Overexpression of ATG4a promotes autophagy and proliferation, and inhibits apoptosis in lens epithelial cells via the AMPK and Akt pathways.
42072227	state_signature	low		human	lens	2026	Cellular Senescence of Lens Epithelial Cells and Age-Related Cataract: A Systematic Review.
40635755	disease_mechanism_background	low		human	lens	2025	Protocatechualdehyde attenuates oxidative stress in diabetic cataract via GLO1-mediated inhibition of AGE/RAGE glycosylation.
35899124	disease_mechanism_background	med		human	lens	2022	Acetyl-11-Keto-Beta Boswellic Acid (AKBA) Protects Lens Epithelial Cells Against H<sub>2</sub>O<sub>2</sub>-Induced Oxidative Injury and Attenuates Cataract Progression by Activating Keap1/Nrf2/HO-1 Signaling.
36059984	disease_mechanism_background	med		human	lens	2022	Postponement of the opacification of lentoid bodies derived from human induced pluripotent stem cells after lanosterol treatment-the first use of the lens aging model <i>in vitro</i> in cataract drug screening.
37185343	disease_mechanism_background	low		human	lens	2023	lncRNA TUG1 regulates Smac/DIABLO expression by competitively inhibiting miR-29b and modulates the apoptosis of lens epithelial cells in age-related cataracts.
41407891	disease_mechanism_background	low		human	lens	2025	Mendelian randomization and bioinformatics analysis identify the association between plasma proteins and cataract.
41044127	disease_mechanism_background	low		human	lens	2025	Quantitative spatial analysis of crystallin proteins in human lens epithelial cells.
39443626	disease_mechanism_background	low		human	lens	2024	Histopathologic findings of the lens capsule and persistent hyperplastic primary vitreous in Korean pediatric cataract patients.
36964267	disease_mechanism_background	low		human	lens	2023	Phase separation of α-crystallin-GFP protein and its implication in cataract disease.
33303795	disease_mechanism_background	low		human	lens	2020	DNA damage in lens epithelial cells exposed to occupationally-relevant X-ray doses and role in cataract formation.
35058548	disease_mechanism_background	low		human	lens	2022	Essential function of adaptor protein Nck1 in platelet-derived growth factor receptor signaling in human lens epithelial cells.
41751271	disease_mechanism_background	low		human	lens	2026	Inflammation-Mediated Immune Imbalance in the Pathogenesis of Diabetic Cataracts.
35531093	disease_mechanism_background	low		human	lens	2022	Identification of a New Mutation p.P88L in Connexin 50 Associated with Dominant Congenital Cataract.
37356717	disease_mechanism_background	low		human	lens	2023	Cataract-causing Y204X mutation of crystallin protein CRYβB1 promotes its C-terminal degradation and higher-order oligomerization.
35120923	disease_mechanism_background	low		human	lens	2022	Cataract-linked serine mutations in the gap junction protein connexin50 expose a sorting signal that promotes its lysosomal degradation.
34296521	disease_mechanism_background	med		human	lens	2021	Metformin alleviates oxidative stress-induced senescence of human lens epithelial cells via AMPK activation and autophagic flux restoration.
35359596	disease_mechanism_background	low		human	lens	2022	Cataract-Causing S93R Mutant Destabilized Structural Conformation of βB1 Crystallin Linking With Aggregates Formation and Cellular Viability.
42587300	state_signature	low		human	lens	2026	Expression and mechanistic roles of long non-coding RNAs in diabetic cataract: a systematic review and meta-analysis.
38771421	disease_mechanism_background	med		human	lens	2025	Role of C/EBP Homologous Protein (CHOP) and Nupr1 Interaction in Endoplasmic Reticulum Stress-Induced Apoptosis of Lens Epithelial Cells.
33747177	state_signature	low		human	lens	2021	Resveratrol protects against high glucose-induced oxidative damage in human lens epithelial cells by activating autophagy.
39576825	disease_mechanism_background	low		human	lens	2024	Long-term visual outcomes and histopathologic findings after cataract surgery in Ebola virus disease survivors in the Ebola virus RNA persistence in ocular tissues and fluids (EVICT) study.
41294008	disease_mechanism_background	low		human	lens	2026	C-terminal extension of HSPB6 in a family with myopathy and cataract.
32038277	state_signature	low		human	lens	2019	Contribution of Connexin Hemichannels to the Decreases in Cell Viability Induced by Linoleic Acid in the Human Lens Epithelial Cells (HLE-B3).
41989229	disease_mechanism_background	low		human	lens	2026	A Novel CRYBB2 Splicing Mutation Is Associated With Lens Extracellular Matrix Remodeling and Vascular Alterations in Congenital Cataract.
41533902	disease_mechanism_background	low		human	lens	2026	METTL16 Inhibits Lens Epithelial Cells Function in Diabetic Cataract via m6A-Modified DKK1-Mediated Wnt/β-Catenin Signaling.
40643341	disease_cell_composition	high		human	lens	2025	Transcriptomic Analysis of Human Lens Epithelium Tissue With and Without Cataract Surgery: Uncovering Novel Pathways of Post-Surgical Lens Epithelium Remodeling.
39804629	state_signature	low		human	lens	2025	Targeted Activation of OGG1 Inhibits Paraptosis in Lens Epithelial Cells of Early Age-Related Cortical Cataract.
41020554	state_signature	low		human	lens	2025	PGC1A Restores Mitochondrial Health to Attenuate EMT During Lens Epithelial Fibrosis via Regulating TFAM.
42233724	disease_mechanism_background	low		human	lens	2026	The Role of lncRNA GAS5 in Oxidative Stress and Mitochondrial Dysfunction in Age-Related Cataracts: Insights From Transcriptome Profiling.
39106056	state_signature	med		human	lens	2024	Biologically Relevant Laminin-511 Moderates the Derivation and Proliferation of Human Lens Epithelial Stem/Progenitor-Like Cells.
40266593	disease_mechanism_background	med		human	lens	2025	Macrophage-Hosted Porphyromonas gingivalis Is a Risk Factor for Cataract Development.
35435923	disease_mechanism_background	low		human	lens	2022	The E3 Ligase RNF157 Inhibits Lens Epithelial Cell Apoptosis by Negatively Regulating p53 in Age-Related Cataracts.
32761139	disease_mechanism_background	low		human	lens	2020	Identification and Characterization of N6-Methyladenosine CircRNAs and Methyltransferases in the Lens Epithelium Cells From Age-Related Cataract.
41230902	state_signature	med		human	lens	2025	Abnormal Splicing in the Final Intron of PRX Results in Dominant Congenital Cataract Without Neurological Phenotype.
36454558	state_signature	low		human	lens	2022	Insufficient Dose of ERCC8 Protein Caused by a Frameshift Mutation Is Associated With Keratoconus With Congenital Cataracts.
37418274	disease_mechanism_background	low		human	lens	2023	ErbBs in Lens Cell Fibrosis and Secondary Cataract.
36881408	disease_mechanism_background	med		human	lens	2023	SIRT1 Inhibits High Glucose-Induced TXNIP/NLRP3 Inflammasome Activation and Cataract Formation.
36769461	disease_mechanism_background	low		human	lens	2023	The Differential Expression of Circular RNAs and the Role of circAFF1 in Lens Epithelial Cells of High-Myopic Cataract.
38598298	disease_mechanism_background	med		human	lens	2024	TGFβ overcomes FGF-induced transinhibition of EGFR in lens cells to enable fibrotic secondary cataract.
37159192	disease_mechanism_background	low		human	lens	2023	MicroRNA-22-3p Regulates the Apoptosis of Lens Epithelial Cells Through Targeting KLF6 in Diabetic Cataracts.
34946854	disease_mechanism_background	low		human	lens	2021	Transcriptomics Analysis of Lens from Patients with Posterior Subcapsular Congenital Cataract.
41945556	state_signature	low		human	lens	2026	Metformin attenuates TBHP-induced oxidative injury in human lens epithelial cells and is associated with SIRT1/FOXO1-related autophagy.
41074164	state_signature	low		mouse	lens	2025	Drug loaded cerium oxide nanozymes prevent radiation-Induced cataracts via suppressing the cGAS-STING pathway.
41299222	state_signature	low		mouse	lens	2025	Loss of alpha-kinase 1 contributes to the formation of congenital cataracts in mice.
39056803	state_signature	low		mouse	lens	2024	A Transcriptomics Analysis of the Regulation of Lens Fiber Cell Differentiation in the Absence of FGFRs and PTEN.
36359852	state_signature	low		mouse	lens	2022	The Immediate Early Response of Lens Epithelial Cells to Lens Injury.
36139360	state_signature	low		mouse	lens	2022	Levels and Modifications of Both Lens Fiber Cell Connexins Are Affected in Connexin Mutant Mice.
37513520	disease_mechanism_background	med		mouse	lens	2023	Preventative Effects of <i>Cordyceps cicadae</i> Mycelial Extracts on the Early-Stage Development of Cataracts in UVB-Induced Mice Cataract Model.
33500475	disease_mechanism_background	med		mouse	lens	2021	Absence of S100A4 in the mouse lens induces an aberrant retina-specific differentiation program and cataract.
40126102	state_signature	low		mouse	lens	2025	Nucleolar ribosomal RNA synthesis continues in differentiating lens fiber cells until abrupt nuclear degradation required for ocular lens transparency.
37331601	state_signature	low		mouse	lens	2023	A crystallin mutant cataract with mineral deposits.
42619284	disease_mechanism_background	low		mouse	lens	2026	Study on the Role of FGF9/ERK/MMP9 Pathway in Age-Related Cataract and in (-)-Epigallocatechin-3-gallate Protecting Lens Epithelial Cells From Apoptosis.
36171977	state_signature	med		mouse	lens	2022	Loss of fiber cell communication may contribute to the development of cataracts of many different etiologies.
39287589	state_signature	low		mouse	lens	2024	Altered Cell Clusters and Upregulated Aqp1 in Connexin 50 Knockout Lens Epithelium.
37870847	state_signature	low		mouse	lens	2023	Single-Cell RNA Sequencing Analysis of the Early Postnatal Mouse Lens Epithelium.
40238114	disease_mechanism_background	low		mouse	lens	2025	Transcriptome Meta-Analysis Uncovers Cell-Specific Regulatory Relationships in Embryonic, Juvenile, Adult, and Aged Mouse Lens Epithelium and Fibers.
41358657	state_signature	low		mouse	lens	2025	The 3D Genome Structure of a Blcap-Linked Silencer Loop Regulates Terminal Differentiation During Lens Fiber Cell Denucleation.
38095908	state_signature	med		mouse	lens	2023	JAM-C Is Important for Lens Epithelial Cell Proliferation and Lens Fiber Maturation in Murine Lens Development.
42047666	state_signature	low		mouse	lens	2026	PANK4 Regulates YAP to Modulate the Glycolytic Pathway in LEC for Driving LECs-EMT in Early Diabetic Cataract Pathogenesis.
39652067	state_signature	low		mouse	lens	2024	Mefunidone Inhibits Inflammation, Oxidative Stress, and Epithelial-Mesenchymal Transition in Lens Epithelial Cells.
40679332	state_signature	low		mouse	lens	2025	LIRTS Viewer: A Web-Based Resource to View the Transcriptional Response of Lens Epithelial Cells to Injury.
38558092	state_signature	med		mouse	lens	2024	Dysregulation of Autophagy Occurs During Congenital Cataract Development in βA3ΔG91 Mice.
36734965	state_signature	low		mouse	lens	2023	Repurposing a Cyclin-Dependent Kinase 1 (CDK1) Mitotic Regulatory Network to Complete Terminal Differentiation in Lens Fiber Cells.
34967856	disease_mechanism_background	low		mouse	lens	2021	Mitotic Activation Around Wound Edges and Epithelialization Repair in UVB-Induced Capsular Cataracts.
37103007	disease_mechanism_background	low		mouse	lens	2023	Endoplasmic Reticulum Stress and the Lysosomal Pathway Play Crucial Roles in the Progression of βB2-Crystallin Mutation-Induced Congenital Cataracts in Mice.
34882206	state_signature	low		mouse	lens	2021	Aged Nrf2-Null Mice Develop All Major Types of Age-Related Cataracts.
34156426	disease_mechanism_background	low		mouse	lens	2021	Early Onset of Age-Related Cataracts in Cystine/Glutamate Antiporter Knockout Mice.
32492110	state_signature	low		mouse	lens	2020	Tropomyosin 3.1 Association With Actin Stress Fibers is Required for Lens Epithelial to Mesenchymal Transition.
33085740	disease_mechanism_background	low		mouse	lens	2020	Heterozygous Loss of Yap1 in Mice Causes Progressive Cataracts.
40580389	disease_mechanism_background	low		mouse	lens	2026	Cataract Aggravates Alzheimer-Like Pathologies and Cognitive Deficits in an APP/PS1 Mouse Model.
40274784	disease_mechanism_background	med		both	lens	2025	TGF-β1-induced m6A modifications accelerate onset of nuclear cataract in high myopia by modulating the PCP pathway.
37677999	state_signature	low		both	lens	2023	Unbalanced redox status network as an early pathological event in congenital cataracts.
42323614	disease_mechanism_background	med		both	lens	2026	A three-pronged strategy with minimalist nattokinase nanocomposite eye drops breaks the vicious cycle in ultraviolet-B-induced cataract.
40336002	disease_mechanism_background	med		both	lens	2025	Cyclic cell-penetrating peptide-engineered ceria nanoparticles for non-invasive alleviation of ultraviolet radiation-induced cataract.
38669339	disease_mechanism_background	low		both	lens	2024	Prevention of age-related truncation of γ-glutamylcysteine ligase catalytic subunit (GCLC) delays cataract formation.
37723490	disease_mechanism_background	low		both	lens	2023	Arginase-1 promotes lens epithelial-to-mesenchymal transition in different models of anterior subcapsular cataract.
39900894	disease_mechanism_background	low		both	lens	2025	Enhanced ferroptosis sensitivity promotes the formation of highly myopic cataract via the DDR2-Hippo pathway.
41596176	disease_mechanism_background	med		both	lens	2026	Fullerenol Eye Drops Mitigate UVB-Induced Cataract Progression by Inhibiting Oxidative Stress and Cellular Senescence.
39560644	state_signature	med		both	lens	2024	Deficiency in glutathione peroxidase 4 (GPX4) results in abnormal lens development and newborn cataract.
39333897	disease_mechanism_background	low		both	lens	2024	Targeting PYK2, entrectinib allays anterior subcapsular cataracts in mice by regulating TGFβ2 signaling pathway.
33297931	disease_mechanism_background	low		both	lens	2020	High-expression of ROCK1 modulates the apoptosis of lens epithelial cells in age-related cataracts by targeting p53 gene.
40598599	composition_baseline	high		both	lens	2025	A single-cell transcriptomic atlas of human lens epithelium: identification and functional insights into lens stem/progenitor cells.
36430917	disease_mechanism_background	low		both	lens	2022	TGF-β/Smad Signalling Activation by HTRA1 Regulates the Function of Human Lens Epithelial Cells and Its Mechanism in Posterior Subcapsular Congenital Cataract.
33917258	disease_mechanism_background	low		both	lens	2021	A Potential Role for Fructosamine-3-Kinase in Cataract Treatment.
38334649	disease_mechanism_background	low		both	lens	2024	A Cataract-Causing Mutation in the TRPM3 Cation Channel Disrupts Calcium Dynamics in the Lens.
42505373	disease_mechanism_background	med		both	lens	2026	Transcriptome Changes Driving Multiple Regulatory Pathways Involved in TGF-β-Induced Anterior Subcapsular Cataract.
36010635	state_signature	low		both	lens	2022	Long Non-Coding RNA &lt;i&gt;H19&lt;/i&gt; Prevents Lens Fibrosis through Maintaining Lens Epithelial Cell Phenotypes.
35805085	disease_mechanism_background	low		both	lens	2022	Aged Lens Epithelial Cells Suppress Proliferation and Epithelial-Mesenchymal Transition-Relevance for Posterior Capsule Opacification.
37048143	disease_mechanism_background	med		both	lens	2023	High-Throughput Transcriptomics of <i>Celf1</i> Conditional Knockout Lens Identifies Downstream Networks Linked to Cataract Pathology.
38136638	state_signature	low		both	lens	2023	Understanding the Role of Yes-Associated Protein (YAP) Signaling in the Transformation of Lens Epithelial Cells (EMT) and Fibrosis.
34439816	disease_mechanism_background	low		both	lens	2021	Nanogel-Facilitated In-Situ Delivery of a Cataract Inhibitor.
32567221	disease_mechanism_background	low		both	lens	2020	Vitamin C is a source of oxoaldehyde and glycative stress in age-related cataract and neurodegenerative diseases.
37196116	disease_mechanism_background	low		both	lens	2023	Pantothenate Kinase 4 Governs Lens Epithelial Fibrosis by Negatively Regulating Pyruvate Kinase M2-Related Glycolysis.
38643244	state_signature	low		both	lens	2024	Analysis of long-range chromatin contacts, compartments and looping between mouse embryonic stem cells, lens epithelium and lens fibers.
31992794	state_signature	low		both	lens	2020	Calponin-3 deficiency augments contractile activity, plasticity, fibrogenic response and Yap/Taz transcriptional activation in lens epithelial cells and explants.
34215815	disease_mechanism_background	low		both	lens	2021	Loss of FYCO1 leads to cataract formation.
33436915	disease_mechanism_background	med		both	lens	2021	Effect of postoperative corticosteroids on surgical outcome and aqueous autotaxin following combined cataract and microhook ab interno trabeculotomy.
40745490	state_signature	low		both	lens	2025	Biallelic MED29 variants cause pontocerebellar hypoplasia with cataracts.
36935417	state_signature	low		both	lens	2023	Ribonuclease inhibitor 1 (RNH1) deficiency cause congenital cataracts and global developmental delay with infection-induced psychomotor regression and anemia.
40036306	disease_mechanism_background	low		both	lens	2025	Exosomes containing miR-148a-3p derived from mesenchymal stem cells suppress epithelial-mesenchymal transition in lens epithelial cells.
33665188	disease_mechanism_background	low		both	lens	2021	Genome-Wide Analysis of Differentially Expressed miRNAs and Their Associated Regulatory Networks in Lenses Deficient for the Congenital Cataract-Linked Tudor Domain Containing Protein TDRD7.
37414399	state_signature	med		both	lens	2023	MIR34A modulates lens epithelial cell apoptosis and cataract development via the HK1/caspase 3 signaling pathway.
33508783	disease_mechanism_background	low		both	lens	2021	CircMRE11A_013 binds to UBXN1 and integrates ATM activation enhancing lens epithelial cells senescence in age-related cataract.
37683133	disease_mechanism_background	med		both	lens	2023	SUMO1-regulated DBC1 promotes p53-dependent stress-induced apoptosis of lens epithelial cells.
39662835	state_signature	med		both	lens	2025	The transcription factor CREB regulates epithelial-mesenchymal transition of lens epithelial cells by phosphorylation-dependent and phosphorylation-independent mechanisms.
32420594	disease_mechanism_background	low		both	lens	2020	The Tudor-domain protein TDRD7, mutated in congenital cataract, controls the heat shock protein HSPB1 (HSP27) and lens fiber cell morphology.
42149027	composition_baseline	low		both	lens	2026	The Human Lens Fiber Cytoskeletome Reveals Neuronal Signatures and the Presence of Chaperonins, Proteasome, Signaling, and Redox Regulators.
41533928	state_signature	low		both	lens	2025	Glutaredoxin 2 Protects Lens Epithelial Cells From Ferroptosis by Preventing HNRNPA2B1 S-Glutathionylation in Diabetes-Mediated Cataractogenesis.
40408092	disease_mechanism_background	low		both	lens	2025	PERK Regulates Epithelial-Mesenchymal Transition Through Autophagy and Lipid Metabolism in Lens Epithelial Cells.
37310354	disease_mechanism_background	low		both	lens	2023	The Long Noncoding RNA H19 Promotes Fibrotic Processes in Lens Epithelial Cells.
38324299	disease_mechanism_background	low		both	lens	2024	Smurf1 Modulates Smad Signaling Pathway in Fibrotic Cataract Formation.
37043340	disease_mechanism_background	med		both	lens	2023	BMP-4 and BMP-7 Inhibit EMT in a Model of Anterior Subcapsular Cataract in Part by Regulating the Notch Signaling Pathway.
36048019	state_signature	low		both	lens	2022	Deficiency of Jamc Leads to Congenital Nuclear Cataract and Activates the Unfolded Protein Response in Mouse Lenses.
32182330	state_signature	low		both	lens	2020	Connexin 50-R205G Mutation Perturbs Lens Epithelial Cell Proliferation and Differentiation.
32915983	state_signature	low		both	lens	2020	Cohen Syndrome-Associated Cataract Is Explained by VPS13B Functions in Lens Homeostasis and Is Modified by Additional Genetic Factors.
36880430	state_signature	low		both	lens	2023	Charged multivesicular body protein 4b forms complexes with gap junction proteins during lens fiber cell differentiation.
40622998	disease_mechanism_background	med		both	lens	2025	G91-deletion in βA3/A1-crystallin induces cellular and molecular changes in mouse lenses leading to congenital cataract development.
39286982	state_signature	low		other	lens	2024	Reversible cold-induced lens opacity in a hibernator reveals a molecular target for treating cataracts.
37947618	state_signature	low		other	lens	2023	Identification of Small Molecules for Prevention of Lens Epithelium-Derived Cataract Using Zebrafish.
36766843	state_signature	low		other	lens	2023	Lens Epithelial Explants Treated with Vitreous Humor Undergo Alterations in Chromatin Landscape with Concurrent Activation of Genes Associated with Fiber Cell Differentiation and Innate Immune Response.
36980168	state_signature	low		other	lens	2023	FGF-2 Differentially Regulates Lens Epithelial Cell Behaviour during TGF-β-Induced EMT.
36662053	disease_mechanism_background	med		other	lens	2022	Reduction in Lens Epithelial Cell Senescence Burden through Dasatinib Plus Quercetin or Rapamycin Alleviates D-Galactose-Induced Cataract Progression.
40595094	disease_mechanism_background	med		other	lens	2025	Endoplasmic reticulum stress involved in age-related nuclear cataract induced by sodium selenite.
40229517	disease_mechanism_background	med		other	lens	2025	Ameliorating effect of the aldose reductase inhibitor 1-Acetyl-5-phenyl-1 H-pyrrol-3-ylacetate on galactose-induced cataract.
36557426	disease_mechanism_background	low		other	lens	2022	Characterization of Femtosecond Laser and Porcine Crystalline Lens Interactions by Optical Microscopy.
35758908	state_signature	low		other	lens	2022	TFEB-Mediated Lysosomal Restoration Alleviates High Glucose-Induced Cataracts Via Attenuating Oxidative Stress.
40585754	disease_mechanism_background	low		unknown	lens	2025	Cataract-Causing Mutant R188C of βB2 Crystallin With Low Structural Stability is Sensitive to Environmental Stresses and Prone to Aggregates Formation.
37865680	state_signature	low		unknown	lens	2023	The involvement of caspases in the process of nuclear removal during lens fiber cell differentiation.
41323208	disease_mechanism_background	low		unknown	lens	2026	Cell-penetrating peptide-functionalized biomimetic nanovesicles for efficient cataract treatment via enhanced corneal penetration and lens-mitochondria dual targeting.
41614402	state_signature	low		unknown	lens	2026	[Corrigendum] Role of Smad3 signaling in the epithelial‑mesenchymal transition of the lens epithelium following injury.
33784009	disease_mechanism_background	low		unknown	lens	2021	Orai3 exacerbates apoptosis of lens epithelial cells by disrupting Ca<sup>2+</sup> homeostasis in diabetic cataract.
40704014	disease_mechanism_background	low		unknown	lens	2025	A multifunctional hydrogel system with synergistic effects against &lt;i&gt;Staphylococcus aureus&lt;/i&gt; infections and inflammation in perioperative cataract surgery.
42034848	disease_mechanism_background	low		unknown	lens	2026	USP10 inhibits the apoptosis of lens epithelial cells and delays the progression of diabetic cataract via the deubiquitination and stabilization of MCL1.
33420301	disease_mechanism_background	med		unknown	lens	2021	Thermoresponsive GenisteinNLC-dexamethasone-moxifloxacin multi drug delivery system in lens capsule bag to prevent complications after cataract surgery.
41858782	state_signature	low		unknown	lens	2026	Lens epithelial cells senescence in cataract pathogenesis and emerging therapeutic opportunities.
39834393	disease_mechanism_background	low		unknown	lens	2024	Differentiation of mesenchymal stem cells towards lens epithelial stem cells based on three-dimensional bio-printed matrix.
35656546	state_signature	low		unknown	lens	2022	Lens Fibrosis: Understanding the Dynamics of Cell Adhesion Signaling in Lens Epithelial-Mesenchymal Transition.
36852280	state_signature	low		unknown	lens	2023	Protein kinase A activation alleviates cataract formation via increased gap junction intercellular communication.
34430272	method_reference	high		unknown	lens	2021	Whole mount staining of lenses for visualization of lens epithelial cell proteins.
34650623	state_signature	low		unknown	lens	2021	Whole-exome sequencing identification of a recurrent <i>CRYBB2</i> variant in a four-generation Chinese family with congenital nuclear cataracts.
36249298	disease_mechanism_background	low		unknown	lens	2021	PAX8 Expression in the Crystalline Lens and Lens-Derived Lesions.
35363260	disease_mechanism_background	med		unknown	lens	2022	Intracameral Bacteriophage Injection as Postoperative Prophylaxis for Enterococcus faecalis-Induced Endophthalmitis After Cataract Surgery in Rabbits.
38272025	state_signature	low		human	optic_nerve	2024	Genetic variants affecting NQO1 protein levels impact the efficacy of idebenone treatment in Leber hereditary optic neuropathy.
40245175	state_signature	low		human	optic_nerve	2025	A Facile Strategy to Restore the Optic Nerve Functionality Using an Injectable Conducting Hydrogel.
34943037	state_signature	low		human	optic_nerve	2021	Intravitreal Injection of Long-Acting Pegylated Granulocyte Colony-Stimulating Factor Provides Neuroprotective Effects via Antioxidant Response in a Rat Model of Traumatic Optic Neuropathy.
35235463	disease_mechanism_background	low		human	optic_nerve	2022	Failed remyelination of the nonhuman primate optic nerve leads to axon degeneration, retinal damages, and visual dysfunction.
36306327	state_signature	low		human	optic_nerve	2022	A small molecule M1 promotes optic nerve regeneration to restore target-specific neural activity and visual function.
35858578	state_signature	low		human	optic_nerve	2022	Pathological mitophagy disrupts mitochondrial homeostasis in Leber's hereditary optic neuropathy.
37751356	state_signature	low		human	optic_nerve	2023	Diversity in homeostatic calcium set points predicts retinal ganglion cell survival following optic nerve injury in vivo.
42021335	disease_mechanism_background	low		human	optic_nerve	2026	Tryptophan metabolism in glaucomatous optic neuropathy: from metabolic dysregulation to therapeutic opportunities.
37640753	state_signature	low		human	optic_nerve	2023	α-Synuclein pathology in post-mortem retina and optic nerve is specific for α-synucleinopathies.
37540379	method_reference	high		human	optic_nerve	2023	The efficient induction of human retinal ganglion-like cells provides a platform for studying optic neuropathies.
36944985	state_signature	low		human	optic_nerve	2023	Large-scale morphometry of the subarachnoid space of the optic nerve.
35474440	state_signature	low		human	optic_nerve	2022	Proteomic profiles of the retina in an experimental unilateral optic nerve transection: Roles of Müller cell activation.
41898506	disease_mechanism_background	low		human	optic_nerve	2026	Pathogenesis of Non-Arteritic Anterior Ischemic Optic Neuropathy Associated with COVID-19.
35683014	state_signature	low		human	optic_nerve	2022	The Consequences of Mitochondrial T10432C Mutation in Cika Cattle: A "Potential" Model for Leber's Hereditary Optic Neuropathy.
33672743	state_signature	med		human	optic_nerve	2021	The Benefits and Hazards of Intravitreal Mesenchymal Stem Cell (MSC) Based-Therapies in the Experimental Ischemic Optic Neuropathy.
34576177	state_signature	med		human	optic_nerve	2021	NGF Eye Administration Recovers the TrkB and Glutamate/GABA Marker Deficit in the Adult Visual Cortex Following Optic Nerve Crush.
41294883	state_signature	low		human	optic_nerve	2025	Region-Specific Roles of TGF-β2 and Angiotensin II in Fibrotic and Inflammatory Remodeling of the Optic Nerve Head.
38247823	state_signature	med		human	optic_nerve	2024	Modeling of Retina and Optic Nerve Ischemia-Reperfusion Injury through Hypoxia-Reoxygenation in Human Induced Pluripotent Stem Cell-Derived Retinal Ganglion Cells.
37681863	state_signature	low		human	optic_nerve	2023	Astrocytes in the Optic Nerve Are Heterogeneous in Their Reactivity to Glaucomatous Injury.
32106630	disease_mechanism_background	low		human	optic_nerve	2020	Glaucoma: A Degenerative Optic Neuropathy Related to Neuroinflammation?
40537004	disease_mechanism_background	low		human	optic_nerve	2026	Cell-based therapies for traumatic optic neuropathy: Recent advances, challenges, and perspectives.
34558505	disease_mechanism_background	low		human	optic_nerve	2022	Glymphatic imaging and modulation of the optic nerve.
37371541	disease_mechanism_background	low		human	optic_nerve	2023	Intravitreal Neuroglobin Mitigates Primate Experimental Glaucomatous Structural Damage in Association with Reduced Optic Nerve Microglial and Complement 3-Astrocyte Activation.
36821399	state_signature	low		human	optic_nerve	2023	Full-length optic nerve regeneration in the absence of genetic manipulations.
41721205	disease_mechanism_background	low		human	optic_nerve	2026	From Regeneration Failure to Functional Restoration: Unlocking the Neuronal-Intrinsic Regenerative Capacity as a Therapeutic Frontier for Optic Neuropathy and Glaucoma.
38502591	state_signature	low		human	optic_nerve	2024	Glial Cell Activation and Immune Responses in Glaucoma: A Systematic Review of Human Postmortem Studies of the Retina and Optic Nerve.
39191397	disease_mechanism_background	low		human	optic_nerve	2024	Glaucoma, More than Meets the Eye: Patterns of Demyelination Revealed in Human Postmortem Glaucomatous Optic Nerve.
37539744	disease_mechanism_background	low		human	optic_nerve	2023	Metabolomic profiling of a neurodegenerative retina following optic nerve transection.
41705242	disease_mechanism_background	low		human	optic_nerve	2026	Neuroinflammatory regulatory role of microglia in optic nerve injury: from pathological mechanisms to therapeutic targets.
40160813	state_signature	low		human	optic_nerve	2025	Inflammatory profiling and immune cell infiltration in dysthyroid optic neuropathy: insights from bulk RNA sequencing.
36618342	composition_baseline	med		human	optic_nerve	2022	Characteristics of macrophage-like cells in acute nonarteritic anterior ischemic optic neuropathy and the normal fellow eyes on en face optical coherence tomography.
39521904	state_signature	low		human	optic_nerve	2024	Novel laser model of optic nerve transection provides valuable insights about the dynamics of optic nerve regeneration.
32587280	state_signature	low		human	optic_nerve	2020	Neuroprotective effects of low-dose G-CSF plus meloxicam in a rat model of anterior ischemic optic neuropathy.
35453537	state_signature	med		human	optic_nerve	2022	Retinal Circular RNA hsa_circ_0087207 Expression Promotes Apoptotic Cell Death in Induced Pluripotent Stem Cell-Derived Leber's Hereditary Optic Neuropathy-like Models.
42662088	method_reference	low		human	optic_nerve	2026	Infectious optic neuropathy: the interplay between pathogens and the host immune system-a review of diagnostic and therapeutic dilemmas.
40639784	method_reference	high		human	optic_nerve	2025	Leber's hereditary optic neuropathy-associated ND1 3733G&gt;C mutation ameliorates the mitochondrial quality control and cellular homeostasis.
39214298	disease_mechanism_background	low		human	optic_nerve	2024	Defective post-transcriptional modification of tRNA disrupts mitochondrial homeostasis in Leber's hereditary optic neuropathy.
33836988	state_signature	low		human	optic_nerve	2022	Detection of SARS-CoV-2 genomic and subgenomic RNA in retina and optic nerve of patients with COVID-19.
32901261	state_signature	low		human	optic_nerve	2021	No Evidence of Varicella-Zoster Virus Infection in Temporal Artery Biopsies of Anterior Ischemic Optic Neuropathy Patients With and Without Giant Cell Arteritis.
39540862	method_reference	high		human	optic_nerve	2024	Overcoming Low mRNA Expression in White Matter: A Protocol for RNA Extraction From the Optic Nerve in Large Animals for Transcriptomic Analysis.
41810892	disease_cell_composition	high		human	optic_nerve	2026	Optic Nerve Head Spatial Transcriptomic Change in Nonhuman Primate Early Experimental Glaucoma.
41129126	state_signature	low		human	optic_nerve	2025	Spatial Proteomic Analysis Highlights Molecular Reprogramming in Optic Nerve Invasive Retinoblastoma.
35015027	state_signature	low		human	optic_nerve	2022	Matrix Mechanotransduction via Yes-Associated Protein in Human Lamina Cribrosa Cells in Glaucoma.
33137197	state_signature	low		human	optic_nerve	2020	Reduced Oxidative Phosphorylation and Increased Glycolysis in Human Glaucoma Lamina Cribrosa Cells.
34283208	method_reference	low		human	optic_nerve	2021	Optic Nerve Engraftment of Neural Stem Cells.
34311469	state_signature	low		human	optic_nerve	2021	Assocation Between Leber's Hereditary Optic Neuropathy and MT-ND1 3460G>A Mutation-Induced Alterations in Mitochondrial Function, Apoptosis, and Mitophagy.
36239974	disease_mechanism_background	low		human	optic_nerve	2022	Optic Nerve Head Myelin-Related Protein, GFAP, and Iba1 Alterations in Non-Human Primates With Early to Moderate Experimental Glaucoma.
32915982	state_signature	low		human	optic_nerve	2020	Histone Deacetylases Regulation by δ-Opioids in Human Optic Nerve Head Astrocytes.
32421147	state_signature	low		human	optic_nerve	2020	Statins Suppress TGF-β2-Mediated MMP-2 and MMP-9 Expression and Activation Through RhoA/ROCK Inhibition in Astrocytes of the Human Optic Nerve Head.
42542603	disease_mechanism_background	low		human	optic_nerve	2026	Cyclic stretch increases transglutaminase 2-mediated serotonylation of extracellular fibronectin in cultured optic nerve head astrocytes: a pilot study.
41090416	state_signature	low		human	optic_nerve	2025	Applicability of regenerative oligodendrocyte precursor cell optic nerve transplantation in rat model of demyelinating disease.
33096971	disease_mechanism_background	low		human	optic_nerve	2021	Traumatic Optic Nerve Injury Elevates Plasma Biomarkers of Traumatic Brain Injury in a Porcine Model.
38804475	state_signature	low		human	optic_nerve	2024	An Extensive Study Regarding the Microscopic Anatomy of the Early Fetal Human Optic Nerve.
41769942	disease_mechanism_background	low		human	optic_nerve	2026	Beyond the Globe: Molecular Diagnostics of Optic Nerve, Orbital, and Adnexal Neoplasms.
35575776	disease_mechanism_background	med		human	optic_nerve	2022	Ultrasound Targeted Microbubble Destruction Promotes the Therapeutic Effect of HUMSC Transplantation on Glaucoma-Caused Optic Nerve Injury in Rabbits.
33499292	disease_mechanism_background	low		human	optic_nerve	2021	From Transcriptomics to Treatment in Inherited Optic Neuropathies.
40567162	disease_mechanism_background	low		human	optic_nerve	2025	From injury to recovery: Spatiotemporal dynamics of the visual pathway during spontaneous structural and functional regeneration after optic nerve transection in zebrafish.
41622742	state_signature	low		human	optic_nerve	2026	Optic nerve sheath meningioma exhibits neural niche-associated transcriptomic features and rare copy number variation-linked evolution.
39568070	state_signature	low		mouse	optic_nerve	2024	Regulation of disease-associated microglia in the optic nerve by lipoxin B&lt;sub&gt;4&lt;/sub&gt; and ocular hypertension.
36413918	state_signature	low		mouse	optic_nerve	2022	Inhibition of ferroptosis promotes retina ganglion cell survival in experimental optic neuropathies.
36332025	disease_mechanism_background	low		mouse	optic_nerve	2022	Astrocytic dysfunction induced by ABCA1 deficiency causes optic neuropathy.
39093964	state_signature	low		mouse	optic_nerve	2024	Modulating amacrine cell-derived dopamine signaling promotes optic nerve regeneration and preserves visual function.
34911931	state_signature	low		mouse	optic_nerve	2021	Retinal ganglion cell loss in an ex vivo mouse model of optic nerve cut is prevented by curcumin treatment.
42135831	state_signature	low		mouse	optic_nerve	2026	IL-1-mediated vitreous inflammation as an early indicator of retinal ganglion cell loss following acute optic nerve injury.
41645183	disease_mechanism_background	med		mouse	optic_nerve	2026	Cell-intrinsic vulnerability and immune activation cooperate to drive degeneration in a mitochondrial complex I deficiency model of optic neuropathy.
37816735	state_signature	low		mouse	optic_nerve	2023	Calbindin 2-specific deletion of arginase 2 preserves visual function after optic nerve crush.
38638966	disease_mechanism_background	low		mouse	optic_nerve	2024	Effect of astrocyte GPER on the optic nerve inflammatory response following optic nerve injury in mice.
38828288	disease_mechanism_background	low		mouse	optic_nerve	2024	Neuroprotective effects and mechanisms of action of artemisinin in retinal ganglion cells in a mouse model of traumatic optic neuropathy.
36552630	state_signature	low		mouse	optic_nerve	2022	Vitamin B3 Provides Neuroprotection via Antioxidative Stress in a Rat Model of Anterior Ischemic Optic Neuropathy.
38844990	state_signature	low		mouse	optic_nerve	2024	CX3CL1-CX3CR1 axis protects retinal ganglion cells by inhibiting microglia activation in a distal optic nerve trauma model.
42478262	state_signature	low		mouse	optic_nerve	2026	Multifunctional Catechol-Functionalized Cellulose Hydrogels for the Minimally Invasive Treatment of Acute Optic Nerve Injuries.
41744494	state_signature	low		mouse	optic_nerve	2026	Coordinated stimulation of axon regenerative and neurodegenerative transcriptional programs by ATF4 following optic nerve injury.
36645345	state_signature	low		mouse	optic_nerve	2023	MCT1-dependent energetic failure and neuroinflammation underlie optic nerve degeneration in Wolfram syndrome mice.
41465596	state_signature	low		mouse	optic_nerve	2025	Dasatinib and Quercetin Alleviate Retinal Ganglion Cell Dendritic Shrinkage and Promote Axonal Regeneration in Mice with Optic Nerve Injury.
41828599	state_signature	low		mouse	optic_nerve	2026	Gene Expression Profiles in the Optic Nerve of Mice with Systemic Acanthamoebiasis.
39769388	state_signature	low		mouse	optic_nerve	2024	Remote Ischemic Post-Conditioning (RIC) Mediates Anti-Inflammatory Signaling via Myeloid AMPKα1 in Murine Traumatic Optic Neuropathy (TON).
39596110	state_signature	low		mouse	optic_nerve	2024	Artificial Gravity Attenuates the Transcriptomic Response to Spaceflight in the Optic Nerve and Retina.
36233171	state_signature	low		mouse	optic_nerve	2022	Neuroprotective Effect of Azithromycin Following Induction of Optic Nerve Crush in Wild Type and Immunodeficient Mice.
36982411	disease_mechanism_background	low		mouse	optic_nerve	2023	Ligand-Induced Activation of GPR110 (ADGRF1) to Improve Visual Function Impaired by Optic Nerve Injury.
33396673	state_signature	low		mouse	optic_nerve	2020	Dimethyl Fumarate Promotes the Survival of Retinal Ganglion Cells after Optic Nerve Injury, Possibly through the Nrf2/HO-1 Pathway.
35743157	disease_mechanism_background	med		mouse	optic_nerve	2022	High-Mobility Group Box 1 Inhibitor BoxA Alleviates Neuroinflammation-Induced Retinal Ganglion Cell Damage in Traumatic Optic Neuropathy.
37998352	method_reference	low		mouse	optic_nerve	2023	HLA-Homozygous iPSC-Derived Mesenchymal Stem Cells Rescue Rotenone-Induced Experimental Leber's Hereditary Optic Neuropathy-like Models In Vitro and In Vivo.
36552864	disease_mechanism_background	low		mouse	optic_nerve	2022	Treatment with MDL 72527 Ameliorated Clinical Symptoms, Retinal Ganglion Cell Loss, Optic Nerve Inflammation, and Improved Visual Acuity in an Experimental Model of Multiple Sclerosis.
33922788	state_signature	low		mouse	optic_nerve	2021	Traumatic Optic Neuropathy Is Associated with Visual Impairment, Neurodegeneration, and Endoplasmic Reticulum Stress in Adolescent Mice.
41837548	disease_mechanism_background	low		mouse	optic_nerve	2026	Heat shock protein 40 enhances axon regeneration in a mouse model of traumatic optic neuropathy.
40903948	state_signature	low		mouse	optic_nerve	2026	Overexpressing neurogenic differentiation factor 1 in Müller cells improves retinal function after optic nerve crush injury in adult mice.
37282486	state_signature	low		mouse	optic_nerve	2023	Phosphorylated S6K1 and 4E-BP1 play different roles in constitutively active Rheb-mediated retinal ganglion cell survival and axon regeneration after optic nerve injury.
37449644	state_signature	low		mouse	optic_nerve	2023	Selective deletion of zinc transporter 3 in amacrine cells promotes retinal ganglion cell survival and optic nerve regeneration after injury.
36204863	state_signature	low		mouse	optic_nerve	2023	Use of a tissue clearing technique combined with retrograde trans-synaptic viral tracing to evaluate changes in mouse retinorecipient brain regions following optic nerve crush.
41577749	method_reference	low		mouse	optic_nerve	2026	40 Hz flicker preconditioning protects nonarteritic anterior ischemic optic neuropathy via adenosine signaling.
40001462	state_signature	low		mouse	optic_nerve	2025	Targeting SMOX Preserves Optic Nerve Myelin, Axonal Integrity, and Visual Function in Multiple Sclerosis.
34039431	state_signature	low		mouse	optic_nerve	2021	Semaphorin3A increases M1-like microglia and retinal ganglion cell apoptosis after optic nerve injury.
39461953	state_signature	low		mouse	optic_nerve	2024	Immunomodulation by the combination of statin and matrix-bound nanovesicle enhances optic nerve regeneration.
40284004	state_signature	low		mouse	optic_nerve	2025	Tauroursodeoxycholic Acid Protects Retinal Ganglion Cells and Reduces Inflammation in Mice Following Optic Nerve Crush.
38931465	state_signature	low		mouse	optic_nerve	2024	Assessment of Brain-Derived Neurotrophic Factor on Retinal Structure and Visual Function in Rodent Models of Optic Nerve Crush.
39021340	state_signature	low		mouse	optic_nerve	2024	Cellular senescence mediates retinal ganglion cell survival regulation post-optic nerve crush injury.
36203577	state_signature	low		mouse	optic_nerve	2022	Optic nerve head: A gatekeeper for vitreous infectious insults?
35140707	state_signature	low		mouse	optic_nerve	2021	Progressive Retinal and Optic Nerve Damage in a Mouse Model of Spontaneous Opticospinal Encephalomyelitis.
39578308	state_signature	low		mouse	optic_nerve	2025	Inhibiting NLRP3 Inflammasome Activation to Alleviate Retinal Inflammation and Protect the Optic Nerve of OPTN(E50K)Mice.
32410964	method_reference	low		mouse	optic_nerve	2020	Longitudinal Morphological and Functional Assessment of RGC Neurodegeneration After Optic Nerve Crush in Mouse.
33303775	state_signature	med		mouse	optic_nerve	2020	Dynamic changes in cell size and corresponding cell fate after optic nerve injury.
34413361	disease_mechanism_background	med		mouse	optic_nerve	2021	Effects of intravitreal injection of siRNA against caspase-2 on retinal and optic nerve degeneration in air blast induced ocular trauma.
32973242	disease_mechanism_background	low		mouse	optic_nerve	2020	Topical ripasudil stimulates neuroprotection and axon regeneration in adult mice following optic nerve injury.
33293617	disease_mechanism_background	low		mouse	optic_nerve	2020	Mesoscopic cortical network reorganization during recovery of optic nerve injury in GCaMP6s mice.
36950280	disease_mechanism_background	low		mouse	optic_nerve	2023	Differential effects of SARM1 inhibition in traumatic glaucoma and EAE optic neuropathies.
41761675	state_signature	low		mouse	optic_nerve	2026	Extracellular vesicles conjugated with c(RGDyk) peptide targeting integrin αVβ3 repair optic nerve injury through YAP/TAZ and Smad2/3 signaling.
37160307	disease_mechanism_background	low		mouse	optic_nerve	2023	Vitamin C protects retinal ganglion cells via SPP1 in glaucoma and after optic nerve damage.
39659974	disease_mechanism_background	low		mouse	optic_nerve	2024	Opa1 and MT-Nd6 mutations induce early mitochondrial changes in the retina and prelaminar optic nerve of hereditary optic neuropathy mouse models.
36267329	state_signature	low		mouse	optic_nerve	2022	Axon hyperexcitability in the contralateral projection following unilateral optic nerve crush in mice.
32450896	state_signature	low		mouse	optic_nerve	2020	Ocular hypertension suppresses homeostatic gene expression in optic nerve head microglia of DBA/2 J mice.
34934336	state_signature	low		mouse	optic_nerve	2021	Modulation of Sirt1-mTORC1 Pathway in Microglia Attenuates Retinal Ganglion Cell Loss After Optic Nerve Injury.
34819834	disease_mechanism_background	low		mouse	optic_nerve	2021	Loss of Caveolin-1 Impairs Light Flicker-Induced Neurovascular Coupling at the Optic Nerve Head.
40471791	method_reference	high		mouse	optic_nerve	2025	Protocol for assessing regional pathology in the rodent optic nerve using longitudinal cryosections and cross-sectional electron microscopy.
34786561	method_reference	low		mouse	optic_nerve	2021	Utilizing mouse optic nerve crush to examine CNS remyelination.
37143930	state_signature	low		mouse	optic_nerve	2023	Pericyte-derived cells participate in optic nerve scar formation.
34440593	state_signature	low		mouse	optic_nerve	2021	Evaluating Ocular Response in the Retina and Optic Nerve Head after Single and Fractionated High-Energy Protons.
40408096	state_signature	low		mouse	optic_nerve	2025	Single-Cell RNA Sequencing of the Primary Visual Cortex in Mice With Optic Nerve Injury.
42212882	state_signature	low		mouse	optic_nerve	2026	Identification of a Small-Molecule Modulator of Astrocyte Reactivity for Optic Nerve Protection.
39499510	state_signature	low		mouse	optic_nerve	2024	Progressive Optic Neuropathy in Hydrocephalic Ccdc13 Mutant Mice Caused by Impaired Axoplasmic Transport at the Optic Nerve Head.
41626869	disease_mechanism_background	low		mouse	optic_nerve	2026	Pharmacological Depletion of Retinal Mononuclear Phagocytes Is Neuroprotective in a Mouse Model of Mitochondrial Optic Neuropathy.
41400315	state_signature	low		mouse	optic_nerve	2025	Autophagy-Induced Microglial Death Contributes to Neuroinflammation in Acute Optic Nerve Injury.
40327012	state_signature	low		mouse	optic_nerve	2025	Endoplasmic Reticulum Stress Drives Neuroinflammation Through Lipocalin 2 Upregulation in Retinal Microglia After Optic Nerve Injury.
39601637	disease_mechanism_background	med		mouse	optic_nerve	2024	Cobalt Toxicity Induces Retinopathy and Optic Neuropathy in Mice.
39576623	method_reference	low		mouse	optic_nerve	2024	VEP Latency Delay Reflects Demyelination Beyond the Optic Nerve in the Cuprizone Model.
40622215	state_signature	low		mouse	optic_nerve	2025	Activation of Sigma 1 Receptor Preserves Visual Function After Optic Nerve Injury.
40126507	state_signature	low		mouse	optic_nerve	2025	Optic Nerve Crush Does Not Induce Retinal Ganglion Cell Loss in the Contralateral Eye.
39565302	disease_mechanism_background	low		mouse	optic_nerve	2024	The Mechanisms of Neuroprotection by Topical Rho Kinase Inhibition in Experimental Mouse Glaucoma and Optic Neuropathy.
41171041	state_signature	low		mouse	optic_nerve	2025	Longitudinal Structural and Microvascular Imaging of Mouse Retina After Optic Nerve Crush Using Temporal Speckle-Averaging Visible Light OCT.
39140963	state_signature	low		mouse	optic_nerve	2024	Macrophages Modulate Optic Nerve Crush Injury Scar Formation and Retinal Ganglion Cell Function.
38776115	state_signature	low		mouse	optic_nerve	2024	CD38 Deficiency Protects Mouse Retinal Ganglion Cells Through Activating the NAD+/Sirt1 Pathway in Ischemia-Reperfusion and Optic Nerve Crush Models.
38587440	method_reference	high		mouse	optic_nerve	2024	Comparison of Brn3a and RBPMS Labeling to Assess Retinal Ganglion Cell Loss During Aging and in a Model of Optic Neuropathy.
37669061	state_signature	low		mouse	optic_nerve	2023	The Neuroprotective Effect of Activation of Sigma-1 Receptor on Neural Injury by Optic Nerve Crush.
36538003	state_signature	low		mouse	optic_nerve	2022	Continuous Hypoxia Reduces Retinal Ganglion Cell Degeneration in a Mouse Model of Mitochondrial Optic Neuropathy.
37145604	disease_mechanism_background	low		mouse	optic_nerve	2023	Microglial CD11b Knockout Contributes to Axonal Debris Clearance and Axonal Degradation Attenuation via IGF-1 After Acute Optic Nerve Injury.
34406331	disease_mechanism_background	low		mouse	optic_nerve	2021	Sigma-1R Protects Retinal Ganglion Cells in Optic Nerve Crush Model for Glaucoma.
34086045	state_signature	low		mouse	optic_nerve	2021	Sigma 1 Receptor Modulates Optic Nerve Head Astrocyte Reactivity.
32866269	state_signature	low		mouse	optic_nerve	2020	Reduced Dendritic Spines in the Visual Cortex Contralateral to the Optic Nerve Crush Eye in Adult Mice.
32735323	state_signature	low		mouse	optic_nerve	2020	XIAP Protects Retinal Ganglion Cells in the Mutant ND4 Mouse Model of Leber Hereditary Optic Neuropathy.
42592906	disease_mechanism_background	low		mouse	optic_nerve	2026	Smarcc1 drives optic stalk patterning and optic nerve head astrocyte differentiation.
38548269	state_signature	low		mouse	optic_nerve	2024	Enhanced Optic Nerve Expansion and Altered Ultrastructure of Elastic Fibers Induced by Lysyl Oxidase Inhibition in a Mouse Model of Marfan Syndrome.
36680758	state_signature	low		mouse	optic_nerve	2023	Traumatic Axonal Injury in the Optic Nerve: The Selective Role of SARM1 in the Evolution of Distal Axonopathy.
33844961	disease_mechanism_background	med		mouse	optic_nerve	2021	Commonalities of optic nerve injury and glaucoma-induced neurodegeneration: Insights from transcriptome-wide studies.
32277382	state_signature	low		mouse	optic_nerve	2020	Altered Energy Metabolism During Early Optic Nerve Crush Injury: Implications of Warburg-Like Aerobic Glycolysis in Facilitating Retinal Ganglion Cell Survival.
33668263	disease_mechanism_background	low		mouse	optic_nerve	2021	Extracellular Matrix Remodeling in the Retina and Optic Nerve of a Novel Glaucoma Mouse Model.
36302632	state_signature	low		mouse	optic_nerve	2022	Effects of Visual Deprivation on Remodeling of Nodes of Ranvier in Optic Nerve.
39116180	disease_mechanism_background	low		mouse	optic_nerve	2024	A combination of topical and systemic administration of brimonidine is neuroprotective in the murine optic nerve crush model.
36454994	state_signature	low		mouse	optic_nerve	2022	Ultrastructural characteristics of oligodendrocyte precursor cells in the early postnatal mouse optic nerve observed by serial block-face scanning electron microscopy.
32822415	disease_mechanism_background	low		mouse	optic_nerve	2020	Astrocyte responses to experimental glaucoma in mouse optic nerve head.
33529207	state_signature	low		mouse	optic_nerve	2021	The role of aquaporin-4 in optic nerve head astrocytes in experimental glaucoma.
37759301	state_signature	low		both	optic_nerve	2023	Astrocytes of the optic nerve exhibit a region-specific and temporally distinct response to elevated intraocular pressure.
41345151	method_reference	low		both	optic_nerve	2025	Mitochondria-targeted gene delivery using fluorinated lipid nanoparticles to alleviate Leber's hereditary optic neuropathy.
41856199	disease_mechanism_background	low		both	optic_nerve	2026	The role of prostanoids in the retina and optic nerve in health and disease.
40449651	disease_mechanism_background	low		both	optic_nerve	2025	Pericytes in the optic nerve head.
40055743	state_signature	low		both	optic_nerve	2025	Intravitreal delivery of NMO-IgG causes primary retinal damage in the absence of optic nerve injury.
33176797	disease_mechanism_background	low		both	optic_nerve	2020	Complement peptide C3a receptor 1 promotes optic nerve degeneration in DBA/2J mice.
41220285	disease_mechanism_background	med		both	optic_nerve	2026	Alpinetin Nanoparticles Alleviate Optic Nerve Injury Induced by Acute Glaucoma via LRP1-PPARγ Mediated Regulation of Microglial Lipid Metabolism.
37640747	disease_mechanism_background	low		both	optic_nerve	2023	Knockdown of Porf-2 restores visual function after optic nerve crush injury.
32883957	state_signature	low		both	optic_nerve	2020	Cdk5-mediated Drp1 phosphorylation drives mitochondrial defects and neuronal apoptosis in radiation-induced optic neuropathy.
38289952	state_signature	low		both	optic_nerve	2024	Effective treatment of optic neuropathies by intraocular delivery of MSC-sEVs through augmenting the G-CSF-macrophage pathway.
33657370	state_signature	low		both	optic_nerve	2021	Optic nerve regeneration screen identifies multiple genes restricting adult neural repair.
39966959	state_signature	low		both	optic_nerve	2025	Apelin-13 attenuates optic nerve damage in glaucomatous mice by regulating glucose metabolism.
39939990	state_signature	low		both	optic_nerve	2025	Kidins220-deficient hydrocephalus mice exhibit altered glial phenotypes and AQP4 differential regulation in the retina and optic nerve, with preserved retinal ganglion cell survival.
39596239	state_signature	low		both	optic_nerve	2024	p53 and the E3 Ubiquitin Ligase MDM2 in Glaucomatous Lamina Cribrosa Cells.
34299278	state_signature	low		both	optic_nerve	2021	Decorin-An Antagonist of TGF-β in Astrocytes of the Optic Nerve.
36901786	disease_mechanism_background	low		both	optic_nerve	2023	Optic Nerve Injury Enhanced Mitochondrial Fission and Increased Mitochondrial Density without Altering the Uniform Mitochondrial Distribution in the Unmyelinated Axons of Retinal Ganglion Cells in a Mouse Model.
35008811	disease_mechanism_background	low		both	optic_nerve	2021	Citrus Naringenin Increases Neuron Survival in Optic Nerve Crush Injury Model by Inhibiting JNK-JUN Pathway.
38891043	disease_mechanism_background	med		both	optic_nerve	2024	Cytoprotective Small Compound M109S Attenuated Retinal Ganglion Cell Degeneration Induced by Optic Nerve Crush in Mice.
34943851	disease_mechanism_background	low		both	optic_nerve	2021	Chronic Histological Outcomes of Indirect Traumatic Optic Neuropathy in Adolescent Mice: Persistent Degeneration and Temporally Regulated Glial Responses.
37359418	state_signature	med		both	optic_nerve	2023	Human amnionic progenitor cell secretome mitigates the consequence of traumatic optic neuropathy in a mouse model.
38819069	disease_mechanism_background	med		both	optic_nerve	2025	Small extracellular vesicles derived from human induced pluripotent stem cell-differentiated neural progenitor cells mitigate retinal ganglion cell degeneration in a mouse model of optic nerve injury.
42260115	disease_mechanism_background	low		both	optic_nerve	2026	Impact-acceleration head injury results in optic neuropathy in the thirteen-lined ground squirrel.
40036074	state_signature	low		both	optic_nerve	2025	Vitamin A treatment restores vision failures arising from Leber's hereditary optic neuropathy-linked mtDNA mutation.
31769495	state_signature	low		both	optic_nerve	2020	Mutations in LAMB2 Are Associated With Albuminuria and Optic Nerve Hypoplasia With Hypopituitarism.
41331389	method_reference	low		both	optic_nerve	2025	Multifunctional nanoplatforms for optic nerve regeneration integrating anti-inflammatory, epigenetic, and ionic mechanisms with emerging artificial intelligence technologies.
37779186	state_signature	low		both	optic_nerve	2023	Activation of multiple Eph receptors on neuronal membranes correlates with the onset of optic neuropathy.
41601638	disease_cell_composition	high		both	optic_nerve	2025	Revealing the role of regulatory microglial IRF7-NLRP3 interactions in optic nerve damage of normal-tension glaucoma based on single-cell RNA sequencing.
33281816	state_signature	low		both	optic_nerve	2020	Therapeutic Targeting of Retinal Immune Microenvironment With CSF-1 Receptor Antibody Promotes Visual Function Recovery After Ischemic Optic Neuropathy.
39198924	disease_mechanism_background	low		both	optic_nerve	2024	A deep phenotyping study in mouse and iPSC models to understand the role of oligodendroglia in optic neuropathy in Wolfram syndrome.
36385152	state_signature	low		both	optic_nerve	2022	Ferroptosis inhibition by deferiprone, attenuates myelin damage and promotes neuroprotection in demyelinated optic nerve.
35493079	disease_mechanism_background	low		both	optic_nerve	2022	CCN2/CTGF-A Modulator of the Optic Nerve Head Astrocyte.
39228100	state_signature	low		both	optic_nerve	2024	Neuronal and glial cell alterations involved in the retinal degeneration of the familial dysautonomia optic neuropathy.
35383288	state_signature	low		both	optic_nerve	2022	Gene therapy restores mitochondrial function and protects retinal ganglion cells in optic neuropathy induced by a mito-targeted mutant ND1 gene.
33981197	disease_mechanism_background	low		both	optic_nerve	2021	Neuroprotective Effects of Fingolimod Supplement on the Retina and Optic Nerve in the Mouse Model of Experimental Autoimmune Encephalomyelitis.
35586662	state_signature	low		both	optic_nerve	2022	Involvement of High Mobility Group Box 1 Protein in Optic Nerve Damage in Diabetes.
40990867	disease_mechanism_background	low		both	optic_nerve	2025	Evaluating the Optic Nerve Crush Model to Understand the Function of Microglia in Glaucoma Neuroprotection.
41283752	disease_mechanism_background	low		both	optic_nerve	2025	Preclinical Assessment of Mitochondrial-Targeted ND4 Gene Therapy for Leber Hereditary Optic Neuropathy.
33356508	state_signature	low		both	optic_nerve	2020	C6 Cell Injection into the Optic Nerve of Long-Evans Rats: A Short-Term Model of Optic Pathway Gliomas.
42390160	state_signature	low		both	optic_nerve	2026	The Role of Nrf2 in SIRT1-Mediated RGC Neuroprotection in Traumatic Optic Neuropathy.
40492995	state_signature	low		both	optic_nerve	2025	Aquaporin-4 Peptide Injection in Mice Induces Retinal and Optic Nerve Alterations That Simulate Those of Neuromyelitis Optica Spectrum Disorder.
33101779	state_signature	low		both	optic_nerve	2020	Mitochondrial Transfer of the Mutant Human <i>ND6T14484C</i> Gene Causes Visual Loss and Optic Neuropathy.
34093141	disease_mechanism_background	low		both	optic_nerve	2021	Local Accumulation of Axonal Mitochondria in the Optic Nerve Glial Lamina Precedes Myelination.
35027445	state_signature	low		both	optic_nerve	2022	Lyso-Lipid-Induced Oligodendrocyte Maturation Underlies Restoration of Optic Nerve Function.
33315889	state_signature	low		both	optic_nerve	2020	MEF2 transcription factors differentially contribute to retinal ganglion cell loss after optic nerve injury.
40045384	state_signature	low		other	optic_nerve	2025	Srebf2 mediates successful optic nerve axon regeneration via the mevalonate synthesis pathway.
39506841	state_signature	low		other	optic_nerve	2024	Implantation of biomimetic polydopamine nanocomposite scaffold promotes optic nerve regeneration through modulating inhibitory microenvironment.
38370256	state_signature	low		other	optic_nerve	2024	Protective effect of Tetrandrine on optic nerve by inhibiting glial activation through NF-κB pathway.
40722990	state_signature	low		other	optic_nerve	2025	Roles of 670 nm Photobiomodulation on Rat Anterior Ischemic Optic Neuropathy: Enhancing RGC Survival, Mitochondrial Function, and Anti-Inflammatory Response.
42044330	disease_mechanism_background	low		other	optic_nerve	2026	Hopx(+) optic nerve head-astrocytes counter neuronal stress and glaucoma damage.
39569076	disease_mechanism_background	low		other	optic_nerve	2024	Injectable drug-loaded thermosensitive hydrogel delivery system for protecting retina ganglion cells in traumatic optic neuropathy.
38151470	state_signature	med		human	RPE	2024	Extracellular vesicles from organoid-derived human retinal progenitor cells prevent lipid overload-induced retinal pigment epithelium injury by regulating fatty acid metabolism.
40961946	disease_mechanism_background	low		human	RPE	2025	Safety and tolerability of RPESC-RPE transplantation in patients with dry age-related macular degeneration: Low-dose clinical outcomes.
41290721	state_signature	low		human	RPE	2025	1q gain bypasses the selective barrier against aneuploidy in RPE differentiation via wild-type co-culture rescue.
41162371	disease_mechanism_background	low		human	RPE	2025	Non-damaging laser treatment with electroretinography-based thermal dosimetry activates hormetic heat response in pig retinal pigment epithelium.
37566944	state_signature	low		human	RPE	2023	Comparative mechanistic study of RPE cell death induced by different oxidative stresses.
31978676	state_signature	low		human	RPE	2020	Effect of ER stress on sphingolipid levels and apoptotic pathways in retinal pigment epithelial cells.
42055007	state_signature	med		human	RPE	2026	IND-enabling safety and efficacy of RPESC-RPE-4W, an adult RPE progenitor cell therapy for dry age-related macular degeneration.
38183022	state_signature	low		human	RPE	2024	SB431542 partially inhibits high glucose-induced EMT by restoring mitochondrial homeostasis in RPE cells.
38760655	state_signature	low		human	RPE	2024	Comparative 3D genome analysis between neural retina and retinal pigment epithelium reveals differential cis-regulatory interactions at retinal disease loci.
42487268	state_signature	low		human	RPE	2026	FZD7 Inhibitor SRI Attenuates High Glucose-Induced Retinal Pigment Epithelial Cell Injury Accompanied by Ferroptosis-Associated Changes via Suppression of the Wnt/β-Catenin Pathway.
32582966	disease_mechanism_background	low		human	RPE	2020	Carbon monoxide‑releasing molecules protect against blue light exposure and inflammation in retinal pigment epithelial cells.
40396905	state_signature	low		human	RPE	2025	PHOSPHO1 Suppresses Ferroptosis in Retinal Pigment Epithelial Cells by Reducing the Levels of Phosphatidylethanolamine Molecular Species.
40171949	disease_mechanism_background	low		human	RPE	2025	Delivery of Human iPSC-Derived RPE Cells in Healthy Minipig Retina Results in Interaction Between Photoreceptors and Transplanted Cells.
39524785	state_signature	low		human	RPE	2024	Role of HDAC3 in the epithelial-mesenchymal transition of retinal pigment epithelium cells: Implications for proliferative vitreoretinopathy.
41462634	state_signature	low		human	RPE	2025	HDGF Protects Retinal Pigment Epithelium from Glyoxal-Induced Ferroptosis via SIRT1/PGC-1α/Nrf2 Pathway.
34943121	state_signature	low		human	RPE	2021	Overexpression of CERKL Protects Retinal Pigment Epithelium Mitochondria from Oxidative Stress Effects.
37507949	state_signature	low		human	RPE	2023	β-Asarone Alleviates High-Glucose-Induced Oxidative Damage via Inhibition of ROS Generation and Inactivation of the NF-κB/NLRP3 Inflammasome Pathway in Human Retinal Pigment Epithelial Cells.
36829938	state_signature	low		human	RPE	2023	TRAP1 Is Expressed in Human Retinal Pigment Epithelial Cells and Is Required to Maintain their Energetic Status.
36552561	state_signature	low		human	RPE	2022	Phloroglucinol Attenuates DNA Damage and Apoptosis Induced by Oxidative Stress in Human Retinal Pigment Epithelium ARPE-19 Cells by Blocking the Production of Mitochondrial ROS.
35740104	state_signature	low		human	RPE	2022	PPARδ Inhibits Hyperglycemia-Triggered Senescence of Retinal Pigment Epithelial Cells by Upregulating SIRT1.
35453399	state_signature	low		human	RPE	2022	Proteins Associated with Phagocytosis Alteration in Retinal Pigment Epithelial Cells Derived from Age-Related Macular Degeneration Patients.
35453289	disease_mechanism_background	low		human	RPE	2022	Human iPSC- and Primary-Retinal Pigment Epithelial Cells for Modeling Age-Related Macular Degeneration.
33255669	disease_mechanism_background	low		human	RPE	2020	Protective Effects of Fucoxanthin on High Glucose- and 4-Hydroxynonenal (4-HNE)-Induced Injury in Human Retinal Pigment Epithelial Cells.
32859013	disease_mechanism_background	low		human	RPE	2020	Properdin Modulates Complement Component Production in Stressed Human Primary Retinal Pigment Epithelium Cells.
33498524	state_signature	med		human	RPE	2021	Urban Aerosol Particulate Matter Promotes Necrosis and Autophagy via Reactive Oxygen Species-Mediated Cellular Disorders that are Accompanied by Cell Cycle Arrest in Retinal Pigment Epithelial Cells.
33114498	state_signature	low		human	RPE	2020	The Effect of Antioxidants on Photoreactivity and Phototoxic Potential of RPE Melanolipofuscin Granules from Human Donors of Different Age.
42555638	state_signature	low		human	RPE	2026	3D epigenomic landscape of the human retinal pigment epithelium.
34301870	disease_mechanism_background	low		human	RPE	2021	Chromosome 10q26-driven age-related macular degeneration is associated with reduced levels of <i>HTRA1</i> in human retinal pigment epithelium.
40416648	disease_mechanism_background	low		human	RPE	2025	Differentiation of human induced pluripotent stem cells into retinal pigment epithelium cells during culture on peptide-grafted hydrogels.
39233867	disease_mechanism_background	low		human	RPE	2024	Effects of ECM protein-coated surfaces on the generation of retinal pigment epithelium cells differentiated from human pluripotent stem cells.
34024230	disease_mechanism_background	low		human	RPE	2022	HMGB1 downregulation in retinal pigment epithelial cells protects against diabetic retinopathy through the autophagy-lysosome pathway.
40542390	state_signature	med		human	RPE	2025	The influence of femtosecond laser intrastromal lenticules on the characteristics and maturity in tissue-engineered stem cell-derived retinal pigment epithelium sheets.
36064625	state_signature	med		human	RPE	2022	Determining the optimal stage for cryopreservation of human embryonic stem cell-derived retinal pigment epithelial cells.
33883023	state_signature	low		human	RPE	2021	Efficient differentiation of human embryonic stem cells to retinal pigment epithelium under defined conditions.
32967731	state_signature	med		human	RPE	2020	Embryonic stem cell microenvironment enhances proliferation of human retinal pigment epithelium cells by activating the PI3K signaling pathway.
35073969	method_reference	low		human	RPE	2022	Cell maturation influences the ability of hESC-RPE to tolerate cellular stress.
33239074	method_reference	low		human	RPE	2020	Improving cell survival and engraftment in vivo via layer-by-layer nanocoating of hESC-derived RPE cells.
34315534	state_signature	low		human	RPE	2021	Submacular integration of hESC-RPE monolayer xenografts in a surgical non-human primate model.
32014053	state_signature	low		human	RPE	2020	Rapid generation of purified human RPE from pluripotent stem cells using 2D cultures and lipoprotein uptake-based sorting.
38722314	method_reference	low		human	RPE	2024	Pigmentation level of human iPSC-derived RPE does not indicate a specific gene expression profile.
42449920	state_signature	low		human	RPE	2026	Personalized Pathogenicity Assessment of &lt;i&gt;RPE65&lt;/i&gt; Gene Mutations Using Patient-Specific hiPSC-Derived Retinal Pigment Epithelium Model.
40806748	state_signature	low		human	RPE	2025	Role of Endogenous Galectin-3 on Cell Biology of Immortalized Retinal Pigment Epithelial Cells In Vitro.
42278399	state_signature	low		human	RPE	2026	Excessive Stretching Drives RPE Inflammation and ECM Remodeling in Ectopia Lentis Retinopathy.
39273216	state_signature	low		human	RPE	2024	Galectin-1 Attenuates PDGF-Mediated AKT Signaling in Retinal Pigment Epithelial Cells.
40943481	state_signature	low		human	RPE	2025	Hormetic Effects of Curcumin in RPE Cells: SIRT1 and Caspase-3 Inactivation with Implications for AMD.
38542166	state_signature	low		human	RPE	2024	Beneficial Effects of Fibroblast Growth Factor-1 on Retinal Pigment Epithelial Cells Exposed to High Glucose-Induced Damage: Alleviation of Oxidative Stress, Endoplasmic Reticulum Stress, and Enhancement of Autophagy.
36077335	state_signature	low		human	RPE	2022	Oxidation of DJ-1 Cysteines in Retinal Pigment Epithelium Function.
35742861	state_signature	low		human	RPE	2022	Effect of Photobiomodulation in Suppression of Oxidative Stress on Retinal Pigment Epithelium.
37446374	state_signature	low		human	RPE	2023	PRGF Membrane with Tailored Optical Properties Preserves the Cytoprotective Effect of Plasma Rich in Growth Factors: In Vitro Model of Retinal Pigment Epithelial Cells.
36675091	disease_mechanism_background	low		human	RPE	2023	CHAC1 as a Novel Contributor of Ferroptosis in Retinal Pigment Epithelial Cells with Oxidative Damage.
37445726	state_signature	low		human	RPE	2023	Spermidine Attenuates High Glucose-Induced Oxidative Damage in Retinal Pigment Epithelial Cells by Inhibiting Production of ROS and NF-κB/NLRP3 Inflammasome Pathway.
37628816	state_signature	low		human	RPE	2023	Endogenous Galectin-1 Modulates Cell Biological Properties of Immortalized Retinal Pigment Epithelial Cells In Vitro.
34638840	state_signature	med		human	RPE	2021	Transplantation of Human Induced Pluripotent Stem Cell-Derived Retinal Pigment Epithelium in a Swine Model of Geographic Atrophy.
36012314	disease_mechanism_background	med		human	RPE	2022	Aberrant Retinal Pigment Epithelial Cells Derived from Induced Pluripotent Stem Cells of a Retinitis Pigmentosa Patient with the PRPF6 Mutation.
34768747	state_signature	low		human	RPE	2021	Scaffold-Free Retinal Pigment Epithelium Microtissues Exhibit Increased Release of PEDF.
35628282	disease_mechanism_background	low		human	RPE	2022	Hypoxia Differently Affects TGF-β2-Induced Epithelial Mesenchymal Transitions in the 2D and 3D Culture of the Human Retinal Pigment Epithelium Cells.
33572787	disease_mechanism_background	low		human	RPE	2021	The Role of Oxidative Stress and Autophagy in Blue-Light-Induced Damage to the Retinal Pigment Epithelium in Zebrafish In Vitro and In Vivo.
33946753	state_signature	low		human	RPE	2021	Suppression of PGC-1α Drives Metabolic Dysfunction in TGFβ2-Induced EMT of Retinal Pigment Epithelial Cells.
33499245	state_signature	med		human	RPE	2021	Development of 3D Printed Bruch's Membrane-Mimetic Substance for the Maturation of Retinal Pigment Epithelial Cells.
34281287	disease_mechanism_background	low		human	RPE	2021	Fibroblast Growth Factor Type 1 Ameliorates High-Glucose-Induced Oxidative Stress and Neuroinflammation in Retinal Pigment Epithelial Cells and a Streptozotocin-Induced Diabetic Rat Model.
32629957	state_signature	low		human	RPE	2020	The Effect of <i>Lycium barbarum</i> Polysaccharides on Pyroptosis-Associated Amyloid β<sub>1-40</sub> Oligomers-Induced Adult Retinal Pigment Epithelium 19 Cell Damage.
32471212	state_signature	low		human	RPE	2020	Isolation of Human Small Extracellular Vesicles and Tracking of their Uptake by Retinal Pigment Epithelial Cells In Vitro.
34360950	disease_mechanism_background	med		human	RPE	2021	AMD-Like Substrate Causes Epithelial Mesenchymal Transition in iPSC-Derived Retinal Pigment Epithelial Cells Wild Type but Not <i>C3</i>-Knockout.
32344885	state_signature	low		human	RPE	2020	A Comprehensive Proteomic and Phosphoproteomic Analysis of Retinal Pigment Epithelium Reveals Multiple Pathway Alterations in Response to the Inflammatory Stimuli.
33572992	disease_mechanism_background	med		human	RPE	2021	Spermidine Attenuates Oxidative Stress-Induced Apoptosis via Blocking Ca<sup>2+</sup> Overload in Retinal Pigment Epithelial Cells Independently of ROS.
33925448	disease_mechanism_background	low		human	RPE	2021	Real-Time Monitoring the Effect of Cytopathic Hypoxia on Retinal Pigment Epithelial Barrier Functionality Using Electric Cell-Substrate Impedance Sensing (ECIS) Biosensor Technology.
34202702	disease_mechanism_background	med		human	RPE	2021	Differential Expression of Inflammasome-Related Genes in Induced Pluripotent Stem-Cell-Derived Retinal Pigment Epithelial Cells with or without History of Age-Related Macular Degeneration.
35328615	disease_mechanism_background	low		human	RPE	2022	Regulation of ABCA1 by AMD-Associated Genetic Variants and Hypoxia in iPSC-RPE.
32899567	disease_mechanism_background	low		human	RPE	2020	Retinal Pigment Epithelial Cells Derived from Induced Pluripotent Stem (iPS) Cells Suppress or Activate T Cells via Costimulatory Signals.
33572860	state_signature	low		human	RPE	2021	BBS Proteins Affect Ciliogenesis and Are Essential for Hedgehog Signaling, but Not for Formation of iPSC-Derived RPE-65 Expressing RPE-Like Cells.
35806438	state_signature	low		human	RPE	2022	Impaired Bestrophin Channel Activity in an iPSC-RPE Model of Best Vitelliform Macular Dystrophy (BVMD) from an Early Onset Patient Carrying the P77S Dominant Mutation.
32932802	method_reference	low		human	RPE	2020	An In-Vitro Cell Model of Intracellular Protein Aggregation Provides Insights into RPE Stress Associated with Retinopathy.
41149584	state_signature	low		human	RPE	2025	A Sulfated Polysaccharide from &lt;i&gt;Gelidium crinale&lt;/i&gt; Suppresses Oxidative Stress and Epithelial-Mesenchymal Transition in Cultured Retinal Pigment Epithelial Cells.
33670685	disease_mechanism_background	med		human	RPE	2021	Cytoprotective Potential of Fucoxanthin in Oxidative Stress-Induced Age-Related Macular Degeneration and Retinal Pigment Epithelial Cell Senescence In Vivo and In Vitro.
40710374	disease_mechanism_background	low		human	RPE	2025	Prolyl Hydroxylase Inhibitor-Mediated HIF Activation Drives Transcriptional Reprogramming in Retinal Pigment Epithelium: Relevance to Chronic Kidney Disease.
39273005	state_signature	low		human	RPE	2024	Metformin Alleviates Inflammation and Induces Mitophagy in Human Retinal Pigment Epithelium Cells Suffering from Mitochondrial Damage.
37371114	disease_mechanism_background	low		human	RPE	2023	Isolation and Characterization of the Primary Marmoset (<i>Callithrix jacchus</i>) Retinal Pigment Epithelial Cells.
35681472	state_signature	low		human	RPE	2022	Hormetic Heat Shock Enhances Autophagy through HSF1 in Retinal Pigment Epithelium Cells.
36672142	disease_mechanism_background	low		human	RPE	2023	NFκB-Mediated Expression of Phosphoinositide 3-Kinase δ Is Critical for Mesenchymal Transition in Retinal Pigment Epithelial Cells.
40801600	state_signature	low		human	RPE	2025	Whole RNA-Seq Analysis Reveals Longitudinal Proteostasis Network Responses to Photoreceptor Outer Segment Trafficking and Degradation in RPE Cells.
37408192	state_signature	low		human	RPE	2023	Mitochondrial Dysfunction and Impaired Antioxidant Responses in Retinal Pigment Epithelial Cells Derived from a Patient with <i>RCBTB1</i>-Associated Retinopathy.
36672144	state_signature	med		human	RPE	2023	Recognizing the Differentiation Degree of Human Induced Pluripotent Stem Cell-Derived Retinal Pigment Epithelium Cells Using Machine Learning and Deep Learning-Based Approaches.
35805159	disease_mechanism_background	low		human	RPE	2022	Inflammasome Activation in Retinal Pigment Epithelium from Human Donors with Age-Related Macular Degeneration.
37443724	state_signature	low		human	RPE	2023	Polarized RPE Secretome Preserves Photoreceptors in Retinal Dystrophic RCS Rats.
34685484	state_signature	low		human	RPE	2021	Role of the Transcriptional Repressor Zinc Finger with KRAB and SCAN Domains 3 (ZKSCAN3) in Retinal Pigment Epithelial Cells.
33477551	state_signature	low		human	RPE	2021	A Splice Variant in <i>SLC16A8</i> Gene Leads to Lactate Transport Deficit in Human iPS Cell-Derived Retinal Pigment Epithelial Cells.
34831174	state_signature	low		human	RPE	2021	Long-Term Transplant Effects of iPSC-RPE Monolayer in Immunodeficient RCS Rats.
34684987	state_signature	low		human	RPE	2021	Nano-Graphene Oxide-Promoted Epithelial-Mesenchymal Transition of Human Retinal Pigment Epithelial Cells through Regulation of Phospholipase D Signaling.
33738324	disease_mechanism_background	low		human	RPE	2021	Cell therapy with hiPSC-derived RPE cells and RPCs prevents visual function loss in a rat model of retinal degeneration.
35688936	state_signature	low		human	RPE	2022	Dynamic full-field optical coherence tomography allows live imaging of retinal pigment epithelium stress model.
41594671	disease_mechanism_background	low		human	RPE	2026	Protective Effects of Cord Blood Serum (CBS) on Retinal Pigment Epithelium (ARPE-19) and Retinal Photoreceptor-like (661W) Cell Line Viability Under In Vitro Oxidative Stress.
40867611	state_signature	med		human	RPE	2025	Retinal Pigment Epithelium Transplantation in Retinal Disease: Clinical Trial Development, Challenges, and Future Directions.
33922434	disease_mechanism_background	low		human	RPE,choroid	2021	Glycine-Conjugated Bile Acids Protect RPE Tight Junctions against Oxidative Stress and Inhibit Choroidal Endothelial Cell Angiogenesis In Vitro.
40520565	state_signature	med		human	RPE	2025	Transplantation of human embryonic stem cell-derived retinal pigment epithelial cells via injectable microfluidic-templated microgels for retinal regeneration.
40284227	state_signature	low		human	RPE	2025	Biological Effect of Mycosporine-Gly-Ser (Shinorine) Against Bis-Retinoid &lt;i&gt;N&lt;/i&gt;-Retinyl-&lt;i&gt;N&lt;/i&gt;-Retinylidene Ethanolamine- and Blue-Light-Induced Retinal Pigment Epithelium Cell Damage.
33036197	composition_baseline	med		human	RPE	2020	A Multi-Omics Approach Identifies Key Regulatory Pathways Induced by Long-Term Zinc Supplementation in Human Primary Retinal Pigment Epithelium.
42333946	disease_mechanism_background	low		human	RPE	2026	Humanin Mitigates Aβ-Induced Retinal Pigment Epithelium Injury via AMPK-Beclin1-Dependent Mitophagy.
42030193	state_signature	low		human	RPE	2026	Decellularized Aged Bruch's Membrane Confers Unique Biochemical Cues to Retinal Pigment Epithelium for In Vitro Modeling of Age-Related Macular Degeneration.
40541565	disease_mechanism_background	low		human	RPE	2025	Naphthalene Metabolites From Long-Term Environmental Tobacco Smoke Induce the Aging of Retinal Pigment Epithelium.
37110558	state_signature	low		human	RPE	2023	Carnosine Counteracts the Molecular Alterations Aβ Oligomers-Induced in Human Retinal Pigment Epithelial Cells.
36903482	disease_mechanism_background	low		human	RPE	2023	Lipopolysaccharide Activating NF-kB Signaling by Regulates HTRA1 Expression in Human Retinal Pigment Epithelial Cells.
35209218	state_signature	low		human	RPE	2022	Bruch's-Mimetic Nanofibrous Membranes Functionalized with the Integrin-Binding Peptides as a Promising Approach for Human Retinal Pigment Epithelium Cell Transplantation.
32987810	state_signature	low		human	RPE	2020	Sericin-Induced Melanogenesis in Cultured Retinal Pigment Epithelial Cells Is Associated with Elevated Levels of Hydrogen Peroxide and Inflammatory Proteins.
40253438	disease_mechanism_background	low		human	RPE	2025	Allogeneic RPE cell suspension manufactured at scale demonstrating preclinical safety and efficacy led to IND approval.
35056119	disease_mechanism_background	low		human	RPE	2022	Testing Mitochondrial-Targeted Drugs in iPSC-RPE from Patients with Age-Related Macular Degeneration.
33313247	state_signature	low		human	RPE	2020	Human retinal pigment epithelial cells are protected against hypoxia by BNIP3.
35752290	composition_baseline	med		human	RPE	2022	Identification of Age-associated Proteins and Functional Alterations in Human Retinal Pigment Epithelium.
39667912	method_reference	low		human	RPE	2025	A Chemical Reprogramming Approach Efficiently Producing Human Retinal Pigment Epithelium Cells for Retinal Disease Therapies.
35433274	disease_mechanism_background	low		human	RPE	2022	The effect of docetaxel on retinal pigment epithelial cells.
36926611	state_signature	low		human	RPE	2023	Nrf2-mediated activation of HO-1 is required in the blocking effect of compound K, a ginseng saponin metabolite, against oxidative stress damage in ARPE-19 human retinal pigment epithelial cells.
33760200	state_signature	low		human	RPE	2021	Connective tissue growth factor promotes retinal pigment epithelium mesenchymal transition via the PI3K/AKT signaling pathway.
37232340	disease_mechanism_background	med		human	RPE	2023	Thioredoxin1 is a target to attenuate diabetes‑induced RPE cell dysfunction in human ARPE19 cells by alleviating oxidative stress.
34819935	disease_mechanism_background	low		human	RPE	2021	Complement Factor H-Related 3 Enhanced Inflammation and Complement Activation in Human RPE Cells.
32423093	disease_mechanism_background	low		human	RPE	2020	Multidrug-Resistant <i>Pseudomonas aeruginosa</i> Evokes Differential Inflammatory Responses in Human Microglial and Retinal Pigment Epithelial Cells.
35784747	disease_mechanism_background	med		human	RPE	2022	Fisetin Attenuated Oxidative Stress-Induced Cellular Damage in ARPE-19 Human Retinal Pigment Epithelial Cells Through Nrf2-Mediated Activation of Heme Oxygenase-1.
34025440	disease_mechanism_background	low		human	RPE	2021	Attenuation of High Glucose-Induced Damage in RPE Cells through p38 MAPK Signaling Pathway Inhibition.
38293586	disease_mechanism_background	low		human	RPE	2024	Investigation of the effectiveness of gelatin hydrolysate in human iPS-RPE cell suspension transplantation.
42443308	state_signature	low		human	RPE	2026	Soft matrix promotes ciliogenesis in human retinal pigment epithelial cells.
42270720	disease_mechanism_background	low		human	RPE	2026	Mathematical analysis of photoreceptor changes in conditions of separation from the underlying retinal pigment epithelium.
41254090	disease_mechanism_background	low		human	RPE	2025	Extracellular matrix stiffness modulates angiogenic properties of the retinal pigment epithelium.
39169055	disease_mechanism_background	low		human	RPE	2024	Selective nanosecond laser removal of retinal pigment epithelium for cell therapy.
34262099	state_signature	low		human	RPE	2021	MYCN-induced nucleolar stress drives an early senescence-like transcriptional program in hTERT-immortalized RPE cells.
39369033	disease_mechanism_background	low		human	RPE	2024	YTHDF1-regulated ALOX5 in retinal pigment epithelial cells under hypoxia enhances VEGF expression and promotes viability, migration, and angiogenesis of vascular endothelial cells.
39080379	state_signature	low		human	RPE	2024	TRPML1 activation ameliorates lysosomal phenotypes in CLN3 deficient retinal pigment epithelial cells.
41963383	state_signature	med		human	RPE	2026	Integrated transcriptomic and metabolomic analyses reveal distinct energy metabolic signatures and functional properties of RPE cells under two culture conditions.
38698112	disease_mechanism_background	low		human	RPE	2024	Graft cell expansion from hiPSC-RPE strip after transplantation in primate eyes with or without RPE damage.
38553490	state_signature	low		human	RPE	2024	The impact of substrate stiffness on morphological, transcriptional and functional aspects in RPE.
38514646	state_signature	low		human	RPE	2024	Phototoxicity of low doses of light and influence of the spectral composition on human RPE cells.
35440610	state_signature	med		human	RPE	2022	Development of an electrospun poly(ε-caprolactone)/collagen-based human amniotic membrane powder scaffold for culturing retinal pigment epithelial cells.
35915300	state_signature	low		human	RPE	2022	Plasmid-mediated gene transfer of Cas9 induces vector-related but not SpCas9-related immune responses in human retinal pigment epithelial cells.
33077798	disease_mechanism_background	low		human	RPE	2020	Cysteinyl leukotriene receptor 1 modulates autophagic activity in retinal pigment epithelial cells.
31988387	state_signature	low		human	RPE	2020	Annexin A8 regulates Wnt signaling to maintain the phenotypic plasticity of retinal pigment epithelial cells.
32366945	disease_mechanism_background	low		human	RPE	2020	Invasion of Human Retinal Pigment Epithelial Cells by Porphyromonas gingivalis leading to Vacuolar/Cytosolic localization and Autophagy dysfunction In-Vitro.
32483256	state_signature	low		human	RPE	2020	Lentiviral mediated RPE65 gene transfer in healthy hiPSCs-derived retinal pigment epithelial cells markedly increased RPE65 mRNA, but modestly protein level.
34239032	state_signature	low		human	RPE	2021	FHL-1 interacts with human RPE cells through the α5β1 integrin and confers protection against oxidative stress.
32587311	disease_mechanism_background	low		human	RPE	2020	Loss of Complement Factor H impairs antioxidant capacity and energy metabolism of human RPE cells.
32044724	state_signature	low		human	RPE	2020	LINC00167 Regulates RPE Differentiation by Targeting the miR-203a-3p/SOCS3 Axis.
35327471	state_signature	low		human	RPE	2022	Subretinal Implantation of Human Primary RPE Cells Cultured on Nanofibrous Membranes in Minipigs.
40466971	state_signature	low		human	RPE	2025	IRE1α-mediated endoplasmic reticulum stress response regulates oxidative damage in CYP4V2 deficient human retinal pigment epithelial cells.
35330501	state_signature	low		human	RPE	2022	Human iPSC-Derived Retinal Organoids and Retinal Pigment Epithelium for Novel Intronic <i>RPGR</i> Variant Assessment for Therapy Suitability.
37529008	state_signature	low		human	RPE	2023	Hydrogen peroxide-induced oxidative damage and protective role of peroxiredoxin 6 protein via EGFR/ERK signaling pathway in RPE cells.
36738354	state_signature	low		human	RPE	2023	SARS-COV-2 spike protein promotes RPE cell senescence via the ROS/P53/P21 pathway.
32815311	disease_mechanism_background	low		human	RPE	2020	Complement modulation reverses pathology in Y402H-retinal pigment epithelium cell model of age-related macular degeneration by restoring lysosomal function.
39753135	disease_mechanism_background	low		human	RPE	2025	Non-canonical roles of CFH in retinal pigment epithelial cells revealed by dysfunctional rare CFH variants.
35021041	state_signature	med		human	RPE	2022	In vitro disease modeling of oculocutaneous albinism type 1 and 2 using human induced pluripotent stem cell-derived retinal pigment epithelium.
35120620	state_signature	low		human	RPE	2022	Survival of an HLA-mismatched, bioengineered RPE implant in dry age-related macular degeneration.
33242397	disease_mechanism_background	low		human	RPE	2020	A Human Retinal Pigment Epithelium-Based Screening Platform Reveals Inducers of Photoreceptor Outer Segments Phagocytosis.
32197113	disease_mechanism_background	low		human	RPE	2020	Generation of Retinal Pigment Epithelial Cells Derived from Human Embryonic Stem Cells Lacking Human Leukocyte Antigen Class I and II.
32160519	state_signature	med		human	RPE	2020	MERTK-Dependent Ensheathment of Photoreceptor Outer Segments by Human Pluripotent Stem Cell-Derived Retinal Pigment Epithelium.
32243845	disease_cell_composition	high		human	RPE	2020	Epigenomic and Transcriptomic Changes During Human RPE EMT in a Stem Cell Model of Epiretinal Membrane Pathogenesis and Prevention by Nicotinamide.
36092714	method_reference	high		human	RPE	2022	Transcriptional comparison of adult human primary Retinal Pigment Epithelium, human pluripotent stem cell-derived Retinal Pigment Epithelium, and ARPE19 cells.
38393691	state_signature	low		human	RPE	2024	Protective effects of triptolide against oxidative stress in retinal pigment epithelium cells via the PI3K/AKT/Nrf2 pathway: a network pharmacological method and experimental validation.
34919533	state_signature	low		human	RPE	2021	Chronobiological activity of cysteinyl leukotriene receptor 1 during basal and induced autophagy in the ARPE-19 retinal pigment epithelial cell line.
38229139	state_signature	low		human	RPE	2024	Tissue engineering RPE sheet derived from hiPSC-RPE cell spheroids supplemented with Y-27632 and RepSox.
37137441	disease_mechanism_background	low		human	RPE	2023	Crosstalk of protein clearance, inflammasome, and Ca<sup>2+</sup> channels in retinal pigment epithelium derived from age-related macular degeneration patients.
35868562	state_signature	low		human	RPE	2022	Vitamin B3, nicotinamide, enhances mitochondrial metabolism to promote differentiation of the retinal pigment epithelium.
39281021	state_signature	med		human	RPE	2024	Dynamics of microRNA secreted via extracellular vesicles during the maturation of embryonic stem cell-derived retinal pigment epithelium.
32022439	state_signature	low		human	RPE	2020	KRT8 phosphorylation regulates the epithelial-mesenchymal transition in retinal pigment epithelial cells through autophagy modulation.
32638535	disease_mechanism_background	low		human	RPE	2020	MeCP2-421-mediated RPE epithelial-mesenchymal transition and its relevance to the pathogenesis of proliferative vitreoretinopathy.
42695327	state_signature	low		human	RPE	2026	Syntaxin-3 Regulates Tight Junction Assembly in Human Retinal Pigment Epithelium.
36680182	state_signature	low		human	RPE	2023	Differential Susceptibility of Fetal Retinal Pigment Epithelial Cells, hiPSC- Retinal Stem Cells, and Retinal Organoids to Zika Virus Infection.
40151609	state_signature	low		human	RPE	2025	Protective effects of carotenoids against blue light induced-cellular damage in human retinal pigment epithelium.
38190398	method_reference	low		human	RPE	2024	Reusable rule-based cell cycle model explains compartment-resolved dynamics of 16 observables in RPE-1 cells.
34764853	state_signature	med		human	RPE	2021	Co-grafts of Human Embryonic Stem Cell Derived Retina Organoids and Retinal Pigment Epithelium for Retinal Reconstruction in Immunodeficient Retinal Degenerate Royal College of Surgeons Rats.
33994920	state_signature	low		human	RPE	2021	Mutant PRPF8 Causes Widespread Splicing Changes in Spliceosome Components in Retinitis Pigmentosa Patient iPSC-Derived RPE Cells.
41929533	disease_mechanism_background	low		human	RPE	2026	Maresin 1 activates autophagy through SIRT1/PPAR-γ signaling to mitigate high glucose-induced pyroptosis in human retinal pigment epithelial cells.
32104303	disease_mechanism_background	low		human	RPE	2020	Gremlin mediates the TGF-β-induced induction of profibrogenic genes in human retinal pigment epithelial cells.
37094835	method_reference	high		human	RPE	2024	Deep-learning automated quantification of longitudinal OCT scans demonstrates reduced RPE loss rate, preservation of intact macular area and predictive value of isolated photoreceptor degeneration in geographic atrophy patients receiving C3 inhibition treatment.
41364556	method_reference	high		human	RPE	2025	Protocol for the differentiation of induced pluripotent stem cells into retinal pigment epithelial cells.
40317724	method_reference	high		human	RPE	2025	Protocol for immunofluorescence characterization of drusen in induced pluripotent stem cell-derived retinal pigment epithelium cultures.
36386870	method_reference	high		human	RPE	2022	An improved protocol for generation and characterization of human-induced pluripotent stem cell-derived retinal pigment epithelium cells.
37507467	disease_cell_composition	high		human	RPE	2024	Elemental mass spectrometry to study metallo-transcriptomic changes during the in vitro degeneration of the retinal pigment epithelium.
38586992	state_signature	low		human	RPE	2024	Activation of Heme Oxygenase-1 by Mangiferin in Human Retinal Pigment Epithelial Cells Contributes to Blocking Oxidative Damage.
34974542	disease_mechanism_background	low		human	RPE	2022	Renormalization of metabolic coupling treats age-related degenerative disorders: an oxidative RPE niche fuels the more glycolytic photoreceptors.
41848364	disease_mechanism_background	low		human	RPE	2026	Targeted Ferroptosis Improves RPE Phagocytosis via MERTK/NFE2L2/HMOX1 Axis to Alleviate Retinitis Pigmentosa.
39641748	state_signature	low		human	RPE,choroid	2024	Elevation of Granulocyte Colony Stimulating Factor in Human AMD Donor RPE-Choroid.
41288322	disease_mechanism_background	low		human	RPE	2025	RPGRORF15 Mutations Disrupt Lysosomal Lipid Metabolism in Retinal Pigment Epithelium Cells and Cause Retinitis Pigmentosa.
40728360	state_signature	low		human	RPE	2025	Complement C3 Activation in the Human Retinal Pigment Epithelium.
40498044	composition_baseline	med		human	RPE	2025	Characterization of Bruch's Membrane Formation in Human Fetal Retina and De Novo Membrane Synthesis by hPSC-Derived Retinal Pigment Epithelium.
41533919	disease_mechanism_background	low		human	RPE	2026	PRPF8 Mutation-Induced Defects in Human iPSC-Derived RPE Are Rescued by Adenine Base Editing.
39841110	state_signature	low		human	RPE	2025	DNA-Dependent Protein Kinase Catalytic Subunit Prevents Ferroptosis in Retinal Pigment Epithelial Cells.
39226050	disease_mechanism_background	low		human	RPE	2024	Knockdown of HSPA13 Inhibits TGFβ1-Induced Epithelial-Mesenchymal Transition of RPE by Suppressing the PI3K/Akt Signaling Pathway.
37548963	state_signature	low		human	RPE	2023	Impaired Lysosome Reformation in Chloroquine-Treated Retinal Pigment Epithelial Cells.
39283617	disease_mechanism_background	low		human	RPE	2024	iPSC-Derived LCHADD Retinal Pigment Epithelial Cells Are Susceptible to Lipid Peroxidation and Rescued by Transfection of a Wildtype AAV-HADHA Vector.
41631752	state_signature	med		human	RPE	2026	CR2-fH, A Targeted Inhibitor of Alternative Complement Pathway Reduces Dry AMD-Like Phenotype in AMD Patient iPSC-derived RPE Cells.
36413373	disease_mechanism_background	med		human	RPE	2022	Protrusion of KCNJ13 Gene Knockout Retinal Pigment Epithelium Due to Oxidative Stress-Induced Cell Death.
38315495	state_signature	low		human	RPE	2024	m6A-Mediated Upregulation of Imprinted in Prader-Willi Syndrome Induces Aberrant Apical-Basal Polarization and Oxidative Damage in RPE Cells.
34448806	state_signature	low		human	RPE	2021	Hyperreflective Foci, Optical Coherence Tomography Progression Indicators in Age-Related Macular Degeneration, Include Transdifferentiated Retinal Pigment Epithelium.
33151282	state_signature	low		human	RPE	2020	Partially Differentiated Neuroretinal Cells Promote Maturation of the Retinal Pigment Epithelium.
34313720	state_signature	low		human	RPE	2021	Formation of Lipofuscin-Like Autofluorescent Granules in the Retinal Pigment Epithelium Requires Lysosome Dysfunction.
33599733	disease_mechanism_background	low		human	RPE	2021	Hypoxia Induces Galectin-1 Expression Via Autoinduction of Placental Growth Factor in Retinal Pigment Epithelium Cells.
33591357	state_signature	low		human	RPE	2021	Knockdown of Claudin-19 in the Retinal Pigment Epithelium Is Accompanied by Slowed Phagocytosis and Increased Expression of SQSTM1.
39297806	state_signature	low		human	RPE	2024	Blue Light-Induced Accelerated Formation of Melanolipofuscin-Like Organelles in Japanese Quail RPE Cells: An Electron Microscopic Study.
34491262	disease_mechanism_background	low		human	RPE	2021	Progressive Dysmorphia of Retinal Pigment Epithelium in Age-Related Macular Degeneration Investigated by Fluorescence Lifetime Imaging.
32031576	method_reference	low		human	RPE	2020	Vitamin-D3 (α-1, 25(OH) 2D3) Protects Retinal Pigment Epithelium From Hyperoxic Insults.
32421148	state_signature	low		human	RPE	2020	Small Molecules Restore Bestrophin 1 Expression and Function of Both Dominant and Recessive Bestrophinopathies in Patient-Derived Retinal Pigment Epithelium.
33792620	composition_baseline	high		human	RPE	2021	Transcriptome Landscape of Epithelial to Mesenchymal Transition of Human Stem Cell-Derived RPE.
32437550	state_signature	low		human	RPE	2020	KCNJ13 Gene Deletion Impairs Cell Alignment and Phagocytosis in Retinal Pigment Epithelium Derived from Human-Induced Pluripotent Stem Cells.
37163276	state_signature	low		human	RPE	2023	Spatiotemporal Coordination of RPE Cell Quality by Extracellular Vesicle miR-494-3p Via Competitive Interplays With SIRT3 or PTEN.
39533430	disease_mechanism_background	low		human	choroid	2024	Targeting glutamine synthetase with AS1411-modified exosome-liposome hybrid nanoparticles for inhibition of choroidal neovascularization.
35027063	method_reference	low		human	choroid	2022	Immune response and pathogen invasion at the choroid plexus in the onset of cerebral toxoplasmosis.
38115754	state_signature	low		human	choroid	2024	Human Pluripotent Stem Cells Derived Endothelial Cells Repair Choroidal Ischemia.
41117141	disease_mechanism_background	low		human	choroid	2026	Continuous Suppression of Pathological Retinal and Choroidal Neovascularization in Cynomolgus Monkeys via Noninvasive Ophthalmic Delivery of a Novel Anti-VEGFA Nanobody and Proprietary Penetratin Analog Formulation.
36653340	disease_mechanism_background	low		human	choroid	2023	HDAC7/c-Myc signaling pathway promotes the proliferation and metastasis of choroidal melanoma cells.
34983929	state_signature	low		human	choroid	2022	Widespread choroid plexus contamination in sampling and profiling of brain tissue.
35561216	disease_mechanism_background	low		human	choroid	2022	Mast cell infiltration of the choroid and protease release are early events in age-related macular degeneration associated with genetic risk at both chromosomes 1q32 and 10q26.
37914992	disease_mechanism_background	low		human	choroid	2023	5α-Hydroxycostic acid inhibits choroidal neovascularization in rats through a dual signalling pathway mediated by VEGF and angiopoietin 2.
37355654	disease_mechanism_background	low		human	choroid	2023	Targeting choroidal vasculopathy via up-regulation of tRNA-derived fragment tRF-22 expression for controlling progression of myopia.
32967716	state_signature	med		human	choroid	2020	Stepwise differentiation and functional characterization of human induced pluripotent stem cell-derived choroidal endothelial cells.
33876574	state_signature	low		human	choroid	2021	Myeloid-resident neuropilin-1 promotes choroidal neovascularization while mitigating inflammation.
34608867	disease_mechanism_background	low		human	choroid	2021	Visually induced changes in cytokine production in the chick choroid.
40868995	disease_mechanism_background	low		human	choroid	2025	Antiangiogenic Activity of 6-O-Desulfated Modified Heparin: Suppression of Choroidal Neovascularization.
35682601	state_signature	med		human	choroid	2022	The Expression of Connexin 37, 40, 43, 45 and Pannexin 1 in the Early Human Retina and Choroid Development and Tumorigenesis.
37508566	disease_mechanism_background	low		human	choroid	2023	FITC-Labeled RGD Peptides as Novel Contrast Agents for Functional Fluorescent Angiographic Detection of Retinal and Choroidal Neovascularization.
35326420	disease_mechanism_background	low		human	choroid	2022	Fingolimod (FTY720), a Sphinogosine-1-Phosphate Receptor Agonist, Mitigates Choroidal Endothelial Proangiogenic Properties and Choroidal Neovascularization.
33804633	disease_mechanism_background	low		human	choroid	2021	Cell-Matrix Interactions in the Eye: From Cornea to Choroid.
35027657	method_reference	high		human	choroid	2022	Human immunocompetent choroid-on-chip: a novel tool for studying ocular effects of biological drugs.
41643211	disease_mechanism_background	low		human	choroid	2026	An Eye-Opening Approach: Cancer of Unknown Primary Source With Choroidal Metastasis Case Report.
35164755	state_signature	low		human	choroid	2022	Hyaluronidase-1-mediated glycocalyx impairment underlies endothelial abnormalities in polypoidal choroidal vasculopathy.
34546342	state_signature	low		human	choroid	2022	The Cortisol Response of Male and Female Choroidal Endothelial Cells: Implications for Central Serous Chorioretinopathy.
34922346	state_signature	low		human	choroid	2022	Response to Letter to the Editor From Behar-Cohen et al.: The Cortisol Response of Male and Female Choroidal Endothelial Cells: Implications for Central Serous Chorioretinopathy.
41008864	disease_mechanism_background	low		human	choroid	2025	How Many Patients with Choroidal Melanoma Would Be Eligible for Neoadjuvant Systemic Therapy to Enable Ruthenium-106 Brachytherapy?
40563706	disease_mechanism_background	low		human	choroid	2025	Prognostic Biopsy of Choroidal Melanoma Before and After Ruthenium-106 Plaque Brachytherapy: Impact on Success of Cytogenetic Analysis.
41374987	disease_mechanism_background	low		human	choroid	2025	Linking Megalin, Cubilin, Caveolin-1, GIPC1 and Dab2IP Expression to Ocular Tumorigenesis: Profiles in Retinoblastoma, Choroidal Melanoma, and the Normal Human Eye.
38672688	disease_mechanism_background	low		human	choroid	2024	Deferral of Treatment for Small Choroidal Melanoma and the Risk of Metastasis: An Investigation Using the Liverpool Uveal Melanoma Prognosticator Online (LUMPO).
35406581	disease_mechanism_background	low		human	choroid	2022	Fundus Autofluorescence Imaging in Patients with Choroidal Melanoma.
38630320	disease_mechanism_background	low		human	choroid	2024	Artesunate attenuates the tumorigenesis of choroidal melanoma via inhibiting EFNA3 through Stat3/Akt signaling pathway.
36199690	disease_mechanism_background	low		human	choroid	2022	Metabolomics study of treatment response to conbercept of patients with neovascular age-related macular degeneration and polypoidal choroidal vasculopathy.
39384883	disease_mechanism_background	low		human	choroid	2024	Genome-wide association study of subfoveal choroidal thickness in a longitudinal cohort of older adults.
39227639	state_signature	med		human	choroid	2024	VEGFA may be a potential marker of myopic choroidal thickness and vascular density changes.
37369771	disease_mechanism_background	low		human	choroid	2023	A novel retinoic acid drug, EYE-502, inhibits choroidal neovascularization by targeting endothelial cells and pericytes.
36891459	disease_mechanism_background	med		human	choroid	2023	EFEMP1 is a potential biomarker of choroid thickness change in myopia.
34395527	state_signature	low		human	choroid	2021	Molecular and Cellular Studies Reveal Folding Defects of Human Ornithine Aminotransferase Variants Associated With Gyrate Atrophy of the Choroid and Retina.
42509588	state_signature	low		human	choroid	2026	Developmentally Regulated Expression and Activity of Sulphotransferases in the Rat Choroid Plexuses.
32522791	disease_mechanism_background	low		human	choroid	2021	Nuclear expression of BAP-1 in transvitreal incisional biopsies and subsequent enucleation of eyes with posterior choroidal melanoma.
33272243	disease_mechanism_background	low		human	choroid	2020	Epidermal growth factor receptor-mutant non-small cell lung Cancer and Choroidal metastases: long-term outcome and response to epidermal growth factor receptor tyrosine kinase inhibitors.
35181781	state_signature	low		human	choroid	2022	Choroidal endothelial and macrophage gene expression in atrophic and neovascular macular degeneration.
33536932	state_signature	low		human	choroid	2020	Effects of Simulated Microgravity on Ultrastructure and Apoptosis of Choroidal Vascular Endothelial Cells.
41805150	disease_mechanism_background	low		human	choroid	2026	Choroidal Vascular Findings in a Case of Multifocal Geographic Atrophy: A Clinicopathologic Correlation.
39908131	disease_mechanism_background	low		human	choroid	2025	Retinal and Choriocapillaris Thickness Changes in Spontaneously Diabetic Macaques.
37126359	disease_mechanism_background	low		human	choroid	2023	IMI-The Dynamic Choroid: New Insights, Challenges, and Potential Significance for Human Myopia.
38958971	state_signature	low		human	choroid	2024	Differential Expression of Sex-Steroid Receptors in the Choroid Aligns With Central Serous Chorioretinopathy Sex Prevalence Across Different Ages.
39620831	disease_mechanism_background	low		human	choroid	2024	The Umbra and the Penumbra: Longitudinal Effects of Geographic Atrophy in AMD on the Outer Choroid by Imaging Analysis and Histopathological Correlation.
36719700	state_signature	low		human	choroid	2023	MicroRNA-376b-3p Suppresses Choroidal Neovascularization by Regulating Glutaminolysis in Endothelial Cells.
37504962	state_signature	med		human	choroid	2023	Molecular, Cellular, and Functional Heterogeneity of Retinal and Choroidal Endothelial Cells.
33729474	state_signature	low		human	choroid	2021	Choroidal and Retinal Changes After Systemic Adrenaline and Photodynamic Therapy in Non-Human Primates.
32334433	disease_mechanism_background	low		human	choroid	2020	Parsimonious Models for Predicting Mortality from Choroidal Melanoma.
32692840	state_signature	low		human	choroid	2020	Retinal Glial and Choroidal Vascular Pathology in Donors Clinically Diagnosed With Stargardt Disease.
39151779	state_signature	low		human	choroid	2024	Melanopsin in the human and chicken choroid.
35311929	state_signature	low		human	choroid	2022	Characterization of Choriocapillaris and Choroidal Abnormalities in Alport Syndrome.
38513000	state_signature	low		human	choroid	2024	The vascular geometry of the choriocapillaris is associated with spatially heterogeneous molecular exchange with the outer retina.
38995681	state_signature	low		human	choroid	2024	SARS-CoV-2 infects neurons, astrocytes, choroid plexus epithelial cells and pericytes of the human central nervous system &lt;i&gt;in vitro&lt;/i&gt;.
34071184	disease_mechanism_background	low		human	choroid	2021	A Pulmonary Pleomorphic Carcinoma Patient with Exudative Retinal Detachment Secondary to Choroid Metastasis as Initial Presentation-A Case Report.
36421348	disease_mechanism_background	low		human	choroid	2022	Value of Combined Diagnosis for Choroidal Lymphoma: A Case Report.
42226771	disease_mechanism_background	med		human	choroid	2026	IL-8 is a potential biomarker for retinal detachment secondary to choroidal melanoma.
33513185	disease_mechanism_background	low		human	choroid	2021	Low frequency mitochondrial DNA heteroplasmy SNPs in blood, retina, and [RPE+choroid] of age-related macular degeneration subjects.
37104301	method_reference	low		human	choroid	2023	Peripapillary choroidal microvasculature dropout is associated with poor prognosis in optic neuritis.
31910216	disease_mechanism_background	low		human	choroid	2020	Relationship between diabetic macular edema and choroidal layer thickness.
33575527	disease_mechanism_background	low		human	choroid	2020	Iris extramedullary hematopoiesis in choroidal melanoma.
37910617	disease_mechanism_background	low		mouse	choroid	2023	An immunotherapeutic artificial vitreous body hydrogel to control choroidal melanoma and preserve vision after vitrectomy.
42152120	state_signature	low		mouse	choroid	2026	Tissue-resident macrophages maintain choroidal homeostasis by complement dependent and independent mechanisms.
40055675	state_signature	med		mouse	choroid	2025	The role of myeloid cell heterogeneity during spontaneous choroidal neovascularization in Vldlr knockout mice.
40684170	disease_mechanism_background	low		mouse	choroid	2025	Sex differences on laser-induced choroidal neovascularization and short-chain fatty acid treatment in a mouse model.
34304733	disease_mechanism_background	low		mouse	choroid	2021	Progranulin deficiency in Iba-1<sup>+</sup> myeloid cells exacerbates choroidal neovascularization by perturbation of lysosomal function and abnormal inflammation.
32196081	state_signature	low		mouse	choroid	2020	Single-cell profiling reveals an endothelium-mediated immunomodulatory pathway in the eye choroid.
41049616	disease_mechanism_background	low		mouse	choroid	2025	Lactylation-Boosted m&lt;sup&gt;5&lt;/sup&gt;C RNA Modification Drives Choroidal Neovascularization.
38524531	disease_mechanism_background	low		mouse	choroid	2024	Tocilizumab attenuates choroidal neovascularization by regulating macrophage polarization through the IL-6R/STAT3/VEGF pathway.
42579492	state_signature	low		mouse	choroid	2026	AAV-NRF2 protects retinal and choroidal vasculature in a GDF15-dependent manner in an oxidative damage model of AMD.
39514305	state_signature	low		mouse	choroid	2024	Light-sensitive Ca&lt;sup&gt;2+&lt;/sup&gt; signaling in the mammalian choroid.
39316206	disease_mechanism_background	low		mouse	choroid	2024	Inflammasome activation aggravates choroidal neovascularization.
41432545	state_signature	low		mouse	choroid	2025	Vascular endothelial-specific loss of TGF-beta signaling as a model for choroidal neovascularization and central nervous system vascular inflammation.
33305736	disease_mechanism_background	low		mouse	choroid	2020	Distinct effects of complement and of NLRP3- and non-NLRP3 inflammasomes for choroidal neovascularization.
36077073	disease_cell_composition	high		mouse	choroid	2022	Absence of Gut Microbiota Is Associated with RPE/Choroid Transcriptomic Changes Related to Age-Related Macular Degeneration Pathobiology and Decreased Choroidal Neovascularization.
40141227	state_signature	med		mouse	choroid	2025	The Role of the Mitogen-Activated Protein Kinase Pathway in the Development of Laser-Induced Choroidal Neovascularization.
39518910	disease_mechanism_background	med		mouse	choroid	2024	Intravitreal Metformin Protects Against Choroidal Neovascularization and Light-Induced Retinal Degeneration.
36142120	disease_mechanism_background	low		mouse	choroid	2022	<i>HTRA1</i> Regulates Subclinical Inflammation and Activates Proangiogenic Response in the Retina and Choroid.
37445820	state_signature	low		mouse	choroid	2023	3K3A-Activated Protein C Inhibits Choroidal Neovascularization Growth and Leakage and Reduces NLRP3 Inflammasome, IL-1β, and Inflammatory Cell Accumulation in the Retina.
34769482	disease_mechanism_background	med		mouse	choroid	2021	The Anti-Inflammatory Effect of Hydrogen Gas Inhalation and Its Influence on Laser-Induced Choroidal Neovascularization in a Mouse Model of Neovascular Age-Related Macular Degeneration.
32245120	disease_mechanism_background	low		mouse	choroid	2020	Alpha-Smooth Muscle Actin-Positive Perivascular Cells in Diabetic Retina and Choroid.
40358170	state_signature	low		mouse	choroid	2025	Isolation and Characterization of Mouse Choroidal Melanocytes and Their Proinflammatory Characteristics.
36010651	state_signature	low		mouse	choroid	2022	Intraocular RGD-Engineered Exosomes and Active Targeting of Choroidal Neovascularization (CNV).
41399432	state_signature	low		mouse	choroid	2025	Safety and efficacy of AAV8-aflibercept in treating choroidal neovascularization via single-cell RNA sequencing.
41425305	state_signature	low		mouse	choroid	2025	Nanobody-based gene therapy targeting complement component C3 reduces choroidal neovascularization in mice.
33652861	state_signature	low		mouse	choroid	2021	Activated Protein C (APC) and 3K3A-APC-Induced Regression of Choroidal Neovascularization (CNV) Is Accompanied by Vascular Endothelial Growth Factor (VEGF) Reduction.
41438708	disease_mechanism_background	low		mouse	choroid	2025	Sustained suppression of choroidal neovascularization by intraocularly stable tetrahedral network encapsulated miR-22-3p.
32323767	state_signature	low		mouse	choroid	2020	Pirfenidone ameliorates the formation of choroidal neovascularization in mice.
42433372	disease_mechanism_background	low		mouse	choroid	2026	Endothelial TGFβ signaling modulates choroidal neovascularization severity via myeloid-endothelial cell interaction.
37025993	state_signature	low		mouse	choroid	2023	Proteotranscriptomic analyses reveal distinct interferon-beta signaling pathways and therapeutic targets in choroidal neovascularization.
31973769	state_signature	low		mouse	choroid	2020	N-acetylcysteine inhibits bacterial lipopeptide-mediated neutrophil transmigration through the choroid plexus in the developing brain.
35250585	disease_mechanism_background	med		mouse	choroid	2022	Dihydroartemisinin Inhibits Laser-Induced Choroidal Neovascularization in a Mouse Model of Neovascular AMD.
39521855	disease_mechanism_background	low		mouse	choroid	2024	The perspective of ceRNA regulation of circadian rhythm on choroidal neovascularization.
37072549	state_signature	low		mouse	choroid	2023	Micro-abnormalities in the retina and choroid induced by anti-CTLA4 treatment.
34117330	state_signature	low		mouse	choroid	2021	Expression of purinergic receptors on microglia in the animal model of choroidal neovascularisation.
34446787	state_signature	low		mouse	choroid	2021	Dendritic cells play no significant role in the laser-induced choroidal neovascularization model.
37760886	disease_mechanism_background	med		mouse	choroid	2023	Neovascular Progression and Retinal Dysfunction in the Laser-Induced Choroidal Neovascularization Mouse Model.
37509549	disease_mechanism_background	low		mouse	choroid	2023	Anti-Scg3 Gene Therapy to Treat Choroidal Neovascularization in Mice.
35830274	state_signature	low		mouse	choroid	2022	Suppression of myeloid PFKFB3-driven glycolysis protects mice from choroidal neovascularization.
42111215	state_signature	med		mouse	choroid	2026	The choroidal macrophage polarization significantly influences myopia development in murine models.
35379313	state_signature	low		mouse	choroid	2022	Olfactory receptor 78 is expressed in hypothalamic vasopressin/oxytocin neurons, parenchymal microglia and choroidal macrophages in mice.
34659513	state_signature	low		mouse	choroid	2021	Receptor-selective interleukin-4 mutein attenuates laser-induced choroidal neovascularization through the regulation of macrophage polarization in mice.
40946306	method_reference	high		mouse	choroid	2025	Protocol for generation of immortalized retinal, choroid, and brain endothelial cell lines.
34585146	disease_mechanism_background	low		mouse	choroid	2021	Protocols for endothelial cell isolation from mouse tissues: brain, choroid, lung, and muscle.
41533899	state_signature	low		mouse	choroid	2026	Inhibition of Pathological Mitochondrial Fission in Retinal Pigment Epithelium Mitigates Choroidal Neovascularization.
40434345	state_signature	low		mouse	choroid	2025	Adrb2 Expression in Ocular-Infiltrating Macrophages Is Necessary for Interleukin-6 Expression and Choroidal Neovascularization.
41533907	disease_mechanism_background	low		mouse	choroid	2026	Levodopa Suppresses Choroidal Neovascularization Through a Tyrosinase-Dependent Dual Mechanism.
41222199	state_signature	med		mouse	choroid	2025	Choroidal Mast Cells and Their Degranulation Are a Pivotal Trigger for Myopia Development.
40332908	disease_mechanism_background	low		mouse	choroid	2025	Glucagon-Like Peptide 1 Receptor Agonist Stimulation Inhibits Laser-Induced Choroidal Neovascularization by Suppressing Intraocular Inflammation.
38345554	state_signature	low		mouse	choroid	2024	5-Aza-2'-Deoxycytidine Ameliorates Choroidal Neovascularization by Inhibiting the Wnt/β-Catenin Signaling Pathway.
40227177	state_signature	low		mouse	choroid	2025	A Narrowband 635 nm Autofluorescence Peak in Albino Mouse Eyes Found With Multi-Modal Imaging Reveals the Presence of Protoporphyrin IX in the Choroid.
32460310	state_signature	low		mouse	choroid	2020	Voluntary Exercise Suppresses Choroidal Neovascularization in Mice.
38967942	disease_mechanism_background	low		mouse	choroid	2024	PlGF and VEGF-A/PlGF Heterodimer are Crucial for Recruitment and Activation of Immune Cells During Choroid Neovascularization.
37578424	state_signature	low		mouse	choroid	2023	Therapeutic Benefit of Melatonin in Choroidal Neovascularization During Aging Through the Regulation of Senescent Macrophage/Microglia Polarization.
32749462	disease_mechanism_background	low		mouse	choroid	2020	A Clinical Metabolite of Azidothymidine Inhibits Experimental Choroidal Neovascularization and Retinal Pigmented Epithelium Degeneration.
36836210	state_signature	low		mouse	choroid	2023	Liver X Receptor Agonist Inhibits Oxidized Low-Density Lipoprotein Induced Choroidal Neovascularization via the NF-κB Signaling Pathway.
37330004	state_signature	low		mouse	choroid	2023	Role of HIF1α and HIF2α in Cre Recombinase-Induced Retinal Pigment Epithelium Pathology and Its Secondary Effect on Choroidal Neovascularization.
41677389	disease_mechanism_background	low		mouse	choroid	2026	A Highly Active Angiopoietin 1 Mimetic Potentiates Angiogenesis in Mouse Models of Choroidal Neovascularization.
42466938	state_signature	low		mouse	choroid	2026	Identification and Mapping of a Posterior Ocular Lymphatic Outflow (POLO) Pathway Through Choroidal Lymphatics.
37043336	method_reference	low		mouse	choroid	2023	Fiji-Assisted Automatic Quantitative Volumetric Analysis of Choroidal Neovascularization in a Laser-Induced Choroidal Neovascularization Mouse Model.
32818091	disease_mechanism_background	low		mouse	choroid	2020	A Two-Stage Laser-Induced Mouse Model of Subretinal Fibrosis Secondary to Choroidal Neovascularization.
32704424	disease_mechanism_background	low		mouse	choroid	2020	VEGFR1-Targeted Contrast-Enhanced Ultrasound Imaging Quantification of Vasculogenic Mimicry Microcirculation in a Mouse Model of Choroidal Melanoma.
32509436	method_reference	high		mouse	choroid	2020	Visualization of Mouse Choroidal and Retinal Vasculature Using Fluorescent Tomato Lectin Perfusion.
36643635	disease_mechanism_background	low		mouse	choroid	2023	Pemafibrate prevents choroidal neovascularization in a mouse model of neovascular age-related macular degeneration.
40716081	state_signature	low		mouse	choroid	2025	TREM2-Mediated Myeloid Cells Protect Against Pathological Choroidal Neovascularization.
42360388	state_signature	low		mouse	choroid	2026	Deletion of CEACAM1 does not affect retinal and choroidal morphology or transcriptome.
33507997	disease_mechanism_background	low		mouse	choroid	2021	Choroidal congestion mouse model: Could it serve as a pachychoroid model?
35696413	disease_mechanism_background	low		mouse	choroid	2022	Suppression of choroidal neovascularization and epithelial-mesenchymal transition in retinal pigmented epithelium by adeno-associated virus-mediated overexpression of CCN5 in mice.
42373614	disease_mechanism_background	low		both	choroid	2026	Tetrahedral DNA nano-PROTACs enable enhanced ocular penetration and efficient nucleolin degradation for choroidal neovascularization therapy.
37253747	state_signature	low		both	choroid	2023	Antibody blockade of Jagged1 attenuates choroidal neovascularization.
32194869	state_signature	med		both	choroid	2020	Circular RNA-ZBTB44 regulates the development of choroidal neovascularization.
41316357	disease_mechanism_background	low		both	choroid	2025	Novel MAFG-METTL14-SCD1 axis regulates lipid metabolism mediating choroidal melanoma distant metastasis.
40644543	method_reference	low		both	choroid	2025	Dynamically covalent lipid nanoparticles mediate CRISPR-Cas9 genome editing against choroidal neovascularization in mice.
38232696	disease_mechanism_background	med		both	choroid	2024	Targeting cell-type-specific, choroid-peripheral immune signaling to treat age-related macular degeneration.
37682293	state_signature	low		both	choroid	2023	The choroidal nervous system: a link between mineralocorticoid receptor and pachychoroid.
35310341	method_reference	high		both	choroid	2022	Tetrahedral framework nucleic acids-based delivery of microRNA-155 inhibits choroidal neovascularization by regulating the polarization of macrophages.
42063159	state_signature	low		both	choroid	2026	MSC-EVs attenuate subretinal fibrosis in choroidal neovascularization through miR-21-5p-mediated inhibition of EMT and MMT and suppression of inflammation.
33187533	state_signature	med		both	choroid	2020	Ocular macrophage origin and heterogeneity during steady state and experimental choroidal neovascularization.
38007487	disease_mechanism_background	low		both	choroid	2023	Protective role of IL-17-producing γδ T cells in a laser-induced choroidal neovascularization mouse model.
39354493	disease_mechanism_background	low		both	choroid	2024	Mast cells promote choroidal neovascularization in a model of age-related macular degeneration.
39012703	disease_mechanism_background	low		both	choroid	2024	DRD2 activation inhibits choroidal neovascularization in patients with Parkinson's disease and age-related macular degeneration.
34688035	state_signature	med		both	choroid	2021	Myeloid lineage contributes to pathological choroidal neovascularization formation via SOCS3.
38187905	disease_mechanism_background	low		both	choroid	2024	Topical Application of Cell-Penetrating Peptide Modified Anti-VEGF Drug Alleviated Choroidal Neovascularization in Mice.
40395179	disease_mechanism_background	low		both	choroid	2025	Immune Checkpoint PD-L1 Modulates Retinal Microglial Activation to Alleviate Vascular Leakage in Choroidal Neovascularization via ERK.
39206706	state_signature	low		both	choroid	2024	Light-Activated Anti-Vascular Combination Therapy against Choroidal Neovascularization.
41760600	disease_mechanism_background	med		both	choroid	2026	STING activation induces polarized cytokine secretion of IFN-β and IL-17A promoting photoreceptor death and choroidal disruption in age-related macular degeneration.
37914688	disease_mechanism_background	low		both	choroid	2023	Prph2 knock-in mice recapitulate human central areolar choroidal dystrophy retinal degeneration and exhibit aberrant synaptic remodeling and microglial activation.
33247124	disease_mechanism_background	low		both	choroid	2020	Fruquintinib inhibits VEGF/VEGFR2 axis of choroidal endothelial cells and M1-type macrophages to protect against mouse laser-induced choroidal neovascularization.
37810031	state_signature	med		both	choroid	2023	LncRNA MALAT1 knockdown inhibits the development of choroidal neovascularization.
37107259	disease_mechanism_background	low		both	choroid	2023	Matrix Metalloproteinase 13 Is Associated with Age-Related Choroidal Neovascularization.
39835893	disease_mechanism_background	low		both	choroid	2025	Adenosine diphosphate stimulates VEGF-independent choroidal endothelial cell proliferation: A potential escape from anti-VEGF therapy.
42584788	state_signature	low		both	choroid	2026	Lysosomal channel TPC2 modulates microglia-endothelial signaling in choroidal angiogenesis.
38498232	disease_mechanism_background	low		both	choroid	2024	Granzyme B degrades extracellular matrix and promotes inflammation and choroidal neovascularization.
34452268	disease_mechanism_background	low		both	choroid	2021	A Fully Human Monoclonal Antibody Targeting cKIT Is a Potent Inhibitor of Pathological Choroidal Neovascularization in Mice.
42156503	state_signature	low		both	choroid	2026	Adipocytes influence choroidal neovascularization via PRDM16.
34779136	disease_mechanism_background	low		both	choroid	2022	LIF, a mitogen for choroidal endothelial cells, protects the choriocapillaris: implications for prevention of geographic atrophy.
35659263	method_reference	low		both	choroid	2022	Transcriptional profiling of transport mechanisms and regulatory pathways in rat choroid plexus.
36714840	disease_mechanism_background	low		both	choroid	2022	Vascular endothelial growth factor from retinal pigment epithelium is essential in choriocapillaris and axial length maintenance.
41373488	state_signature	med		both	choroid	2025	Retinal Organoid-Derived Exosomes Reduce CNV Lesion and Restore RPE Integrity in Mouse Laser-Induced Choroidal Neovascularization (CNV) Model.
36555236	state_signature	low		both	choroid	2022	Decreased Expression of Soluble Epoxide Hydrolase Suppresses Murine Choroidal Neovascularization.
34445595	state_signature	med		both	choroid	2021	Role of Activating Transcription Factor 4 in Murine Choroidal Neovascularization Model.
31936463	disease_mechanism_background	low		both	choroid	2020	Oral Delivery of a Tetrameric Tripeptide Inhibitor of VEGFR1 Suppresses Pathological Choroid Neovascularization.
32143276	disease_mechanism_background	low		both	choroid	2020	Role of FGF and Hyaluronan in Choroidal Neovascularization in Sorsby Fundus Dystrophy.
32128346	disease_mechanism_background	low		both	choroid	2020	Factors Impacting Efficacy of AAV-Mediated CRISPR-Based Genome Editing for Treatment of Choroidal Neovascularization.
32678293	disease_mechanism_background	low		both	choroid	2020	Combination of apolipoprotein-A-I/apolipoprotein-A-I binding protein and anti-VEGF treatment overcomes anti-VEGF resistance in choroidal neovascularization in mice.
37371562	disease_mechanism_background	low		both	choroid	2023	Emerging Role of Adiponectin/AdipoRs Signaling in Choroidal Neovascularization, Age-Related Macular Degeneration, and Diabetic Retinopathy.
42579800	disease_mechanism_background	low		both	choroid	2026	Mononuclear phagocyte-specific cGAS/STING targeting suppresses experimental choroidal neovascularization.
36821388	state_signature	low		both	choroid	2023	CD11c+ macrophages are proangiogenic and necessary for experimental choroidal neovascularization.
35653189	disease_mechanism_background	low		both	choroid	2022	ANGPTL4 influences the therapeutic response of patients with neovascular age-related macular degeneration by promoting choroidal neovascularization.
40670757	disease_mechanism_background	low		both	choroid	2025	The SDF-1α/MTDH axis inhibits ferroptosis and promotes the formation of anti-VEGF-resistant choroidal neovascularization by facilitating the nuclear translocation of SREBP1.
36267780	disease_mechanism_background	low		both	choroid	2022	Regulator of G-protein signaling 1 promotes choroidal neovascularization in age-related macular degeneration.
35248156	state_signature	med		both	choroid	2022	Transcription factor Foxp1 is essential for the induction of choroidal neovascularization.
35784301	disease_mechanism_background	low		both	choroid	2022	Dabigatran and Wet AMD, Results From Retinal Pigment Epithelial Cell Monolayers, the Mouse Model of Choroidal Neovascularization, and Patients From the Medicare Data Base.
41808823	disease_mechanism_background	med		both	choroid	2026	Granzyme B from mast cells contributes to choroidal neovascularization in a model of wet age-related macular degeneration.
38745648	disease_mechanism_background	low		both	choroid	2024	Metrnl inhibits choroidal neovascularization by attenuating the choroidal inflammation via inactivating the UCHL-1/NF-κB signaling pathway.
41427444	disease_mechanism_background	low		both	choroid	2025	Long-term low-dose aspirin promotes laser-induced choroidal neovascularization through suppressing TSP-1 expression.
33716674	disease_mechanism_background	low		both	choroid	2021	Key Role of Microglial Matrix Metalloproteinases in Choroidal Neovascularization.
39185308	state_signature	low		both	choroid	2024	Integrating network pharmacology, molecular docking and experimental verification to reveal the mechanism of artesunate in inhibiting choroidal melanoma.
39225143	state_signature	low		both	choroid	2024	A drug delivery system of <i>HIF-1α</i> siRNA nanoparticles loaded by mesenchymal stem cells on choroidal neovascularization.
36878916	disease_mechanism_background	low		both	choroid	2023	CRISPR/Cas9 mediated specific ablation of vegfa in retinal pigment epithelium efficiently regresses choroidal neovascularization.
38997397	state_signature	low		both	choroid	2024	Establishment of an in vitro choroid complex system for vascular response screening.
34508129	disease_mechanism_background	low		both	choroid	2021	Macrophage-derived interleukin-6 is necessary and sufficient for choroidal angiogenesis.
40858941	disease_mechanism_background	med		both	choroid	2025	C-reactive protein dissociation drives choroidal neovascularization in age-related macular degeneration.
35995845	disease_mechanism_background	low		both	choroid	2022	Alpinumisoflavone ameliorates choroidal neovascularisation and fibrosis in age-related macular degeneration in in vitro and in vivo models.
35039609	disease_mechanism_background	low		both	choroid	2022	Transcriptomic analysis of choroidal neovascularization reveals dysregulation of immune and fibrosis pathways that are attenuated by a novel anti-fibrotic treatment.
35614998	disease_mechanism_background	low		both	choroid	2022	CRISPR-based VEGF suppression using paired guide RNAs for treatment of choroidal neovascularization.
35884958	disease_mechanism_background	low		both	choroid	2022	Role of Erythropoietin Receptor Signaling in Macrophages or Choroidal Endothelial Cells in Choroidal Neovascularization.
35884862	disease_mechanism_background	low		both	choroid	2022	Matrix Metalloproteinase 10 Contributes to Choroidal Neovascularisation.
33681224	state_signature	low		both	choroid	2021	SLC7A11 Reduces Laser-Induced Choroidal Neovascularization by Inhibiting RPE Ferroptosis and VEGF Production.
35265621	state_signature	med		both	choroid	2022	Long Non-Coding RNA PNKY Modulates the Development of Choroidal Neovascularization.
36626253	disease_mechanism_background	low		both	choroid	2023	Genetic deficiency and pharmacological modulation of RORα regulate laser-induced choroidal neovascularization.
33952723	state_signature	low		both	choroid	2021	Intravitreal injection of anti-miRs against miR-142-3p reduces angiogenesis and microglia activation in a mouse model of laser-induced choroidal neovascularization.
34183443	disease_mechanism_background	low		both	choroid	2021	TPC2 promotes choroidal angiogenesis and inflammation in a mouse model of neovascular age-related macular degeneration.
37070131	state_signature	low		both	choroid	2023	Lycopene inhibits endothelial-to-mesenchymal transition of choroidal vascular endothelial cells in laser-induced mouse choroidal neovascularization.
36127870	state_signature	low		both	choroid	2022	Delayed regression of laser-induced choroidal neovascularization in TNFα-null mice.
34057287	state_signature	med		both	choroid	2021	The P300/XBP1s/Herpud1 axis promotes macrophage M2 polarization and the development of choroidal neovascularization.
