library	entry	gene	cited_pmids	pmid_context	has_canonical	has_data_driven	chain_covered	chain_ghost	chain_absent	ctx_covered	text_chunks	text_papers	text_top	panel_chunks	support	ctx_family	tier	tier_note
face_v6	face_increment::Conj_epithelium_basal	AQP5	35590283		0	1			35590283		84	16	37443842,32437405,42510603,28733649,39560701	0	S2_gene_in_corpus	face	C	C_strong; link in-corpus pmids → 40838019,42510603,39560701,38514716,28733649
face_v6	face_increment::Conj_epithelium_basal	CXCL17	33201599		0	1			33201599		8	7	37443842,37180103,34741068,39532995,40838019	0	S2_gene_in_corpus	face	C	C_strong; link in-corpus pmids → 34741068,35750043,37443842,39532995,32502616
face_v6	face_increment::Conj_epithelium_basal	KRT13	33503899		0	1			33503899		57	17	35280984,34769520,41752009,38510120,28514956	0	S2_gene_in_corpus	face	C	C_strong; link in-corpus pmids → 33865984,40813888,34741068,36078126,32374427
face_v6	face_increment::Conj_epithelium_basal	KRT19	38528295		0	1			38528295		59	24	35280984,41752009,38510120,37443842,40813888	0	S2_gene_in_corpus	face	C	C_strong; link in-corpus pmids → 33865984,40813888,37856539,40238113,37443842
face_v6	face_increment::Conj_epithelium_basal	KRT4	36809816		0	1			36809816		23	13	34769520,40813888,34827649,33865984,34381080	0	S2_gene_in_corpus	face	C	C_strong; link in-corpus pmids → 33865984,40813888,36078126,34827649,38514716
face_v6	face_increment::Conj_epithelium_basal	LCN2	35021166		0	1			35021166		65	25	42450352,42589107,38334673,37443842,32183063	0	S2_gene_in_corpus	face	C	C_strong; link in-corpus pmids → 37443842,42450352,39532995,42589107
face_v6	face_increment::Conj_epithelium_superficial	FDCSP	35021166		0	1			35021166		3	1	42589107	0	S2_gene_in_corpus	face	C	C_mid; link in-corpus pmids → 42589107
face_v6	face_increment::Conj_epithelium_superficial	SCGB3A1	37381815		0	1			37381815		8	2	34769520,42589107	0	S2_gene_in_corpus	face	C	C_mid; link in-corpus pmids → 42589107,34769520
face_v6	stromal_repair::Keratocytes	KERA	34741068		1	1	34741068				87	22	34769520,38774716,35517867,37443842,37061739	0	S1_chain_covered	face	COVERED	chain PMID in-corpus with chunks
face_v6	stromal_repair::Pericyte	CALD1			1	0					11	6	34439995,38195602,33307245,33572787,34691611	0	S2_gene_in_corpus	face	A	S2 mention ctx-mismatch; EPMC eye-lit exists
face_v6	stromal_repair::Pericyte	COX4I2	35920172		0	1			35920172		2	2	36671500,40725185	0	S2_gene_in_corpus	face	C	C_mid; link in-corpus pmids → 36671500
face_v6	stromal_repair::Pericyte	HIGD1B			1	0					0	0		0	S3_no_corpus_support	face	B_scarce_1_5	EPMC eye-hits=4
face_v6	stromal_repair::Pericyte	NOTCH3			1	0					15	9	41261164,34782554,38383070,37443842,38366188	0	S2_gene_in_corpus	face	C	C_strong; link in-corpus pmids → 38383070,41261164,37443842,40838019
face_v6	stromal_repair::SMC	CNN1			1	0					11	4	39952952,31284269,41609173,31992794	0	S2_gene_in_corpus	face	A	S2 mention ctx-mismatch; EPMC eye-lit exists
face_v6	stromal_repair::SMC	DES			1	0					52	15	42278250,39952952,32437405,34572584,41366246	0	S2_gene_in_corpus	face	C	C_strong; link in-corpus pmids → 38379013,41551761,33057006,41153332,42278250
face_v6	stromal_repair::SMC	LMOD1			1	0					12	3	35557957,40728983,33072724	0	S2_gene_in_corpus	face	A	S2 mention ctx-mismatch; EPMC eye-lit exists
face_v6	stromal_repair::SMC	MYH11			1	0					30	14	42030193,28514956,39952952,41769942,40576432	0	S2_gene_in_corpus	face	C	C_mid; link in-corpus pmids → 40576432
face_v6	stromal_repair::SMC	MYL9			1	0					28	12	32987810,42620929,42717497,33307245,39101028	0	S2_gene_in_corpus	face	C	C_strong; link in-corpus pmids → 40838019,38862482,39101028,42620929
kb9	new_terms::Conj_epithelium_suprabasal	KRT4			1	1					23	13	34769520,40813888,34827649,33865984,34381080	0	S2_gene_in_corpus	kb9	C	C_strong; link in-corpus pmids → 33865984,35858321,40813888,36078126,34827649
kb9	new_terms::Conj_epithelium_suprabasal	S100A8	41638552		0	1			41638552		29	17	35280984,34769520,30673862,37443842,36671500	0	S2_gene_in_corpus	kb9	C	C_strong; link in-corpus pmids → 33865984,34741068,40390022,40238113,36671500
kb9	new_terms::Conj_epithelium_suprabasal	S100A9	41991541		0	1			41991541		58	29	35280984,34769520,34830490,30673862,42030193	0	S2_gene_in_corpus	kb9	C	C_strong; link in-corpus pmids → 33865984,40390022,40238113,37443842,34381080
kb9	new_terms::Limbus_Sclera_fibroblast_C1	DPT	42729537		0	1			42729537		14	6	42030193,35517867,33674582,42717487,41622742	0	S2_gene_in_corpus	kb9	C	C_mid; link in-corpus pmids → 35517867
kb9	new_terms::Limbus_Sclera_fibroblast_C1	LAMA2	42678737		0	1			42678737		16	10	41477839,40449651,34072522,26322222,36638800	0	S2_gene_in_corpus	kb9	C	C_mid; link in-corpus pmids → 35858321
kb9	new_terms::Limbus_Sclera_fibroblast_C1	LEPR	42166552		0	1			42166552		2	1	33187533	0	S2_gene_in_corpus	kb9	A	S2 mention ctx-mismatch; EPMC eye-lit exists
kb9	new_terms::Melanocyte	ABCB5	41681896,42482451		0	1			41681896,42482451		134	22	42278250,36291115,33741066,37443842,37061739	0	S2_gene_in_corpus	kb9	C	C_strong; link in-corpus pmids → 33865984,34677208,37626899,34930437,37443842
kb9	new_terms::Melanocyte	DCT	42601941		0	1			42601941		66	38	34830490,38510120,38334673,37507467,36142331	0	S2_gene_in_corpus	kb9	C	C_strong; link in-corpus pmids → 35858321,34381080,40112840,40778698,39532995
kb9	new_terms::Melanocyte	GAPDHS	34249897		0	1			34249897		0	0		0	S3_no_corpus_support	kb9	A	cited chain PMID(s) absent/ghost in corpus
kb9	new_terms::Melanocyte	GPR143	42170303		1	1			42170303		15	5	40976557,38383453,36899910,39012703,41533907	0	S2_gene_in_corpus	kb9	A	S2 mention ctx-mismatch; EPMC eye-lit exists
kb9	new_terms::Melanocyte	MLANA	42629955		0	1			42629955		44	21	34769520,32946783,37794584,39952952,33067486	0	S2_gene_in_corpus	kb9	C	C_strong; link in-corpus pmids → 33865984,35858321,38961590,40131296,40778698
kb9	new_terms::Melanocyte	PMEL	41945932,42720426		0	1			41945932,42720426		92	45	34769520,32946783,32987810,38510120,34445064	0	S2_gene_in_corpus	kb9	C	C_strong; link in-corpus pmids → 33865984,35517867,34381080,40778698,39532995
kb9	new_terms::Melanocyte	SLC24A5	41103068,42462966		0	1			41103068,42462966		3	3	41477839,35858321,36899910	0	S2_gene_in_corpus	kb9	C	C_mid; link in-corpus pmids → 35858321
kb9	new_terms::Melanocyte	TRPM1	40869148		0	1			40869148		69	35	33673358,32946783,37388919,34420069,34445064	0	S2_gene_in_corpus	kb9	C	C_mid; link in-corpus pmids → 36712326
kb9	new_terms::Melanocyte	TYR	42406579		1	1			42406579		123	56	34769520,34830490,36386870,34445064,41808024	0	S2_gene_in_corpus	kb9	C	C_strong; link in-corpus pmids → 33865984,35858321,40131296,39532995,36712326
kb9	new_terms::Melanocyte	TYRP1	42720426		0	1			42720426		95	40	34769520,34830490,36386870,38510120,36185374	0	S2_gene_in_corpus	kb9	C	C_strong; link in-corpus pmids → 33865984,34381080,40131296,39532995,40838019
kb9	new_terms::Schwann	MPZ	42539570		1	1			42539570		14	9	37794584,40423739,39952952,39117640,34249924	0	S2_gene_in_corpus	kb9	C	C_mid; link in-corpus pmids → 34249924,40576432
kb9	new_terms::Schwann	NRXN1	41739556		0	1			41739556		9	6	33934486,39916387,41290721,35523177,41899448	0	S2_gene_in_corpus	kb9	C	C_mid; link in-corpus pmids → 36712326
kb9	new_terms::Schwann	SCN7A			1	1					10	7	41528844,38272457,31712411,35858321,40838019	0	S2_gene_in_corpus	kb9	C	C_mid; link in-corpus pmids → 35858321,40838019
kb9	new_terms::Schwann	SOX2	42760604		0	1			42760604		386	168	34769520,32946783,42105234,37794584,35584663	0	S2_gene_in_corpus	kb9	C	C_strong; link in-corpus pmids → 34809716,35628593,39639354,36497012,41301117
lacrimal_v6	lacrimal_increment::Lacrimal_duct_epithelial	PRR27	37591874		0	1			37591874		0	0		0	S3_no_corpus_support	lacrimal	A	cited chain PMID(s) absent/ghost in corpus
lacrimal_v6	lacrimal_increment::Lacrimal_secretory_tearcell	CST1	1471486,2029847		0	1			1471486,2029847		6	2	40136389,38272457	0	S2_gene_in_corpus	lacrimal	A	S2 mention ctx-mismatch; EPMC eye-lit exists
lacrimal_v6	lacrimal_increment::Lacrimal_secretory_tearcell	CST4	11879580,37894795		0	1			11879580,37894795		8	2	34439995,35517867	0	S2_gene_in_corpus	lacrimal	A	S2 mention ctx-mismatch; EPMC eye-lit exists
lacrimal_v6	lacrimal_increment::Lacrimal_secretory_tearcell	LACRT	42191868,42777860		1	1			42191868,42777860		0	0		0	S3_no_corpus_support	lacrimal	A	cited chain PMID(s) absent/ghost in corpus
lacrimal_v6	lacrimal_increment::Lacrimal_secretory_tearcell	MUC7	17399701		1	1			17399701		11	6	34769520,30673862,40562965,34683978,31614909	0	S2_gene_in_corpus	lacrimal	A	S2 mention ctx-mismatch; EPMC eye-lit exists
lacrimal_v6	lacrimal_increment::Lacrimal_secretory_tearcell	SCGB1D1	16395610,26173177		0	1			16395610,26173177		0	0		0	S3_no_corpus_support	lacrimal	A	cited chain PMID(s) absent/ghost in corpus
lacrimal_v6	lacrimal_increment::Lacrimal_secretory_tearcell	SCGB2A1	16395610,27436115		0	1			16395610,27436115		1	1	34769520	0	S2_gene_in_corpus	lacrimal	A	S2 mention ctx-mismatch; EPMC eye-lit exists
membrane_v1	APC_MHCII_high	CD74			0	0					100	36	35280984,33799827,36359852,40136389,37388908	0	S2_gene_in_corpus	membrane	C	C_strong; link in-corpus pmids → 33799827,40882639,40251274,PPR_PPR1218776,40858363
membrane_v1	APC_MHCII_high	FCGR1A			0	0					9	5	34769520,34341398,36163311,41152974,40952055	0	S2_gene_in_corpus	membrane	C	C_strong; link in-corpus pmids → 34341398,40952055,34769520,41152974,36163311
membrane_v1	APC_MHCII_high	HLA-DMB			0	0					4	2	40136389,41651377	0	S2_gene_in_corpus	membrane	C	C_mid; link in-corpus pmids → 41651377,40136389
membrane_v1	APC_MHCII_high	HLA-DPA1			0	0					8	5	40136389,40160813,40858363,39466230,36645183	0	S2_gene_in_corpus	membrane	C	C_strong; link in-corpus pmids → 36645183,39466230,40160813,40858363,40136389
membrane_v1	APC_MHCII_high	HLA-DPB1			0	0					7	5	35280984,32668747,40858363,39466230,27641646	0	S2_gene_in_corpus	membrane	C	C_strong; link in-corpus pmids → 39466230,32668747,40858363,35280984,27641646
membrane_v1	APC_MHCII_high	HLA-DQA1			0	0					16	5	34638643,40136389,35181781,36712326,36645183	0	S2_gene_in_corpus	membrane	C	C_strong; link in-corpus pmids → 36645183,40136389,34638643,35181781,36712326
membrane_v1	APC_MHCII_high	HLA-DQB1			0	0					8	6	35882847,32668747,32870927,42294804,36645183	0	S2_gene_in_corpus	membrane	C	C_strong; link in-corpus pmids → 36645183,35882847,32668747,42294804,32870927
membrane_v1	APC_MHCII_high	HLA-DRA			0	0					27	15	35280984,37794584,37545752,28514956,40136389	0	S2_gene_in_corpus	membrane	C	C_strong; link in-corpus pmids → 36645183,39466230,34015102,28514956,PPR_PPR900856
membrane_v1	APC_MHCII_high	HLA-DRB1			0	0					12	9	35280984,38394392,32668747,32870927,41755996	0	S2_gene_in_corpus	membrane	C	C_strong; link in-corpus pmids → 38999396,39466230,32668747,38394392,36712326
membrane_v1	APC_MHCII_high	RGS1			0	0					25	1	36267780	0	S2_gene_in_corpus	membrane	C	C_mid; link in-corpus pmids → 36267780
membrane_v1	B	BANK1			0	0					1	1	41528844	0	S2_gene_in_corpus	membrane	C	C_mid; link in-corpus pmids → 41528844
membrane_v1	B	CD79A			0	0					11	8	39952952,41769942,33187533,34508129,31712411	0	S2_gene_in_corpus	membrane	C	C_strong; link in-corpus pmids → 36645183,34508129,31712411,38862482,40778698
membrane_v1	B	CD79B			0	0					4	2	41769942,41407891	0	S2_gene_in_corpus	membrane	C	C_mid; link in-corpus pmids → 41769942,41407891
membrane_v1	B	IGKC			0	0					7	4	34769520,34439995,36408112,34750957	0	S2_gene_in_corpus	membrane	C	C_strong; link in-corpus pmids → 36408112,34750957,34769520,34439995
membrane_v1	B	MS4A1			0	0					5	4	36671500,39936988,38862482,40778698	0	S2_gene_in_corpus	membrane	C	C_strong; link in-corpus pmids → 39936988,38862482,40778698,36671500
membrane_v1	B	PAX5			0	0					12	9	32111086,39117640,40253438,36249298,38670973	0	S2_gene_in_corpus	membrane	C	C_strong; link in-corpus pmids → 36830851,38670973,35882984,39117640,40216818
membrane_v1	B	TCL1A			0	0					3	2	42450352,33176797	0	S2_gene_in_corpus	membrane	C	C_mid; link in-corpus pmids → 33176797,42450352
membrane_v1	Corneal Endothelium	CA3			0	0					27	18	40423739,38729157,34558505,39952952,37443842	0	S2_gene_in_corpus	membrane	C	C_strong; link in-corpus pmids → 34206213,35858321,34977041,35474956,38729157
membrane_v1	Corneal Endothelium	CDH2			0	0					85	35	37794584,28514956,42589107,32867783,37507467	0	S2_gene_in_corpus	membrane	C	C_strong; link in-corpus pmids → 35705015,33934486,39859409,37794584,37522516
membrane_v1	Corneal Endothelium	SLC4A11			0	0					60	21	39732756,40136389,41301117,37443842,37528478	0	S2_gene_in_corpus	membrane	C	C_strong; link in-corpus pmids → 37528478,35858321,41931904,27484837,38366188
membrane_v1	Endo	ADGRL4			0	0					4	2	42450352,42589107	0	S2_gene_in_corpus	membrane	C	C_mid; link in-corpus pmids → 42589107,42450352
membrane_v1	Endo	CDH5			0	0					26	15	37794584,36220082,39952952,40136401,34072522	0	S2_gene_in_corpus	membrane	C	C_strong; link in-corpus pmids → 38115754,41071880,36220082,32967716,40136401
membrane_v1	Endo	CLDN5			0	0					22	14	34273276,39952952,34249924,41432545,39198892	0	S2_gene_in_corpus	membrane	C	C_strong; link in-corpus pmids → 34341398,34249924,34783308,37856539,31712411
membrane_v1	Endo	ECSCR			0	0					4	2	40131296,41071880	0	S2_gene_in_corpus	membrane	C	C_mid; link in-corpus pmids → 41071880,40131296
membrane_v1	Endo	ESAM			0	0					7	1	41989229	0	S2_gene_in_corpus	membrane	C	C_mid; link in-corpus pmids → 41989229
membrane_v1	Endo	FLT1			0	0					27	15	35659263,37794584,41528844,38383070,39952952	0	S2_gene_in_corpus	membrane	C	C_strong; link in-corpus pmids → 41528844,34206213,32439707,34779136,33640465
membrane_v1	Endo	GNG11			0	0					1	1	33792620	0	S2_gene_in_corpus	membrane	C	C_mid; link in-corpus pmids → 33792620
membrane_v1	Endo	KDR			0	0					88	39	35659263,37794584,40423739,36220082,42080790	0	S2_gene_in_corpus	membrane	C	C_strong; link in-corpus pmids → 36645183,36408112,33865984,37175646,39056772
membrane_v1	Endo	PECAM1			0	0					73	38	37794584,36220082,39790557,34273276,36877514	0	S2_gene_in_corpus	membrane	C	C_strong; link in-corpus pmids → 35858321,36877514,41577708,32439707,35212809
membrane_v1	Endo	PLVAP			0	0					39	19	41827851,34273276,37637086,39952952,37559903	0	S2_gene_in_corpus	membrane	C	C_strong; link in-corpus pmids → 31712411,40238113,36320068,41432545,35181781
membrane_v1	Endo	RAMP2			0	0					1	1	39521855	0	S2_gene_in_corpus	membrane	C	C_mid; link in-corpus pmids → 39521855
membrane_v1	Endo	TM4SF1			0	0					5	3	35280984,33572787,39532995	0	S2_gene_in_corpus	membrane	C	C_strong; link in-corpus pmids → 39532995,33572787,35280984
membrane_v1	Endo	VWF			0	0					34	26	32946783,37794584,34273276,39952952,32832237	0	S2_gene_in_corpus	membrane	C	C_strong; link in-corpus pmids → 36645183,36408112,34677208,32678293,31712411
membrane_v1	Endo_Patho	DLL4			0	0					37	18	42437121,34273276,34782554,39952952,35181781	0	S2_gene_in_corpus	membrane	C	C_strong; link in-corpus pmids → 35181781,34055784,39518910,39448874,37253747
membrane_v1	Endo_Patho	HIF1A			0	0					68	28	39433211,35280984,42450352,37569323,42080790	0	S2_gene_in_corpus	membrane	C	C_strong; link in-corpus pmids → 35030321,40806731,34779136,34823561,40390022
membrane_v1	Endo_Patho	ICAM1			0	0					87	41	35280984,37388919,41615370,39790557,42080790	0	S2_gene_in_corpus	membrane	C	C_strong; link in-corpus pmids → 41960189,36877514,29415988,31712411,42587300
membrane_v1	Endo_Patho	NDUFA4L2			0	0					6	3	39952952,38670973,33307245	0	S2_gene_in_corpus	membrane	C	C_strong; link in-corpus pmids → 33307245,38670973,39952952
membrane_v1	Endo_Patho	PLVAP			0	0					39	19	41827851,34273276,37637086,39952952,37559903	0	S2_gene_in_corpus	membrane	C	C_strong; link in-corpus pmids → 31712411,40238113,36320068,41432545,35181781
membrane_v1	Endo_Patho	VCAM1			0	0					47	21	41899822,28514956,36877514,41851243,40126508	0	S2_gene_in_corpus	membrane	C	C_strong; link in-corpus pmids → 36877514,42717497,31712411,40303324,36077073
membrane_v1	Fibroblast	COL1A1			0	0					292	99	40679332,34769520,32987810,38510120,42030193	0	S2_gene_in_corpus	membrane	C	C_strong; link in-corpus pmids → 36645183,33865984,35705015,36899910,35517867
membrane_v1	Fibroblast	COL1A2			0	0					61	39	34769520,32946783,32987810,38510120,42030193	0	S2_gene_in_corpus	membrane	C	C_strong; link in-corpus pmids → 36645183,36544284,33865984,42717497,35752290
membrane_v1	Fibroblast	COL3A1			0	0					60	34	34769520,34830490,42450352,37569323,38510120	0	S2_gene_in_corpus	membrane	C	C_strong; link in-corpus pmids → 36645183,36408112,33865984,38670973,34830490
membrane_v1	Fibroblast	DCN			0	0					119	44	35280984,40423739,42030193,38774716,35517867	0	S2_gene_in_corpus	membrane	C	C_strong; link in-corpus pmids → 36645183,38670973,32439707,35858321,35517867
membrane_v1	Fibroblast	FBN1			0	0					69	24	39732756,32987810,42450352,35557957,42030193	0	S2_gene_in_corpus	membrane	C	C_strong; link in-corpus pmids → 36408112,35858321,35752290,33646289,42450352
membrane_v1	Fibroblast	FN1			0	0					234	96	34769520,32987810,42080790,35517867,28514956	0	S2_gene_in_corpus	membrane	C	C_strong; link in-corpus pmids → 36408112,41366246,34544421,36185374,33865984
membrane_v1	Fibroblast	LUM			0	0					79	22	35280984,34769520,38510120,42030193,38774716	0	S2_gene_in_corpus	membrane	C	C_strong; link in-corpus pmids → 33865984,37443842,34381080,40437144,42030193
membrane_v1	Fibroblast	MMP2			0	0					316	100	35280984,34769520,34439995,41752009,42450352	0	S2_gene_in_corpus	membrane	C	C_strong; link in-corpus pmids → 40331961,39734536,35882847,39506758,40598610
membrane_v1	Fibroblast	PTGDS			0	0					52	17	35280984,41856199,40423739,34439995,28514956	0	S2_gene_in_corpus	membrane	C	C_strong; link in-corpus pmids → 33307245,36830851,37339216,35882847,35298655
membrane_v1	Fibroblast	THY1			0	0					114	38	42149027,32946783,28514956,38698014,33393903	0	S2_gene_in_corpus	membrane	C	C_strong; link in-corpus pmids → 36645183,39734233,38670973,33393903,37540379
membrane_v1	Granulocyte	ANXA1			0	0					34	19	35280984,30673862,42030193,40136389,41851243	0	S2_gene_in_corpus	membrane	C	C_strong; link in-corpus pmids → 42652099,36231108,33865984,34750957,41327293
membrane_v1	Granulocyte	C5AR1			0	0					22	9	35280984,35831910,33918210,42756340,32859013	0	S2_gene_in_corpus	membrane	C	C_strong; link in-corpus pmids → 40994539,33918210,35831910,42756340,35280984
membrane_v1	Granulocyte	CAMP			0	0					16	3	40423739,40653679,35722307	0	S2_gene_in_corpus	membrane	C	C_strong; link in-corpus pmids → 40653679,35722307,40423739
membrane_v1	Granulocyte	CD36			0	0					78	26	39433211,40239758,38744193,38334673,33602265	0	S2_gene_in_corpus	membrane	C	C_strong; link in-corpus pmids → 36899910,38528525,39734536,38334673,34819832
membrane_v1	Granulocyte	CSF3R			0	0					6	4	39641748,38862482,36821388,38214685	0	S2_gene_in_corpus	membrane	C	C_strong; link in-corpus pmids → 39641748,38214685,36821388,38862482
membrane_v1	Granulocyte	CXCR2			0	0					32	14	39790557,42080790,41629264,36349481,33934486	0	S2_gene_in_corpus	membrane	C	C_strong; link in-corpus pmids → 33934486,37670124,39461953,39790557,35884862
membrane_v1	Granulocyte	ELANE			0	0					0	0		0	S3_no_corpus_support	membrane	A	EPMC eye-hits=839
membrane_v1	Granulocyte	FCGR3B			0	0					2	1	38862482	0	S2_gene_in_corpus	membrane	C	C_mid; link in-corpus pmids → 38862482
membrane_v1	Granulocyte	IL1RN			0	0					27	9	35280984,34769520,34638643,41651377,32437405	0	S2_gene_in_corpus	membrane	C	C_strong; link in-corpus pmids → 42100661,32437405,34769520,36671500,36213538
membrane_v1	Granulocyte	LTF			0	0					16	7	36262888,34439995,42589107,39936988,28733649	0	S2_gene_in_corpus	membrane	C	C_strong; link in-corpus pmids → 34439995,40761516,28733649,36262888,42589107
membrane_v1	Granulocyte	MPO			0	0					39	18	34439995,35897758,38755602,42294804,37830555	0	S2_gene_in_corpus	membrane	C	C_strong; link in-corpus pmids → 40172766,32426498,35965828,34439995,32905166
membrane_v1	Granulocyte	TGFBI			0	0					32	18	35280984,35517867,40136389,37443842,41651377	0	S2_gene_in_corpus	membrane	C	C_strong; link in-corpus pmids → 33865984,35858321,35517867,36577775,26052939
membrane_v1	Granulocyte	TIMP1			0	0					90	34	35280984,40423739,34439995,42450352,36877514	0	S2_gene_in_corpus	membrane	C	C_strong; link in-corpus pmids → 36877514,32539133,40243577,38394161,37443842
membrane_v1	Keratocytes	ALDH3A1			0	0					130	33	41752009,34946854,37443842,37061739,40562965	0	S2_gene_in_corpus	membrane	C	C_strong; link in-corpus pmids → 33865984,34677208,40813888,41186354,41224754
membrane_v1	Keratocytes	KERA			0	0					87	22	34769520,38774716,35517867,37443842,37061739	0	S2_gene_in_corpus	membrane	C	C_strong; link in-corpus pmids → 33865984,35858321,35517867,40390022,39859409
membrane_v1	Keratocytes	NNMT			0	0					6	3	35280984,41636427,34741068	0	S2_gene_in_corpus	membrane	C	C_strong; link in-corpus pmids → 34741068,41636427,35280984
membrane_v1	Mac_DAM_LAM	APOE			0	0					202	73	39433211,35280984,37545752,40423739,34439995	0	S2_gene_in_corpus	membrane	C	C_strong; link in-corpus pmids → 36645183,41528844,38670973,35882847,36899910
membrane_v1	Mac_DAM_LAM	ASAH1			0	0					8	3	39433211,35280984,38502591	0	S2_gene_in_corpus	membrane	C	C_strong; link in-corpus pmids → 39433211,38502591,35280984
membrane_v1	Mac_DAM_LAM	CCL3			0	0					56	28	35280984,34769520,41752009,39514271,30673862	0	S2_gene_in_corpus	membrane	C	C_strong; link in-corpus pmids → 39641748,33865984,36408381,32373289,39461953
membrane_v1	Mac_DAM_LAM	CCL4			0	0					50	24	35280984,42450352,36756614,39514271,30673862	0	S2_gene_in_corpus	membrane	C	C_strong; link in-corpus pmids → 39641748,36408381,32437405,42294804,42450352
membrane_v1	Mac_DAM_LAM	CD9			0	0					119	48	35280984,37545752,40836034,39587330,40537004	0	S2_gene_in_corpus	membrane	C	C_strong; link in-corpus pmids → 33047885,35882847,42232161,36544284,32373289
membrane_v1	Mac_DAM_LAM	CTSD			0	0					40	15	35280984,42030193,41744788,36671500,42217275	0	S2_gene_in_corpus	membrane	C	C_strong; link in-corpus pmids → 34750957,42030193,34674604,38722314,32815311
membrane_v1	Mac_DAM_LAM	FTH1			0	0					47	18	35280984,32792522,40234585,41684508,42217275	0	S2_gene_in_corpus	membrane	C	C_strong; link in-corpus pmids → 41960189,33307245,42652099,40703032,39953740
membrane_v1	Mac_DAM_LAM	FTL			0	0					41	17	35280984,32792522,35517867,41684508,42217275	0	S2_gene_in_corpus	membrane	C	C_strong; link in-corpus pmids → 41960189,39663766,35517867,40131364,35371110
membrane_v1	Mac_DAM_LAM	GPNMB			0	0					16	4	35280984,42666080,36035999,34735454	0	S2_gene_in_corpus	membrane	C	C_strong; link in-corpus pmids → 34735454,36035999,42666080,35280984
membrane_v1	Mac_DAM_LAM	HMOX1			0	0					68	27	35280984,32792522,34946854,42589107,40710374	0	S2_gene_in_corpus	membrane	C	C_strong; link in-corpus pmids → 41960189,34977041,41516321,36413373,41655020
membrane_v1	Mac_DAM_LAM	LGMN			0	0					0	0		0	S3_no_corpus_support	membrane	A	EPMC eye-hits=133
membrane_v1	Mac_DAM_LAM	LIPA			0	0					3	2	37316554,42584788	0	S2_gene_in_corpus	membrane	C	C_mid; link in-corpus pmids → 42584788,37316554
membrane_v1	Mac_DAM_LAM	MMP9			0	0					262	100	40679332,35280984,34769520,40423739,34439995	0	S2_gene_in_corpus	membrane	C	C_strong; link in-corpus pmids → 41528844,40331961,39506758,40722628,33759344
membrane_v1	Mac_DAM_LAM	OLR1			0	0					7	2	37389178,42589107	0	S2_gene_in_corpus	membrane	C	C_mid; link in-corpus pmids → 37389178,42589107
membrane_v1	Mac_DAM_LAM	PLD3			0	0					2	1	35280984	0	S2_gene_in_corpus	membrane	C	C_mid; link in-corpus pmids → 35280984
membrane_v1	Mac_DAM_LAM	SPP1			0	0					189	48	35280984,36577373,37545752,40423739,42450352	0	S2_gene_in_corpus	membrane	C	C_strong; link in-corpus pmids → 37624696,42652099,34544421,36899910,33307245
membrane_v1	Mac_DAM_LAM	TREM2			0	0					70	21	42666080,39514271,39952952,36076283,33602265	0	S2_gene_in_corpus	membrane	C	C_strong; link in-corpus pmids → 33585455,36644817,38289348,42666080,39514271
membrane_v1	Mac_Tissue	C1QA			0	0					29	20	34830490,34445064,37217935,36277849,40660409	118	S2_gene_in_corpus	membrane	C	C_strong; link in-corpus pmids → 36408381,34830490,35212809,34445064,40858363
membrane_v1	Mac_Tissue	C1QB			0	0					20	12	34445064,41651377,39916387,35784369,35432302	66	S2_gene_in_corpus	membrane	C	C_strong; link in-corpus pmids → 32439707,34341398,35371110,41810892,34445064
membrane_v1	Mac_Tissue	C1QC			0	0					12	8	34830490,34445064,35517867,35805159,35181781	0	S2_gene_in_corpus	membrane	C	C_strong; link in-corpus pmids → 35517867,34830490,41071880,34445064,35805159
membrane_v1	Mac_Tissue	CD163			0	0					81	36	37794584,35789843,41471055,37217935,35986368	0	S2_gene_in_corpus	membrane	C	C_strong; link in-corpus pmids → 40994539,34544421,35986368,35858321,40976555
membrane_v1	Mac_Tissue	CD5L			0	0					0	0		0	S3_no_corpus_support	membrane	A	EPMC eye-hits=111
membrane_v1	Mac_Tissue	F13A1			0	0					3	3	41528844,35181781,35858321	0	S2_gene_in_corpus	membrane	C	C_strong; link in-corpus pmids → 41528844,35858321,35181781
membrane_v1	Mac_Tissue	FOLR2			0	0					4	2	35181781,42152120	0	S2_gene_in_corpus	membrane	C	C_mid; link in-corpus pmids → 42152120,35181781
membrane_v1	Mac_Tissue	ITM2B			0	0					5	3	33673358,35557957,35371110	0	S2_gene_in_corpus	membrane	C	C_strong; link in-corpus pmids → 35557957,35371110,33673358
membrane_v1	Mac_Tissue	LYVE1			0	0					49	21	34769520,40136389,39952952,38232696,39422453	0	S2_gene_in_corpus	membrane	C	C_strong; link in-corpus pmids → 33865984,35858321,32439707,32917640,33053795
membrane_v1	Mac_Tissue	MAF			0	0					124	55	33513185,42437121,36262888,34638643,37388919	0	S2_gene_in_corpus	membrane	C	C_strong; link in-corpus pmids → 35882847,37371607,41632798,38195602,28827829
membrane_v1	Mac_Tissue	MRC1			0	0					15	9	34769520,33046735,33141819,35181781,40238113	0	S2_gene_in_corpus	membrane	C	C_strong; link in-corpus pmids → 33046735,41979250,41007615,40243577,40238113
membrane_v1	Mac_Tissue	SELENOP			0	0					1	1	35859009	0	S2_gene_in_corpus	membrane	C	C_mid; link in-corpus pmids → 35859009
membrane_v1	Mac_Tissue	SLC40A1			0	0					17	7	32792522,32183063,40234585,35185447,39332053	0	S2_gene_in_corpus	membrane	C	C_strong; link in-corpus pmids → 40234585,39796164,32183063,32792522,35185447
membrane_v1	Mac_Tissue	STAB1			0	0					1	1	35858321	0	S2_gene_in_corpus	membrane	C	C_mid; link in-corpus pmids → 35858321
membrane_v1	Mac_Tissue	VSIG4			0	0					6	5	34439995,39198892,35784369,36110094,34381080	0	S2_gene_in_corpus	membrane	C	C_strong; link in-corpus pmids → 34439995,36110094,34381080,35784369,39198892
membrane_v1	Microglia	AIF1			0	0					42	26	35280984,32946783,37794584,35806438,42666080	0	S2_gene_in_corpus	membrane	C	C_strong; link in-corpus pmids → 40994539,35212809,40126507,31712411,35806438
membrane_v1	Microglia	CX3CR1			0	0					218	67	32946783,37794584,36756614,39514271,34445064	0	S2_gene_in_corpus	membrane	C	C_strong; link in-corpus pmids → 35309305,33585455,37605279,40882639,36662852
membrane_v1	Microglia	FCER1G			0	0					6	2	35280984,41651377	0	S2_gene_in_corpus	membrane	C	C_mid; link in-corpus pmids → 41651377,35280984
membrane_v1	Microglia	GPR34			0	0					0	0		0	S3_no_corpus_support	membrane	A	EPMC eye-hits=153
membrane_v1	Microglia	HEXB			0	0					3	2	38564108,42584788	0	S2_gene_in_corpus	membrane	C	C_mid; link in-corpus pmids → 38564108,42584788
membrane_v1	Microglia	IRF8			0	0					24	10	39324238,36498991,35922863,34544421,41601638	0	S2_gene_in_corpus	membrane	C	C_strong; link in-corpus pmids → 34544421,36611829,41071880,35922863,39324238
membrane_v1	Microglia	OLFML3			0	0					0	0		0	S3_no_corpus_support	membrane	A	EPMC eye-hits=121
membrane_v1	Microglia	P2RY12			0	0					57	24	37794584,39514271,39340587,38564108,40994539	0	S2_gene_in_corpus	membrane	C	C_strong; link in-corpus pmids → 40994539,34544421,35309305,37838654,39340587
membrane_v1	Microglia	SALL1			0	0					6	4	41516321,34544421,41270749,34613793	0	S2_gene_in_corpus	membrane	C	C_strong; link in-corpus pmids → 34544421,34613793,41516321,41270749
membrane_v1	Microglia	SIGLEC11			0	0					0	0		0	S3_no_corpus_support	membrane	A	EPMC eye-hits=21
membrane_v1	Microglia	TMEM119			0	0					76	33	37794584,39514271,35789843,37217935,36076283	0	S2_gene_in_corpus	membrane	C	C_strong; link in-corpus pmids → 40994539,34544421,35309305,36644817,38289348
membrane_v1	Microglia	TYROBP			0	0					13	8	35280984,32450896,40660409,40576432,40025497	45	S2_gene_in_corpus	membrane	C	C_strong; link in-corpus pmids → 32439707,32450896,40576432,35432302,35280984
membrane_v1	Mono_Classical	CD14			0	0					98	50	35280984,37658939,34439995,41615370,32075760	0	S2_gene_in_corpus	membrane	C	C_strong; link in-corpus pmids → 36645183,41871103,36408381,36644817,39560701
membrane_v1	Mono_Classical	CTSS			0	0					24	10	35280984,37794584,39514271,41615370,35718942	0	S2_gene_in_corpus	membrane	C	C_strong; link in-corpus pmids → 40557874,35309305,42584788,35718942,37794584
membrane_v1	Mono_Classical	FCN1			0	0					9	4	34830490,35181781,35784369,40226626	0	S2_gene_in_corpus	membrane	C	C_strong; link in-corpus pmids → 35181781,34830490,35784369,40226626
membrane_v1	Mono_Classical	LYZ			0	0					20	6	35280984,36262888,34439995,42030193,28733649	0	S2_gene_in_corpus	membrane	C	C_strong; link in-corpus pmids → 42030193,34439995,40761516,28733649,35280984
membrane_v1	Mono_Classical	MNDA			0	0					0	0		0	S3_no_corpus_support	membrane	A	EPMC eye-hits=71
membrane_v1	Mono_Classical	S100A12			0	0					0	0		0	S3_no_corpus_support	membrane	A	EPMC eye-hits=444
membrane_v1	Mono_Classical	S100A8			0	0					29	17	35280984,34769520,30673862,37443842,36671500	0	S2_gene_in_corpus	membrane	C	C_strong; link in-corpus pmids → 33865984,34750957,39466230,34741068,40390022
membrane_v1	Mono_Classical	S100A9			0	0					58	29	35280984,34769520,34830490,30673862,42030193	0	S2_gene_in_corpus	membrane	C	C_strong; link in-corpus pmids → 33865984,34750957,34830490,40390022,40238113
membrane_v1	Mono_Classical	SELL			0	0					8	6	36877514,41120701,38862482,38190125,37507439	0	S2_gene_in_corpus	membrane	C	C_strong; link in-corpus pmids → 36877514,38862482,37507439,42493528,38190125
membrane_v1	Mono_Classical	SERPINA1			0	0					16	9	35280984,34439995,42030193,40136389,33036197	0	S2_gene_in_corpus	membrane	C	C_strong; link in-corpus pmids → 40499779,42030193,34439995,26990160,40136389
membrane_v1	Mono_Classical	VCAN			0	0					37	18	35280984,33673358,34769520,32987810,36877514	0	S2_gene_in_corpus	membrane	C	C_strong; link in-corpus pmids → 36877514,41810892,38862482,38760655,38394161
membrane_v1	Mono_Nonclassical	CX3CR1			0	0					218	67	32946783,37794584,36756614,39514271,34445064	0	S2_gene_in_corpus	membrane	C	C_strong; link in-corpus pmids → 35309305,33585455,37605279,40882639,36662852
membrane_v1	Mono_Nonclassical	FCGR3A			0	0					3	1	34769520	0	S2_gene_in_corpus	membrane	C	C_mid; link in-corpus pmids → 34769520
membrane_v1	Mono_Nonclassical	IL1B			0	0					101	46	35280984,34769520,40423739,36901754,39514271	0	S2_gene_in_corpus	membrane	C	C_strong; link in-corpus pmids → 36901754,41960189,33865984,40758602,41224754
membrane_v1	Mono_Nonclassical	LST1			0	0					1	1	32946783	0	S2_gene_in_corpus	membrane	C	C_mid; link in-corpus pmids → 32946783
membrane_v1	Mono_Nonclassical	MS4A7			0	0					4	1	35280984	0	S2_gene_in_corpus	membrane	C	C_mid; link in-corpus pmids → 35280984
membrane_v1	Myofibroblast	ACTA2			0	0					159	70	39732756,34769520,32946783,37794584,40423739	0	S2_gene_in_corpus	membrane	C	C_strong; link in-corpus pmids → 36645183,41528844,35705015,32751632,33307245
membrane_v1	Myofibroblast	COL1A1			0	0					292	99	40679332,34769520,32987810,38510120,42030193	0	S2_gene_in_corpus	membrane	C	C_strong; link in-corpus pmids → 36645183,33865984,35705015,36899910,35517867
membrane_v1	Myofibroblast	COL1A2			0	0					61	39	34769520,32946783,32987810,38510120,42030193	0	S2_gene_in_corpus	membrane	C	C_strong; link in-corpus pmids → 36645183,36544284,33865984,42717497,35752290
membrane_v1	Myofibroblast	CTHRC1			0	0					3	2	42589107,39936988	0	S2_gene_in_corpus	membrane	C	C_mid; link in-corpus pmids → 42589107,39936988
membrane_v1	Myofibroblast	FN1			0	0					234	96	34769520,32987810,42080790,35517867,28514956	0	S2_gene_in_corpus	membrane	C	C_strong; link in-corpus pmids → 36408112,41366246,34544421,36185374,33865984
membrane_v1	Myofibroblast	MYL9			0	0					28	12	32987810,42620929,42717497,33307245,39101028	0	S2_gene_in_corpus	membrane	C	C_strong; link in-corpus pmids → 36645183,33307245,40838019,41309590,42717497
membrane_v1	Myofibroblast	POSTN			0	0					46	20	34769520,38510120,34440692,41636427,39952952	0	S2_gene_in_corpus	membrane	C	C_strong; link in-corpus pmids → 36645183,36899910,33865984,35858321,41373691
membrane_v1	Myofibroblast	PRRX1			0	0					36	6	42256007,37665325,37339216,35858321,39667912	0	S2_gene_in_corpus	membrane	C	C_strong; link in-corpus pmids → 35858321,37339216,42256007,37665325,41230906
membrane_v1	Myofibroblast	TAGLN			0	0					52	21	39732756,34769520,40423739,38510120,41636427	0	S2_gene_in_corpus	membrane	C	C_strong; link in-corpus pmids → 36645183,42652099,33307245,33865984,32439707
membrane_v1	Myofibroblast	TIMP1			0	0					90	34	35280984,40423739,34439995,42450352,36877514	0	S2_gene_in_corpus	membrane	C	C_strong; link in-corpus pmids → 36877514,32539133,40243577,38394161,37443842
membrane_v1	Myofibroblast	TPM1			0	0					33	11	42149027,33036197,42267782,36142331,37867950	0	S2_gene_in_corpus	membrane	C	C_strong; link in-corpus pmids → 33307245,36142331,42149027,38862482,33572787
membrane_v1	Myofibroblast	TPM2			0	0					30	10	40859055,41851243,35474440,40402520,41266745	0	S2_gene_in_corpus	membrane	C	C_strong; link in-corpus pmids → 38670973,41851243,33994920,38862482,40859055
membrane_v1	NK	FGFBP2			0	0					0	0		0	S3_no_corpus_support	membrane	A	EPMC eye-hits=39
membrane_v1	NK	GNLY			0	0					10	2	40653679,42717487	0	S2_gene_in_corpus	membrane	C	C_mid; link in-corpus pmids → 40653679,42717487
membrane_v1	NK	KLRD1			0	0					1	1	40994539	0	S2_gene_in_corpus	membrane	C	C_mid; link in-corpus pmids → 40994539
membrane_v1	NK	KLRF1			0	0					0	0		0	S3_no_corpus_support	membrane	A	EPMC eye-hits=37
membrane_v1	NK	NCR3			0	0					0	0		0	S3_no_corpus_support	membrane	A	EPMC eye-hits=36
membrane_v1	NK	NKG7			0	0					7	5	39952952,33187533,40994539,40778698,39466230	0	S2_gene_in_corpus	membrane	C	C_strong; link in-corpus pmids → 40994539,39466230,40778698,33187533,39952952
membrane_v1	NK	PRF1			0	0					2	2	35280984,42717487	0	S2_gene_in_corpus	membrane	C	C_mid; link in-corpus pmids → 42717487,35280984
membrane_v1	Pericyte	CALD1			0	0					11	6	34439995,38195602,33307245,33572787,34691611	0	S2_gene_in_corpus	membrane	C	C_strong; link in-corpus pmids → 33307245,34439995,38195602,33572787,38214685
membrane_v1	Pericyte	COL1A2			0	0					61	39	34769520,32946783,32987810,38510120,42030193	0	S2_gene_in_corpus	membrane	C	C_strong; link in-corpus pmids → 36645183,36544284,33865984,42717497,35752290
membrane_v1	Pericyte	HIGD1B			0	0					0	0		0	S3_no_corpus_support	membrane	A	EPMC eye-hits=24
membrane_v1	Pericyte	IGFBP7			0	0					21	8	39732756,42149027,40136389,42587300,42256007	0	S2_gene_in_corpus	membrane	C	C_strong; link in-corpus pmids → 42256007,39732756,42149027,42587300,33572787
membrane_v1	Pericyte	ITGA1			0	0					9	6	36877514,39916387,36536086,40882639,41152974	0	S2_gene_in_corpus	membrane	C	C_strong; link in-corpus pmids → 36645183,40882639,36877514,36536086,41152974
membrane_v1	Pericyte	MGP			0	0					123	42	40423739,38774716,41899822,28514956,34603044	0	S2_gene_in_corpus	membrane	C	C_strong; link in-corpus pmids → 36645183,36899910,35858321,34677208,34603044
membrane_v1	Pericyte	NOTCH3			0	0					15	9	41261164,34782554,38383070,37443842,38366188	0	S2_gene_in_corpus	membrane	C	C_strong; link in-corpus pmids → 35858321,36977817,34301870,38366188,38383070
membrane_v1	Pericyte	PDGFRB			0	0					37	21	32946783,35659263,37794584,42450352,39952952	0	S2_gene_in_corpus	membrane	C	C_strong; link in-corpus pmids → 36645183,35705015,32231223,35858321,37794584
membrane_v1	Pericyte	PRRX1			0	0					36	6	42256007,37665325,37339216,35858321,39667912	0	S2_gene_in_corpus	membrane	C	C_strong; link in-corpus pmids → 35858321,37339216,42256007,37665325,41230906
membrane_v1	Pericyte	RGS4			0	0					4	2	39732756,42342706	0	S2_gene_in_corpus	membrane	C	C_mid; link in-corpus pmids → 39732756,42342706
membrane_v1	Pericyte	RGS5			0	0					22	11	42450352,39952952,34006945,34381080,41145463	0	S2_gene_in_corpus	membrane	C	C_strong; link in-corpus pmids → 37670124,31712411,36797232,34006945,38214685
membrane_v1	Pericyte	THY1			0	0					114	38	42149027,32946783,28514956,38698014,33393903	0	S2_gene_in_corpus	membrane	C	C_strong; link in-corpus pmids → 36645183,39734233,38670973,33393903,37540379
membrane_v1	Plasma	DERL3			0	0					0	0		0	S3_no_corpus_support	membrane	A	EPMC eye-hits=40
membrane_v1	Plasma	IGHG1			0	0					7	3	34769520,40136389,34750957	0	S2_gene_in_corpus	membrane	C	C_strong; link in-corpus pmids → 34750957,40136389,34769520
membrane_v1	Plasma	JCHAIN			0	0					12	5	32946783,42450352,38002955,38366188,40778698	0	S2_gene_in_corpus	membrane	C	C_strong; link in-corpus pmids → 32946783,40778698,38366188,38002955,42450352
membrane_v1	Plasma	MZB1			0	0					4	2	39952952,40778698	0	S2_gene_in_corpus	membrane	C	C_mid; link in-corpus pmids → 39952952,40778698
membrane_v1	Plasma	SEC11C			0	0					1	1	35371110	0	S2_gene_in_corpus	membrane	C	C_mid; link in-corpus pmids → 35371110
membrane_v1	Plasma	SLAMF7			0	0					1	1	38232696	0	S2_gene_in_corpus	membrane	C	C_mid; link in-corpus pmids → 38232696
membrane_v1	Plasma	SSR4			0	0					0	0		0	S3_no_corpus_support	membrane	A	EPMC eye-hits=33
membrane_v1	Plasma	TNFRSF17			0	0					2	1	38862482	0	S2_gene_in_corpus	membrane	C	C_mid; link in-corpus pmids → 38862482
membrane_v1	Plasma	XBP1			0	0					62	26	40806731,34650623,41684508,35298655,35329980	0	S2_gene_in_corpus	membrane	C	C_strong; link in-corpus pmids → 34977041,40131364,35298655,37097227,40806731
membrane_v1	Proliferating	BIRC5			0	0					25	13	40423739,42450352,42278250,42589107,33046735	0	S2_gene_in_corpus	membrane	C	C_strong; link in-corpus pmids → 35858321,36645044,34741068,42278250,40598599
membrane_v1	Proliferating	CENPF			0	0					20	12	38510120,42589107,42510807,37291161,37057399	0	S2_gene_in_corpus	membrane	C	C_strong; link in-corpus pmids → 40598599,42510807,37057399,33572787,38510120
membrane_v1	Proliferating	H2AFZ			0	0					1	1	39389360	0	S2_gene_in_corpus	membrane	C	C_mid; link in-corpus pmids → 39389360
membrane_v1	Proliferating	MKI67			0	0					86	49	34769520,40423739,38510120,34445064,36778138	0	S2_gene_in_corpus	membrane	C	C_strong; link in-corpus pmids → 35705015,40994539,36231108,33307245,35858321
membrane_v1	Proliferating	NUSAP1			0	0					4	3	35325233,33572787,32557945	0	S2_gene_in_corpus	membrane	C	C_strong; link in-corpus pmids → 35325233,33572787,32557945
membrane_v1	Proliferating	PTTG1			0	0					26	6	42589107,37291161,37057399,33307245,42139353	0	S2_gene_in_corpus	membrane	C	C_strong; link in-corpus pmids → 33307245,37057399,34946963,42139353,37291161
membrane_v1	Proliferating	STMN1			0	0					10	6	42589107,41851243,37443842,34741068,40016767	0	S2_gene_in_corpus	membrane	C	C_strong; link in-corpus pmids → 34741068,41851243,37057399,37443842,40016767
membrane_v1	Proliferating	TOP2A			0	0					75	35	38510120,34445064,42278250,35241647,42589107	0	S2_gene_in_corpus	membrane	C	C_strong; link in-corpus pmids → 36645183,35705015,40994539,33307245,35858321
membrane_v1	SMC	ACTA2			0	0					159	70	39732756,34769520,32946783,37794584,40423739	0	S2_gene_in_corpus	membrane	C	C_strong; link in-corpus pmids → 36645183,41528844,35705015,32751632,33307245
membrane_v1	SMC	CALD1			0	0					11	6	34439995,38195602,33307245,33572787,34691611	0	S2_gene_in_corpus	membrane	C	C_strong; link in-corpus pmids → 33307245,34439995,38195602,33572787,38214685
membrane_v1	SMC	CNN1			0	0					11	4	39952952,31284269,41609173,31992794	0	S2_gene_in_corpus	membrane	C	C_strong; link in-corpus pmids → 39952952,31284269,41609173,31992794
membrane_v1	SMC	DES			0	0					52	15	42278250,39952952,32437405,34572584,41366246	0	S2_gene_in_corpus	membrane	C	C_strong; link in-corpus pmids → 36645183,41366246,35858321,41309590,41294008
membrane_v1	SMC	LMOD1			0	0					12	3	35557957,40728983,33072724	0	S2_gene_in_corpus	membrane	C	C_strong; link in-corpus pmids → 40728983,35557957,33072724
membrane_v1	SMC	MYH11			0	0					30	14	42030193,28514956,39952952,41769942,40576432	0	S2_gene_in_corpus	membrane	C	C_strong; link in-corpus pmids → 36645183,35858321,32439707,42030193,34783308
membrane_v1	SMC	MYL9			0	0					28	12	32987810,42620929,42717497,33307245,39101028	0	S2_gene_in_corpus	membrane	C	C_strong; link in-corpus pmids → 36645183,33307245,40838019,41309590,42717497
membrane_v1	SMC	TAGLN			0	0					52	21	39732756,34769520,40423739,38510120,41636427	0	S2_gene_in_corpus	membrane	C	C_strong; link in-corpus pmids → 36645183,42652099,33307245,33865984,32439707
membrane_v1	T	CCL5			0	0					100	44	34769520,37545752,36756614,42080790,30673862	0	S2_gene_in_corpus	membrane	C	C_strong; link in-corpus pmids → 35309305,39641748,33865984,38548335,40557874
membrane_v1	T	CD2			0	0					19	14	34769520,32792522,32946783,39952952,33187533	0	S2_gene_in_corpus	membrane	C	C_strong; link in-corpus pmids → 40994539,32946783,35882984,34508129,31712411
membrane_v1	T	CD3D			0	0					14	8	35280984,39952952,40660409,38366188,40994539	0	S2_gene_in_corpus	membrane	C	C_strong; link in-corpus pmids → 40994539,38862482,40778698,35280984,38214685
membrane_v1	T	CD3E			0	0					6	5	35280984,41432545,34508129,38862482,40778698	0	S2_gene_in_corpus	membrane	C	C_strong; link in-corpus pmids → 34508129,38862482,40778698,35280984,41432545
membrane_v1	T	CD3G			0	0					4	2	40140459,PPR_PPR863459	0	S2_gene_in_corpus	membrane	C	C_mid; link in-corpus pmids → PPR_PPR863459,40140459
membrane_v1	T	CD69			0	0					55	16	35280984,28345628,40660409,33114004,35027657	0	S2_gene_in_corpus	membrane	C	C_strong; link in-corpus pmids → 36645183,35858321,39953740,35027657,36877515
membrane_v1	T	IL7R			0	0					14	10	35280984,38383070,39952952,38232696,40160813	0	S2_gene_in_corpus	membrane	C	C_strong; link in-corpus pmids → 40994539,39466230,40160813,38862482,38232696
membrane_v1	T	LCK			0	0					3	3	35280984,42717487,33817299	0	S2_gene_in_corpus	membrane	C	C_strong; link in-corpus pmids → 33817299,42717487,35280984
membrane_v1	T	SKAP1			0	0					0	0		0	S3_no_corpus_support	membrane	A	EPMC eye-hits=28
membrane_v1	T	TRAC			0	0					3	1	39952952	0	S2_gene_in_corpus	membrane	C	C_mid; link in-corpus pmids → 39952952
membrane_v1	T	TRBC2			0	0					0	0		0	S3_no_corpus_support	membrane	A	EPMC eye-hits=34
membrane_v1	cDC1	C1R			0	0					25	9	35882847,31840941,40576432,34072522,41247127	0	S2_gene_in_corpus	membrane	C	C_strong; link in-corpus pmids → 36899910,35882847,31840941,40576432,38722314
membrane_v1	cDC1	C1S			0	0					23	10	34830490,42267782,41651377,35882847,31840941	0	S2_gene_in_corpus	membrane	C	C_strong; link in-corpus pmids → 36899910,34750957,35882847,31840941,34830490
membrane_v1	cDC1	CADM1			0	0					15	6	42149027,35517867,40136389,38623325,33934486	0	S2_gene_in_corpus	membrane	C	C_strong; link in-corpus pmids → 33934486,35517867,42149027,38623325,40136389
membrane_v1	cDC1	CLEC9A			0	0					1	1	40778698	0	S2_gene_in_corpus	membrane	C	C_mid; link in-corpus pmids → 40778698
membrane_v1	cDC1	FLT3			0	0					4	4	35453537,37998352,39466230,41626869	0	S2_gene_in_corpus	membrane	C	C_strong; link in-corpus pmids → 39466230,37998352,41626869,35453537
membrane_v1	cDC1	IRF8			0	0					24	10	39324238,36498991,35922863,34544421,41601638	0	S2_gene_in_corpus	membrane	C	C_strong; link in-corpus pmids → 34544421,36611829,41071880,35922863,39324238
membrane_v1	cDC1	XCR1			0	0					0	0		0	S3_no_corpus_support	membrane	A	EPMC eye-hits=224
membrane_v1	cDC1	ZBTB46			0	0					6	1	28514956	0	S2_gene_in_corpus	membrane	C	C_mid; link in-corpus pmids → 28514956
membrane_v1	cDC2	CD1C			0	0					2	2	40994539,40778698	0	S2_gene_in_corpus	membrane	C	C_mid; link in-corpus pmids → 40994539,40778698
membrane_v1	cDC2	CD4			0	0					526	142	39433211,35280984,37658939,38421865,34439995	0	S2_gene_in_corpus	membrane	C	C_strong; link in-corpus pmids → 39953740,41866494,41403938,41871103,34446787
membrane_v1	cDC2	CLEC10A			0	0					0	0		0	S3_no_corpus_support	membrane	A	EPMC eye-hits=83
membrane_v1	cDC2	FCER1A			0	0					1	1	40994539	0	S2_gene_in_corpus	membrane	C	C_mid; link in-corpus pmids → 40994539
membrane_v1	cDC2	HLA-DRA			0	0					27	15	35280984,37794584,37545752,28514956,40136389	0	S2_gene_in_corpus	membrane	C	C_strong; link in-corpus pmids → 36645183,39466230,34015102,28514956,PPR_PPR900856
membrane_v1	cDC2	S100A10			0	0					17	11	35280984,26900327,39117640,33500475,35474440	0	S2_gene_in_corpus	membrane	C	C_strong; link in-corpus pmids → 33865984,34750957,35298655,39117640,41810892
membrane_v1	pDC	CLEC4C			0	0					0	0		0	S3_no_corpus_support	membrane	A	EPMC eye-hits=27
membrane_v1	pDC	GZMB			0	0					3	3	35280984,41871103,38214685	0	S2_gene_in_corpus	membrane	C	C_strong; link in-corpus pmids → 41871103,38214685,35280984
membrane_v1	pDC	IL3RA			0	0					2	1	35280984	0	S2_gene_in_corpus	membrane	C	C_mid; link in-corpus pmids → 35280984
membrane_v1	pDC	IRF7			0	0					27	8	37217935,30046058,40025497,41717290,40131296	0	S2_gene_in_corpus	membrane	C	C_strong; link in-corpus pmids → 40920489,30046058,40131296,37819938,41717290
membrane_v1	pDC	JCHAIN			0	0					12	5	32946783,42450352,38002955,38366188,40778698	0	S2_gene_in_corpus	membrane	C	C_strong; link in-corpus pmids → 32946783,40778698,38366188,38002955,42450352
membrane_v1	pDC	LILRA4			0	0					0	0		0	S3_no_corpus_support	membrane	A	EPMC eye-hits=28
membrane_v1	pDC	PLD4			0	0					0	0		0	S3_no_corpus_support	membrane	A	EPMC eye-hits=44
membrane_v1	pDC	SERPINF1			0	0					53	21	34445064,37507467,40126508,36408112,35882847	0	S2_gene_in_corpus	membrane	C	C_strong; link in-corpus pmids → 36408112,35705015,36231108,35030321,35882847
membrane_v1	pDC	TCF4			0	0					109	32	35280984,37794584,42450352,40136389,37388908	0	S2_gene_in_corpus	membrane	C	C_strong; link in-corpus pmids → 33664479,41931904,37794584,35974097,39574940
membrane_v1:prov	APC_MHCII_high	CD74		34006945,36119084,38409074,40999978	1	1				34006945,36119084,38409074,40999978	100	36	35280984,33799827,36359852,40136389,37388908	0	S2_gene_in_corpus	membrane	C	C_strong; link in-corpus pmids → 33799827,40882639,40251274,PPR_PPR1218776,40858363
membrane_v1:prov	APC_MHCII_high	FCGR1A		34006945,36119084,38409074,40999978	1	1				34006945,36119084,38409074,40999978	9	5	34769520,34341398,36163311,41152974,40952055	0	S2_gene_in_corpus	membrane	C	C_strong; link in-corpus pmids → 34341398,40952055,34769520,41152974,36163311
membrane_v1:prov	APC_MHCII_high	HLA-DMB		34006945,36119084,38409074,40999978	1	1				34006945,36119084,38409074,40999978	4	2	40136389,41651377	0	S2_gene_in_corpus	membrane	C	C_mid; link in-corpus pmids → 41651377,40136389
membrane_v1:prov	APC_MHCII_high	HLA-DPA1		34006945,36119084,38409074,40999978	1	1				34006945,36119084,38409074,40999978	8	5	40136389,40160813,40858363,39466230,36645183	0	S2_gene_in_corpus	membrane	C	C_strong; link in-corpus pmids → 36645183,39466230,40160813,40858363,40136389
membrane_v1:prov	APC_MHCII_high	HLA-DPB1		34006945,36119084,38409074,40999978	1	1				34006945,36119084,38409074,40999978	7	5	35280984,32668747,40858363,39466230,27641646	0	S2_gene_in_corpus	membrane	C	C_strong; link in-corpus pmids → 39466230,32668747,40858363,35280984,27641646
membrane_v1:prov	APC_MHCII_high	HLA-DQA1		34006945,36119084,38409074,40999978	1	1				34006945,36119084,38409074,40999978	16	5	34638643,40136389,35181781,36712326,36645183	0	S2_gene_in_corpus	membrane	C	C_strong; link in-corpus pmids → 36645183,40136389,34638643,35181781,36712326
membrane_v1:prov	APC_MHCII_high	HLA-DQB1		34006945,36119084,38409074,40999978	1	1				34006945,36119084,38409074,40999978	8	6	35882847,32668747,32870927,42294804,36645183	0	S2_gene_in_corpus	membrane	C	C_strong; link in-corpus pmids → 36645183,35882847,32668747,42294804,32870927
membrane_v1:prov	APC_MHCII_high	HLA-DRA		34006945,36119084,38409074,40999978	1	1				34006945,36119084,38409074,40999978	27	15	35280984,37794584,37545752,28514956,40136389	0	S2_gene_in_corpus	membrane	C	C_strong; link in-corpus pmids → 36645183,39466230,34015102,28514956,PPR_PPR900856
membrane_v1:prov	APC_MHCII_high	HLA-DRB1		34006945,36119084,38409074,40999978	1	1				34006945,36119084,38409074,40999978	12	9	35280984,38394392,32668747,32870927,41755996	0	S2_gene_in_corpus	membrane	C	C_strong; link in-corpus pmids → 38999396,39466230,32668747,38394392,36712326
membrane_v1:prov	APC_MHCII_high	RGS1		34006945,36119084,38409074,40999978	1	1				34006945,36119084,38409074,40999978	25	1	36267780	0	S2_gene_in_corpus	membrane	C	C_mid; link in-corpus pmids → 36267780
membrane_v1:prov	B	BANK1		34006945,36350619	1	0				34006945,36350619	1	1	41528844	0	S2_gene_in_corpus	membrane	C	C_mid; link in-corpus pmids → 41528844
membrane_v1:prov	B	CD79A		34006945,36350619	1	1				34006945,36350619	11	8	39952952,41769942,33187533,34508129,31712411	0	S2_gene_in_corpus	membrane	C	C_strong; link in-corpus pmids → 36645183,34508129,31712411,38862482,40778698
membrane_v1:prov	B	CD79B		34006945,36350619	1	0				34006945,36350619	4	2	41769942,41407891	0	S2_gene_in_corpus	membrane	C	C_mid; link in-corpus pmids → 41769942,41407891
membrane_v1:prov	B	IGKC		34006945,36350619	1	1				34006945,36350619	7	4	34769520,34439995,36408112,34750957	0	S2_gene_in_corpus	membrane	C	C_strong; link in-corpus pmids → 36408112,34750957,34769520,34439995
membrane_v1:prov	B	MS4A1		34006945,36350619	1	0				34006945,36350619	5	4	36671500,39936988,38862482,40778698	0	S2_gene_in_corpus	membrane	C	C_strong; link in-corpus pmids → 39936988,38862482,40778698,36671500
membrane_v1:prov	B	PAX5		34006945,36350619	1	0				34006945,36350619	12	9	32111086,39117640,40253438,36249298,38670973	0	S2_gene_in_corpus	membrane	C	C_strong; link in-corpus pmids → 36830851,38670973,35882984,39117640,40216818
membrane_v1:prov	B	TCL1A		34006945,36350619	1	0				34006945,36350619	3	2	42450352,33176797	0	S2_gene_in_corpus	membrane	C	C_mid; link in-corpus pmids → 33176797,42450352
membrane_v1:prov	Corneal Endothelium	CA3	41060151		0	0			41060151		27	18	40423739,38729157,34558505,39952952,37443842	0	S2_gene_in_corpus	membrane	C	C_strong; link in-corpus pmids → 34206213,35858321,34977041,35474956,38729157
membrane_v1:prov	Corneal Endothelium	CDH2	41060151		0	0			41060151		85	35	37794584,28514956,42589107,32867783,37507467	0	S2_gene_in_corpus	membrane	C	C_strong; link in-corpus pmids → 35705015,33934486,39859409,37794584,37522516
membrane_v1:prov	Corneal Endothelium	SLC4A11	34741068	42115719	1	0	34741068				60	21	39732756,40136389,41301117,37443842,37528478	0	S1_chain_covered	membrane	COVERED	chain PMID in-corpus with chunks
membrane_v1:prov	Endo	ADGRL4		36277849,41390488,41827851	1	1				36277849,41390488,41827851	4	2	42450352,42589107	0	S2_gene_in_corpus	membrane	C	C_mid; link in-corpus pmids → 42589107,42450352
membrane_v1:prov	Endo	CDH5		36277849,41390488,41827851	1	0				36277849,41390488,41827851	26	15	37794584,36220082,39952952,40136401,34072522	0	S2_gene_in_corpus	membrane	C	C_strong; link in-corpus pmids → 38115754,41071880,36220082,32967716,40136401
membrane_v1:prov	Endo	CLDN5		36277849,41390488,41827851	1	1				36277849,41390488,41827851	22	14	34273276,39952952,34249924,41432545,39198892	0	S2_gene_in_corpus	membrane	C	C_strong; link in-corpus pmids → 34341398,34249924,34783308,37856539,31712411
membrane_v1:prov	Endo	ECSCR		36277849,41390488,41827851	1	1				36277849,41390488,41827851	4	2	40131296,41071880	0	S2_gene_in_corpus	membrane	C	C_mid; link in-corpus pmids → 41071880,40131296
membrane_v1:prov	Endo	ESAM		36277849,41390488,41827851	1	1				36277849,41390488,41827851	7	1	41989229	0	S2_gene_in_corpus	membrane	C	C_mid; link in-corpus pmids → 41989229
membrane_v1:prov	Endo	FLT1		36277849,41390488,41827851	1	1				36277849,41390488,41827851	27	15	35659263,37794584,41528844,38383070,39952952	0	S2_gene_in_corpus	membrane	C	C_strong; link in-corpus pmids → 41528844,34206213,32439707,34779136,33640465
membrane_v1:prov	Endo	GNG11		36277849,41390488,41827851	1	1				36277849,41390488,41827851	1	1	33792620	0	S2_gene_in_corpus	membrane	C	C_mid; link in-corpus pmids → 33792620
membrane_v1:prov	Endo	KDR		36277849,41390488,41827851	1	0				36277849,41390488,41827851	88	39	35659263,37794584,40423739,36220082,42080790	0	S2_gene_in_corpus	membrane	C	C_strong; link in-corpus pmids → 36645183,36408112,33865984,37175646,39056772
membrane_v1:prov	Endo	PECAM1		36277849,41390488,41827851	1	1				36277849,41390488,41827851	73	38	37794584,36220082,39790557,34273276,36877514	0	S2_gene_in_corpus	membrane	C	C_strong; link in-corpus pmids → 35858321,36877514,41577708,32439707,35212809
membrane_v1:prov	Endo	PLVAP		36277849,41390488,41827851	1	0				36277849,41390488,41827851	39	19	41827851,34273276,37637086,39952952,37559903	0	S2_gene_in_corpus	membrane	C	C_strong; link in-corpus pmids → 31712411,40238113,36320068,41432545,35181781
membrane_v1:prov	Endo	RAMP2		36277849,41390488,41827851	1	1				36277849,41390488,41827851	1	1	39521855	0	S2_gene_in_corpus	membrane	C	C_mid; link in-corpus pmids → 39521855
membrane_v1:prov	Endo	TM4SF1		36277849,41390488,41827851	1	1				36277849,41390488,41827851	5	3	35280984,33572787,39532995	0	S2_gene_in_corpus	membrane	C	C_strong; link in-corpus pmids → 39532995,33572787,35280984
membrane_v1:prov	Endo	VWF		36277849,41390488,41827851	1	1				36277849,41390488,41827851	34	26	32946783,37794584,34273276,39952952,32832237	0	S2_gene_in_corpus	membrane	C	C_strong; link in-corpus pmids → 36645183,36408112,34677208,32678293,31712411
membrane_v1:prov	Endo_Patho	DLL4		36277849,41390488,41827851	1	0				36277849,41390488,41827851	37	18	42437121,34273276,34782554,39952952,35181781	0	S2_gene_in_corpus	membrane	C	C_strong; link in-corpus pmids → 35181781,34055784,39518910,39448874,37253747
membrane_v1:prov	Endo_Patho	HIF1A		36277849,41390488,41827851	1	0				36277849,41390488,41827851	68	28	39433211,35280984,42450352,37569323,42080790	0	S2_gene_in_corpus	membrane	C	C_strong; link in-corpus pmids → 35030321,40806731,34779136,34823561,40390022
membrane_v1:prov	Endo_Patho	ICAM1		36277849,41390488,41827851	1	0				36277849,41390488,41827851	87	41	35280984,37388919,41615370,39790557,42080790	0	S2_gene_in_corpus	membrane	C	C_strong; link in-corpus pmids → 41960189,36877514,29415988,31712411,42587300
membrane_v1:prov	Endo_Patho	NDUFA4L2		36277849,41390488,41827851	1	1				36277849,41390488,41827851	6	3	39952952,38670973,33307245	0	S2_gene_in_corpus	membrane	C	C_strong; link in-corpus pmids → 33307245,38670973,39952952
membrane_v1:prov	Endo_Patho	PLVAP		36277849,41390488,41827851	1	0				36277849,41390488,41827851	39	19	41827851,34273276,37637086,39952952,37559903	0	S2_gene_in_corpus	membrane	C	C_strong; link in-corpus pmids → 31712411,40238113,36320068,41432545,35181781
membrane_v1:prov	Endo_Patho	VCAM1		36277849,41390488,41827851	1	0				36277849,41390488,41827851	47	21	41899822,28514956,36877514,41851243,40126508	0	S2_gene_in_corpus	membrane	C	C_strong; link in-corpus pmids → 36877514,42717497,31712411,40303324,36077073
membrane_v1:prov	Fibroblast	COL1A1		36231108,41230906	1	1				36231108,41230906	292	99	40679332,34769520,32987810,38510120,42030193	0	S2_gene_in_corpus	membrane	C	C_strong; link in-corpus pmids → 36645183,33865984,35705015,36899910,35517867
membrane_v1:prov	Fibroblast	COL1A2		36231108,41230906	1	1				36231108,41230906	61	39	34769520,32946783,32987810,38510120,42030193	0	S2_gene_in_corpus	membrane	C	C_strong; link in-corpus pmids → 36645183,36544284,33865984,42717497,35752290
membrane_v1:prov	Fibroblast	COL3A1		36231108,41230906	1	1				36231108,41230906	60	34	34769520,34830490,42450352,37569323,38510120	0	S2_gene_in_corpus	membrane	C	C_strong; link in-corpus pmids → 36645183,36408112,33865984,38670973,34830490
membrane_v1:prov	Fibroblast	DCN		36231108,41230906	1	1				36231108,41230906	119	44	35280984,40423739,42030193,38774716,35517867	0	S2_gene_in_corpus	membrane	C	C_strong; link in-corpus pmids → 36645183,38670973,32439707,35858321,35517867
membrane_v1:prov	Fibroblast	FBN1		36231108,41230906	1	1				36231108,41230906	69	24	39732756,32987810,42450352,35557957,42030193	0	S2_gene_in_corpus	membrane	C	C_strong; link in-corpus pmids → 36408112,35858321,35752290,33646289,42450352
membrane_v1:prov	Fibroblast	FN1		36231108,41230906	1	0				36231108,41230906	234	96	34769520,32987810,42080790,35517867,28514956	0	S2_gene_in_corpus	membrane	C	C_strong; link in-corpus pmids → 36408112,41366246,34544421,36185374,33865984
membrane_v1:prov	Fibroblast	LUM		36231108,41230906	1	0				36231108,41230906	79	22	35280984,34769520,38510120,42030193,38774716	0	S2_gene_in_corpus	membrane	C	C_strong; link in-corpus pmids → 33865984,37443842,34381080,40437144,42030193
membrane_v1:prov	Fibroblast	MMP2		36231108,41230906	1	0				36231108,41230906	316	100	35280984,34769520,34439995,41752009,42450352	0	S2_gene_in_corpus	membrane	C	C_strong; link in-corpus pmids → 40331961,39734536,35882847,39506758,40598610
membrane_v1:prov	Fibroblast	PTGDS		36231108,41230906	1	0				36231108,41230906	52	17	35280984,41856199,40423739,34439995,28514956	0	S2_gene_in_corpus	membrane	C	C_strong; link in-corpus pmids → 33307245,36830851,37339216,35882847,35298655
membrane_v1:prov	Fibroblast	THY1		36231108,41230906	1	0				36231108,41230906	114	38	42149027,32946783,28514956,38698014,33393903	0	S2_gene_in_corpus	membrane	C	C_strong; link in-corpus pmids → 36645183,39734233,38670973,33393903,37540379
membrane_v1:prov	Granulocyte	ANXA1		34006945,36119084,38409074,40999978	1	1				34006945,36119084,38409074,40999978	34	19	35280984,30673862,42030193,40136389,41851243	0	S2_gene_in_corpus	membrane	C	C_strong; link in-corpus pmids → 42652099,36231108,33865984,34750957,41327293
membrane_v1:prov	Granulocyte	C5AR1		34006945,36119084,38409074,40999978	1	1				34006945,36119084,38409074,40999978	22	9	35280984,35831910,33918210,42756340,32859013	0	S2_gene_in_corpus	membrane	C	C_strong; link in-corpus pmids → 40994539,33918210,35831910,42756340,35280984
membrane_v1:prov	Granulocyte	CAMP		34006945,36119084,38409074,40999978	1	0				34006945,36119084,38409074,40999978	16	3	40423739,40653679,35722307	0	S2_gene_in_corpus	membrane	C	C_strong; link in-corpus pmids → 40653679,35722307,40423739
membrane_v1:prov	Granulocyte	CD36		34006945,36119084,38409074,40999978	1	1				34006945,36119084,38409074,40999978	78	26	39433211,40239758,38744193,38334673,33602265	0	S2_gene_in_corpus	membrane	C	C_strong; link in-corpus pmids → 36899910,38528525,39734536,38334673,34819832
membrane_v1:prov	Granulocyte	CSF3R		34006945,36119084,38409074,40999978	1	0				34006945,36119084,38409074,40999978	6	4	39641748,38862482,36821388,38214685	0	S2_gene_in_corpus	membrane	C	C_strong; link in-corpus pmids → 39641748,38214685,36821388,38862482
membrane_v1:prov	Granulocyte	CXCR2		34006945,36119084,38409074,40999978	1	0				34006945,36119084,38409074,40999978	32	14	39790557,42080790,41629264,36349481,33934486	0	S2_gene_in_corpus	membrane	C	C_strong; link in-corpus pmids → 33934486,37670124,39461953,39790557,35884862
membrane_v1:prov	Granulocyte	ELANE		34006945,36119084,38409074,40999978	1	0				34006945,36119084,38409074,40999978	0	0		0	S2b_context_only	membrane	A	S2 mention ctx-mismatch; EPMC eye-lit exists
membrane_v1:prov	Granulocyte	FCGR3B		34006945,36119084,38409074,40999978	1	0				34006945,36119084,38409074,40999978	2	1	38862482	0	S2_gene_in_corpus	membrane	C	C_mid; link in-corpus pmids → 38862482
membrane_v1:prov	Granulocyte	IL1RN		34006945,36119084,38409074,40999978	1	0				34006945,36119084,38409074,40999978	27	9	35280984,34769520,34638643,41651377,32437405	0	S2_gene_in_corpus	membrane	C	C_strong; link in-corpus pmids → 42100661,32437405,34769520,36671500,36213538
membrane_v1:prov	Granulocyte	LTF		34006945,36119084,38409074,40999978	1	0				34006945,36119084,38409074,40999978	16	7	36262888,34439995,42589107,39936988,28733649	0	S2_gene_in_corpus	membrane	C	C_strong; link in-corpus pmids → 34439995,40761516,28733649,36262888,42589107
membrane_v1:prov	Granulocyte	MPO		34006945,36119084,38409074,40999978	1	0				34006945,36119084,38409074,40999978	39	18	34439995,35897758,38755602,42294804,37830555	0	S2_gene_in_corpus	membrane	C	C_strong; link in-corpus pmids → 40172766,32426498,35965828,34439995,32905166
membrane_v1:prov	Granulocyte	TGFBI		34006945,36119084,38409074,40999978	1	1				34006945,36119084,38409074,40999978	32	18	35280984,35517867,40136389,37443842,41651377	0	S2_gene_in_corpus	membrane	C	C_strong; link in-corpus pmids → 33865984,35858321,35517867,36577775,26052939
membrane_v1:prov	Granulocyte	TIMP1		34006945,36119084,38409074,40999978	1	1				34006945,36119084,38409074,40999978	90	34	35280984,40423739,34439995,42450352,36877514	0	S2_gene_in_corpus	membrane	C	C_strong; link in-corpus pmids → 36877514,32539133,40243577,38394161,37443842
membrane_v1:prov	Keratocytes	ALDH3A1	34741068	36982917,39652089	0	0	34741068			36982917	130	33	41752009,34946854,37443842,37061739,40562965	0	S1_chain_covered	membrane	COVERED	chain PMID in-corpus with chunks
membrane_v1:prov	Keratocytes	KERA	34741068		1	0	34741068				87	22	34769520,38774716,35517867,37443842,37061739	0	S1_chain_covered	membrane	COVERED	chain PMID in-corpus with chunks
membrane_v1:prov	Keratocytes	NNMT	34741068		0	0	34741068				6	3	35280984,41636427,34741068	0	S1_chain_covered	membrane	COVERED	chain PMID in-corpus with chunks
membrane_v1:prov	Mac_DAM_LAM	APOE		34006945,36119084,38409074,40999978	1	1				34006945,36119084,38409074,40999978	202	73	39433211,35280984,37545752,40423739,34439995	0	S2_gene_in_corpus	membrane	C	C_strong; link in-corpus pmids → 36645183,41528844,38670973,35882847,36899910
membrane_v1:prov	Mac_DAM_LAM	ASAH1		34006945,36119084,38409074,40999978	1	1				34006945,36119084,38409074,40999978	8	3	39433211,35280984,38502591	0	S2_gene_in_corpus	membrane	C	C_strong; link in-corpus pmids → 39433211,38502591,35280984
membrane_v1:prov	Mac_DAM_LAM	CCL3		34006945,36119084,38409074,40999978	1	1				34006945,36119084,38409074,40999978	56	28	35280984,34769520,41752009,39514271,30673862	0	S2_gene_in_corpus	membrane	C	C_strong; link in-corpus pmids → 39641748,33865984,36408381,32373289,39461953
membrane_v1:prov	Mac_DAM_LAM	CCL4		34006945,36119084,38409074,40999978	1	1				34006945,36119084,38409074,40999978	50	24	35280984,42450352,36756614,39514271,30673862	0	S2_gene_in_corpus	membrane	C	C_strong; link in-corpus pmids → 39641748,36408381,32437405,42294804,42450352
membrane_v1:prov	Mac_DAM_LAM	CD9		34006945,36119084,38409074,40999978	1	0				34006945,36119084,38409074,40999978	119	48	35280984,37545752,40836034,39587330,40537004	0	S2_gene_in_corpus	membrane	C	C_strong; link in-corpus pmids → 33047885,35882847,42232161,36544284,32373289
membrane_v1:prov	Mac_DAM_LAM	CTSD		34006945,36119084,38409074,40999978	1	1				34006945,36119084,38409074,40999978	40	15	35280984,42030193,41744788,36671500,42217275	0	S2_gene_in_corpus	membrane	C	C_strong; link in-corpus pmids → 34750957,42030193,34674604,38722314,32815311
membrane_v1:prov	Mac_DAM_LAM	FTH1		34006945,36119084,38409074,40999978	1	1				34006945,36119084,38409074,40999978	47	18	35280984,32792522,40234585,41684508,42217275	0	S2_gene_in_corpus	membrane	C	C_strong; link in-corpus pmids → 41960189,33307245,42652099,40703032,39953740
membrane_v1:prov	Mac_DAM_LAM	FTL		34006945,36119084,38409074,40999978	1	1				34006945,36119084,38409074,40999978	41	17	35280984,32792522,35517867,41684508,42217275	0	S2_gene_in_corpus	membrane	C	C_strong; link in-corpus pmids → 41960189,39663766,35517867,40131364,35371110
membrane_v1:prov	Mac_DAM_LAM	GPNMB		34006945,36119084,38409074,40999978	1	1				34006945,36119084,38409074,40999978	16	4	35280984,42666080,36035999,34735454	0	S2_gene_in_corpus	membrane	C	C_strong; link in-corpus pmids → 34735454,36035999,42666080,35280984
membrane_v1:prov	Mac_DAM_LAM	HMOX1		34006945,36119084,38409074,40999978	1	1				34006945,36119084,38409074,40999978	68	27	35280984,32792522,34946854,42589107,40710374	0	S2_gene_in_corpus	membrane	C	C_strong; link in-corpus pmids → 41960189,34977041,41516321,36413373,41655020
membrane_v1:prov	Mac_DAM_LAM	LGMN		34006945,36119084,38409074,40999978	1	1				34006945,36119084,38409074,40999978	0	0		0	S2b_context_only	membrane	A	S2 mention ctx-mismatch; EPMC eye-lit exists
membrane_v1:prov	Mac_DAM_LAM	LIPA		34006945,36119084,38409074,40999978	1	1				34006945,36119084,38409074,40999978	3	2	37316554,42584788	0	S2_gene_in_corpus	membrane	C	C_mid; link in-corpus pmids → 42584788,37316554
membrane_v1:prov	Mac_DAM_LAM	MMP9		34006945,36119084,38409074,40999978	1	0				34006945,36119084,38409074,40999978	262	100	40679332,35280984,34769520,40423739,34439995	0	S2_gene_in_corpus	membrane	C	C_strong; link in-corpus pmids → 41528844,40331961,39506758,40722628,33759344
membrane_v1:prov	Mac_DAM_LAM	OLR1		34006945,36119084,38409074,40999978	1	0				34006945,36119084,38409074,40999978	7	2	37389178,42589107	0	S2_gene_in_corpus	membrane	C	C_mid; link in-corpus pmids → 37389178,42589107
membrane_v1:prov	Mac_DAM_LAM	PLD3		34006945,36119084,38409074,40999978	1	1				34006945,36119084,38409074,40999978	2	1	35280984	0	S2_gene_in_corpus	membrane	C	C_mid; link in-corpus pmids → 35280984
membrane_v1:prov	Mac_DAM_LAM	SPP1		34006945,36119084,38409074,40999978	1	1				34006945,36119084,38409074,40999978	189	48	35280984,36577373,37545752,40423739,42450352	0	S2_gene_in_corpus	membrane	C	C_strong; link in-corpus pmids → 37624696,42652099,34544421,36899910,33307245
membrane_v1:prov	Mac_DAM_LAM	TREM2		34006945,36119084,38409074,40999978	1	0				34006945,36119084,38409074,40999978	70	21	42666080,39514271,39952952,36076283,33602265	0	S2_gene_in_corpus	membrane	C	C_strong; link in-corpus pmids → 33585455,36644817,38289348,42666080,39514271
membrane_v1:prov	Mac_Tissue	C1QA		34006945,36119084,38409074,40999978	1	1				34006945,36119084,38409074,40999978	29	20	34830490,34445064,37217935,36277849,40660409	118	S2_gene_in_corpus	membrane	C	C_strong; link in-corpus pmids → 36408381,34830490,35212809,34445064,40858363
membrane_v1:prov	Mac_Tissue	C1QB		34006945,36119084,38409074,40999978	1	0				34006945,36119084,38409074,40999978	20	12	34445064,41651377,39916387,35784369,35432302	66	S2_gene_in_corpus	membrane	C	C_strong; link in-corpus pmids → 32439707,34341398,35371110,41810892,34445064
membrane_v1:prov	Mac_Tissue	C1QC		34006945,36119084,38409074,40999978	1	1				34006945,36119084,38409074,40999978	12	8	34830490,34445064,35517867,35805159,35181781	0	S2_gene_in_corpus	membrane	C	C_strong; link in-corpus pmids → 35517867,34830490,41071880,34445064,35805159
membrane_v1:prov	Mac_Tissue	CD163		34006945,36119084,38409074,40999978	1	1				34006945,36119084,38409074,40999978	81	36	37794584,35789843,41471055,37217935,35986368	0	S2_gene_in_corpus	membrane	C	C_strong; link in-corpus pmids → 40994539,34544421,35986368,35858321,40976555
membrane_v1:prov	Mac_Tissue	CD5L		34006945,36119084,38409074,40999978	1	0				34006945,36119084,38409074,40999978	0	0		0	S2b_context_only	membrane	A	S2 mention ctx-mismatch; EPMC eye-lit exists
membrane_v1:prov	Mac_Tissue	F13A1		34006945,36119084,38409074,40999978	1	1				34006945,36119084,38409074,40999978	3	3	41528844,35181781,35858321	0	S2_gene_in_corpus	membrane	C	C_strong; link in-corpus pmids → 41528844,35858321,35181781
membrane_v1:prov	Mac_Tissue	FOLR2		34006945,36119084,38409074,40999978	1	1				34006945,36119084,38409074,40999978	4	2	35181781,42152120	0	S2_gene_in_corpus	membrane	C	C_mid; link in-corpus pmids → 42152120,35181781
membrane_v1:prov	Mac_Tissue	ITM2B		34006945,36119084,38409074,40999978	1	1				34006945,36119084,38409074,40999978	5	3	33673358,35557957,35371110	0	S2_gene_in_corpus	membrane	C	C_strong; link in-corpus pmids → 35557957,35371110,33673358
membrane_v1:prov	Mac_Tissue	LYVE1		34006945,36119084,38409074,40999978	1	0				34006945,36119084,38409074,40999978	49	21	34769520,40136389,39952952,38232696,39422453	0	S2_gene_in_corpus	membrane	C	C_strong; link in-corpus pmids → 33865984,35858321,32439707,32917640,33053795
membrane_v1:prov	Mac_Tissue	MAF		34006945,36119084,38409074,40999978	1	1				34006945,36119084,38409074,40999978	124	55	33513185,42437121,36262888,34638643,37388919	0	S2_gene_in_corpus	membrane	C	C_strong; link in-corpus pmids → 35882847,37371607,41632798,38195602,28827829
membrane_v1:prov	Mac_Tissue	MRC1		34006945,36119084,38409074,40999978	1	1				34006945,36119084,38409074,40999978	15	9	34769520,33046735,33141819,35181781,40238113	0	S2_gene_in_corpus	membrane	C	C_strong; link in-corpus pmids → 33046735,41979250,41007615,40243577,40238113
membrane_v1:prov	Mac_Tissue	SELENOP		34006945,36119084,38409074,40999978	1	1				34006945,36119084,38409074,40999978	1	1	35859009	0	S2_gene_in_corpus	membrane	C	C_mid; link in-corpus pmids → 35859009
membrane_v1:prov	Mac_Tissue	SLC40A1		34006945,36119084,38409074,40999978	1	1				34006945,36119084,38409074,40999978	17	7	32792522,32183063,40234585,35185447,39332053	0	S2_gene_in_corpus	membrane	C	C_strong; link in-corpus pmids → 40234585,39796164,32183063,32792522,35185447
membrane_v1:prov	Mac_Tissue	STAB1		34006945,36119084,38409074,40999978	1	1				34006945,36119084,38409074,40999978	1	1	35858321	0	S2_gene_in_corpus	membrane	C	C_mid; link in-corpus pmids → 35858321
membrane_v1:prov	Mac_Tissue	VSIG4		34006945,36119084,38409074,40999978	1	0				34006945,36119084,38409074,40999978	6	5	34439995,39198892,35784369,36110094,34381080	0	S2_gene_in_corpus	membrane	C	C_strong; link in-corpus pmids → 34439995,36110094,34381080,35784369,39198892
membrane_v1:prov	Microglia	AIF1		34006945,36119084,38409074,40999978	1	0				34006945,36119084,38409074,40999978	42	26	35280984,32946783,37794584,35806438,42666080	0	S2_gene_in_corpus	membrane	C	C_strong; link in-corpus pmids → 40994539,35212809,40126507,31712411,35806438
membrane_v1:prov	Microglia	CX3CR1		34006945,36119084,38409074,40999978	1	0				34006945,36119084,38409074,40999978	218	67	32946783,37794584,36756614,39514271,34445064	0	S2_gene_in_corpus	membrane	C	C_strong; link in-corpus pmids → 35309305,33585455,37605279,40882639,36662852
membrane_v1:prov	Microglia	FCER1G		34006945,36119084,38409074,40999978	1	1				34006945,36119084,38409074,40999978	6	2	35280984,41651377	0	S2_gene_in_corpus	membrane	C	C_mid; link in-corpus pmids → 41651377,35280984
membrane_v1:prov	Microglia	GPR34		34006945,36119084,38409074,40999978	1	0				34006945,36119084,38409074,40999978	0	0		0	S2b_context_only	membrane	A	S2 mention ctx-mismatch; EPMC eye-lit exists
membrane_v1:prov	Microglia	HEXB		34006945,36119084,38409074,40999978	1	0				34006945,36119084,38409074,40999978	3	2	38564108,42584788	0	S2_gene_in_corpus	membrane	C	C_mid; link in-corpus pmids → 38564108,42584788
membrane_v1:prov	Microglia	IRF8		34006945,36119084,38409074,40999978	1	0				34006945,36119084,38409074,40999978	24	10	39324238,36498991,35922863,34544421,41601638	0	S2_gene_in_corpus	membrane	C	C_strong; link in-corpus pmids → 34544421,36611829,41071880,35922863,39324238
membrane_v1:prov	Microglia	OLFML3		34006945,36119084,38409074,40999978	1	0				34006945,36119084,38409074,40999978	0	0		0	S2b_context_only	membrane	A	S2 mention ctx-mismatch; EPMC eye-lit exists
membrane_v1:prov	Microglia	P2RY12		34006945,36119084,38409074,40999978	1	0				34006945,36119084,38409074,40999978	57	24	37794584,39514271,39340587,38564108,40994539	0	S2_gene_in_corpus	membrane	C	C_strong; link in-corpus pmids → 40994539,34544421,35309305,37838654,39340587
membrane_v1:prov	Microglia	SALL1		34006945,36119084,38409074,40999978	1	0				34006945,36119084,38409074,40999978	6	4	41516321,34544421,41270749,34613793	0	S2_gene_in_corpus	membrane	C	C_strong; link in-corpus pmids → 34544421,34613793,41516321,41270749
membrane_v1:prov	Microglia	SIGLEC11		34006945,36119084,38409074,40999978	1	0				34006945,36119084,38409074,40999978	0	0		0	S2b_context_only	membrane	A	S2 mention ctx-mismatch; EPMC eye-lit exists
membrane_v1:prov	Microglia	TMEM119		34006945,36119084,38409074,40999978	1	0				34006945,36119084,38409074,40999978	76	33	37794584,39514271,35789843,37217935,36076283	0	S2_gene_in_corpus	membrane	C	C_strong; link in-corpus pmids → 40994539,34544421,35309305,36644817,38289348
membrane_v1:prov	Microglia	TYROBP		34006945,36119084,38409074,40999978	1	1				34006945,36119084,38409074,40999978	13	8	35280984,32450896,40660409,40576432,40025497	45	S2_gene_in_corpus	membrane	C	C_strong; link in-corpus pmids → 32439707,32450896,40576432,35432302,35280984
membrane_v1:prov	Mono_Classical	CD14		34006945,36119084,38409074,40999978	1	0				34006945,36119084,38409074,40999978	98	50	35280984,37658939,34439995,41615370,32075760	0	S2_gene_in_corpus	membrane	C	C_strong; link in-corpus pmids → 36645183,41871103,36408381,36644817,39560701
membrane_v1:prov	Mono_Classical	CTSS		34006945,36119084,38409074,40999978	1	1				34006945,36119084,38409074,40999978	24	10	35280984,37794584,39514271,41615370,35718942	0	S2_gene_in_corpus	membrane	C	C_strong; link in-corpus pmids → 40557874,35309305,42584788,35718942,37794584
membrane_v1:prov	Mono_Classical	FCN1		34006945,36119084,38409074,40999978	1	1				34006945,36119084,38409074,40999978	9	4	34830490,35181781,35784369,40226626	0	S2_gene_in_corpus	membrane	C	C_strong; link in-corpus pmids → 35181781,34830490,35784369,40226626
membrane_v1:prov	Mono_Classical	LYZ		34006945,36119084,38409074,40999978	1	1				34006945,36119084,38409074,40999978	20	6	35280984,36262888,34439995,42030193,28733649	0	S2_gene_in_corpus	membrane	C	C_strong; link in-corpus pmids → 42030193,34439995,40761516,28733649,35280984
membrane_v1:prov	Mono_Classical	MNDA		34006945,36119084,38409074,40999978	1	1				34006945,36119084,38409074,40999978	0	0		0	S2b_context_only	membrane	A	S2 mention ctx-mismatch; EPMC eye-lit exists
membrane_v1:prov	Mono_Classical	S100A12		34006945,36119084,38409074,40999978	1	1				34006945,36119084,38409074,40999978	0	0		0	S2b_context_only	membrane	A	S2 mention ctx-mismatch; EPMC eye-lit exists
membrane_v1:prov	Mono_Classical	S100A8		34006945,36119084,38409074,40999978	1	1				34006945,36119084,38409074,40999978	29	17	35280984,34769520,30673862,37443842,36671500	0	S2_gene_in_corpus	membrane	C	C_strong; link in-corpus pmids → 33865984,34750957,39466230,34741068,40390022
membrane_v1:prov	Mono_Classical	S100A9		34006945,36119084,38409074,40999978	1	1				34006945,36119084,38409074,40999978	58	29	35280984,34769520,34830490,30673862,42030193	0	S2_gene_in_corpus	membrane	C	C_strong; link in-corpus pmids → 33865984,34750957,34830490,40390022,40238113
membrane_v1:prov	Mono_Classical	SELL		34006945,36119084,38409074,40999978	1	0				34006945,36119084,38409074,40999978	8	6	36877514,41120701,38862482,38190125,37507439	0	S2_gene_in_corpus	membrane	C	C_strong; link in-corpus pmids → 36877514,38862482,37507439,42493528,38190125
membrane_v1:prov	Mono_Classical	SERPINA1		34006945,36119084,38409074,40999978	1	1				34006945,36119084,38409074,40999978	16	9	35280984,34439995,42030193,40136389,33036197	0	S2_gene_in_corpus	membrane	C	C_strong; link in-corpus pmids → 40499779,42030193,34439995,26990160,40136389
membrane_v1:prov	Mono_Classical	VCAN		34006945,36119084,38409074,40999978	1	1				34006945,36119084,38409074,40999978	37	18	35280984,33673358,34769520,32987810,36877514	0	S2_gene_in_corpus	membrane	C	C_strong; link in-corpus pmids → 36877514,41810892,38862482,38760655,38394161
membrane_v1:prov	Mono_Nonclassical	CX3CR1		34006945,36119084,38409074,40999978	1	0				34006945,36119084,38409074,40999978	218	67	32946783,37794584,36756614,39514271,34445064	0	S2_gene_in_corpus	membrane	C	C_strong; link in-corpus pmids → 35309305,33585455,37605279,40882639,36662852
membrane_v1:prov	Mono_Nonclassical	FCGR3A		34006945,36119084,38409074,40999978	1	0				34006945,36119084,38409074,40999978	3	1	34769520	0	S2_gene_in_corpus	membrane	C	C_mid; link in-corpus pmids → 34769520
membrane_v1:prov	Mono_Nonclassical	IL1B		34006945,36119084,38409074,40999978	1	0				34006945,36119084,38409074,40999978	101	46	35280984,34769520,40423739,36901754,39514271	0	S2_gene_in_corpus	membrane	C	C_strong; link in-corpus pmids → 36901754,41960189,33865984,40758602,41224754
membrane_v1:prov	Mono_Nonclassical	LST1		34006945,36119084,38409074,40999978	1	0				34006945,36119084,38409074,40999978	1	1	32946783	0	S2_gene_in_corpus	membrane	C	C_mid; link in-corpus pmids → 32946783
membrane_v1:prov	Mono_Nonclassical	MS4A7		34006945,36119084,38409074,40999978	1	0				34006945,36119084,38409074,40999978	4	1	35280984	0	S2_gene_in_corpus	membrane	C	C_mid; link in-corpus pmids → 35280984
membrane_v1:prov	Myofibroblast	ACTA2		36231108,41230906	1	1				36231108,41230906	159	70	39732756,34769520,32946783,37794584,40423739	0	S2_gene_in_corpus	membrane	C	C_strong; link in-corpus pmids → 36645183,41528844,35705015,32751632,33307245
membrane_v1:prov	Myofibroblast	COL1A1		36231108,41230906	1	1				36231108,41230906	292	99	40679332,34769520,32987810,38510120,42030193	0	S2_gene_in_corpus	membrane	C	C_strong; link in-corpus pmids → 36645183,33865984,35705015,36899910,35517867
membrane_v1:prov	Myofibroblast	COL1A2		36231108,41230906	1	1				36231108,41230906	61	39	34769520,32946783,32987810,38510120,42030193	0	S2_gene_in_corpus	membrane	C	C_strong; link in-corpus pmids → 36645183,36544284,33865984,42717497,35752290
membrane_v1:prov	Myofibroblast	CTHRC1		36231108,41230906	1	1				36231108,41230906	3	2	42589107,39936988	0	S2_gene_in_corpus	membrane	C	C_mid; link in-corpus pmids → 42589107,39936988
membrane_v1:prov	Myofibroblast	FN1		36231108,41230906	1	0				36231108,41230906	234	96	34769520,32987810,42080790,35517867,28514956	0	S2_gene_in_corpus	membrane	C	C_strong; link in-corpus pmids → 36408112,41366246,34544421,36185374,33865984
membrane_v1:prov	Myofibroblast	MYL9		36231108,41230906	1	1				36231108,41230906	28	12	32987810,42620929,42717497,33307245,39101028	0	S2_gene_in_corpus	membrane	C	C_strong; link in-corpus pmids → 36645183,33307245,40838019,41309590,42717497
membrane_v1:prov	Myofibroblast	POSTN		36231108,41230906	1	1				36231108,41230906	46	20	34769520,38510120,34440692,41636427,39952952	0	S2_gene_in_corpus	membrane	C	C_strong; link in-corpus pmids → 36645183,36899910,33865984,35858321,41373691
membrane_v1:prov	Myofibroblast	PRRX1		36231108,41230906	1	0				36231108,41230906	36	6	42256007,37665325,37339216,35858321,39667912	0	S2_gene_in_corpus	membrane	C	C_strong; link in-corpus pmids → 35858321,37339216,42256007,37665325,41230906
membrane_v1:prov	Myofibroblast	TAGLN		36231108,41230906	1	1				36231108,41230906	52	21	39732756,34769520,40423739,38510120,41636427	0	S2_gene_in_corpus	membrane	C	C_strong; link in-corpus pmids → 36645183,42652099,33307245,33865984,32439707
membrane_v1:prov	Myofibroblast	TIMP1		36231108,41230906	1	1				36231108,41230906	90	34	35280984,40423739,34439995,42450352,36877514	0	S2_gene_in_corpus	membrane	C	C_strong; link in-corpus pmids → 36877514,32539133,40243577,38394161,37443842
membrane_v1:prov	Myofibroblast	TPM1		36231108,41230906	1	1				36231108,41230906	33	11	42149027,33036197,42267782,36142331,37867950	0	S2_gene_in_corpus	membrane	C	C_strong; link in-corpus pmids → 33307245,36142331,42149027,38862482,33572787
membrane_v1:prov	Myofibroblast	TPM2		36231108,41230906	1	1				36231108,41230906	30	10	40859055,41851243,35474440,40402520,41266745	0	S2_gene_in_corpus	membrane	C	C_strong; link in-corpus pmids → 38670973,41851243,33994920,38862482,40859055
membrane_v1:prov	NK	FGFBP2		34006945,36350619	1	0				34006945,36350619	0	0		0	S2b_context_only	membrane	A	S2 mention ctx-mismatch; EPMC eye-lit exists
membrane_v1:prov	NK	GNLY		34006945,36350619	1	0				34006945,36350619	10	2	40653679,42717487	0	S2_gene_in_corpus	membrane	C	C_mid; link in-corpus pmids → 40653679,42717487
membrane_v1:prov	NK	KLRD1		34006945,36350619	1	0				34006945,36350619	1	1	40994539	0	S2_gene_in_corpus	membrane	C	C_mid; link in-corpus pmids → 40994539
membrane_v1:prov	NK	KLRF1		34006945,36350619	1	0				34006945,36350619	0	0		0	S2b_context_only	membrane	A	S2 mention ctx-mismatch; EPMC eye-lit exists
membrane_v1:prov	NK	NCR3		34006945,36350619	1	0				34006945,36350619	0	0		0	S2b_context_only	membrane	A	S2 mention ctx-mismatch; EPMC eye-lit exists
membrane_v1:prov	NK	NKG7		34006945,36350619	1	0				34006945,36350619	7	5	39952952,33187533,40994539,40778698,39466230	0	S2_gene_in_corpus	membrane	C	C_strong; link in-corpus pmids → 40994539,39466230,40778698,33187533,39952952
membrane_v1:prov	NK	PRF1		34006945,36350619	1	0				34006945,36350619	2	2	35280984,42717487	0	S2_gene_in_corpus	membrane	C	C_mid; link in-corpus pmids → 42717487,35280984
membrane_v1:prov	Pericyte	CALD1		36277849,41230906,42018650	1	1				36277849,41230906,42018650	11	6	34439995,38195602,33307245,33572787,34691611	0	S2_gene_in_corpus	membrane	C	C_strong; link in-corpus pmids → 33307245,34439995,38195602,33572787,38214685
membrane_v1:prov	Pericyte	COL1A2		36277849,41230906,42018650	1	1				36277849,41230906,42018650	61	39	34769520,32946783,32987810,38510120,42030193	0	S2_gene_in_corpus	membrane	C	C_strong; link in-corpus pmids → 36645183,36544284,33865984,42717497,35752290
membrane_v1:prov	Pericyte	HIGD1B		36277849,41230906,42018650	1	0				36277849,41230906,42018650	0	0		0	S2b_context_only	membrane	A	S2 mention ctx-mismatch; EPMC eye-lit exists
membrane_v1:prov	Pericyte	IGFBP7		36277849,41230906,42018650	1	1				36277849,41230906,42018650	21	8	39732756,42149027,40136389,42587300,42256007	0	S2_gene_in_corpus	membrane	C	C_strong; link in-corpus pmids → 42256007,39732756,42149027,42587300,33572787
membrane_v1:prov	Pericyte	ITGA1		36277849,41230906,42018650	1	1				36277849,41230906,42018650	9	6	36877514,39916387,36536086,40882639,41152974	0	S2_gene_in_corpus	membrane	C	C_strong; link in-corpus pmids → 36645183,40882639,36877514,36536086,41152974
membrane_v1:prov	Pericyte	MGP		36277849,41230906,42018650	1	1				36277849,41230906,42018650	123	42	40423739,38774716,41899822,28514956,34603044	0	S2_gene_in_corpus	membrane	C	C_strong; link in-corpus pmids → 36645183,36899910,35858321,34677208,34603044
membrane_v1:prov	Pericyte	NOTCH3		36277849,41230906,42018650	1	0				36277849,41230906,42018650	15	9	41261164,34782554,38383070,37443842,38366188	0	S2_gene_in_corpus	membrane	C	C_strong; link in-corpus pmids → 35858321,36977817,34301870,38366188,38383070
membrane_v1:prov	Pericyte	PDGFRB		36277849,41230906,42018650	1	0				36277849,41230906,42018650	37	21	32946783,35659263,37794584,42450352,39952952	0	S2_gene_in_corpus	membrane	C	C_strong; link in-corpus pmids → 36645183,35705015,32231223,35858321,37794584
membrane_v1:prov	Pericyte	PRRX1		36277849,41230906,42018650	1	0				36277849,41230906,42018650	36	6	42256007,37665325,37339216,35858321,39667912	0	S2_gene_in_corpus	membrane	C	C_strong; link in-corpus pmids → 35858321,37339216,42256007,37665325,41230906
membrane_v1:prov	Pericyte	RGS4		36277849,41230906,42018650	1	0				36277849,41230906,42018650	4	2	39732756,42342706	0	S2_gene_in_corpus	membrane	C	C_mid; link in-corpus pmids → 39732756,42342706
membrane_v1:prov	Pericyte	RGS5		36277849,41230906,42018650	1	1				36277849,41230906,42018650	22	11	42450352,39952952,34006945,34381080,41145463	0	S2_gene_in_corpus	membrane	C	C_strong; link in-corpus pmids → 37670124,31712411,36797232,34006945,38214685
membrane_v1:prov	Pericyte	THY1		36277849,41230906,42018650	1	1				36277849,41230906,42018650	114	38	42149027,32946783,28514956,38698014,33393903	0	S2_gene_in_corpus	membrane	C	C_strong; link in-corpus pmids → 36645183,39734233,38670973,33393903,37540379
membrane_v1:prov	Plasma	DERL3		34006945,36350619	1	1				34006945,36350619	0	0		0	S2b_context_only	membrane	A	S2 mention ctx-mismatch; EPMC eye-lit exists
membrane_v1:prov	Plasma	IGHG1		34006945,36350619	1	1				34006945,36350619	7	3	34769520,40136389,34750957	0	S2_gene_in_corpus	membrane	C	C_strong; link in-corpus pmids → 34750957,40136389,34769520
membrane_v1:prov	Plasma	JCHAIN		34006945,36350619	1	1				34006945,36350619	12	5	32946783,42450352,38002955,38366188,40778698	0	S2_gene_in_corpus	membrane	C	C_strong; link in-corpus pmids → 32946783,40778698,38366188,38002955,42450352
membrane_v1:prov	Plasma	MZB1		34006945,36350619	1	1				34006945,36350619	4	2	39952952,40778698	0	S2_gene_in_corpus	membrane	C	C_mid; link in-corpus pmids → 39952952,40778698
membrane_v1:prov	Plasma	SEC11C		34006945,36350619	1	1				34006945,36350619	1	1	35371110	0	S2_gene_in_corpus	membrane	C	C_mid; link in-corpus pmids → 35371110
membrane_v1:prov	Plasma	SLAMF7		34006945,36350619	1	1				34006945,36350619	1	1	38232696	0	S2_gene_in_corpus	membrane	C	C_mid; link in-corpus pmids → 38232696
membrane_v1:prov	Plasma	SSR4		34006945,36350619	1	1				34006945,36350619	0	0		0	S2b_context_only	membrane	A	S2 mention ctx-mismatch; EPMC eye-lit exists
membrane_v1:prov	Plasma	TNFRSF17		34006945,36350619	1	1				34006945,36350619	2	1	38862482	0	S2_gene_in_corpus	membrane	C	C_mid; link in-corpus pmids → 38862482
membrane_v1:prov	Plasma	XBP1		34006945,36350619	1	1				34006945,36350619	62	26	40806731,34650623,41684508,35298655,35329980	0	S2_gene_in_corpus	membrane	C	C_strong; link in-corpus pmids → 34977041,40131364,35298655,37097227,40806731
membrane_v1:prov	Proliferating	BIRC5		34006945,41390488	1	1				34006945,41390488	25	13	40423739,42450352,42278250,42589107,33046735	0	S2_gene_in_corpus	membrane	C	C_strong; link in-corpus pmids → 35858321,36645044,34741068,42278250,40598599
membrane_v1:prov	Proliferating	CENPF		34006945,41390488	1	1				34006945,41390488	20	12	38510120,42589107,42510807,37291161,37057399	0	S2_gene_in_corpus	membrane	C	C_strong; link in-corpus pmids → 40598599,42510807,37057399,33572787,38510120
membrane_v1:prov	Proliferating	H2AFZ		34006945,41390488	1	1				34006945,41390488	1	1	39389360	0	S2_gene_in_corpus	membrane	C	C_mid; link in-corpus pmids → 39389360
membrane_v1:prov	Proliferating	MKI67		34006945,41390488	1	1				34006945,41390488	86	49	34769520,40423739,38510120,34445064,36778138	0	S2_gene_in_corpus	membrane	C	C_strong; link in-corpus pmids → 35705015,40994539,36231108,33307245,35858321
membrane_v1:prov	Proliferating	NUSAP1		34006945,41390488	1	1				34006945,41390488	4	3	35325233,33572787,32557945	0	S2_gene_in_corpus	membrane	C	C_strong; link in-corpus pmids → 35325233,33572787,32557945
membrane_v1:prov	Proliferating	PTTG1		34006945,41390488	1	1				34006945,41390488	26	6	42589107,37291161,37057399,33307245,42139353	0	S2_gene_in_corpus	membrane	C	C_strong; link in-corpus pmids → 33307245,37057399,34946963,42139353,37291161
membrane_v1:prov	Proliferating	STMN1		34006945,41390488	1	1				34006945,41390488	10	6	42589107,41851243,37443842,34741068,40016767	0	S2_gene_in_corpus	membrane	C	C_strong; link in-corpus pmids → 34741068,41851243,37057399,37443842,40016767
membrane_v1:prov	Proliferating	TOP2A		34006945,41390488	1	1				34006945,41390488	75	35	38510120,34445064,42278250,35241647,42589107	0	S2_gene_in_corpus	membrane	C	C_strong; link in-corpus pmids → 36645183,35705015,40994539,33307245,35858321
membrane_v1:prov	SMC	ACTA2		36277849,41230906,42018650	1	1				36277849,41230906,42018650	159	70	39732756,34769520,32946783,37794584,40423739	0	S2_gene_in_corpus	membrane	C	C_strong; link in-corpus pmids → 36645183,41528844,35705015,32751632,33307245
membrane_v1:prov	SMC	CALD1		36277849,41230906,42018650	1	1				36277849,41230906,42018650	11	6	34439995,38195602,33307245,33572787,34691611	0	S2_gene_in_corpus	membrane	C	C_strong; link in-corpus pmids → 33307245,34439995,38195602,33572787,38214685
membrane_v1:prov	SMC	CNN1		36277849,41230906,42018650	1	0				36277849,41230906,42018650	11	4	39952952,31284269,41609173,31992794	0	S2_gene_in_corpus	membrane	C	C_strong; link in-corpus pmids → 39952952,31284269,41609173,31992794
membrane_v1:prov	SMC	DES		36277849,41230906,42018650	1	0				36277849,41230906,42018650	52	15	42278250,39952952,32437405,34572584,41366246	0	S2_gene_in_corpus	membrane	C	C_strong; link in-corpus pmids → 36645183,41366246,35858321,41309590,41294008
membrane_v1:prov	SMC	LMOD1		36277849,41230906,42018650	1	0				36277849,41230906,42018650	12	3	35557957,40728983,33072724	0	S2_gene_in_corpus	membrane	C	C_strong; link in-corpus pmids → 40728983,35557957,33072724
membrane_v1:prov	SMC	MYH11		36277849,41230906,42018650	1	0				36277849,41230906,42018650	30	14	42030193,28514956,39952952,41769942,40576432	0	S2_gene_in_corpus	membrane	C	C_strong; link in-corpus pmids → 36645183,35858321,32439707,42030193,34783308
membrane_v1:prov	SMC	MYL9		36277849,41230906,42018650	1	1				36277849,41230906,42018650	28	12	32987810,42620929,42717497,33307245,39101028	0	S2_gene_in_corpus	membrane	C	C_strong; link in-corpus pmids → 36645183,33307245,40838019,41309590,42717497
membrane_v1:prov	SMC	TAGLN		36277849,41230906,42018650	1	1				36277849,41230906,42018650	52	21	39732756,34769520,40423739,38510120,41636427	0	S2_gene_in_corpus	membrane	C	C_strong; link in-corpus pmids → 36645183,42652099,33307245,33865984,32439707
membrane_v1:prov	T	CCL5		34006945,36350619	1	0				34006945,36350619	100	44	34769520,37545752,36756614,42080790,30673862	0	S2_gene_in_corpus	membrane	C	C_strong; link in-corpus pmids → 35309305,39641748,33865984,38548335,40557874
membrane_v1:prov	T	CD2		34006945,36350619	1	1				34006945,36350619	19	14	34769520,32792522,32946783,39952952,33187533	0	S2_gene_in_corpus	membrane	C	C_strong; link in-corpus pmids → 40994539,32946783,35882984,34508129,31712411
membrane_v1:prov	T	CD3D		34006945,36350619	1	1				34006945,36350619	14	8	35280984,39952952,40660409,38366188,40994539	0	S2_gene_in_corpus	membrane	C	C_strong; link in-corpus pmids → 40994539,38862482,40778698,35280984,38214685
membrane_v1:prov	T	CD3E		34006945,36350619	1	1				34006945,36350619	6	5	35280984,41432545,34508129,38862482,40778698	0	S2_gene_in_corpus	membrane	C	C_strong; link in-corpus pmids → 34508129,38862482,40778698,35280984,41432545
membrane_v1:prov	T	CD3G		34006945,36350619	1	1				34006945,36350619	4	2	40140459,PPR_PPR863459	0	S2_gene_in_corpus	membrane	C	C_mid; link in-corpus pmids → PPR_PPR863459,40140459
membrane_v1:prov	T	CD69		34006945,36350619	1	1				34006945,36350619	55	16	35280984,28345628,40660409,33114004,35027657	0	S2_gene_in_corpus	membrane	C	C_strong; link in-corpus pmids → 36645183,35858321,39953740,35027657,36877515
membrane_v1:prov	T	IL7R		34006945,36350619	1	1				34006945,36350619	14	10	35280984,38383070,39952952,38232696,40160813	0	S2_gene_in_corpus	membrane	C	C_strong; link in-corpus pmids → 40994539,39466230,40160813,38862482,38232696
membrane_v1:prov	T	LCK		34006945,36350619	1	0				34006945,36350619	3	3	35280984,42717487,33817299	0	S2_gene_in_corpus	membrane	C	C_strong; link in-corpus pmids → 33817299,42717487,35280984
membrane_v1:prov	T	SKAP1		34006945,36350619	1	0				34006945,36350619	0	0		0	S2b_context_only	membrane	A	S2 mention ctx-mismatch; EPMC eye-lit exists
membrane_v1:prov	T	TRAC		34006945,36350619	1	1				34006945,36350619	3	1	39952952	0	S2_gene_in_corpus	membrane	C	C_mid; link in-corpus pmids → 39952952
membrane_v1:prov	T	TRBC2		34006945,36350619	1	1				34006945,36350619	0	0		0	S2b_context_only	membrane	A	S2 mention ctx-mismatch; EPMC eye-lit exists
membrane_v1:prov	cDC1	C1R		34006945,37272764	1	0				34006945,37272764	25	9	35882847,31840941,40576432,34072522,41247127	0	S2_gene_in_corpus	membrane	C	C_strong; link in-corpus pmids → 36899910,35882847,31840941,40576432,38722314
membrane_v1:prov	cDC1	C1S		34006945,37272764	1	0				34006945,37272764	23	10	34830490,42267782,41651377,35882847,31840941	0	S2_gene_in_corpus	membrane	C	C_strong; link in-corpus pmids → 36899910,34750957,35882847,31840941,34830490
membrane_v1:prov	cDC1	CADM1		34006945,37272764	1	0				34006945,37272764	15	6	42149027,35517867,40136389,38623325,33934486	0	S2_gene_in_corpus	membrane	C	C_strong; link in-corpus pmids → 33934486,35517867,42149027,38623325,40136389
membrane_v1:prov	cDC1	CLEC9A		34006945,37272764	1	0				34006945,37272764	1	1	40778698	0	S2_gene_in_corpus	membrane	C	C_mid; link in-corpus pmids → 40778698
membrane_v1:prov	cDC1	FLT3		34006945,37272764	1	0				34006945,37272764	4	4	35453537,37998352,39466230,41626869	0	S2_gene_in_corpus	membrane	C	C_strong; link in-corpus pmids → 39466230,37998352,41626869,35453537
membrane_v1:prov	cDC1	IRF8		34006945,37272764	1	0				34006945,37272764	24	10	39324238,36498991,35922863,34544421,41601638	0	S2_gene_in_corpus	membrane	C	C_strong; link in-corpus pmids → 34544421,36611829,41071880,35922863,39324238
membrane_v1:prov	cDC1	XCR1		34006945,37272764	1	0				34006945,37272764	0	0		0	S2b_context_only	membrane	A	S2 mention ctx-mismatch; EPMC eye-lit exists
membrane_v1:prov	cDC1	ZBTB46		34006945,37272764	1	0				34006945,37272764	6	1	28514956	0	S2_gene_in_corpus	membrane	C	C_mid; link in-corpus pmids → 28514956
membrane_v1:prov	cDC2	CD1C		34006945,37272764	1	0				34006945,37272764	2	2	40994539,40778698	0	S2_gene_in_corpus	membrane	C	C_mid; link in-corpus pmids → 40994539,40778698
membrane_v1:prov	cDC2	CD4		34006945,37272764	1	0				34006945,37272764	526	142	39433211,35280984,37658939,38421865,34439995	0	S2_gene_in_corpus	membrane	C	C_strong; link in-corpus pmids → 39953740,41866494,41403938,41871103,34446787
membrane_v1:prov	cDC2	CLEC10A		34006945,37272764	1	0				34006945,37272764	0	0		0	S2b_context_only	membrane	A	S2 mention ctx-mismatch; EPMC eye-lit exists
membrane_v1:prov	cDC2	FCER1A		34006945,37272764	1	0				34006945,37272764	1	1	40994539	0	S2_gene_in_corpus	membrane	C	C_mid; link in-corpus pmids → 40994539
membrane_v1:prov	cDC2	HLA-DRA		34006945,37272764	1	1				34006945,37272764	27	15	35280984,37794584,37545752,28514956,40136389	0	S2_gene_in_corpus	membrane	C	C_strong; link in-corpus pmids → 36645183,39466230,34015102,28514956,PPR_PPR900856
membrane_v1:prov	cDC2	S100A10		34006945,37272764	1	0				34006945,37272764	17	11	35280984,26900327,39117640,33500475,35474440	0	S2_gene_in_corpus	membrane	C	C_strong; link in-corpus pmids → 33865984,34750957,35298655,39117640,41810892
membrane_v1:prov	pDC	CLEC4C		34006945,37272764	1	0				34006945,37272764	0	0		0	S2b_context_only	membrane	A	S2 mention ctx-mismatch; EPMC eye-lit exists
membrane_v1:prov	pDC	GZMB		34006945,37272764	1	1				34006945,37272764	3	3	35280984,41871103,38214685	0	S2_gene_in_corpus	membrane	C	C_strong; link in-corpus pmids → 41871103,38214685,35280984
membrane_v1:prov	pDC	IL3RA		34006945,37272764	1	1				34006945,37272764	2	1	35280984	0	S2_gene_in_corpus	membrane	C	C_mid; link in-corpus pmids → 35280984
membrane_v1:prov	pDC	IRF7		34006945,37272764	1	1				34006945,37272764	27	8	37217935,30046058,40025497,41717290,40131296	0	S2_gene_in_corpus	membrane	C	C_strong; link in-corpus pmids → 40920489,30046058,40131296,37819938,41717290
membrane_v1:prov	pDC	JCHAIN		34006945,37272764	1	1				34006945,37272764	12	5	32946783,42450352,38002955,38366188,40778698	0	S2_gene_in_corpus	membrane	C	C_strong; link in-corpus pmids → 32946783,40778698,38366188,38002955,42450352
membrane_v1:prov	pDC	LILRA4		34006945,37272764	1	0				34006945,37272764	0	0		0	S2b_context_only	membrane	A	S2 mention ctx-mismatch; EPMC eye-lit exists
membrane_v1:prov	pDC	PLD4		34006945,37272764	1	1				34006945,37272764	0	0		0	S2b_context_only	membrane	A	S2 mention ctx-mismatch; EPMC eye-lit exists
membrane_v1:prov	pDC	SERPINF1		34006945,37272764	1	1				34006945,37272764	53	21	34445064,37507467,40126508,36408112,35882847	0	S2_gene_in_corpus	membrane	C	C_strong; link in-corpus pmids → 36408112,35705015,36231108,35030321,35882847
membrane_v1:prov	pDC	TCF4		34006945,37272764	1	0				34006945,37272764	109	32	35280984,37794584,42450352,40136389,37388908	0	S2_gene_in_corpus	membrane	C	C_strong; link in-corpus pmids → 33664479,41931904,37794584,35974097,39574940
retina_v4.1	AC	GAD1			0	0					33	22	32946783,37794584,34445064,33393903,32023475	73	S2_gene_in_corpus	retina	C	C_strong; link in-corpus pmids → 33665228,37773257,35212809,33393903,34445064
retina_v4.1	AC	GAD2			0	0					26	14	42080790,34445064,38089586,33393903,40137771	51	S2_gene_in_corpus	retina	C	C_strong; link in-corpus pmids → 40054472,38089586,33393903,34445064,37686457
retina_v4.1	AC	ONECUT2			0	0					32	21	38510120,34445064,32023475,32111086,39117640	66	S2_gene_in_corpus	retina	C	C_strong; link in-corpus pmids → 38670973,38101398,34055784,35212809,34445064
retina_v4.1	AC	SLC6A9			0	0					19	12	32946783,37794584,36277849,42600003,40660409	46	S2_gene_in_corpus	retina	C	C_strong; link in-corpus pmids → 32946783,35095414,42600003,37794584,38214685
retina_v4.1	AC	TFAP2A			0	0					70	41	32946783,34445064,40706588,33393903,32023475	135	S2_gene_in_corpus	retina	C	C_strong; link in-corpus pmids → 36645183,41366246,34809716,38670973,38101398
retina_v4.1	Astro	AQP4			0	0					325	62	34830490,37545752,42666080,37598148,32023475	508	S2_gene_in_corpus	retina	C	C_strong; link in-corpus pmids → 40172766,PPR_PPR1167042,PPR_PPR927497,41227356,34830490
retina_v4.1	Astro	GFAP			0	0					1535	475	41354925,32946783,34830490,36577373,37794584	2078	S2_gene_in_corpus	retina	C	C_strong; link in-corpus pmids → 35619185,PPR_PPR289133,36544284,41787550,33027920
retina_v4.1	Astro	S100B			0	0					75	24	34769520,36756614,34445064,40820958,41088409	0	S2_gene_in_corpus	retina	C	C_strong; link in-corpus pmids → 35859009,37773257,34445064,39461953,36977817
retina_v4.1	Astro	SLC1A3			0	0					39	18	37794584,37545752,38510120,34445064,32023475	0	S2_gene_in_corpus	retina	C	C_strong; link in-corpus pmids → 38670973,36291646,39117640,37773257,34445064
retina_v4.1	Astro	VIM			0	0					166	68	35280984,34439995,42450352,38510120,38774716	0	S2_gene_in_corpus	retina	C	C_strong; link in-corpus pmids → 38670973,33307245,34809716,37185874,35298655
retina_v4.1	BC	CACNA1S			0	0					2	2	38303059,41810892	5	S2_gene_in_corpus	retina	C	C_mid; link in-corpus pmids → 41810892,38303059
retina_v4.1	BC	GRM6			0	0					24	19	33673358,37794584,34445064,38048222,33393903	60	S2_gene_in_corpus	retina	C	C_strong; link in-corpus pmids → 38705389,33665228,33393903,34445064,37794584
retina_v4.1	BC	ISL1			0	0					120	45	40239758,35584663,34445064,36778138,41996242	289	S2_gene_in_corpus	retina	C	C_strong; link in-corpus pmids → 35705015,38101398,34055784,37665325,37773257
retina_v4.1	BC	OTX2			0	0					416	145	33673358,39422807,34420069,34209272,36756614	765	S2_gene_in_corpus	retina	C	C_strong; link in-corpus pmids → 37528478,41424614,33307245,37185874,34750957
retina_v4.1	BC	VSX2			0	0					360	109	32946783,36386870,34420069,34209272,41317324	637	S2_gene_in_corpus	retina	C	C_strong; link in-corpus pmids → 41366246,34750957,36231108,35705015,32231223
retina_v4.1	Cone	ARR3			0	0					152	50	32946783,34420069,38510120,34445064,40706588	245	S2_gene_in_corpus	retina	C	C_strong; link in-corpus pmids → 37773257,37691820,34445064,33400844,36331259
retina_v4.1	Cone	GNAT2			0	0					56	37	33673358,40531615,34884622,41010033,32960171	143	S2_gene_in_corpus	retina	C	C_strong; link in-corpus pmids → 36231108,35297555,35212809,41010033,39574940
retina_v4.1	Cone	OPN1MW			0	0					85	35	33673358,32946783,34420069,34445064,37485345	148	S2_gene_in_corpus	retina	C	C_strong; link in-corpus pmids → 35298655,37691820,35212809,34445064,33400844
retina_v4.1	Cone	OPN1SW			0	0					132	42	33673358,32946783,37794584,42666080,34420069	214	S2_gene_in_corpus	retina	C	C_strong; link in-corpus pmids → 36231108,41190718,35298655,37691820,35212809
retina_v4.1	Cone	PDE6H			0	0					72	33	33673358,32946783,40531615,38510120,34445064	95	S2_gene_in_corpus	retina	C	C_strong; link in-corpus pmids → 34445064,33400844,36331259,41010033,39574940
retina_v4.1	HC	CX3CR1			0	0					218	67	32946783,37794584,36756614,39514271,34445064	0	S2_gene_in_corpus	retina	C	C_strong; link in-corpus pmids → 35309305,33585455,37605279,40882639,36662852
retina_v4.1	HC	GAD1			0	0					33	22	32946783,37794584,34445064,33393903,32023475	73	S2_gene_in_corpus	retina	C	C_strong; link in-corpus pmids → 33665228,37773257,35212809,33393903,34445064
retina_v4.1	HC	ISL1			0	0					120	45	40239758,35584663,34445064,36778138,41996242	289	S2_gene_in_corpus	retina	C	C_strong; link in-corpus pmids → 35705015,38101398,34055784,37665325,37773257
retina_v4.1	HC	ONECUT1			0	0					52	28	32946783,37794584,40531615,38510120,34445064	120	S2_gene_in_corpus	retina	C	C_strong; link in-corpus pmids → 38670973,35212809,34445064,37794584,37017569
retina_v4.1	HC	ONECUT3			0	0					11	8	38510120,34445064,33393903,39117640,32347797	11	S2_gene_in_corpus	retina	C	C_strong; link in-corpus pmids → 38670973,39117640,33393903,34445064,32347797
retina_v4.1	MG	GLUL			0	0					46	28	35280984,32946783,37794584,34445064,38048222	97	S2_gene_in_corpus	retina	C	C_strong; link in-corpus pmids → 40994539,33665228,35212809,34445064,36977817
retina_v4.1	MG	RLBP1			0	0					206	85	33673358,32946783,37794584,37545752,40723812	310	S2_gene_in_corpus	retina	C	C_strong; link in-corpus pmids → 38670973,33307245,35297555,37339216,40552921
retina_v4.1	MG	S100B			0	0					75	24	34769520,36756614,34445064,40820958,41088409	0	S2_gene_in_corpus	retina	C	C_strong; link in-corpus pmids → 35859009,37773257,34445064,39461953,36977817
retina_v4.1	MG	SOX9			0	0					168	71	42450352,34420069,38510120,42589107,36291115	399	S2_gene_in_corpus	retina	C	C_strong; link in-corpus pmids → 40722628,32826201,33934486,32319201,35030321
retina_v4.1	MG	VIM			0	0					166	68	35280984,34439995,42450352,38510120,38774716	0	S2_gene_in_corpus	retina	C	C_strong; link in-corpus pmids → 38670973,33307245,34809716,37185874,35298655
retina_v4.1	Micro	C1QB			0	0					20	12	34445064,41651377,39916387,35784369,35432302	66	S2_gene_in_corpus	retina	C	C_strong; link in-corpus pmids → 34341398,35371110,41810892,34445064,38214685
retina_v4.1	RGC	NEFL			0	0					43	26	32946783,38510120,34445064,36778138,32023475	70	S2_gene_in_corpus	retina	C	C_strong; link in-corpus pmids → 41972858,38670973,38101398,37773257,35212809
retina_v4.1	RGC	POU4F1			0	0					58	23	34209272,34445064,38048222,41996242,32023475	149	S2_gene_in_corpus	retina	C	C_strong; link in-corpus pmids → 37773257,34445064,37540379,37017569,41595581
retina_v4.1	RGC	POU4F2			0	0					114	38	32946783,41467179,37671011,36778138,41996242	262	S2_gene_in_corpus	retina	C	C_strong; link in-corpus pmids → 35705015,38101398,34055784,37665325,37773257
retina_v4.1	RGC	RBPMS			0	0					629	206	32946783,34830490,39514271,41283752,36594396	905	S2_gene_in_corpus	retina	C	C_strong; link in-corpus pmids → 35619185,PPR_PPR406177,39695101,37735444,36261683
retina_v4.1	RGC	SLC17A6			0	0					15	10	32946783,37794584,34445064,40660409,39737973	38	S2_gene_in_corpus	retina	C	C_strong; link in-corpus pmids → 32946783,34445064,37540379,37794584,38214685
retina_v4.1	RPE	BEST1			0	0					277	114	33673358,32946783,40239758,37794584,35806438	393	S2_gene_in_corpus	retina	C	C_strong; link in-corpus pmids → 37528478,33784255,41366246,41168502,41424614
retina_v4.1	RPE	LRAT			0	0					91	37	33673358,42080790,42510807,38334673,37507467	119	S2_gene_in_corpus	retina	C	C_strong; link in-corpus pmids → 33934486,36142331,35882847,36899910,41424614
retina_v4.1	RPE	MITF			0	0					361	137	34769520,32946783,36386870,35806438,34420069	0	S2_gene_in_corpus	retina	C	C_strong; link in-corpus pmids → 37528478,36645183,41366246,33377455,32319201
retina_v4.1	RPE	RDH5			0	0					56	27	33673358,40239758,37388919,37507467,34668483	71	S2_gene_in_corpus	retina	C	C_strong; link in-corpus pmids → 33934486,36899910,35297555,40552921,41632798
retina_v4.1	RPE	RPE65			0	0					868	319	39433211,33673358,32946783,40239758,34830490	1122	S2_gene_in_corpus	retina	C	C_strong; link in-corpus pmids → 41528844,37528478,36408112,36645183,38528525
retina_v4.1	RPE	TTR			0	0					86	27	34439995,30673862,34445064,36778138,33036197	100	S2_gene_in_corpus	retina	C	C_strong; link in-corpus pmids → 36408112,35705015,33934486,36231108,36142331
retina_v4.1	Rod	GNAT1			0	0					61	36	33673358,34420069,38510120,34445064,41010033	155	S2_gene_in_corpus	retina	C	C_strong; link in-corpus pmids → 33934486,40994539,38334673,38670973,35298655
retina_v4.1	Rod	NR2E3			0	0					170	57	33673358,39422807,34420069,38510120,34445064	246	S2_gene_in_corpus	retina	C	C_strong; link in-corpus pmids → 36231108,34809716,35176707,40956390,38670973
retina_v4.1	Rod	NRL			0	0					367	93	33673358,32946783,40239758,39422807,34420069	626	S2_gene_in_corpus	retina	C	C_strong; link in-corpus pmids → 36645183,36231108,34809716,35974011,38334673
retina_v4.1	Rod	PDE6B			0	0					129	52	33673358,40239758,39422807,40723812,42080790	327	S2_gene_in_corpus	retina	C	C_strong; link in-corpus pmids → 33934486,38670973,38705389,33393903,34445064
retina_v4.1	Rod	RHO			0	0					468	162	33673358,32946783,40239758,37794584,39422807	1566	S2_gene_in_corpus	retina	C	C_strong; link in-corpus pmids → 38670973,32963317,35297555,40994539,42652099
retina_v5	AC	AK5			0	0					0	0		0	S3_no_corpus_support	retina	A	EPMC eye-hits=26
retina_v5	AC	ATP8B4			0	0					4	3	35280984,40598599,35858321	0	S2_gene_in_corpus	retina	A	S2 mention ctx-mismatch; EPMC eye-lit exists
retina_v5	AC	C1QL2			0	0					2	2	41810892,38214685	0	S2_gene_in_corpus	retina	C	C_mid; link in-corpus pmids → 38214685,41810892
retina_v5	AC	CACNA1E			0	0					6	5	39451253,36969199,37773257,35858321,38587075	0	S2_gene_in_corpus	retina	C	C_strong; link in-corpus pmids → 37773257,39451253,36969199
retina_v5	AC	CAMK2A			0	0					0	0		0	S3_no_corpus_support	retina	A	EPMC eye-hits=202
retina_v5	AC	CAMKV			0	0					0	0		0	S3_no_corpus_support	retina	A	EPMC eye-hits=21
retina_v5	AC	CHRM2			0	0					3	2	32319662,34783308	0	S2_gene_in_corpus	retina	C	C_mid; link in-corpus pmids → 32319662
retina_v5	AC	CHRM3			0	0					7	4	39952952,34783308,35858321,PPR_PPR1231790	0	S2_gene_in_corpus	retina	A	S2 mention ctx-mismatch; EPMC eye-lit exists
retina_v5	AC	CNTN5			0	0					0	0		0	S3_no_corpus_support	retina	A	EPMC eye-hits=56
retina_v5	AC	CPNE5			0	0					0	0		0	S3_no_corpus_support	retina	A	EPMC eye-hits=19
retina_v5	AC	CUX2			0	0					3	2	39117640,40813888	0	S2_gene_in_corpus	retina	C	C_mid; link in-corpus pmids → 39117640
retina_v5	AC	DACH2			0	0					7	3	36750914,39324238,40598599	0	S2_gene_in_corpus	retina	C	C_mid; link in-corpus pmids → 39324238,36750914
retina_v5	AC	DCC			0	0					31	18	37547228,32761139,40940733,39117640,32319662	0	S2_gene_in_corpus	retina	C	C_strong; link in-corpus pmids → 41960189,39117640,37773257,41810892,33816648
retina_v5	AC	DOCK2			0	0					0	0		0	S3_no_corpus_support	retina	A	EPMC eye-hits=89
retina_v5	AC	EYA4			0	0					7	2	42450352,36750914	0	S2_gene_in_corpus	retina	C	C_mid; link in-corpus pmids → 36750914
retina_v5	AC	FGF13			0	0					9	3	40423739,28680125,39324238	0	S2_gene_in_corpus	retina	C	C_mid; link in-corpus pmids → 39324238,28680125
retina_v5	AC	GABRA2			0	0					3	1	37880369	0	S2_gene_in_corpus	retina	C	C_mid; link in-corpus pmids → 37880369
retina_v5	AC	GABRA3			0	0					1	1	37773257	0	S2_gene_in_corpus	retina	C	C_mid; link in-corpus pmids → 37773257
retina_v5	AC	GABRG1			0	0					1	1	38816767	0	S2_gene_in_corpus	retina	C	C_mid; link in-corpus pmids → 38816767
retina_v5	AC	GAD1			0	0					33	22	32946783,37794584,34445064,33393903,32023475	73	S2_gene_in_corpus	retina	C	C_strong; link in-corpus pmids → 33665228,37773257,35212809,33393903,34445064
retina_v5	AC	GAD2			0	0					26	14	42080790,34445064,38089586,33393903,40137771	51	S2_gene_in_corpus	retina	C	C_strong; link in-corpus pmids → 40054472,38089586,33393903,34445064,37686457
retina_v5	AC	GLCE			0	0					0	0		0	S3_no_corpus_support	retina	A	EPMC eye-hits=40
retina_v5	AC	GREB1L			0	0					0	0		0	S3_no_corpus_support	retina	A	EPMC eye-hits=21
retina_v5	AC	GRIK2			0	0					9	3	35241647,39737973,35685368	0	S2_gene_in_corpus	retina	C	C_strong; link in-corpus pmids → 35685368,35241647,39737973
retina_v5	AC	GRIN3A			0	0					1	1	36332025	0	S2_gene_in_corpus	retina	C	C_mid; link in-corpus pmids → 36332025
retina_v5	AC	GRM8			0	0					6	3	39737973,39574940,37741839	0	S2_gene_in_corpus	retina	C	C_strong; link in-corpus pmids → 39574940,37741839,39737973
retina_v5	AC	ITGA11			0	0					10	6	41636427,42278218,36980168,42620929,42063159	0	S2_gene_in_corpus	retina	C	C_mid; link in-corpus pmids → 42063159
retina_v5	AC	LNX1			0	0					0	0		0	S3_no_corpus_support	retina	A	EPMC eye-hits=30
retina_v5	AC	LRRN3			0	0					1	1	35298655	0	S2_gene_in_corpus	retina	C	C_mid; link in-corpus pmids → 35298655
retina_v5	AC	LRRTM3			0	0					6	1	42450352	0	S2_gene_in_corpus	retina	A	S2 mention ctx-mismatch; EPMC eye-lit exists
retina_v5	AC	MAF			0	0					124	55	33513185,42437121,36262888,34638643,37388919	0	S2_gene_in_corpus	retina	C	C_strong; link in-corpus pmids → 35882847,37371607,41632798,38195602,38012720
retina_v5	AC	NXPH2			0	0					3	1	42600003	0	S2_gene_in_corpus	retina	C	C_mid; link in-corpus pmids → 42600003
retina_v5	AC	OLFM3			0	0					21	3	42437121,42600003,35298655	0	S2_gene_in_corpus	retina	C	C_mid; link in-corpus pmids → 42600003,35298655
retina_v5	AC	ONECUT2			0	0					32	21	38510120,34445064,32023475,32111086,39117640	66	S2_gene_in_corpus	retina	C	C_strong; link in-corpus pmids → 38670973,38101398,34055784,35212809,34445064
retina_v5	AC	PTPRK			0	0					2	1	35517867	0	S2_gene_in_corpus	retina	A	S2 mention ctx-mismatch; EPMC eye-lit exists
retina_v5	AC	RASGRF1			0	0					3	2	36750914,41477839	0	S2_gene_in_corpus	retina	C	C_mid; link in-corpus pmids → 41477839,36750914
retina_v5	AC	ROBO1			0	0					6	4	42589107,39574940,33072724,32879763	0	S2_gene_in_corpus	retina	C	C_strong; link in-corpus pmids → 32879763,39574940,33072724
retina_v5	AC	SCN3B			0	0					1	1	37773257	0	S2_gene_in_corpus	retina	C	C_mid; link in-corpus pmids → 37773257
retina_v5	AC	SHISA6			0	0					1	1	35858321	0	S2_gene_in_corpus	retina	A	S2 mention ctx-mismatch; EPMC eye-lit exists
retina_v5	AC	SLC35F3			0	0					0	0		0	S3_no_corpus_support	retina	A	EPMC eye-hits=35
retina_v5	AC	SLC6A1			0	0					12	7	34445064,33393903,42600003,37773257,39574940	0	S2_gene_in_corpus	retina	C	C_strong; link in-corpus pmids → 37773257,35095414,33393903,34445064,42600003
retina_v5	AC	SLC6A9			0	0					19	12	32946783,37794584,36277849,42600003,40660409	46	S2_gene_in_corpus	retina	C	C_strong; link in-corpus pmids → 32946783,35095414,42600003,37794584,38214685
retina_v5	AC	SNTG1			0	0					0	0		0	S3_no_corpus_support	retina	A	EPMC eye-hits=11
retina_v5	AC	SPHKAP			0	0					1	1	40250432	0	S2_gene_in_corpus	retina	C	C_mid; link in-corpus pmids → 40250432
retina_v5	AC	TFAP2A			0	0					70	41	32946783,34445064,40706588,33393903,32023475	135	S2_gene_in_corpus	retina	C	C_strong; link in-corpus pmids → 36645183,41366246,34809716,38670973,38101398
retina_v5	AC	TFAP2C			0	0					14	7	37665325,40813888,40999359,37773257,37856539	0	S2_gene_in_corpus	retina	C	C_strong; link in-corpus pmids → 37773257,37665325,37017569
retina_v5	AC	TMEM132D			0	0					4	2	28514956,40227169	0	S2_gene_in_corpus	retina	C	C_mid; link in-corpus pmids → 40227169
retina_v5	AC	ZFPM2			0	0					7	4	42450352,39117640,41071877,35805085	0	S2_gene_in_corpus	retina	C	C_mid; link in-corpus pmids → 39117640
retina_v5	AC	ZNF804A			0	0					5	2	40531615,42600003	0	S2_gene_in_corpus	retina	C	C_mid; link in-corpus pmids → 42600003,40531615
retina_v5	Astro	AQP4			0	0					325	62	34830490,37545752,42666080,37598148,32023475	508	S2_gene_in_corpus	retina	C	C_strong; link in-corpus pmids → 40172766,PPR_PPR1167042,PPR_PPR927497,41227356,34830490
retina_v5	Astro	GFAP			0	0					1535	475	41354925,32946783,34830490,36577373,37794584	2078	S2_gene_in_corpus	retina	C	C_strong; link in-corpus pmids → 35619185,PPR_PPR289133,36544284,41787550,33027920
retina_v5	Astro	S100B			0	0					75	24	34769520,36756614,34445064,40820958,41088409	0	S2_gene_in_corpus	retina	C	C_strong; link in-corpus pmids → 35859009,37773257,34445064,39461953,36977817
retina_v5	Astro	SLC1A3			0	0					39	18	37794584,37545752,38510120,34445064,32023475	0	S2_gene_in_corpus	retina	C	C_strong; link in-corpus pmids → 38670973,36291646,39117640,37773257,34445064
retina_v5	Astro	VIM			0	0					166	68	35280984,34439995,42450352,38510120,38774716	0	S2_gene_in_corpus	retina	C	C_strong; link in-corpus pmids → 38670973,33307245,34809716,37185874,35298655
retina_v5	BC	ADARB2			0	0					0	0		0	S3_no_corpus_support	retina	A	EPMC eye-hits=45
retina_v5	BC	ADGRL2			0	0					5	1	42149027	0	S2_gene_in_corpus	retina	A	S2 mention ctx-mismatch; EPMC eye-lit exists
retina_v5	BC	BACH1			0	0					6	4	42589107,38016059,33072724,37522516	0	S2_gene_in_corpus	retina	C	C_strong; link in-corpus pmids → 38016059,37522516,33072724
retina_v5	BC	BCAT1			0	0					4	2	35280984,33934486	0	S2_gene_in_corpus	retina	C	C_mid; link in-corpus pmids → 33934486
retina_v5	BC	CA10			0	0					9	5	34445064,40706588,39574940,41152974,40054472	0	S2_gene_in_corpus	retina	C	C_strong; link in-corpus pmids → 40054472,34445064,41152974,39574940,40706588
retina_v5	BC	CACNA1S			0	0					2	2	38303059,41810892	5	S2_gene_in_corpus	retina	C	C_mid; link in-corpus pmids → 41810892,38303059
retina_v5	BC	CDH8			0	0					2	2	38383070,35805085	0	S2_gene_in_corpus	retina	A	S2 mention ctx-mismatch; EPMC eye-lit exists
retina_v5	BC	COL19A1			0	0					0	0		0	S3_no_corpus_support	retina	A	EPMC eye-hits=27
retina_v5	BC	DGKB			0	0					0	0		0	S3_no_corpus_support	retina	A	EPMC eye-hits=37
retina_v5	BC	FAM171B			0	0					0	0		0	S3_no_corpus_support	retina	A	EPMC eye-hits=10
retina_v5	BC	GABRA5			0	0					0	0		0	S3_no_corpus_support	retina	A	EPMC eye-hits=84
retina_v5	BC	GABRR1			0	0					6	2	40423739,40820958	0	S2_gene_in_corpus	retina	C	C_mid; link in-corpus pmids → 40820958
retina_v5	BC	GABRR2			0	0					6	2	40820958,34638582	0	S2_gene_in_corpus	retina	C	C_mid; link in-corpus pmids → 40820958,34638582
retina_v5	BC	GRIK1			0	0					23	16	32946783,33393903,36277849,35594404,33934486	0	S2_gene_in_corpus	retina	C	C_strong; link in-corpus pmids → 33934486,38705389,32946783,37746666,35594404
retina_v5	BC	GRM5			0	0					3	1	35627267	0	S2_gene_in_corpus	retina	A	S2 mention ctx-mismatch; EPMC eye-lit exists
retina_v5	BC	GRM6			0	0					24	19	33673358,37794584,34445064,38048222,33393903	60	S2_gene_in_corpus	retina	C	C_strong; link in-corpus pmids → 38705389,33665228,33393903,34445064,37794584
retina_v5	BC	GRM7			0	0					1	1	42437121	0	S2_gene_in_corpus	retina	A	S2 mention ctx-mismatch; EPMC eye-lit exists
retina_v5	BC	HS3ST4			0	0					0	0		0	S3_no_corpus_support	retina	A	EPMC eye-hits=10
retina_v5	BC	IGF1			0	0					155	66	34769520,40423739,34638643,34420069,34209272	0	S2_gene_in_corpus	retina	C	C_strong; link in-corpus pmids → 36645183,36231108,34207050,41424614,34809716
retina_v5	BC	IGSF21			0	0					0	0		0	S3_no_corpus_support	retina	A	EPMC eye-hits=18
retina_v5	BC	ISL1			0	0					120	45	40239758,35584663,34445064,36778138,41996242	289	S2_gene_in_corpus	retina	C	C_strong; link in-corpus pmids → 35705015,38101398,34055784,37665325,37773257
retina_v5	BC	KCNMB2			0	0					3	1	32203982	0	S2_gene_in_corpus	retina	A	S2 mention ctx-mismatch; EPMC eye-lit exists
retina_v5	BC	KHDRBS3			0	0					0	0		0	S3_no_corpus_support	retina	A	EPMC eye-hits=29
retina_v5	BC	LAMA3			0	0					19	6	36877514,36638800,36497012,25826404,35858321	0	S2_gene_in_corpus	retina	C	C_mid; link in-corpus pmids → 36638800
retina_v5	BC	MCC			0	0					56	19	40531615,42450352,42589107,41301852,39936988	0	S2_gene_in_corpus	retina	C	C_strong; link in-corpus pmids → 41366246,41565785,36077073,41301852,40531615
retina_v5	BC	MFSD4A			0	0					0	0		0	S3_no_corpus_support	retina	B_scarce_1_5	EPMC eye-hits=5
retina_v5	BC	NETO1			0	0					10	7	34445064,37388908,40660409,39592612,37773257	0	S2_gene_in_corpus	retina	C	C_strong; link in-corpus pmids → 40054472,37773257,34445064,39592612,39574940
retina_v5	BC	NPHS1			0	0					4	2	35023829,31769495	0	S2_gene_in_corpus	retina	C	C_mid; link in-corpus pmids → 31769495
retina_v5	BC	NTNG1			0	0					9	6	28680125,40250432,34072522,39574940,41751906	0	S2_gene_in_corpus	retina	C	C_strong; link in-corpus pmids → 28680125,33792620,39574940,40250432,34072522
retina_v5	BC	NXPH2			0	0					3	1	42600003	0	S2_gene_in_corpus	retina	C	C_mid; link in-corpus pmids → 42600003
retina_v5	BC	OTX2			0	0					416	145	33673358,39422807,34420069,34209272,36756614	765	S2_gene_in_corpus	retina	C	C_strong; link in-corpus pmids → 37528478,41424614,33307245,37185874,34750957
retina_v5	BC	PDE1A			0	0					7	2	35659263,33934486	0	S2_gene_in_corpus	retina	C	C_mid; link in-corpus pmids → 33934486,35659263
retina_v5	BC	PLXDC1			0	0					10	3	40423739,34445064,39728690	0	S2_gene_in_corpus	retina	C	C_mid; link in-corpus pmids → 39728690,34445064
retina_v5	BC	PRKCA			0	0					36	22	32946783,33393903,40137771,32937137,36277849	0	S2_gene_in_corpus	retina	C	C_strong; link in-corpus pmids → 33665228,33393903,35752290,40425564,41595581
retina_v5	BC	RAPGEF5			0	0					0	0		0	S3_no_corpus_support	retina	A	EPMC eye-hits=23
retina_v5	BC	RELN			0	0					32	13	40531615,42450352,38048222,42589107,33393903	0	S2_gene_in_corpus	retina	C	C_strong; link in-corpus pmids → 36544284,33393903,33572787,38048222,39574940
retina_v5	BC	SAMSN1			0	0					2	1	35280984	0	S2_gene_in_corpus	retina	A	S2 mention ctx-mismatch; EPMC eye-lit exists
retina_v5	BC	SDK1			0	0					5	4	37794584,33393903,42600003,37603353	0	S2_gene_in_corpus	retina	C	C_strong; link in-corpus pmids → 42600003,33393903,37794584
retina_v5	BC	SLC24A3			0	0					0	0		0	S3_no_corpus_support	retina	A	EPMC eye-hits=29
retina_v5	BC	ST18			0	0					9	6	34445064,42600003,39117640,32339198,38092908	0	S2_gene_in_corpus	retina	C	C_strong; link in-corpus pmids → 39117640,34445064,42600003,38092908
retina_v5	BC	TACR3			0	0					4	3	32937137,33665228,41731009	0	S2_gene_in_corpus	retina	C	C_strong; link in-corpus pmids → 33665228,41731009,32937137
retina_v5	BC	TENM3			0	0					6	6	40806731,33393903,42600003,35817658,39737973	0	S2_gene_in_corpus	retina	C	C_strong; link in-corpus pmids → 40806731,33393903,35752290,42600003,39737973
retina_v5	BC	TMEM132C			0	0					0	0		0	S3_no_corpus_support	retina	A	EPMC eye-hits=11
retina_v5	BC	TMEM196			0	0					0	0		0	S3_no_corpus_support	retina	A	EPMC eye-hits=6
retina_v5	BC	TMEM215			0	0					5	4	34445064,39592612,37017569,34434927	0	S2_gene_in_corpus	retina	C	C_strong; link in-corpus pmids → 39592612,37017569,34434927,34445064
retina_v5	BC	TRPM1			0	0					69	35	33673358,32946783,37388919,34420069,34445064	0	S2_gene_in_corpus	retina	C	C_strong; link in-corpus pmids → 38999396,35030321,38705389,38670973,35298655
retina_v5	BC	VSX1			0	0					38	24	32946783,38510120,34445064,32023475,32111086	0	S2_gene_in_corpus	retina	C	C_strong; link in-corpus pmids → 36645183,38670973,34055784,34445064,36331259
retina_v5	BC	VSX2			0	0					360	109	32946783,36386870,34420069,34209272,41317324	637	S2_gene_in_corpus	retina	C	C_strong; link in-corpus pmids → 41366246,34750957,36231108,35705015,32231223
retina_v5	BC	WFDC1			0	0					8	7	32946783,41528844,38334673,33307245,31712411	0	S2_gene_in_corpus	retina	C	C_strong; link in-corpus pmids → 36645183,41528844,38334673,33307245,36830851
retina_v5	BC	ZNF804B			0	0					0	0		0	S3_no_corpus_support	retina	A	EPMC eye-hits=9
retina_v5	Cone	ARR3			0	0					152	50	32946783,34420069,38510120,34445064,40706588	245	S2_gene_in_corpus	retina	C	C_strong; link in-corpus pmids → 37773257,37691820,34445064,33400844,36331259
retina_v5	Cone	GNAT2			0	0					56	37	33673358,40531615,34884622,41010033,32960171	143	S2_gene_in_corpus	retina	C	C_strong; link in-corpus pmids → 36231108,35297555,35212809,41010033,39574940
retina_v5	Cone	OPN1MW			0	0					85	35	33673358,32946783,34420069,34445064,37485345	148	S2_gene_in_corpus	retina	C	C_strong; link in-corpus pmids → 35298655,37691820,35212809,34445064,33400844
retina_v5	Cone	OPN1SW			0	0					132	42	33673358,32946783,37794584,42666080,34420069	214	S2_gene_in_corpus	retina	C	C_strong; link in-corpus pmids → 36231108,41190718,35298655,37691820,35212809
retina_v5	Cone	PDE6H			0	0					72	33	33673358,32946783,40531615,38510120,34445064	95	S2_gene_in_corpus	retina	C	C_strong; link in-corpus pmids → 34445064,33400844,36331259,41010033,39574940
retina_v5	HC	ADAMTS17			0	0					7	5	36280537,35739142,35858321,36148008,30406200	0	S2_gene_in_corpus	retina	C	C_strong; link in-corpus pmids → 30406200,36148008,35739142
retina_v5	HC	B3GAT2			0	0					0	0		0	S3_no_corpus_support	retina	A	EPMC eye-hits=13
retina_v5	HC	BEGAIN			0	0					0	0		0	S3_no_corpus_support	retina	A	EPMC eye-hits=13
retina_v5	HC	C8ORF76			0	0					0	0		0	S3_no_corpus_support	retina	A	EPMC eye-hits=39
retina_v5	HC	CACNA1C			0	0					6	2	40531615,41290721	0	S2_gene_in_corpus	retina	C	C_mid; link in-corpus pmids → 41290721,40531615
retina_v5	HC	CACNG7			0	0					0	0		0	S3_no_corpus_support	retina	A	EPMC eye-hits=18
retina_v5	HC	CMYA5			0	0					0	0		0	S3_no_corpus_support	retina	A	EPMC eye-hits=14
retina_v5	HC	CX3CR1			0	0					218	67	32946783,37794584,36756614,39514271,34445064	0	S2_gene_in_corpus	retina	C	C_strong; link in-corpus pmids → 35309305,33585455,37605279,40882639,36662852
retina_v5	HC	DOCK10			0	0					0	0		0	S3_no_corpus_support	retina	A	EPMC eye-hits=19
retina_v5	HC	FAM107B			0	0					0	0		0	S3_no_corpus_support	retina	A	EPMC eye-hits=14
retina_v5	HC	FAM135A			0	0					2	1	42589107	0	S2_gene_in_corpus	retina	A	S2 mention ctx-mismatch; EPMC eye-lit exists
retina_v5	HC	FBXL7			0	0					3	1	39732756	0	S2_gene_in_corpus	retina	A	S2 mention ctx-mismatch; EPMC eye-lit exists
retina_v5	HC	FRMPD4			0	0					1	1	39324238	0	S2_gene_in_corpus	retina	C	C_mid; link in-corpus pmids → 39324238
retina_v5	HC	GAD1			0	0					33	22	32946783,37794584,34445064,33393903,32023475	73	S2_gene_in_corpus	retina	C	C_strong; link in-corpus pmids → 33665228,37773257,35212809,33393903,34445064
retina_v5	HC	GFRA2			0	0					0	0		0	S3_no_corpus_support	retina	A	EPMC eye-hits=67
retina_v5	HC	GJA10			0	0					0	0		0	S3_no_corpus_support	retina	A	EPMC eye-hits=63
retina_v5	HC	ISL1			0	0					120	45	40239758,35584663,34445064,36778138,41996242	289	S2_gene_in_corpus	retina	C	C_strong; link in-corpus pmids → 35705015,38101398,34055784,37665325,37773257
retina_v5	HC	LHX1			0	0					27	18	32946783,34440692,33393903,40137771,32937137	0	S2_gene_in_corpus	retina	C	C_strong; link in-corpus pmids → 38670973,32946783,37773257,35212809,33393903
retina_v5	HC	MEGF11			0	0					5	2	32620864,39574940	0	S2_gene_in_corpus	retina	C	C_mid; link in-corpus pmids → 39574940,32620864
retina_v5	HC	NAALAD2			0	0					1	1	42652099	0	S2_gene_in_corpus	retina	C	C_mid; link in-corpus pmids → 42652099
retina_v5	HC	NAT16			0	0					0	0		0	S3_no_corpus_support	retina	A	EPMC eye-hits=10
retina_v5	HC	ONECUT1			0	0					52	28	32946783,37794584,40531615,38510120,34445064	120	S2_gene_in_corpus	retina	C	C_strong; link in-corpus pmids → 38670973,35212809,34445064,37794584,37017569
retina_v5	HC	ONECUT2			0	0					32	21	38510120,34445064,32023475,32111086,39117640	66	S2_gene_in_corpus	retina	C	C_strong; link in-corpus pmids → 38670973,38101398,34055784,35212809,34445064
retina_v5	HC	ONECUT3			0	0					11	8	38510120,34445064,33393903,39117640,32347797	11	S2_gene_in_corpus	retina	C	C_strong; link in-corpus pmids → 38670973,39117640,33393903,34445064,32347797
retina_v5	HC	PCDH11X			0	0					0	0		0	S3_no_corpus_support	retina	A	EPMC eye-hits=34
retina_v5	HC	PCSK6			0	0					0	0		0	S3_no_corpus_support	retina	A	EPMC eye-hits=34
retina_v5	HC	SESTD1			0	0					0	0		0	S3_no_corpus_support	retina	A	EPMC eye-hits=56
retina_v5	HC	SLC4A3			0	0					0	0		0	S3_no_corpus_support	retina	A	EPMC eye-hits=67
retina_v5	HC	TNR			0	0					21	4	40136389,40660409,39737973,40287480	0	S2_gene_in_corpus	retina	C	C_mid; link in-corpus pmids → 40660409,39737973
retina_v5	HC	TPM3			0	0					5	3	34445064,41571675,33572787	0	S2_gene_in_corpus	retina	C	C_strong; link in-corpus pmids → 41571675,33572787,34445064
retina_v5	HC	VAT1L			0	0					1	1	32946783	0	S2_gene_in_corpus	retina	C	C_mid; link in-corpus pmids → 32946783
retina_v5	MG	GLUL			0	0					46	28	35280984,32946783,37794584,34445064,38048222	97	S2_gene_in_corpus	retina	C	C_strong; link in-corpus pmids → 40994539,33665228,35212809,34445064,36977817
retina_v5	MG	RLBP1			0	0					206	85	33673358,32946783,37794584,37545752,40723812	310	S2_gene_in_corpus	retina	C	C_strong; link in-corpus pmids → 38670973,33307245,35297555,37339216,40552921
retina_v5	MG	S100B			0	0					75	24	34769520,36756614,34445064,40820958,41088409	0	S2_gene_in_corpus	retina	C	C_strong; link in-corpus pmids → 35859009,37773257,34445064,39461953,36977817
retina_v5	MG	SOX9			0	0					168	71	42450352,34420069,38510120,42589107,36291115	399	S2_gene_in_corpus	retina	C	C_strong; link in-corpus pmids → 40722628,32826201,33934486,32319201,35030321
retina_v5	MG	VIM			0	0					166	68	35280984,34439995,42450352,38510120,38774716	0	S2_gene_in_corpus	retina	C	C_strong; link in-corpus pmids → 38670973,33307245,34809716,37185874,35298655
retina_v5	Micro	C1QB			0	0					20	12	34445064,41651377,39916387,35784369,35432302	66	S2_gene_in_corpus	retina	C	C_strong; link in-corpus pmids → 34341398,35371110,41810892,34445064,38214685
retina_v5	RGC	NEFL			0	0					43	26	32946783,38510120,34445064,36778138,32023475	70	S2_gene_in_corpus	retina	C	C_strong; link in-corpus pmids → 41972858,38670973,38101398,37773257,35212809
retina_v5	RGC	POU4F1			0	0					58	23	34209272,34445064,38048222,41996242,32023475	149	S2_gene_in_corpus	retina	C	C_strong; link in-corpus pmids → 37773257,34445064,37540379,37017569,41595581
retina_v5	RGC	POU4F2			0	0					114	38	32946783,41467179,37671011,36778138,41996242	262	S2_gene_in_corpus	retina	C	C_strong; link in-corpus pmids → 35705015,38101398,34055784,37665325,37773257
retina_v5	RGC	RBPMS			0	0					629	206	32946783,34830490,39514271,41283752,36594396	905	S2_gene_in_corpus	retina	C	C_strong; link in-corpus pmids → 35619185,PPR_PPR406177,39695101,37735444,36261683
retina_v5	RGC	SLC17A6			0	0					15	10	32946783,37794584,34445064,40660409,39737973	38	S2_gene_in_corpus	retina	C	C_strong; link in-corpus pmids → 32946783,34445064,37540379,37794584,38214685
retina_v5	RPE	BEST1			0	0					277	114	33673358,32946783,40239758,37794584,35806438	393	S2_gene_in_corpus	retina	C	C_strong; link in-corpus pmids → 37528478,33784255,41366246,41168502,41424614
retina_v5	RPE	LRAT			0	0					91	37	33673358,42080790,42510807,38334673,37507467	119	S2_gene_in_corpus	retina	C	C_strong; link in-corpus pmids → 33934486,36142331,35882847,36899910,41424614
retina_v5	RPE	MITF			0	0					361	137	34769520,32946783,36386870,35806438,34420069	0	S2_gene_in_corpus	retina	C	C_strong; link in-corpus pmids → 37528478,36645183,41366246,33377455,32319201
retina_v5	RPE	RDH5			0	0					56	27	33673358,40239758,37388919,37507467,34668483	71	S2_gene_in_corpus	retina	C	C_strong; link in-corpus pmids → 33934486,36899910,35297555,40552921,41632798
retina_v5	RPE	RPE65			0	0					868	319	39433211,33673358,32946783,40239758,34830490	1122	S2_gene_in_corpus	retina	C	C_strong; link in-corpus pmids → 41528844,37528478,36408112,36645183,38528525
retina_v5	RPE	TTR			0	0					86	27	34439995,30673862,34445064,36778138,33036197	100	S2_gene_in_corpus	retina	C	C_strong; link in-corpus pmids → 36408112,35705015,33934486,36231108,36142331
retina_v5	Rod	GNAT1			0	0					61	36	33673358,34420069,38510120,34445064,41010033	155	S2_gene_in_corpus	retina	C	C_strong; link in-corpus pmids → 33934486,40994539,38334673,38670973,35298655
retina_v5	Rod	NR2E3			0	0					170	57	33673358,39422807,34420069,38510120,34445064	246	S2_gene_in_corpus	retina	C	C_strong; link in-corpus pmids → 36231108,34809716,35176707,40956390,38670973
retina_v5	Rod	NRL			0	0					367	93	33673358,32946783,40239758,39422807,34420069	626	S2_gene_in_corpus	retina	C	C_strong; link in-corpus pmids → 36645183,36231108,34809716,35974011,38334673
retina_v5	Rod	PDE6B			0	0					129	52	33673358,40239758,39422807,40723812,42080790	327	S2_gene_in_corpus	retina	C	C_strong; link in-corpus pmids → 33934486,38670973,38705389,33393903,34445064
retina_v5	Rod	RHO			0	0					468	162	33673358,32946783,40239758,37794584,39422807	1566	S2_gene_in_corpus	retina	C	C_strong; link in-corpus pmids → 38670973,32963317,35297555,40994539,42652099
retina_v5:prov	AC	AK5			0	1					0	0		0	S3_no_corpus_support	retina	A	EPMC eye-hits=26
retina_v5:prov	AC	ATP8B4			0	1					4	3	35280984,40598599,35858321	0	S2_gene_in_corpus	retina	A	S2 mention ctx-mismatch; EPMC eye-lit exists
retina_v5:prov	AC	C1QL2			0	1					2	2	41810892,38214685	0	S2_gene_in_corpus	retina	C	C_mid; link in-corpus pmids → 38214685,41810892
retina_v5:prov	AC	CACNA1E			0	1					6	5	39451253,36969199,37773257,35858321,38587075	0	S2_gene_in_corpus	retina	C	C_strong; link in-corpus pmids → 37773257,39451253,36969199
retina_v5:prov	AC	CAMK2A			0	1					0	0		0	S3_no_corpus_support	retina	A	EPMC eye-hits=202
retina_v5:prov	AC	CAMKV			0	1					0	0		0	S3_no_corpus_support	retina	A	EPMC eye-hits=21
retina_v5:prov	AC	CHRM2			0	1					3	2	32319662,34783308	0	S2_gene_in_corpus	retina	C	C_mid; link in-corpus pmids → 32319662
retina_v5:prov	AC	CHRM3			0	1					7	4	39952952,34783308,35858321,PPR_PPR1231790	0	S2_gene_in_corpus	retina	A	S2 mention ctx-mismatch; EPMC eye-lit exists
retina_v5:prov	AC	CNTN5			0	1					0	0		0	S3_no_corpus_support	retina	A	EPMC eye-hits=56
retina_v5:prov	AC	CPNE5			0	1					0	0		0	S3_no_corpus_support	retina	A	EPMC eye-hits=19
retina_v5:prov	AC	CUX2			0	1					3	2	39117640,40813888	0	S2_gene_in_corpus	retina	C	C_mid; link in-corpus pmids → 39117640
retina_v5:prov	AC	DACH2			0	1					7	3	36750914,39324238,40598599	0	S2_gene_in_corpus	retina	C	C_mid; link in-corpus pmids → 39324238,36750914
retina_v5:prov	AC	DCC			0	1					31	18	37547228,32761139,40940733,39117640,32319662	0	S2_gene_in_corpus	retina	C	C_strong; link in-corpus pmids → 41960189,39117640,37773257,41810892,33816648
retina_v5:prov	AC	DOCK2			0	1					0	0		0	S3_no_corpus_support	retina	A	EPMC eye-hits=89
retina_v5:prov	AC	EYA4			1	1					7	2	42450352,36750914	0	S2_gene_in_corpus	retina	C	C_mid; link in-corpus pmids → 36750914
retina_v5:prov	AC	FGF13			0	1					9	3	40423739,28680125,39324238	0	S2_gene_in_corpus	retina	C	C_mid; link in-corpus pmids → 39324238,28680125
retina_v5:prov	AC	GABRA2			0	1					3	1	37880369	0	S2_gene_in_corpus	retina	C	C_mid; link in-corpus pmids → 37880369
retina_v5:prov	AC	GABRA3			0	1					1	1	37773257	0	S2_gene_in_corpus	retina	C	C_mid; link in-corpus pmids → 37773257
retina_v5:prov	AC	GABRG1			0	1					1	1	38816767	0	S2_gene_in_corpus	retina	C	C_mid; link in-corpus pmids → 38816767
retina_v5:prov	AC	GAD1			1	1					33	22	32946783,37794584,34445064,33393903,32023475	73	S2_gene_in_corpus	retina	C	C_strong; link in-corpus pmids → 33665228,37773257,35212809,33393903,34445064
retina_v5:prov	AC	GAD2			1	1					26	14	42080790,34445064,38089586,33393903,40137771	51	S2_gene_in_corpus	retina	C	C_strong; link in-corpus pmids → 40054472,38089586,33393903,34445064,37686457
retina_v5:prov	AC	GLCE			0	1					0	0		0	S3_no_corpus_support	retina	A	EPMC eye-hits=40
retina_v5:prov	AC	GREB1L			0	1					0	0		0	S3_no_corpus_support	retina	A	EPMC eye-hits=21
retina_v5:prov	AC	GRIK2			0	1					9	3	35241647,39737973,35685368	0	S2_gene_in_corpus	retina	C	C_strong; link in-corpus pmids → 35685368,35241647,39737973
retina_v5:prov	AC	GRIN3A			0	1					1	1	36332025	0	S2_gene_in_corpus	retina	C	C_mid; link in-corpus pmids → 36332025
retina_v5:prov	AC	GRM8			0	1					6	3	39737973,39574940,37741839	0	S2_gene_in_corpus	retina	C	C_strong; link in-corpus pmids → 39574940,37741839,39737973
retina_v5:prov	AC	ITGA11			0	1					10	6	41636427,42278218,36980168,42620929,42063159	0	S2_gene_in_corpus	retina	C	C_mid; link in-corpus pmids → 42063159
retina_v5:prov	AC	LNX1			0	1					0	0		0	S3_no_corpus_support	retina	A	EPMC eye-hits=30
retina_v5:prov	AC	LRRN3			0	1					1	1	35298655	0	S2_gene_in_corpus	retina	C	C_mid; link in-corpus pmids → 35298655
retina_v5:prov	AC	LRRTM3			0	1					6	1	42450352	0	S2_gene_in_corpus	retina	A	S2 mention ctx-mismatch; EPMC eye-lit exists
retina_v5:prov	AC	MAF		27565351	1	1					124	55	33513185,42437121,36262888,34638643,37388919	0	S2_gene_in_corpus	retina	C	C_strong; link in-corpus pmids → 35882847,37371607,41632798,38195602,38012720
retina_v5:prov	AC	NXPH2			0	1					3	1	42600003	0	S2_gene_in_corpus	retina	C	C_mid; link in-corpus pmids → 42600003
retina_v5:prov	AC	OLFM3			0	1					21	3	42437121,42600003,35298655	0	S2_gene_in_corpus	retina	C	C_mid; link in-corpus pmids → 42600003,35298655
retina_v5:prov	AC	ONECUT2			1	0					32	21	38510120,34445064,32023475,32111086,39117640	66	S2_gene_in_corpus	retina	C	C_strong; link in-corpus pmids → 38670973,38101398,34055784,35212809,34445064
retina_v5:prov	AC	PTPRK			0	1					2	1	35517867	0	S2_gene_in_corpus	retina	A	S2 mention ctx-mismatch; EPMC eye-lit exists
retina_v5:prov	AC	RASGRF1			0	1					3	2	36750914,41477839	0	S2_gene_in_corpus	retina	C	C_mid; link in-corpus pmids → 41477839,36750914
retina_v5:prov	AC	ROBO1			0	1					6	4	42589107,39574940,33072724,32879763	0	S2_gene_in_corpus	retina	C	C_strong; link in-corpus pmids → 32879763,39574940,33072724
retina_v5:prov	AC	SCN3B			0	1					1	1	37773257	0	S2_gene_in_corpus	retina	C	C_mid; link in-corpus pmids → 37773257
retina_v5:prov	AC	SHISA6			0	1					1	1	35858321	0	S2_gene_in_corpus	retina	A	S2 mention ctx-mismatch; EPMC eye-lit exists
retina_v5:prov	AC	SLC35F3			0	1					0	0		0	S3_no_corpus_support	retina	A	EPMC eye-hits=35
retina_v5:prov	AC	SLC6A1			0	1					12	7	34445064,33393903,42600003,37773257,39574940	0	S2_gene_in_corpus	retina	C	C_strong; link in-corpus pmids → 37773257,35095414,33393903,34445064,42600003
retina_v5:prov	AC	SLC6A9			1	0					19	12	32946783,37794584,36277849,42600003,40660409	46	S2_gene_in_corpus	retina	C	C_strong; link in-corpus pmids → 32946783,35095414,42600003,37794584,38214685
retina_v5:prov	AC	SNTG1			0	1					0	0		0	S3_no_corpus_support	retina	A	EPMC eye-hits=11
retina_v5:prov	AC	SPHKAP			0	1					1	1	40250432	0	S2_gene_in_corpus	retina	C	C_mid; link in-corpus pmids → 40250432
retina_v5:prov	AC	TFAP2A			1	0					70	41	32946783,34445064,40706588,33393903,32023475	135	S2_gene_in_corpus	retina	C	C_strong; link in-corpus pmids → 36645183,41366246,34809716,38670973,38101398
retina_v5:prov	AC	TFAP2C			0	1					14	7	37665325,40813888,40999359,37773257,37856539	0	S2_gene_in_corpus	retina	C	C_strong; link in-corpus pmids → 37773257,37665325,37017569
retina_v5:prov	AC	TMEM132D			0	1					4	2	28514956,40227169	0	S2_gene_in_corpus	retina	C	C_mid; link in-corpus pmids → 40227169
retina_v5:prov	AC	ZFPM2			0	1					7	4	42450352,39117640,41071877,35805085	0	S2_gene_in_corpus	retina	C	C_mid; link in-corpus pmids → 39117640
retina_v5:prov	AC	ZNF804A			0	1					5	2	40531615,42600003	0	S2_gene_in_corpus	retina	C	C_mid; link in-corpus pmids → 42600003,40531615
retina_v5:prov	BC	ADARB2			0	1					0	0		0	S3_no_corpus_support	retina	A	EPMC eye-hits=45
retina_v5:prov	BC	ADGRL2			0	1					5	1	42149027	0	S2_gene_in_corpus	retina	A	S2 mention ctx-mismatch; EPMC eye-lit exists
retina_v5:prov	BC	BACH1			0	1					6	4	42589107,38016059,33072724,37522516	0	S2_gene_in_corpus	retina	C	C_strong; link in-corpus pmids → 38016059,37522516,33072724
retina_v5:prov	BC	BCAT1			0	1					4	2	35280984,33934486	0	S2_gene_in_corpus	retina	C	C_mid; link in-corpus pmids → 33934486
retina_v5:prov	BC	CA10			0	1					9	5	34445064,40706588,39574940,41152974,40054472	0	S2_gene_in_corpus	retina	C	C_strong; link in-corpus pmids → 40054472,34445064,41152974,39574940,40706588
retina_v5:prov	BC	CACNA1S			1	0					2	2	38303059,41810892	5	S2_gene_in_corpus	retina	C	C_mid; link in-corpus pmids → 41810892,38303059
retina_v5:prov	BC	CDH8			0	1					2	2	38383070,35805085	0	S2_gene_in_corpus	retina	A	S2 mention ctx-mismatch; EPMC eye-lit exists
retina_v5:prov	BC	COL19A1			0	1					0	0		0	S3_no_corpus_support	retina	A	EPMC eye-hits=27
retina_v5:prov	BC	DGKB			0	1					0	0		0	S3_no_corpus_support	retina	A	EPMC eye-hits=37
retina_v5:prov	BC	FAM171B			0	1					0	0		0	S3_no_corpus_support	retina	A	EPMC eye-hits=10
retina_v5:prov	BC	GABRA5			0	1					0	0		0	S3_no_corpus_support	retina	A	EPMC eye-hits=84
retina_v5:prov	BC	GABRR1			0	1					6	2	40423739,40820958	0	S2_gene_in_corpus	retina	C	C_mid; link in-corpus pmids → 40820958
retina_v5:prov	BC	GABRR2			0	1					6	2	40820958,34638582	0	S2_gene_in_corpus	retina	C	C_mid; link in-corpus pmids → 40820958,34638582
retina_v5:prov	BC	GRIK1		31436334,41578023	1	1					23	16	32946783,33393903,36277849,35594404,33934486	0	S2_gene_in_corpus	retina	C	C_strong; link in-corpus pmids → 33934486,38705389,32946783,37746666,35594404
retina_v5:prov	BC	GRM5			0	1					3	1	35627267	0	S2_gene_in_corpus	retina	A	S2 mention ctx-mismatch; EPMC eye-lit exists
retina_v5:prov	BC	GRM6		41578023	1	1					24	19	33673358,37794584,34445064,38048222,33393903	60	S2_gene_in_corpus	retina	C	C_strong; link in-corpus pmids → 38705389,33665228,33393903,34445064,37794584
retina_v5:prov	BC	GRM7			0	1					1	1	42437121	0	S2_gene_in_corpus	retina	A	S2 mention ctx-mismatch; EPMC eye-lit exists
retina_v5:prov	BC	HS3ST4			0	1					0	0		0	S3_no_corpus_support	retina	A	EPMC eye-hits=10
retina_v5:prov	BC	IGF1			0	1					155	66	34769520,40423739,34638643,34420069,34209272	0	S2_gene_in_corpus	retina	C	C_strong; link in-corpus pmids → 36645183,36231108,34207050,41424614,34809716
retina_v5:prov	BC	IGSF21			0	1					0	0		0	S3_no_corpus_support	retina	A	EPMC eye-hits=18
retina_v5:prov	BC	ISL1			1	0					120	45	40239758,35584663,34445064,36778138,41996242	289	S2_gene_in_corpus	retina	C	C_strong; link in-corpus pmids → 35705015,38101398,34055784,37665325,37773257
retina_v5:prov	BC	KCNMB2			0	1					3	1	32203982	0	S2_gene_in_corpus	retina	A	S2 mention ctx-mismatch; EPMC eye-lit exists
retina_v5:prov	BC	KHDRBS3			0	1					0	0		0	S3_no_corpus_support	retina	A	EPMC eye-hits=29
retina_v5:prov	BC	LAMA3			0	1					19	6	36877514,36638800,36497012,25826404,35858321	0	S2_gene_in_corpus	retina	C	C_mid; link in-corpus pmids → 36638800
retina_v5:prov	BC	MCC			0	1					56	19	40531615,42450352,42589107,41301852,39936988	0	S2_gene_in_corpus	retina	C	C_strong; link in-corpus pmids → 41366246,41565785,36077073,41301852,40531615
retina_v5:prov	BC	MFSD4A			1	1					0	0		0	S3_no_corpus_support	retina	B_scarce_1_5	EPMC eye-hits=5
retina_v5:prov	BC	NETO1		41578023	1	1					10	7	34445064,37388908,40660409,39592612,37773257	0	S2_gene_in_corpus	retina	C	C_strong; link in-corpus pmids → 40054472,37773257,34445064,39592612,39574940
retina_v5:prov	BC	NPHS1			0	1					4	2	35023829,31769495	0	S2_gene_in_corpus	retina	C	C_mid; link in-corpus pmids → 31769495
retina_v5:prov	BC	NTNG1			0	1					9	6	28680125,40250432,34072522,39574940,41751906	0	S2_gene_in_corpus	retina	C	C_strong; link in-corpus pmids → 28680125,33792620,39574940,40250432,34072522
retina_v5:prov	BC	NXPH2			0	1					3	1	42600003	0	S2_gene_in_corpus	retina	C	C_mid; link in-corpus pmids → 42600003
retina_v5:prov	BC	OTX2			1	0					416	145	33673358,39422807,34420069,34209272,36756614	765	S2_gene_in_corpus	retina	C	C_strong; link in-corpus pmids → 37528478,41424614,33307245,37185874,34750957
retina_v5:prov	BC	PDE1A			0	1					7	2	35659263,33934486	0	S2_gene_in_corpus	retina	C	C_mid; link in-corpus pmids → 33934486,35659263
retina_v5:prov	BC	PLXDC1			0	1					10	3	40423739,34445064,39728690	0	S2_gene_in_corpus	retina	C	C_mid; link in-corpus pmids → 39728690,34445064
retina_v5:prov	BC	PRKCA		27565351,32946783	1	1				32946783	36	22	32946783,33393903,40137771,32937137,36277849	0	S2_gene_in_corpus	retina	C	C_strong; link in-corpus pmids → 33665228,33393903,35752290,40425564,41595581
retina_v5:prov	BC	RAPGEF5			0	1					0	0		0	S3_no_corpus_support	retina	A	EPMC eye-hits=23
retina_v5:prov	BC	RELN			0	1					32	13	40531615,42450352,38048222,42589107,33393903	0	S2_gene_in_corpus	retina	C	C_strong; link in-corpus pmids → 36544284,33393903,33572787,38048222,39574940
retina_v5:prov	BC	SAMSN1			0	1					2	1	35280984	0	S2_gene_in_corpus	retina	A	S2 mention ctx-mismatch; EPMC eye-lit exists
retina_v5:prov	BC	SDK1			0	1					5	4	37794584,33393903,42600003,37603353	0	S2_gene_in_corpus	retina	C	C_strong; link in-corpus pmids → 42600003,33393903,37794584
retina_v5:prov	BC	SLC24A3			0	1					0	0		0	S3_no_corpus_support	retina	A	EPMC eye-hits=29
retina_v5:prov	BC	ST18			0	1					9	6	34445064,42600003,39117640,32339198,38092908	0	S2_gene_in_corpus	retina	C	C_strong; link in-corpus pmids → 39117640,34445064,42600003,38092908
retina_v5:prov	BC	TACR3			0	1					4	3	32937137,33665228,41731009	0	S2_gene_in_corpus	retina	C	C_strong; link in-corpus pmids → 33665228,41731009,32937137
retina_v5:prov	BC	TENM3			0	1					6	6	40806731,33393903,42600003,35817658,39737973	0	S2_gene_in_corpus	retina	C	C_strong; link in-corpus pmids → 40806731,33393903,35752290,42600003,39737973
retina_v5:prov	BC	TMEM132C			0	1					0	0		0	S3_no_corpus_support	retina	A	EPMC eye-hits=11
retina_v5:prov	BC	TMEM196			0	1					0	0		0	S3_no_corpus_support	retina	A	EPMC eye-hits=6
retina_v5:prov	BC	TMEM215			0	1					5	4	34445064,39592612,37017569,34434927	0	S2_gene_in_corpus	retina	C	C_strong; link in-corpus pmids → 39592612,37017569,34434927,34445064
retina_v5:prov	BC	TRPM1		31436334,32946783	1	1				32946783	69	35	33673358,32946783,37388919,34420069,34445064	0	S2_gene_in_corpus	retina	C	C_strong; link in-corpus pmids → 38999396,35030321,38705389,38670973,35298655
retina_v5:prov	BC	VSX1			0	1					38	24	32946783,38510120,34445064,32023475,32111086	0	S2_gene_in_corpus	retina	C	C_strong; link in-corpus pmids → 36645183,38670973,34055784,34445064,36331259
retina_v5:prov	BC	VSX2			1	0					360	109	32946783,36386870,34420069,34209272,41317324	637	S2_gene_in_corpus	retina	C	C_strong; link in-corpus pmids → 41366246,34750957,36231108,35705015,32231223
retina_v5:prov	BC	WFDC1			0	1					8	7	32946783,41528844,38334673,33307245,31712411	0	S2_gene_in_corpus	retina	C	C_strong; link in-corpus pmids → 36645183,41528844,38334673,33307245,36830851
retina_v5:prov	BC	ZNF804B			0	1					0	0		0	S3_no_corpus_support	retina	A	EPMC eye-hits=9
retina_v5:prov	HC	ADAMTS17			0	1					7	5	36280537,35739142,35858321,36148008,30406200	0	S2_gene_in_corpus	retina	C	C_strong; link in-corpus pmids → 30406200,36148008,35739142
retina_v5:prov	HC	B3GAT2			0	1					0	0		0	S3_no_corpus_support	retina	A	EPMC eye-hits=13
retina_v5:prov	HC	BEGAIN			0	1					0	0		0	S3_no_corpus_support	retina	A	EPMC eye-hits=13
retina_v5:prov	HC	C8ORF76			0	1					0	0		0	S3_no_corpus_support	retina	A	EPMC eye-hits=39
retina_v5:prov	HC	CACNA1C			0	1					6	2	40531615,41290721	0	S2_gene_in_corpus	retina	C	C_mid; link in-corpus pmids → 41290721,40531615
retina_v5:prov	HC	CACNG7			0	1					0	0		0	S3_no_corpus_support	retina	A	EPMC eye-hits=18
retina_v5:prov	HC	CMYA5			0	1					0	0		0	S3_no_corpus_support	retina	A	EPMC eye-hits=14
retina_v5:prov	HC	CX3CR1			1	0					218	67	32946783,37794584,36756614,39514271,34445064	0	S2_gene_in_corpus	retina	C	C_strong; link in-corpus pmids → 35309305,33585455,37605279,40882639,36662852
retina_v5:prov	HC	DOCK10			0	1					0	0		0	S3_no_corpus_support	retina	A	EPMC eye-hits=19
retina_v5:prov	HC	FAM107B			0	1					0	0		0	S3_no_corpus_support	retina	A	EPMC eye-hits=14
retina_v5:prov	HC	FAM135A			0	1					2	1	42589107	0	S2_gene_in_corpus	retina	A	S2 mention ctx-mismatch; EPMC eye-lit exists
retina_v5:prov	HC	FBXL7			0	1					3	1	39732756	0	S2_gene_in_corpus	retina	A	S2 mention ctx-mismatch; EPMC eye-lit exists
retina_v5:prov	HC	FRMPD4			0	1					1	1	39324238	0	S2_gene_in_corpus	retina	C	C_mid; link in-corpus pmids → 39324238
retina_v5:prov	HC	GAD1			1	0					33	22	32946783,37794584,34445064,33393903,32023475	73	S2_gene_in_corpus	retina	C	C_strong; link in-corpus pmids → 33665228,37773257,35212809,33393903,34445064
retina_v5:prov	HC	GFRA2			0	1					0	0		0	S3_no_corpus_support	retina	A	EPMC eye-hits=67
retina_v5:prov	HC	GJA10			0	1					0	0		0	S3_no_corpus_support	retina	A	EPMC eye-hits=63
retina_v5:prov	HC	ISL1			1	0					120	45	40239758,35584663,34445064,36778138,41996242	289	S2_gene_in_corpus	retina	C	C_strong; link in-corpus pmids → 35705015,38101398,34055784,37665325,37773257
retina_v5:prov	HC	LHX1			1	1					27	18	32946783,34440692,33393903,40137771,32937137	0	S2_gene_in_corpus	retina	C	C_strong; link in-corpus pmids → 38670973,32946783,37773257,35212809,33393903
retina_v5:prov	HC	MEGF11			0	1					5	2	32620864,39574940	0	S2_gene_in_corpus	retina	C	C_mid; link in-corpus pmids → 39574940,32620864
retina_v5:prov	HC	NAALAD2			0	1					1	1	42652099	0	S2_gene_in_corpus	retina	C	C_mid; link in-corpus pmids → 42652099
retina_v5:prov	HC	NAT16			0	1					0	0		0	S3_no_corpus_support	retina	A	EPMC eye-hits=10
retina_v5:prov	HC	ONECUT1		41578023	1	1					52	28	32946783,37794584,40531615,38510120,34445064	120	S2_gene_in_corpus	retina	C	C_strong; link in-corpus pmids → 38670973,35212809,34445064,37794584,37017569
retina_v5:prov	HC	ONECUT2			1	1					32	21	38510120,34445064,32023475,32111086,39117640	66	S2_gene_in_corpus	retina	C	C_strong; link in-corpus pmids → 38670973,38101398,34055784,35212809,34445064
retina_v5:prov	HC	ONECUT3			1	1					11	8	38510120,34445064,33393903,39117640,32347797	11	S2_gene_in_corpus	retina	C	C_strong; link in-corpus pmids → 38670973,39117640,33393903,34445064,32347797
retina_v5:prov	HC	PCDH11X			0	1					0	0		0	S3_no_corpus_support	retina	A	EPMC eye-hits=34
retina_v5:prov	HC	PCSK6			0	1					0	0		0	S3_no_corpus_support	retina	A	EPMC eye-hits=34
retina_v5:prov	HC	SESTD1			0	1					0	0		0	S3_no_corpus_support	retina	A	EPMC eye-hits=56
retina_v5:prov	HC	SLC4A3			0	1					0	0		0	S3_no_corpus_support	retina	A	EPMC eye-hits=67
retina_v5:prov	HC	TNR			0	1					21	4	40136389,40660409,39737973,40287480	0	S2_gene_in_corpus	retina	C	C_mid; link in-corpus pmids → 40660409,39737973
retina_v5:prov	HC	TPM3			0	1					5	3	34445064,41571675,33572787	0	S2_gene_in_corpus	retina	C	C_strong; link in-corpus pmids → 41571675,33572787,34445064
retina_v5:prov	HC	VAT1L			0	1					1	1	32946783	0	S2_gene_in_corpus	retina	C	C_mid; link in-corpus pmids → 32946783
retina_v6	AC	C1QL2			0	0					2	2	41810892,38214685	0	S2_gene_in_corpus	retina	C	C_mid; link in-corpus pmids → 38214685,41810892
retina_v6	AC	CACNA1E			0	0					6	5	39451253,36969199,37773257,35858321,38587075	0	S2_gene_in_corpus	retina	C	C_strong; link in-corpus pmids → 37773257,39451253,36969199
retina_v6	AC	CAMK2A			0	0					0	0		0	S3_no_corpus_support	retina	A	EPMC eye-hits=202
retina_v6	AC	CAMKV			0	0					0	0		0	S3_no_corpus_support	retina	A	EPMC eye-hits=21
retina_v6	AC	CHRM2			0	0					3	2	32319662,34783308	0	S2_gene_in_corpus	retina	C	C_mid; link in-corpus pmids → 32319662
retina_v6	AC	CPNE5			0	0					0	0		0	S3_no_corpus_support	retina	A	EPMC eye-hits=19
retina_v6	AC	DCC			0	0					31	18	37547228,32761139,40940733,39117640,32319662	0	S2_gene_in_corpus	retina	C	C_strong; link in-corpus pmids → 41960189,39117640,37773257,41810892,33816648
retina_v6	AC	EYA4			0	0					7	2	42450352,36750914	0	S2_gene_in_corpus	retina	C	C_mid; link in-corpus pmids → 36750914
retina_v6	AC	FGF13			0	0					9	3	40423739,28680125,39324238	0	S2_gene_in_corpus	retina	C	C_mid; link in-corpus pmids → 39324238,28680125
retina_v6	AC	GABRA2			0	0					3	1	37880369	0	S2_gene_in_corpus	retina	C	C_mid; link in-corpus pmids → 37880369
retina_v6	AC	GABRA3			0	0					1	1	37773257	0	S2_gene_in_corpus	retina	C	C_mid; link in-corpus pmids → 37773257
retina_v6	AC	GABRG1			0	0					1	1	38816767	0	S2_gene_in_corpus	retina	C	C_mid; link in-corpus pmids → 38816767
retina_v6	AC	GAD1			0	0					33	22	32946783,37794584,34445064,33393903,32023475	73	S2_gene_in_corpus	retina	C	C_strong; link in-corpus pmids → 33665228,37773257,35212809,33393903,34445064
retina_v6	AC	GAD2			0	0					26	14	42080790,34445064,38089586,33393903,40137771	51	S2_gene_in_corpus	retina	C	C_strong; link in-corpus pmids → 40054472,38089586,33393903,34445064,37686457
retina_v6	AC	GRIK2			0	0					9	3	35241647,39737973,35685368	0	S2_gene_in_corpus	retina	C	C_strong; link in-corpus pmids → 35685368,35241647,39737973
retina_v6	AC	GRIN3A			0	0					1	1	36332025	0	S2_gene_in_corpus	retina	C	C_mid; link in-corpus pmids → 36332025
retina_v6	AC	GRM8			0	0					6	3	39737973,39574940,37741839	0	S2_gene_in_corpus	retina	C	C_strong; link in-corpus pmids → 39574940,37741839,39737973
retina_v6	AC	ITGA11			0	0					10	6	41636427,42278218,36980168,42620929,42063159	0	S2_gene_in_corpus	retina	C	C_mid; link in-corpus pmids → 42063159
retina_v6	AC	LRRN3			0	0					1	1	35298655	0	S2_gene_in_corpus	retina	C	C_mid; link in-corpus pmids → 35298655
retina_v6	AC	OLFM3			0	0					21	3	42437121,42600003,35298655	0	S2_gene_in_corpus	retina	C	C_mid; link in-corpus pmids → 42600003,35298655
retina_v6	AC	PTPRK			0	0					2	1	35517867	0	S2_gene_in_corpus	retina	A	S2 mention ctx-mismatch; EPMC eye-lit exists
retina_v6	AC	RASGRF1			0	0					3	2	36750914,41477839	0	S2_gene_in_corpus	retina	C	C_mid; link in-corpus pmids → 41477839,36750914
retina_v6	AC	SCN3B			0	0					1	1	37773257	0	S2_gene_in_corpus	retina	C	C_mid; link in-corpus pmids → 37773257
retina_v6	AC	SHISA6			0	0					1	1	35858321	0	S2_gene_in_corpus	retina	A	S2 mention ctx-mismatch; EPMC eye-lit exists
retina_v6	AC	SLC6A9			0	0					19	12	32946783,37794584,36277849,42600003,40660409	46	S2_gene_in_corpus	retina	C	C_strong; link in-corpus pmids → 32946783,35095414,42600003,37794584,38214685
retina_v6	AC	SPHKAP			0	0					1	1	40250432	0	S2_gene_in_corpus	retina	C	C_mid; link in-corpus pmids → 40250432
retina_v6	AC	TFAP2A			0	0					70	41	32946783,34445064,40706588,33393903,32023475	135	S2_gene_in_corpus	retina	C	C_strong; link in-corpus pmids → 36645183,41366246,34809716,38670973,38101398
retina_v6	AC	TFAP2C			0	0					14	7	37665325,40813888,40999359,37773257,37856539	0	S2_gene_in_corpus	retina	C	C_strong; link in-corpus pmids → 37773257,37665325,37017569
retina_v6	AC	ZFPM2			0	0					7	4	42450352,39117640,41071877,35805085	0	S2_gene_in_corpus	retina	C	C_mid; link in-corpus pmids → 39117640
retina_v6	Astro	GFAP			0	0					1535	475	41354925,32946783,34830490,36577373,37794584	2078	S2_gene_in_corpus	retina	C	C_strong; link in-corpus pmids → 35619185,PPR_PPR289133,36544284,41787550,33027920
retina_v6	Astro	S100B			0	0					75	24	34769520,36756614,34445064,40820958,41088409	0	S2_gene_in_corpus	retina	C	C_strong; link in-corpus pmids → 35859009,37773257,34445064,39461953,36977817
retina_v6	Astro	TNC			0	0					52	24	34439995,34440692,40136389,41851243,36012314	0	S2_gene_in_corpus	retina	C	C_strong; link in-corpus pmids → 36012314,34072522,41810892,34439995,35365237
retina_v6	BC	ADGRL2			0	0					5	1	42149027	0	S2_gene_in_corpus	retina	A	S2 mention ctx-mismatch; EPMC eye-lit exists
retina_v6	BC	BACH1			0	0					6	4	42589107,38016059,33072724,37522516	0	S2_gene_in_corpus	retina	C	C_strong; link in-corpus pmids → 38016059,37522516,33072724
retina_v6	BC	BCAT1			0	0					4	2	35280984,33934486	0	S2_gene_in_corpus	retina	C	C_mid; link in-corpus pmids → 33934486
retina_v6	BC	CA10			0	0					9	5	34445064,40706588,39574940,41152974,40054472	0	S2_gene_in_corpus	retina	C	C_strong; link in-corpus pmids → 40054472,34445064,41152974,39574940,40706588
retina_v6	BC	COL19A1			0	0					0	0		0	S3_no_corpus_support	retina	A	EPMC eye-hits=27
retina_v6	BC	DGKB			0	0					0	0		0	S3_no_corpus_support	retina	A	EPMC eye-hits=37
retina_v6	BC	FAM171B			0	0					0	0		0	S3_no_corpus_support	retina	A	EPMC eye-hits=10
retina_v6	BC	GABRA5			0	0					0	0		0	S3_no_corpus_support	retina	A	EPMC eye-hits=84
retina_v6	BC	GABRR1			0	0					6	2	40423739,40820958	0	S2_gene_in_corpus	retina	C	C_mid; link in-corpus pmids → 40820958
retina_v6	BC	GABRR2			0	0					6	2	40820958,34638582	0	S2_gene_in_corpus	retina	C	C_mid; link in-corpus pmids → 40820958,34638582
retina_v6	BC	GPR179			0	0					6	4	33673358,32937137,32973430,41152974	0	S2_gene_in_corpus	retina	C	C_strong; link in-corpus pmids → 41152974,33673358,32973430,32937137
retina_v6	BC	GRIK1			0	0					23	16	32946783,33393903,36277849,35594404,33934486	0	S2_gene_in_corpus	retina	C	C_strong; link in-corpus pmids → 33934486,38705389,32946783,37746666,35594404
retina_v6	BC	GRM5			0	0					3	1	35627267	0	S2_gene_in_corpus	retina	A	S2 mention ctx-mismatch; EPMC eye-lit exists
retina_v6	BC	GRM6			0	0					24	19	33673358,37794584,34445064,38048222,33393903	60	S2_gene_in_corpus	retina	C	C_strong; link in-corpus pmids → 38705389,33665228,33393903,34445064,37794584
retina_v6	BC	GRM7			0	0					1	1	42437121	0	S2_gene_in_corpus	retina	A	S2 mention ctx-mismatch; EPMC eye-lit exists
retina_v6	BC	HS3ST4			0	0					0	0		0	S3_no_corpus_support	retina	A	EPMC eye-hits=10
retina_v6	BC	IGF1			0	0					155	66	34769520,40423739,34638643,34420069,34209272	0	S2_gene_in_corpus	retina	C	C_strong; link in-corpus pmids → 36645183,36231108,34207050,41424614,34809716
retina_v6	BC	IGSF21			0	0					0	0		0	S3_no_corpus_support	retina	A	EPMC eye-hits=18
retina_v6	BC	ISL1			0	0					120	45	40239758,35584663,34445064,36778138,41996242	289	S2_gene_in_corpus	retina	C	C_strong; link in-corpus pmids → 35705015,38101398,34055784,37665325,37773257
retina_v6	BC	KHDRBS3			0	0					0	0		0	S3_no_corpus_support	retina	A	EPMC eye-hits=29
retina_v6	BC	MCC			0	0					56	19	40531615,42450352,42589107,41301852,39936988	0	S2_gene_in_corpus	retina	C	C_strong; link in-corpus pmids → 41366246,41565785,36077073,41301852,40531615
retina_v6	BC	MFSD4A			0	0					0	0		0	S3_no_corpus_support	retina	B_scarce_1_5	EPMC eye-hits=5
retina_v6	BC	NETO1			0	0					10	7	34445064,37388908,40660409,39592612,37773257	0	S2_gene_in_corpus	retina	C	C_strong; link in-corpus pmids → 40054472,37773257,34445064,39592612,39574940
retina_v6	BC	NPHS1			0	0					4	2	35023829,31769495	0	S2_gene_in_corpus	retina	C	C_mid; link in-corpus pmids → 31769495
retina_v6	BC	PDE1A			0	0					7	2	35659263,33934486	0	S2_gene_in_corpus	retina	C	C_mid; link in-corpus pmids → 33934486,35659263
retina_v6	BC	PLXDC1			0	0					10	3	40423739,34445064,39728690	0	S2_gene_in_corpus	retina	C	C_mid; link in-corpus pmids → 39728690,34445064
retina_v6	BC	PRKCA			0	0					36	22	32946783,33393903,40137771,32937137,36277849	0	S2_gene_in_corpus	retina	C	C_strong; link in-corpus pmids → 33665228,33393903,35752290,40425564,41595581
retina_v6	BC	RAPGEF5			0	0					0	0		0	S3_no_corpus_support	retina	A	EPMC eye-hits=23
retina_v6	BC	SAMSN1			0	0					2	1	35280984	0	S2_gene_in_corpus	retina	A	S2 mention ctx-mismatch; EPMC eye-lit exists
retina_v6	BC	SDK1			0	0					5	4	37794584,33393903,42600003,37603353	0	S2_gene_in_corpus	retina	C	C_strong; link in-corpus pmids → 42600003,33393903,37794584
retina_v6	BC	TACR3			0	0					4	3	32937137,33665228,41731009	0	S2_gene_in_corpus	retina	C	C_strong; link in-corpus pmids → 33665228,41731009,32937137
retina_v6	BC	TMEM132C			0	0					0	0		0	S3_no_corpus_support	retina	A	EPMC eye-hits=11
retina_v6	BC	TMEM196			0	0					0	0		0	S3_no_corpus_support	retina	A	EPMC eye-hits=6
retina_v6	BC	TMEM215			0	0					5	4	34445064,39592612,37017569,34434927	0	S2_gene_in_corpus	retina	C	C_strong; link in-corpus pmids → 39592612,37017569,34434927,34445064
retina_v6	BC	TRPM1			0	0					69	35	33673358,32946783,37388919,34420069,34445064	0	S2_gene_in_corpus	retina	C	C_strong; link in-corpus pmids → 38999396,35030321,38705389,38670973,35298655
retina_v6	BC	VSX1			0	0					38	24	32946783,38510120,34445064,32023475,32111086	0	S2_gene_in_corpus	retina	C	C_strong; link in-corpus pmids → 36645183,38670973,34055784,34445064,36331259
retina_v6	BC	VSX2			0	0					360	109	32946783,36386870,34420069,34209272,41317324	637	S2_gene_in_corpus	retina	C	C_strong; link in-corpus pmids → 41366246,34750957,36231108,35705015,32231223
retina_v6	BC	WFDC1			0	0					8	7	32946783,41528844,38334673,33307245,31712411	0	S2_gene_in_corpus	retina	C	C_strong; link in-corpus pmids → 36645183,41528844,38334673,33307245,36830851
retina_v6	BC	ZNF804B			0	0					0	0		0	S3_no_corpus_support	retina	A	EPMC eye-hits=9
retina_v6	Cone	ARR3			0	0					152	50	32946783,34420069,38510120,34445064,40706588	245	S2_gene_in_corpus	retina	C	C_strong; link in-corpus pmids → 37773257,37691820,34445064,33400844,36331259
retina_v6	Cone	GNAT2			0	0					56	37	33673358,40531615,34884622,41010033,32960171	143	S2_gene_in_corpus	retina	C	C_strong; link in-corpus pmids → 36231108,35297555,35212809,41010033,39574940
retina_v6	Cone	OPN1MW			0	0					85	35	33673358,32946783,34420069,34445064,37485345	148	S2_gene_in_corpus	retina	C	C_strong; link in-corpus pmids → 35298655,37691820,35212809,34445064,33400844
retina_v6	Cone	OPN1SW			0	0					132	42	33673358,32946783,37794584,42666080,34420069	214	S2_gene_in_corpus	retina	C	C_strong; link in-corpus pmids → 36231108,41190718,35298655,37691820,35212809
retina_v6	Cone	PDE6H			0	0					72	33	33673358,32946783,40531615,38510120,34445064	95	S2_gene_in_corpus	retina	C	C_strong; link in-corpus pmids → 34445064,33400844,36331259,41010033,39574940
retina_v6	HC	ADAMTS17			0	0					7	5	36280537,35739142,35858321,36148008,30406200	0	S2_gene_in_corpus	retina	C	C_strong; link in-corpus pmids → 30406200,36148008,35739142
retina_v6	HC	B3GAT2			0	0					0	0		0	S3_no_corpus_support	retina	A	EPMC eye-hits=13
retina_v6	HC	BEGAIN			0	0					0	0		0	S3_no_corpus_support	retina	A	EPMC eye-hits=13
retina_v6	HC	C8ORF76			0	0					0	0		0	S3_no_corpus_support	retina	A	EPMC eye-hits=39
retina_v6	HC	CACNA1C			0	0					6	2	40531615,41290721	0	S2_gene_in_corpus	retina	C	C_mid; link in-corpus pmids → 41290721,40531615
retina_v6	HC	CACNG7			0	0					0	0		0	S3_no_corpus_support	retina	A	EPMC eye-hits=18
retina_v6	HC	CMYA5			0	0					0	0		0	S3_no_corpus_support	retina	A	EPMC eye-hits=14
retina_v6	HC	DOCK10			0	0					0	0		0	S3_no_corpus_support	retina	A	EPMC eye-hits=19
retina_v6	HC	FAM107B			0	0					0	0		0	S3_no_corpus_support	retina	A	EPMC eye-hits=14
retina_v6	HC	FAM135A			0	0					2	1	42589107	0	S2_gene_in_corpus	retina	A	S2 mention ctx-mismatch; EPMC eye-lit exists
retina_v6	HC	FBXL7			0	0					3	1	39732756	0	S2_gene_in_corpus	retina	A	S2 mention ctx-mismatch; EPMC eye-lit exists
retina_v6	HC	FRMPD4			0	0					1	1	39324238	0	S2_gene_in_corpus	retina	C	C_mid; link in-corpus pmids → 39324238
retina_v6	HC	GFRA2			0	0					0	0		0	S3_no_corpus_support	retina	A	EPMC eye-hits=67
retina_v6	HC	GJA10			0	0					0	0		0	S3_no_corpus_support	retina	A	EPMC eye-hits=63
retina_v6	HC	LHX1			0	0					27	18	32946783,34440692,33393903,40137771,32937137	0	S2_gene_in_corpus	retina	C	C_strong; link in-corpus pmids → 38670973,32946783,37773257,35212809,33393903
retina_v6	HC	MEGF11			0	0					5	2	32620864,39574940	0	S2_gene_in_corpus	retina	C	C_mid; link in-corpus pmids → 39574940,32620864
retina_v6	HC	NAALAD2			0	0					1	1	42652099	0	S2_gene_in_corpus	retina	C	C_mid; link in-corpus pmids → 42652099
retina_v6	HC	ONECUT1			0	0					52	28	32946783,37794584,40531615,38510120,34445064	120	S2_gene_in_corpus	retina	C	C_strong; link in-corpus pmids → 38670973,35212809,34445064,37794584,37017569
retina_v6	HC	ONECUT2			0	0					32	21	38510120,34445064,32023475,32111086,39117640	66	S2_gene_in_corpus	retina	C	C_strong; link in-corpus pmids → 38670973,38101398,34055784,35212809,34445064
retina_v6	HC	ONECUT3			0	0					11	8	38510120,34445064,33393903,39117640,32347797	11	S2_gene_in_corpus	retina	C	C_strong; link in-corpus pmids → 38670973,39117640,33393903,34445064,32347797
retina_v6	HC	PCSK6			0	0					0	0		0	S3_no_corpus_support	retina	A	EPMC eye-hits=34
retina_v6	HC	SESTD1			0	0					0	0		0	S3_no_corpus_support	retina	A	EPMC eye-hits=56
retina_v6	HC	SLC4A3			0	0					0	0		0	S3_no_corpus_support	retina	A	EPMC eye-hits=67
retina_v6	HC	TNR			0	0					21	4	40136389,40660409,39737973,40287480	0	S2_gene_in_corpus	retina	C	C_mid; link in-corpus pmids → 40660409,39737973
retina_v6	HC	TPM3			0	0					5	3	34445064,41571675,33572787	0	S2_gene_in_corpus	retina	C	C_strong; link in-corpus pmids → 41571675,33572787,34445064
retina_v6	HC	VAT1L			0	0					1	1	32946783	0	S2_gene_in_corpus	retina	C	C_mid; link in-corpus pmids → 32946783
retina_v6	MG	PRSS56			0	0					6	5	36280537,35315776,41746734,37691820,39759766	0	S2_gene_in_corpus	retina	C	C_strong; link in-corpus pmids → 41746734,37691820,35315776,39759766
retina_v6	MG	RLBP1			0	0					206	85	33673358,32946783,37794584,37545752,40723812	310	S2_gene_in_corpus	retina	C	C_strong; link in-corpus pmids → 38670973,33307245,35297555,37339216,40552921
retina_v6	Micro	C1QB			0	0					20	12	34445064,41651377,39916387,35784369,35432302	66	S2_gene_in_corpus	retina	C	C_strong; link in-corpus pmids → 34341398,35371110,41810892,34445064,38214685
retina_v6	RGC	NEFL			0	0					43	26	32946783,38510120,34445064,36778138,32023475	70	S2_gene_in_corpus	retina	C	C_strong; link in-corpus pmids → 41972858,38670973,38101398,37773257,35212809
retina_v6	RGC	POU4F1			0	0					58	23	34209272,34445064,38048222,41996242,32023475	149	S2_gene_in_corpus	retina	C	C_strong; link in-corpus pmids → 37773257,34445064,37540379,37017569,41595581
retina_v6	RGC	POU4F2			0	0					114	38	32946783,41467179,37671011,36778138,41996242	262	S2_gene_in_corpus	retina	C	C_strong; link in-corpus pmids → 35705015,38101398,34055784,37665325,37773257
retina_v6	RGC	RBPMS			0	0					629	206	32946783,34830490,39514271,41283752,36594396	905	S2_gene_in_corpus	retina	C	C_strong; link in-corpus pmids → 35619185,PPR_PPR406177,39695101,37735444,36261683
retina_v6	RGC	SLC17A6			0	0					15	10	32946783,37794584,34445064,40660409,39737973	38	S2_gene_in_corpus	retina	C	C_strong; link in-corpus pmids → 32946783,34445064,37540379,37794584,38214685
retina_v6	RGC	UCHL1			0	0					39	8	34769520,42149027,32987810,42666080,39952952	0	S2_gene_in_corpus	retina	C	C_strong; link in-corpus pmids → 33572787,42666080,32987810
retina_v6	RPE	BEST1			0	0					277	114	33673358,32946783,40239758,37794584,35806438	393	S2_gene_in_corpus	retina	C	C_strong; link in-corpus pmids → 37528478,33784255,41366246,41168502,41424614
retina_v6	RPE	CLIC6			0	0					12	3	42055007,40136389,33072724	0	S2_gene_in_corpus	retina	C	C_mid; link in-corpus pmids → 42055007,33072724
retina_v6	RPE	HMGCS2			0	0					12	5	33654266,38528525,37289546,34321516,41963383	0	S2_gene_in_corpus	retina	C	C_strong; link in-corpus pmids → 38528525,37289546,34321516,33654266,41963383
retina_v6	RPE	LRAT			0	0					91	37	33673358,42080790,42510807,38334673,37507467	119	S2_gene_in_corpus	retina	C	C_strong; link in-corpus pmids → 33934486,36142331,35882847,36899910,41424614
retina_v6	RPE	MFRP			0	0					15	9	33673358,41304743,34207050,32339198,41746734	0	S2_gene_in_corpus	retina	C	C_strong; link in-corpus pmids → 34207050,41746734,PPR_PPR1061856,39759766,36088481
retina_v6	RPE	OR51E2			0	0					14	1	29249973	0	S2_gene_in_corpus	retina	C	C_mid; link in-corpus pmids → 29249973
retina_v6	RPE	RDH5			0	0					56	27	33673358,40239758,37388919,37507467,34668483	71	S2_gene_in_corpus	retina	C	C_strong; link in-corpus pmids → 33934486,36899910,35297555,40552921,41632798
retina_v6	RPE	RPE65			0	0					868	319	39433211,33673358,32946783,40239758,34830490	1122	S2_gene_in_corpus	retina	C	C_strong; link in-corpus pmids → 41528844,37528478,36408112,36645183,38528525
retina_v6	RPE	TTR			0	0					86	27	34439995,30673862,34445064,36778138,33036197	100	S2_gene_in_corpus	retina	C	C_strong; link in-corpus pmids → 36408112,35705015,33934486,36231108,36142331
retina_v6	Rod	GNAT1			0	0					61	36	33673358,34420069,38510120,34445064,41010033	155	S2_gene_in_corpus	retina	C	C_strong; link in-corpus pmids → 33934486,40994539,38334673,38670973,35298655
retina_v6	Rod	NR2E3			0	0					170	57	33673358,39422807,34420069,38510120,34445064	246	S2_gene_in_corpus	retina	C	C_strong; link in-corpus pmids → 36231108,34809716,35176707,40956390,38670973
retina_v6	Rod	NRL			0	0					367	93	33673358,32946783,40239758,39422807,34420069	626	S2_gene_in_corpus	retina	C	C_strong; link in-corpus pmids → 36645183,36231108,34809716,35974011,38334673
retina_v6	Rod	PDE6B			0	0					129	52	33673358,40239758,39422807,40723812,42080790	327	S2_gene_in_corpus	retina	C	C_strong; link in-corpus pmids → 33934486,38670973,38705389,33393903,34445064
retina_v6	Rod	RHO			0	0					468	162	33673358,32946783,40239758,37794584,39422807	1566	S2_gene_in_corpus	retina	C	C_strong; link in-corpus pmids → 38670973,32963317,35297555,40994539,42652099
retina_v6	marker_blocks	ADAMTS17			1	0					7	5	36280537,35739142,35858321,36148008,30406200	0	S2_gene_in_corpus	retina	C	C_strong; link in-corpus pmids → 30406200,36148008,35739142
retina_v6	marker_blocks	ADGRL2			0	0					5	1	42149027	0	S2_gene_in_corpus	retina	A	S2 mention ctx-mismatch; EPMC eye-lit exists
retina_v6	marker_blocks	B3GAT2			1	0					0	0		0	S3_no_corpus_support	retina	A	EPMC eye-hits=13
retina_v6	marker_blocks	BACH1			0	0					6	4	42589107,38016059,33072724,37522516	0	S2_gene_in_corpus	retina	C	C_strong; link in-corpus pmids → 38016059,37522516,33072724
retina_v6	marker_blocks	BCAT1			0	0					4	2	35280984,33934486	0	S2_gene_in_corpus	retina	C	C_mid; link in-corpus pmids → 33934486
retina_v6	marker_blocks	BEGAIN			1	0					0	0		0	S3_no_corpus_support	retina	A	EPMC eye-hits=13
retina_v6	marker_blocks	BEST1			1	0					277	114	33673358,32946783,40239758,37794584,35806438	393	S2_gene_in_corpus	retina	C	C_strong; link in-corpus pmids → 37528478,33784255,41366246,41168502,41424614
retina_v6	marker_blocks	C1QL2			1	0					2	2	41810892,38214685	0	S2_gene_in_corpus	retina	C	C_mid; link in-corpus pmids → 38214685,41810892
retina_v6	marker_blocks	C8ORF76			1	0					0	0		0	S3_no_corpus_support	retina	A	EPMC eye-hits=39
retina_v6	marker_blocks	CA10			1	0					9	5	34445064,40706588,39574940,41152974,40054472	0	S2_gene_in_corpus	retina	C	C_strong; link in-corpus pmids → 40054472,34445064,41152974,39574940,40706588
retina_v6	marker_blocks	CACNA1C			1	0					6	2	40531615,41290721	0	S2_gene_in_corpus	retina	C	C_mid; link in-corpus pmids → 41290721,40531615
retina_v6	marker_blocks	CACNA1E			1	0					6	5	39451253,36969199,37773257,35858321,38587075	0	S2_gene_in_corpus	retina	C	C_strong; link in-corpus pmids → 37773257,39451253,36969199
retina_v6	marker_blocks	CACNG7			1	0					0	0		0	S3_no_corpus_support	retina	A	EPMC eye-hits=18
retina_v6	marker_blocks	CAMK2A			1	0					0	0		0	S3_no_corpus_support	retina	A	EPMC eye-hits=202
retina_v6	marker_blocks	CAMKV			1	0					0	0		0	S3_no_corpus_support	retina	A	EPMC eye-hits=21
retina_v6	marker_blocks	CHRM2			1	0					3	2	32319662,34783308	0	S2_gene_in_corpus	retina	C	C_mid; link in-corpus pmids → 32319662
retina_v6	marker_blocks	CLIC6	39385205		1	1			39385205		12	3	42055007,40136389,33072724	0	S2_gene_in_corpus	retina	C	C_mid; link in-corpus pmids → 42055007,33072724
retina_v6	marker_blocks	CMYA5			1	0					0	0		0	S3_no_corpus_support	retina	A	EPMC eye-hits=14
retina_v6	marker_blocks	COL19A1			0	0					0	0		0	S3_no_corpus_support	retina	A	EPMC eye-hits=27
retina_v6	marker_blocks	CPNE5			0	0					0	0		0	S3_no_corpus_support	retina	A	EPMC eye-hits=19
retina_v6	marker_blocks	DCC			1	0					31	18	37547228,32761139,40940733,39117640,32319662	0	S2_gene_in_corpus	retina	C	C_strong; link in-corpus pmids → 41960189,39117640,37773257,41810892,33816648
retina_v6	marker_blocks	DGKB			1	0					0	0		0	S3_no_corpus_support	retina	A	EPMC eye-hits=37
retina_v6	marker_blocks	DOCK10			1	0					0	0		0	S3_no_corpus_support	retina	A	EPMC eye-hits=19
retina_v6	marker_blocks	EYA4			0	0					7	2	42450352,36750914	0	S2_gene_in_corpus	retina	C	C_mid; link in-corpus pmids → 36750914
retina_v6	marker_blocks	FAM107B			0	0					0	0		0	S3_no_corpus_support	retina	A	EPMC eye-hits=14
retina_v6	marker_blocks	FAM135A			0	0					2	1	42589107	0	S2_gene_in_corpus	retina	A	S2 mention ctx-mismatch; EPMC eye-lit exists
retina_v6	marker_blocks	FAM171B			1	0					0	0		0	S3_no_corpus_support	retina	A	EPMC eye-hits=10
retina_v6	marker_blocks	FBXL7			1	0					3	1	39732756	0	S2_gene_in_corpus	retina	A	S2 mention ctx-mismatch; EPMC eye-lit exists
retina_v6	marker_blocks	FGF13			1	0					9	3	40423739,28680125,39324238	0	S2_gene_in_corpus	retina	C	C_mid; link in-corpus pmids → 39324238,28680125
retina_v6	marker_blocks	FRMPD4			1	0					1	1	39324238	0	S2_gene_in_corpus	retina	C	C_mid; link in-corpus pmids → 39324238
retina_v6	marker_blocks	GABRA2			1	0					3	1	37880369	0	S2_gene_in_corpus	retina	C	C_mid; link in-corpus pmids → 37880369
retina_v6	marker_blocks	GABRA3			1	0					1	1	37773257	0	S2_gene_in_corpus	retina	C	C_mid; link in-corpus pmids → 37773257
retina_v6	marker_blocks	GABRA5			1	0					0	0		0	S3_no_corpus_support	retina	A	EPMC eye-hits=84
retina_v6	marker_blocks	GABRG1			0	0					1	1	38816767	0	S2_gene_in_corpus	retina	C	C_mid; link in-corpus pmids → 38816767
retina_v6	marker_blocks	GABRR1			1	0					6	2	40423739,40820958	0	S2_gene_in_corpus	retina	C	C_mid; link in-corpus pmids → 40820958
retina_v6	marker_blocks	GABRR2			1	0					6	2	40820958,34638582	0	S2_gene_in_corpus	retina	C	C_mid; link in-corpus pmids → 40820958,34638582
retina_v6	marker_blocks	GAD1			1	0					33	22	32946783,37794584,34445064,33393903,32023475	73	S2_gene_in_corpus	retina	C	C_strong; link in-corpus pmids → 33665228,37773257,35212809,33393903,34445064
retina_v6	marker_blocks	GAD2			1	0					26	14	42080790,34445064,38089586,33393903,40137771	51	S2_gene_in_corpus	retina	C	C_strong; link in-corpus pmids → 40054472,38089586,33393903,34445064,37686457
retina_v6	marker_blocks	GFAP			1	0					1535	475	41354925,32946783,34830490,36577373,37794584	2078	S2_gene_in_corpus	retina	C	C_strong; link in-corpus pmids → 35619185,PPR_PPR289133,36544284,41787550,33027920
retina_v6	marker_blocks	GFRA2			1	0					0	0		0	S3_no_corpus_support	retina	A	EPMC eye-hits=67
retina_v6	marker_blocks	GJA10			1	0					0	0		0	S3_no_corpus_support	retina	A	EPMC eye-hits=63
retina_v6	marker_blocks	GPR179	42124641		1	1			42124641		6	4	33673358,32937137,32973430,41152974	0	S2_gene_in_corpus	retina	C	C_strong; link in-corpus pmids → 41152974,33673358,32973430,32937137
retina_v6	marker_blocks	GRIK1			0	0					23	16	32946783,33393903,36277849,35594404,33934486	0	S2_gene_in_corpus	retina	C	C_strong; link in-corpus pmids → 33934486,38705389,32946783,37746666,35594404
retina_v6	marker_blocks	GRIK2			0	0					9	3	35241647,39737973,35685368	0	S2_gene_in_corpus	retina	C	C_strong; link in-corpus pmids → 35685368,35241647,39737973
retina_v6	marker_blocks	GRIN3A			1	0					1	1	36332025	0	S2_gene_in_corpus	retina	C	C_mid; link in-corpus pmids → 36332025
retina_v6	marker_blocks	GRM5			0	0					3	1	35627267	0	S2_gene_in_corpus	retina	A	S2 mention ctx-mismatch; EPMC eye-lit exists
retina_v6	marker_blocks	GRM6			1	0					24	19	33673358,37794584,34445064,38048222,33393903	60	S2_gene_in_corpus	retina	C	C_strong; link in-corpus pmids → 38705389,33665228,33393903,34445064,37794584
retina_v6	marker_blocks	GRM7			0	0					1	1	42437121	0	S2_gene_in_corpus	retina	A	S2 mention ctx-mismatch; EPMC eye-lit exists
retina_v6	marker_blocks	GRM8			1	0					6	3	39737973,39574940,37741839	0	S2_gene_in_corpus	retina	C	C_strong; link in-corpus pmids → 39574940,37741839,39737973
retina_v6	marker_blocks	HMGCS2	38749583		0	1			38749583		12	5	33654266,38528525,37289546,34321516,41963383	0	S2_gene_in_corpus	retina	C	C_strong; link in-corpus pmids → 38528525,37289546,34321516,33654266,41963383
retina_v6	marker_blocks	HS3ST4			0	0					0	0		0	S3_no_corpus_support	retina	A	EPMC eye-hits=10
retina_v6	marker_blocks	IGF1			1	0					155	66	34769520,40423739,34638643,34420069,34209272	0	S2_gene_in_corpus	retina	C	C_strong; link in-corpus pmids → 36645183,36231108,34207050,41424614,34809716
retina_v6	marker_blocks	IGSF21			1	0					0	0		0	S3_no_corpus_support	retina	A	EPMC eye-hits=18
retina_v6	marker_blocks	ISL1			1	0					120	45	40239758,35584663,34445064,36778138,41996242	289	S2_gene_in_corpus	retina	C	C_strong; link in-corpus pmids → 35705015,38101398,34055784,37665325,37773257
retina_v6	marker_blocks	ITGA11			0	0					10	6	41636427,42278218,36980168,42620929,42063159	0	S2_gene_in_corpus	retina	C	C_mid; link in-corpus pmids → 42063159
retina_v6	marker_blocks	KHDRBS3			1	0					0	0		0	S3_no_corpus_support	retina	A	EPMC eye-hits=29
retina_v6	marker_blocks	LHX1			0	0					27	18	32946783,34440692,33393903,40137771,32937137	0	S2_gene_in_corpus	retina	C	C_strong; link in-corpus pmids → 38670973,32946783,37773257,35212809,33393903
retina_v6	marker_blocks	LRAT			1	0					91	37	33673358,42080790,42510807,38334673,37507467	119	S2_gene_in_corpus	retina	C	C_strong; link in-corpus pmids → 33934486,36142331,35882847,36899910,41424614
retina_v6	marker_blocks	LRRN3			0	0					1	1	35298655	0	S2_gene_in_corpus	retina	C	C_mid; link in-corpus pmids → 35298655
retina_v6	marker_blocks	MCC			0	0					56	19	40531615,42450352,42589107,41301852,39936988	0	S2_gene_in_corpus	retina	C	C_strong; link in-corpus pmids → 41366246,41565785,36077073,41301852,40531615
retina_v6	marker_blocks	MEGF11			1	0					5	2	32620864,39574940	0	S2_gene_in_corpus	retina	C	C_mid; link in-corpus pmids → 39574940,32620864
retina_v6	marker_blocks	MFRP	40228796		1	1			40228796		15	9	33673358,41304743,34207050,32339198,41746734	0	S2_gene_in_corpus	retina	C	C_strong; link in-corpus pmids → 34207050,41746734,PPR_PPR1061856,39759766,36088481
retina_v6	marker_blocks	MFSD4A			1	0					0	0		0	S3_no_corpus_support	retina	B_scarce_1_5	EPMC eye-hits=5
retina_v6	marker_blocks	NAALAD2			0	0					1	1	42652099	0	S2_gene_in_corpus	retina	C	C_mid; link in-corpus pmids → 42652099
retina_v6	marker_blocks	NEFL			1	0					43	26	32946783,38510120,34445064,36778138,32023475	70	S2_gene_in_corpus	retina	C	C_strong; link in-corpus pmids → 41972858,38670973,38101398,37773257,35212809
retina_v6	marker_blocks	NETO1			1	0					10	7	34445064,37388908,40660409,39592612,37773257	0	S2_gene_in_corpus	retina	C	C_strong; link in-corpus pmids → 40054472,37773257,34445064,39592612,39574940
retina_v6	marker_blocks	NPHS1			0	0					4	2	35023829,31769495	0	S2_gene_in_corpus	retina	C	C_mid; link in-corpus pmids → 31769495
retina_v6	marker_blocks	OLFM3			1	0					21	3	42437121,42600003,35298655	0	S2_gene_in_corpus	retina	C	C_mid; link in-corpus pmids → 42600003,35298655
retina_v6	marker_blocks	ONECUT1			1	0					52	28	32946783,37794584,40531615,38510120,34445064	120	S2_gene_in_corpus	retina	C	C_strong; link in-corpus pmids → 38670973,35212809,34445064,37794584,37017569
retina_v6	marker_blocks	ONECUT2			1	0					32	21	38510120,34445064,32023475,32111086,39117640	66	S2_gene_in_corpus	retina	C	C_strong; link in-corpus pmids → 38670973,38101398,34055784,35212809,34445064
retina_v6	marker_blocks	ONECUT3			1	0					11	8	38510120,34445064,33393903,39117640,32347797	11	S2_gene_in_corpus	retina	C	C_strong; link in-corpus pmids → 38670973,39117640,33393903,34445064,32347797
retina_v6	marker_blocks	OR51E2	36167259		0	1			36167259		14	1	29249973	0	S2_gene_in_corpus	retina	C	C_mid; link in-corpus pmids → 29249973
retina_v6	marker_blocks	PCSK6			1	0					0	0		0	S3_no_corpus_support	retina	A	EPMC eye-hits=34
retina_v6	marker_blocks	PDE1A			1	0					7	2	35659263,33934486	0	S2_gene_in_corpus	retina	C	C_mid; link in-corpus pmids → 33934486,35659263
retina_v6	marker_blocks	PLXDC1			1	0					10	3	40423739,34445064,39728690	0	S2_gene_in_corpus	retina	C	C_mid; link in-corpus pmids → 39728690,34445064
retina_v6	marker_blocks	POU4F1			1	0					58	23	34209272,34445064,38048222,41996242,32023475	149	S2_gene_in_corpus	retina	C	C_strong; link in-corpus pmids → 37773257,34445064,37540379,37017569,41595581
retina_v6	marker_blocks	POU4F2			1	0					114	38	32946783,41467179,37671011,36778138,41996242	262	S2_gene_in_corpus	retina	C	C_strong; link in-corpus pmids → 35705015,38101398,34055784,37665325,37773257
retina_v6	marker_blocks	PRKCA			0	0					36	22	32946783,33393903,40137771,32937137,36277849	0	S2_gene_in_corpus	retina	C	C_strong; link in-corpus pmids → 33665228,33393903,35752290,40425564,41595581
retina_v6	marker_blocks	PRSS56	29561967		0	1			29561967		6	5	36280537,35315776,41746734,37691820,39759766	0	S2_gene_in_corpus	retina	C	C_strong; link in-corpus pmids → 41746734,37691820,35315776,39759766
retina_v6	marker_blocks	PTPRK			1	0					2	1	35517867	0	S2_gene_in_corpus	retina	A	S2 mention ctx-mismatch; EPMC eye-lit exists
retina_v6	marker_blocks	RAPGEF5			1	0					0	0		0	S3_no_corpus_support	retina	A	EPMC eye-hits=23
retina_v6	marker_blocks	RASGRF1			0	0					3	2	36750914,41477839	0	S2_gene_in_corpus	retina	C	C_mid; link in-corpus pmids → 41477839,36750914
retina_v6	marker_blocks	RBPMS			1	0					629	206	32946783,34830490,39514271,41283752,36594396	905	S2_gene_in_corpus	retina	C	C_strong; link in-corpus pmids → 35619185,PPR_PPR406177,39695101,37735444,36261683
retina_v6	marker_blocks	RDH5			1	0					56	27	33673358,40239758,37388919,37507467,34668483	71	S2_gene_in_corpus	retina	C	C_strong; link in-corpus pmids → 33934486,36899910,35297555,40552921,41632798
retina_v6	marker_blocks	RLBP1			1	0					206	85	33673358,32946783,37794584,37545752,40723812	310	S2_gene_in_corpus	retina	C	C_strong; link in-corpus pmids → 38670973,33307245,35297555,37339216,40552921
retina_v6	marker_blocks	RPE65			1	0					868	319	39433211,33673358,32946783,40239758,34830490	1122	S2_gene_in_corpus	retina	C	C_strong; link in-corpus pmids → 41528844,37528478,36408112,36645183,38528525
retina_v6	marker_blocks	S100B			1	0					75	24	34769520,36756614,34445064,40820958,41088409	0	S2_gene_in_corpus	retina	C	C_strong; link in-corpus pmids → 35859009,37773257,34445064,39461953,36977817
retina_v6	marker_blocks	SAMSN1			1	0					2	1	35280984	0	S2_gene_in_corpus	retina	A	S2 mention ctx-mismatch; EPMC eye-lit exists
retina_v6	marker_blocks	SCN3B			1	0					1	1	37773257	0	S2_gene_in_corpus	retina	C	C_mid; link in-corpus pmids → 37773257
retina_v6	marker_blocks	SDK1			0	0					5	4	37794584,33393903,42600003,37603353	0	S2_gene_in_corpus	retina	C	C_strong; link in-corpus pmids → 42600003,33393903,37794584
retina_v6	marker_blocks	SESTD1			1	0					0	0		0	S3_no_corpus_support	retina	A	EPMC eye-hits=56
retina_v6	marker_blocks	SHISA6			0	0					1	1	35858321	0	S2_gene_in_corpus	retina	A	S2 mention ctx-mismatch; EPMC eye-lit exists
retina_v6	marker_blocks	SLC17A6			1	0					15	10	32946783,37794584,34445064,40660409,39737973	38	S2_gene_in_corpus	retina	C	C_strong; link in-corpus pmids → 32946783,34445064,37540379,37794584,38214685
retina_v6	marker_blocks	SLC4A3			1	0					0	0		0	S3_no_corpus_support	retina	A	EPMC eye-hits=67
retina_v6	marker_blocks	SLC6A9			1	0					19	12	32946783,37794584,36277849,42600003,40660409	46	S2_gene_in_corpus	retina	C	C_strong; link in-corpus pmids → 32946783,35095414,42600003,37794584,38214685
retina_v6	marker_blocks	SPHKAP			0	0					1	1	40250432	0	S2_gene_in_corpus	retina	C	C_mid; link in-corpus pmids → 40250432
retina_v6	marker_blocks	TACR3			0	0					4	3	32937137,33665228,41731009	0	S2_gene_in_corpus	retina	C	C_strong; link in-corpus pmids → 33665228,41731009,32937137
retina_v6	marker_blocks	TFAP2A			1	0					70	41	32946783,34445064,40706588,33393903,32023475	135	S2_gene_in_corpus	retina	C	C_strong; link in-corpus pmids → 36645183,41366246,34809716,38670973,38101398
retina_v6	marker_blocks	TFAP2C			1	0					14	7	37665325,40813888,40999359,37773257,37856539	0	S2_gene_in_corpus	retina	C	C_strong; link in-corpus pmids → 37773257,37665325,37017569
retina_v6	marker_blocks	TMEM132C			0	0					0	0		0	S3_no_corpus_support	retina	A	EPMC eye-hits=11
retina_v6	marker_blocks	TMEM196			0	0					0	0		0	S3_no_corpus_support	retina	A	EPMC eye-hits=6
retina_v6	marker_blocks	TMEM215			1	0					5	4	34445064,39592612,37017569,34434927	0	S2_gene_in_corpus	retina	C	C_strong; link in-corpus pmids → 39592612,37017569,34434927,34445064
retina_v6	marker_blocks	TNC			0	1					52	24	34439995,34440692,40136389,41851243,36012314	0	S2_gene_in_corpus	retina	C	C_strong; link in-corpus pmids → 36012314,34072522,41810892,34439995,35365237
retina_v6	marker_blocks	TNR			1	0					21	4	40136389,40660409,39737973,40287480	0	S2_gene_in_corpus	retina	C	C_mid; link in-corpus pmids → 40660409,39737973
retina_v6	marker_blocks	TPM3			1	0					5	3	34445064,41571675,33572787	0	S2_gene_in_corpus	retina	C	C_strong; link in-corpus pmids → 41571675,33572787,34445064
retina_v6	marker_blocks	TRPM1			1	0					69	35	33673358,32946783,37388919,34420069,34445064	0	S2_gene_in_corpus	retina	C	C_strong; link in-corpus pmids → 38999396,35030321,38705389,38670973,35298655
retina_v6	marker_blocks	TTR			1	0					86	27	34439995,30673862,34445064,36778138,33036197	100	S2_gene_in_corpus	retina	C	C_strong; link in-corpus pmids → 36408112,35705015,33934486,36231108,36142331
retina_v6	marker_blocks	UCHL1	24449362		0	1			24449362		39	8	34769520,42149027,32987810,42666080,39952952	0	S2_gene_in_corpus	retina	C	C_strong; link in-corpus pmids → 33572787,42666080,32987810
retina_v6	marker_blocks	VAT1L			0	0					1	1	32946783	0	S2_gene_in_corpus	retina	C	C_mid; link in-corpus pmids → 32946783
retina_v6	marker_blocks	VSX1			1	0					38	24	32946783,38510120,34445064,32023475,32111086	0	S2_gene_in_corpus	retina	C	C_strong; link in-corpus pmids → 36645183,38670973,34055784,34445064,36331259
retina_v6	marker_blocks	VSX2			1	0					360	109	32946783,36386870,34420069,34209272,41317324	637	S2_gene_in_corpus	retina	C	C_strong; link in-corpus pmids → 41366246,34750957,36231108,35705015,32231223
retina_v6	marker_blocks	WFDC1			1	0					8	7	32946783,41528844,38334673,33307245,31712411	0	S2_gene_in_corpus	retina	C	C_strong; link in-corpus pmids → 36645183,41528844,38334673,33307245,36830851
retina_v6	marker_blocks	ZFPM2			0	0					7	4	42450352,39117640,41071877,35805085	0	S2_gene_in_corpus	retina	C	C_mid; link in-corpus pmids → 39117640
retina_v6	marker_blocks	ZNF804B			0	0					0	0		0	S3_no_corpus_support	retina	A	EPMC eye-hits=9
retina_v6	microglia_repair	AIF1			1	0					42	26	35280984,32946783,37794584,35806438,42666080	0	S2_gene_in_corpus	retina	C	C_strong; link in-corpus pmids → 40994539,35212809,40126507,31712411,35806438
retina_v6	microglia_repair	CLEC1A			1	1					0	0		0	S3_no_corpus_support	retina	A	EPMC eye-hits=10
retina_v6	microglia_repair	CLEC7A			1	1					4	4	37658939,41552884,34100385,37099020	0	S2_gene_in_corpus	retina	C	C_mid; link in-corpus pmids → 34100385,37099020
retina_v6	microglia_repair	CX3CR1			1	0					218	67	32946783,37794584,36756614,39514271,34445064	0	S2_gene_in_corpus	retina	C	C_strong; link in-corpus pmids → 35309305,33585455,37605279,40882639,36662852
retina_v6	microglia_repair	CYTH4			1	1					0	0		0	S3_no_corpus_support	retina	B_scarce_1_5	EPMC eye-hits=4
retina_v6	microglia_repair	FCER1G			1	0					6	2	35280984,41651377	0	S2_gene_in_corpus	retina	A	S2 mention ctx-mismatch; EPMC eye-lit exists
retina_v6	microglia_repair	GPR34			1	0					0	0		0	S3_no_corpus_support	retina	A	EPMC eye-hits=78
retina_v6	microglia_repair	IRF8			1	0					24	10	39324238,36498991,35922863,34544421,41601638	0	S2_gene_in_corpus	retina	C	C_strong; link in-corpus pmids → 34544421,41071880,35922863,39324238,34628463
retina_v6	microglia_repair	ITGAX	41665199		1	1			41665199		16	9	37794584,42666080,33187533,42756340,35181781	0	S2_gene_in_corpus	retina	C	C_strong; link in-corpus pmids → 41810892,42756340,42666080,37794584,36077073
retina_v6	microglia_repair	LILRB2	41349939		1	1			41349939		0	0		0	S3_no_corpus_support	retina	A	cited chain PMID(s) absent/ghost in corpus
retina_v6	microglia_repair	OLR1	40153135		1	1			40153135		7	2	37389178,42589107	0	S2_gene_in_corpus	retina	A	S2 mention ctx-mismatch; EPMC eye-lit exists
retina_v6	microglia_repair	P2RY12			1	0					57	24	37794584,39514271,39340587,38564108,40994539	0	S2_gene_in_corpus	retina	C	C_strong; link in-corpus pmids → 40994539,34544421,35309305,37838654,39340587
retina_v6	microglia_repair	PIK3R5			1	1					0	0		0	S3_no_corpus_support	retina	A	EPMC eye-hits=43
retina_v6	microglia_repair	SALL1			1	0					6	4	41516321,34544421,41270749,34613793	0	S2_gene_in_corpus	retina	C	C_strong; link in-corpus pmids → 34544421,41516321,41270749
retina_v6	microglia_repair	SIGLEC11			1	0					0	0		0	S3_no_corpus_support	retina	A	EPMC eye-hits=15
retina_v6	microglia_repair	TAL1	28696901		1	1			28696901		3	3	38510120,34249924,38670973	0	S2_gene_in_corpus	retina	C	C_mid; link in-corpus pmids → 38670973,38510120
retina_v6	microglia_repair	TMEM119			1	0					76	33	37794584,39514271,35789843,37217935,36076283	0	S2_gene_in_corpus	retina	C	C_strong; link in-corpus pmids → 40994539,34544421,35309305,36644817,38289348
retina_v6	microglia_repair	TYROBP			1	0					13	8	35280984,32450896,40660409,40576432,40025497	45	S2_gene_in_corpus	retina	C	C_strong; link in-corpus pmids → 32450896,40025497,36077073,40660409
retina_v6	subtype_anchor_layer	CHAT		41037735	1	1					42	19	37794584,34420069,42080790,41996242,33393903	0	S2_gene_in_corpus	retina	C	C_strong; link in-corpus pmids → 40082403,33393903,37794584,39574940,36816119
retina_v6	subtype_anchor_layer	SLC5A7	33393903		1	1	33393903				5	2	33393903,42600003	0	S1_chain_covered	retina	COVERED	chain PMID in-corpus with chunks
retina_v6	subtype_anchor_layer	VIP	38087179		0	1			38087179		134	53	30673862,32075760,37637086,36277849,38529484	0	S2_gene_in_corpus	retina	C	C_strong; link in-corpus pmids → 41424614,40233131,37582959,39574940,36277849
